request_id,selected_mode,task_id,task_type,device,start_us,finish_us
0,fixed_manifest,patch_embedding,patch_embedding,GPU,0.0,151.50688000000002
0,fixed_manifest,token_embedding,token_and_position_embedding,GPU,151.50688000000002,169.85408
0,fixed_manifest,block_00_norm1,layer_norm,GPU,169.85408,191.98368000000002
0,fixed_manifest,block_00_qkv,linear_qkv,GPU,191.98368000000002,634.7161600000001
0,fixed_manifest,block_00_attention,self_attention,GPU,634.7161600000001,790.7427200000001
0,fixed_manifest,block_00_proj,linear_projection,GPU,790.7427200000001,942.98688
0,fixed_manifest,block_00_residual1,residual_add,GPU,942.98688,961.33408
0,fixed_manifest,block_00_norm2,layer_norm,GPU,961.33408,983.4636800000001
0,fixed_manifest,block_00_ffn_island,fused_ffn_island,FPGA,1142.2284800000002,1474.9760000000003
0,fixed_manifest,block_00_residual2,residual_add,GPU,1633.7408000000003,1652.0880000000004
0,fixed_manifest,block_01_norm1,layer_norm,GPU,1652.0880000000004,1674.2176000000004
0,fixed_manifest,block_01_qkv,linear_qkv,GPU,1674.2176000000004,2116.9500800000005
0,fixed_manifest,block_01_attention,self_attention,GPU,2116.9500800000005,2272.9766400000003
0,fixed_manifest,block_01_proj,linear_projection,GPU,2272.9766400000003,2425.2208000000005
0,fixed_manifest,block_01_residual1,residual_add,GPU,2425.2208000000005,2443.568
0,fixed_manifest,block_01_norm2,layer_norm,GPU,2443.568,2465.6976
0,fixed_manifest,block_01_ffn_island,fused_ffn_island,FPGA,2624.4624,2957.20992
0,fixed_manifest,block_01_residual2,residual_add,GPU,3115.9747199999997,3134.3219199999994
0,fixed_manifest,block_02_norm1,layer_norm,GPU,3134.3219199999994,3156.4515199999996
0,fixed_manifest,block_02_qkv,linear_qkv,GPU,3156.4515199999996,3599.1839999999993
0,fixed_manifest,block_02_attention,self_attention,GPU,3599.1839999999993,3755.210559999999
0,fixed_manifest,block_02_proj,linear_projection,GPU,3755.210559999999,3907.4547199999993
0,fixed_manifest,block_02_residual1,residual_add,GPU,3907.4547199999993,3925.8019199999994
0,fixed_manifest,block_02_norm2,layer_norm,GPU,3925.8019199999994,3947.9315199999996
0,fixed_manifest,block_02_ffn_island,fused_ffn_island,FPGA,4106.69632,4439.443840000001
0,fixed_manifest,block_02_residual2,residual_add,GPU,4598.208640000002,4616.555840000002
0,fixed_manifest,block_03_norm1,layer_norm,GPU,4616.555840000002,4638.685440000002
0,fixed_manifest,block_03_qkv,linear_qkv,GPU,4638.685440000002,5081.417920000002
0,fixed_manifest,block_03_attention,self_attention,GPU,5081.417920000002,5237.444480000002
0,fixed_manifest,block_03_proj,linear_projection,GPU,5237.444480000002,5389.688640000002
0,fixed_manifest,block_03_residual1,residual_add,GPU,5389.688640000002,5408.035840000002
0,fixed_manifest,block_03_norm2,layer_norm,GPU,5408.035840000002,5430.1654400000025
0,fixed_manifest,block_03_ffn_island,fused_ffn_island,FPGA,5588.930240000003,5921.677760000003
0,fixed_manifest,block_03_residual2,residual_add,GPU,6080.442560000004,6098.789760000004
0,fixed_manifest,block_04_norm1,layer_norm,GPU,6098.789760000004,6120.919360000004
0,fixed_manifest,block_04_qkv,linear_qkv,GPU,6120.919360000004,6563.651840000005
0,fixed_manifest,block_04_attention,self_attention,GPU,6563.651840000005,6719.678400000004
0,fixed_manifest,block_04_proj,linear_projection,GPU,6719.678400000004,6871.9225600000045
0,fixed_manifest,block_04_residual1,residual_add,GPU,6871.9225600000045,6890.269760000005
0,fixed_manifest,block_04_norm2,layer_norm,GPU,6890.269760000005,6912.399360000005
0,fixed_manifest,block_04_ffn_island,fused_ffn_island,FPGA,7071.164160000006,7403.911680000006
0,fixed_manifest,block_04_residual2,residual_add,GPU,7562.676480000006,7581.023680000007
0,fixed_manifest,block_05_norm1,layer_norm,GPU,7581.023680000007,7603.153280000007
0,fixed_manifest,block_05_qkv,linear_qkv,GPU,7603.153280000007,8045.8857600000065
0,fixed_manifest,block_05_attention,self_attention,GPU,8045.8857600000065,8201.912320000007
0,fixed_manifest,block_05_proj,linear_projection,GPU,8201.912320000007,8354.156480000007
0,fixed_manifest,block_05_residual1,residual_add,GPU,8354.156480000007,8372.503680000005
0,fixed_manifest,block_05_norm2,layer_norm,GPU,8372.503680000005,8394.633280000005
0,fixed_manifest,block_05_ffn_island,fused_ffn_island,FPGA,8553.398080000004,8886.145600000003
0,fixed_manifest,block_05_residual2,residual_add,GPU,9044.910400000002,9063.257600000003
0,fixed_manifest,block_06_norm1,layer_norm,GPU,9063.257600000003,9085.387200000003
0,fixed_manifest,block_06_qkv,linear_qkv,GPU,9085.387200000003,9528.119680000002
0,fixed_manifest,block_06_attention,self_attention,GPU,9528.119680000002,9684.146240000002
0,fixed_manifest,block_06_proj,linear_projection,GPU,9684.146240000002,9836.390400000002
0,fixed_manifest,block_06_residual1,residual_add,GPU,9836.390400000002,9854.737600000002
0,fixed_manifest,block_06_norm2,layer_norm,GPU,9854.737600000002,9876.867200000002
1,fixed_manifest,patch_embedding,patch_embedding,GPU,10000.0,10151.50688
0,fixed_manifest,block_06_ffn_island,fused_ffn_island,FPGA,10035.632000000001,10368.37952
1,fixed_manifest,token_embedding,token_and_position_embedding,GPU,10151.50688,10169.854080000001
1,fixed_manifest,block_00_norm1,layer_norm,GPU,10169.854080000001,10191.983680000001
1,fixed_manifest,block_00_qkv,linear_qkv,GPU,10191.983680000001,10634.71616
0,fixed_manifest,block_06_residual2,residual_add,GPU,10634.71616,10653.06336
1,fixed_manifest,block_00_attention,self_attention,GPU,10653.06336,10809.089919999999
0,fixed_manifest,block_07_norm1,layer_norm,GPU,10809.089919999999,10831.219519999999
1,fixed_manifest,block_00_proj,linear_projection,GPU,10831.219519999999,10983.463679999999
0,fixed_manifest,block_07_qkv,linear_qkv,GPU,10983.463679999999,11426.19616
1,fixed_manifest,block_00_residual1,residual_add,GPU,11426.19616,11444.543359999998
0,fixed_manifest,block_07_attention,self_attention,GPU,11444.543359999998,11600.569919999998
1,fixed_manifest,block_00_norm2,layer_norm,GPU,11600.569919999998,11622.699519999998
0,fixed_manifest,block_07_proj,linear_projection,GPU,11622.699519999998,11774.943679999998
0,fixed_manifest,block_07_residual1,residual_add,GPU,11774.943679999998,11793.290879999999
1,fixed_manifest,block_00_ffn_island,fused_ffn_island,FPGA,11781.464319999997,12114.211839999996
0,fixed_manifest,block_07_norm2,layer_norm,GPU,11793.290879999999,11815.420479999999
0,fixed_manifest,block_07_ffn_island,fused_ffn_island,FPGA,12114.211839999996,12446.959359999995
1,fixed_manifest,block_00_residual2,residual_add,GPU,12272.976639999995,12291.323839999995
1,fixed_manifest,block_01_norm1,layer_norm,GPU,12291.323839999995,12313.453439999996
1,fixed_manifest,block_01_qkv,linear_qkv,GPU,12313.453439999996,12756.185919999994
0,fixed_manifest,block_07_residual2,residual_add,GPU,12756.185919999994,12774.533119999995
1,fixed_manifest,block_01_attention,self_attention,GPU,12774.533119999995,12930.559679999993
0,fixed_manifest,block_08_norm1,layer_norm,GPU,12930.559679999993,12952.689279999993
1,fixed_manifest,block_01_proj,linear_projection,GPU,12952.689279999993,13104.933439999993
0,fixed_manifest,block_08_qkv,linear_qkv,GPU,13104.933439999993,13547.665919999994
1,fixed_manifest,block_01_residual1,residual_add,GPU,13547.665919999994,13566.013119999992
0,fixed_manifest,block_08_attention,self_attention,GPU,13566.013119999992,13722.039679999993
1,fixed_manifest,block_01_norm2,layer_norm,GPU,13722.039679999993,13744.169279999993
0,fixed_manifest,block_08_proj,linear_projection,GPU,13744.169279999993,13896.413439999993
0,fixed_manifest,block_08_residual1,residual_add,GPU,13896.413439999993,13914.760639999991
1,fixed_manifest,block_01_ffn_island,fused_ffn_island,FPGA,13902.934079999992,14235.68159999999
0,fixed_manifest,block_08_norm2,layer_norm,GPU,13914.760639999991,13936.890239999993
0,fixed_manifest,block_08_ffn_island,fused_ffn_island,FPGA,14235.68159999999,14568.42911999999
1,fixed_manifest,block_01_residual2,residual_add,GPU,14394.44639999999,14412.79359999999
1,fixed_manifest,block_02_norm1,layer_norm,GPU,14412.79359999999,14434.92319999999
1,fixed_manifest,block_02_qkv,linear_qkv,GPU,14434.92319999999,14877.655679999989
0,fixed_manifest,block_08_residual2,residual_add,GPU,14877.655679999989,14896.002879999987
1,fixed_manifest,block_02_attention,self_attention,GPU,14896.002879999987,15052.029439999988
0,fixed_manifest,block_09_norm1,layer_norm,GPU,15052.029439999988,15074.159039999988
1,fixed_manifest,block_02_proj,linear_projection,GPU,15074.159039999988,15226.403199999988
0,fixed_manifest,block_09_qkv,linear_qkv,GPU,15226.403199999988,15669.135679999987
1,fixed_manifest,block_02_residual1,residual_add,GPU,15669.135679999987,15687.482879999989
0,fixed_manifest,block_09_attention,self_attention,GPU,15687.482879999989,15843.50943999999
1,fixed_manifest,block_02_norm2,layer_norm,GPU,15843.50943999999,15865.639039999991
0,fixed_manifest,block_09_proj,linear_projection,GPU,15865.639039999991,16017.88319999999
0,fixed_manifest,block_09_residual1,residual_add,GPU,16017.88319999999,16036.23039999999
1,fixed_manifest,block_02_ffn_island,fused_ffn_island,FPGA,16024.403839999994,16357.151359999993
0,fixed_manifest,block_09_norm2,layer_norm,GPU,16036.23039999999,16058.35999999999
0,fixed_manifest,block_09_ffn_island,fused_ffn_island,FPGA,16357.151359999993,16689.89887999999
1,fixed_manifest,block_02_residual2,residual_add,GPU,16515.916159999993,16534.263359999997
1,fixed_manifest,block_03_norm1,layer_norm,GPU,16534.263359999997,16556.392959999997
1,fixed_manifest,block_03_qkv,linear_qkv,GPU,16556.392959999997,16999.125439999996
0,fixed_manifest,block_09_residual2,residual_add,GPU,16999.125439999996,17017.472639999996
1,fixed_manifest,block_03_attention,self_attention,GPU,17017.472639999996,17173.4992
0,fixed_manifest,block_10_norm1,layer_norm,GPU,17173.4992,17195.6288
1,fixed_manifest,block_03_proj,linear_projection,GPU,17195.6288,17347.872959999997
0,fixed_manifest,block_10_qkv,linear_qkv,GPU,17347.872959999997,17790.605439999996
1,fixed_manifest,block_03_residual1,residual_add,GPU,17790.605439999996,17808.952639999996
0,fixed_manifest,block_10_attention,self_attention,GPU,17808.952639999996,17964.979199999998
1,fixed_manifest,block_03_norm2,layer_norm,GPU,17964.979199999998,17987.108799999998
0,fixed_manifest,block_10_proj,linear_projection,GPU,17987.108799999998,18139.352959999997
0,fixed_manifest,block_10_residual1,residual_add,GPU,18139.352959999997,18157.700159999997
1,fixed_manifest,block_03_ffn_island,fused_ffn_island,FPGA,18145.873600000003,18478.62112
0,fixed_manifest,block_10_norm2,layer_norm,GPU,18157.700159999997,18179.829759999997
0,fixed_manifest,block_10_ffn_island,fused_ffn_island,FPGA,18478.62112,18811.36864
1,fixed_manifest,block_03_residual2,residual_add,GPU,18637.385920000004,18655.733120000004
1,fixed_manifest,block_04_norm1,layer_norm,GPU,18655.733120000004,18677.862720000005
1,fixed_manifest,block_04_qkv,linear_qkv,GPU,18677.862720000005,19120.595200000003
0,fixed_manifest,block_10_residual2,residual_add,GPU,19120.595200000003,19138.942400000004
1,fixed_manifest,block_04_attention,self_attention,GPU,19138.942400000004,19294.968960000006
0,fixed_manifest,block_11_norm1,layer_norm,GPU,19294.968960000006,19317.098560000006
1,fixed_manifest,block_04_proj,linear_projection,GPU,19317.098560000006,19469.342720000004
0,fixed_manifest,block_11_qkv,linear_qkv,GPU,19469.342720000004,19912.075200000003
1,fixed_manifest,block_04_residual1,residual_add,GPU,19912.075200000003,19930.422400000007
0,fixed_manifest,block_11_attention,self_attention,GPU,19930.422400000007,20086.448960000005
1,fixed_manifest,block_04_norm2,layer_norm,GPU,20086.448960000005,20108.578560000005
2,fixed_manifest,patch_embedding,patch_embedding,GPU,20108.578560000005,20260.085440000006
0,fixed_manifest,block_11_proj,linear_projection,GPU,20260.085440000006,20412.329600000005
1,fixed_manifest,block_04_ffn_island,fused_ffn_island,FPGA,20267.34336000001,20600.090880000007
2,fixed_manifest,token_embedding,token_and_position_embedding,GPU,20412.329600000005,20430.676800000005
0,fixed_manifest,block_11_residual1,residual_add,GPU,20430.676800000005,20449.024000000005
2,fixed_manifest,block_00_norm1,layer_norm,GPU,20449.024000000005,20471.153600000005
0,fixed_manifest,block_11_norm2,layer_norm,GPU,20471.153600000005,20493.28320000001
2,fixed_manifest,block_00_qkv,linear_qkv,GPU,20493.28320000001,20936.015680000008
0,fixed_manifest,block_11_ffn_island,fused_ffn_island,FPGA,20679.00512000001,21011.75264000001
1,fixed_manifest,block_04_residual2,residual_add,GPU,20936.015680000008,20954.362880000008
2,fixed_manifest,block_00_attention,self_attention,GPU,20954.362880000008,21110.38944000001
1,fixed_manifest,block_05_norm1,layer_norm,GPU,21110.38944000001,21132.51904000001
2,fixed_manifest,block_00_proj,linear_projection,GPU,21132.51904000001,21284.76320000001
1,fixed_manifest,block_05_qkv,linear_qkv,GPU,21284.76320000001,21727.495680000007
0,fixed_manifest,block_11_residual2,residual_add,GPU,21727.495680000007,21745.842880000007
2,fixed_manifest,block_00_residual1,residual_add,GPU,21745.842880000007,21764.190080000008
1,fixed_manifest,block_05_attention,self_attention,GPU,21764.190080000008,21920.21664000001
0,fixed_manifest,final_norm,layer_norm,GPU,21920.21664000001,21942.34624000001
2,fixed_manifest,block_00_norm2,layer_norm,GPU,21942.34624000001,21964.47584000001
1,fixed_manifest,block_05_proj,linear_projection,GPU,21964.47584000001,22116.72000000001
0,fixed_manifest,class_token_select,class_token_select,GPU,22116.72000000001,22123.75840000001
2,fixed_manifest,block_00_ffn_island,fused_ffn_island,FPGA,22123.240640000015,22455.98816000001
1,fixed_manifest,block_05_residual1,residual_add,GPU,22123.75840000001,22142.10560000001
0,fixed_manifest,classifier,linear_classifier,GPU,22142.10560000001,22150.065600000013
1,fixed_manifest,block_05_norm2,layer_norm,GPU,22150.065600000013,22172.195200000013
1,fixed_manifest,block_05_ffn_island,fused_ffn_island,FPGA,22455.98816000001,22788.735680000013
2,fixed_manifest,block_00_residual2,residual_add,GPU,22614.752960000016,22633.100160000016
2,fixed_manifest,block_01_norm1,layer_norm,GPU,22633.100160000016,22655.229760000017
2,fixed_manifest,block_01_qkv,linear_qkv,GPU,22655.229760000017,23097.962240000015
1,fixed_manifest,block_05_residual2,residual_add,GPU,23097.962240000015,23116.309440000015
2,fixed_manifest,block_01_attention,self_attention,GPU,23116.309440000015,23272.336000000018
1,fixed_manifest,block_06_norm1,layer_norm,GPU,23272.336000000018,23294.465600000018
2,fixed_manifest,block_01_proj,linear_projection,GPU,23294.465600000018,23446.709760000016
1,fixed_manifest,block_06_qkv,linear_qkv,GPU,23446.709760000016,23889.44224000002
2,fixed_manifest,block_01_residual1,residual_add,GPU,23889.44224000002,23907.78944000002
1,fixed_manifest,block_06_attention,self_attention,GPU,23907.78944000002,24063.81600000002
2,fixed_manifest,block_01_norm2,layer_norm,GPU,24063.81600000002,24085.94560000002
1,fixed_manifest,block_06_proj,linear_projection,GPU,24085.94560000002,24238.18976000002
1,fixed_manifest,block_06_residual1,residual_add,GPU,24238.18976000002,24256.53696000002
2,fixed_manifest,block_01_ffn_island,fused_ffn_island,FPGA,24244.71040000002,24577.457920000023
1,fixed_manifest,block_06_norm2,layer_norm,GPU,24256.53696000002,24278.66656000002
1,fixed_manifest,block_06_ffn_island,fused_ffn_island,FPGA,24577.457920000023,24910.20544000002
2,fixed_manifest,block_01_residual2,residual_add,GPU,24736.222720000023,24754.569920000024
2,fixed_manifest,block_02_norm1,layer_norm,GPU,24754.569920000024,24776.699520000024
2,fixed_manifest,block_02_qkv,linear_qkv,GPU,24776.699520000024,25219.432000000023
1,fixed_manifest,block_06_residual2,residual_add,GPU,25219.432000000023,25237.779200000026
2,fixed_manifest,block_02_attention,self_attention,GPU,25237.779200000026,25393.80576000003
1,fixed_manifest,block_07_norm1,layer_norm,GPU,25393.80576000003,25415.93536000003
2,fixed_manifest,block_02_proj,linear_projection,GPU,25415.93536000003,25568.179520000027
1,fixed_manifest,block_07_qkv,linear_qkv,GPU,25568.179520000027,26010.912000000026
2,fixed_manifest,block_02_residual1,residual_add,GPU,26010.912000000026,26029.259200000026
1,fixed_manifest,block_07_attention,self_attention,GPU,26029.259200000026,26185.285760000028
2,fixed_manifest,block_02_norm2,layer_norm,GPU,26185.285760000028,26207.415360000028
1,fixed_manifest,block_07_proj,linear_projection,GPU,26207.415360000028,26359.659520000027
1,fixed_manifest,block_07_residual1,residual_add,GPU,26359.659520000027,26378.006720000027
2,fixed_manifest,block_02_ffn_island,fused_ffn_island,FPGA,26366.18016000003,26698.92768000003
1,fixed_manifest,block_07_norm2,layer_norm,GPU,26378.006720000027,26400.136320000027
1,fixed_manifest,block_07_ffn_island,fused_ffn_island,FPGA,26698.92768000003,27031.675200000027
2,fixed_manifest,block_02_residual2,residual_add,GPU,26857.69248000003,26876.039680000034
2,fixed_manifest,block_03_norm1,layer_norm,GPU,26876.039680000034,26898.169280000035
2,fixed_manifest,block_03_qkv,linear_qkv,GPU,26898.169280000035,27340.901760000033
1,fixed_manifest,block_07_residual2,residual_add,GPU,27340.901760000033,27359.248960000034
2,fixed_manifest,block_03_attention,self_attention,GPU,27359.248960000034,27515.275520000036
1,fixed_manifest,block_08_norm1,layer_norm,GPU,27515.275520000036,27537.405120000036
2,fixed_manifest,block_03_proj,linear_projection,GPU,27537.405120000036,27689.649280000034
1,fixed_manifest,block_08_qkv,linear_qkv,GPU,27689.649280000034,28132.381760000033
2,fixed_manifest,block_03_residual1,residual_add,GPU,28132.381760000033,28150.728960000033
1,fixed_manifest,block_08_attention,self_attention,GPU,28150.728960000033,28306.755520000035
2,fixed_manifest,block_03_norm2,layer_norm,GPU,28306.755520000035,28328.885120000035
1,fixed_manifest,block_08_proj,linear_projection,GPU,28328.885120000035,28481.129280000034
1,fixed_manifest,block_08_residual1,residual_add,GPU,28481.129280000034,28499.476480000034
2,fixed_manifest,block_03_ffn_island,fused_ffn_island,FPGA,28487.64992000004,28820.397440000037
1,fixed_manifest,block_08_norm2,layer_norm,GPU,28499.476480000034,28521.606080000034
1,fixed_manifest,block_08_ffn_island,fused_ffn_island,FPGA,28820.397440000037,29153.144960000038
2,fixed_manifest,block_03_residual2,residual_add,GPU,28979.16224000004,28997.50944000004
2,fixed_manifest,block_04_norm1,layer_norm,GPU,28997.50944000004,29019.639040000042
2,fixed_manifest,block_04_qkv,linear_qkv,GPU,29019.639040000042,29462.37152000004
1,fixed_manifest,block_08_residual2,residual_add,GPU,29462.37152000004,29480.71872000004
2,fixed_manifest,block_04_attention,self_attention,GPU,29480.71872000004,29636.745280000043
1,fixed_manifest,block_09_norm1,layer_norm,GPU,29636.745280000043,29658.874880000043
2,fixed_manifest,block_04_proj,linear_projection,GPU,29658.874880000043,29811.11904000004
1,fixed_manifest,block_09_qkv,linear_qkv,GPU,29811.11904000004,30253.85152000004
2,fixed_manifest,block_04_residual1,residual_add,GPU,30253.85152000004,30272.198720000044
3,fixed_manifest,patch_embedding,patch_embedding,GPU,30272.198720000044,30423.70560000004
1,fixed_manifest,block_09_attention,self_attention,GPU,30423.70560000004,30579.732160000043
2,fixed_manifest,block_04_norm2,layer_norm,GPU,30579.732160000043,30601.861760000043
3,fixed_manifest,token_embedding,token_and_position_embedding,GPU,30601.861760000043,30620.208960000044
1,fixed_manifest,block_09_proj,linear_projection,GPU,30620.208960000044,30772.453120000042
2,fixed_manifest,block_04_ffn_island,fused_ffn_island,FPGA,30760.626560000044,31093.374080000045
3,fixed_manifest,block_00_norm1,layer_norm,GPU,30772.453120000042,30794.582720000042
1,fixed_manifest,block_09_residual1,residual_add,GPU,30794.582720000042,30812.929920000046
3,fixed_manifest,block_00_qkv,linear_qkv,GPU,30812.929920000046,31255.662400000045
1,fixed_manifest,block_09_norm2,layer_norm,GPU,31255.662400000045,31277.79200000004
2,fixed_manifest,block_04_residual2,residual_add,GPU,31277.79200000004,31296.139200000038
3,fixed_manifest,block_00_attention,self_attention,GPU,31296.139200000038,31452.16576000004
1,fixed_manifest,block_09_ffn_island,fused_ffn_island,FPGA,31436.556800000042,31769.304320000047
2,fixed_manifest,block_05_norm1,layer_norm,GPU,31452.16576000004,31474.295360000036
3,fixed_manifest,block_00_proj,linear_projection,GPU,31474.295360000036,31626.53952000004
2,fixed_manifest,block_05_qkv,linear_qkv,GPU,31626.53952000004,32069.272000000037
3,fixed_manifest,block_00_residual1,residual_add,GPU,32069.272000000037,32087.619200000034
1,fixed_manifest,block_09_residual2,residual_add,GPU,32087.619200000034,32105.966400000034
2,fixed_manifest,block_05_attention,self_attention,GPU,32105.966400000034,32261.992960000032
3,fixed_manifest,block_00_norm2,layer_norm,GPU,32261.992960000032,32284.122560000033
1,fixed_manifest,block_10_norm1,layer_norm,GPU,32284.122560000033,32306.25216000003
2,fixed_manifest,block_05_proj,linear_projection,GPU,32306.25216000003,32458.49632000003
3,fixed_manifest,block_00_ffn_island,fused_ffn_island,FPGA,32442.887360000033,32775.634880000034
1,fixed_manifest,block_10_qkv,linear_qkv,GPU,32458.49632000003,32901.228800000026
2,fixed_manifest,block_05_residual1,residual_add,GPU,32901.228800000026,32919.57600000003
1,fixed_manifest,block_10_attention,self_attention,GPU,32919.57600000003,33075.60256000003
2,fixed_manifest,block_05_norm2,layer_norm,GPU,33075.60256000003,33097.73216000002
3,fixed_manifest,block_00_residual2,residual_add,GPU,33097.73216000002,33116.079360000025
1,fixed_manifest,block_10_proj,linear_projection,GPU,33116.079360000025,33268.32352000003
2,fixed_manifest,block_05_ffn_island,fused_ffn_island,FPGA,33256.496960000026,33589.24448000003
3,fixed_manifest,block_01_norm1,layer_norm,GPU,33268.32352000003,33290.45312000002
1,fixed_manifest,block_10_residual1,residual_add,GPU,33290.45312000002,33308.80032000002
3,fixed_manifest,block_01_qkv,linear_qkv,GPU,33308.80032000002,33751.532800000015
1,fixed_manifest,block_10_norm2,layer_norm,GPU,33751.532800000015,33773.662400000016
2,fixed_manifest,block_05_residual2,residual_add,GPU,33773.662400000016,33792.00960000001
3,fixed_manifest,block_01_attention,self_attention,GPU,33792.00960000001,33948.03616000001
1,fixed_manifest,block_10_ffn_island,fused_ffn_island,FPGA,33932.42720000002,34265.17472000002
2,fixed_manifest,block_06_norm1,layer_norm,GPU,33948.03616000001,33970.16576000001
3,fixed_manifest,block_01_proj,linear_projection,GPU,33970.16576000001,34122.40992000001
2,fixed_manifest,block_06_qkv,linear_qkv,GPU,34122.40992000001,34565.14240000001
3,fixed_manifest,block_01_residual1,residual_add,GPU,34565.14240000001,34583.48960000001
1,fixed_manifest,block_10_residual2,residual_add,GPU,34583.48960000001,34601.836800000005
2,fixed_manifest,block_06_attention,self_attention,GPU,34601.836800000005,34757.86336000001
3,fixed_manifest,block_01_norm2,layer_norm,GPU,34757.86336000001,34779.99296
1,fixed_manifest,block_11_norm1,layer_norm,GPU,34779.99296,34802.12256
2,fixed_manifest,block_06_proj,linear_projection,GPU,34802.12256,34954.366720000005
3,fixed_manifest,block_01_ffn_island,fused_ffn_island,FPGA,34938.75776000001,35271.50528000001
1,fixed_manifest,block_11_qkv,linear_qkv,GPU,34954.366720000005,35397.099200000004
2,fixed_manifest,block_06_residual1,residual_add,GPU,35397.099200000004,35415.4464
1,fixed_manifest,block_11_attention,self_attention,GPU,35415.4464,35571.47296000001
2,fixed_manifest,block_06_norm2,layer_norm,GPU,35571.47296000001,35593.60256
3,fixed_manifest,block_01_residual2,residual_add,GPU,35593.60256,35611.949759999996
1,fixed_manifest,block_11_proj,linear_projection,GPU,35611.949759999996,35764.19392
2,fixed_manifest,block_06_ffn_island,fused_ffn_island,FPGA,35752.367360000004,36085.11488000001
3,fixed_manifest,block_02_norm1,layer_norm,GPU,35764.19392,35786.32352
1,fixed_manifest,block_11_residual1,residual_add,GPU,35786.32352,35804.670719999995
3,fixed_manifest,block_02_qkv,linear_qkv,GPU,35804.670719999995,36247.40319999999
1,fixed_manifest,block_11_norm2,layer_norm,GPU,36247.40319999999,36269.53279999999
2,fixed_manifest,block_06_residual2,residual_add,GPU,36269.53279999999,36287.87999999999
3,fixed_manifest,block_02_attention,self_attention,GPU,36287.87999999999,36443.90655999999
1,fixed_manifest,block_11_ffn_island,fused_ffn_island,FPGA,36428.29759999999,36761.045119999995
2,fixed_manifest,block_07_norm1,layer_norm,GPU,36443.90655999999,36466.03615999999
3,fixed_manifest,block_02_proj,linear_projection,GPU,36466.03615999999,36618.28031999999
2,fixed_manifest,block_07_qkv,linear_qkv,GPU,36618.28031999999,37061.01279999999
3,fixed_manifest,block_02_residual1,residual_add,GPU,37061.01279999999,37079.359999999986
1,fixed_manifest,block_11_residual2,residual_add,GPU,37079.359999999986,37097.70719999998
2,fixed_manifest,block_07_attention,self_attention,GPU,37097.70719999998,37253.73375999998
3,fixed_manifest,block_02_norm2,layer_norm,GPU,37253.73375999998,37275.86335999998
1,fixed_manifest,final_norm,layer_norm,GPU,37275.86335999998,37297.992959999974
2,fixed_manifest,block_07_proj,linear_projection,GPU,37297.992959999974,37450.237119999976
3,fixed_manifest,block_02_ffn_island,fused_ffn_island,FPGA,37434.628159999986,37767.37567999998
1,fixed_manifest,class_token_select,class_token_select,GPU,37450.237119999976,37457.27551999998
2,fixed_manifest,block_07_residual1,residual_add,GPU,37457.27551999998,37475.62271999998
1,fixed_manifest,classifier,linear_classifier,GPU,37475.62271999998,37483.58271999998
2,fixed_manifest,block_07_norm2,layer_norm,GPU,37483.58271999998,37505.71231999998
2,fixed_manifest,block_07_ffn_island,fused_ffn_island,FPGA,37767.37567999998,38100.12319999999
3,fixed_manifest,block_02_residual2,residual_add,GPU,37926.14047999999,37944.487679999984
3,fixed_manifest,block_03_norm1,layer_norm,GPU,37944.487679999984,37966.617279999984
3,fixed_manifest,block_03_qkv,linear_qkv,GPU,37966.617279999984,38409.34975999998
2,fixed_manifest,block_07_residual2,residual_add,GPU,38409.34975999998,38427.69695999998
3,fixed_manifest,block_03_attention,self_attention,GPU,38427.69695999998,38583.72351999998
2,fixed_manifest,block_08_norm1,layer_norm,GPU,38583.72351999998,38605.85311999998
3,fixed_manifest,block_03_proj,linear_projection,GPU,38605.85311999998,38758.09727999998
2,fixed_manifest,block_08_qkv,linear_qkv,GPU,38758.09727999998,39200.82975999998
3,fixed_manifest,block_03_residual1,residual_add,GPU,39200.82975999998,39219.176959999975
2,fixed_manifest,block_08_attention,self_attention,GPU,39219.176959999975,39375.20351999998
3,fixed_manifest,block_03_norm2,layer_norm,GPU,39375.20351999998,39397.333119999974
2,fixed_manifest,block_08_proj,linear_projection,GPU,39397.333119999974,39549.577279999976
2,fixed_manifest,block_08_residual1,residual_add,GPU,39549.577279999976,39567.92447999997
3,fixed_manifest,block_03_ffn_island,fused_ffn_island,FPGA,39556.09791999998,39888.84543999998
2,fixed_manifest,block_08_norm2,layer_norm,GPU,39567.92447999997,39590.05407999997
2,fixed_manifest,block_08_ffn_island,fused_ffn_island,FPGA,39888.84543999998,40221.59295999998
4,fixed_manifest,patch_embedding,patch_embedding,GPU,40000.0,40151.50688
3,fixed_manifest,block_03_residual2,residual_add,GPU,40151.50688,40169.85408
4,fixed_manifest,token_embedding,token_and_position_embedding,GPU,40169.85408,40188.201279999994
3,fixed_manifest,block_04_norm1,layer_norm,GPU,40188.201279999994,40210.330879999994
4,fixed_manifest,block_00_norm1,layer_norm,GPU,40210.330879999994,40232.46047999999
3,fixed_manifest,block_04_qkv,linear_qkv,GPU,40232.46047999999,40675.192959999986
4,fixed_manifest,block_00_qkv,linear_qkv,GPU,40675.192959999986,41117.925439999985
2,fixed_manifest,block_08_residual2,residual_add,GPU,41117.925439999985,41136.27263999999
3,fixed_manifest,block_04_attention,self_attention,GPU,41136.27263999999,41292.29919999999
4,fixed_manifest,block_00_attention,self_attention,GPU,41292.29919999999,41448.325759999985
2,fixed_manifest,block_09_norm1,layer_norm,GPU,41448.325759999985,41470.455359999985
3,fixed_manifest,block_04_proj,linear_projection,GPU,41470.455359999985,41622.69951999999
4,fixed_manifest,block_00_proj,linear_projection,GPU,41622.69951999999,41774.94367999999
2,fixed_manifest,block_09_qkv,linear_qkv,GPU,41774.94367999999,42217.67615999999
3,fixed_manifest,block_04_residual1,residual_add,GPU,42217.67615999999,42236.023359999985
4,fixed_manifest,block_00_residual1,residual_add,GPU,42236.023359999985,42254.37055999998
2,fixed_manifest,block_09_attention,self_attention,GPU,42254.37055999998,42410.39711999999
3,fixed_manifest,block_04_norm2,layer_norm,GPU,42410.39711999999,42432.52671999998
4,fixed_manifest,block_00_norm2,layer_norm,GPU,42432.52671999998,42454.65631999998
2,fixed_manifest,block_09_proj,linear_projection,GPU,42454.65631999998,42606.90047999998
2,fixed_manifest,block_09_residual1,residual_add,GPU,42606.90047999998,42625.24767999998
2,fixed_manifest,block_09_norm2,layer_norm,GPU,42625.24767999998,42647.37727999997
3,fixed_manifest,block_04_ffn_island,fused_ffn_island,FPGA,42672.79711999999,43005.54463999999
4,fixed_manifest,block_00_ffn_island,fused_ffn_island,FPGA,43005.54463999999,43338.29215999999
3,fixed_manifest,block_04_residual2,residual_add,GPU,43229.12063999999,43247.46783999998
3,fixed_manifest,block_05_norm1,layer_norm,GPU,43247.46783999998,43269.59743999998
3,fixed_manifest,block_05_qkv,linear_qkv,GPU,43269.59743999998,43712.32991999998
2,fixed_manifest,block_09_ffn_island,fused_ffn_island,FPGA,43338.29215999999,43671.039679999994
4,fixed_manifest,block_00_residual2,residual_add,GPU,43712.32991999998,43730.67711999998
3,fixed_manifest,block_05_attention,self_attention,GPU,43730.67711999998,43886.70367999998
4,fixed_manifest,block_01_norm1,layer_norm,GPU,43886.70367999998,43908.83327999998
2,fixed_manifest,block_09_residual2,residual_add,GPU,43908.83327999998,43927.18047999997
3,fixed_manifest,block_05_proj,linear_projection,GPU,43927.18047999997,44079.424639999976
4,fixed_manifest,block_01_qkv,linear_qkv,GPU,44079.424639999976,44522.157119999974
2,fixed_manifest,block_10_norm1,layer_norm,GPU,44522.157119999974,44544.286719999975
3,fixed_manifest,block_05_residual1,residual_add,GPU,44544.286719999975,44562.63391999997
4,fixed_manifest,block_01_attention,self_attention,GPU,44562.63391999997,44718.66047999997
2,fixed_manifest,block_10_qkv,linear_qkv,GPU,44718.66047999997,45161.39295999997
3,fixed_manifest,block_05_norm2,layer_norm,GPU,45161.39295999997,45183.52255999997
4,fixed_manifest,block_01_proj,linear_projection,GPU,45183.52255999997,45335.76671999997
2,fixed_manifest,block_10_attention,self_attention,GPU,45335.76671999997,45491.79327999997
3,fixed_manifest,block_05_ffn_island,fused_ffn_island,FPGA,45342.287359999966,45675.03487999997
4,fixed_manifest,block_01_residual1,residual_add,GPU,45491.79327999997,45510.140479999965
2,fixed_manifest,block_10_proj,linear_projection,GPU,45510.140479999965,45662.38463999997
4,fixed_manifest,block_01_norm2,layer_norm,GPU,45662.38463999997,45684.51423999997
2,fixed_manifest,block_10_residual1,residual_add,GPU,45684.51423999997,45702.861439999964
2,fixed_manifest,block_10_norm2,layer_norm,GPU,45702.861439999964,45724.991039999964
3,fixed_manifest,block_05_residual2,residual_add,GPU,45924.224959999985,45942.57215999998
3,fixed_manifest,block_06_norm1,layer_norm,GPU,45942.57215999998,45964.701759999974
3,fixed_manifest,block_06_qkv,linear_qkv,GPU,45964.701759999974,46407.43423999997
4,fixed_manifest,block_01_ffn_island,fused_ffn_island,FPGA,45977.66047999998,46310.407999999974
2,fixed_manifest,block_10_ffn_island,fused_ffn_island,FPGA,46310.407999999974,46643.15551999998
3,fixed_manifest,block_06_attention,self_attention,GPU,46407.43423999997,46563.46079999998
4,fixed_manifest,block_01_residual2,residual_add,GPU,46563.46079999998,46581.807999999975
3,fixed_manifest,block_06_proj,linear_projection,GPU,46581.807999999975,46734.05215999998
4,fixed_manifest,block_02_norm1,layer_norm,GPU,46734.05215999998,46756.18175999997
3,fixed_manifest,block_06_residual1,residual_add,GPU,46756.18175999997,46774.528959999974
4,fixed_manifest,block_02_qkv,linear_qkv,GPU,46774.528959999974,47217.26143999997
3,fixed_manifest,block_06_norm2,layer_norm,GPU,47217.26143999997,47239.391039999966
2,fixed_manifest,block_10_residual2,residual_add,GPU,47239.391039999966,47257.73823999996
4,fixed_manifest,block_02_attention,self_attention,GPU,47257.73823999996,47413.76479999997
3,fixed_manifest,block_06_ffn_island,fused_ffn_island,FPGA,47398.15583999997,47730.903359999975
2,fixed_manifest,block_11_norm1,layer_norm,GPU,47413.76479999997,47435.89439999996
4,fixed_manifest,block_02_proj,linear_projection,GPU,47435.89439999996,47588.13855999996
2,fixed_manifest,block_11_qkv,linear_qkv,GPU,47588.13855999996,48030.87103999996
4,fixed_manifest,block_02_residual1,residual_add,GPU,48030.87103999996,48049.218239999966
3,fixed_manifest,block_06_residual2,residual_add,GPU,48049.218239999966,48067.56543999996
2,fixed_manifest,block_11_attention,self_attention,GPU,48067.56543999996,48223.59199999996
4,fixed_manifest,block_02_norm2,layer_norm,GPU,48223.59199999996,48245.72159999996
3,fixed_manifest,block_07_norm1,layer_norm,GPU,48245.72159999996,48267.851199999954
2,fixed_manifest,block_11_proj,linear_projection,GPU,48267.851199999954,48420.095359999956
4,fixed_manifest,block_02_ffn_island,fused_ffn_island,FPGA,48404.48639999996,48737.23391999996
3,fixed_manifest,block_07_qkv,linear_qkv,GPU,48420.095359999956,48862.827839999954
2,fixed_manifest,block_11_residual1,residual_add,GPU,48862.827839999954,48881.17503999995
3,fixed_manifest,block_07_attention,self_attention,GPU,48881.17503999995,49037.20159999996
2,fixed_manifest,block_11_norm2,layer_norm,GPU,49037.20159999996,49059.33119999995
4,fixed_manifest,block_02_residual2,residual_add,GPU,49059.33119999995,49077.678399999946
3,fixed_manifest,block_07_proj,linear_projection,GPU,49077.678399999946,49229.92255999995
2,fixed_manifest,block_11_ffn_island,fused_ffn_island,FPGA,49218.095999999954,49550.84351999996
4,fixed_manifest,block_03_norm1,layer_norm,GPU,49229.92255999995,49252.05215999995
3,fixed_manifest,block_07_residual1,residual_add,GPU,49252.05215999995,49270.399359999945
4,fixed_manifest,block_03_qkv,linear_qkv,GPU,49270.399359999945,49713.13183999994
3,fixed_manifest,block_07_norm2,layer_norm,GPU,49713.13183999994,49735.261439999944
2,fixed_manifest,block_11_residual2,residual_add,GPU,49735.261439999944,49753.60863999994
4,fixed_manifest,block_03_attention,self_attention,GPU,49753.60863999994,49909.63519999994
3,fixed_manifest,block_07_ffn_island,fused_ffn_island,FPGA,49894.02623999994,50226.773759999945
2,fixed_manifest,final_norm,layer_norm,GPU,49909.63519999994,49931.76479999994
4,fixed_manifest,block_03_proj,linear_projection,GPU,49931.76479999994,50084.00895999994
2,fixed_manifest,class_token_select,class_token_select,GPU,50084.00895999994,50091.04735999994
5,fixed_manifest,patch_embedding,patch_embedding,GPU,50091.04735999994,50242.55423999994
4,fixed_manifest,block_03_residual1,residual_add,GPU,50242.55423999994,50260.901439999936
2,fixed_manifest,classifier,linear_classifier,GPU,50260.901439999936,50268.861439999935
5,fixed_manifest,token_embedding,token_and_position_embedding,GPU,50268.861439999935,50287.20863999993
4,fixed_manifest,block_03_norm2,layer_norm,GPU,50287.20863999993,50309.33823999993
5,fixed_manifest,block_00_norm1,layer_norm,GPU,50309.33823999993,50331.46783999993
5,fixed_manifest,block_00_qkv,linear_qkv,GPU,50331.46783999993,50774.20031999993
4,fixed_manifest,block_03_ffn_island,fused_ffn_island,FPGA,50468.103039999936,50800.85055999993
3,fixed_manifest,block_07_residual2,residual_add,GPU,50774.20031999993,50792.54751999993
5,fixed_manifest,block_00_attention,self_attention,GPU,50792.54751999993,50948.574079999926
3,fixed_manifest,block_08_norm1,layer_norm,GPU,50948.574079999926,50970.703679999926
5,fixed_manifest,block_00_proj,linear_projection,GPU,50970.703679999926,51122.94783999993
4,fixed_manifest,block_03_residual2,residual_add,GPU,51122.94783999993,51141.295039999924
3,fixed_manifest,block_08_qkv,linear_qkv,GPU,51141.295039999924,51584.02751999992
5,fixed_manifest,block_00_residual1,residual_add,GPU,51584.02751999992,51602.37471999992
4,fixed_manifest,block_04_norm1,layer_norm,GPU,51602.37471999992,51624.50431999992
3,fixed_manifest,block_08_attention,self_attention,GPU,51624.50431999992,51780.53087999992
5,fixed_manifest,block_00_norm2,layer_norm,GPU,51780.53087999992,51802.66047999992
4,fixed_manifest,block_04_qkv,linear_qkv,GPU,51802.66047999992,52245.39295999992
5,fixed_manifest,block_00_ffn_island,fused_ffn_island,FPGA,51961.425279999916,52294.17279999992
3,fixed_manifest,block_08_proj,linear_projection,GPU,52245.39295999992,52397.63711999992
4,fixed_manifest,block_04_attention,self_attention,GPU,52397.63711999992,52553.66367999992
3,fixed_manifest,block_08_residual1,residual_add,GPU,52553.66367999992,52572.010879999914
5,fixed_manifest,block_00_residual2,residual_add,GPU,52572.010879999914,52590.35807999991
4,fixed_manifest,block_04_proj,linear_projection,GPU,52590.35807999991,52742.60223999991
3,fixed_manifest,block_08_norm2,layer_norm,GPU,52742.60223999991,52764.73183999991
5,fixed_manifest,block_01_norm1,layer_norm,GPU,52764.73183999991,52786.861439999906
4,fixed_manifest,block_04_residual1,residual_add,GPU,52786.861439999906,52805.20863999991
5,fixed_manifest,block_01_qkv,linear_qkv,GPU,52805.20863999991,53247.94111999991
3,fixed_manifest,block_08_ffn_island,fused_ffn_island,FPGA,52923.49663999992,53256.244159999915
4,fixed_manifest,block_04_norm2,layer_norm,GPU,53247.94111999991,53270.0707199999
5,fixed_manifest,block_01_attention,self_attention,GPU,53270.0707199999,53426.09727999991
5,fixed_manifest,block_01_proj,linear_projection,GPU,53426.09727999991,53578.34143999991
4,fixed_manifest,block_04_ffn_island,fused_ffn_island,FPGA,53479.820159999916,53812.56767999991
3,fixed_manifest,block_08_residual2,residual_add,GPU,53578.34143999991,53596.688639999906
5,fixed_manifest,block_01_residual1,residual_add,GPU,53596.688639999906,53615.0358399999
3,fixed_manifest,block_09_norm1,layer_norm,GPU,53615.0358399999,53637.165439999895
5,fixed_manifest,block_01_norm2,layer_norm,GPU,53637.165439999895,53659.295039999895
3,fixed_manifest,block_09_qkv,linear_qkv,GPU,53659.295039999895,54102.027519999894
5,fixed_manifest,block_01_ffn_island,fused_ffn_island,FPGA,53818.0598399999,54150.8073599999
4,fixed_manifest,block_04_residual2,residual_add,GPU,54102.027519999894,54120.37471999989
3,fixed_manifest,block_09_attention,self_attention,GPU,54120.37471999989,54276.401279999896
4,fixed_manifest,block_05_norm1,layer_norm,GPU,54276.401279999896,54298.53087999989
3,fixed_manifest,block_09_proj,linear_projection,GPU,54298.53087999989,54450.77503999989
4,fixed_manifest,block_05_qkv,linear_qkv,GPU,54450.77503999989,54893.50751999989
5,fixed_manifest,block_01_residual2,residual_add,GPU,54893.50751999989,54911.85471999989
3,fixed_manifest,block_09_residual1,residual_add,GPU,54911.85471999989,54930.20191999988
4,fixed_manifest,block_05_attention,self_attention,GPU,54930.20191999988,55086.22847999989
5,fixed_manifest,block_02_norm1,layer_norm,GPU,55086.22847999989,55108.35807999988
3,fixed_manifest,block_09_norm2,layer_norm,GPU,55108.35807999988,55130.48767999988
4,fixed_manifest,block_05_proj,linear_projection,GPU,55130.48767999988,55282.731839999884
5,fixed_manifest,block_02_qkv,linear_qkv,GPU,55282.731839999884,55725.46431999988
3,fixed_manifest,block_09_ffn_island,fused_ffn_island,FPGA,55289.25247999989,55621.99999999988
4,fixed_manifest,block_05_residual1,residual_add,GPU,55725.46431999988,55743.81151999988
5,fixed_manifest,block_02_attention,self_attention,GPU,55743.81151999988,55899.838079999885
4,fixed_manifest,block_05_norm2,layer_norm,GPU,55899.838079999885,55921.96767999988
3,fixed_manifest,block_09_residual2,residual_add,GPU,55921.96767999988,55940.314879999874
5,fixed_manifest,block_02_proj,linear_projection,GPU,55940.314879999874,56092.55903999988
4,fixed_manifest,block_05_ffn_island,fused_ffn_island,FPGA,56080.73247999988,56413.47999999989
3,fixed_manifest,block_10_norm1,layer_norm,GPU,56092.55903999988,56114.68863999988
5,fixed_manifest,block_02_residual1,residual_add,GPU,56114.68863999988,56133.03583999987
3,fixed_manifest,block_10_qkv,linear_qkv,GPU,56133.03583999987,56575.76831999987
5,fixed_manifest,block_02_norm2,layer_norm,GPU,56575.76831999987,56597.89791999987
4,fixed_manifest,block_05_residual2,residual_add,GPU,56597.89791999987,56616.24511999987
3,fixed_manifest,block_10_attention,self_attention,GPU,56616.24511999987,56772.27167999987
5,fixed_manifest,block_02_ffn_island,fused_ffn_island,FPGA,56756.66271999987,57089.410239999874
4,fixed_manifest,block_06_norm1,layer_norm,GPU,56772.27167999987,56794.40127999987
3,fixed_manifest,block_10_proj,linear_projection,GPU,56794.40127999987,56946.64543999987
4,fixed_manifest,block_06_qkv,linear_qkv,GPU,56946.64543999987,57389.37791999987
3,fixed_manifest,block_10_residual1,residual_add,GPU,57389.37791999987,57407.725119999865
5,fixed_manifest,block_02_residual2,residual_add,GPU,57407.725119999865,57426.07231999986
4,fixed_manifest,block_06_attention,self_attention,GPU,57426.07231999986,57582.09887999986
3,fixed_manifest,block_10_norm2,layer_norm,GPU,57582.09887999986,57604.22847999986
5,fixed_manifest,block_03_norm1,layer_norm,GPU,57604.22847999986,57626.35807999986
4,fixed_manifest,block_06_proj,linear_projection,GPU,57626.35807999986,57778.60223999986
3,fixed_manifest,block_10_ffn_island,fused_ffn_island,FPGA,57762.993279999864,58095.74079999986
5,fixed_manifest,block_03_qkv,linear_qkv,GPU,57778.60223999986,58221.33471999986
4,fixed_manifest,block_06_residual1,residual_add,GPU,58221.33471999986,58239.68191999986
5,fixed_manifest,block_03_attention,self_attention,GPU,58239.68191999986,58395.708479999856
4,fixed_manifest,block_06_norm2,layer_norm,GPU,58395.708479999856,58417.838079999856
3,fixed_manifest,block_10_residual2,residual_add,GPU,58417.838079999856,58436.18527999985
5,fixed_manifest,block_03_proj,linear_projection,GPU,58436.18527999985,58588.429439999854
4,fixed_manifest,block_06_ffn_island,fused_ffn_island,FPGA,58576.60287999985,58909.35039999986
3,fixed_manifest,block_11_norm1,layer_norm,GPU,58588.429439999854,58610.55903999985
5,fixed_manifest,block_03_residual1,residual_add,GPU,58610.55903999985,58628.90623999985
3,fixed_manifest,block_11_qkv,linear_qkv,GPU,58628.90623999985,59071.63871999985
5,fixed_manifest,block_03_norm2,layer_norm,GPU,59071.63871999985,59093.76831999984
4,fixed_manifest,block_06_residual2,residual_add,GPU,59093.76831999984,59112.11551999984
3,fixed_manifest,block_11_attention,self_attention,GPU,59112.11551999984,59268.142079999845
5,fixed_manifest,block_03_ffn_island,fused_ffn_island,FPGA,59252.53311999985,59585.28063999985
4,fixed_manifest,block_07_norm1,layer_norm,GPU,59268.142079999845,59290.27167999984
3,fixed_manifest,block_11_proj,linear_projection,GPU,59290.27167999984,59442.51583999984
4,fixed_manifest,block_07_qkv,linear_qkv,GPU,59442.51583999984,59885.24831999984
3,fixed_manifest,block_11_residual1,residual_add,GPU,59885.24831999984,59903.595519999835
5,fixed_manifest,block_03_residual2,residual_add,GPU,59903.595519999835,59921.94271999984
4,fixed_manifest,block_07_attention,self_attention,GPU,59921.94271999984,60077.96927999984
3,fixed_manifest,block_11_norm2,layer_norm,GPU,60077.96927999984,60100.09887999984
5,fixed_manifest,block_04_norm1,layer_norm,GPU,60100.09887999984,60122.22847999983
6,fixed_manifest,patch_embedding,patch_embedding,GPU,60122.22847999983,60273.73535999983
3,fixed_manifest,block_11_ffn_island,fused_ffn_island,FPGA,60258.863679999835,60591.61119999984
4,fixed_manifest,block_07_proj,linear_projection,GPU,60273.73535999983,60425.97951999983
5,fixed_manifest,block_04_qkv,linear_qkv,GPU,60425.97951999983,60868.71199999983
6,fixed_manifest,token_embedding,token_and_position_embedding,GPU,60868.71199999983,60887.05919999983
4,fixed_manifest,block_07_residual1,residual_add,GPU,60887.05919999983,60905.406399999825
3,fixed_manifest,block_11_residual2,residual_add,GPU,60905.406399999825,60923.75359999982
5,fixed_manifest,block_04_attention,self_attention,GPU,60923.75359999982,61079.78015999983
6,fixed_manifest,block_00_norm1,layer_norm,GPU,61079.78015999983,61101.90975999982
4,fixed_manifest,block_07_norm2,layer_norm,GPU,61101.90975999982,61124.03935999982
3,fixed_manifest,final_norm,layer_norm,GPU,61124.03935999982,61146.16895999981
5,fixed_manifest,block_04_proj,linear_projection,GPU,61146.16895999981,61298.413119999816
4,fixed_manifest,block_07_ffn_island,fused_ffn_island,FPGA,61282.804159999825,61615.55167999982
6,fixed_manifest,block_00_qkv,linear_qkv,GPU,61298.413119999816,61741.14559999982
3,fixed_manifest,class_token_select,class_token_select,GPU,61741.14559999982,61748.18399999982
5,fixed_manifest,block_04_residual1,residual_add,GPU,61748.18399999982,61766.531199999816
6,fixed_manifest,block_00_attention,self_attention,GPU,61766.531199999816,61922.557759999814
3,fixed_manifest,classifier,linear_classifier,GPU,61922.557759999814,61930.51775999982
5,fixed_manifest,block_04_norm2,layer_norm,GPU,61930.51775999982,61952.64735999981
4,fixed_manifest,block_07_residual2,residual_add,GPU,61952.64735999981,61970.99455999981
6,fixed_manifest,block_00_proj,linear_projection,GPU,61970.99455999981,62123.23871999981
5,fixed_manifest,block_04_ffn_island,fused_ffn_island,FPGA,62111.41215999982,62444.15967999982
4,fixed_manifest,block_08_norm1,layer_norm,GPU,62123.23871999981,62145.36831999981
6,fixed_manifest,block_00_residual1,residual_add,GPU,62145.36831999981,62163.71551999981
4,fixed_manifest,block_08_qkv,linear_qkv,GPU,62163.71551999981,62606.447999999815
6,fixed_manifest,block_00_norm2,layer_norm,GPU,62606.447999999815,62628.577599999815
5,fixed_manifest,block_04_residual2,residual_add,GPU,62628.577599999815,62646.924799999826
4,fixed_manifest,block_08_attention,self_attention,GPU,62646.924799999826,62802.95135999982
6,fixed_manifest,block_00_ffn_island,fused_ffn_island,FPGA,62787.342399999805,63120.0899199998
5,fixed_manifest,block_05_norm1,layer_norm,GPU,62802.95135999982,62825.080959999825
4,fixed_manifest,block_08_proj,linear_projection,GPU,62825.080959999825,62977.32511999982
5,fixed_manifest,block_05_qkv,linear_qkv,GPU,62977.32511999982,63420.05759999982
4,fixed_manifest,block_08_residual1,residual_add,GPU,63420.05759999982,63438.40479999982
6,fixed_manifest,block_00_residual2,residual_add,GPU,63438.40479999982,63456.751999999826
5,fixed_manifest,block_05_attention,self_attention,GPU,63456.751999999826,63612.77855999982
4,fixed_manifest,block_08_norm2,layer_norm,GPU,63612.77855999982,63634.908159999824
6,fixed_manifest,block_01_norm1,layer_norm,GPU,63634.908159999824,63657.037759999825
5,fixed_manifest,block_05_proj,linear_projection,GPU,63657.037759999825,63809.28191999982
4,fixed_manifest,block_08_ffn_island,fused_ffn_island,FPGA,63793.672959999814,64126.420479999804
6,fixed_manifest,block_01_qkv,linear_qkv,GPU,63809.28191999982,64252.01439999982
5,fixed_manifest,block_05_residual1,residual_add,GPU,64252.01439999982,64270.36159999983
6,fixed_manifest,block_01_attention,self_attention,GPU,64270.36159999983,64426.38815999982
5,fixed_manifest,block_05_norm2,layer_norm,GPU,64426.38815999982,64448.51775999982
4,fixed_manifest,block_08_residual2,residual_add,GPU,64448.51775999982,64466.86495999983
6,fixed_manifest,block_01_proj,linear_projection,GPU,64466.86495999983,64619.109119999826
5,fixed_manifest,block_05_ffn_island,fused_ffn_island,FPGA,64607.28255999981,64940.03007999981
4,fixed_manifest,block_09_norm1,layer_norm,GPU,64619.109119999826,64641.23871999983
6,fixed_manifest,block_01_residual1,residual_add,GPU,64641.23871999983,64659.58591999983
4,fixed_manifest,block_09_qkv,linear_qkv,GPU,64659.58591999983,65102.31839999983
6,fixed_manifest,block_01_norm2,layer_norm,GPU,65102.31839999983,65124.44799999984
5,fixed_manifest,block_05_residual2,residual_add,GPU,65124.44799999984,65142.79519999984
4,fixed_manifest,block_09_attention,self_attention,GPU,65142.79519999984,65298.82175999983
6,fixed_manifest,block_01_ffn_island,fused_ffn_island,FPGA,65283.21279999983,65615.96031999982
5,fixed_manifest,block_06_norm1,layer_norm,GPU,65298.82175999983,65320.95135999984
4,fixed_manifest,block_09_proj,linear_projection,GPU,65320.95135999984,65473.195519999834
5,fixed_manifest,block_06_qkv,linear_qkv,GPU,65473.195519999834,65915.92799999983
4,fixed_manifest,block_09_residual1,residual_add,GPU,65915.92799999983,65934.27519999984
6,fixed_manifest,block_01_residual2,residual_add,GPU,65934.27519999984,65952.62239999985
5,fixed_manifest,block_06_attention,self_attention,GPU,65952.62239999985,66108.64895999983
4,fixed_manifest,block_09_norm2,layer_norm,GPU,66108.64895999983,66130.77855999985
6,fixed_manifest,block_02_norm1,layer_norm,GPU,66130.77855999985,66152.90815999985
5,fixed_manifest,block_06_proj,linear_projection,GPU,66152.90815999985,66305.15231999983
4,fixed_manifest,block_09_ffn_island,fused_ffn_island,FPGA,66289.54335999982,66622.29087999983
6,fixed_manifest,block_02_qkv,linear_qkv,GPU,66305.15231999983,66747.88479999984
5,fixed_manifest,block_06_residual1,residual_add,GPU,66747.88479999984,66766.23199999984
6,fixed_manifest,block_02_attention,self_attention,GPU,66766.23199999984,66922.25855999984
5,fixed_manifest,block_06_norm2,layer_norm,GPU,66922.25855999984,66944.38815999984
4,fixed_manifest,block_09_residual2,residual_add,GPU,66944.38815999984,66962.73535999985
6,fixed_manifest,block_02_proj,linear_projection,GPU,66962.73535999985,67114.97951999983
5,fixed_manifest,block_06_ffn_island,fused_ffn_island,FPGA,67103.15295999983,67435.90047999982
4,fixed_manifest,block_10_norm1,layer_norm,GPU,67114.97951999983,67137.10911999985
6,fixed_manifest,block_02_residual1,residual_add,GPU,67137.10911999985,67155.45631999985
4,fixed_manifest,block_10_qkv,linear_qkv,GPU,67155.45631999985,67598.18879999984
6,fixed_manifest,block_02_norm2,layer_norm,GPU,67598.18879999984,67620.31839999986
5,fixed_manifest,block_06_residual2,residual_add,GPU,67620.31839999986,67638.66559999986
4,fixed_manifest,block_10_attention,self_attention,GPU,67638.66559999986,67794.69215999985
6,fixed_manifest,block_02_ffn_island,fused_ffn_island,FPGA,67779.08319999983,68111.83071999984
5,fixed_manifest,block_07_norm1,layer_norm,GPU,67794.69215999985,67816.82175999986
4,fixed_manifest,block_10_proj,linear_projection,GPU,67816.82175999986,67969.06591999985
5,fixed_manifest,block_07_qkv,linear_qkv,GPU,67969.06591999985,68411.79839999985
4,fixed_manifest,block_10_residual1,residual_add,GPU,68411.79839999985,68430.14559999986
6,fixed_manifest,block_02_residual2,residual_add,GPU,68430.14559999986,68448.49279999986
5,fixed_manifest,block_07_attention,self_attention,GPU,68448.49279999986,68604.51935999985
4,fixed_manifest,block_10_norm2,layer_norm,GPU,68604.51935999985,68626.64895999986
6,fixed_manifest,block_03_norm1,layer_norm,GPU,68626.64895999986,68648.77855999986
5,fixed_manifest,block_07_proj,linear_projection,GPU,68648.77855999986,68801.02271999985
4,fixed_manifest,block_10_ffn_island,fused_ffn_island,FPGA,68785.41375999985,69118.16127999984
6,fixed_manifest,block_03_qkv,linear_qkv,GPU,68801.02271999985,69243.75519999985
5,fixed_manifest,block_07_residual1,residual_add,GPU,69243.75519999985,69262.10239999986
6,fixed_manifest,block_03_attention,self_attention,GPU,69262.10239999986,69418.12895999986
5,fixed_manifest,block_07_norm2,layer_norm,GPU,69418.12895999986,69440.25855999986
4,fixed_manifest,block_10_residual2,residual_add,GPU,69440.25855999986,69458.60575999986
6,fixed_manifest,block_03_proj,linear_projection,GPU,69458.60575999986,69610.84991999986
5,fixed_manifest,block_07_ffn_island,fused_ffn_island,FPGA,69599.02335999985,69931.77087999984
4,fixed_manifest,block_11_norm1,layer_norm,GPU,69610.84991999986,69632.97951999986
6,fixed_manifest,block_03_residual1,residual_add,GPU,69632.97951999986,69651.32671999987
4,fixed_manifest,block_11_qkv,linear_qkv,GPU,69651.32671999987,70094.05919999986
6,fixed_manifest,block_03_norm2,layer_norm,GPU,70094.05919999986,70116.18879999987
7,fixed_manifest,patch_embedding,patch_embedding,GPU,70116.18879999987,70267.69567999987
5,fixed_manifest,block_07_residual2,residual_add,GPU,70267.69567999987,70286.04287999988
6,fixed_manifest,block_03_ffn_island,fused_ffn_island,FPGA,70274.95359999986,70607.70111999985
4,fixed_manifest,block_11_attention,self_attention,GPU,70286.04287999988,70442.06943999986
7,fixed_manifest,token_embedding,token_and_position_embedding,GPU,70442.06943999986,70460.41663999986
5,fixed_manifest,block_08_norm1,layer_norm,GPU,70460.41663999986,70482.54623999988
4,fixed_manifest,block_11_proj,linear_projection,GPU,70482.54623999988,70634.79039999987
7,fixed_manifest,block_00_norm1,layer_norm,GPU,70634.79039999987,70656.91999999987
5,fixed_manifest,block_08_qkv,linear_qkv,GPU,70656.91999999987,71099.65247999987
4,fixed_manifest,block_11_residual1,residual_add,GPU,71099.65247999987,71117.99967999988
7,fixed_manifest,block_00_qkv,linear_qkv,GPU,71117.99967999988,71560.73215999988
6,fixed_manifest,block_03_residual2,residual_add,GPU,71560.73215999988,71579.07935999989
5,fixed_manifest,block_08_attention,self_attention,GPU,71579.07935999989,71735.10591999987
4,fixed_manifest,block_11_norm2,layer_norm,GPU,71735.10591999987,71757.23551999989
7,fixed_manifest,block_00_attention,self_attention,GPU,71757.23551999989,71913.26207999987
6,fixed_manifest,block_04_norm1,layer_norm,GPU,71913.26207999987,71935.39167999988
4,fixed_manifest,block_11_ffn_island,fused_ffn_island,FPGA,71916.00031999986,72248.74783999987
5,fixed_manifest,block_08_proj,linear_projection,GPU,71935.39167999988,72087.63583999987
7,fixed_manifest,block_00_proj,linear_projection,GPU,72087.63583999987,72239.87999999987
6,fixed_manifest,block_04_qkv,linear_qkv,GPU,72239.87999999987,72682.61247999987
5,fixed_manifest,block_08_residual1,residual_add,GPU,72682.61247999987,72700.95967999987
7,fixed_manifest,block_00_residual1,residual_add,GPU,72700.95967999987,72719.30687999987
4,fixed_manifest,block_11_residual2,residual_add,GPU,72719.30687999987,72737.65407999988
6,fixed_manifest,block_04_attention,self_attention,GPU,72737.65407999988,72893.68063999987
5,fixed_manifest,block_08_norm2,layer_norm,GPU,72893.68063999987,72915.81023999988
7,fixed_manifest,block_00_norm2,layer_norm,GPU,72915.81023999988,72937.93983999988
4,fixed_manifest,final_norm,layer_norm,GPU,72937.93983999988,72960.06943999989
6,fixed_manifest,block_04_proj,linear_projection,GPU,72960.06943999989,73112.31359999988
4,fixed_manifest,class_token_select,class_token_select,GPU,73112.31359999988,73119.35199999988
6,fixed_manifest,block_04_residual1,residual_add,GPU,73119.35199999988,73137.69919999989
4,fixed_manifest,classifier,linear_classifier,GPU,73137.69919999989,73145.6591999999
6,fixed_manifest,block_04_norm2,layer_norm,GPU,73145.6591999999,73167.7887999999
5,fixed_manifest,block_08_ffn_island,fused_ffn_island,FPGA,73156.08063999987,73488.82815999987
7,fixed_manifest,block_00_ffn_island,fused_ffn_island,FPGA,73488.82815999987,73821.57567999986
5,fixed_manifest,block_08_residual2,residual_add,GPU,73712.40415999987,73730.75135999988
5,fixed_manifest,block_09_norm1,layer_norm,GPU,73730.75135999988,73752.88095999988
5,fixed_manifest,block_09_qkv,linear_qkv,GPU,73752.88095999988,74195.61343999988
6,fixed_manifest,block_04_ffn_island,fused_ffn_island,FPGA,73821.57567999986,74154.32319999985
7,fixed_manifest,block_00_residual2,residual_add,GPU,74195.61343999988,74213.96063999989
5,fixed_manifest,block_09_attention,self_attention,GPU,74213.96063999989,74369.98719999987
7,fixed_manifest,block_01_norm1,layer_norm,GPU,74369.98719999987,74392.11679999989
6,fixed_manifest,block_04_residual2,residual_add,GPU,74392.11679999989,74410.46399999989
5,fixed_manifest,block_09_proj,linear_projection,GPU,74410.46399999989,74562.70815999988
7,fixed_manifest,block_01_qkv,linear_qkv,GPU,74562.70815999988,75005.44063999988
6,fixed_manifest,block_05_norm1,layer_norm,GPU,75005.44063999988,75027.57023999988
5,fixed_manifest,block_09_residual1,residual_add,GPU,75027.57023999988,75045.91743999989
7,fixed_manifest,block_01_attention,self_attention,GPU,75045.91743999989,75201.94399999989
6,fixed_manifest,block_05_qkv,linear_qkv,GPU,75201.94399999989,75644.67647999988
5,fixed_manifest,block_09_norm2,layer_norm,GPU,75644.67647999988,75666.80607999988
7,fixed_manifest,block_01_proj,linear_projection,GPU,75666.80607999988,75819.05023999988
6,fixed_manifest,block_05_attention,self_attention,GPU,75819.05023999988,75975.07679999988
5,fixed_manifest,block_09_ffn_island,fused_ffn_island,FPGA,75825.57087999987,76158.31839999987
7,fixed_manifest,block_01_residual1,residual_add,GPU,75975.07679999988,75993.42399999988
6,fixed_manifest,block_05_proj,linear_projection,GPU,75993.42399999988,76145.66815999987
7,fixed_manifest,block_01_norm2,layer_norm,GPU,76145.66815999987,76167.79775999988
6,fixed_manifest,block_05_residual1,residual_add,GPU,76167.79775999988,76186.14495999989
6,fixed_manifest,block_05_norm2,layer_norm,GPU,76186.14495999989,76208.27455999989
5,fixed_manifest,block_09_residual2,residual_add,GPU,76407.50847999986,76425.85567999986
5,fixed_manifest,block_10_norm1,layer_norm,GPU,76425.85567999986,76447.98527999986
5,fixed_manifest,block_10_qkv,linear_qkv,GPU,76447.98527999986,76890.71775999987
7,fixed_manifest,block_01_ffn_island,fused_ffn_island,FPGA,76460.94399999986,76793.69151999986
6,fixed_manifest,block_05_ffn_island,fused_ffn_island,FPGA,76793.69151999986,77126.43903999985
5,fixed_manifest,block_10_attention,self_attention,GPU,76890.71775999987,77046.74431999987
7,fixed_manifest,block_01_residual2,residual_add,GPU,77046.74431999987,77065.09151999987
5,fixed_manifest,block_10_proj,linear_projection,GPU,77065.09151999987,77217.33567999986
7,fixed_manifest,block_02_norm1,layer_norm,GPU,77217.33567999986,77239.46527999986
5,fixed_manifest,block_10_residual1,residual_add,GPU,77239.46527999986,77257.81247999986
7,fixed_manifest,block_02_qkv,linear_qkv,GPU,77257.81247999986,77700.54495999987
5,fixed_manifest,block_10_norm2,layer_norm,GPU,77700.54495999987,77722.67455999987
6,fixed_manifest,block_05_residual2,residual_add,GPU,77722.67455999987,77741.02175999987
7,fixed_manifest,block_02_attention,self_attention,GPU,77741.02175999987,77897.04831999987
5,fixed_manifest,block_10_ffn_island,fused_ffn_island,FPGA,77881.43935999986,78214.18687999986
6,fixed_manifest,block_06_norm1,layer_norm,GPU,77897.04831999987,77919.17791999987
7,fixed_manifest,block_02_proj,linear_projection,GPU,77919.17791999987,78071.42207999987
6,fixed_manifest,block_06_qkv,linear_qkv,GPU,78071.42207999987,78514.15455999986
7,fixed_manifest,block_02_residual1,residual_add,GPU,78514.15455999986,78532.50175999987
5,fixed_manifest,block_10_residual2,residual_add,GPU,78532.50175999987,78550.84895999987
6,fixed_manifest,block_06_attention,self_attention,GPU,78550.84895999987,78706.87551999987
7,fixed_manifest,block_02_norm2,layer_norm,GPU,78706.87551999987,78729.00511999987
5,fixed_manifest,block_11_norm1,layer_norm,GPU,78729.00511999987,78751.13471999989
6,fixed_manifest,block_06_proj,linear_projection,GPU,78751.13471999989,78903.37887999987
7,fixed_manifest,block_02_ffn_island,fused_ffn_island,FPGA,78887.76991999986,79220.51743999987
5,fixed_manifest,block_11_qkv,linear_qkv,GPU,78903.37887999987,79346.11135999988
6,fixed_manifest,block_06_residual1,residual_add,GPU,79346.11135999988,79364.45855999988
5,fixed_manifest,block_11_attention,self_attention,GPU,79364.45855999988,79520.48511999987
6,fixed_manifest,block_06_norm2,layer_norm,GPU,79520.48511999987,79542.61471999988
7,fixed_manifest,block_02_residual2,residual_add,GPU,79542.61471999988,79560.96191999989
5,fixed_manifest,block_11_proj,linear_projection,GPU,79560.96191999989,79713.20607999987
6,fixed_manifest,block_06_ffn_island,fused_ffn_island,FPGA,79701.37951999987,80034.12703999986
7,fixed_manifest,block_03_norm1,layer_norm,GPU,79713.20607999987,79735.33567999989
5,fixed_manifest,block_11_residual1,residual_add,GPU,79735.33567999989,79753.68287999989
7,fixed_manifest,block_03_qkv,linear_qkv,GPU,79753.68287999989,80196.41535999988
5,fixed_manifest,block_11_norm2,layer_norm,GPU,80196.41535999988,80218.54495999988
8,fixed_manifest,patch_embedding,patch_embedding,GPU,80218.54495999988,80370.05183999988
6,fixed_manifest,block_06_residual2,residual_add,GPU,80370.05183999988,80388.39903999989
5,fixed_manifest,block_11_ffn_island,fused_ffn_island,FPGA,80377.30975999987,80710.05727999988
7,fixed_manifest,block_03_attention,self_attention,GPU,80388.39903999989,80544.42559999989
8,fixed_manifest,token_embedding,token_and_position_embedding,GPU,80544.42559999989,80562.77279999989
6,fixed_manifest,block_07_norm1,layer_norm,GPU,80562.77279999989,80584.90239999989
7,fixed_manifest,block_03_proj,linear_projection,GPU,80584.90239999989,80737.14655999989
8,fixed_manifest,block_00_norm1,layer_norm,GPU,80737.14655999989,80759.27615999989
6,fixed_manifest,block_07_qkv,linear_qkv,GPU,80759.27615999989,81202.0086399999
7,fixed_manifest,block_03_residual1,residual_add,GPU,81202.0086399999,81220.3558399999
8,fixed_manifest,block_00_qkv,linear_qkv,GPU,81220.3558399999,81663.0883199999
5,fixed_manifest,block_11_residual2,residual_add,GPU,81663.0883199999,81681.4355199999
6,fixed_manifest,block_07_attention,self_attention,GPU,81681.4355199999,81837.4620799999
7,fixed_manifest,block_03_norm2,layer_norm,GPU,81837.4620799999,81859.5916799999
8,fixed_manifest,block_00_attention,self_attention,GPU,81859.5916799999,82015.6182399999
5,fixed_manifest,final_norm,layer_norm,GPU,82015.6182399999,82037.7478399999
7,fixed_manifest,block_03_ffn_island,fused_ffn_island,FPGA,82018.35647999989,82351.10399999989
6,fixed_manifest,block_07_proj,linear_projection,GPU,82037.7478399999,82189.9919999999
8,fixed_manifest,block_00_proj,linear_projection,GPU,82189.9919999999,82342.23615999988
5,fixed_manifest,class_token_select,class_token_select,GPU,82342.23615999988,82349.27455999989
6,fixed_manifest,block_07_residual1,residual_add,GPU,82349.27455999989,82367.62175999989
8,fixed_manifest,block_00_residual1,residual_add,GPU,82367.62175999989,82385.9689599999
5,fixed_manifest,classifier,linear_classifier,GPU,82385.9689599999,82393.9289599999
6,fixed_manifest,block_07_norm2,layer_norm,GPU,82393.9289599999,82416.0585599999
8,fixed_manifest,block_00_norm2,layer_norm,GPU,82416.0585599999,82438.18815999992
7,fixed_manifest,block_03_residual2,residual_add,GPU,82509.86879999987,82528.21599999987
7,fixed_manifest,block_04_norm1,layer_norm,GPU,82528.21599999987,82550.34559999988
7,fixed_manifest,block_04_qkv,linear_qkv,GPU,82550.34559999988,82993.07807999988
6,fixed_manifest,block_07_ffn_island,fused_ffn_island,FPGA,82656.3289599999,82989.0764799999
8,fixed_manifest,block_00_ffn_island,fused_ffn_island,FPGA,82989.0764799999,83321.82399999989
7,fixed_manifest,block_04_attention,self_attention,GPU,82993.07807999988,83149.10463999987
6,fixed_manifest,block_07_residual2,residual_add,GPU,83149.10463999987,83167.45183999988
7,fixed_manifest,block_04_proj,linear_projection,GPU,83167.45183999988,83319.69599999988
6,fixed_manifest,block_08_norm1,layer_norm,GPU,83319.69599999988,83341.82559999988
7,fixed_manifest,block_04_residual1,residual_add,GPU,83341.82559999988,83360.17279999988
6,fixed_manifest,block_08_qkv,linear_qkv,GPU,83360.17279999988,83802.90527999988
7,fixed_manifest,block_04_norm2,layer_norm,GPU,83802.90527999988,83825.03487999989
8,fixed_manifest,block_00_residual2,residual_add,GPU,83825.03487999989,83843.3820799999
6,fixed_manifest,block_08_attention,self_attention,GPU,83843.3820799999,83999.40863999988
7,fixed_manifest,block_04_ffn_island,fused_ffn_island,FPGA,83983.79967999988,84316.54719999987
8,fixed_manifest,block_01_norm1,layer_norm,GPU,83999.40863999988,84021.53823999989
6,fixed_manifest,block_08_proj,linear_projection,GPU,84021.53823999989,84173.78239999988
8,fixed_manifest,block_01_qkv,linear_qkv,GPU,84173.78239999988,84616.51487999989
6,fixed_manifest,block_08_residual1,residual_add,GPU,84616.51487999989,84634.86207999989
7,fixed_manifest,block_04_residual2,residual_add,GPU,84634.86207999989,84653.2092799999
8,fixed_manifest,block_01_attention,self_attention,GPU,84653.2092799999,84809.23583999989
6,fixed_manifest,block_08_norm2,layer_norm,GPU,84809.23583999989,84831.36543999989
7,fixed_manifest,block_05_norm1,layer_norm,GPU,84831.36543999989,84853.49503999989
8,fixed_manifest,block_01_proj,linear_projection,GPU,84853.49503999989,85005.7391999999
6,fixed_manifest,block_08_ffn_island,fused_ffn_island,FPGA,84990.13023999988,85322.87775999987
7,fixed_manifest,block_05_qkv,linear_qkv,GPU,85005.7391999999,85448.47167999989
8,fixed_manifest,block_01_residual1,residual_add,GPU,85448.47167999989,85466.81887999989
7,fixed_manifest,block_05_attention,self_attention,GPU,85466.81887999989,85622.84543999989
8,fixed_manifest,block_01_norm2,layer_norm,GPU,85622.84543999989,85644.97503999989
6,fixed_manifest,block_08_residual2,residual_add,GPU,85644.97503999989,85663.32223999989
7,fixed_manifest,block_05_proj,linear_projection,GPU,85663.32223999989,85815.5663999999
8,fixed_manifest,block_01_ffn_island,fused_ffn_island,FPGA,85803.73983999988,86136.48735999987
6,fixed_manifest,block_09_norm1,layer_norm,GPU,85815.5663999999,85837.6959999999
7,fixed_manifest,block_05_residual1,residual_add,GPU,85837.6959999999,85856.0431999999
6,fixed_manifest,block_09_qkv,linear_qkv,GPU,85856.0431999999,86298.7756799999
7,fixed_manifest,block_05_norm2,layer_norm,GPU,86298.7756799999,86320.9052799999
8,fixed_manifest,block_01_residual2,residual_add,GPU,86320.9052799999,86339.25247999991
6,fixed_manifest,block_09_attention,self_attention,GPU,86339.25247999991,86495.2790399999
7,fixed_manifest,block_05_ffn_island,fused_ffn_island,FPGA,86479.6700799999,86812.41759999988
8,fixed_manifest,block_02_norm1,layer_norm,GPU,86495.2790399999,86517.4086399999
6,fixed_manifest,block_09_proj,linear_projection,GPU,86517.4086399999,86669.6527999999
8,fixed_manifest,block_02_qkv,linear_qkv,GPU,86669.6527999999,87112.3852799999
6,fixed_manifest,block_09_residual1,residual_add,GPU,87112.3852799999,87130.7324799999
7,fixed_manifest,block_05_residual2,residual_add,GPU,87130.7324799999,87149.07967999991
8,fixed_manifest,block_02_attention,self_attention,GPU,87149.07967999991,87305.1062399999
6,fixed_manifest,block_09_norm2,layer_norm,GPU,87305.1062399999,87327.2358399999
7,fixed_manifest,block_06_norm1,layer_norm,GPU,87327.2358399999,87349.3654399999
8,fixed_manifest,block_02_proj,linear_projection,GPU,87349.3654399999,87501.60959999991
6,fixed_manifest,block_09_ffn_island,fused_ffn_island,FPGA,87486.0006399999,87818.74815999989
7,fixed_manifest,block_06_qkv,linear_qkv,GPU,87501.60959999991,87944.3420799999
8,fixed_manifest,block_02_residual1,residual_add,GPU,87944.3420799999,87962.6892799999
7,fixed_manifest,block_06_attention,self_attention,GPU,87962.6892799999,88118.7158399999
8,fixed_manifest,block_02_norm2,layer_norm,GPU,88118.7158399999,88140.8454399999
6,fixed_manifest,block_09_residual2,residual_add,GPU,88140.8454399999,88159.1926399999
7,fixed_manifest,block_06_proj,linear_projection,GPU,88159.1926399999,88311.43679999991
8,fixed_manifest,block_02_ffn_island,fused_ffn_island,FPGA,88299.61023999989,88632.3577599999
6,fixed_manifest,block_10_norm1,layer_norm,GPU,88311.43679999991,88333.56639999991
7,fixed_manifest,block_06_residual1,residual_add,GPU,88333.56639999991,88351.91359999991
6,fixed_manifest,block_10_qkv,linear_qkv,GPU,88351.91359999991,88794.64607999992
7,fixed_manifest,block_06_norm2,layer_norm,GPU,88794.64607999992,88816.77567999992
8,fixed_manifest,block_02_residual2,residual_add,GPU,88816.77567999992,88835.12287999992
6,fixed_manifest,block_10_attention,self_attention,GPU,88835.12287999992,88991.14943999992
7,fixed_manifest,block_06_ffn_island,fused_ffn_island,FPGA,88975.54047999991,89308.2879999999
8,fixed_manifest,block_03_norm1,layer_norm,GPU,88991.14943999992,89013.27903999992
6,fixed_manifest,block_10_proj,linear_projection,GPU,89013.27903999992,89165.52319999991
8,fixed_manifest,block_03_qkv,linear_qkv,GPU,89165.52319999991,89608.25567999991
6,fixed_manifest,block_10_residual1,residual_add,GPU,89608.25567999991,89626.60287999992
7,fixed_manifest,block_06_residual2,residual_add,GPU,89626.60287999992,89644.95007999992
8,fixed_manifest,block_03_attention,self_attention,GPU,89644.95007999992,89800.97663999992
6,fixed_manifest,block_10_norm2,layer_norm,GPU,89800.97663999992,89823.10623999992
7,fixed_manifest,block_07_norm1,layer_norm,GPU,89823.10623999992,89845.23583999992
8,fixed_manifest,block_03_proj,linear_projection,GPU,89845.23583999992,89997.47999999992
6,fixed_manifest,block_10_ffn_island,fused_ffn_island,FPGA,89981.87103999991,90314.6185599999
7,fixed_manifest,block_07_qkv,linear_qkv,GPU,89997.47999999992,90440.21247999991
8,fixed_manifest,block_03_residual1,residual_add,GPU,90440.21247999991,90458.55967999992
9,fixed_manifest,patch_embedding,patch_embedding,GPU,90458.55967999992,90610.06655999992
7,fixed_manifest,block_07_attention,self_attention,GPU,90610.06655999992,90766.09311999992
8,fixed_manifest,block_03_norm2,layer_norm,GPU,90766.09311999992,90788.22271999992
6,fixed_manifest,block_10_residual2,residual_add,GPU,90788.22271999992,90806.56991999992
9,fixed_manifest,token_embedding,token_and_position_embedding,GPU,90806.56991999992,90824.91711999993
7,fixed_manifest,block_07_proj,linear_projection,GPU,90824.91711999993,90977.16127999993
8,fixed_manifest,block_03_ffn_island,fused_ffn_island,FPGA,90946.98751999991,91279.73503999991
6,fixed_manifest,block_11_norm1,layer_norm,GPU,90977.16127999993,90999.29087999993
9,fixed_manifest,block_00_norm1,layer_norm,GPU,90999.29087999993,91021.42047999993
7,fixed_manifest,block_07_residual1,residual_add,GPU,91021.42047999993,91039.76767999993
6,fixed_manifest,block_11_qkv,linear_qkv,GPU,91039.76767999993,91482.50015999994
9,fixed_manifest,block_00_qkv,linear_qkv,GPU,91482.50015999994,91925.23263999994
7,fixed_manifest,block_07_norm2,layer_norm,GPU,91925.23263999994,91947.36223999994
8,fixed_manifest,block_03_residual2,residual_add,GPU,91947.36223999994,91965.70943999995
6,fixed_manifest,block_11_attention,self_attention,GPU,91965.70943999995,92121.73599999995
7,fixed_manifest,block_07_ffn_island,fused_ffn_island,FPGA,92106.12703999993,92438.87455999992
9,fixed_manifest,block_00_attention,self_attention,GPU,92121.73599999995,92277.76255999993
8,fixed_manifest,block_04_norm1,layer_norm,GPU,92277.76255999993,92299.89215999994
6,fixed_manifest,block_11_proj,linear_projection,GPU,92299.89215999994,92452.13631999993
9,fixed_manifest,block_00_proj,linear_projection,GPU,92452.13631999993,92604.38047999993
8,fixed_manifest,block_04_qkv,linear_qkv,GPU,92604.38047999993,93047.11295999993
6,fixed_manifest,block_11_residual1,residual_add,GPU,93047.11295999993,93065.46015999993
7,fixed_manifest,block_07_residual2,residual_add,GPU,93065.46015999993,93083.80735999993
9,fixed_manifest,block_00_residual1,residual_add,GPU,93083.80735999993,93102.15455999994
8,fixed_manifest,block_04_attention,self_attention,GPU,93102.15455999994,93258.18111999994
6,fixed_manifest,block_11_norm2,layer_norm,GPU,93258.18111999994,93280.31071999994
7,fixed_manifest,block_08_norm1,layer_norm,GPU,93280.31071999994,93302.44031999995
9,fixed_manifest,block_00_norm2,layer_norm,GPU,93302.44031999995,93324.56991999995
8,fixed_manifest,block_04_proj,linear_projection,GPU,93324.56991999995,93476.81407999994
7,fixed_manifest,block_08_qkv,linear_qkv,GPU,93476.81407999994,93919.54655999994
6,fixed_manifest,block_11_ffn_island,fused_ffn_island,FPGA,93494.10431999993,93826.85183999992
9,fixed_manifest,block_00_ffn_island,fused_ffn_island,FPGA,93826.85183999992,94159.59935999992
8,fixed_manifest,block_04_residual1,residual_add,GPU,93919.54655999994,93937.89375999995
7,fixed_manifest,block_08_attention,self_attention,GPU,93937.89375999995,94093.92031999995
8,fixed_manifest,block_04_norm2,layer_norm,GPU,94093.92031999995,94116.04991999995
6,fixed_manifest,block_11_residual2,residual_add,GPU,94116.04991999995,94134.39711999995
7,fixed_manifest,block_08_proj,linear_projection,GPU,94134.39711999995,94286.64127999994
6,fixed_manifest,final_norm,layer_norm,GPU,94286.64127999994,94308.77087999995
7,fixed_manifest,block_08_residual1,residual_add,GPU,94308.77087999995,94327.11807999996
6,fixed_manifest,class_token_select,class_token_select,GPU,94327.11807999996,94334.15647999996
7,fixed_manifest,block_08_norm2,layer_norm,GPU,94334.15647999996,94356.28607999996
6,fixed_manifest,classifier,linear_classifier,GPU,94356.28607999996,94364.24607999997
8,fixed_manifest,block_04_ffn_island,fused_ffn_island,FPGA,94365.03007999995,94697.77759999994
9,fixed_manifest,block_00_residual2,residual_add,GPU,94417.23967999996,94435.58687999996
9,fixed_manifest,block_01_norm1,layer_norm,GPU,94435.58687999996,94457.71647999997
9,fixed_manifest,block_01_qkv,linear_qkv,GPU,94457.71647999997,94900.44895999997
7,fixed_manifest,block_08_ffn_island,fused_ffn_island,FPGA,94697.77759999994,95030.52511999995
8,fixed_manifest,block_04_residual2,residual_add,GPU,94900.44895999997,94918.79615999997
9,fixed_manifest,block_01_attention,self_attention,GPU,94918.79615999997,95074.82271999997
8,fixed_manifest,block_05_norm1,layer_norm,GPU,95074.82271999997,95096.95231999997
9,fixed_manifest,block_01_proj,linear_projection,GPU,95096.95231999997,95249.19647999997
8,fixed_manifest,block_05_qkv,linear_qkv,GPU,95249.19647999997,95691.92895999996
7,fixed_manifest,block_08_residual2,residual_add,GPU,95691.92895999996,95710.27615999996
9,fixed_manifest,block_01_residual1,residual_add,GPU,95710.27615999996,95728.62335999997
8,fixed_manifest,block_05_attention,self_attention,GPU,95728.62335999997,95884.64991999997
7,fixed_manifest,block_09_norm1,layer_norm,GPU,95884.64991999997,95906.77951999997
9,fixed_manifest,block_01_norm2,layer_norm,GPU,95906.77951999997,95928.90911999998
8,fixed_manifest,block_05_proj,linear_projection,GPU,95928.90911999998,96081.15327999997
7,fixed_manifest,block_09_qkv,linear_qkv,GPU,96081.15327999997,96523.88575999998
9,fixed_manifest,block_01_ffn_island,fused_ffn_island,FPGA,96087.67391999996,96420.42143999996
8,fixed_manifest,block_05_residual1,residual_add,GPU,96523.88575999998,96542.23295999998
7,fixed_manifest,block_09_attention,self_attention,GPU,96542.23295999998,96698.25951999996
8,fixed_manifest,block_05_norm2,layer_norm,GPU,96698.25951999996,96720.38911999998
9,fixed_manifest,block_01_residual2,residual_add,GPU,96720.38911999998,96738.73631999998
7,fixed_manifest,block_09_proj,linear_projection,GPU,96738.73631999998,96890.98047999997
8,fixed_manifest,block_05_ffn_island,fused_ffn_island,FPGA,96879.15391999997,97211.90143999996
9,fixed_manifest,block_02_norm1,layer_norm,GPU,96890.98047999997,96913.11007999997
7,fixed_manifest,block_09_residual1,residual_add,GPU,96913.11007999997,96931.45727999997
9,fixed_manifest,block_02_qkv,linear_qkv,GPU,96931.45727999997,97374.18975999998
7,fixed_manifest,block_09_norm2,layer_norm,GPU,97374.18975999998,97396.31935999998
8,fixed_manifest,block_05_residual2,residual_add,GPU,97396.31935999998,97414.66655999998
9,fixed_manifest,block_02_attention,self_attention,GPU,97414.66655999998,97570.69311999998
7,fixed_manifest,block_09_ffn_island,fused_ffn_island,FPGA,97555.08415999997,97887.83167999997
8,fixed_manifest,block_06_norm1,layer_norm,GPU,97570.69311999998,97592.82271999998
9,fixed_manifest,block_02_proj,linear_projection,GPU,97592.82271999998,97745.06687999998
8,fixed_manifest,block_06_qkv,linear_qkv,GPU,97745.06687999998,98187.79935999998
9,fixed_manifest,block_02_residual1,residual_add,GPU,98187.79935999998,98206.14655999998
7,fixed_manifest,block_09_residual2,residual_add,GPU,98206.14655999998,98224.49375999998
8,fixed_manifest,block_06_attention,self_attention,GPU,98224.49375999998,98380.52031999998
9,fixed_manifest,block_02_norm2,layer_norm,GPU,98380.52031999998,98402.64991999998
7,fixed_manifest,block_10_norm1,layer_norm,GPU,98402.64991999998,98424.77952
8,fixed_manifest,block_06_proj,linear_projection,GPU,98424.77952,98577.02367999998
9,fixed_manifest,block_02_ffn_island,fused_ffn_island,FPGA,98561.41471999997,98894.16223999998
7,fixed_manifest,block_10_qkv,linear_qkv,GPU,98577.02367999998,99019.75615999999
8,fixed_manifest,block_06_residual1,residual_add,GPU,99019.75615999999,99038.10336
7,fixed_manifest,block_10_attention,self_attention,GPU,99038.10336,99194.12991999999
8,fixed_manifest,block_06_norm2,layer_norm,GPU,99194.12991999999,99216.25951999999
9,fixed_manifest,block_02_residual2,residual_add,GPU,99216.25951999999,99234.60672
7,fixed_manifest,block_10_proj,linear_projection,GPU,99234.60672,99386.85087999998
8,fixed_manifest,block_06_ffn_island,fused_ffn_island,FPGA,99375.02431999998,99707.77183999997
9,fixed_manifest,block_03_norm1,layer_norm,GPU,99386.85087999998,99408.98048
7,fixed_manifest,block_10_residual1,residual_add,GPU,99408.98048,99427.32768
9,fixed_manifest,block_03_qkv,linear_qkv,GPU,99427.32768,99870.06016
7,fixed_manifest,block_10_norm2,layer_norm,GPU,99870.06016,99892.18976
8,fixed_manifest,block_06_residual2,residual_add,GPU,99892.18976,99910.53696
9,fixed_manifest,block_03_attention,self_attention,GPU,99910.53696,100066.56352
7,fixed_manifest,block_10_ffn_island,fused_ffn_island,FPGA,100050.95455999998,100383.70207999999
8,fixed_manifest,block_07_norm1,layer_norm,GPU,100066.56352,100088.69312
10,fixed_manifest,patch_embedding,patch_embedding,GPU,100088.69312,100240.2
9,fixed_manifest,block_03_proj,linear_projection,GPU,100240.2,100392.44416
8,fixed_manifest,block_07_qkv,linear_qkv,GPU,100392.44416,100835.17663999999
10,fixed_manifest,token_embedding,token_and_position_embedding,GPU,100835.17663999999,100853.52384
9,fixed_manifest,block_03_residual1,residual_add,GPU,100853.52384,100871.87104
7,fixed_manifest,block_10_residual2,residual_add,GPU,100871.87104,100890.21824000002
8,fixed_manifest,block_07_attention,self_attention,GPU,100890.21824000002,101046.2448
10,fixed_manifest,block_00_norm1,layer_norm,GPU,101046.2448,101068.3744
9,fixed_manifest,block_03_norm2,layer_norm,GPU,101068.3744,101090.50400000002
7,fixed_manifest,block_11_norm1,layer_norm,GPU,101090.50400000002,101112.63360000002
8,fixed_manifest,block_07_proj,linear_projection,GPU,101112.63360000002,101264.87776000002
9,fixed_manifest,block_03_ffn_island,fused_ffn_island,FPGA,101249.2688,101582.01632
10,fixed_manifest,block_00_qkv,linear_qkv,GPU,101264.87776000002,101707.61024000001
7,fixed_manifest,block_11_qkv,linear_qkv,GPU,101707.61024000001,102150.34272000002
8,fixed_manifest,block_07_residual1,residual_add,GPU,102150.34272000002,102168.68992000002
10,fixed_manifest,block_00_attention,self_attention,GPU,102168.68992000002,102324.71648
9,fixed_manifest,block_03_residual2,residual_add,GPU,102324.71648,102343.06368
7,fixed_manifest,block_11_attention,self_attention,GPU,102343.06368,102499.09024
8,fixed_manifest,block_07_norm2,layer_norm,GPU,102499.09024,102521.21984
10,fixed_manifest,block_00_proj,linear_projection,GPU,102521.21984,102673.464
9,fixed_manifest,block_04_norm1,layer_norm,GPU,102673.464,102695.59360000001
8,fixed_manifest,block_07_ffn_island,fused_ffn_island,FPGA,102679.98464,103012.73216
7,fixed_manifest,block_11_proj,linear_projection,GPU,102695.59360000001,102847.83776000001
10,fixed_manifest,block_00_residual1,residual_add,GPU,102847.83776000001,102866.18496000001
9,fixed_manifest,block_04_qkv,linear_qkv,GPU,102866.18496000001,103308.91744
7,fixed_manifest,block_11_residual1,residual_add,GPU,103308.91744,103327.26464000001
10,fixed_manifest,block_00_norm2,layer_norm,GPU,103327.26464000001,103349.39424000002
8,fixed_manifest,block_07_residual2,residual_add,GPU,103349.39424000002,103367.74144000003
9,fixed_manifest,block_04_attention,self_attention,GPU,103367.74144000003,103523.76800000001
10,fixed_manifest,block_00_ffn_island,fused_ffn_island,FPGA,103508.15904,103840.90656
7,fixed_manifest,block_11_norm2,layer_norm,GPU,103523.76800000001,103545.89760000003
8,fixed_manifest,block_08_norm1,layer_norm,GPU,103545.89760000003,103568.02720000003
9,fixed_manifest,block_04_proj,linear_projection,GPU,103568.02720000003,103720.27136000001
8,fixed_manifest,block_08_qkv,linear_qkv,GPU,103720.27136000001,104163.00384000002
7,fixed_manifest,block_11_ffn_island,fused_ffn_island,FPGA,103840.90656,104173.65408
9,fixed_manifest,block_04_residual1,residual_add,GPU,104163.00384000002,104181.35104000002
10,fixed_manifest,block_00_residual2,residual_add,GPU,104181.35104000002,104199.69824000003
8,fixed_manifest,block_08_attention,self_attention,GPU,104199.69824000003,104355.72480000003
9,fixed_manifest,block_04_norm2,layer_norm,GPU,104355.72480000003,104377.85440000003
10,fixed_manifest,block_01_norm1,layer_norm,GPU,104377.85440000003,104399.98400000003
7,fixed_manifest,block_11_residual2,residual_add,GPU,104399.98400000003,104418.33120000003
8,fixed_manifest,block_08_proj,linear_projection,GPU,104418.33120000003,104570.57536000003
9,fixed_manifest,block_04_ffn_island,fused_ffn_island,FPGA,104536.61920000002,104869.36672
10,fixed_manifest,block_01_qkv,linear_qkv,GPU,104570.57536000003,105013.30784000002
7,fixed_manifest,final_norm,layer_norm,GPU,105013.30784000002,105035.43744000004
8,fixed_manifest,block_08_residual1,residual_add,GPU,105035.43744000004,105053.78464000004
10,fixed_manifest,block_01_attention,self_attention,GPU,105053.78464000004,105209.81120000003
9,fixed_manifest,block_04_residual2,residual_add,GPU,105209.81120000003,105228.15840000003
7,fixed_manifest,class_token_select,class_token_select,GPU,105228.15840000003,105235.19680000003
8,fixed_manifest,block_08_norm2,layer_norm,GPU,105235.19680000003,105257.32640000005
10,fixed_manifest,block_01_proj,linear_projection,GPU,105257.32640000005,105409.57056000004
9,fixed_manifest,block_05_norm1,layer_norm,GPU,105409.57056000004,105431.70016000005
8,fixed_manifest,block_08_ffn_island,fused_ffn_island,FPGA,105416.09120000004,105748.83872000003
7,fixed_manifest,classifier,linear_classifier,GPU,105431.70016000005,105439.66016000004
10,fixed_manifest,block_01_residual1,residual_add,GPU,105439.66016000004,105458.00736000005
9,fixed_manifest,block_05_qkv,linear_qkv,GPU,105458.00736000005,105900.73984000005
10,fixed_manifest,block_01_norm2,layer_norm,GPU,105900.73984000005,105922.86944000005
9,fixed_manifest,block_05_attention,self_attention,GPU,105922.86944000005,106078.89600000005
8,fixed_manifest,block_08_residual2,residual_add,GPU,106078.89600000005,106097.24320000006
10,fixed_manifest,block_01_ffn_island,fused_ffn_island,FPGA,106081.63424000004,106414.38176000003
9,fixed_manifest,block_05_proj,linear_projection,GPU,106097.24320000006,106249.48736000004
8,fixed_manifest,block_09_norm1,layer_norm,GPU,106249.48736000004,106271.61696000006
9,fixed_manifest,block_05_residual1,residual_add,GPU,106271.61696000006,106289.96416000006
8,fixed_manifest,block_09_qkv,linear_qkv,GPU,106289.96416000006,106732.69664000005
9,fixed_manifest,block_05_norm2,layer_norm,GPU,106732.69664000005,106754.82624000005
10,fixed_manifest,block_01_residual2,residual_add,GPU,106754.82624000005,106773.17344000006
8,fixed_manifest,block_09_attention,self_attention,GPU,106773.17344000006,106929.20000000006
9,fixed_manifest,block_05_ffn_island,fused_ffn_island,FPGA,106913.59104000004,107246.33856000005
10,fixed_manifest,block_02_norm1,layer_norm,GPU,106929.20000000006,106951.32960000006
8,fixed_manifest,block_09_proj,linear_projection,GPU,106951.32960000006,107103.57376000006
10,fixed_manifest,block_02_qkv,linear_qkv,GPU,107103.57376000006,107546.30624000005
8,fixed_manifest,block_09_residual1,residual_add,GPU,107546.30624000005,107564.65344000007
9,fixed_manifest,block_05_residual2,residual_add,GPU,107564.65344000007,107583.00064000007
10,fixed_manifest,block_02_attention,self_attention,GPU,107583.00064000007,107739.02720000006
8,fixed_manifest,block_09_norm2,layer_norm,GPU,107739.02720000006,107761.15680000007
9,fixed_manifest,block_06_norm1,layer_norm,GPU,107761.15680000007,107783.28640000007
10,fixed_manifest,block_02_proj,linear_projection,GPU,107783.28640000007,107935.53056000006
8,fixed_manifest,block_09_ffn_island,fused_ffn_island,FPGA,107919.92160000005,108252.66912000005
9,fixed_manifest,block_06_qkv,linear_qkv,GPU,107935.53056000006,108378.26304000006
10,fixed_manifest,block_02_residual1,residual_add,GPU,108378.26304000006,108396.61024000007
9,fixed_manifest,block_06_attention,self_attention,GPU,108396.61024000007,108552.63680000007
10,fixed_manifest,block_02_norm2,layer_norm,GPU,108552.63680000007,108574.76640000007
8,fixed_manifest,block_09_residual2,residual_add,GPU,108574.76640000007,108593.11360000007
9,fixed_manifest,block_06_proj,linear_projection,GPU,108593.11360000007,108745.35776000006
10,fixed_manifest,block_02_ffn_island,fused_ffn_island,FPGA,108733.53120000006,109066.27872000005
8,fixed_manifest,block_10_norm1,layer_norm,GPU,108745.35776000006,108767.48736000007
9,fixed_manifest,block_06_residual1,residual_add,GPU,108767.48736000007,108785.83456000008
8,fixed_manifest,block_10_qkv,linear_qkv,GPU,108785.83456000008,109228.56704000007
9,fixed_manifest,block_06_norm2,layer_norm,GPU,109228.56704000007,109250.69664000008
10,fixed_manifest,block_02_residual2,residual_add,GPU,109250.69664000008,109269.04384000009
8,fixed_manifest,block_10_attention,self_attention,GPU,109269.04384000009,109425.07040000007
9,fixed_manifest,block_06_ffn_island,fused_ffn_island,FPGA,109409.46144000006,109742.20896000006
10,fixed_manifest,block_03_norm1,layer_norm,GPU,109425.07040000007,109447.20000000008
8,fixed_manifest,block_10_proj,linear_projection,GPU,109447.20000000008,109599.44416000007
10,fixed_manifest,block_03_qkv,linear_qkv,GPU,109599.44416000007,110042.17664000008
8,fixed_manifest,block_10_residual1,residual_add,GPU,110042.17664000008,110060.52384000008
9,fixed_manifest,block_06_residual2,residual_add,GPU,110060.52384000008,110078.87104000009
11,fixed_manifest,patch_embedding,patch_embedding,GPU,110078.87104000009,110230.37792000009
10,fixed_manifest,block_03_attention,self_attention,GPU,110230.37792000009,110386.40448000007
8,fixed_manifest,block_10_norm2,layer_norm,GPU,110386.40448000007,110408.53408000008
9,fixed_manifest,block_07_norm1,layer_norm,GPU,110408.53408000008,110430.66368000009
11,fixed_manifest,token_embedding,token_and_position_embedding,GPU,110430.66368000009,110449.01088000009
10,fixed_manifest,block_03_proj,linear_projection,GPU,110449.01088000009,110601.25504000008
8,fixed_manifest,block_10_ffn_island,fused_ffn_island,FPGA,110567.29888000006,110900.04640000006
9,fixed_manifest,block_07_qkv,linear_qkv,GPU,110601.25504000008,111043.98752000008
11,fixed_manifest,block_00_norm1,layer_norm,GPU,111043.98752000008,111066.11712000008
10,fixed_manifest,block_03_residual1,residual_add,GPU,111066.11712000008,111084.46432000009
9,fixed_manifest,block_07_attention,self_attention,GPU,111084.46432000009,111240.49088000008
8,fixed_manifest,block_10_residual2,residual_add,GPU,111240.49088000008,111258.83808000009
11,fixed_manifest,block_00_qkv,linear_qkv,GPU,111258.83808000009,111701.5705600001
10,fixed_manifest,block_03_norm2,layer_norm,GPU,111701.5705600001,111723.7001600001
9,fixed_manifest,block_07_proj,linear_projection,GPU,111723.7001600001,111875.94432000008
8,fixed_manifest,block_11_norm1,layer_norm,GPU,111875.94432000008,111898.0739200001
10,fixed_manifest,block_03_ffn_island,fused_ffn_island,FPGA,111882.46496000008,112215.21248000007
11,fixed_manifest,block_00_attention,self_attention,GPU,111898.0739200001,112054.10048000008
9,fixed_manifest,block_07_residual1,residual_add,GPU,112054.10048000008,112072.44768000008
8,fixed_manifest,block_11_qkv,linear_qkv,GPU,112072.44768000008,112515.18016000009
11,fixed_manifest,block_00_proj,linear_projection,GPU,112515.18016000009,112667.42432000008
9,fixed_manifest,block_07_norm2,layer_norm,GPU,112667.42432000008,112689.5539200001
10,fixed_manifest,block_03_residual2,residual_add,GPU,112689.5539200001,112707.9011200001
8,fixed_manifest,block_11_attention,self_attention,GPU,112707.9011200001,112863.92768000008
9,fixed_manifest,block_07_ffn_island,fused_ffn_island,FPGA,112848.31872000008,113181.06624000007
11,fixed_manifest,block_00_residual1,residual_add,GPU,112863.92768000008,112882.27488000008
10,fixed_manifest,block_04_norm1,layer_norm,GPU,112882.27488000008,112904.4044800001
8,fixed_manifest,block_11_proj,linear_projection,GPU,112904.4044800001,113056.64864000009
11,fixed_manifest,block_00_norm2,layer_norm,GPU,113056.64864000009,113078.77824000009
10,fixed_manifest,block_04_qkv,linear_qkv,GPU,113078.77824000009,113521.5107200001
11,fixed_manifest,block_00_ffn_island,fused_ffn_island,FPGA,113269.0198400001,113601.76736000009
8,fixed_manifest,block_11_residual1,residual_add,GPU,113521.5107200001,113539.8579200001
9,fixed_manifest,block_07_residual2,residual_add,GPU,113539.8579200001,113558.2051200001
10,fixed_manifest,block_04_attention,self_attention,GPU,113558.2051200001,113714.2316800001
8,fixed_manifest,block_11_norm2,layer_norm,GPU,113714.2316800001,113736.3612800001
9,fixed_manifest,block_08_norm1,layer_norm,GPU,113736.3612800001,113758.4908800001
10,fixed_manifest,block_04_proj,linear_projection,GPU,113758.4908800001,113910.7350400001
9,fixed_manifest,block_08_qkv,linear_qkv,GPU,113910.7350400001,114353.4675200001
8,fixed_manifest,block_11_ffn_island,fused_ffn_island,FPGA,113911.2969600001,114244.04448000008
11,fixed_manifest,block_00_residual2,residual_add,GPU,114353.4675200001,114371.8147200001
10,fixed_manifest,block_04_residual1,residual_add,GPU,114371.8147200001,114390.16192000012
9,fixed_manifest,block_08_attention,self_attention,GPU,114390.16192000012,114546.1884800001
11,fixed_manifest,block_01_norm1,layer_norm,GPU,114546.1884800001,114568.3180800001
10,fixed_manifest,block_04_norm2,layer_norm,GPU,114568.3180800001,114590.44768000011
8,fixed_manifest,block_11_residual2,residual_add,GPU,114590.44768000011,114608.79488000012
9,fixed_manifest,block_08_proj,linear_projection,GPU,114608.79488000012,114761.0390400001
10,fixed_manifest,block_04_ffn_island,fused_ffn_island,FPGA,114749.2124800001,115081.9600000001
11,fixed_manifest,block_01_qkv,linear_qkv,GPU,114761.0390400001,115203.77152000011
8,fixed_manifest,final_norm,layer_norm,GPU,115203.77152000011,115225.90112000011
9,fixed_manifest,block_08_residual1,residual_add,GPU,115225.90112000011,115244.24832000012
11,fixed_manifest,block_01_attention,self_attention,GPU,115244.24832000012,115400.27488000011
8,fixed_manifest,class_token_select,class_token_select,GPU,115400.27488000011,115407.31328000012
10,fixed_manifest,block_04_residual2,residual_add,GPU,115407.31328000012,115425.66048000012
9,fixed_manifest,block_08_norm2,layer_norm,GPU,115425.66048000012,115447.79008000012
11,fixed_manifest,block_01_proj,linear_projection,GPU,115447.79008000012,115600.03424000012
8,fixed_manifest,classifier,linear_classifier,GPU,115600.03424000012,115607.99424000012
9,fixed_manifest,block_08_ffn_island,fused_ffn_island,FPGA,115606.55488000011,115939.30240000012
10,fixed_manifest,block_05_norm1,layer_norm,GPU,115607.99424000012,115630.12384000013
11,fixed_manifest,block_01_residual1,residual_add,GPU,115630.12384000013,115648.47104000013
10,fixed_manifest,block_05_qkv,linear_qkv,GPU,115648.47104000013,116091.20352000013
11,fixed_manifest,block_01_norm2,layer_norm,GPU,116091.20352000013,116113.33312000014
10,fixed_manifest,block_05_attention,self_attention,GPU,116113.33312000014,116269.35968000013
9,fixed_manifest,block_08_residual2,residual_add,GPU,116269.35968000013,116287.70688000013
11,fixed_manifest,block_01_ffn_island,fused_ffn_island,FPGA,116272.09792000012,116604.84544000012
10,fixed_manifest,block_05_proj,linear_projection,GPU,116287.70688000013,116439.95104000013
9,fixed_manifest,block_09_norm1,layer_norm,GPU,116439.95104000013,116462.08064000013
10,fixed_manifest,block_05_residual1,residual_add,GPU,116462.08064000013,116480.42784000013
9,fixed_manifest,block_09_qkv,linear_qkv,GPU,116480.42784000013,116923.16032000014
10,fixed_manifest,block_05_norm2,layer_norm,GPU,116923.16032000014,116945.28992000014
11,fixed_manifest,block_01_residual2,residual_add,GPU,116945.28992000014,116963.63712000014
9,fixed_manifest,block_09_attention,self_attention,GPU,116963.63712000014,117119.66368000014
10,fixed_manifest,block_05_ffn_island,fused_ffn_island,FPGA,117104.05472000013,117436.80224000012
11,fixed_manifest,block_02_norm1,layer_norm,GPU,117119.66368000014,117141.79328000014
9,fixed_manifest,block_09_proj,linear_projection,GPU,117141.79328000014,117294.03744000013
11,fixed_manifest,block_02_qkv,linear_qkv,GPU,117294.03744000013,117736.76992000014
9,fixed_manifest,block_09_residual1,residual_add,GPU,117736.76992000014,117755.11712000014
10,fixed_manifest,block_05_residual2,residual_add,GPU,117755.11712000014,117773.46432000014
11,fixed_manifest,block_02_attention,self_attention,GPU,117773.46432000014,117929.49088000014
9,fixed_manifest,block_09_norm2,layer_norm,GPU,117929.49088000014,117951.62048000014
10,fixed_manifest,block_06_norm1,layer_norm,GPU,117951.62048000014,117973.75008000014
11,fixed_manifest,block_02_proj,linear_projection,GPU,117973.75008000014,118125.99424000015
9,fixed_manifest,block_09_ffn_island,fused_ffn_island,FPGA,118110.38528000013,118443.13280000012
10,fixed_manifest,block_06_qkv,linear_qkv,GPU,118125.99424000015,118568.72672000014
11,fixed_manifest,block_02_residual1,residual_add,GPU,118568.72672000014,118587.07392000014
10,fixed_manifest,block_06_attention,self_attention,GPU,118587.07392000014,118743.10048000014
11,fixed_manifest,block_02_norm2,layer_norm,GPU,118743.10048000014,118765.23008000014
9,fixed_manifest,block_09_residual2,residual_add,GPU,118765.23008000014,118783.57728000014
10,fixed_manifest,block_06_proj,linear_projection,GPU,118783.57728000014,118935.82144000015
11,fixed_manifest,block_02_ffn_island,fused_ffn_island,FPGA,118923.99488000013,119256.74240000013
9,fixed_manifest,block_10_norm1,layer_norm,GPU,118935.82144000015,118957.95104000015
10,fixed_manifest,block_06_residual1,residual_add,GPU,118957.95104000015,118976.29824000015
9,fixed_manifest,block_10_qkv,linear_qkv,GPU,118976.29824000015,119419.03072000016
10,fixed_manifest,block_06_norm2,layer_norm,GPU,119419.03072000016,119441.16032000016
11,fixed_manifest,block_02_residual2,residual_add,GPU,119441.16032000016,119459.50752000016
9,fixed_manifest,block_10_attention,self_attention,GPU,119459.50752000016,119615.53408000016
10,fixed_manifest,block_06_ffn_island,fused_ffn_island,FPGA,119599.92512000015,119932.67264000014
11,fixed_manifest,block_03_norm1,layer_norm,GPU,119615.53408000016,119637.66368000016
9,fixed_manifest,block_10_proj,linear_projection,GPU,119637.66368000016,119789.90784000016
11,fixed_manifest,block_03_qkv,linear_qkv,GPU,119789.90784000016,120232.64032000015
9,fixed_manifest,block_10_residual1,residual_add,GPU,120232.64032000015,120250.98752000016
12,fixed_manifest,patch_embedding,patch_embedding,GPU,120250.98752000016,120402.49440000016
10,fixed_manifest,block_06_residual2,residual_add,GPU,120402.49440000016,120420.84160000016
11,fixed_manifest,block_03_attention,self_attention,GPU,120420.84160000016,120576.86816000016
9,fixed_manifest,block_10_norm2,layer_norm,GPU,120576.86816000016,120598.99776000016
12,fixed_manifest,token_embedding,token_and_position_embedding,GPU,120598.99776000016,120617.34496000016
10,fixed_manifest,block_07_norm1,layer_norm,GPU,120617.34496000016,120639.47456000016
11,fixed_manifest,block_03_proj,linear_projection,GPU,120639.47456000016,120791.71872000016
9,fixed_manifest,block_10_ffn_island,fused_ffn_island,FPGA,120757.76256000015,121090.51008000014
12,fixed_manifest,block_00_norm1,layer_norm,GPU,120791.71872000016,120813.84832000016
10,fixed_manifest,block_07_qkv,linear_qkv,GPU,120813.84832000016,121256.58080000017
11,fixed_manifest,block_03_residual1,residual_add,GPU,121256.58080000017,121274.92800000017
12,fixed_manifest,block_00_qkv,linear_qkv,GPU,121274.92800000017,121717.66048000017
9,fixed_manifest,block_10_residual2,residual_add,GPU,121717.66048000017,121736.00768000017
10,fixed_manifest,block_07_attention,self_attention,GPU,121736.00768000017,121892.03424000017
11,fixed_manifest,block_03_norm2,layer_norm,GPU,121892.03424000017,121914.16384000017
12,fixed_manifest,block_00_attention,self_attention,GPU,121914.16384000017,122070.19040000017
9,fixed_manifest,block_11_norm1,layer_norm,GPU,122070.19040000017,122092.32000000017
11,fixed_manifest,block_03_ffn_island,fused_ffn_island,FPGA,122072.92864000016,122405.67616000016
10,fixed_manifest,block_07_proj,linear_projection,GPU,122092.32000000017,122244.56416000017
12,fixed_manifest,block_00_proj,linear_projection,GPU,122244.56416000017,122396.80832000016
9,fixed_manifest,block_11_qkv,linear_qkv,GPU,122396.80832000016,122839.54080000016
10,fixed_manifest,block_07_residual1,residual_add,GPU,122839.54080000016,122857.88800000017
12,fixed_manifest,block_00_residual1,residual_add,GPU,122857.88800000017,122876.23520000017
11,fixed_manifest,block_03_residual2,residual_add,GPU,122876.23520000017,122894.58240000017
9,fixed_manifest,block_11_attention,self_attention,GPU,122894.58240000017,123050.60896000017
10,fixed_manifest,block_07_norm2,layer_norm,GPU,123050.60896000017,123072.73856000017
12,fixed_manifest,block_00_norm2,layer_norm,GPU,123072.73856000017,123094.86816000017
11,fixed_manifest,block_04_norm1,layer_norm,GPU,123094.86816000017,123116.99776000017
9,fixed_manifest,block_11_proj,linear_projection,GPU,123116.99776000017,123269.24192000018
11,fixed_manifest,block_04_qkv,linear_qkv,GPU,123269.24192000018,123711.97440000018
10,fixed_manifest,block_07_ffn_island,fused_ffn_island,FPGA,123313.00896000017,123645.75648000016
12,fixed_manifest,block_00_ffn_island,fused_ffn_island,FPGA,123645.75648000016,123978.50400000016
9,fixed_manifest,block_11_residual1,residual_add,GPU,123711.97440000018,123730.32160000018
11,fixed_manifest,block_04_attention,self_attention,GPU,123730.32160000018,123886.34816000017
9,fixed_manifest,block_11_norm2,layer_norm,GPU,123886.34816000017,123908.47776000018
10,fixed_manifest,block_07_residual2,residual_add,GPU,123908.47776000018,123926.82496000019
11,fixed_manifest,block_04_proj,linear_projection,GPU,123926.82496000019,124079.06912000017
10,fixed_manifest,block_08_norm1,layer_norm,GPU,124079.06912000017,124101.19872000017
11,fixed_manifest,block_04_residual1,residual_add,GPU,124101.19872000017,124119.54592000018
10,fixed_manifest,block_08_qkv,linear_qkv,GPU,124119.54592000018,124562.27840000018
9,fixed_manifest,block_11_ffn_island,fused_ffn_island,FPGA,124130.98112000017,124463.72864000018
11,fixed_manifest,block_04_norm2,layer_norm,GPU,124562.27840000018,124584.40800000018
12,fixed_manifest,block_00_residual2,residual_add,GPU,124584.40800000018,124602.75520000019
10,fixed_manifest,block_08_attention,self_attention,GPU,124602.75520000019,124758.78176000019
12,fixed_manifest,block_01_norm1,layer_norm,GPU,124758.78176000019,124780.91136000019
11,fixed_manifest,block_04_ffn_island,fused_ffn_island,FPGA,124766.0409600002,125098.78848000019
9,fixed_manifest,block_11_residual2,residual_add,GPU,124780.91136000019,124799.25856000019
10,fixed_manifest,block_08_proj,linear_projection,GPU,124799.25856000019,124951.5027200002
12,fixed_manifest,block_01_qkv,linear_qkv,GPU,124951.5027200002,125394.2352000002
9,fixed_manifest,final_norm,layer_norm,GPU,125394.2352000002,125416.36480000021
10,fixed_manifest,block_08_residual1,residual_add,GPU,125416.36480000021,125434.7120000002
11,fixed_manifest,block_04_residual2,residual_add,GPU,125434.7120000002,125453.05920000019
12,fixed_manifest,block_01_attention,self_attention,GPU,125453.05920000019,125609.08576000018
9,fixed_manifest,class_token_select,class_token_select,GPU,125609.08576000018,125616.12416000018
10,fixed_manifest,block_08_norm2,layer_norm,GPU,125616.12416000018,125638.25376000018
11,fixed_manifest,block_05_norm1,layer_norm,GPU,125638.25376000018,125660.38336000018
12,fixed_manifest,block_01_proj,linear_projection,GPU,125660.38336000018,125812.6275200002
10,fixed_manifest,block_08_ffn_island,fused_ffn_island,FPGA,125797.0185600002,126129.7660800002
9,fixed_manifest,classifier,linear_classifier,GPU,125812.6275200002,125820.58752000019
11,fixed_manifest,block_05_qkv,linear_qkv,GPU,125820.58752000019,126263.32000000021
12,fixed_manifest,block_01_residual1,residual_add,GPU,126263.32000000021,126281.6672000002
11,fixed_manifest,block_05_attention,self_attention,GPU,126281.6672000002,126437.6937600002
12,fixed_manifest,block_01_norm2,layer_norm,GPU,126437.6937600002,126459.8233600002
10,fixed_manifest,block_08_residual2,residual_add,GPU,126459.8233600002,126478.17056000019
11,fixed_manifest,block_05_proj,linear_projection,GPU,126478.17056000019,126630.41472000019
12,fixed_manifest,block_01_ffn_island,fused_ffn_island,FPGA,126618.58816000022,126951.33568000022
10,fixed_manifest,block_09_norm1,layer_norm,GPU,126630.41472000019,126652.5443200002
11,fixed_manifest,block_05_residual1,residual_add,GPU,126652.5443200002,126670.8915200002
10,fixed_manifest,block_09_qkv,linear_qkv,GPU,126670.8915200002,127113.6240000002
11,fixed_manifest,block_05_norm2,layer_norm,GPU,127113.6240000002,127135.7536000002
12,fixed_manifest,block_01_residual2,residual_add,GPU,127135.7536000002,127154.1008000002
10,fixed_manifest,block_09_attention,self_attention,GPU,127154.1008000002,127310.12736000019
11,fixed_manifest,block_05_ffn_island,fused_ffn_island,FPGA,127294.51840000022,127627.26592000024
12,fixed_manifest,block_02_norm1,layer_norm,GPU,127310.12736000019,127332.25696000019
10,fixed_manifest,block_09_proj,linear_projection,GPU,127332.25696000019,127484.5011200002
12,fixed_manifest,block_02_qkv,linear_qkv,GPU,127484.5011200002,127927.23360000021
10,fixed_manifest,block_09_residual1,residual_add,GPU,127927.23360000021,127945.58080000021
11,fixed_manifest,block_05_residual2,residual_add,GPU,127945.58080000021,127963.9280000002
12,fixed_manifest,block_02_attention,self_attention,GPU,127963.9280000002,128119.95456000019
10,fixed_manifest,block_09_norm2,layer_norm,GPU,128119.95456000019,128142.0841600002
11,fixed_manifest,block_06_norm1,layer_norm,GPU,128142.0841600002,128164.2137600002
12,fixed_manifest,block_02_proj,linear_projection,GPU,128164.2137600002,128316.4579200002
10,fixed_manifest,block_09_ffn_island,fused_ffn_island,FPGA,128300.8489600002,128633.59648000023
11,fixed_manifest,block_06_qkv,linear_qkv,GPU,128316.4579200002,128759.19040000023
12,fixed_manifest,block_02_residual1,residual_add,GPU,128759.19040000023,128777.53760000021
11,fixed_manifest,block_06_attention,self_attention,GPU,128777.53760000021,128933.56416000021
12,fixed_manifest,block_02_norm2,layer_norm,GPU,128933.56416000021,128955.69376000021
10,fixed_manifest,block_09_residual2,residual_add,GPU,128955.69376000021,128974.0409600002
11,fixed_manifest,block_06_proj,linear_projection,GPU,128974.0409600002,129126.28512000022
12,fixed_manifest,block_02_ffn_island,fused_ffn_island,FPGA,129114.45856000023,129447.20608000024
10,fixed_manifest,block_10_norm1,layer_norm,GPU,129126.28512000022,129148.41472000022
11,fixed_manifest,block_06_residual1,residual_add,GPU,129148.41472000022,129166.76192000021
10,fixed_manifest,block_10_qkv,linear_qkv,GPU,129166.76192000021,129609.49440000021
11,fixed_manifest,block_06_norm2,layer_norm,GPU,129609.49440000021,129631.62400000023
12,fixed_manifest,block_02_residual2,residual_add,GPU,129631.62400000023,129649.97120000022
10,fixed_manifest,block_10_attention,self_attention,GPU,129649.97120000022,129805.9977600002
11,fixed_manifest,block_06_ffn_island,fused_ffn_island,FPGA,129790.38880000023,130123.13632000025
12,fixed_manifest,block_03_norm1,layer_norm,GPU,129805.9977600002,129828.12736000022
10,fixed_manifest,block_10_proj,linear_projection,GPU,129828.12736000022,129980.37152000022
12,fixed_manifest,block_03_qkv,linear_qkv,GPU,129980.37152000022,130423.10400000024
10,fixed_manifest,block_10_residual1,residual_add,GPU,130423.10400000024,130441.45120000023
13,fixed_manifest,patch_embedding,patch_embedding,GPU,130441.45120000023,130592.95808000024
11,fixed_manifest,block_06_residual2,residual_add,GPU,130592.95808000024,130611.30528000023
12,fixed_manifest,block_03_attention,self_attention,GPU,130611.30528000023,130767.33184000022
10,fixed_manifest,block_10_norm2,layer_norm,GPU,130767.33184000022,130789.46144000023
13,fixed_manifest,token_embedding,token_and_position_embedding,GPU,130789.46144000023,130807.80864000022
11,fixed_manifest,block_07_norm1,layer_norm,GPU,130807.80864000022,130829.93824000022
12,fixed_manifest,block_03_proj,linear_projection,GPU,130829.93824000022,130982.18240000022
10,fixed_manifest,block_10_ffn_island,fused_ffn_island,FPGA,130948.22624000024,131280.97376000026
13,fixed_manifest,block_00_norm1,layer_norm,GPU,130982.18240000022,131004.31200000024
11,fixed_manifest,block_07_qkv,linear_qkv,GPU,131004.31200000024,131447.04448000024
12,fixed_manifest,block_03_residual1,residual_add,GPU,131447.04448000024,131465.39168000023
13,fixed_manifest,block_00_qkv,linear_qkv,GPU,131465.39168000023,131908.12416000024
10,fixed_manifest,block_10_residual2,residual_add,GPU,131908.12416000024,131926.47136000023
11,fixed_manifest,block_07_attention,self_attention,GPU,131926.47136000023,132082.49792000023
12,fixed_manifest,block_03_norm2,layer_norm,GPU,132082.49792000023,132104.62752000024
13,fixed_manifest,block_00_attention,self_attention,GPU,132104.62752000024,132260.65408000024
10,fixed_manifest,block_11_norm1,layer_norm,GPU,132260.65408000024,132282.78368000023
12,fixed_manifest,block_03_ffn_island,fused_ffn_island,FPGA,132263.39232000025,132596.13984000028
11,fixed_manifest,block_07_proj,linear_projection,GPU,132282.78368000023,132435.02784000026
13,fixed_manifest,block_00_proj,linear_projection,GPU,132435.02784000026,132587.27200000026
10,fixed_manifest,block_11_qkv,linear_qkv,GPU,132587.27200000026,133030.00448000027
11,fixed_manifest,block_07_residual1,residual_add,GPU,133030.00448000027,133048.35168000025
13,fixed_manifest,block_00_residual1,residual_add,GPU,133048.35168000025,133066.69888000024
12,fixed_manifest,block_03_residual2,residual_add,GPU,133066.69888000024,133085.04608000023
10,fixed_manifest,block_11_attention,self_attention,GPU,133085.04608000023,133241.07264000023
11,fixed_manifest,block_07_norm2,layer_norm,GPU,133241.07264000023,133263.20224000025
13,fixed_manifest,block_00_norm2,layer_norm,GPU,133263.20224000025,133285.33184000023
12,fixed_manifest,block_04_norm1,layer_norm,GPU,133285.33184000023,133307.46144000025
10,fixed_manifest,block_11_proj,linear_projection,GPU,133307.46144000025,133459.70560000025
12,fixed_manifest,block_04_qkv,linear_qkv,GPU,133459.70560000025,133902.43808000025
11,fixed_manifest,block_07_ffn_island,fused_ffn_island,FPGA,133503.47264000023,133836.22016000023
13,fixed_manifest,block_00_ffn_island,fused_ffn_island,FPGA,133836.22016000023,134168.96768000026
10,fixed_manifest,block_11_residual1,residual_add,GPU,133902.43808000025,133920.78528000027
12,fixed_manifest,block_04_attention,self_attention,GPU,133920.78528000027,134076.81184000024
10,fixed_manifest,block_11_norm2,layer_norm,GPU,134076.81184000024,134098.94144000026
11,fixed_manifest,block_07_residual2,residual_add,GPU,134098.94144000026,134117.28864000025
12,fixed_manifest,block_04_proj,linear_projection,GPU,134117.28864000025,134269.53280000025
11,fixed_manifest,block_08_norm1,layer_norm,GPU,134269.53280000025,134291.66240000026
12,fixed_manifest,block_04_residual1,residual_add,GPU,134291.66240000026,134310.00960000025
11,fixed_manifest,block_08_qkv,linear_qkv,GPU,134310.00960000025,134752.74208000026
10,fixed_manifest,block_11_ffn_island,fused_ffn_island,FPGA,134321.4448000003,134654.19232000032
12,fixed_manifest,block_04_norm2,layer_norm,GPU,134752.74208000026,134774.87168000027
13,fixed_manifest,block_00_residual2,residual_add,GPU,134774.87168000027,134793.21888000026
11,fixed_manifest,block_08_attention,self_attention,GPU,134793.21888000026,134949.24544000026
13,fixed_manifest,block_01_norm1,layer_norm,GPU,134949.24544000026,134971.37504000025
12,fixed_manifest,block_04_ffn_island,fused_ffn_island,FPGA,134956.50464000023,135289.25216000024
10,fixed_manifest,block_11_residual2,residual_add,GPU,134971.37504000025,134989.72224000024
11,fixed_manifest,block_08_proj,linear_projection,GPU,134989.72224000024,135141.96640000027
13,fixed_manifest,block_01_qkv,linear_qkv,GPU,135141.96640000027,135584.69888000027
10,fixed_manifest,final_norm,layer_norm,GPU,135584.69888000027,135606.8284800003
11,fixed_manifest,block_08_residual1,residual_add,GPU,135606.8284800003,135625.17568000028
12,fixed_manifest,block_04_residual2,residual_add,GPU,135625.17568000028,135643.52288000027
13,fixed_manifest,block_01_attention,self_attention,GPU,135643.52288000027,135799.54944000026
10,fixed_manifest,class_token_select,class_token_select,GPU,135799.54944000026,135806.58784000025
11,fixed_manifest,block_08_norm2,layer_norm,GPU,135806.58784000025,135828.71744000024
12,fixed_manifest,block_05_norm1,layer_norm,GPU,135828.71744000024,135850.84704000026
13,fixed_manifest,block_01_proj,linear_projection,GPU,135850.84704000026,136003.09120000026
11,fixed_manifest,block_08_ffn_island,fused_ffn_island,FPGA,135987.48224000027,136320.22976000028
10,fixed_manifest,classifier,linear_classifier,GPU,136003.09120000026,136011.05120000025
12,fixed_manifest,block_05_qkv,linear_qkv,GPU,136011.05120000025,136453.78368000028
13,fixed_manifest,block_01_residual1,residual_add,GPU,136453.78368000028,136472.13088000027
12,fixed_manifest,block_05_attention,self_attention,GPU,136472.13088000027,136628.15744000027
13,fixed_manifest,block_01_norm2,layer_norm,GPU,136628.15744000027,136650.28704000026
11,fixed_manifest,block_08_residual2,residual_add,GPU,136650.28704000026,136668.63424000025
12,fixed_manifest,block_05_proj,linear_projection,GPU,136668.63424000025,136820.87840000025
13,fixed_manifest,block_01_ffn_island,fused_ffn_island,FPGA,136809.0518400003,137141.7993600003
11,fixed_manifest,block_09_norm1,layer_norm,GPU,136820.87840000025,136843.00800000026
12,fixed_manifest,block_05_residual1,residual_add,GPU,136843.00800000026,136861.35520000025
11,fixed_manifest,block_09_qkv,linear_qkv,GPU,136861.35520000025,137304.08768000026
12,fixed_manifest,block_05_norm2,layer_norm,GPU,137304.08768000026,137326.21728000027
13,fixed_manifest,block_01_residual2,residual_add,GPU,137326.21728000027,137344.56448000026
11,fixed_manifest,block_09_attention,self_attention,GPU,137344.56448000026,137500.59104000026
12,fixed_manifest,block_05_ffn_island,fused_ffn_island,FPGA,137484.98208000028,137817.7296000003
13,fixed_manifest,block_02_norm1,layer_norm,GPU,137500.59104000026,137522.72064000028
11,fixed_manifest,block_09_proj,linear_projection,GPU,137522.72064000028,137674.96480000028
13,fixed_manifest,block_02_qkv,linear_qkv,GPU,137674.96480000028,138117.69728000028
11,fixed_manifest,block_09_residual1,residual_add,GPU,138117.69728000028,138136.04448000027
12,fixed_manifest,block_05_residual2,residual_add,GPU,138136.04448000027,138154.39168000026
13,fixed_manifest,block_02_attention,self_attention,GPU,138154.39168000026,138310.41824000026
11,fixed_manifest,block_09_norm2,layer_norm,GPU,138310.41824000026,138332.54784000028
12,fixed_manifest,block_06_norm1,layer_norm,GPU,138332.54784000028,138354.67744000026
13,fixed_manifest,block_02_proj,linear_projection,GPU,138354.67744000026,138506.92160000026
11,fixed_manifest,block_09_ffn_island,fused_ffn_island,FPGA,138491.31264000028,138824.06016000028
12,fixed_manifest,block_06_qkv,linear_qkv,GPU,138506.92160000026,138949.6540800003
13,fixed_manifest,block_02_residual1,residual_add,GPU,138949.6540800003,138968.0012800003
12,fixed_manifest,block_06_attention,self_attention,GPU,138968.0012800003,139124.0278400003
13,fixed_manifest,block_02_norm2,layer_norm,GPU,139124.0278400003,139146.15744000027
11,fixed_manifest,block_09_residual2,residual_add,GPU,139146.15744000027,139164.50464000026
12,fixed_manifest,block_06_proj,linear_projection,GPU,139164.50464000026,139316.7488000003
13,fixed_manifest,block_02_ffn_island,fused_ffn_island,FPGA,139304.9222400003,139637.6697600003
11,fixed_manifest,block_10_norm1,layer_norm,GPU,139316.7488000003,139338.87840000028
12,fixed_manifest,block_06_residual1,residual_add,GPU,139338.87840000028,139357.22560000027
11,fixed_manifest,block_10_qkv,linear_qkv,GPU,139357.22560000027,139799.95808000027
12,fixed_manifest,block_06_norm2,layer_norm,GPU,139799.95808000027,139822.0876800003
13,fixed_manifest,block_02_residual2,residual_add,GPU,139822.0876800003,139840.43488000028
11,fixed_manifest,block_10_attention,self_attention,GPU,139840.43488000028,139996.46144000028
12,fixed_manifest,block_06_ffn_island,fused_ffn_island,FPGA,139980.8524800003,140313.60000000033
13,fixed_manifest,block_03_norm1,layer_norm,GPU,139996.46144000028,140018.5910400003
11,fixed_manifest,block_10_proj,linear_projection,GPU,140018.5910400003,140170.8352000003
14,fixed_manifest,patch_embedding,patch_embedding,GPU,140170.8352000003,140322.3420800003
13,fixed_manifest,block_03_qkv,linear_qkv,GPU,140322.3420800003,140765.07456000033
11,fixed_manifest,block_10_residual1,residual_add,GPU,140765.07456000033,140783.42176000032
14,fixed_manifest,token_embedding,token_and_position_embedding,GPU,140783.42176000032,140801.7689600003
12,fixed_manifest,block_06_residual2,residual_add,GPU,140801.7689600003,140820.1161600003
13,fixed_manifest,block_03_attention,self_attention,GPU,140820.1161600003,140976.1427200003
11,fixed_manifest,block_10_norm2,layer_norm,GPU,140976.1427200003,140998.27232000028
14,fixed_manifest,block_00_norm1,layer_norm,GPU,140998.27232000028,141020.4019200003
12,fixed_manifest,block_07_norm1,layer_norm,GPU,141020.4019200003,141042.53152000028
13,fixed_manifest,block_03_proj,linear_projection,GPU,141042.53152000028,141194.7756800003
11,fixed_manifest,block_10_ffn_island,fused_ffn_island,FPGA,141157.0371200003,141489.78464000032
14,fixed_manifest,block_00_qkv,linear_qkv,GPU,141194.7756800003,141637.50816000032
12,fixed_manifest,block_07_qkv,linear_qkv,GPU,141637.50816000032,142080.24064000032
13,fixed_manifest,block_03_residual1,residual_add,GPU,142080.24064000032,142098.5878400003
14,fixed_manifest,block_00_attention,self_attention,GPU,142098.5878400003,142254.6144000003
11,fixed_manifest,block_10_residual2,residual_add,GPU,142254.6144000003,142272.9616000003
12,fixed_manifest,block_07_attention,self_attention,GPU,142272.9616000003,142428.9881600003
13,fixed_manifest,block_03_norm2,layer_norm,GPU,142428.9881600003,142451.1177600003
14,fixed_manifest,block_00_proj,linear_projection,GPU,142451.1177600003,142603.36192000032
11,fixed_manifest,block_11_norm1,layer_norm,GPU,142603.36192000032,142625.4915200003
13,fixed_manifest,block_03_ffn_island,fused_ffn_island,FPGA,142609.88256000032,142942.63008000032
12,fixed_manifest,block_07_proj,linear_projection,GPU,142625.4915200003,142777.73568000033
14,fixed_manifest,block_00_residual1,residual_add,GPU,142777.73568000033,142796.08288000032
11,fixed_manifest,block_11_qkv,linear_qkv,GPU,142796.08288000032,143238.81536000033
12,fixed_manifest,block_07_residual1,residual_add,GPU,143238.81536000033,143257.16256000032
14,fixed_manifest,block_00_norm2,layer_norm,GPU,143257.16256000032,143279.29216000033
13,fixed_manifest,block_03_residual2,residual_add,GPU,143279.29216000033,143297.63936000032
11,fixed_manifest,block_11_attention,self_attention,GPU,143297.63936000032,143453.66592000032
14,fixed_manifest,block_00_ffn_island,fused_ffn_island,FPGA,143438.05696000034,143770.80448000034
12,fixed_manifest,block_07_norm2,layer_norm,GPU,143453.66592000032,143475.7955200003
13,fixed_manifest,block_04_norm1,layer_norm,GPU,143475.7955200003,143497.92512000032
11,fixed_manifest,block_11_proj,linear_projection,GPU,143497.92512000032,143650.16928000032
13,fixed_manifest,block_04_qkv,linear_qkv,GPU,143650.16928000032,144092.90176000033
12,fixed_manifest,block_07_ffn_island,fused_ffn_island,FPGA,143770.80448000034,144103.55200000035
11,fixed_manifest,block_11_residual1,residual_add,GPU,144092.90176000033,144111.24896000032
14,fixed_manifest,block_00_residual2,residual_add,GPU,144111.24896000032,144129.5961600003
13,fixed_manifest,block_04_attention,self_attention,GPU,144129.5961600003,144285.6227200003
11,fixed_manifest,block_11_norm2,layer_norm,GPU,144285.6227200003,144307.75232000032
14,fixed_manifest,block_01_norm1,layer_norm,GPU,144307.75232000032,144329.8819200003
12,fixed_manifest,block_07_residual2,residual_add,GPU,144329.8819200003,144348.22912000032
13,fixed_manifest,block_04_proj,linear_projection,GPU,144348.22912000032,144500.47328000033
11,fixed_manifest,block_11_ffn_island,fused_ffn_island,FPGA,144466.51712000032,144799.26464000033
14,fixed_manifest,block_01_qkv,linear_qkv,GPU,144500.47328000033,144943.20576000033
12,fixed_manifest,block_08_norm1,layer_norm,GPU,144943.20576000033,144965.33536000035
13,fixed_manifest,block_04_residual1,residual_add,GPU,144965.33536000035,144983.68256000034
14,fixed_manifest,block_01_attention,self_attention,GPU,144983.68256000034,145139.70912000033
11,fixed_manifest,block_11_residual2,residual_add,GPU,145139.70912000033,145158.05632000032
12,fixed_manifest,block_08_qkv,linear_qkv,GPU,145158.05632000032,145600.78880000033
13,fixed_manifest,block_04_norm2,layer_norm,GPU,145600.78880000033,145622.91840000032
14,fixed_manifest,block_01_proj,linear_projection,GPU,145622.91840000032,145775.16256000035
11,fixed_manifest,final_norm,layer_norm,GPU,145775.16256000035,145797.29216000033
13,fixed_manifest,block_04_ffn_island,fused_ffn_island,FPGA,145781.68320000035,146114.43072000035
12,fixed_manifest,block_08_attention,self_attention,GPU,145797.29216000033,145953.31872000033
14,fixed_manifest,block_01_residual1,residual_add,GPU,145953.31872000033,145971.66592000032
11,fixed_manifest,class_token_select,class_token_select,GPU,145971.66592000032,145978.7043200003
12,fixed_manifest,block_08_proj,linear_projection,GPU,145978.7043200003,146130.94848000034
14,fixed_manifest,block_01_norm2,layer_norm,GPU,146130.94848000034,146153.07808000033
11,fixed_manifest,classifier,linear_classifier,GPU,146153.07808000033,146161.03808000032
12,fixed_manifest,block_08_residual1,residual_add,GPU,146161.03808000032,146179.38528000034
12,fixed_manifest,block_08_norm2,layer_norm,GPU,146179.38528000034,146201.51488000032
13,fixed_manifest,block_04_residual2,residual_add,GPU,146301.3048000004,146319.65200000038
13,fixed_manifest,block_05_norm1,layer_norm,GPU,146319.65200000038,146341.7816000004
13,fixed_manifest,block_05_qkv,linear_qkv,GPU,146341.7816000004,146784.5140800004
14,fixed_manifest,block_01_ffn_island,fused_ffn_island,FPGA,146413.07632000037,146745.82384000038
12,fixed_manifest,block_08_ffn_island,fused_ffn_island,FPGA,146745.82384000038,147078.57136000038
13,fixed_manifest,block_05_attention,self_attention,GPU,146784.5140800004,146940.5406400004
14,fixed_manifest,block_01_residual2,residual_add,GPU,146940.5406400004,146958.8878400004
13,fixed_manifest,block_05_proj,linear_projection,GPU,146958.8878400004,147111.1320000004
14,fixed_manifest,block_02_norm1,layer_norm,GPU,147111.1320000004,147133.2616000004
13,fixed_manifest,block_05_residual1,residual_add,GPU,147133.2616000004,147151.6088000004
14,fixed_manifest,block_02_qkv,linear_qkv,GPU,147151.6088000004,147594.3412800004
13,fixed_manifest,block_05_norm2,layer_norm,GPU,147594.3412800004,147616.47088000042
12,fixed_manifest,block_08_residual2,residual_add,GPU,147616.47088000042,147634.8180800004
14,fixed_manifest,block_02_attention,self_attention,GPU,147634.8180800004,147790.8446400004
13,fixed_manifest,block_05_ffn_island,fused_ffn_island,FPGA,147775.23568000042,148107.98320000042
12,fixed_manifest,block_09_norm1,layer_norm,GPU,147790.8446400004,147812.9742400004
14,fixed_manifest,block_02_proj,linear_projection,GPU,147812.9742400004,147965.2184000004
12,fixed_manifest,block_09_qkv,linear_qkv,GPU,147965.2184000004,148407.95088000043
14,fixed_manifest,block_02_residual1,residual_add,GPU,148407.95088000043,148426.29808000042
13,fixed_manifest,block_05_residual2,residual_add,GPU,148426.29808000042,148444.6452800004
12,fixed_manifest,block_09_attention,self_attention,GPU,148444.6452800004,148600.6718400004
14,fixed_manifest,block_02_norm2,layer_norm,GPU,148600.6718400004,148622.8014400004
13,fixed_manifest,block_06_norm1,layer_norm,GPU,148622.8014400004,148644.9310400004
12,fixed_manifest,block_09_proj,linear_projection,GPU,148644.9310400004,148797.1752000004
14,fixed_manifest,block_02_ffn_island,fused_ffn_island,FPGA,148781.56624000042,149114.31376000043
13,fixed_manifest,block_06_qkv,linear_qkv,GPU,148797.1752000004,149239.9076800004
12,fixed_manifest,block_09_residual1,residual_add,GPU,149239.9076800004,149258.2548800004
13,fixed_manifest,block_06_attention,self_attention,GPU,149258.2548800004,149414.2814400004
12,fixed_manifest,block_09_norm2,layer_norm,GPU,149414.2814400004,149436.4110400004
14,fixed_manifest,block_02_residual2,residual_add,GPU,149436.4110400004,149454.7582400004
13,fixed_manifest,block_06_proj,linear_projection,GPU,149454.7582400004,149607.0024000004
12,fixed_manifest,block_09_ffn_island,fused_ffn_island,FPGA,149595.17584000042,149927.92336000042
14,fixed_manifest,block_03_norm1,layer_norm,GPU,149607.0024000004,149629.13200000042
13,fixed_manifest,block_06_residual1,residual_add,GPU,149629.13200000042,149647.4792000004
14,fixed_manifest,block_03_qkv,linear_qkv,GPU,149647.4792000004,150090.21168000042
13,fixed_manifest,block_06_norm2,layer_norm,GPU,150090.21168000042,150112.34128000043
15,fixed_manifest,patch_embedding,patch_embedding,GPU,150112.34128000043,150263.84816000043
12,fixed_manifest,block_09_residual2,residual_add,GPU,150263.84816000043,150282.19536000042
13,fixed_manifest,block_06_ffn_island,fused_ffn_island,FPGA,150271.10608000043,150603.85360000044
14,fixed_manifest,block_03_attention,self_attention,GPU,150282.19536000042,150438.22192000042
15,fixed_manifest,token_embedding,token_and_position_embedding,GPU,150438.22192000042,150456.5691200004
12,fixed_manifest,block_10_norm1,layer_norm,GPU,150456.5691200004,150478.69872000042
14,fixed_manifest,block_03_proj,linear_projection,GPU,150478.69872000042,150630.94288000042
15,fixed_manifest,block_00_norm1,layer_norm,GPU,150630.94288000042,150653.07248000044
12,fixed_manifest,block_10_qkv,linear_qkv,GPU,150653.07248000044,151095.80496000045
14,fixed_manifest,block_03_residual1,residual_add,GPU,151095.80496000045,151114.15216000043
15,fixed_manifest,block_00_qkv,linear_qkv,GPU,151114.15216000043,151556.88464000044
13,fixed_manifest,block_06_residual2,residual_add,GPU,151556.88464000044,151575.23184000043
12,fixed_manifest,block_10_attention,self_attention,GPU,151575.23184000043,151731.25840000043
14,fixed_manifest,block_03_norm2,layer_norm,GPU,151731.25840000043,151753.38800000044
15,fixed_manifest,block_00_attention,self_attention,GPU,151753.38800000044,151909.41456000044
13,fixed_manifest,block_07_norm1,layer_norm,GPU,151909.41456000044,151931.54416000043
14,fixed_manifest,block_03_ffn_island,fused_ffn_island,FPGA,151912.15280000045,152244.90032000045
12,fixed_manifest,block_10_proj,linear_projection,GPU,151931.54416000043,152083.78832000043
15,fixed_manifest,block_00_proj,linear_projection,GPU,152083.78832000043,152236.03248000046
13,fixed_manifest,block_07_qkv,linear_qkv,GPU,152236.03248000046,152678.76496000047
12,fixed_manifest,block_10_residual1,residual_add,GPU,152678.76496000047,152697.11216000046
15,fixed_manifest,block_00_residual1,residual_add,GPU,152697.11216000046,152715.45936000044
14,fixed_manifest,block_03_residual2,residual_add,GPU,152715.45936000044,152733.80656000043
13,fixed_manifest,block_07_attention,self_attention,GPU,152733.80656000043,152889.83312000043
12,fixed_manifest,block_10_norm2,layer_norm,GPU,152889.83312000043,152911.96272000045
15,fixed_manifest,block_00_norm2,layer_norm,GPU,152911.96272000045,152934.09232000043
14,fixed_manifest,block_04_norm1,layer_norm,GPU,152934.09232000043,152956.22192000045
13,fixed_manifest,block_07_proj,linear_projection,GPU,152956.22192000045,153108.46608000045
14,fixed_manifest,block_04_qkv,linear_qkv,GPU,153108.46608000045,153551.19856000046
12,fixed_manifest,block_10_ffn_island,fused_ffn_island,FPGA,153152.23312000043,153484.98064000043
15,fixed_manifest,block_00_ffn_island,fused_ffn_island,FPGA,153484.98064000043,153817.72816000044
13,fixed_manifest,block_07_residual1,residual_add,GPU,153551.19856000046,153569.54576000044
14,fixed_manifest,block_04_attention,self_attention,GPU,153569.54576000044,153725.57232000044
13,fixed_manifest,block_07_norm2,layer_norm,GPU,153725.57232000044,153747.70192000046
12,fixed_manifest,block_10_residual2,residual_add,GPU,153747.70192000046,153766.04912000045
14,fixed_manifest,block_04_proj,linear_projection,GPU,153766.04912000045,153918.29328000045
12,fixed_manifest,block_11_norm1,layer_norm,GPU,153918.29328000045,153940.42288000046
14,fixed_manifest,block_04_residual1,residual_add,GPU,153940.42288000046,153958.77008000045
12,fixed_manifest,block_11_qkv,linear_qkv,GPU,153958.77008000045,154401.50256000046
13,fixed_manifest,block_07_ffn_island,fused_ffn_island,FPGA,153970.2052800005,154302.9528000005
14,fixed_manifest,block_04_norm2,layer_norm,GPU,154401.50256000046,154423.63216000047
15,fixed_manifest,block_00_residual2,residual_add,GPU,154423.63216000047,154441.97936000046
12,fixed_manifest,block_11_attention,self_attention,GPU,154441.97936000046,154598.00592000046
15,fixed_manifest,block_01_norm1,layer_norm,GPU,154598.00592000046,154620.13552000045
14,fixed_manifest,block_04_ffn_island,fused_ffn_island,FPGA,154605.2651200004,154938.01264000044
13,fixed_manifest,block_07_residual2,residual_add,GPU,154620.13552000045,154638.48272000044
12,fixed_manifest,block_11_proj,linear_projection,GPU,154638.48272000044,154790.72688000044
15,fixed_manifest,block_01_qkv,linear_qkv,GPU,154790.72688000044,155233.45936000047
13,fixed_manifest,block_08_norm1,layer_norm,GPU,155233.45936000047,155255.58896000046
12,fixed_manifest,block_11_residual1,residual_add,GPU,155255.58896000046,155273.93616000045
14,fixed_manifest,block_04_residual2,residual_add,GPU,155273.93616000045,155292.28336000044
15,fixed_manifest,block_01_attention,self_attention,GPU,155292.28336000044,155448.30992000044
13,fixed_manifest,block_08_qkv,linear_qkv,GPU,155448.30992000044,155891.04240000047
12,fixed_manifest,block_11_norm2,layer_norm,GPU,155891.04240000047,155913.17200000046
14,fixed_manifest,block_05_norm1,layer_norm,GPU,155913.17200000046,155935.30160000047
15,fixed_manifest,block_01_proj,linear_projection,GPU,155935.30160000047,156087.54576000047
12,fixed_manifest,block_11_ffn_island,fused_ffn_island,FPGA,156071.9368000005,156404.6843200005
13,fixed_manifest,block_08_attention,self_attention,GPU,156087.54576000047,156243.57232000047
14,fixed_manifest,block_05_qkv,linear_qkv,GPU,156243.57232000047,156686.30480000048
15,fixed_manifest,block_01_residual1,residual_add,GPU,156686.30480000048,156704.65200000047
13,fixed_manifest,block_08_proj,linear_projection,GPU,156704.65200000047,156856.89616000047
12,fixed_manifest,block_11_residual2,residual_add,GPU,156856.89616000047,156875.24336000046
14,fixed_manifest,block_05_attention,self_attention,GPU,156875.24336000046,157031.26992000046
15,fixed_manifest,block_01_norm2,layer_norm,GPU,157031.26992000046,157053.39952000047
13,fixed_manifest,block_08_residual1,residual_add,GPU,157053.39952000047,157071.74672000046
12,fixed_manifest,final_norm,layer_norm,GPU,157071.74672000046,157093.87632000048
14,fixed_manifest,block_05_proj,linear_projection,GPU,157093.87632000048,157246.12048000048
15,fixed_manifest,block_01_ffn_island,fused_ffn_island,FPGA,157212.16432000048,157544.9118400005
13,fixed_manifest,block_08_norm2,layer_norm,GPU,157246.12048000048,157268.25008000046
12,fixed_manifest,class_token_select,class_token_select,GPU,157268.25008000046,157275.28848000048
14,fixed_manifest,block_05_residual1,residual_add,GPU,157275.28848000048,157293.63568000047
12,fixed_manifest,classifier,linear_classifier,GPU,157293.63568000047,157301.59568000046
14,fixed_manifest,block_05_norm2,layer_norm,GPU,157301.59568000046,157323.72528000048
13,fixed_manifest,block_08_ffn_island,fused_ffn_island,FPGA,157544.9118400005,157877.6593600005
15,fixed_manifest,block_01_residual2,residual_add,GPU,157768.4878400005,157786.8350400005
15,fixed_manifest,block_02_norm1,layer_norm,GPU,157786.8350400005,157808.9646400005
15,fixed_manifest,block_02_qkv,linear_qkv,GPU,157808.9646400005,158251.6971200005
14,fixed_manifest,block_05_ffn_island,fused_ffn_island,FPGA,157877.6593600005,158210.40688000052
13,fixed_manifest,block_08_residual2,residual_add,GPU,158251.6971200005,158270.0443200005
15,fixed_manifest,block_02_attention,self_attention,GPU,158270.0443200005,158426.07088000048
13,fixed_manifest,block_09_norm1,layer_norm,GPU,158426.07088000048,158448.2004800005
14,fixed_manifest,block_05_residual2,residual_add,GPU,158448.2004800005,158466.54768000048
15,fixed_manifest,block_02_proj,linear_projection,GPU,158466.54768000048,158618.7918400005
13,fixed_manifest,block_09_qkv,linear_qkv,GPU,158618.7918400005,159061.52432000052
14,fixed_manifest,block_06_norm1,layer_norm,GPU,159061.52432000052,159083.6539200005
15,fixed_manifest,block_02_residual1,residual_add,GPU,159083.6539200005,159102.0011200005
13,fixed_manifest,block_09_attention,self_attention,GPU,159102.0011200005,159258.0276800005
14,fixed_manifest,block_06_qkv,linear_qkv,GPU,159258.0276800005,159700.7601600005
15,fixed_manifest,block_02_norm2,layer_norm,GPU,159700.7601600005,159722.88976000051
13,fixed_manifest,block_09_proj,linear_projection,GPU,159722.88976000051,159875.13392000052
14,fixed_manifest,block_06_attention,self_attention,GPU,159875.13392000052,160031.16048000052
15,fixed_manifest,block_02_ffn_island,fused_ffn_island,FPGA,159881.65456000052,160214.40208000055
13,fixed_manifest,block_09_residual1,residual_add,GPU,160031.16048000052,160049.5076800005
16,fixed_manifest,patch_embedding,patch_embedding,GPU,160049.5076800005,160201.01456000053
14,fixed_manifest,block_06_proj,linear_projection,GPU,160201.01456000053,160353.25872000054
13,fixed_manifest,block_09_norm2,layer_norm,GPU,160353.25872000054,160375.38832000052
16,fixed_manifest,token_embedding,token_and_position_embedding,GPU,160375.38832000052,160393.7355200005
14,fixed_manifest,block_06_residual1,residual_add,GPU,160393.7355200005,160412.0827200005
15,fixed_manifest,block_02_residual2,residual_add,GPU,160412.0827200005,160430.42992000052
16,fixed_manifest,block_00_norm1,layer_norm,GPU,160430.42992000052,160452.5595200005
14,fixed_manifest,block_06_norm2,layer_norm,GPU,160452.5595200005,160474.68912000052
15,fixed_manifest,block_03_norm1,layer_norm,GPU,160474.68912000052,160496.8187200005
16,fixed_manifest,block_00_qkv,linear_qkv,GPU,160496.8187200005,160939.55120000054
13,fixed_manifest,block_09_ffn_island,fused_ffn_island,FPGA,160534.15312000056,160866.90064000056
14,fixed_manifest,block_06_ffn_island,fused_ffn_island,FPGA,160866.90064000056,161199.64816000056
15,fixed_manifest,block_03_qkv,linear_qkv,GPU,160939.55120000054,161382.28368000055
16,fixed_manifest,block_00_attention,self_attention,GPU,161382.28368000055,161538.31024000054
13,fixed_manifest,block_09_residual2,residual_add,GPU,161538.31024000054,161556.65744000053
14,fixed_manifest,block_06_residual2,residual_add,GPU,161556.65744000053,161575.00464000052
15,fixed_manifest,block_03_attention,self_attention,GPU,161575.00464000052,161731.03120000052
16,fixed_manifest,block_00_proj,linear_projection,GPU,161731.03120000052,161883.27536000052
13,fixed_manifest,block_10_norm1,layer_norm,GPU,161883.27536000052,161905.40496000054
14,fixed_manifest,block_07_norm1,layer_norm,GPU,161905.40496000054,161927.53456000052
15,fixed_manifest,block_03_proj,linear_projection,GPU,161927.53456000052,162079.77872000053
16,fixed_manifest,block_00_residual1,residual_add,GPU,162079.77872000053,162098.12592000054
13,fixed_manifest,block_10_qkv,linear_qkv,GPU,162098.12592000054,162540.85840000055
14,fixed_manifest,block_07_qkv,linear_qkv,GPU,162540.85840000055,162983.59088000056
15,fixed_manifest,block_03_residual1,residual_add,GPU,162983.59088000056,163001.93808000055
16,fixed_manifest,block_00_norm2,layer_norm,GPU,163001.93808000055,163024.06768000056
13,fixed_manifest,block_10_attention,self_attention,GPU,163024.06768000056,163180.09424000056
14,fixed_manifest,block_07_attention,self_attention,GPU,163180.09424000056,163336.12080000053
16,fixed_manifest,block_00_ffn_island,fused_ffn_island,FPGA,163182.83248000056,163515.58000000057
15,fixed_manifest,block_03_norm2,layer_norm,GPU,163336.12080000053,163358.25040000054
13,fixed_manifest,block_10_proj,linear_projection,GPU,163358.25040000054,163510.49456000054
14,fixed_manifest,block_07_proj,linear_projection,GPU,163510.49456000054,163662.73872000055
15,fixed_manifest,block_03_ffn_island,fused_ffn_island,FPGA,163517.01520000055,163849.76272000058
13,fixed_manifest,block_10_residual1,residual_add,GPU,163662.73872000055,163681.08592000057
14,fixed_manifest,block_07_residual1,residual_add,GPU,163681.08592000057,163699.43312000055
16,fixed_manifest,block_00_residual2,residual_add,GPU,163699.43312000055,163717.78032000054
13,fixed_manifest,block_10_norm2,layer_norm,GPU,163717.78032000054,163739.90992000053
14,fixed_manifest,block_07_norm2,layer_norm,GPU,163739.90992000053,163762.03952000054
16,fixed_manifest,block_01_norm1,layer_norm,GPU,163762.03952000054,163784.16912000056
16,fixed_manifest,block_01_qkv,linear_qkv,GPU,163784.16912000056,164226.90160000056
13,fixed_manifest,block_10_ffn_island,fused_ffn_island,FPGA,163929.26032000053,164262.00784000053
15,fixed_manifest,block_03_residual2,residual_add,GPU,164226.90160000056,164245.24880000055
16,fixed_manifest,block_01_attention,self_attention,GPU,164245.24880000055,164401.27536000055
14,fixed_manifest,block_07_ffn_island,fused_ffn_island,FPGA,164262.00784000053,164594.75536000053
15,fixed_manifest,block_04_norm1,layer_norm,GPU,164401.27536000055,164423.40496000054
16,fixed_manifest,block_01_proj,linear_projection,GPU,164423.40496000054,164575.64912000057
13,fixed_manifest,block_10_residual2,residual_add,GPU,164575.64912000057,164593.99632000056
15,fixed_manifest,block_04_qkv,linear_qkv,GPU,164593.99632000056,165036.72880000056
16,fixed_manifest,block_01_residual1,residual_add,GPU,165036.72880000056,165055.07600000055
13,fixed_manifest,block_11_norm1,layer_norm,GPU,165055.07600000055,165077.20560000054
14,fixed_manifest,block_07_residual2,residual_add,GPU,165077.20560000054,165095.55280000056
15,fixed_manifest,block_04_attention,self_attention,GPU,165095.55280000056,165251.57936000053
16,fixed_manifest,block_01_norm2,layer_norm,GPU,165251.57936000053,165273.70896000054
13,fixed_manifest,block_11_qkv,linear_qkv,GPU,165273.70896000054,165716.44144000055
16,fixed_manifest,block_01_ffn_island,fused_ffn_island,FPGA,165432.47376000055,165765.22128000058
14,fixed_manifest,block_08_norm1,layer_norm,GPU,165716.44144000055,165738.57104000056
15,fixed_manifest,block_04_proj,linear_projection,GPU,165738.57104000056,165890.81520000056
13,fixed_manifest,block_11_attention,self_attention,GPU,165890.81520000056,166046.84176000056
14,fixed_manifest,block_08_qkv,linear_qkv,GPU,166046.84176000056,166489.57424000057
15,fixed_manifest,block_04_residual1,residual_add,GPU,166489.57424000057,166507.92144000056
16,fixed_manifest,block_01_residual2,residual_add,GPU,166507.92144000056,166526.26864000055
13,fixed_manifest,block_11_proj,linear_projection,GPU,166526.26864000055,166678.51280000058
14,fixed_manifest,block_08_attention,self_attention,GPU,166678.51280000058,166834.53936000055
15,fixed_manifest,block_04_norm2,layer_norm,GPU,166834.53936000055,166856.66896000056
16,fixed_manifest,block_02_norm1,layer_norm,GPU,166856.66896000056,166878.79856000058
13,fixed_manifest,block_11_residual1,residual_add,GPU,166878.79856000058,166897.14576000057
14,fixed_manifest,block_08_proj,linear_projection,GPU,166897.14576000057,167049.38992000057
15,fixed_manifest,block_04_ffn_island,fused_ffn_island,FPGA,167015.43376000057,167348.1812800006
16,fixed_manifest,block_02_qkv,linear_qkv,GPU,167049.38992000057,167492.12240000057
13,fixed_manifest,block_11_norm2,layer_norm,GPU,167492.12240000057,167514.2520000006
14,fixed_manifest,block_08_residual1,residual_add,GPU,167514.2520000006,167532.59920000058
16,fixed_manifest,block_02_attention,self_attention,GPU,167532.59920000058,167688.62576000058
13,fixed_manifest,block_11_ffn_island,fused_ffn_island,FPGA,167673.0168000006,168005.7643200006
15,fixed_manifest,block_04_residual2,residual_add,GPU,167688.62576000058,167706.97296000057
14,fixed_manifest,block_08_norm2,layer_norm,GPU,167706.97296000057,167729.10256000055
16,fixed_manifest,block_02_proj,linear_projection,GPU,167729.10256000055,167881.34672000058
15,fixed_manifest,block_05_norm1,layer_norm,GPU,167881.34672000058,167903.47632000057
16,fixed_manifest,block_02_residual1,residual_add,GPU,167903.47632000057,167921.82352000056
15,fixed_manifest,block_05_qkv,linear_qkv,GPU,167921.82352000056,168364.5560000006
14,fixed_manifest,block_08_ffn_island,fused_ffn_island,FPGA,168005.7643200006,168338.51184000063
16,fixed_manifest,block_02_norm2,layer_norm,GPU,168364.5560000006,168386.68560000058
13,fixed_manifest,block_11_residual2,residual_add,GPU,168386.68560000058,168405.03280000057
15,fixed_manifest,block_05_attention,self_attention,GPU,168405.03280000057,168561.05936000057
13,fixed_manifest,final_norm,layer_norm,GPU,168561.05936000057,168583.18896000058
16,fixed_manifest,block_02_ffn_island,fused_ffn_island,FPGA,168562.08784000063,168894.83536000064
14,fixed_manifest,block_08_residual2,residual_add,GPU,168583.18896000058,168601.53616000057
15,fixed_manifest,block_05_proj,linear_projection,GPU,168601.53616000057,168753.78032000057
13,fixed_manifest,class_token_select,class_token_select,GPU,168753.78032000057,168760.81872000056
14,fixed_manifest,block_09_norm1,layer_norm,GPU,168760.81872000056,168782.94832000058
15,fixed_manifest,block_05_residual1,residual_add,GPU,168782.94832000058,168801.29552000057
13,fixed_manifest,classifier,linear_classifier,GPU,168801.29552000057,168809.25552000056
14,fixed_manifest,block_09_qkv,linear_qkv,GPU,168809.25552000056,169251.98800000057
15,fixed_manifest,block_05_norm2,layer_norm,GPU,169251.98800000057,169274.11760000058
16,fixed_manifest,block_02_residual2,residual_add,GPU,169274.11760000058,169292.46480000057
14,fixed_manifest,block_09_attention,self_attention,GPU,169292.46480000057,169448.49136000057
15,fixed_manifest,block_05_ffn_island,fused_ffn_island,FPGA,169432.88240000058,169765.62992000062
16,fixed_manifest,block_03_norm1,layer_norm,GPU,169448.49136000057,169470.62096000055
14,fixed_manifest,block_09_proj,linear_projection,GPU,169470.62096000055,169622.86512000058
16,fixed_manifest,block_03_qkv,linear_qkv,GPU,169622.86512000058,170065.5976000006
14,fixed_manifest,block_09_residual1,residual_add,GPU,170065.5976000006,170083.94480000058
15,fixed_manifest,block_05_residual2,residual_add,GPU,170083.94480000058,170102.29200000057
17,fixed_manifest,patch_embedding,patch_embedding,GPU,170102.29200000057,170253.79888000057
16,fixed_manifest,block_03_attention,self_attention,GPU,170253.79888000057,170409.82544000057
14,fixed_manifest,block_09_norm2,layer_norm,GPU,170409.82544000057,170431.95504000058
15,fixed_manifest,block_06_norm1,layer_norm,GPU,170431.95504000058,170454.0846400006
17,fixed_manifest,token_embedding,token_and_position_embedding,GPU,170454.0846400006,170472.4318400006
16,fixed_manifest,block_03_proj,linear_projection,GPU,170472.4318400006,170624.6760000006
14,fixed_manifest,block_09_ffn_island,fused_ffn_island,FPGA,170590.7198400006,170923.46736000062
15,fixed_manifest,block_06_qkv,linear_qkv,GPU,170624.6760000006,171067.4084800006
17,fixed_manifest,block_00_norm1,layer_norm,GPU,171067.4084800006,171089.5380800006
16,fixed_manifest,block_03_residual1,residual_add,GPU,171089.5380800006,171107.8852800006
15,fixed_manifest,block_06_attention,self_attention,GPU,171107.8852800006,171263.9118400006
14,fixed_manifest,block_09_residual2,residual_add,GPU,171263.9118400006,171282.2590400006
17,fixed_manifest,block_00_qkv,linear_qkv,GPU,171282.2590400006,171724.9915200006
16,fixed_manifest,block_03_norm2,layer_norm,GPU,171724.9915200006,171747.1211200006
15,fixed_manifest,block_06_proj,linear_projection,GPU,171747.1211200006,171899.3652800006
14,fixed_manifest,block_10_norm1,layer_norm,GPU,171899.3652800006,171921.4948800006
16,fixed_manifest,block_03_ffn_island,fused_ffn_island,FPGA,171905.8859200006,172238.63344000062
17,fixed_manifest,block_00_attention,self_attention,GPU,171921.4948800006,172077.5214400006
15,fixed_manifest,block_06_residual1,residual_add,GPU,172077.5214400006,172095.86864000058
14,fixed_manifest,block_10_qkv,linear_qkv,GPU,172095.86864000058,172538.60112000062
17,fixed_manifest,block_00_proj,linear_projection,GPU,172538.60112000062,172690.84528000062
15,fixed_manifest,block_06_norm2,layer_norm,GPU,172690.84528000062,172712.9748800006
16,fixed_manifest,block_03_residual2,residual_add,GPU,172712.9748800006,172731.32208000062
14,fixed_manifest,block_10_attention,self_attention,GPU,172731.32208000062,172887.3486400006
15,fixed_manifest,block_06_ffn_island,fused_ffn_island,FPGA,172871.73968000064,173204.48720000064
17,fixed_manifest,block_00_residual1,residual_add,GPU,172887.3486400006,172905.69584000058
16,fixed_manifest,block_04_norm1,layer_norm,GPU,172905.69584000058,172927.8254400006
14,fixed_manifest,block_10_proj,linear_projection,GPU,172927.8254400006,173080.0696000006
17,fixed_manifest,block_00_norm2,layer_norm,GPU,173080.0696000006,173102.1992000006
16,fixed_manifest,block_04_qkv,linear_qkv,GPU,173102.1992000006,173544.93168000062
17,fixed_manifest,block_00_ffn_island,fused_ffn_island,FPGA,173292.44080000062,173625.18832000063
14,fixed_manifest,block_10_residual1,residual_add,GPU,173544.93168000062,173563.2788800006
15,fixed_manifest,block_06_residual2,residual_add,GPU,173563.2788800006,173581.6260800006
16,fixed_manifest,block_04_attention,self_attention,GPU,173581.6260800006,173737.6526400006
14,fixed_manifest,block_10_norm2,layer_norm,GPU,173737.6526400006,173759.7822400006
15,fixed_manifest,block_07_norm1,layer_norm,GPU,173759.7822400006,173781.9118400006
16,fixed_manifest,block_04_proj,linear_projection,GPU,173781.9118400006,173934.15600000063
15,fixed_manifest,block_07_qkv,linear_qkv,GPU,173934.15600000063,174376.88848000063
14,fixed_manifest,block_10_ffn_island,fused_ffn_island,FPGA,173934.7179200006,174267.46544000064
17,fixed_manifest,block_00_residual2,residual_add,GPU,174376.88848000063,174395.23568000062
16,fixed_manifest,block_04_residual1,residual_add,GPU,174395.23568000062,174413.5828800006
15,fixed_manifest,block_07_attention,self_attention,GPU,174413.5828800006,174569.6094400006
17,fixed_manifest,block_01_norm1,layer_norm,GPU,174569.6094400006,174591.7390400006
16,fixed_manifest,block_04_norm2,layer_norm,GPU,174591.7390400006,174613.8686400006
14,fixed_manifest,block_10_residual2,residual_add,GPU,174613.8686400006,174632.2158400006
15,fixed_manifest,block_07_proj,linear_projection,GPU,174632.2158400006,174784.4600000006
16,fixed_manifest,block_04_ffn_island,fused_ffn_island,FPGA,174772.63344000062,175105.38096000065
17,fixed_manifest,block_01_qkv,linear_qkv,GPU,174784.4600000006,175227.19248000064
14,fixed_manifest,block_11_norm1,layer_norm,GPU,175227.19248000064,175249.32208000062
15,fixed_manifest,block_07_residual1,residual_add,GPU,175249.32208000062,175267.6692800006
17,fixed_manifest,block_01_attention,self_attention,GPU,175267.6692800006,175423.6958400006
14,fixed_manifest,block_11_qkv,linear_qkv,GPU,175423.6958400006,175866.42832000062
16,fixed_manifest,block_04_residual2,residual_add,GPU,175866.42832000062,175884.7755200006
15,fixed_manifest,block_07_norm2,layer_norm,GPU,175884.7755200006,175906.90512000062
17,fixed_manifest,block_01_proj,linear_projection,GPU,175906.90512000062,176059.14928000062
14,fixed_manifest,block_11_attention,self_attention,GPU,176059.14928000062,176215.17584000062
15,fixed_manifest,block_07_ffn_island,fused_ffn_island,FPGA,176065.66992000063,176398.41744000066
16,fixed_manifest,block_05_norm1,layer_norm,GPU,176215.17584000062,176237.30544000064
17,fixed_manifest,block_01_residual1,residual_add,GPU,176237.30544000064,176255.65264000063
14,fixed_manifest,block_11_proj,linear_projection,GPU,176255.65264000063,176407.89680000063
16,fixed_manifest,block_05_qkv,linear_qkv,GPU,176407.89680000063,176850.62928000063
17,fixed_manifest,block_01_norm2,layer_norm,GPU,176850.62928000063,176872.75888000065
14,fixed_manifest,block_11_residual1,residual_add,GPU,176872.75888000065,176891.10608000064
15,fixed_manifest,block_07_residual2,residual_add,GPU,176891.10608000064,176909.45328000063
16,fixed_manifest,block_05_attention,self_attention,GPU,176909.45328000063,177065.47984000063
17,fixed_manifest,block_01_ffn_island,fused_ffn_island,FPGA,177031.52368000065,177364.2712000007
14,fixed_manifest,block_11_norm2,layer_norm,GPU,177065.47984000063,177087.60944000064
15,fixed_manifest,block_08_norm1,layer_norm,GPU,177087.60944000064,177109.73904000063
16,fixed_manifest,block_05_proj,linear_projection,GPU,177109.73904000063,177261.98320000063
15,fixed_manifest,block_08_qkv,linear_qkv,GPU,177261.98320000063,177704.71568000066
14,fixed_manifest,block_11_ffn_island,fused_ffn_island,FPGA,177364.2712000007,177697.0187200007
16,fixed_manifest,block_05_residual1,residual_add,GPU,177704.71568000066,177723.06288000065
17,fixed_manifest,block_01_residual2,residual_add,GPU,177723.06288000065,177741.41008000064
15,fixed_manifest,block_08_attention,self_attention,GPU,177741.41008000064,177897.43664000064
16,fixed_manifest,block_05_norm2,layer_norm,GPU,177897.43664000064,177919.56624000063
17,fixed_manifest,block_02_norm1,layer_norm,GPU,177919.56624000063,177941.69584000064
14,fixed_manifest,block_11_residual2,residual_add,GPU,177941.69584000064,177960.04304000063
15,fixed_manifest,block_08_proj,linear_projection,GPU,177960.04304000063,178112.28720000063
16,fixed_manifest,block_05_ffn_island,fused_ffn_island,FPGA,178078.33104000066,178411.07856000066
17,fixed_manifest,block_02_qkv,linear_qkv,GPU,178112.28720000063,178555.01968000064
14,fixed_manifest,final_norm,layer_norm,GPU,178555.01968000064,178577.14928000065
15,fixed_manifest,block_08_residual1,residual_add,GPU,178577.14928000065,178595.49648000064
17,fixed_manifest,block_02_attention,self_attention,GPU,178595.49648000064,178751.52304000064
16,fixed_manifest,block_05_residual2,residual_add,GPU,178751.52304000064,178769.87024000063
14,fixed_manifest,class_token_select,class_token_select,GPU,178769.87024000063,178776.90864000062
15,fixed_manifest,block_08_norm2,layer_norm,GPU,178776.90864000062,178799.03824000063
17,fixed_manifest,block_02_proj,linear_projection,GPU,178799.03824000063,178951.28240000064
16,fixed_manifest,block_06_norm1,layer_norm,GPU,178951.28240000064,178973.41200000062
15,fixed_manifest,block_08_ffn_island,fused_ffn_island,FPGA,178957.80304000064,179290.55056000064
14,fixed_manifest,classifier,linear_classifier,GPU,178973.41200000062,178981.37200000064
17,fixed_manifest,block_02_residual1,residual_add,GPU,178981.37200000064,178999.71920000063
16,fixed_manifest,block_06_qkv,linear_qkv,GPU,178999.71920000063,179442.45168000064
17,fixed_manifest,block_02_norm2,layer_norm,GPU,179442.45168000064,179464.58128000065
16,fixed_manifest,block_06_attention,self_attention,GPU,179464.58128000065,179620.60784000065
15,fixed_manifest,block_08_residual2,residual_add,GPU,179620.60784000065,179638.95504000064
17,fixed_manifest,block_02_ffn_island,fused_ffn_island,FPGA,179623.34608000066,179956.09360000066
16,fixed_manifest,block_06_proj,linear_projection,GPU,179638.95504000064,179791.19920000064
15,fixed_manifest,block_09_norm1,layer_norm,GPU,179791.19920000064,179813.32880000066
16,fixed_manifest,block_06_residual1,residual_add,GPU,179813.32880000066,179831.67600000065
15,fixed_manifest,block_09_qkv,linear_qkv,GPU,179831.67600000065,180274.40848000065
16,fixed_manifest,block_06_norm2,layer_norm,GPU,180274.40848000065,180296.53808000064
18,fixed_manifest,patch_embedding,patch_embedding,GPU,180296.53808000064,180448.04496000067
17,fixed_manifest,block_02_residual2,residual_add,GPU,180448.04496000067,180466.39216000066
16,fixed_manifest,block_06_ffn_island,fused_ffn_island,FPGA,180455.30288000067,180788.05040000068
15,fixed_manifest,block_09_attention,self_attention,GPU,180466.39216000066,180622.41872000066
18,fixed_manifest,token_embedding,token_and_position_embedding,GPU,180622.41872000066,180640.76592000065
17,fixed_manifest,block_03_norm1,layer_norm,GPU,180640.76592000065,180662.89552000063
15,fixed_manifest,block_09_proj,linear_projection,GPU,180662.89552000063,180815.13968000066
18,fixed_manifest,block_00_norm1,layer_norm,GPU,180815.13968000066,180837.26928000065
17,fixed_manifest,block_03_qkv,linear_qkv,GPU,180837.26928000065,181280.00176000068
15,fixed_manifest,block_09_residual1,residual_add,GPU,181280.00176000068,181298.34896000067
18,fixed_manifest,block_00_qkv,linear_qkv,GPU,181298.34896000067,181741.08144000068
16,fixed_manifest,block_06_residual2,residual_add,GPU,181741.08144000068,181759.42864000067
17,fixed_manifest,block_03_attention,self_attention,GPU,181759.42864000067,181915.45520000067
15,fixed_manifest,block_09_norm2,layer_norm,GPU,181915.45520000067,181937.58480000065
18,fixed_manifest,block_00_attention,self_attention,GPU,181937.58480000065,182093.61136000065
16,fixed_manifest,block_07_norm1,layer_norm,GPU,182093.61136000065,182115.74096000066
15,fixed_manifest,block_09_ffn_island,fused_ffn_island,FPGA,182096.34960000069,182429.0971200007
17,fixed_manifest,block_03_proj,linear_projection,GPU,182115.74096000066,182267.98512000067
18,fixed_manifest,block_00_proj,linear_projection,GPU,182267.98512000067,182420.22928000067
16,fixed_manifest,block_07_qkv,linear_qkv,GPU,182420.22928000067,182862.9617600007
17,fixed_manifest,block_03_residual1,residual_add,GPU,182862.9617600007,182881.3089600007
18,fixed_manifest,block_00_residual1,residual_add,GPU,182881.3089600007,182899.65616000068
15,fixed_manifest,block_09_residual2,residual_add,GPU,182899.65616000068,182918.00336000067
16,fixed_manifest,block_07_attention,self_attention,GPU,182918.00336000067,183074.02992000067
17,fixed_manifest,block_03_norm2,layer_norm,GPU,183074.02992000067,183096.15952000066
18,fixed_manifest,block_00_norm2,layer_norm,GPU,183096.15952000066,183118.28912000067
15,fixed_manifest,block_10_norm1,layer_norm,GPU,183118.28912000067,183140.41872000066
16,fixed_manifest,block_07_proj,linear_projection,GPU,183140.41872000066,183292.6628800007
15,fixed_manifest,block_10_qkv,linear_qkv,GPU,183292.6628800007,183735.3953600007
17,fixed_manifest,block_03_ffn_island,fused_ffn_island,FPGA,183336.42992000066,183669.17744000067
18,fixed_manifest,block_00_ffn_island,fused_ffn_island,FPGA,183669.17744000067,184001.92496000067
16,fixed_manifest,block_07_residual1,residual_add,GPU,183735.3953600007,183753.74256000068
15,fixed_manifest,block_10_attention,self_attention,GPU,183753.74256000068,183909.76912000068
16,fixed_manifest,block_07_norm2,layer_norm,GPU,183909.76912000068,183931.89872000067
17,fixed_manifest,block_03_residual2,residual_add,GPU,183931.89872000067,183950.24592000069
15,fixed_manifest,block_10_proj,linear_projection,GPU,183950.24592000069,184102.4900800007
17,fixed_manifest,block_04_norm1,layer_norm,GPU,184102.4900800007,184124.61968000067
15,fixed_manifest,block_10_residual1,residual_add,GPU,184124.61968000067,184142.96688000066
17,fixed_manifest,block_04_qkv,linear_qkv,GPU,184142.96688000066,184585.6993600007
16,fixed_manifest,block_07_ffn_island,fused_ffn_island,FPGA,184154.40208000073,184487.14960000073
15,fixed_manifest,block_10_norm2,layer_norm,GPU,184585.6993600007,184607.82896000068
18,fixed_manifest,block_00_residual2,residual_add,GPU,184607.82896000068,184626.17616000067
17,fixed_manifest,block_04_attention,self_attention,GPU,184626.17616000067,184782.20272000067
18,fixed_manifest,block_01_norm1,layer_norm,GPU,184782.20272000067,184804.33232000069
15,fixed_manifest,block_10_ffn_island,fused_ffn_island,FPGA,184789.46192000064,185122.20944000065
16,fixed_manifest,block_07_residual2,residual_add,GPU,184804.33232000069,184822.67952000067
17,fixed_manifest,block_04_proj,linear_projection,GPU,184822.67952000067,184974.92368000068
18,fixed_manifest,block_01_qkv,linear_qkv,GPU,184974.92368000068,185417.65616000068
16,fixed_manifest,block_08_norm1,layer_norm,GPU,185417.65616000068,185439.7857600007
17,fixed_manifest,block_04_residual1,residual_add,GPU,185439.7857600007,185458.1329600007
15,fixed_manifest,block_10_residual2,residual_add,GPU,185458.1329600007,185476.48016000068
18,fixed_manifest,block_01_attention,self_attention,GPU,185476.48016000068,185632.50672000067
16,fixed_manifest,block_08_qkv,linear_qkv,GPU,185632.50672000067,186075.23920000068
17,fixed_manifest,block_04_norm2,layer_norm,GPU,186075.23920000068,186097.3688000007
15,fixed_manifest,block_11_norm1,layer_norm,GPU,186097.3688000007,186119.49840000068
18,fixed_manifest,block_01_proj,linear_projection,GPU,186119.49840000068,186271.7425600007
17,fixed_manifest,block_04_ffn_island,fused_ffn_island,FPGA,186256.1336000007,186588.8811200007
16,fixed_manifest,block_08_attention,self_attention,GPU,186271.7425600007,186427.7691200007
15,fixed_manifest,block_11_qkv,linear_qkv,GPU,186427.7691200007,186870.50160000072
18,fixed_manifest,block_01_residual1,residual_add,GPU,186870.50160000072,186888.8488000007
16,fixed_manifest,block_08_proj,linear_projection,GPU,186888.8488000007,187041.0929600007
17,fixed_manifest,block_04_residual2,residual_add,GPU,187041.0929600007,187059.4401600007
15,fixed_manifest,block_11_attention,self_attention,GPU,187059.4401600007,187215.4667200007
18,fixed_manifest,block_01_norm2,layer_norm,GPU,187215.4667200007,187237.5963200007
16,fixed_manifest,block_08_residual1,residual_add,GPU,187237.5963200007,187255.9435200007
17,fixed_manifest,block_05_norm1,layer_norm,GPU,187255.9435200007,187278.07312000068
15,fixed_manifest,block_11_proj,linear_projection,GPU,187278.07312000068,187430.31728000072
18,fixed_manifest,block_01_ffn_island,fused_ffn_island,FPGA,187396.3611200007,187729.10864000072
16,fixed_manifest,block_08_norm2,layer_norm,GPU,187430.31728000072,187452.4468800007
17,fixed_manifest,block_05_qkv,linear_qkv,GPU,187452.4468800007,187895.1793600007
16,fixed_manifest,block_08_ffn_island,fused_ffn_island,FPGA,187729.10864000072,188061.85616000072
15,fixed_manifest,block_11_residual1,residual_add,GPU,187895.1793600007,187913.5265600007
18,fixed_manifest,block_01_residual2,residual_add,GPU,187913.5265600007,187931.8737600007
17,fixed_manifest,block_05_attention,self_attention,GPU,187931.8737600007,188087.90032000068
15,fixed_manifest,block_11_norm2,layer_norm,GPU,188087.90032000068,188110.0299200007
18,fixed_manifest,block_02_norm1,layer_norm,GPU,188110.0299200007,188132.1595200007
17,fixed_manifest,block_05_proj,linear_projection,GPU,188132.1595200007,188284.40368000072
18,fixed_manifest,block_02_qkv,linear_qkv,GPU,188284.40368000072,188727.13616000072
15,fixed_manifest,block_11_ffn_island,fused_ffn_island,FPGA,188285.43216000072,188618.17968000076
16,fixed_manifest,block_08_residual2,residual_add,GPU,188727.13616000072,188745.4833600007
17,fixed_manifest,block_05_residual1,residual_add,GPU,188745.4833600007,188763.8305600007
18,fixed_manifest,block_02_attention,self_attention,GPU,188763.8305600007,188919.8571200007
16,fixed_manifest,block_09_norm1,layer_norm,GPU,188919.8571200007,188941.9867200007
17,fixed_manifest,block_05_norm2,layer_norm,GPU,188941.9867200007,188964.1163200007
15,fixed_manifest,block_11_residual2,residual_add,GPU,188964.1163200007,188982.4635200007
18,fixed_manifest,block_02_proj,linear_projection,GPU,188982.4635200007,189134.70768000072
17,fixed_manifest,block_05_ffn_island,fused_ffn_island,FPGA,189122.88112000073,189455.62864000074
16,fixed_manifest,block_09_qkv,linear_qkv,GPU,189134.70768000072,189577.44016000073
15,fixed_manifest,final_norm,layer_norm,GPU,189577.44016000073,189599.5697600007
18,fixed_manifest,block_02_residual1,residual_add,GPU,189599.5697600007,189617.9169600007
16,fixed_manifest,block_09_attention,self_attention,GPU,189617.9169600007,189773.9435200007
15,fixed_manifest,class_token_select,class_token_select,GPU,189773.9435200007,189780.9819200007
17,fixed_manifest,block_05_residual2,residual_add,GPU,189780.9819200007,189799.32912000068
18,fixed_manifest,block_02_norm2,layer_norm,GPU,189799.32912000068,189821.4587200007
16,fixed_manifest,block_09_proj,linear_projection,GPU,189821.4587200007,189973.7028800007
15,fixed_manifest,classifier,linear_classifier,GPU,189973.7028800007,189981.66288000072
18,fixed_manifest,block_02_ffn_island,fused_ffn_island,FPGA,189980.22352000073,190312.97104000073
17,fixed_manifest,block_06_norm1,layer_norm,GPU,189981.66288000072,190003.7924800007
16,fixed_manifest,block_09_residual1,residual_add,GPU,190003.7924800007,190022.1396800007
19,fixed_manifest,patch_embedding,patch_embedding,GPU,190022.1396800007,190173.64656000072
17,fixed_manifest,block_06_qkv,linear_qkv,GPU,190173.64656000072,190616.37904000073
16,fixed_manifest,block_09_norm2,layer_norm,GPU,190616.37904000073,190638.50864000074
19,fixed_manifest,token_embedding,token_and_position_embedding,GPU,190638.50864000074,190656.85584000073
18,fixed_manifest,block_02_residual2,residual_add,GPU,190656.85584000073,190675.20304000072
17,fixed_manifest,block_06_attention,self_attention,GPU,190675.20304000072,190831.22960000072
16,fixed_manifest,block_09_ffn_island,fused_ffn_island,FPGA,190797.27344000075,191130.02096000075
19,fixed_manifest,block_00_norm1,layer_norm,GPU,190831.22960000072,190853.3592000007
18,fixed_manifest,block_03_norm1,layer_norm,GPU,190853.3592000007,190875.48880000072
17,fixed_manifest,block_06_proj,linear_projection,GPU,190875.48880000072,191027.73296000072
19,fixed_manifest,block_00_qkv,linear_qkv,GPU,191027.73296000072,191470.46544000073
18,fixed_manifest,block_03_qkv,linear_qkv,GPU,191470.46544000073,191913.19792000076
17,fixed_manifest,block_06_residual1,residual_add,GPU,191913.19792000076,191931.54512000075
16,fixed_manifest,block_09_residual2,residual_add,GPU,191931.54512000075,191949.89232000074
19,fixed_manifest,block_00_attention,self_attention,GPU,191949.89232000074,192105.91888000074
18,fixed_manifest,block_03_attention,self_attention,GPU,192105.91888000074,192261.9454400007
17,fixed_manifest,block_06_norm2,layer_norm,GPU,192261.9454400007,192284.07504000072
16,fixed_manifest,block_10_norm1,layer_norm,GPU,192284.07504000072,192306.20464000074
19,fixed_manifest,block_00_proj,linear_projection,GPU,192306.20464000074,192458.44880000074
17,fixed_manifest,block_06_ffn_island,fused_ffn_island,FPGA,192442.83984000073,192775.58736000076
18,fixed_manifest,block_03_proj,linear_projection,GPU,192458.44880000074,192610.69296000074
16,fixed_manifest,block_10_qkv,linear_qkv,GPU,192610.69296000074,193053.42544000075
19,fixed_manifest,block_00_residual1,residual_add,GPU,193053.42544000075,193071.77264000074
18,fixed_manifest,block_03_residual1,residual_add,GPU,193071.77264000074,193090.11984000073
17,fixed_manifest,block_06_residual2,residual_add,GPU,193090.11984000073,193108.46704000075
16,fixed_manifest,block_10_attention,self_attention,GPU,193108.46704000075,193264.49360000071
19,fixed_manifest,block_00_norm2,layer_norm,GPU,193264.49360000071,193286.62320000073
18,fixed_manifest,block_03_norm2,layer_norm,GPU,193286.62320000073,193308.75280000074
17,fixed_manifest,block_07_norm1,layer_norm,GPU,193308.75280000074,193330.88240000073
16,fixed_manifest,block_10_proj,linear_projection,GPU,193330.88240000073,193483.12656000073
17,fixed_manifest,block_07_qkv,linear_qkv,GPU,193483.12656000073,193925.85904000077
19,fixed_manifest,block_00_ffn_island,fused_ffn_island,FPGA,193526.8936000007,193859.64112000074
18,fixed_manifest,block_03_ffn_island,fused_ffn_island,FPGA,193859.64112000074,194192.38864000075
16,fixed_manifest,block_10_residual1,residual_add,GPU,193925.85904000077,193944.20624000076
17,fixed_manifest,block_07_attention,self_attention,GPU,193944.20624000076,194100.23280000075
16,fixed_manifest,block_10_norm2,layer_norm,GPU,194100.23280000075,194122.36240000074
19,fixed_manifest,block_00_residual2,residual_add,GPU,194122.36240000074,194140.70960000073
17,fixed_manifest,block_07_proj,linear_projection,GPU,194140.70960000073,194292.95376000076
19,fixed_manifest,block_01_norm1,layer_norm,GPU,194292.95376000076,194315.08336000075
17,fixed_manifest,block_07_residual1,residual_add,GPU,194315.08336000075,194333.43056000074
19,fixed_manifest,block_01_qkv,linear_qkv,GPU,194333.43056000074,194776.16304000074
16,fixed_manifest,block_10_ffn_island,fused_ffn_island,FPGA,194344.8657600008,194677.6132800008
17,fixed_manifest,block_07_norm2,layer_norm,GPU,194776.16304000074,194798.29264000076
18,fixed_manifest,block_03_residual2,residual_add,GPU,194798.29264000076,194816.63984000075
19,fixed_manifest,block_01_attention,self_attention,GPU,194816.63984000075,194972.66640000074
18,fixed_manifest,block_04_norm1,layer_norm,GPU,194972.66640000074,194994.79600000076
17,fixed_manifest,block_07_ffn_island,fused_ffn_island,FPGA,194979.92560000072,195312.67312000072
16,fixed_manifest,block_10_residual2,residual_add,GPU,194994.79600000076,195013.14320000075
19,fixed_manifest,block_01_proj,linear_projection,GPU,195013.14320000075,195165.38736000075
18,fixed_manifest,block_04_qkv,linear_qkv,GPU,195165.38736000075,195608.11984000076
16,fixed_manifest,block_11_norm1,layer_norm,GPU,195608.11984000076,195630.24944000077
19,fixed_manifest,block_01_residual1,residual_add,GPU,195630.24944000077,195648.59664000076
17,fixed_manifest,block_07_residual2,residual_add,GPU,195648.59664000076,195666.94384000075
18,fixed_manifest,block_04_attention,self_attention,GPU,195666.94384000075,195822.97040000075
16,fixed_manifest,block_11_qkv,linear_qkv,GPU,195822.97040000075,196265.70288000075
19,fixed_manifest,block_01_norm2,layer_norm,GPU,196265.70288000075,196287.83248000077
17,fixed_manifest,block_08_norm1,layer_norm,GPU,196287.83248000077,196309.96208000075
18,fixed_manifest,block_04_proj,linear_projection,GPU,196309.96208000075,196462.20624000076
19,fixed_manifest,block_01_ffn_island,fused_ffn_island,FPGA,196446.59728000077,196779.34480000078
16,fixed_manifest,block_11_attention,self_attention,GPU,196462.20624000076,196618.23280000075
17,fixed_manifest,block_08_qkv,linear_qkv,GPU,196618.23280000075,197060.9652800008
18,fixed_manifest,block_04_residual1,residual_add,GPU,197060.9652800008,197079.31248000078
16,fixed_manifest,block_11_proj,linear_projection,GPU,197079.31248000078,197231.55664000078
19,fixed_manifest,block_01_residual2,residual_add,GPU,197231.55664000078,197249.90384000077
17,fixed_manifest,block_08_attention,self_attention,GPU,197249.90384000077,197405.93040000077
18,fixed_manifest,block_04_norm2,layer_norm,GPU,197405.93040000077,197428.06000000075
16,fixed_manifest,block_11_residual1,residual_add,GPU,197428.06000000075,197446.40720000074
19,fixed_manifest,block_02_norm1,layer_norm,GPU,197446.40720000074,197468.53680000076
17,fixed_manifest,block_08_proj,linear_projection,GPU,197468.53680000076,197620.78096000076
18,fixed_manifest,block_04_ffn_island,fused_ffn_island,FPGA,197586.8248000008,197919.5723200008
16,fixed_manifest,block_11_norm2,layer_norm,GPU,197620.78096000076,197642.91056000078
19,fixed_manifest,block_02_qkv,linear_qkv,GPU,197642.91056000078,198085.64304000078
16,fixed_manifest,block_11_ffn_island,fused_ffn_island,FPGA,197919.5723200008,198252.3198400008
17,fixed_manifest,block_08_residual1,residual_add,GPU,198085.64304000078,198103.99024000077
18,fixed_manifest,block_04_residual2,residual_add,GPU,198103.99024000077,198122.33744000076
19,fixed_manifest,block_02_attention,self_attention,GPU,198122.33744000076,198278.36400000076
17,fixed_manifest,block_08_norm2,layer_norm,GPU,198278.36400000076,198300.49360000077
18,fixed_manifest,block_05_norm1,layer_norm,GPU,198300.49360000077,198322.62320000076
19,fixed_manifest,block_02_proj,linear_projection,GPU,198322.62320000076,198474.8673600008
18,fixed_manifest,block_05_qkv,linear_qkv,GPU,198474.8673600008,198917.5998400008
17,fixed_manifest,block_08_ffn_island,fused_ffn_island,FPGA,198475.8958400008,198808.6433600008
16,fixed_manifest,block_11_residual2,residual_add,GPU,198917.5998400008,198935.94704000078
19,fixed_manifest,block_02_residual1,residual_add,GPU,198935.94704000078,198954.29424000077
18,fixed_manifest,block_05_attention,self_attention,GPU,198954.29424000077,199110.32080000077
16,fixed_manifest,final_norm,layer_norm,GPU,199110.32080000077,199132.45040000076
19,fixed_manifest,block_02_norm2,layer_norm,GPU,199132.45040000076,199154.58000000077
17,fixed_manifest,block_08_residual2,residual_add,GPU,199154.58000000077,199172.92720000076
18,fixed_manifest,block_05_proj,linear_projection,GPU,199172.92720000076,199325.17136000076
19,fixed_manifest,block_02_ffn_island,fused_ffn_island,FPGA,199313.34480000078,199646.0923200008
16,fixed_manifest,class_token_select,class_token_select,GPU,199325.17136000076,199332.20976000075
17,fixed_manifest,block_09_norm1,layer_norm,GPU,199332.20976000075,199354.33936000077
18,fixed_manifest,block_05_residual1,residual_add,GPU,199354.33936000077,199372.68656000076
16,fixed_manifest,classifier,linear_classifier,GPU,199372.68656000076,199380.64656000075
17,fixed_manifest,block_09_qkv,linear_qkv,GPU,199380.64656000075,199823.3790400008
18,fixed_manifest,block_05_norm2,layer_norm,GPU,199823.3790400008,199845.50864000077
19,fixed_manifest,block_02_residual2,residual_add,GPU,199845.50864000077,199863.85584000076
17,fixed_manifest,block_09_attention,self_attention,GPU,199863.85584000076,200019.88240000076
18,fixed_manifest,block_05_ffn_island,fused_ffn_island,FPGA,200004.2734400008,200337.0209600008
19,fixed_manifest,block_03_norm1,layer_norm,GPU,200019.88240000076,200042.01200000077
20,fixed_manifest,patch_embedding,patch_embedding,GPU,200042.01200000077,200193.51888000077
17,fixed_manifest,block_09_proj,linear_projection,GPU,200193.51888000077,200345.76304000078
19,fixed_manifest,block_03_qkv,linear_qkv,GPU,200345.76304000078,200788.4955200008
20,fixed_manifest,token_embedding,token_and_position_embedding,GPU,200788.4955200008,200806.8427200008
17,fixed_manifest,block_09_residual1,residual_add,GPU,200806.8427200008,200825.1899200008
18,fixed_manifest,block_05_residual2,residual_add,GPU,200825.1899200008,200843.53712000078
19,fixed_manifest,block_03_attention,self_attention,GPU,200843.53712000078,200999.56368000078
20,fixed_manifest,block_00_norm1,layer_norm,GPU,200999.56368000078,201021.69328000076
17,fixed_manifest,block_09_norm2,layer_norm,GPU,201021.69328000076,201043.82288000078
18,fixed_manifest,block_06_norm1,layer_norm,GPU,201043.82288000078,201065.9524800008
19,fixed_manifest,block_03_proj,linear_projection,GPU,201065.9524800008,201218.1966400008
17,fixed_manifest,block_09_ffn_island,fused_ffn_island,FPGA,201202.58768000078,201535.33520000082
20,fixed_manifest,block_00_qkv,linear_qkv,GPU,201218.1966400008,201660.9291200008
18,fixed_manifest,block_06_qkv,linear_qkv,GPU,201660.9291200008,202103.6616000008
19,fixed_manifest,block_03_residual1,residual_add,GPU,202103.6616000008,202122.0088000008
20,fixed_manifest,block_00_attention,self_attention,GPU,202122.0088000008,202278.0353600008
17,fixed_manifest,block_09_residual2,residual_add,GPU,202278.0353600008,202296.38256000078
18,fixed_manifest,block_06_attention,self_attention,GPU,202296.38256000078,202452.40912000078
19,fixed_manifest,block_03_norm2,layer_norm,GPU,202452.40912000078,202474.5387200008
20,fixed_manifest,block_00_proj,linear_projection,GPU,202474.5387200008,202626.7828800008
17,fixed_manifest,block_10_norm1,layer_norm,GPU,202626.7828800008,202648.9124800008
19,fixed_manifest,block_03_ffn_island,fused_ffn_island,FPGA,202633.3035200008,202966.0510400008
18,fixed_manifest,block_06_proj,linear_projection,GPU,202648.9124800008,202801.15664000082
20,fixed_manifest,block_00_residual1,residual_add,GPU,202801.15664000082,202819.5038400008
17,fixed_manifest,block_10_qkv,linear_qkv,GPU,202819.5038400008,203262.2363200008
18,fixed_manifest,block_06_residual1,residual_add,GPU,203262.2363200008,203280.5835200008
20,fixed_manifest,block_00_norm2,layer_norm,GPU,203280.5835200008,203302.71312000082
19,fixed_manifest,block_03_residual2,residual_add,GPU,203302.71312000082,203321.0603200008
17,fixed_manifest,block_10_attention,self_attention,GPU,203321.0603200008,203477.0868800008
20,fixed_manifest,block_00_ffn_island,fused_ffn_island,FPGA,203461.47792000082,203794.22544000082
18,fixed_manifest,block_06_norm2,layer_norm,GPU,203477.0868800008,203499.2164800008
19,fixed_manifest,block_04_norm1,layer_norm,GPU,203499.2164800008,203521.3460800008
17,fixed_manifest,block_10_proj,linear_projection,GPU,203521.3460800008,203673.5902400008
19,fixed_manifest,block_04_qkv,linear_qkv,GPU,203673.5902400008,204116.3227200008
18,fixed_manifest,block_06_ffn_island,fused_ffn_island,FPGA,203794.22544000082,204126.97296000086
17,fixed_manifest,block_10_residual1,residual_add,GPU,204116.3227200008,204134.66992000083
20,fixed_manifest,block_00_residual2,residual_add,GPU,204134.66992000083,204153.01712000082
19,fixed_manifest,block_04_attention,self_attention,GPU,204153.01712000082,204309.0436800008
17,fixed_manifest,block_10_norm2,layer_norm,GPU,204309.0436800008,204331.1732800008
20,fixed_manifest,block_01_norm1,layer_norm,GPU,204331.1732800008,204353.30288000082
18,fixed_manifest,block_06_residual2,residual_add,GPU,204353.30288000082,204371.6500800008
19,fixed_manifest,block_04_proj,linear_projection,GPU,204371.6500800008,204523.8942400008
17,fixed_manifest,block_10_ffn_island,fused_ffn_island,FPGA,204489.9380800008,204822.68560000084
20,fixed_manifest,block_01_qkv,linear_qkv,GPU,204523.8942400008,204966.62672000082
18,fixed_manifest,block_07_norm1,layer_norm,GPU,204966.62672000082,204988.75632000083
19,fixed_manifest,block_04_residual1,residual_add,GPU,204988.75632000083,205007.10352000082
20,fixed_manifest,block_01_attention,self_attention,GPU,205007.10352000082,205163.13008000082
17,fixed_manifest,block_10_residual2,residual_add,GPU,205163.13008000082,205181.4772800008
18,fixed_manifest,block_07_qkv,linear_qkv,GPU,205181.4772800008,205624.2097600008
19,fixed_manifest,block_04_norm2,layer_norm,GPU,205624.2097600008,205646.33936000083
20,fixed_manifest,block_01_proj,linear_projection,GPU,205646.33936000083,205798.58352000083
17,fixed_manifest,block_11_norm1,layer_norm,GPU,205798.58352000083,205820.71312000084
19,fixed_manifest,block_04_ffn_island,fused_ffn_island,FPGA,205805.10416000083,206137.85168000084
18,fixed_manifest,block_07_attention,self_attention,GPU,205820.71312000084,205976.7396800008
20,fixed_manifest,block_01_residual1,residual_add,GPU,205976.7396800008,205995.0868800008
17,fixed_manifest,block_11_qkv,linear_qkv,GPU,205995.0868800008,206437.81936000084
18,fixed_manifest,block_07_proj,linear_projection,GPU,206437.81936000084,206590.06352000084
20,fixed_manifest,block_01_norm2,layer_norm,GPU,206590.06352000084,206612.19312000085
19,fixed_manifest,block_04_residual2,residual_add,GPU,206612.19312000085,206630.54032000084
17,fixed_manifest,block_11_attention,self_attention,GPU,206630.54032000084,206786.5668800008
20,fixed_manifest,block_01_ffn_island,fused_ffn_island,FPGA,206770.95792000086,207103.70544000086
18,fixed_manifest,block_07_residual1,residual_add,GPU,206786.5668800008,206804.91408000083
19,fixed_manifest,block_05_norm1,layer_norm,GPU,206804.91408000083,206827.04368000082
17,fixed_manifest,block_11_proj,linear_projection,GPU,206827.04368000082,206979.28784000082
18,fixed_manifest,block_07_norm2,layer_norm,GPU,206979.28784000082,207001.41744000083
19,fixed_manifest,block_05_qkv,linear_qkv,GPU,207001.41744000083,207444.14992000084
18,fixed_manifest,block_07_ffn_island,fused_ffn_island,FPGA,207191.65904000084,207524.40656000085
17,fixed_manifest,block_11_residual1,residual_add,GPU,207444.14992000084,207462.49712000083
20,fixed_manifest,block_01_residual2,residual_add,GPU,207462.49712000083,207480.84432000082
19,fixed_manifest,block_05_attention,self_attention,GPU,207480.84432000082,207636.87088000082
17,fixed_manifest,block_11_norm2,layer_norm,GPU,207636.87088000082,207659.00048000083
20,fixed_manifest,block_02_norm1,layer_norm,GPU,207659.00048000083,207681.13008000082
19,fixed_manifest,block_05_proj,linear_projection,GPU,207681.13008000082,207833.37424000085
20,fixed_manifest,block_02_qkv,linear_qkv,GPU,207833.37424000085,208276.10672000085
17,fixed_manifest,block_11_ffn_island,fused_ffn_island,FPGA,207833.93616000086,208166.68368000086
18,fixed_manifest,block_07_residual2,residual_add,GPU,208276.10672000085,208294.45392000084
19,fixed_manifest,block_05_residual1,residual_add,GPU,208294.45392000084,208312.80112000083
20,fixed_manifest,block_02_attention,self_attention,GPU,208312.80112000083,208468.82768000083
18,fixed_manifest,block_08_norm1,layer_norm,GPU,208468.82768000083,208490.95728000085
19,fixed_manifest,block_05_norm2,layer_norm,GPU,208490.95728000085,208513.08688000083
17,fixed_manifest,block_11_residual2,residual_add,GPU,208513.08688000083,208531.43408000082
20,fixed_manifest,block_02_proj,linear_projection,GPU,208531.43408000082,208683.67824000082
19,fixed_manifest,block_05_ffn_island,fused_ffn_island,FPGA,208671.85168000087,209004.59920000087
18,fixed_manifest,block_08_qkv,linear_qkv,GPU,208683.67824000082,209126.41072000086
17,fixed_manifest,final_norm,layer_norm,GPU,209126.41072000086,209148.54032000084
20,fixed_manifest,block_02_residual1,residual_add,GPU,209148.54032000084,209166.88752000083
18,fixed_manifest,block_08_attention,self_attention,GPU,209166.88752000083,209322.91408000083
17,fixed_manifest,class_token_select,class_token_select,GPU,209322.91408000083,209329.95248000082
19,fixed_manifest,block_05_residual2,residual_add,GPU,209329.95248000082,209348.2996800008
20,fixed_manifest,block_02_norm2,layer_norm,GPU,209348.2996800008,209370.42928000083
18,fixed_manifest,block_08_proj,linear_projection,GPU,209370.42928000083,209522.67344000083
17,fixed_manifest,classifier,linear_classifier,GPU,209522.67344000083,209530.63344000085
20,fixed_manifest,block_02_ffn_island,fused_ffn_island,FPGA,209529.19408000083,209861.94160000086
19,fixed_manifest,block_06_norm1,layer_norm,GPU,209530.63344000085,209552.76304000083
18,fixed_manifest,block_08_residual1,residual_add,GPU,209552.76304000083,209571.11024000082
19,fixed_manifest,block_06_qkv,linear_qkv,GPU,209571.11024000082,210013.84272000083
18,fixed_manifest,block_08_norm2,layer_norm,GPU,210013.84272000083,210035.97232000084
21,fixed_manifest,patch_embedding,patch_embedding,GPU,210035.97232000084,210187.47920000085
19,fixed_manifest,block_06_attention,self_attention,GPU,210187.47920000085,210343.50576000084
18,fixed_manifest,block_08_ffn_island,fused_ffn_island,FPGA,210194.73712000085,210527.48464000088
20,fixed_manifest,block_02_residual2,residual_add,GPU,210343.50576000084,210361.85296000083
21,fixed_manifest,token_embedding,token_and_position_embedding,GPU,210361.85296000083,210380.20016000082
19,fixed_manifest,block_06_proj,linear_projection,GPU,210380.20016000082,210532.44432000085
20,fixed_manifest,block_03_norm1,layer_norm,GPU,210532.44432000085,210554.57392000084
21,fixed_manifest,block_00_norm1,layer_norm,GPU,210554.57392000084,210576.70352000085
19,fixed_manifest,block_06_residual1,residual_add,GPU,210576.70352000085,210595.05072000084
20,fixed_manifest,block_03_qkv,linear_qkv,GPU,210595.05072000084,211037.78320000085
21,fixed_manifest,block_00_qkv,linear_qkv,GPU,211037.78320000085,211480.51568000086
19,fixed_manifest,block_06_norm2,layer_norm,GPU,211480.51568000086,211502.64528000087
18,fixed_manifest,block_08_residual2,residual_add,GPU,211502.64528000087,211520.99248000086
20,fixed_manifest,block_03_attention,self_attention,GPU,211520.99248000086,211677.01904000086
19,fixed_manifest,block_06_ffn_island,fused_ffn_island,FPGA,211661.41008000087,211994.1576000009
21,fixed_manifest,block_00_attention,self_attention,GPU,211677.01904000086,211833.04560000086
18,fixed_manifest,block_09_norm1,layer_norm,GPU,211833.04560000086,211855.17520000084
20,fixed_manifest,block_03_proj,linear_projection,GPU,211855.17520000084,212007.41936000087
21,fixed_manifest,block_00_proj,linear_projection,GPU,212007.41936000087,212159.66352000087
18,fixed_manifest,block_09_qkv,linear_qkv,GPU,212159.66352000087,212602.39600000088
20,fixed_manifest,block_03_residual1,residual_add,GPU,212602.39600000088,212620.74320000087
19,fixed_manifest,block_06_residual2,residual_add,GPU,212620.74320000087,212639.09040000086
21,fixed_manifest,block_00_residual1,residual_add,GPU,212639.09040000086,212657.43760000085
18,fixed_manifest,block_09_attention,self_attention,GPU,212657.43760000085,212813.46416000085
20,fixed_manifest,block_03_norm2,layer_norm,GPU,212813.46416000085,212835.59376000086
19,fixed_manifest,block_07_norm1,layer_norm,GPU,212835.59376000086,212857.72336000085
21,fixed_manifest,block_00_norm2,layer_norm,GPU,212857.72336000085,212879.85296000086
18,fixed_manifest,block_09_proj,linear_projection,GPU,212879.85296000086,213032.09712000086
19,fixed_manifest,block_07_qkv,linear_qkv,GPU,213032.09712000086,213474.8296000009
20,fixed_manifest,block_03_ffn_island,fused_ffn_island,FPGA,213049.38736000087,213382.13488000087
21,fixed_manifest,block_00_ffn_island,fused_ffn_island,FPGA,213382.13488000087,213714.88240000088
18,fixed_manifest,block_09_residual1,residual_add,GPU,213474.8296000009,213493.1768000009
19,fixed_manifest,block_07_attention,self_attention,GPU,213493.1768000009,213649.20336000086
18,fixed_manifest,block_09_norm2,layer_norm,GPU,213649.20336000086,213671.33296000087
20,fixed_manifest,block_03_residual2,residual_add,GPU,213671.33296000087,213689.68016000086
19,fixed_manifest,block_07_proj,linear_projection,GPU,213689.68016000086,213841.92432000086
20,fixed_manifest,block_04_norm1,layer_norm,GPU,213841.92432000086,213864.05392000088
19,fixed_manifest,block_07_residual1,residual_add,GPU,213864.05392000088,213882.40112000087
20,fixed_manifest,block_04_qkv,linear_qkv,GPU,213882.40112000087,214325.13360000087
18,fixed_manifest,block_09_ffn_island,fused_ffn_island,FPGA,213920.3131200009,214253.0606400009
19,fixed_manifest,block_07_norm2,layer_norm,GPU,214325.13360000087,214347.2632000009
21,fixed_manifest,block_00_residual2,residual_add,GPU,214347.2632000009,214365.61040000088
20,fixed_manifest,block_04_attention,self_attention,GPU,214365.61040000088,214521.63696000088
19,fixed_manifest,block_07_ffn_island,fused_ffn_island,FPGA,214506.0280000009,214838.77552000093
21,fixed_manifest,block_01_norm1,layer_norm,GPU,214521.63696000088,214543.76656000086
18,fixed_manifest,block_09_residual2,residual_add,GPU,214543.76656000086,214562.11376000088
20,fixed_manifest,block_04_proj,linear_projection,GPU,214562.11376000088,214714.35792000088
21,fixed_manifest,block_01_qkv,linear_qkv,GPU,214714.35792000088,215157.0904000009
18,fixed_manifest,block_10_norm1,layer_norm,GPU,215157.0904000009,215179.2200000009
20,fixed_manifest,block_04_residual1,residual_add,GPU,215179.2200000009,215197.5672000009
19,fixed_manifest,block_07_residual2,residual_add,GPU,215197.5672000009,215215.91440000088
21,fixed_manifest,block_01_attention,self_attention,GPU,215215.91440000088,215371.94096000088
18,fixed_manifest,block_10_qkv,linear_qkv,GPU,215371.94096000088,215814.6734400009
20,fixed_manifest,block_04_norm2,layer_norm,GPU,215814.6734400009,215836.80304000087
19,fixed_manifest,block_08_norm1,layer_norm,GPU,215836.80304000087,215858.9326400009
21,fixed_manifest,block_01_proj,linear_projection,GPU,215858.9326400009,216011.1768000009
20,fixed_manifest,block_04_ffn_island,fused_ffn_island,FPGA,215995.5678400009,216328.3153600009
18,fixed_manifest,block_10_attention,self_attention,GPU,216011.1768000009,216167.2033600009
19,fixed_manifest,block_08_qkv,linear_qkv,GPU,216167.2033600009,216609.9358400009
21,fixed_manifest,block_01_residual1,residual_add,GPU,216609.9358400009,216628.28304000088
18,fixed_manifest,block_10_proj,linear_projection,GPU,216628.28304000088,216780.5272000009
20,fixed_manifest,block_04_residual2,residual_add,GPU,216780.5272000009,216798.8744000009
19,fixed_manifest,block_08_attention,self_attention,GPU,216798.8744000009,216954.9009600009
21,fixed_manifest,block_01_norm2,layer_norm,GPU,216954.9009600009,216977.0305600009
18,fixed_manifest,block_10_residual1,residual_add,GPU,216977.0305600009,216995.37776000088
20,fixed_manifest,block_05_norm1,layer_norm,GPU,216995.37776000088,217017.5073600009
19,fixed_manifest,block_08_proj,linear_projection,GPU,217017.5073600009,217169.7515200009
21,fixed_manifest,block_01_ffn_island,fused_ffn_island,FPGA,217135.79536000092,217468.54288000092
18,fixed_manifest,block_10_norm2,layer_norm,GPU,217169.7515200009,217191.8811200009
20,fixed_manifest,block_05_qkv,linear_qkv,GPU,217191.8811200009,217634.6136000009
18,fixed_manifest,block_10_ffn_island,fused_ffn_island,FPGA,217468.54288000092,217801.29040000093
19,fixed_manifest,block_08_residual1,residual_add,GPU,217634.6136000009,217652.9608000009
21,fixed_manifest,block_01_residual2,residual_add,GPU,217652.9608000009,217671.3080000009
20,fixed_manifest,block_05_attention,self_attention,GPU,217671.3080000009,217827.3345600009
19,fixed_manifest,block_08_norm2,layer_norm,GPU,217827.3345600009,217849.4641600009
21,fixed_manifest,block_02_norm1,layer_norm,GPU,217849.4641600009,217871.5937600009
20,fixed_manifest,block_05_proj,linear_projection,GPU,217871.5937600009,218023.8379200009
21,fixed_manifest,block_02_qkv,linear_qkv,GPU,218023.8379200009,218466.57040000093
19,fixed_manifest,block_08_ffn_island,fused_ffn_island,FPGA,218024.86640000093,218357.61392000093
18,fixed_manifest,block_10_residual2,residual_add,GPU,218466.57040000093,218484.91760000092
20,fixed_manifest,block_05_residual1,residual_add,GPU,218484.91760000092,218503.2648000009
21,fixed_manifest,block_02_attention,self_attention,GPU,218503.2648000009,218659.2913600009
18,fixed_manifest,block_11_norm1,layer_norm,GPU,218659.2913600009,218681.4209600009
20,fixed_manifest,block_05_norm2,layer_norm,GPU,218681.4209600009,218703.5505600009
19,fixed_manifest,block_08_residual2,residual_add,GPU,218703.5505600009,218721.8977600009
21,fixed_manifest,block_02_proj,linear_projection,GPU,218721.8977600009,218874.1419200009
20,fixed_manifest,block_05_ffn_island,fused_ffn_island,FPGA,218862.3153600009,219195.06288000094
18,fixed_manifest,block_11_qkv,linear_qkv,GPU,218874.1419200009,219316.8744000009
19,fixed_manifest,block_09_norm1,layer_norm,GPU,219316.8744000009,219339.00400000092
21,fixed_manifest,block_02_residual1,residual_add,GPU,219339.00400000092,219357.3512000009
18,fixed_manifest,block_11_attention,self_attention,GPU,219357.3512000009,219513.3777600009
19,fixed_manifest,block_09_qkv,linear_qkv,GPU,219513.3777600009,219956.1102400009
20,fixed_manifest,block_05_residual2,residual_add,GPU,219956.1102400009,219974.4574400009
21,fixed_manifest,block_02_norm2,layer_norm,GPU,219974.4574400009,219996.58704000092
18,fixed_manifest,block_11_proj,linear_projection,GPU,219996.58704000092,220148.83120000092
19,fixed_manifest,block_09_attention,self_attention,GPU,220148.83120000092,220304.85776000092
21,fixed_manifest,block_02_ffn_island,fused_ffn_island,FPGA,220155.35184000092,220488.09936000092
20,fixed_manifest,block_06_norm1,layer_norm,GPU,220304.85776000092,220326.98736000093
22,fixed_manifest,patch_embedding,patch_embedding,GPU,220326.98736000093,220478.49424000093
18,fixed_manifest,block_11_residual1,residual_add,GPU,220478.49424000093,220496.84144000092
19,fixed_manifest,block_09_proj,linear_projection,GPU,220496.84144000092,220649.08560000092
20,fixed_manifest,block_06_qkv,linear_qkv,GPU,220649.08560000092,221091.81808000096
22,fixed_manifest,token_embedding,token_and_position_embedding,GPU,221091.81808000096,221110.16528000095
18,fixed_manifest,block_11_norm2,layer_norm,GPU,221110.16528000095,221132.29488000093
21,fixed_manifest,block_02_residual2,residual_add,GPU,221132.29488000093,221150.64208000092
19,fixed_manifest,block_09_residual1,residual_add,GPU,221150.64208000092,221168.9892800009
20,fixed_manifest,block_06_attention,self_attention,GPU,221168.9892800009,221325.0158400009
18,fixed_manifest,block_11_ffn_island,fused_ffn_island,FPGA,221291.05968000097,221623.80720000097
22,fixed_manifest,block_00_norm1,layer_norm,GPU,221325.0158400009,221347.14544000092
21,fixed_manifest,block_03_norm1,layer_norm,GPU,221347.14544000092,221369.2750400009
19,fixed_manifest,block_09_norm2,layer_norm,GPU,221369.2750400009,221391.40464000092
20,fixed_manifest,block_06_proj,linear_projection,GPU,221391.40464000092,221543.64880000093
22,fixed_manifest,block_00_qkv,linear_qkv,GPU,221543.64880000093,221986.38128000096
19,fixed_manifest,block_09_ffn_island,fused_ffn_island,FPGA,221623.80720000097,221956.55472000098
21,fixed_manifest,block_03_qkv,linear_qkv,GPU,221986.38128000096,222429.11376000097
20,fixed_manifest,block_06_residual1,residual_add,GPU,222429.11376000097,222447.46096000096
18,fixed_manifest,block_11_residual2,residual_add,GPU,222447.46096000096,222465.80816000095
22,fixed_manifest,block_00_attention,self_attention,GPU,222465.80816000095,222621.83472000094
19,fixed_manifest,block_09_residual2,residual_add,GPU,222621.83472000094,222640.18192000093
21,fixed_manifest,block_03_attention,self_attention,GPU,222640.18192000093,222796.20848000093
20,fixed_manifest,block_06_norm2,layer_norm,GPU,222796.20848000093,222818.33808000092
18,fixed_manifest,final_norm,layer_norm,GPU,222818.33808000092,222840.46768000093
22,fixed_manifest,block_00_proj,linear_projection,GPU,222840.46768000093,222992.71184000093
20,fixed_manifest,block_06_ffn_island,fused_ffn_island,FPGA,222977.10288000095,223309.85040000096
19,fixed_manifest,block_10_norm1,layer_norm,GPU,222992.71184000093,223014.84144000095
21,fixed_manifest,block_03_proj,linear_projection,GPU,223014.84144000095,223167.08560000095
18,fixed_manifest,class_token_select,class_token_select,GPU,223167.08560000095,223174.12400000094
22,fixed_manifest,block_00_residual1,residual_add,GPU,223174.12400000094,223192.47120000093
19,fixed_manifest,block_10_qkv,linear_qkv,GPU,223192.47120000093,223635.20368000094
21,fixed_manifest,block_03_residual1,residual_add,GPU,223635.20368000094,223653.55088000093
18,fixed_manifest,classifier,linear_classifier,GPU,223653.55088000093,223661.51088000095
22,fixed_manifest,block_00_norm2,layer_norm,GPU,223661.51088000095,223683.64048000093
20,fixed_manifest,block_06_residual2,residual_add,GPU,223683.64048000093,223701.98768000092
19,fixed_manifest,block_10_attention,self_attention,GPU,223701.98768000092,223858.01424000092
22,fixed_manifest,block_00_ffn_island,fused_ffn_island,FPGA,223842.40528000097,224175.15280000097
21,fixed_manifest,block_03_norm2,layer_norm,GPU,223858.01424000092,223880.14384000094
20,fixed_manifest,block_07_norm1,layer_norm,GPU,223880.14384000094,223902.27344000095
19,fixed_manifest,block_10_proj,linear_projection,GPU,223902.27344000095,224054.51760000095
20,fixed_manifest,block_07_qkv,linear_qkv,GPU,224054.51760000095,224497.25008000096
21,fixed_manifest,block_03_ffn_island,fused_ffn_island,FPGA,224175.15280000097,224507.90032000098
19,fixed_manifest,block_10_residual1,residual_add,GPU,224497.25008000096,224515.59728000095
22,fixed_manifest,block_00_residual2,residual_add,GPU,224515.59728000095,224533.94448000094
20,fixed_manifest,block_07_attention,self_attention,GPU,224533.94448000094,224689.97104000094
19,fixed_manifest,block_10_norm2,layer_norm,GPU,224689.97104000094,224712.10064000095
22,fixed_manifest,block_01_norm1,layer_norm,GPU,224712.10064000095,224734.23024000094
21,fixed_manifest,block_03_residual2,residual_add,GPU,224734.23024000094,224752.57744000092
20,fixed_manifest,block_07_proj,linear_projection,GPU,224752.57744000092,224904.82160000096
19,fixed_manifest,block_10_ffn_island,fused_ffn_island,FPGA,224870.86544000095,225203.61296000096
22,fixed_manifest,block_01_qkv,linear_qkv,GPU,224904.82160000096,225347.55408000096
21,fixed_manifest,block_04_norm1,layer_norm,GPU,225347.55408000096,225369.68368000095
20,fixed_manifest,block_07_residual1,residual_add,GPU,225369.68368000095,225388.03088000094
22,fixed_manifest,block_01_attention,self_attention,GPU,225388.03088000094,225544.05744000094
19,fixed_manifest,block_10_residual2,residual_add,GPU,225544.05744000094,225562.40464000092
21,fixed_manifest,block_04_qkv,linear_qkv,GPU,225562.40464000092,226005.13712000096
20,fixed_manifest,block_07_norm2,layer_norm,GPU,226005.13712000096,226027.26672000095
22,fixed_manifest,block_01_proj,linear_projection,GPU,226027.26672000095,226179.51088000095
19,fixed_manifest,block_11_norm1,layer_norm,GPU,226179.51088000095,226201.64048000096
20,fixed_manifest,block_07_ffn_island,fused_ffn_island,FPGA,226186.03152000098,226518.77904000098
21,fixed_manifest,block_04_attention,self_attention,GPU,226201.64048000096,226357.66704000096
22,fixed_manifest,block_01_residual1,residual_add,GPU,226357.66704000096,226376.01424000095
19,fixed_manifest,block_11_qkv,linear_qkv,GPU,226376.01424000095,226818.74672000096
21,fixed_manifest,block_04_proj,linear_projection,GPU,226818.74672000096,226970.99088000096
22,fixed_manifest,block_01_norm2,layer_norm,GPU,226970.99088000096,226993.12048000097
20,fixed_manifest,block_07_residual2,residual_add,GPU,226993.12048000097,227011.46768000096
19,fixed_manifest,block_11_attention,self_attention,GPU,227011.46768000096,227167.49424000096
22,fixed_manifest,block_01_ffn_island,fused_ffn_island,FPGA,227151.885280001,227484.632800001
21,fixed_manifest,block_04_residual1,residual_add,GPU,227167.49424000096,227185.84144000095
20,fixed_manifest,block_08_norm1,layer_norm,GPU,227185.84144000095,227207.97104000096
19,fixed_manifest,block_11_proj,linear_projection,GPU,227207.97104000096,227360.21520000097
21,fixed_manifest,block_04_norm2,layer_norm,GPU,227360.21520000097,227382.34480000098
20,fixed_manifest,block_08_qkv,linear_qkv,GPU,227382.34480000098,227825.077280001
21,fixed_manifest,block_04_ffn_island,fused_ffn_island,FPGA,227572.58640000096,227905.333920001
19,fixed_manifest,block_11_residual1,residual_add,GPU,227825.077280001,227843.42448000098
22,fixed_manifest,block_01_residual2,residual_add,GPU,227843.42448000098,227861.77168000097
20,fixed_manifest,block_08_attention,self_attention,GPU,227861.77168000097,228017.79824000096
19,fixed_manifest,block_11_norm2,layer_norm,GPU,228017.79824000096,228039.92784000095
22,fixed_manifest,block_02_norm1,layer_norm,GPU,228039.92784000095,228062.05744000096
20,fixed_manifest,block_08_proj,linear_projection,GPU,228062.05744000096,228214.30160000097
22,fixed_manifest,block_02_qkv,linear_qkv,GPU,228214.30160000097,228657.03408000097
19,fixed_manifest,block_11_ffn_island,fused_ffn_island,FPGA,228214.86352000097,228547.61104000098
21,fixed_manifest,block_04_residual2,residual_add,GPU,228657.03408000097,228675.381280001
20,fixed_manifest,block_08_residual1,residual_add,GPU,228675.381280001,228693.72848000098
22,fixed_manifest,block_02_attention,self_attention,GPU,228693.72848000098,228849.75504000095
21,fixed_manifest,block_05_norm1,layer_norm,GPU,228849.75504000095,228871.88464000096
20,fixed_manifest,block_08_norm2,layer_norm,GPU,228871.88464000096,228894.01424000098
19,fixed_manifest,block_11_residual2,residual_add,GPU,228894.01424000098,228912.36144000097
22,fixed_manifest,block_02_proj,linear_projection,GPU,228912.36144000097,229064.60560000097
20,fixed_manifest,block_08_ffn_island,fused_ffn_island,FPGA,229052.77904000098,229385.526560001
21,fixed_manifest,block_05_qkv,linear_qkv,GPU,229064.60560000097,229507.33808000098
19,fixed_manifest,final_norm,layer_norm,GPU,229507.33808000098,229529.467680001
22,fixed_manifest,block_02_residual1,residual_add,GPU,229529.467680001,229547.81488000098
21,fixed_manifest,block_05_attention,self_attention,GPU,229547.81488000098,229703.84144000098
19,fixed_manifest,class_token_select,class_token_select,GPU,229703.84144000098,229710.87984000097
20,fixed_manifest,block_08_residual2,residual_add,GPU,229710.87984000097,229729.22704000096
22,fixed_manifest,block_02_norm2,layer_norm,GPU,229729.22704000096,229751.35664000097
21,fixed_manifest,block_05_proj,linear_projection,GPU,229751.35664000097,229903.60080000098
19,fixed_manifest,classifier,linear_classifier,GPU,229903.60080000098,229911.56080000097
22,fixed_manifest,block_02_ffn_island,fused_ffn_island,FPGA,229910.12144000098,230242.86896000098
20,fixed_manifest,block_09_norm1,layer_norm,GPU,229911.56080000097,229933.69040000098
21,fixed_manifest,block_05_residual1,residual_add,GPU,229933.69040000098,229952.03760000097
20,fixed_manifest,block_09_qkv,linear_qkv,GPU,229952.03760000097,230394.77008000098
21,fixed_manifest,block_05_norm2,layer_norm,GPU,230394.77008000098,230416.899680001
23,fixed_manifest,patch_embedding,patch_embedding,GPU,230416.899680001,230568.406560001
20,fixed_manifest,block_09_attention,self_attention,GPU,230568.406560001,230724.433120001
21,fixed_manifest,block_05_ffn_island,fused_ffn_island,FPGA,230575.664480001,230908.412000001
22,fixed_manifest,block_02_residual2,residual_add,GPU,230724.433120001,230742.78032000098
23,fixed_manifest,token_embedding,token_and_position_embedding,GPU,230742.78032000098,230761.12752000097
20,fixed_manifest,block_09_proj,linear_projection,GPU,230761.12752000097,230913.37168000097
22,fixed_manifest,block_03_norm1,layer_norm,GPU,230913.37168000097,230935.501280001
23,fixed_manifest,block_00_norm1,layer_norm,GPU,230935.501280001,230957.63088000097
20,fixed_manifest,block_09_residual1,residual_add,GPU,230957.63088000097,230975.978080001
22,fixed_manifest,block_03_qkv,linear_qkv,GPU,230975.978080001,231418.710560001
23,fixed_manifest,block_00_qkv,linear_qkv,GPU,231418.710560001,231861.443040001
20,fixed_manifest,block_09_norm2,layer_norm,GPU,231861.443040001,231883.57264000102
21,fixed_manifest,block_05_residual2,residual_add,GPU,231883.57264000102,231901.919840001
22,fixed_manifest,block_03_attention,self_attention,GPU,231901.919840001,232057.946400001
20,fixed_manifest,block_09_ffn_island,fused_ffn_island,FPGA,232042.33744000102,232375.08496000103
23,fixed_manifest,block_00_attention,self_attention,GPU,232057.946400001,232213.97296000097
21,fixed_manifest,block_06_norm1,layer_norm,GPU,232213.97296000097,232236.102560001
22,fixed_manifest,block_03_proj,linear_projection,GPU,232236.102560001,232388.346720001
23,fixed_manifest,block_00_proj,linear_projection,GPU,232388.346720001,232540.59088000102
21,fixed_manifest,block_06_qkv,linear_qkv,GPU,232540.59088000102,232983.32336000103
22,fixed_manifest,block_03_residual1,residual_add,GPU,232983.32336000103,233001.67056000102
20,fixed_manifest,block_09_residual2,residual_add,GPU,233001.67056000102,233020.017760001
23,fixed_manifest,block_00_residual1,residual_add,GPU,233020.017760001,233038.364960001
21,fixed_manifest,block_06_attention,self_attention,GPU,233038.364960001,233194.391520001
22,fixed_manifest,block_03_norm2,layer_norm,GPU,233194.391520001,233216.52112000098
20,fixed_manifest,block_10_norm1,layer_norm,GPU,233216.52112000098,233238.650720001
23,fixed_manifest,block_00_norm2,layer_norm,GPU,233238.650720001,233260.780320001
21,fixed_manifest,block_06_proj,linear_projection,GPU,233260.780320001,233413.024480001
20,fixed_manifest,block_10_qkv,linear_qkv,GPU,233413.024480001,233855.75696000102
22,fixed_manifest,block_03_ffn_island,fused_ffn_island,FPGA,233430.314720001,233763.06224000102
23,fixed_manifest,block_00_ffn_island,fused_ffn_island,FPGA,233763.06224000102,234095.80976000102
21,fixed_manifest,block_06_residual1,residual_add,GPU,233855.75696000102,233874.104160001
20,fixed_manifest,block_10_attention,self_attention,GPU,233874.104160001,234030.130720001
21,fixed_manifest,block_06_norm2,layer_norm,GPU,234030.130720001,234052.26032000102
22,fixed_manifest,block_03_residual2,residual_add,GPU,234052.26032000102,234070.607520001
20,fixed_manifest,block_10_proj,linear_projection,GPU,234070.607520001,234222.851680001
22,fixed_manifest,block_04_norm1,layer_norm,GPU,234222.851680001,234244.98128000103
20,fixed_manifest,block_10_residual1,residual_add,GPU,234244.98128000103,234263.32848000102
22,fixed_manifest,block_04_qkv,linear_qkv,GPU,234263.32848000102,234706.06096000102
21,fixed_manifest,block_06_ffn_island,fused_ffn_island,FPGA,234301.24048000103,234633.98800000103
20,fixed_manifest,block_10_norm2,layer_norm,GPU,234706.06096000102,234728.190560001
23,fixed_manifest,block_00_residual2,residual_add,GPU,234728.190560001,234746.53776000103
22,fixed_manifest,block_04_attention,self_attention,GPU,234746.53776000103,234902.564320001
20,fixed_manifest,block_10_ffn_island,fused_ffn_island,FPGA,234886.95536000104,235219.70288000104
23,fixed_manifest,block_01_norm1,layer_norm,GPU,234902.564320001,234924.693920001
21,fixed_manifest,block_06_residual2,residual_add,GPU,234924.693920001,234943.041120001
22,fixed_manifest,block_04_proj,linear_projection,GPU,234943.041120001,235095.285280001
23,fixed_manifest,block_01_qkv,linear_qkv,GPU,235095.285280001,235538.01776000104
21,fixed_manifest,block_07_norm1,layer_norm,GPU,235538.01776000104,235560.14736000102
22,fixed_manifest,block_04_residual1,residual_add,GPU,235560.14736000102,235578.494560001
20,fixed_manifest,block_10_residual2,residual_add,GPU,235578.494560001,235596.841760001
23,fixed_manifest,block_01_attention,self_attention,GPU,235596.841760001,235752.868320001
21,fixed_manifest,block_07_qkv,linear_qkv,GPU,235752.868320001,236195.600800001
22,fixed_manifest,block_04_norm2,layer_norm,GPU,236195.600800001,236217.73040000102
20,fixed_manifest,block_11_norm1,layer_norm,GPU,236217.73040000102,236239.86000000103
23,fixed_manifest,block_01_proj,linear_projection,GPU,236239.86000000103,236392.10416000104
22,fixed_manifest,block_04_ffn_island,fused_ffn_island,FPGA,236376.49520000102,236709.24272000106
21,fixed_manifest,block_07_attention,self_attention,GPU,236392.10416000104,236548.13072000103
20,fixed_manifest,block_11_qkv,linear_qkv,GPU,236548.13072000103,236990.86320000104
23,fixed_manifest,block_01_residual1,residual_add,GPU,236990.86320000104,237009.21040000103
21,fixed_manifest,block_07_proj,linear_projection,GPU,237009.21040000103,237161.45456000103
22,fixed_manifest,block_04_residual2,residual_add,GPU,237161.45456000103,237179.80176000102
20,fixed_manifest,block_11_attention,self_attention,GPU,237179.80176000102,237335.82832000102
23,fixed_manifest,block_01_norm2,layer_norm,GPU,237335.82832000102,237357.95792000103
21,fixed_manifest,block_07_residual1,residual_add,GPU,237357.95792000103,237376.30512000102
22,fixed_manifest,block_05_norm1,layer_norm,GPU,237376.30512000102,237398.434720001
20,fixed_manifest,block_11_proj,linear_projection,GPU,237398.434720001,237550.67888000104
23,fixed_manifest,block_01_ffn_island,fused_ffn_island,FPGA,237516.72272000104,237849.47024000104
21,fixed_manifest,block_07_norm2,layer_norm,GPU,237550.67888000104,237572.80848000103
22,fixed_manifest,block_05_qkv,linear_qkv,GPU,237572.80848000103,238015.54096000106
21,fixed_manifest,block_07_ffn_island,fused_ffn_island,FPGA,237849.47024000104,238182.21776000108
20,fixed_manifest,block_11_residual1,residual_add,GPU,238015.54096000106,238033.88816000105
23,fixed_manifest,block_01_residual2,residual_add,GPU,238033.88816000105,238052.23536000104
22,fixed_manifest,block_05_attention,self_attention,GPU,238052.23536000104,238208.26192000104
20,fixed_manifest,block_11_norm2,layer_norm,GPU,238208.26192000104,238230.39152000102
23,fixed_manifest,block_02_norm1,layer_norm,GPU,238230.39152000102,238252.52112000104
22,fixed_manifest,block_05_proj,linear_projection,GPU,238252.52112000104,238404.76528000104
23,fixed_manifest,block_02_qkv,linear_qkv,GPU,238404.76528000104,238847.49776000105
20,fixed_manifest,block_11_ffn_island,fused_ffn_island,FPGA,238405.79376000108,238738.54128000108
21,fixed_manifest,block_07_residual2,residual_add,GPU,238847.49776000105,238865.84496000104
22,fixed_manifest,block_05_residual1,residual_add,GPU,238865.84496000104,238884.19216000102
23,fixed_manifest,block_02_attention,self_attention,GPU,238884.19216000102,239040.21872000102
21,fixed_manifest,block_08_norm1,layer_norm,GPU,239040.21872000102,239062.34832000104
22,fixed_manifest,block_05_norm2,layer_norm,GPU,239062.34832000104,239084.47792000102
20,fixed_manifest,block_11_residual2,residual_add,GPU,239084.47792000102,239102.82512000104
23,fixed_manifest,block_02_proj,linear_projection,GPU,239102.82512000104,239255.06928000104
22,fixed_manifest,block_05_ffn_island,fused_ffn_island,FPGA,239243.24272000106,239575.99024000106
21,fixed_manifest,block_08_qkv,linear_qkv,GPU,239255.06928000104,239697.80176000105
20,fixed_manifest,final_norm,layer_norm,GPU,239697.80176000105,239719.93136000106
23,fixed_manifest,block_02_residual1,residual_add,GPU,239719.93136000106,239738.27856000105
21,fixed_manifest,block_08_attention,self_attention,GPU,239738.27856000105,239894.30512000105
20,fixed_manifest,class_token_select,class_token_select,GPU,239894.30512000105,239901.34352000104
22,fixed_manifest,block_05_residual2,residual_add,GPU,239901.34352000104,239919.69072000103
23,fixed_manifest,block_02_norm2,layer_norm,GPU,239919.69072000103,239941.82032000102
21,fixed_manifest,block_08_proj,linear_projection,GPU,239941.82032000102,240094.06448000105
20,fixed_manifest,classifier,linear_classifier,GPU,240094.06448000105,240102.02448000104
23,fixed_manifest,block_02_ffn_island,fused_ffn_island,FPGA,240100.58512000105,240433.33264000106
22,fixed_manifest,block_06_norm1,layer_norm,GPU,240102.02448000104,240124.15408000103
24,fixed_manifest,patch_embedding,patch_embedding,GPU,240124.15408000103,240275.66096000106
21,fixed_manifest,block_08_residual1,residual_add,GPU,240275.66096000106,240294.00816000105
22,fixed_manifest,block_06_qkv,linear_qkv,GPU,240294.00816000105,240736.74064000105
24,fixed_manifest,token_embedding,token_and_position_embedding,GPU,240736.74064000105,240755.08784000104
21,fixed_manifest,block_08_norm2,layer_norm,GPU,240755.08784000104,240777.21744000106
23,fixed_manifest,block_02_residual2,residual_add,GPU,240777.21744000106,240795.56464000104
22,fixed_manifest,block_06_attention,self_attention,GPU,240795.56464000104,240951.59120000104
21,fixed_manifest,block_08_ffn_island,fused_ffn_island,FPGA,240935.98224000106,241268.72976000106
24,fixed_manifest,block_00_norm1,layer_norm,GPU,240951.59120000104,240973.72080000103
23,fixed_manifest,block_03_norm1,layer_norm,GPU,240973.72080000103,240995.85040000104
22,fixed_manifest,block_06_proj,linear_projection,GPU,240995.85040000104,241148.09456000105
24,fixed_manifest,block_00_qkv,linear_qkv,GPU,241148.09456000105,241590.82704000105
23,fixed_manifest,block_03_qkv,linear_qkv,GPU,241590.82704000105,242033.5595200011
22,fixed_manifest,block_06_residual1,residual_add,GPU,242033.5595200011,242051.90672000108
21,fixed_manifest,block_08_residual2,residual_add,GPU,242051.90672000108,242070.25392000107
24,fixed_manifest,block_00_attention,self_attention,GPU,242070.25392000107,242226.28048000106
23,fixed_manifest,block_03_attention,self_attention,GPU,242226.28048000106,242382.30704000106
22,fixed_manifest,block_06_norm2,layer_norm,GPU,242382.30704000106,242404.43664000105
21,fixed_manifest,block_09_norm1,layer_norm,GPU,242404.43664000105,242426.56624000106
24,fixed_manifest,block_00_proj,linear_projection,GPU,242426.56624000106,242578.81040000106
22,fixed_manifest,block_06_ffn_island,fused_ffn_island,FPGA,242563.20144000108,242895.9489600011
23,fixed_manifest,block_03_proj,linear_projection,GPU,242578.81040000106,242731.05456000107
21,fixed_manifest,block_09_qkv,linear_qkv,GPU,242731.05456000107,243173.7870400011
24,fixed_manifest,block_00_residual1,residual_add,GPU,243173.7870400011,243192.1342400011
23,fixed_manifest,block_03_residual1,residual_add,GPU,243192.1342400011,243210.48144000108
22,fixed_manifest,block_06_residual2,residual_add,GPU,243210.48144000108,243228.82864000107
21,fixed_manifest,block_09_attention,self_attention,GPU,243228.82864000107,243384.85520000107
24,fixed_manifest,block_00_norm2,layer_norm,GPU,243384.85520000107,243406.98480000105
23,fixed_manifest,block_03_norm2,layer_norm,GPU,243406.98480000105,243429.11440000107
22,fixed_manifest,block_07_norm1,layer_norm,GPU,243429.11440000107,243451.24400000105
21,fixed_manifest,block_09_proj,linear_projection,GPU,243451.24400000105,243603.48816000108
22,fixed_manifest,block_07_qkv,linear_qkv,GPU,243603.48816000108,244046.2206400011
24,fixed_manifest,block_00_ffn_island,fused_ffn_island,FPGA,243647.25520000106,243980.00272000107
23,fixed_manifest,block_03_ffn_island,fused_ffn_island,FPGA,243980.00272000107,244312.75024000107
21,fixed_manifest,block_09_residual1,residual_add,GPU,244046.2206400011,244064.56784000108
22,fixed_manifest,block_07_attention,self_attention,GPU,244064.56784000108,244220.59440000108
21,fixed_manifest,block_09_norm2,layer_norm,GPU,244220.59440000108,244242.72400000106
24,fixed_manifest,block_00_residual2,residual_add,GPU,244242.72400000106,244261.07120000105
22,fixed_manifest,block_07_proj,linear_projection,GPU,244261.07120000105,244413.31536000108
24,fixed_manifest,block_01_norm1,layer_norm,GPU,244413.31536000108,244435.44496000107
22,fixed_manifest,block_07_residual1,residual_add,GPU,244435.44496000107,244453.79216000106
24,fixed_manifest,block_01_qkv,linear_qkv,GPU,244453.79216000106,244896.5246400011
21,fixed_manifest,block_09_ffn_island,fused_ffn_island,FPGA,244465.22736000112,244797.97488000113
22,fixed_manifest,block_07_norm2,layer_norm,GPU,244896.5246400011,244918.65424000108
23,fixed_manifest,block_03_residual2,residual_add,GPU,244918.65424000108,244937.00144000107
24,fixed_manifest,block_01_attention,self_attention,GPU,244937.00144000107,245093.02800000107
23,fixed_manifest,block_04_norm1,layer_norm,GPU,245093.02800000107,245115.15760000108
22,fixed_manifest,block_07_ffn_island,fused_ffn_island,FPGA,245100.28720000104,245433.03472000104
21,fixed_manifest,block_09_residual2,residual_add,GPU,245115.15760000108,245133.50480000107
24,fixed_manifest,block_01_proj,linear_projection,GPU,245133.50480000107,245285.74896000107
23,fixed_manifest,block_04_qkv,linear_qkv,GPU,245285.74896000107,245728.48144000108
21,fixed_manifest,block_10_norm1,layer_norm,GPU,245728.48144000108,245750.6110400011
24,fixed_manifest,block_01_residual1,residual_add,GPU,245750.6110400011,245768.95824000108
22,fixed_manifest,block_07_residual2,residual_add,GPU,245768.95824000108,245787.30544000107
23,fixed_manifest,block_04_attention,self_attention,GPU,245787.30544000107,245943.33200000107
21,fixed_manifest,block_10_qkv,linear_qkv,GPU,245943.33200000107,246386.06448000108
24,fixed_manifest,block_01_norm2,layer_norm,GPU,246386.06448000108,246408.1940800011
22,fixed_manifest,block_08_norm1,layer_norm,GPU,246408.1940800011,246430.32368000108
23,fixed_manifest,block_04_proj,linear_projection,GPU,246430.32368000108,246582.5678400011
24,fixed_manifest,block_01_ffn_island,fused_ffn_island,FPGA,246566.9588800011,246899.7064000011
21,fixed_manifest,block_10_attention,self_attention,GPU,246582.5678400011,246738.5944000011
22,fixed_manifest,block_08_qkv,linear_qkv,GPU,246738.5944000011,247181.3268800011
23,fixed_manifest,block_04_residual1,residual_add,GPU,247181.3268800011,247199.6740800011
21,fixed_manifest,block_10_proj,linear_projection,GPU,247199.6740800011,247351.9182400011
24,fixed_manifest,block_01_residual2,residual_add,GPU,247351.9182400011,247370.2654400011
22,fixed_manifest,block_08_attention,self_attention,GPU,247370.2654400011,247526.2920000011
23,fixed_manifest,block_04_norm2,layer_norm,GPU,247526.2920000011,247548.4216000011
21,fixed_manifest,block_10_residual1,residual_add,GPU,247548.4216000011,247566.7688000011
24,fixed_manifest,block_02_norm1,layer_norm,GPU,247566.7688000011,247588.89840000108
22,fixed_manifest,block_08_proj,linear_projection,GPU,247588.89840000108,247741.14256000108
23,fixed_manifest,block_04_ffn_island,fused_ffn_island,FPGA,247707.1864000011,248039.93392000112
21,fixed_manifest,block_10_norm2,layer_norm,GPU,247741.14256000108,247763.2721600011
24,fixed_manifest,block_02_qkv,linear_qkv,GPU,247763.2721600011,248206.0046400011
21,fixed_manifest,block_10_ffn_island,fused_ffn_island,FPGA,248039.93392000112,248372.68144000112
22,fixed_manifest,block_08_residual1,residual_add,GPU,248206.0046400011,248224.3518400011
23,fixed_manifest,block_04_residual2,residual_add,GPU,248224.3518400011,248242.69904000108
24,fixed_manifest,block_02_attention,self_attention,GPU,248242.69904000108,248398.72560000108
22,fixed_manifest,block_08_norm2,layer_norm,GPU,248398.72560000108,248420.8552000011
23,fixed_manifest,block_05_norm1,layer_norm,GPU,248420.8552000011,248442.9848000011
24,fixed_manifest,block_02_proj,linear_projection,GPU,248442.9848000011,248595.2289600011
23,fixed_manifest,block_05_qkv,linear_qkv,GPU,248595.2289600011,249037.96144000112
22,fixed_manifest,block_08_ffn_island,fused_ffn_island,FPGA,248596.25744000112,248929.00496000116
21,fixed_manifest,block_10_residual2,residual_add,GPU,249037.96144000112,249056.3086400011
24,fixed_manifest,block_02_residual1,residual_add,GPU,249056.3086400011,249074.6558400011
23,fixed_manifest,block_05_attention,self_attention,GPU,249074.6558400011,249230.6824000011
21,fixed_manifest,block_11_norm1,layer_norm,GPU,249230.6824000011,249252.8120000011
24,fixed_manifest,block_02_norm2,layer_norm,GPU,249252.8120000011,249274.9416000011
22,fixed_manifest,block_08_residual2,residual_add,GPU,249274.9416000011,249293.2888000011
23,fixed_manifest,block_05_proj,linear_projection,GPU,249293.2888000011,249445.53296000112
24,fixed_manifest,block_02_ffn_island,fused_ffn_island,FPGA,249433.70640000113,249766.45392000113
21,fixed_manifest,block_11_qkv,linear_qkv,GPU,249445.53296000112,249888.26544000112
22,fixed_manifest,block_09_norm1,layer_norm,GPU,249888.26544000112,249910.3950400011
23,fixed_manifest,block_05_residual1,residual_add,GPU,249910.3950400011,249928.7422400011
21,fixed_manifest,block_11_attention,self_attention,GPU,249928.7422400011,250084.76880000113
22,fixed_manifest,block_09_qkv,linear_qkv,GPU,250084.76880000113,250527.50128000113
24,fixed_manifest,block_02_residual2,residual_add,GPU,250527.50128000113,250545.84848000112
23,fixed_manifest,block_05_norm2,layer_norm,GPU,250545.84848000112,250567.97808000108
25,fixed_manifest,patch_embedding,patch_embedding,GPU,250567.97808000108,250719.48496000108
21,fixed_manifest,block_11_proj,linear_projection,GPU,250719.48496000108,250871.72912000105
23,fixed_manifest,block_05_ffn_island,fused_ffn_island,FPGA,250726.74288000108,251059.4904000011
22,fixed_manifest,block_09_attention,self_attention,GPU,250871.72912000105,251027.75568000108
24,fixed_manifest,block_03_norm1,layer_norm,GPU,251027.75568000108,251049.88528000106
25,fixed_manifest,token_embedding,token_and_position_embedding,GPU,251049.88528000106,251068.23248000105
21,fixed_manifest,block_11_residual1,residual_add,GPU,251068.23248000105,251086.57968000104
22,fixed_manifest,block_09_proj,linear_projection,GPU,251086.57968000104,251238.82384000102
24,fixed_manifest,block_03_qkv,linear_qkv,GPU,251238.82384000102,251681.556320001
25,fixed_manifest,block_00_norm1,layer_norm,GPU,251681.556320001,251703.68592000098
21,fixed_manifest,block_11_norm2,layer_norm,GPU,251703.68592000098,251725.81552000096
23,fixed_manifest,block_05_residual2,residual_add,GPU,251725.81552000096,251744.16272000095
22,fixed_manifest,block_09_residual1,residual_add,GPU,251744.16272000095,251762.50992000094
24,fixed_manifest,block_03_attention,self_attention,GPU,251762.50992000094,251918.53648000094
21,fixed_manifest,block_11_ffn_island,fused_ffn_island,FPGA,251884.58032000094,252217.32784000094
25,fixed_manifest,block_00_qkv,linear_qkv,GPU,251918.53648000094,252361.26896000095
23,fixed_manifest,block_06_norm1,layer_norm,GPU,252361.26896000095,252383.3985600009
22,fixed_manifest,block_09_norm2,layer_norm,GPU,252383.3985600009,252405.5281600009
24,fixed_manifest,block_03_proj,linear_projection,GPU,252405.5281600009,252557.77232000086
25,fixed_manifest,block_00_attention,self_attention,GPU,252557.77232000086,252713.7988800009
22,fixed_manifest,block_09_ffn_island,fused_ffn_island,FPGA,252564.2929600009,252897.0404800009
21,fixed_manifest,block_11_residual2,residual_add,GPU,252713.7988800009,252732.14608000088
23,fixed_manifest,block_06_qkv,linear_qkv,GPU,252732.14608000088,253174.87856000089
24,fixed_manifest,block_03_residual1,residual_add,GPU,253174.87856000089,253193.22576000087
25,fixed_manifest,block_00_proj,linear_projection,GPU,253193.22576000087,253345.46992000085
21,fixed_manifest,final_norm,layer_norm,GPU,253345.46992000085,253367.59952000083
22,fixed_manifest,block_09_residual2,residual_add,GPU,253367.59952000083,253385.94672000082
23,fixed_manifest,block_06_attention,self_attention,GPU,253385.94672000082,253541.97328000082
24,fixed_manifest,block_03_norm2,layer_norm,GPU,253541.97328000082,253564.1028800008
25,fixed_manifest,block_00_residual1,residual_add,GPU,253564.1028800008,253582.4500800008
21,fixed_manifest,class_token_select,class_token_select,GPU,253582.4500800008,253589.4884800008
22,fixed_manifest,block_10_norm1,layer_norm,GPU,253589.4884800008,253611.61808000077
23,fixed_manifest,block_06_proj,linear_projection,GPU,253611.61808000077,253763.86224000074
24,fixed_manifest,block_03_ffn_island,fused_ffn_island,FPGA,253722.8676800008,254055.61520000082
25,fixed_manifest,block_00_norm2,layer_norm,GPU,253763.86224000074,253785.99184000073
21,fixed_manifest,classifier,linear_classifier,GPU,253785.99184000073,253793.9518400007
22,fixed_manifest,block_10_qkv,linear_qkv,GPU,253793.9518400007,254236.68432000067
25,fixed_manifest,block_00_ffn_island,fused_ffn_island,FPGA,254055.61520000082,254388.36272000082
23,fixed_manifest,block_06_residual1,residual_add,GPU,254236.68432000067,254255.0315200007
24,fixed_manifest,block_03_residual2,residual_add,GPU,254255.0315200007,254273.37872000068
22,fixed_manifest,block_10_attention,self_attention,GPU,254273.37872000068,254429.40528000068
23,fixed_manifest,block_06_norm2,layer_norm,GPU,254429.40528000068,254451.53488000066
24,fixed_manifest,block_04_norm1,layer_norm,GPU,254451.53488000066,254473.66448000065
22,fixed_manifest,block_10_proj,linear_projection,GPU,254473.66448000065,254625.90864000062
23,fixed_manifest,block_06_ffn_island,fused_ffn_island,FPGA,254611.93872000082,254944.68624000082
24,fixed_manifest,block_04_qkv,linear_qkv,GPU,254625.90864000062,255068.6411200006
25,fixed_manifest,block_00_residual2,residual_add,GPU,255068.6411200006,255086.9883200006
22,fixed_manifest,block_10_residual1,residual_add,GPU,255086.9883200006,255105.33552000058
24,fixed_manifest,block_04_attention,self_attention,GPU,255105.33552000058,255261.3620800006
25,fixed_manifest,block_01_norm1,layer_norm,GPU,255261.3620800006,255283.4916800006
23,fixed_manifest,block_06_residual2,residual_add,GPU,255283.4916800006,255301.83888000058
22,fixed_manifest,block_10_norm2,layer_norm,GPU,255301.83888000058,255323.96848000056
24,fixed_manifest,block_04_proj,linear_projection,GPU,255323.96848000056,255476.21264000054
25,fixed_manifest,block_01_qkv,linear_qkv,GPU,255476.21264000054,255918.9451200005
22,fixed_manifest,block_10_ffn_island,fused_ffn_island,FPGA,255482.73328000054,255815.48080000054
23,fixed_manifest,block_07_norm1,layer_norm,GPU,255918.9451200005,255941.0747200005
24,fixed_manifest,block_04_residual1,residual_add,GPU,255941.0747200005,255959.4219200005
25,fixed_manifest,block_01_attention,self_attention,GPU,255959.4219200005,256115.44848000052
23,fixed_manifest,block_07_qkv,linear_qkv,GPU,256115.44848000052,256558.1809600005
24,fixed_manifest,block_04_norm2,layer_norm,GPU,256558.1809600005,256580.31056000048
22,fixed_manifest,block_10_residual2,residual_add,GPU,256580.31056000048,256598.65776000047
25,fixed_manifest,block_01_proj,linear_projection,GPU,256598.65776000047,256750.90192000044
24,fixed_manifest,block_04_ffn_island,fused_ffn_island,FPGA,256739.07536000045,257071.82288000046
23,fixed_manifest,block_07_attention,self_attention,GPU,256750.90192000044,256906.92848000047
22,fixed_manifest,block_11_norm1,layer_norm,GPU,256906.92848000047,256929.05808000042
25,fixed_manifest,block_01_residual1,residual_add,GPU,256929.05808000042,256947.40528000044
23,fixed_manifest,block_07_proj,linear_projection,GPU,256947.40528000044,257099.64944000042
22,fixed_manifest,block_11_qkv,linear_qkv,GPU,257099.64944000042,257542.3819200004
25,fixed_manifest,block_01_norm2,layer_norm,GPU,257542.3819200004,257564.51152000038
23,fixed_manifest,block_07_residual1,residual_add,GPU,257564.51152000038,257582.85872000037
24,fixed_manifest,block_04_residual2,residual_add,GPU,257582.85872000037,257601.20592000036
22,fixed_manifest,block_11_attention,self_attention,GPU,257601.20592000036,257757.23248000038
25,fixed_manifest,block_01_ffn_island,fused_ffn_island,FPGA,257723.27632000035,258056.02384000036
23,fixed_manifest,block_07_norm2,layer_norm,GPU,257757.23248000038,257779.36208000034
24,fixed_manifest,block_05_norm1,layer_norm,GPU,257779.36208000034,257801.49168000033
22,fixed_manifest,block_11_proj,linear_projection,GPU,257801.49168000033,257953.7358400003
24,fixed_manifest,block_05_qkv,linear_qkv,GPU,257953.7358400003,258396.4683200003
23,fixed_manifest,block_07_ffn_island,fused_ffn_island,FPGA,258056.02384000036,258388.7713600004
22,fixed_manifest,block_11_residual1,residual_add,GPU,258396.4683200003,258414.8155200003
25,fixed_manifest,block_01_residual2,residual_add,GPU,258414.8155200003,258433.16272000028
24,fixed_manifest,block_05_attention,self_attention,GPU,258433.16272000028,258589.1892800003
22,fixed_manifest,block_11_norm2,layer_norm,GPU,258589.1892800003,258611.31888000027
25,fixed_manifest,block_02_norm1,layer_norm,GPU,258611.31888000027,258633.44848000025
23,fixed_manifest,block_07_residual2,residual_add,GPU,258633.44848000025,258651.79568000024
24,fixed_manifest,block_05_proj,linear_projection,GPU,258651.79568000024,258804.03984000022
22,fixed_manifest,block_11_ffn_island,fused_ffn_island,FPGA,258770.08368000027,259102.83120000028
25,fixed_manifest,block_02_qkv,linear_qkv,GPU,258804.03984000022,259246.7723200002
23,fixed_manifest,block_08_norm1,layer_norm,GPU,259246.7723200002,259268.90192000018
24,fixed_manifest,block_05_residual1,residual_add,GPU,259268.90192000018,259287.24912000017
25,fixed_manifest,block_02_attention,self_attention,GPU,259287.24912000017,259443.2756800002
22,fixed_manifest,block_11_residual2,residual_add,GPU,259443.2756800002,259461.62288000018
23,fixed_manifest,block_08_qkv,linear_qkv,GPU,259461.62288000018,259904.35536000016
24,fixed_manifest,block_05_norm2,layer_norm,GPU,259904.35536000016,259926.48496000015
25,fixed_manifest,block_02_proj,linear_projection,GPU,259926.48496000015,260078.72912000012
22,fixed_manifest,final_norm,layer_norm,GPU,260078.72912000012,260100.8587200001
24,fixed_manifest,block_05_ffn_island,fused_ffn_island,FPGA,260085.24976000012,260417.99728000016
23,fixed_manifest,block_08_attention,self_attention,GPU,260100.8587200001,260256.88528000013
26,fixed_manifest,patch_embedding,patch_embedding,GPU,260256.88528000013,260408.3921600001
25,fixed_manifest,block_02_residual1,residual_add,GPU,260408.3921600001,260426.7393600001
22,fixed_manifest,class_token_select,class_token_select,GPU,260426.7393600001,260433.77776000008
23,fixed_manifest,block_08_proj,linear_projection,GPU,260433.77776000008,260586.0219200001
26,fixed_manifest,token_embedding,token_and_position_embedding,GPU,260586.0219200001,260604.36912000008
25,fixed_manifest,block_02_norm2,layer_norm,GPU,260604.36912000008,260626.49872000003
22,fixed_manifest,classifier,linear_classifier,GPU,260626.49872000003,260634.45872000002
24,fixed_manifest,block_05_residual2,residual_add,GPU,260634.45872000002,260652.80592
23,fixed_manifest,block_08_residual1,residual_add,GPU,260652.80592,260671.15312
26,fixed_manifest,block_00_norm1,layer_norm,GPU,260671.15312,260693.28272
24,fixed_manifest,block_06_norm1,layer_norm,GPU,260693.28272,260715.41231999994
23,fixed_manifest,block_08_norm2,layer_norm,GPU,260715.41231999994,260737.54191999993
26,fixed_manifest,block_00_qkv,linear_qkv,GPU,260737.54191999993,261180.2743999999
25,fixed_manifest,block_02_ffn_island,fused_ffn_island,FPGA,260785.26352000004,261118.01104000004
23,fixed_manifest,block_08_ffn_island,fused_ffn_island,FPGA,261118.01104000004,261450.75856000005
24,fixed_manifest,block_06_qkv,linear_qkv,GPU,261180.2743999999,261623.00687999988
26,fixed_manifest,block_00_attention,self_attention,GPU,261623.00687999988,261779.0334399999
25,fixed_manifest,block_02_residual2,residual_add,GPU,261779.0334399999,261797.3806399999
23,fixed_manifest,block_08_residual2,residual_add,GPU,261797.3806399999,261815.7278399999
24,fixed_manifest,block_06_attention,self_attention,GPU,261815.7278399999,261971.75439999992
26,fixed_manifest,block_00_proj,linear_projection,GPU,261971.75439999992,262123.9985599999
25,fixed_manifest,block_03_norm1,layer_norm,GPU,262123.9985599999,262146.1281599999
23,fixed_manifest,block_09_norm1,layer_norm,GPU,262146.1281599999,262168.25775999983
24,fixed_manifest,block_06_proj,linear_projection,GPU,262168.25775999983,262320.50191999984
26,fixed_manifest,block_00_residual1,residual_add,GPU,262320.50191999984,262338.84911999985
25,fixed_manifest,block_03_qkv,linear_qkv,GPU,262338.84911999985,262781.5815999998
23,fixed_manifest,block_09_qkv,linear_qkv,GPU,262781.5815999998,263224.3140799998
24,fixed_manifest,block_06_residual1,residual_add,GPU,263224.3140799998,263242.66127999977
26,fixed_manifest,block_00_norm2,layer_norm,GPU,263242.66127999977,263264.79087999975
25,fixed_manifest,block_03_attention,self_attention,GPU,263264.79087999975,263420.8174399998
23,fixed_manifest,block_09_attention,self_attention,GPU,263420.8174399998,263576.8439999998
26,fixed_manifest,block_00_ffn_island,fused_ffn_island,FPGA,263423.55567999976,263756.3031999998
24,fixed_manifest,block_06_norm2,layer_norm,GPU,263576.8439999998,263598.9735999998
25,fixed_manifest,block_03_proj,linear_projection,GPU,263598.9735999998,263751.2177599998
23,fixed_manifest,block_09_proj,linear_projection,GPU,263751.2177599998,263903.46191999974
24,fixed_manifest,block_06_ffn_island,fused_ffn_island,FPGA,263757.7383999998,264090.4859199998
25,fixed_manifest,block_03_residual1,residual_add,GPU,263903.46191999974,263921.80911999976
23,fixed_manifest,block_09_residual1,residual_add,GPU,263921.80911999976,263940.1563199997
26,fixed_manifest,block_00_residual2,residual_add,GPU,263940.1563199997,263958.50351999974
25,fixed_manifest,block_03_norm2,layer_norm,GPU,263958.50351999974,263980.6331199997
23,fixed_manifest,block_09_norm2,layer_norm,GPU,263980.6331199997,264002.76271999965
26,fixed_manifest,block_01_norm1,layer_norm,GPU,264002.76271999965,264024.89231999964
26,fixed_manifest,block_01_qkv,linear_qkv,GPU,264024.89231999964,264467.62479999964
25,fixed_manifest,block_03_ffn_island,fused_ffn_island,FPGA,264169.98351999954,264502.7310399996
24,fixed_manifest,block_06_residual2,residual_add,GPU,264467.62479999964,264485.9719999996
26,fixed_manifest,block_01_attention,self_attention,GPU,264485.9719999996,264641.9985599996
23,fixed_manifest,block_09_ffn_island,fused_ffn_island,FPGA,264502.7310399996,264835.47855999955
24,fixed_manifest,block_07_norm1,layer_norm,GPU,264641.9985599996,264664.1281599996
26,fixed_manifest,block_01_proj,linear_projection,GPU,264664.1281599996,264816.3723199996
25,fixed_manifest,block_03_residual2,residual_add,GPU,264816.3723199996,264834.7195199996
24,fixed_manifest,block_07_qkv,linear_qkv,GPU,264834.7195199996,265277.4519999996
26,fixed_manifest,block_01_residual1,residual_add,GPU,265277.4519999996,265295.79919999954
25,fixed_manifest,block_04_norm1,layer_norm,GPU,265295.79919999954,265317.9287999995
23,fixed_manifest,block_09_residual2,residual_add,GPU,265317.9287999995,265336.27599999955
24,fixed_manifest,block_07_attention,self_attention,GPU,265336.27599999955,265492.3025599996
26,fixed_manifest,block_01_norm2,layer_norm,GPU,265492.3025599996,265514.43215999956
25,fixed_manifest,block_04_qkv,linear_qkv,GPU,265514.43215999956,265957.1646399995
26,fixed_manifest,block_01_ffn_island,fused_ffn_island,FPGA,265673.1969599995,266005.94447999954
23,fixed_manifest,block_10_norm1,layer_norm,GPU,265957.1646399995,265979.2942399995
24,fixed_manifest,block_07_proj,linear_projection,GPU,265979.2942399995,266131.5383999995
25,fixed_manifest,block_04_attention,self_attention,GPU,266131.5383999995,266287.5649599995
23,fixed_manifest,block_10_qkv,linear_qkv,GPU,266287.5649599995,266730.2974399995
24,fixed_manifest,block_07_residual1,residual_add,GPU,266730.2974399995,266748.6446399995
26,fixed_manifest,block_01_residual2,residual_add,GPU,266748.6446399995,266766.99183999945
25,fixed_manifest,block_04_proj,linear_projection,GPU,266766.99183999945,266919.23599999945
23,fixed_manifest,block_10_attention,self_attention,GPU,266919.23599999945,267075.2625599995
24,fixed_manifest,block_07_norm2,layer_norm,GPU,267075.2625599995,267097.39215999946
26,fixed_manifest,block_02_norm1,layer_norm,GPU,267097.39215999946,267119.52175999945
25,fixed_manifest,block_04_residual1,residual_add,GPU,267119.52175999945,267137.8689599994
23,fixed_manifest,block_10_proj,linear_projection,GPU,267137.8689599994,267290.1131199994
24,fixed_manifest,block_07_ffn_island,fused_ffn_island,FPGA,267256.1569599994,267588.90447999944
26,fixed_manifest,block_02_qkv,linear_qkv,GPU,267290.1131199994,267732.84559999936
25,fixed_manifest,block_04_norm2,layer_norm,GPU,267732.84559999936,267754.97519999935
23,fixed_manifest,block_10_residual1,residual_add,GPU,267754.97519999935,267773.32239999936
26,fixed_manifest,block_02_attention,self_attention,GPU,267773.32239999936,267929.3489599994
25,fixed_manifest,block_04_ffn_island,fused_ffn_island,FPGA,267913.73999999935,268246.4875199993
24,fixed_manifest,block_07_residual2,residual_add,GPU,267929.3489599994,267947.69615999935
23,fixed_manifest,block_10_norm2,layer_norm,GPU,267947.69615999935,267969.82575999934
26,fixed_manifest,block_02_proj,linear_projection,GPU,267969.82575999934,268122.06991999934
24,fixed_manifest,block_08_norm1,layer_norm,GPU,268122.06991999934,268144.19951999927
26,fixed_manifest,block_02_residual1,residual_add,GPU,268144.19951999927,268162.5467199993
24,fixed_manifest,block_08_qkv,linear_qkv,GPU,268162.5467199993,268605.2791999993
23,fixed_manifest,block_10_ffn_island,fused_ffn_island,FPGA,268246.4875199993,268579.23503999936
26,fixed_manifest,block_02_norm2,layer_norm,GPU,268605.2791999993,268627.4087999992
25,fixed_manifest,block_04_residual2,residual_add,GPU,268627.4087999992,268645.75599999924
24,fixed_manifest,block_08_attention,self_attention,GPU,268645.75599999924,268801.78255999926
25,fixed_manifest,block_05_norm1,layer_norm,GPU,268801.78255999926,268823.91215999925
26,fixed_manifest,block_02_ffn_island,fused_ffn_island,FPGA,268802.81103999936,269135.5585599994
23,fixed_manifest,block_10_residual2,residual_add,GPU,268823.91215999925,268842.2593599992
24,fixed_manifest,block_08_proj,linear_projection,GPU,268842.2593599992,268994.5035199992
25,fixed_manifest,block_05_qkv,linear_qkv,GPU,268994.5035199992,269437.2359999992
23,fixed_manifest,block_11_norm1,layer_norm,GPU,269437.2359999992,269459.36559999915
24,fixed_manifest,block_08_residual1,residual_add,GPU,269459.36559999915,269477.71279999916
26,fixed_manifest,block_02_residual2,residual_add,GPU,269477.71279999916,269496.0599999991
25,fixed_manifest,block_05_attention,self_attention,GPU,269496.0599999991,269652.08655999915
23,fixed_manifest,block_11_qkv,linear_qkv,GPU,269652.08655999915,270094.81903999916
24,fixed_manifest,block_08_norm2,layer_norm,GPU,270094.81903999916,270116.94863999914
26,fixed_manifest,block_03_norm1,layer_norm,GPU,270116.94863999914,270139.07823999913
25,fixed_manifest,block_05_proj,linear_projection,GPU,270139.07823999913,270291.3223999991
24,fixed_manifest,block_08_ffn_island,fused_ffn_island,FPGA,270275.71343999915,270608.4609599991
27,fixed_manifest,patch_embedding,patch_embedding,GPU,270291.3223999991,270442.8292799991
23,fixed_manifest,block_11_attention,self_attention,GPU,270442.8292799991,270598.8558399991
26,fixed_manifest,block_03_qkv,linear_qkv,GPU,270598.8558399991,271041.5883199991
25,fixed_manifest,block_05_residual1,residual_add,GPU,271041.5883199991,271059.93551999907
27,fixed_manifest,token_embedding,token_and_position_embedding,GPU,271059.93551999907,271078.2827199991
23,fixed_manifest,block_11_proj,linear_projection,GPU,271078.2827199991,271230.52687999903
24,fixed_manifest,block_08_residual2,residual_add,GPU,271230.52687999903,271248.87407999905
26,fixed_manifest,block_03_attention,self_attention,GPU,271248.87407999905,271404.9006399991
25,fixed_manifest,block_05_norm2,layer_norm,GPU,271404.9006399991,271427.03023999906
27,fixed_manifest,block_00_norm1,layer_norm,GPU,271427.03023999906,271449.159839999
23,fixed_manifest,block_11_residual1,residual_add,GPU,271449.159839999,271467.507039999
24,fixed_manifest,block_09_norm1,layer_norm,GPU,271467.507039999,271489.636639999
26,fixed_manifest,block_03_proj,linear_projection,GPU,271489.636639999,271641.88079999894
25,fixed_manifest,block_05_ffn_island,fused_ffn_island,FPGA,271585.795039999,271918.54255999904
27,fixed_manifest,block_00_qkv,linear_qkv,GPU,271641.88079999894,272084.61327999894
23,fixed_manifest,block_11_norm2,layer_norm,GPU,272084.61327999894,272106.7428799989
24,fixed_manifest,block_09_qkv,linear_qkv,GPU,272106.7428799989,272549.4753599989
23,fixed_manifest,block_11_ffn_island,fused_ffn_island,FPGA,272265.50767999893,272598.2551999989
26,fixed_manifest,block_03_residual1,residual_add,GPU,272549.4753599989,272567.8225599989
25,fixed_manifest,block_05_residual2,residual_add,GPU,272567.8225599989,272586.1697599989
27,fixed_manifest,block_00_attention,self_attention,GPU,272586.1697599989,272742.1963199989
24,fixed_manifest,block_09_attention,self_attention,GPU,272742.1963199989,272898.2228799989
26,fixed_manifest,block_03_norm2,layer_norm,GPU,272898.2228799989,272920.3524799989
25,fixed_manifest,block_06_norm1,layer_norm,GPU,272920.3524799989,272942.4820799989
27,fixed_manifest,block_00_proj,linear_projection,GPU,272942.4820799989,273094.7262399989
26,fixed_manifest,block_03_ffn_island,fused_ffn_island,FPGA,273079.1172799989,273411.86479999893
23,fixed_manifest,block_11_residual2,residual_add,GPU,273094.7262399989,273113.07343999884
24,fixed_manifest,block_09_proj,linear_projection,GPU,273113.07343999884,273265.31759999885
25,fixed_manifest,block_06_qkv,linear_qkv,GPU,273265.31759999885,273708.0500799988
27,fixed_manifest,block_00_residual1,residual_add,GPU,273708.0500799988,273726.3972799988
23,fixed_manifest,final_norm,layer_norm,GPU,273726.3972799988,273748.5268799988
24,fixed_manifest,block_09_residual1,residual_add,GPU,273748.5268799988,273766.87407999876
26,fixed_manifest,block_03_residual2,residual_add,GPU,273766.87407999876,273785.2212799988
25,fixed_manifest,block_06_attention,self_attention,GPU,273785.2212799988,273941.2478399988
27,fixed_manifest,block_00_norm2,layer_norm,GPU,273941.2478399988,273963.3774399988
23,fixed_manifest,class_token_select,class_token_select,GPU,273963.3774399988,273970.41583999875
24,fixed_manifest,block_09_norm2,layer_norm,GPU,273970.41583999875,273992.54543999874
26,fixed_manifest,block_04_norm1,layer_norm,GPU,273992.54543999874,274014.6750399987
25,fixed_manifest,block_06_proj,linear_projection,GPU,274014.6750399987,274166.91919999867
23,fixed_manifest,classifier,linear_classifier,GPU,274166.91919999867,274174.8791999987
26,fixed_manifest,block_04_qkv,linear_qkv,GPU,274174.8791999987,274617.61167999863
27,fixed_manifest,block_00_ffn_island,fused_ffn_island,FPGA,274192.26223999885,274525.0097599988
24,fixed_manifest,block_09_ffn_island,fused_ffn_island,FPGA,274525.0097599988,274857.75727999886
25,fixed_manifest,block_06_residual1,residual_add,GPU,274617.61167999863,274635.95887999865
26,fixed_manifest,block_04_attention,self_attention,GPU,274635.95887999865,274791.9854399987
25,fixed_manifest,block_06_norm2,layer_norm,GPU,274791.9854399987,274814.11503999867
27,fixed_manifest,block_00_residual2,residual_add,GPU,274814.11503999867,274832.4622399986
26,fixed_manifest,block_04_proj,linear_projection,GPU,274832.4622399986,274984.7063999986
27,fixed_manifest,block_01_norm1,layer_norm,GPU,274984.7063999986,275006.8359999986
26,fixed_manifest,block_04_residual1,residual_add,GPU,275006.8359999986,275025.1831999986
27,fixed_manifest,block_01_qkv,linear_qkv,GPU,275025.1831999986,275467.9156799986
25,fixed_manifest,block_06_ffn_island,fused_ffn_island,FPGA,275063.0023999985,275395.7499199985
26,fixed_manifest,block_04_norm2,layer_norm,GPU,275467.9156799986,275490.04527999857
24,fixed_manifest,block_09_residual2,residual_add,GPU,275490.04527999857,275508.3924799985
27,fixed_manifest,block_01_attention,self_attention,GPU,275508.3924799985,275664.41903999855
26,fixed_manifest,block_04_ffn_island,fused_ffn_island,FPGA,275648.8100799985,275981.55759999854
24,fixed_manifest,block_10_norm1,layer_norm,GPU,275664.41903999855,275686.54863999854
25,fixed_manifest,block_06_residual2,residual_add,GPU,275686.54863999854,275704.8958399985
27,fixed_manifest,block_01_proj,linear_projection,GPU,275704.8958399985,275857.1399999985
24,fixed_manifest,block_10_qkv,linear_qkv,GPU,275857.1399999985,276299.8724799985
25,fixed_manifest,block_07_norm1,layer_norm,GPU,276299.8724799985,276322.0020799985
27,fixed_manifest,block_01_residual1,residual_add,GPU,276322.0020799985,276340.34927999845
26,fixed_manifest,block_04_residual2,residual_add,GPU,276340.34927999845,276358.69647999847
24,fixed_manifest,block_10_attention,self_attention,GPU,276358.69647999847,276514.72303999844
25,fixed_manifest,block_07_qkv,linear_qkv,GPU,276514.72303999844,276957.45551999845
27,fixed_manifest,block_01_norm2,layer_norm,GPU,276957.45551999845,276979.58511999843
26,fixed_manifest,block_05_norm1,layer_norm,GPU,276979.58511999843,277001.7147199984
24,fixed_manifest,block_10_proj,linear_projection,GPU,277001.7147199984,277153.95887999836
27,fixed_manifest,block_01_ffn_island,fused_ffn_island,FPGA,277138.34991999844,277471.0974399984
25,fixed_manifest,block_07_attention,self_attention,GPU,277153.95887999836,277309.9854399984
26,fixed_manifest,block_05_qkv,linear_qkv,GPU,277309.9854399984,277752.7179199984
24,fixed_manifest,block_10_residual1,residual_add,GPU,277752.7179199984,277771.06511999835
25,fixed_manifest,block_07_proj,linear_projection,GPU,277771.06511999835,277923.30927999836
27,fixed_manifest,block_01_residual2,residual_add,GPU,277923.30927999836,277941.6564799984
26,fixed_manifest,block_05_attention,self_attention,GPU,277941.6564799984,278097.6830399984
24,fixed_manifest,block_10_norm2,layer_norm,GPU,278097.6830399984,278119.81263999833
25,fixed_manifest,block_07_residual1,residual_add,GPU,278119.81263999833,278138.15983999835
27,fixed_manifest,block_02_norm1,layer_norm,GPU,278138.15983999835,278160.28943999833
26,fixed_manifest,block_05_proj,linear_projection,GPU,278160.28943999833,278312.5335999983
24,fixed_manifest,block_10_ffn_island,fused_ffn_island,FPGA,278278.57743999833,278611.32495999837
25,fixed_manifest,block_07_norm2,layer_norm,GPU,278312.5335999983,278334.66319999826
27,fixed_manifest,block_02_qkv,linear_qkv,GPU,278334.66319999826,278777.39567999827
25,fixed_manifest,block_07_ffn_island,fused_ffn_island,FPGA,278611.32495999837,278944.07247999834
26,fixed_manifest,block_05_residual1,residual_add,GPU,278777.39567999827,278795.74287999823
24,fixed_manifest,block_10_residual2,residual_add,GPU,278795.74287999823,278814.09007999825
27,fixed_manifest,block_02_attention,self_attention,GPU,278814.09007999825,278970.1166399983
26,fixed_manifest,block_05_norm2,layer_norm,GPU,278970.1166399983,278992.24623999826
24,fixed_manifest,block_11_norm1,layer_norm,GPU,278992.24623999826,279014.37583999825
27,fixed_manifest,block_02_proj,linear_projection,GPU,279014.37583999825,279166.6199999982
24,fixed_manifest,block_11_qkv,linear_qkv,GPU,279166.6199999982,279609.3524799982
26,fixed_manifest,block_05_ffn_island,fused_ffn_island,FPGA,279167.64847999834,279500.3959999984
25,fixed_manifest,block_07_residual2,residual_add,GPU,279609.3524799982,279627.69967999816
27,fixed_manifest,block_02_residual1,residual_add,GPU,279627.69967999816,279646.0468799982
24,fixed_manifest,block_11_attention,self_attention,GPU,279646.0468799982,279802.0734399982
25,fixed_manifest,block_08_norm1,layer_norm,GPU,279802.0734399982,279824.2030399982
27,fixed_manifest,block_02_norm2,layer_norm,GPU,279824.2030399982,279846.3326399981
26,fixed_manifest,block_05_residual2,residual_add,GPU,279846.3326399981,279864.67983999813
24,fixed_manifest,block_11_proj,linear_projection,GPU,279864.67983999813,280016.92399999814
27,fixed_manifest,block_02_ffn_island,fused_ffn_island,FPGA,280005.0974399981,280337.84495999815
25,fixed_manifest,block_08_qkv,linear_qkv,GPU,280016.92399999814,280459.6564799981
26,fixed_manifest,block_06_norm1,layer_norm,GPU,280459.6564799981,280481.78607999807
28,fixed_manifest,patch_embedding,patch_embedding,GPU,280481.78607999807,280633.29295999807
24,fixed_manifest,block_11_residual1,residual_add,GPU,280633.29295999807,280651.64015999803
25,fixed_manifest,block_08_attention,self_attention,GPU,280651.64015999803,280807.66671999806
26,fixed_manifest,block_06_qkv,linear_qkv,GPU,280807.66671999806,281250.39919999806
27,fixed_manifest,block_02_residual2,residual_add,GPU,281250.39919999806,281268.746399998
28,fixed_manifest,token_embedding,token_and_position_embedding,GPU,281268.746399998,281287.09359999804
24,fixed_manifest,block_11_norm2,layer_norm,GPU,281287.09359999804,281309.223199998
25,fixed_manifest,block_08_proj,linear_projection,GPU,281309.223199998,281461.467359998
26,fixed_manifest,block_06_attention,self_attention,GPU,281461.467359998,281617.493919998
24,fixed_manifest,block_11_ffn_island,fused_ffn_island,FPGA,281467.987999998,281800.735519998
27,fixed_manifest,block_03_norm1,layer_norm,GPU,281617.493919998,281639.623519998
28,fixed_manifest,block_00_norm1,layer_norm,GPU,281639.623519998,281661.753119998
25,fixed_manifest,block_08_residual1,residual_add,GPU,281661.753119998,281680.100319998
26,fixed_manifest,block_06_proj,linear_projection,GPU,281680.100319998,281832.34447999793
27,fixed_manifest,block_03_qkv,linear_qkv,GPU,281832.34447999793,282275.07695999794
28,fixed_manifest,block_00_qkv,linear_qkv,GPU,282275.07695999794,282717.8094399979
25,fixed_manifest,block_08_norm2,layer_norm,GPU,282717.8094399979,282739.9390399979
26,fixed_manifest,block_06_residual1,residual_add,GPU,282739.9390399979,282758.2862399979
24,fixed_manifest,block_11_residual2,residual_add,GPU,282758.2862399979,282776.63343999785
27,fixed_manifest,block_03_attention,self_attention,GPU,282776.63343999785,282932.6599999979
25,fixed_manifest,block_08_ffn_island,fused_ffn_island,FPGA,282898.7038399979,283231.4513599979
28,fixed_manifest,block_00_attention,self_attention,GPU,282932.6599999979,283088.6865599979
26,fixed_manifest,block_06_norm2,layer_norm,GPU,283088.6865599979,283110.8161599979
24,fixed_manifest,final_norm,layer_norm,GPU,283110.8161599979,283132.9457599979
27,fixed_manifest,block_03_proj,linear_projection,GPU,283132.9457599979,283285.1899199978
26,fixed_manifest,block_06_ffn_island,fused_ffn_island,FPGA,283282.71055999794,283615.4580799979
28,fixed_manifest,block_00_proj,linear_projection,GPU,283285.1899199978,283437.4340799978
24,fixed_manifest,class_token_select,class_token_select,GPU,283437.4340799978,283444.47247999784
27,fixed_manifest,block_03_residual1,residual_add,GPU,283444.47247999784,283462.8196799978
25,fixed_manifest,block_08_residual2,residual_add,GPU,283462.8196799978,283481.1668799978
28,fixed_manifest,block_00_residual1,residual_add,GPU,283481.1668799978,283499.5140799978
24,fixed_manifest,classifier,linear_classifier,GPU,283499.5140799978,283507.47407999774
27,fixed_manifest,block_03_norm2,layer_norm,GPU,283507.47407999774,283529.60367999773
25,fixed_manifest,block_09_norm1,layer_norm,GPU,283529.60367999773,283551.7332799977
28,fixed_manifest,block_00_norm2,layer_norm,GPU,283551.7332799977,283573.8628799977
25,fixed_manifest,block_09_qkv,linear_qkv,GPU,283573.8628799977,284016.5953599977
27,fixed_manifest,block_03_ffn_island,fused_ffn_island,FPGA,283766.9508799974,284099.6983999974
26,fixed_manifest,block_06_residual2,residual_add,GPU,284016.5953599977,284034.94255999767
25,fixed_manifest,block_09_attention,self_attention,GPU,284034.94255999767,284190.9691199977
28,fixed_manifest,block_00_ffn_island,fused_ffn_island,FPGA,284099.6983999974,284432.4459199974
26,fixed_manifest,block_07_norm1,layer_norm,GPU,284190.9691199977,284213.0987199977
25,fixed_manifest,block_09_proj,linear_projection,GPU,284213.0987199977,284365.3428799976
26,fixed_manifest,block_07_qkv,linear_qkv,GPU,284365.3428799976,284808.07535999763
27,fixed_manifest,block_03_residual2,residual_add,GPU,284808.07535999763,284826.42255999765
25,fixed_manifest,block_09_residual1,residual_add,GPU,284826.42255999765,284844.7697599976
28,fixed_manifest,block_00_residual2,residual_add,GPU,284844.7697599976,284863.1169599976
26,fixed_manifest,block_07_attention,self_attention,GPU,284863.1169599976,285019.14351999765
27,fixed_manifest,block_04_norm1,layer_norm,GPU,285019.14351999765,285041.2731199976
25,fixed_manifest,block_09_norm2,layer_norm,GPU,285041.2731199976,285063.40271999757
28,fixed_manifest,block_01_norm1,layer_norm,GPU,285063.40271999757,285085.53231999755
26,fixed_manifest,block_07_proj,linear_projection,GPU,285085.53231999755,285237.77647999756
25,fixed_manifest,block_09_ffn_island,fused_ffn_island,FPGA,285222.1675199976,285554.9150399976
27,fixed_manifest,block_04_qkv,linear_qkv,GPU,285237.77647999756,285680.5089599975
28,fixed_manifest,block_01_qkv,linear_qkv,GPU,285680.5089599975,286123.2414399975
26,fixed_manifest,block_07_residual1,residual_add,GPU,286123.2414399975,286141.5886399975
27,fixed_manifest,block_04_attention,self_attention,GPU,286141.5886399975,286297.6151999975
25,fixed_manifest,block_09_residual2,residual_add,GPU,286297.6151999975,286315.9623999975
28,fixed_manifest,block_01_attention,self_attention,GPU,286315.9623999975,286471.98895999754
26,fixed_manifest,block_07_norm2,layer_norm,GPU,286471.98895999754,286494.1185599975
27,fixed_manifest,block_04_proj,linear_projection,GPU,286494.1185599975,286646.3627199975
25,fixed_manifest,block_10_norm1,layer_norm,GPU,286646.3627199975,286668.49231999746
26,fixed_manifest,block_07_ffn_island,fused_ffn_island,FPGA,286652.8833599975,286985.6308799975
28,fixed_manifest,block_01_proj,linear_projection,GPU,286668.49231999746,286820.73647999746
27,fixed_manifest,block_04_residual1,residual_add,GPU,286820.73647999746,286839.0836799974
25,fixed_manifest,block_10_qkv,linear_qkv,GPU,286839.0836799974,287281.8161599974
28,fixed_manifest,block_01_residual1,residual_add,GPU,287281.8161599974,287300.16335999744
27,fixed_manifest,block_04_norm2,layer_norm,GPU,287300.16335999744,287322.2929599974
26,fixed_manifest,block_07_residual2,residual_add,GPU,287322.2929599974,287340.6401599974
25,fixed_manifest,block_10_attention,self_attention,GPU,287340.6401599974,287496.6667199974
27,fixed_manifest,block_04_ffn_island,fused_ffn_island,FPGA,287481.0577599974,287813.8052799974
28,fixed_manifest,block_01_norm2,layer_norm,GPU,287496.6667199974,287518.7963199974
26,fixed_manifest,block_08_norm1,layer_norm,GPU,287518.7963199974,287540.92591999733
25,fixed_manifest,block_10_proj,linear_projection,GPU,287540.92591999733,287693.17007999733
26,fixed_manifest,block_08_qkv,linear_qkv,GPU,287693.17007999733,288135.90255999734
28,fixed_manifest,block_01_ffn_island,fused_ffn_island,FPGA,287813.8052799974,288146.5527999974
25,fixed_manifest,block_10_residual1,residual_add,GPU,288135.90255999734,288154.2497599973
27,fixed_manifest,block_04_residual2,residual_add,GPU,288154.2497599973,288172.5969599973
26,fixed_manifest,block_08_attention,self_attention,GPU,288172.5969599973,288328.62351999735
25,fixed_manifest,block_10_norm2,layer_norm,GPU,288328.62351999735,288350.75311999733
27,fixed_manifest,block_05_norm1,layer_norm,GPU,288350.75311999733,288372.88271999726
28,fixed_manifest,block_01_residual2,residual_add,GPU,288372.88271999726,288391.2299199973
26,fixed_manifest,block_08_proj,linear_projection,GPU,288391.2299199973,288543.4740799973
25,fixed_manifest,block_10_ffn_island,fused_ffn_island,FPGA,288509.5179199973,288842.2654399973
27,fixed_manifest,block_05_qkv,linear_qkv,GPU,288543.4740799973,288986.2065599972
28,fixed_manifest,block_02_norm1,layer_norm,GPU,288986.2065599972,289008.3361599972
26,fixed_manifest,block_08_residual1,residual_add,GPU,289008.3361599972,289026.68335999723
27,fixed_manifest,block_05_attention,self_attention,GPU,289026.68335999723,289182.7099199972
25,fixed_manifest,block_10_residual2,residual_add,GPU,289182.7099199972,289201.0571199972
28,fixed_manifest,block_02_qkv,linear_qkv,GPU,289201.0571199972,289643.7895999972
26,fixed_manifest,block_08_norm2,layer_norm,GPU,289643.7895999972,289665.91919999715
27,fixed_manifest,block_05_proj,linear_projection,GPU,289665.91919999715,289818.16335999715
25,fixed_manifest,block_11_norm1,layer_norm,GPU,289818.16335999715,289840.29295999714
26,fixed_manifest,block_08_ffn_island,fused_ffn_island,FPGA,289824.68399999716,290157.4315199972
28,fixed_manifest,block_02_attention,self_attention,GPU,289840.29295999714,289996.31951999717
27,fixed_manifest,block_05_residual1,residual_add,GPU,289996.31951999717,290014.6667199971
25,fixed_manifest,block_11_qkv,linear_qkv,GPU,290014.6667199971,290457.39919999713
28,fixed_manifest,block_02_proj,linear_projection,GPU,290457.39919999713,290609.64335999714
29,fixed_manifest,patch_embedding,patch_embedding,GPU,290609.64335999714,290761.1502399971
27,fixed_manifest,block_05_norm2,layer_norm,GPU,290761.1502399971,290783.27983999706
26,fixed_manifest,block_08_residual2,residual_add,GPU,290783.27983999706,290801.6270399971
25,fixed_manifest,block_11_attention,self_attention,GPU,290801.6270399971,290957.6535999971
27,fixed_manifest,block_05_ffn_island,fused_ffn_island,FPGA,290942.04463999707,291274.7921599971
28,fixed_manifest,block_02_residual1,residual_add,GPU,290957.6535999971,290976.00079999707
29,fixed_manifest,token_embedding,token_and_position_embedding,GPU,290976.00079999707,290994.3479999971
26,fixed_manifest,block_09_norm1,layer_norm,GPU,290994.3479999971,291016.4775999971
25,fixed_manifest,block_11_proj,linear_projection,GPU,291016.4775999971,291168.721759997
28,fixed_manifest,block_02_norm2,layer_norm,GPU,291168.721759997,291190.851359997
29,fixed_manifest,block_00_norm1,layer_norm,GPU,291190.851359997,291212.980959997
26,fixed_manifest,block_09_qkv,linear_qkv,GPU,291212.980959997,291655.713439997
28,fixed_manifest,block_02_ffn_island,fused_ffn_island,FPGA,291399.440159997,291732.187679997
25,fixed_manifest,block_11_residual1,residual_add,GPU,291655.713439997,291674.06063999695
29,fixed_manifest,block_00_qkv,linear_qkv,GPU,291674.06063999695,292116.79311999696
27,fixed_manifest,block_05_residual2,residual_add,GPU,292116.79311999696,292135.1403199969
26,fixed_manifest,block_09_attention,self_attention,GPU,292135.1403199969,292291.16687999695
25,fixed_manifest,block_11_norm2,layer_norm,GPU,292291.16687999695,292313.29647999693
28,fixed_manifest,block_02_residual2,residual_add,GPU,292313.29647999693,292331.6436799969
29,fixed_manifest,block_00_attention,self_attention,GPU,292331.6436799969,292487.6702399969
25,fixed_manifest,block_11_ffn_island,fused_ffn_island,FPGA,292472.06127999694,292804.8087999969
27,fixed_manifest,block_06_norm1,layer_norm,GPU,292487.6702399969,292509.7998399969
26,fixed_manifest,block_09_proj,linear_projection,GPU,292509.7998399969,292662.0439999969
28,fixed_manifest,block_03_norm1,layer_norm,GPU,292662.0439999969,292684.1735999969
29,fixed_manifest,block_00_proj,linear_projection,GPU,292684.1735999969,292836.41775999684
27,fixed_manifest,block_06_qkv,linear_qkv,GPU,292836.41775999684,293279.15023999684
26,fixed_manifest,block_09_residual1,residual_add,GPU,293279.15023999684,293297.49743999686
28,fixed_manifest,block_03_qkv,linear_qkv,GPU,293297.49743999686,293740.2299199968
29,fixed_manifest,block_00_residual1,residual_add,GPU,293740.2299199968,293758.57711999683
25,fixed_manifest,block_11_residual2,residual_add,GPU,293758.57711999683,293776.9243199968
27,fixed_manifest,block_06_attention,self_attention,GPU,293776.9243199968,293932.9508799968
26,fixed_manifest,block_09_norm2,layer_norm,GPU,293932.9508799968,293955.0804799968
28,fixed_manifest,block_03_attention,self_attention,GPU,293955.0804799968,294111.10703999683
29,fixed_manifest,block_00_norm2,layer_norm,GPU,294111.10703999683,294133.2366399968
26,fixed_manifest,block_09_ffn_island,fused_ffn_island,FPGA,294113.8452799968,294446.5927999968
25,fixed_manifest,final_norm,layer_norm,GPU,294133.2366399968,294155.3662399968
27,fixed_manifest,block_06_proj,linear_projection,GPU,294155.3662399968,294307.61039999675
28,fixed_manifest,block_03_proj,linear_projection,GPU,294307.61039999675,294459.85455999675
29,fixed_manifest,block_00_ffn_island,fused_ffn_island,FPGA,294446.5927999968,294779.3403199968
25,fixed_manifest,class_token_select,class_token_select,GPU,294459.85455999675,294466.8929599967
27,fixed_manifest,block_06_residual1,residual_add,GPU,294466.8929599967,294485.2401599967
28,fixed_manifest,block_03_residual1,residual_add,GPU,294485.2401599967,294503.5873599967
25,fixed_manifest,classifier,linear_classifier,GPU,294503.5873599967,294511.5473599967
27,fixed_manifest,block_06_norm2,layer_norm,GPU,294511.5473599967,294533.67695999664
28,fixed_manifest,block_03_norm2,layer_norm,GPU,294533.67695999664,294555.8065599966
26,fixed_manifest,block_09_residual2,residual_add,GPU,294605.3575999968,294623.7047999968
26,fixed_manifest,block_10_norm1,layer_norm,GPU,294623.7047999968,294645.83439999673
26,fixed_manifest,block_10_qkv,linear_qkv,GPU,294645.83439999673,295088.56687999674
27,fixed_manifest,block_06_ffn_island,fused_ffn_island,FPGA,294779.3403199968,295112.0878399968
29,fixed_manifest,block_00_residual2,residual_add,GPU,295088.56687999674,295106.91407999676
26,fixed_manifest,block_10_attention,self_attention,GPU,295106.91407999676,295262.9406399967
28,fixed_manifest,block_03_ffn_island,fused_ffn_island,FPGA,295112.0878399968,295444.8353599968
29,fixed_manifest,block_01_norm1,layer_norm,GPU,295262.9406399967,295285.0702399967
26,fixed_manifest,block_10_proj,linear_projection,GPU,295285.0702399967,295437.3143999967
27,fixed_manifest,block_06_residual2,residual_add,GPU,295437.3143999967,295455.6615999967
29,fixed_manifest,block_01_qkv,linear_qkv,GPU,295455.6615999967,295898.3940799967
26,fixed_manifest,block_10_residual1,residual_add,GPU,295898.3940799967,295916.7412799967
27,fixed_manifest,block_07_norm1,layer_norm,GPU,295916.7412799967,295938.8708799966
28,fixed_manifest,block_03_residual2,residual_add,GPU,295938.8708799966,295957.21807999664
29,fixed_manifest,block_01_attention,self_attention,GPU,295957.21807999664,296113.2446399967
26,fixed_manifest,block_10_norm2,layer_norm,GPU,296113.2446399967,296135.37423999666
27,fixed_manifest,block_07_qkv,linear_qkv,GPU,296135.37423999666,296578.1067199966
26,fixed_manifest,block_10_ffn_island,fused_ffn_island,FPGA,296294.1390399966,296626.88655999664
28,fixed_manifest,block_04_norm1,layer_norm,GPU,296578.1067199966,296600.2363199966
29,fixed_manifest,block_01_proj,linear_projection,GPU,296600.2363199966,296752.4804799966
27,fixed_manifest,block_07_attention,self_attention,GPU,296752.4804799966,296908.5070399966
28,fixed_manifest,block_04_qkv,linear_qkv,GPU,296908.5070399966,297351.23951999657
29,fixed_manifest,block_01_residual1,residual_add,GPU,297351.23951999657,297369.5867199966
26,fixed_manifest,block_10_residual2,residual_add,GPU,297369.5867199966,297387.93391999655
27,fixed_manifest,block_07_proj,linear_projection,GPU,297387.93391999655,297540.17807999655
28,fixed_manifest,block_04_attention,self_attention,GPU,297540.17807999655,297696.2046399966
29,fixed_manifest,block_01_norm2,layer_norm,GPU,297696.2046399966,297718.33423999656
26,fixed_manifest,block_11_norm1,layer_norm,GPU,297718.33423999656,297740.46383999655
27,fixed_manifest,block_07_residual1,residual_add,GPU,297740.46383999655,297758.8110399965
28,fixed_manifest,block_04_proj,linear_projection,GPU,297758.8110399965,297911.0551999965
29,fixed_manifest,block_01_ffn_island,fused_ffn_island,FPGA,297877.09903999657,298209.84655999654
26,fixed_manifest,block_11_qkv,linear_qkv,GPU,297911.0551999965,298353.78767999646
27,fixed_manifest,block_07_norm2,layer_norm,GPU,298353.78767999646,298375.91727999644
28,fixed_manifest,block_04_residual1,residual_add,GPU,298375.91727999644,298394.26447999646
26,fixed_manifest,block_11_attention,self_attention,GPU,298394.26447999646,298550.2910399965
27,fixed_manifest,block_07_ffn_island,fused_ffn_island,FPGA,298534.68207999645,298867.4295999965
29,fixed_manifest,block_01_residual2,residual_add,GPU,298550.2910399965,298568.63823999645
28,fixed_manifest,block_04_norm2,layer_norm,GPU,298568.63823999645,298590.76783999644
26,fixed_manifest,block_11_proj,linear_projection,GPU,298590.76783999644,298743.01199999644
29,fixed_manifest,block_02_norm1,layer_norm,GPU,298743.01199999644,298765.1415999964
26,fixed_manifest,block_11_residual1,residual_add,GPU,298765.1415999964,298783.4887999964
29,fixed_manifest,block_02_qkv,linear_qkv,GPU,298783.4887999964,299226.2212799964
28,fixed_manifest,block_04_ffn_island,fused_ffn_island,FPGA,298867.4295999965,299200.17711999646
26,fixed_manifest,block_11_norm2,layer_norm,GPU,299226.2212799964,299248.3508799964
27,fixed_manifest,block_07_residual2,residual_add,GPU,299248.3508799964,299266.69807999633
29,fixed_manifest,block_02_attention,self_attention,GPU,299266.69807999633,299422.72463999636
27,fixed_manifest,block_08_norm1,layer_norm,GPU,299422.72463999636,299444.85423999635
26,fixed_manifest,block_11_ffn_island,fused_ffn_island,FPGA,299423.75311999646,299756.5006399965
28,fixed_manifest,block_04_residual2,residual_add,GPU,299444.85423999635,299463.2014399963
29,fixed_manifest,block_02_proj,linear_projection,GPU,299463.2014399963,299615.4455999963
27,fixed_manifest,block_08_qkv,linear_qkv,GPU,299615.4455999963,300058.1780799963
28,fixed_manifest,block_05_norm1,layer_norm,GPU,300058.1780799963,300080.30767999624
29,fixed_manifest,block_02_residual1,residual_add,GPU,300080.30767999624,300098.65487999626
26,fixed_manifest,block_11_residual2,residual_add,GPU,300098.65487999626,300117.0020799963
30,fixed_manifest,patch_embedding,patch_embedding,GPU,300117.0020799963,300268.5089599962
27,fixed_manifest,block_08_attention,self_attention,GPU,300268.5089599962,300424.53551999625
28,fixed_manifest,block_05_qkv,linear_qkv,GPU,300424.53551999625,300867.26799999626
29,fixed_manifest,block_02_norm2,layer_norm,GPU,300867.26799999626,300889.39759999624
26,fixed_manifest,final_norm,layer_norm,GPU,300889.39759999624,300911.52719999617
30,fixed_manifest,token_embedding,token_and_position_embedding,GPU,300911.52719999617,300929.8743999962
27,fixed_manifest,block_08_proj,linear_projection,GPU,300929.8743999962,301082.1185599962
29,fixed_manifest,block_02_ffn_island,fused_ffn_island,FPGA,301048.1623999962,301380.9099199962
28,fixed_manifest,block_05_attention,self_attention,GPU,301082.1185599962,301238.1451199962
26,fixed_manifest,class_token_select,class_token_select,GPU,301238.1451199962,301245.1835199962
30,fixed_manifest,block_00_norm1,layer_norm,GPU,301245.1835199962,301267.31311999616
27,fixed_manifest,block_08_residual1,residual_add,GPU,301267.31311999616,301285.6603199961
28,fixed_manifest,block_05_proj,linear_projection,GPU,301285.6603199961,301437.9044799961
26,fixed_manifest,classifier,linear_classifier,GPU,301437.9044799961,301445.8644799961
30,fixed_manifest,block_00_qkv,linear_qkv,GPU,301445.8644799961,301888.5969599961
27,fixed_manifest,block_08_norm2,layer_norm,GPU,301888.5969599961,301910.7265599961
28,fixed_manifest,block_05_residual1,residual_add,GPU,301910.7265599961,301929.07375999604
29,fixed_manifest,block_02_residual2,residual_add,GPU,301929.07375999604,301947.42095999606
30,fixed_manifest,block_00_attention,self_attention,GPU,301947.42095999606,302103.4475199961
27,fixed_manifest,block_08_ffn_island,fused_ffn_island,FPGA,302069.491359996,302402.23887999606
28,fixed_manifest,block_05_norm2,layer_norm,GPU,302103.4475199961,302125.5771199961
29,fixed_manifest,block_03_norm1,layer_norm,GPU,302125.5771199961,302147.706719996
30,fixed_manifest,block_00_proj,linear_projection,GPU,302147.706719996,302299.950879996
29,fixed_manifest,block_03_qkv,linear_qkv,GPU,302299.950879996,302742.683359996
28,fixed_manifest,block_05_ffn_island,fused_ffn_island,FPGA,302402.23887999606,302734.9863999961
30,fixed_manifest,block_00_residual1,residual_add,GPU,302742.683359996,302761.03055999597
27,fixed_manifest,block_08_residual2,residual_add,GPU,302761.03055999597,302779.377759996
29,fixed_manifest,block_03_attention,self_attention,GPU,302779.377759996,302935.404319996
30,fixed_manifest,block_00_norm2,layer_norm,GPU,302935.404319996,302957.53391999594
27,fixed_manifest,block_09_norm1,layer_norm,GPU,302957.53391999594,302979.6635199959
28,fixed_manifest,block_05_residual2,residual_add,GPU,302979.6635199959,302998.01071999595
29,fixed_manifest,block_03_proj,linear_projection,GPU,302998.01071999595,303150.2548799959
30,fixed_manifest,block_00_ffn_island,fused_ffn_island,FPGA,303116.29871999595,303449.046239996
27,fixed_manifest,block_09_qkv,linear_qkv,GPU,303150.2548799959,303592.9873599959
28,fixed_manifest,block_06_norm1,layer_norm,GPU,303592.9873599959,303615.1169599959
29,fixed_manifest,block_03_residual1,residual_add,GPU,303615.1169599959,303633.46415999584
27,fixed_manifest,block_09_attention,self_attention,GPU,303633.46415999584,303789.49071999587
30,fixed_manifest,block_00_residual2,residual_add,GPU,303789.49071999587,303807.8379199959
28,fixed_manifest,block_06_qkv,linear_qkv,GPU,303807.8379199959,304250.5703999959
29,fixed_manifest,block_03_norm2,layer_norm,GPU,304250.5703999959,304272.6999999958
27,fixed_manifest,block_09_proj,linear_projection,GPU,304272.6999999958,304424.9441599958
30,fixed_manifest,block_01_norm1,layer_norm,GPU,304424.9441599958,304447.0737599958
29,fixed_manifest,block_03_ffn_island,fused_ffn_island,FPGA,304431.4647999958,304764.21231999586
28,fixed_manifest,block_06_attention,self_attention,GPU,304447.0737599958,304603.10031999584
27,fixed_manifest,block_09_residual1,residual_add,GPU,304603.10031999584,304621.4475199958
30,fixed_manifest,block_01_qkv,linear_qkv,GPU,304621.4475199958,305064.1799999958
28,fixed_manifest,block_06_proj,linear_projection,GPU,305064.1799999958,305216.4241599958
27,fixed_manifest,block_09_norm2,layer_norm,GPU,305216.4241599958,305238.55375999573
29,fixed_manifest,block_03_residual2,residual_add,GPU,305238.55375999573,305256.90095999575
30,fixed_manifest,block_01_attention,self_attention,GPU,305256.90095999575,305412.9275199958
27,fixed_manifest,block_09_ffn_island,fused_ffn_island,FPGA,305397.31855999574,305730.06607999577
28,fixed_manifest,block_06_residual1,residual_add,GPU,305412.9275199958,305431.27471999574
29,fixed_manifest,block_04_norm1,layer_norm,GPU,305431.27471999574,305453.4043199957
30,fixed_manifest,block_01_proj,linear_projection,GPU,305453.4043199957,305605.6484799957
28,fixed_manifest,block_06_norm2,layer_norm,GPU,305605.6484799957,305627.7780799957
29,fixed_manifest,block_04_qkv,linear_qkv,GPU,305627.7780799957,306070.51055999566
28,fixed_manifest,block_06_ffn_island,fused_ffn_island,FPGA,305818.01967999566,306150.7671999957
30,fixed_manifest,block_01_residual1,residual_add,GPU,306070.51055999566,306088.8577599957
27,fixed_manifest,block_09_residual2,residual_add,GPU,306088.8577599957,306107.20495999564
29,fixed_manifest,block_04_attention,self_attention,GPU,306107.20495999564,306263.23151999566
30,fixed_manifest,block_01_norm2,layer_norm,GPU,306263.23151999566,306285.36111999565
27,fixed_manifest,block_10_norm1,layer_norm,GPU,306285.36111999565,306307.49071999564
29,fixed_manifest,block_04_proj,linear_projection,GPU,306307.49071999564,306459.73487999564
27,fixed_manifest,block_10_qkv,linear_qkv,GPU,306459.73487999564,306902.4673599956
30,fixed_manifest,block_01_ffn_island,fused_ffn_island,FPGA,306460.29679999565,306793.0443199957
28,fixed_manifest,block_06_residual2,residual_add,GPU,306902.4673599956,306920.8145599956
29,fixed_manifest,block_04_residual1,residual_add,GPU,306920.8145599956,306939.16175999556
27,fixed_manifest,block_10_attention,self_attention,GPU,306939.16175999556,307095.1883199956
28,fixed_manifest,block_07_norm1,layer_norm,GPU,307095.1883199956,307117.3179199956
29,fixed_manifest,block_04_norm2,layer_norm,GPU,307117.3179199956,307139.44751999556
30,fixed_manifest,block_01_residual2,residual_add,GPU,307139.44751999556,307157.7947199955
27,fixed_manifest,block_10_proj,linear_projection,GPU,307157.7947199955,307310.0388799955
29,fixed_manifest,block_04_ffn_island,fused_ffn_island,FPGA,307298.21231999557,307630.95983999554
28,fixed_manifest,block_07_qkv,linear_qkv,GPU,307310.0388799955,307752.77135999553
30,fixed_manifest,block_02_norm1,layer_norm,GPU,307752.77135999553,307774.9009599955
27,fixed_manifest,block_10_residual1,residual_add,GPU,307774.9009599955,307793.2481599955
28,fixed_manifest,block_07_attention,self_attention,GPU,307793.2481599955,307949.2747199955
30,fixed_manifest,block_02_qkv,linear_qkv,GPU,307949.2747199955,308392.0071999955
29,fixed_manifest,block_04_residual2,residual_add,GPU,308392.0071999955,308410.35439999547
27,fixed_manifest,block_10_norm2,layer_norm,GPU,308410.35439999547,308432.48399999546
28,fixed_manifest,block_07_proj,linear_projection,GPU,308432.48399999546,308584.72815999546
30,fixed_manifest,block_02_attention,self_attention,GPU,308584.72815999546,308740.7547199955
27,fixed_manifest,block_10_ffn_island,fused_ffn_island,FPGA,308591.24879999546,308923.99631999544
29,fixed_manifest,block_05_norm1,layer_norm,GPU,308740.7547199955,308762.8843199954
28,fixed_manifest,block_07_residual1,residual_add,GPU,308762.8843199954,308781.23151999543
30,fixed_manifest,block_02_proj,linear_projection,GPU,308781.23151999543,308933.47567999543
29,fixed_manifest,block_05_qkv,linear_qkv,GPU,308933.47567999543,309376.2081599954
28,fixed_manifest,block_07_norm2,layer_norm,GPU,309376.2081599954,309398.33775999537
30,fixed_manifest,block_02_residual1,residual_add,GPU,309398.33775999537,309416.6849599954
27,fixed_manifest,block_10_residual2,residual_add,GPU,309416.6849599954,309435.03215999535
29,fixed_manifest,block_05_attention,self_attention,GPU,309435.03215999535,309591.0587199954
28,fixed_manifest,block_07_ffn_island,fused_ffn_island,FPGA,309557.1025599954,309889.85007999535
30,fixed_manifest,block_02_norm2,layer_norm,GPU,309591.0587199954,309613.18831999536
27,fixed_manifest,block_11_norm1,layer_norm,GPU,309613.18831999536,309635.31791999534
29,fixed_manifest,block_05_proj,linear_projection,GPU,309635.31791999534,309787.5620799953
27,fixed_manifest,block_11_qkv,linear_qkv,GPU,309787.5620799953,310230.2945599953
30,fixed_manifest,block_02_ffn_island,fused_ffn_island,FPGA,309889.85007999535,310222.5975999954
29,fixed_manifest,block_05_residual1,residual_add,GPU,310230.2945599953,310248.64175999525
31,fixed_manifest,patch_embedding,patch_embedding,GPU,310248.64175999525,310400.14863999526
28,fixed_manifest,block_07_residual2,residual_add,GPU,310400.14863999526,310418.4958399953
27,fixed_manifest,block_11_attention,self_attention,GPU,310418.4958399953,310574.5223999953
29,fixed_manifest,block_05_norm2,layer_norm,GPU,310574.5223999953,310596.6519999952
30,fixed_manifest,block_02_residual2,residual_add,GPU,310596.6519999952,310614.99919999525
31,fixed_manifest,token_embedding,token_and_position_embedding,GPU,310614.99919999525,310633.3463999952
28,fixed_manifest,block_08_norm1,layer_norm,GPU,310633.3463999952,310655.4759999952
27,fixed_manifest,block_11_proj,linear_projection,GPU,310655.4759999952,310807.7201599952
29,fixed_manifest,block_05_ffn_island,fused_ffn_island,FPGA,310755.41679999523,311088.16431999527
30,fixed_manifest,block_03_norm1,layer_norm,GPU,310807.7201599952,310829.8497599952
31,fixed_manifest,block_00_norm1,layer_norm,GPU,310829.8497599952,310851.97935999517
28,fixed_manifest,block_08_qkv,linear_qkv,GPU,310851.97935999517,311294.7118399951
27,fixed_manifest,block_11_residual1,residual_add,GPU,311294.7118399951,311313.05903999513
30,fixed_manifest,block_03_qkv,linear_qkv,GPU,311313.05903999513,311755.7915199951
31,fixed_manifest,block_00_qkv,linear_qkv,GPU,311755.7915199951,312198.5239999951
29,fixed_manifest,block_05_residual2,residual_add,GPU,312198.5239999951,312216.8711999951
28,fixed_manifest,block_08_attention,self_attention,GPU,312216.8711999951,312372.89775999513
27,fixed_manifest,block_11_norm2,layer_norm,GPU,312372.89775999513,312395.02735999506
30,fixed_manifest,block_03_attention,self_attention,GPU,312395.02735999506,312551.0539199951
31,fixed_manifest,block_00_attention,self_attention,GPU,312551.0539199951,312707.0804799951
27,fixed_manifest,block_11_ffn_island,fused_ffn_island,FPGA,312553.79215999506,312886.5396799951
29,fixed_manifest,block_06_norm1,layer_norm,GPU,312707.0804799951,312729.2100799951
28,fixed_manifest,block_08_proj,linear_projection,GPU,312729.2100799951,312881.4542399951
30,fixed_manifest,block_03_proj,linear_projection,GPU,312881.4542399951,313033.69839999505
31,fixed_manifest,block_00_proj,linear_projection,GPU,313033.69839999505,313185.94255999505
29,fixed_manifest,block_06_qkv,linear_qkv,GPU,313185.94255999505,313628.67503999505
28,fixed_manifest,block_08_residual1,residual_add,GPU,313628.67503999505,313647.022239995
30,fixed_manifest,block_03_residual1,residual_add,GPU,313647.022239995,313665.36943999503
27,fixed_manifest,block_11_residual2,residual_add,GPU,313665.36943999503,313683.716639995
31,fixed_manifest,block_00_residual1,residual_add,GPU,313683.716639995,313702.063839995
29,fixed_manifest,block_06_attention,self_attention,GPU,313702.063839995,313858.09039999504
28,fixed_manifest,block_08_norm2,layer_norm,GPU,313858.09039999504,313880.21999999497
30,fixed_manifest,block_03_norm2,layer_norm,GPU,313880.21999999497,313902.34959999495
27,fixed_manifest,final_norm,layer_norm,GPU,313902.34959999495,313924.47919999494
31,fixed_manifest,block_00_norm2,layer_norm,GPU,313924.47919999494,313946.6087999949
29,fixed_manifest,block_06_proj,linear_projection,GPU,313946.6087999949,314098.8529599949
27,fixed_manifest,class_token_select,class_token_select,GPU,314098.8529599949,314105.8913599949
29,fixed_manifest,block_06_residual1,residual_add,GPU,314105.8913599949,314124.2385599949
28,fixed_manifest,block_08_ffn_island,fused_ffn_island,FPGA,314120.49039999506,314453.2379199951
27,fixed_manifest,classifier,linear_classifier,GPU,314124.2385599949,314132.19855999487
29,fixed_manifest,block_06_norm2,layer_norm,GPU,314132.19855999487,314154.32815999485
30,fixed_manifest,block_03_ffn_island,fused_ffn_island,FPGA,314453.2379199951,314785.9854399951
28,fixed_manifest,block_08_residual2,residual_add,GPU,314676.8139199951,314695.16111999506
28,fixed_manifest,block_09_norm1,layer_norm,GPU,314695.16111999506,314717.29071999504
28,fixed_manifest,block_09_qkv,linear_qkv,GPU,314717.29071999504,315160.02319999505
31,fixed_manifest,block_00_ffn_island,fused_ffn_island,FPGA,314785.9854399951,315118.7329599951
29,fixed_manifest,block_06_ffn_island,fused_ffn_island,FPGA,315118.7329599951,315451.4804799951
30,fixed_manifest,block_03_residual2,residual_add,GPU,315160.02319999505,315178.370399995
28,fixed_manifest,block_09_attention,self_attention,GPU,315178.370399995,315334.39695999504
30,fixed_manifest,block_04_norm1,layer_norm,GPU,315334.39695999504,315356.526559995
31,fixed_manifest,block_00_residual2,residual_add,GPU,315356.526559995,315374.87375999504
28,fixed_manifest,block_09_proj,linear_projection,GPU,315374.87375999504,315527.117919995
30,fixed_manifest,block_04_qkv,linear_qkv,GPU,315527.117919995,315969.850399995
31,fixed_manifest,block_01_norm1,layer_norm,GPU,315969.850399995,315991.979999995
28,fixed_manifest,block_09_residual1,residual_add,GPU,315991.979999995,316010.32719999494
29,fixed_manifest,block_06_residual2,residual_add,GPU,316010.32719999494,316028.67439999495
30,fixed_manifest,block_04_attention,self_attention,GPU,316028.67439999495,316184.700959995
31,fixed_manifest,block_01_qkv,linear_qkv,GPU,316184.700959995,316627.43343999493
28,fixed_manifest,block_09_norm2,layer_norm,GPU,316627.43343999493,316649.5630399949
29,fixed_manifest,block_07_norm1,layer_norm,GPU,316649.5630399949,316671.6926399949
30,fixed_manifest,block_04_proj,linear_projection,GPU,316671.6926399949,316823.9367999949
28,fixed_manifest,block_09_ffn_island,fused_ffn_island,FPGA,316808.3278399949,317141.0753599949
31,fixed_manifest,block_01_attention,self_attention,GPU,316823.9367999949,316979.9633599949
29,fixed_manifest,block_07_qkv,linear_qkv,GPU,316979.9633599949,317422.6958399949
30,fixed_manifest,block_04_residual1,residual_add,GPU,317422.6958399949,317441.0430399949
31,fixed_manifest,block_01_proj,linear_projection,GPU,317441.0430399949,317593.28719999484
28,fixed_manifest,block_09_residual2,residual_add,GPU,317593.28719999484,317611.63439999486
29,fixed_manifest,block_07_attention,self_attention,GPU,317611.63439999486,317767.6609599949
30,fixed_manifest,block_04_norm2,layer_norm,GPU,317767.6609599949,317789.7905599949
31,fixed_manifest,block_01_residual1,residual_add,GPU,317789.7905599949,317808.13775999483
28,fixed_manifest,block_10_norm1,layer_norm,GPU,317808.13775999483,317830.2673599948
29,fixed_manifest,block_07_proj,linear_projection,GPU,317830.2673599948,317982.5115199948
30,fixed_manifest,block_04_ffn_island,fused_ffn_island,FPGA,317948.5553599948,318281.30287999485
31,fixed_manifest,block_01_norm2,layer_norm,GPU,317982.5115199948,318004.64111999475
28,fixed_manifest,block_10_qkv,linear_qkv,GPU,318004.64111999475,318447.37359999475
31,fixed_manifest,block_01_ffn_island,fused_ffn_island,FPGA,318281.30287999485,318614.0503999948
29,fixed_manifest,block_07_residual1,residual_add,GPU,318447.37359999475,318465.7207999948
30,fixed_manifest,block_04_residual2,residual_add,GPU,318465.7207999948,318484.06799999473
28,fixed_manifest,block_10_attention,self_attention,GPU,318484.06799999473,318640.09455999476
29,fixed_manifest,block_07_norm2,layer_norm,GPU,318640.09455999476,318662.22415999474
30,fixed_manifest,block_05_norm1,layer_norm,GPU,318662.22415999474,318684.35375999473
28,fixed_manifest,block_10_proj,linear_projection,GPU,318684.35375999473,318836.5979199947
30,fixed_manifest,block_05_qkv,linear_qkv,GPU,318836.5979199947,319279.3303999947
29,fixed_manifest,block_07_ffn_island,fused_ffn_island,FPGA,318837.6263999948,319170.37391999486
31,fixed_manifest,block_01_residual2,residual_add,GPU,319279.3303999947,319297.67759999464
28,fixed_manifest,block_10_residual1,residual_add,GPU,319297.67759999464,319316.02479999466
30,fixed_manifest,block_05_attention,self_attention,GPU,319316.02479999466,319472.0513599947
31,fixed_manifest,block_02_norm1,layer_norm,GPU,319472.0513599947,319494.1809599947
28,fixed_manifest,block_10_norm2,layer_norm,GPU,319494.1809599947,319516.31055999466
29,fixed_manifest,block_07_residual2,residual_add,GPU,319516.31055999466,319534.6577599946
30,fixed_manifest,block_05_proj,linear_projection,GPU,319534.6577599946,319686.9019199946
28,fixed_manifest,block_10_ffn_island,fused_ffn_island,FPGA,319675.0753599946,320007.82287999464
31,fixed_manifest,block_02_qkv,linear_qkv,GPU,319686.9019199946,320129.63439999457
29,fixed_manifest,block_08_norm1,layer_norm,GPU,320129.63439999457,320151.76399999455
30,fixed_manifest,block_05_residual1,residual_add,GPU,320151.76399999455,320170.1111999946
32,fixed_manifest,patch_embedding,patch_embedding,GPU,320170.1111999946,320321.6180799945
31,fixed_manifest,block_02_attention,self_attention,GPU,320321.6180799945,320477.64463999454
29,fixed_manifest,block_08_qkv,linear_qkv,GPU,320477.64463999454,320920.37711999455
28,fixed_manifest,block_10_residual2,residual_add,GPU,320920.37711999455,320938.72431999457
30,fixed_manifest,block_05_norm2,layer_norm,GPU,320938.72431999457,320960.8539199945
32,fixed_manifest,token_embedding,token_and_position_embedding,GPU,320960.8539199945,320979.2011199945
31,fixed_manifest,block_02_proj,linear_projection,GPU,320979.2011199945,321131.4452799945
30,fixed_manifest,block_05_ffn_island,fused_ffn_island,FPGA,321119.6187199945,321452.36623999453
29,fixed_manifest,block_08_attention,self_attention,GPU,321131.4452799945,321287.4718399945
28,fixed_manifest,block_11_norm1,layer_norm,GPU,321287.4718399945,321309.60143999447
32,fixed_manifest,block_00_norm1,layer_norm,GPU,321309.60143999447,321331.73103999445
31,fixed_manifest,block_02_residual1,residual_add,GPU,321331.73103999445,321350.0782399945
29,fixed_manifest,block_08_proj,linear_projection,GPU,321350.0782399945,321502.3223999944
28,fixed_manifest,block_11_qkv,linear_qkv,GPU,321502.3223999944,321945.0548799944
32,fixed_manifest,block_00_qkv,linear_qkv,GPU,321945.0548799944,322387.7873599944
31,fixed_manifest,block_02_norm2,layer_norm,GPU,322387.7873599944,322409.91695999436
29,fixed_manifest,block_08_residual1,residual_add,GPU,322409.91695999436,322428.2641599944
30,fixed_manifest,block_05_residual2,residual_add,GPU,322428.2641599944,322446.61135999433
28,fixed_manifest,block_11_attention,self_attention,GPU,322446.61135999433,322602.63791999436
31,fixed_manifest,block_02_ffn_island,fused_ffn_island,FPGA,322568.68175999436,322901.4292799944
32,fixed_manifest,block_00_attention,self_attention,GPU,322602.63791999436,322758.6644799944
29,fixed_manifest,block_08_norm2,layer_norm,GPU,322758.6644799944,322780.7940799944
30,fixed_manifest,block_06_norm1,layer_norm,GPU,322780.7940799944,322802.92367999436
28,fixed_manifest,block_11_proj,linear_projection,GPU,322802.92367999436,322955.16783999436
29,fixed_manifest,block_08_ffn_island,fused_ffn_island,FPGA,322952.6884799944,323285.43599999446
32,fixed_manifest,block_00_proj,linear_projection,GPU,322955.16783999436,323107.4119999943
30,fixed_manifest,block_06_qkv,linear_qkv,GPU,323107.4119999943,323550.1444799943
28,fixed_manifest,block_11_residual1,residual_add,GPU,323550.1444799943,323568.4916799943
31,fixed_manifest,block_02_residual2,residual_add,GPU,323568.4916799943,323586.8388799943
32,fixed_manifest,block_00_residual1,residual_add,GPU,323586.8388799943,323605.18607999425
29,fixed_manifest,block_08_residual2,residual_add,GPU,323605.18607999425,323623.53327999427
30,fixed_manifest,block_06_attention,self_attention,GPU,323623.53327999427,323779.5598399943
28,fixed_manifest,block_11_norm2,layer_norm,GPU,323779.5598399943,323801.6894399943
31,fixed_manifest,block_03_norm1,layer_norm,GPU,323801.6894399943,323823.81903999427
32,fixed_manifest,block_00_norm2,layer_norm,GPU,323823.81903999427,323845.9486399942
29,fixed_manifest,block_09_norm1,layer_norm,GPU,323845.9486399942,323868.0782399942
30,fixed_manifest,block_06_proj,linear_projection,GPU,323868.0782399942,324020.3223999942
28,fixed_manifest,block_11_ffn_island,fused_ffn_island,FPGA,324015.4830399943,324348.23055999435
31,fixed_manifest,block_03_qkv,linear_qkv,GPU,324020.3223999942,324463.0548799942
32,fixed_manifest,block_00_ffn_island,fused_ffn_island,FPGA,324348.23055999435,324680.9780799943
29,fixed_manifest,block_09_qkv,linear_qkv,GPU,324463.0548799942,324905.78735999414
30,fixed_manifest,block_06_residual1,residual_add,GPU,324905.78735999414,324924.13455999416
31,fixed_manifest,block_03_attention,self_attention,GPU,324924.13455999416,325080.1611199942
28,fixed_manifest,block_11_residual2,residual_add,GPU,325080.1611199942,325098.50831999414
32,fixed_manifest,block_00_residual2,residual_add,GPU,325098.50831999414,325116.85551999416
29,fixed_manifest,block_09_attention,self_attention,GPU,325116.85551999416,325272.8820799942
30,fixed_manifest,block_06_norm2,layer_norm,GPU,325272.8820799942,325295.0116799941
31,fixed_manifest,block_03_proj,linear_projection,GPU,325295.0116799941,325447.2558399941
28,fixed_manifest,final_norm,layer_norm,GPU,325447.2558399941,325469.3854399941
30,fixed_manifest,block_06_ffn_island,fused_ffn_island,FPGA,325453.7764799941,325786.52399999416
32,fixed_manifest,block_01_norm1,layer_norm,GPU,325469.3854399941,325491.5150399941
29,fixed_manifest,block_09_proj,linear_projection,GPU,325491.5150399941,325643.75919999403
31,fixed_manifest,block_03_residual1,residual_add,GPU,325643.75919999403,325662.10639999405
28,fixed_manifest,class_token_select,class_token_select,GPU,325662.10639999405,325669.144799994
32,fixed_manifest,block_01_qkv,linear_qkv,GPU,325669.144799994,326111.877279994
29,fixed_manifest,block_09_residual1,residual_add,GPU,326111.877279994,326130.22447999404
31,fixed_manifest,block_03_norm2,layer_norm,GPU,326130.22447999404,326152.35407999397
28,fixed_manifest,classifier,linear_classifier,GPU,326152.35407999397,326160.314079994
30,fixed_manifest,block_06_residual2,residual_add,GPU,326160.314079994,326178.66127999395
32,fixed_manifest,block_01_attention,self_attention,GPU,326178.66127999395,326334.687839994
31,fixed_manifest,block_03_ffn_island,fused_ffn_island,FPGA,326311.11887999397,326643.866399994
29,fixed_manifest,block_09_norm2,layer_norm,GPU,326334.687839994,326356.81743999396
30,fixed_manifest,block_07_norm1,layer_norm,GPU,326356.81743999396,326378.94703999395
32,fixed_manifest,block_01_proj,linear_projection,GPU,326378.94703999395,326531.1911999939
30,fixed_manifest,block_07_qkv,linear_qkv,GPU,326531.1911999939,326973.9236799939
29,fixed_manifest,block_09_ffn_island,fused_ffn_island,FPGA,326643.866399994,326976.613919994
32,fixed_manifest,block_01_residual1,residual_add,GPU,326973.9236799939,326992.2708799939
31,fixed_manifest,block_03_residual2,residual_add,GPU,326992.2708799939,327010.6180799939
30,fixed_manifest,block_07_attention,self_attention,GPU,327010.6180799939,327166.6446399939
32,fixed_manifest,block_01_norm2,layer_norm,GPU,327166.6446399939,327188.7742399939
31,fixed_manifest,block_04_norm1,layer_norm,GPU,327188.7742399939,327210.9038399939
29,fixed_manifest,block_09_residual2,residual_add,GPU,327210.9038399939,327229.25103999383
30,fixed_manifest,block_07_proj,linear_projection,GPU,327229.25103999383,327381.49519999383
32,fixed_manifest,block_01_ffn_island,fused_ffn_island,FPGA,327347.53903999383,327680.28655999387
31,fixed_manifest,block_04_qkv,linear_qkv,GPU,327381.49519999383,327824.2276799938
29,fixed_manifest,block_10_norm1,layer_norm,GPU,327824.2276799938,327846.35727999377
30,fixed_manifest,block_07_residual1,residual_add,GPU,327846.35727999377,327864.7044799938
31,fixed_manifest,block_04_attention,self_attention,GPU,327864.7044799938,328020.7310399938
32,fixed_manifest,block_01_residual2,residual_add,GPU,328020.7310399938,328039.0782399938
29,fixed_manifest,block_10_qkv,linear_qkv,GPU,328039.0782399938,328481.8107199938
30,fixed_manifest,block_07_norm2,layer_norm,GPU,328481.8107199938,328503.94031999377
31,fixed_manifest,block_04_proj,linear_projection,GPU,328503.94031999377,328656.1844799937
32,fixed_manifest,block_02_norm1,layer_norm,GPU,328656.1844799937,328678.3140799937
30,fixed_manifest,block_07_ffn_island,fused_ffn_island,FPGA,328662.7051199937,328995.45263999375
29,fixed_manifest,block_10_attention,self_attention,GPU,328678.3140799937,328834.3406399937
31,fixed_manifest,block_04_residual1,residual_add,GPU,328834.3406399937,328852.68783999374
32,fixed_manifest,block_02_qkv,linear_qkv,GPU,328852.68783999374,329295.4203199937
29,fixed_manifest,block_10_proj,linear_projection,GPU,329295.4203199937,329447.6644799937
31,fixed_manifest,block_04_norm2,layer_norm,GPU,329447.6644799937,329469.7940799937
30,fixed_manifest,block_07_residual2,residual_add,GPU,329469.7940799937,329488.14127999364
32,fixed_manifest,block_02_attention,self_attention,GPU,329488.14127999364,329644.16783999366
31,fixed_manifest,block_04_ffn_island,fused_ffn_island,FPGA,329628.5588799936,329961.30639999366
29,fixed_manifest,block_10_residual1,residual_add,GPU,329644.16783999366,329662.5150399937
30,fixed_manifest,block_08_norm1,layer_norm,GPU,329662.5150399937,329684.64463999367
32,fixed_manifest,block_02_proj,linear_projection,GPU,329684.64463999367,329836.8887999936
29,fixed_manifest,block_10_norm2,layer_norm,GPU,329836.8887999936,329859.0183999936
30,fixed_manifest,block_08_qkv,linear_qkv,GPU,329859.0183999936,330301.7508799936
29,fixed_manifest,block_10_ffn_island,fused_ffn_island,FPGA,330049.25999999355,330382.0075199936
32,fixed_manifest,block_02_residual1,residual_add,GPU,330301.7508799936,330320.09807999356
33,fixed_manifest,patch_embedding,patch_embedding,GPU,330320.09807999356,330471.60495999356
31,fixed_manifest,block_04_residual2,residual_add,GPU,330471.60495999356,330489.9521599935
30,fixed_manifest,block_08_attention,self_attention,GPU,330489.9521599935,330645.97871999355
32,fixed_manifest,block_02_norm2,layer_norm,GPU,330645.97871999355,330668.10831999354
33,fixed_manifest,token_embedding,token_and_position_embedding,GPU,330668.10831999354,330686.45551999356
31,fixed_manifest,block_05_norm1,layer_norm,GPU,330686.45551999356,330708.58511999354
29,fixed_manifest,block_10_residual2,residual_add,GPU,330708.58511999354,330726.9323199935
30,fixed_manifest,block_08_proj,linear_projection,GPU,330726.9323199935,330879.1764799935
32,fixed_manifest,block_02_ffn_island,fused_ffn_island,FPGA,330826.87311999354,331159.6206399935
33,fixed_manifest,block_00_norm1,layer_norm,GPU,330879.1764799935,330901.3060799935
31,fixed_manifest,block_05_qkv,linear_qkv,GPU,330901.3060799935,331344.03855999344
29,fixed_manifest,block_11_norm1,layer_norm,GPU,331344.03855999344,331366.1681599934
30,fixed_manifest,block_08_residual1,residual_add,GPU,331366.1681599934,331384.51535999344
33,fixed_manifest,block_00_qkv,linear_qkv,GPU,331384.51535999344,331827.2478399934
32,fixed_manifest,block_02_residual2,residual_add,GPU,331827.2478399934,331845.5950399934
31,fixed_manifest,block_05_attention,self_attention,GPU,331845.5950399934,332001.62159999344
29,fixed_manifest,block_11_qkv,linear_qkv,GPU,332001.62159999344,332444.3540799934
30,fixed_manifest,block_08_norm2,layer_norm,GPU,332444.3540799934,332466.48367999337
33,fixed_manifest,block_00_attention,self_attention,GPU,332466.48367999337,332622.5102399934
32,fixed_manifest,block_03_norm1,layer_norm,GPU,332622.5102399934,332644.6398399934
30,fixed_manifest,block_08_ffn_island,fused_ffn_island,FPGA,332625.2484799934,332957.99599999335
31,fixed_manifest,block_05_proj,linear_projection,GPU,332644.6398399934,332796.8839999933
29,fixed_manifest,block_11_attention,self_attention,GPU,332796.8839999933,332952.91055999335
33,fixed_manifest,block_00_proj,linear_projection,GPU,332952.91055999335,333105.15471999336
32,fixed_manifest,block_03_qkv,linear_qkv,GPU,333105.15471999336,333547.88719999336
31,fixed_manifest,block_05_residual1,residual_add,GPU,333547.88719999336,333566.2343999933
29,fixed_manifest,block_11_proj,linear_projection,GPU,333566.2343999933,333718.4785599933
33,fixed_manifest,block_00_residual1,residual_add,GPU,333718.4785599933,333736.8257599933
30,fixed_manifest,block_08_residual2,residual_add,GPU,333736.8257599933,333755.1729599933
32,fixed_manifest,block_03_attention,self_attention,GPU,333755.1729599933,333911.19951999333
31,fixed_manifest,block_05_norm2,layer_norm,GPU,333911.19951999333,333933.3291199933
29,fixed_manifest,block_11_residual1,residual_add,GPU,333933.3291199933,333951.6763199933
33,fixed_manifest,block_00_norm2,layer_norm,GPU,333951.6763199933,333973.80591999326
30,fixed_manifest,block_09_norm1,layer_norm,GPU,333973.80591999326,333995.93551999325
32,fixed_manifest,block_03_proj,linear_projection,GPU,333995.93551999325,334148.1796799932
29,fixed_manifest,block_11_norm2,layer_norm,GPU,334148.1796799932,334170.3092799932
31,fixed_manifest,block_05_ffn_island,fused_ffn_island,FPGA,334150.9051199934,334483.65263999335
30,fixed_manifest,block_09_qkv,linear_qkv,GPU,334170.3092799932,334613.0417599932
33,fixed_manifest,block_00_ffn_island,fused_ffn_island,FPGA,334483.65263999335,334816.4001599934
32,fixed_manifest,block_03_residual1,residual_add,GPU,334613.0417599932,334631.38895999314
30,fixed_manifest,block_09_attention,self_attention,GPU,334631.38895999314,334787.41551999317
32,fixed_manifest,block_03_norm2,layer_norm,GPU,334787.41551999317,334809.54511999316
31,fixed_manifest,block_05_residual2,residual_add,GPU,334809.54511999316,334827.8923199932
29,fixed_manifest,block_11_ffn_island,fused_ffn_island,FPGA,334816.4001599934,335149.14767999336
30,fixed_manifest,block_09_proj,linear_projection,GPU,334827.8923199932,334980.1364799931
31,fixed_manifest,block_06_norm1,layer_norm,GPU,334980.1364799931,335002.2660799931
30,fixed_manifest,block_09_residual1,residual_add,GPU,335002.2660799931,335020.6132799931
31,fixed_manifest,block_06_qkv,linear_qkv,GPU,335020.6132799931,335463.34575999307
32,fixed_manifest,block_03_ffn_island,fused_ffn_island,FPGA,335149.14767999336,335481.8951999934
30,fixed_manifest,block_09_norm2,layer_norm,GPU,335463.34575999307,335485.47535999306
33,fixed_manifest,block_00_residual2,residual_add,GPU,335485.47535999306,335503.8225599931
29,fixed_manifest,block_11_residual2,residual_add,GPU,335503.8225599931,335522.16975999303
31,fixed_manifest,block_06_attention,self_attention,GPU,335522.16975999303,335678.19631999306
33,fixed_manifest,block_01_norm1,layer_norm,GPU,335678.19631999306,335700.32591999305
29,fixed_manifest,final_norm,layer_norm,GPU,335700.32591999305,335722.45551999303
30,fixed_manifest,block_09_ffn_island,fused_ffn_island,FPGA,335705.4711999934,336038.2187199934
31,fixed_manifest,block_06_proj,linear_projection,GPU,335722.45551999303,335874.699679993
33,fixed_manifest,block_01_qkv,linear_qkv,GPU,335874.699679993,336317.432159993
32,fixed_manifest,block_03_residual2,residual_add,GPU,336317.432159993,336335.779359993
29,fixed_manifest,class_token_select,class_token_select,GPU,336335.779359993,336342.81775999296
31,fixed_manifest,block_06_residual1,residual_add,GPU,336342.81775999296,336361.164959993
30,fixed_manifest,block_09_residual2,residual_add,GPU,336361.164959993,336379.51215999294
33,fixed_manifest,block_01_attention,self_attention,GPU,336379.51215999294,336535.53871999297
32,fixed_manifest,block_04_norm1,layer_norm,GPU,336535.53871999297,336557.66831999295
29,fixed_manifest,classifier,linear_classifier,GPU,336557.66831999295,336565.6283199929
31,fixed_manifest,block_06_norm2,layer_norm,GPU,336565.6283199929,336587.7579199929
30,fixed_manifest,block_10_norm1,layer_norm,GPU,336587.7579199929,336609.8875199929
33,fixed_manifest,block_01_proj,linear_projection,GPU,336609.8875199929,336762.13167999283
31,fixed_manifest,block_06_ffn_island,fused_ffn_island,FPGA,336746.5227199929,337079.2702399929
32,fixed_manifest,block_04_qkv,linear_qkv,GPU,336762.13167999283,337204.86415999284
30,fixed_manifest,block_10_qkv,linear_qkv,GPU,337204.86415999284,337647.59663999284
33,fixed_manifest,block_01_residual1,residual_add,GPU,337647.59663999284,337665.9438399928
32,fixed_manifest,block_04_attention,self_attention,GPU,337665.9438399928,337821.97039999283
31,fixed_manifest,block_06_residual2,residual_add,GPU,337821.97039999283,337840.31759999285
30,fixed_manifest,block_10_attention,self_attention,GPU,337840.31759999285,337996.3441599929
33,fixed_manifest,block_01_norm2,layer_norm,GPU,337996.3441599929,338018.4737599928
32,fixed_manifest,block_04_proj,linear_projection,GPU,338018.4737599928,338170.7179199928
31,fixed_manifest,block_07_norm1,layer_norm,GPU,338170.7179199928,338192.8475199928
33,fixed_manifest,block_01_ffn_island,fused_ffn_island,FPGA,338177.2385599928,338509.98607999284
30,fixed_manifest,block_10_proj,linear_projection,GPU,338192.8475199928,338345.0916799928
32,fixed_manifest,block_04_residual1,residual_add,GPU,338345.0916799928,338363.43887999275
31,fixed_manifest,block_07_qkv,linear_qkv,GPU,338363.43887999275,338806.17135999276
30,fixed_manifest,block_10_residual1,residual_add,GPU,338806.17135999276,338824.5185599927
32,fixed_manifest,block_04_norm2,layer_norm,GPU,338824.5185599927,338846.6481599927
33,fixed_manifest,block_01_residual2,residual_add,GPU,338846.6481599927,338864.9953599927
31,fixed_manifest,block_07_attention,self_attention,GPU,338864.9953599927,339021.02191999275
32,fixed_manifest,block_04_ffn_island,fused_ffn_island,FPGA,339005.4129599927,339338.1604799927
30,fixed_manifest,block_10_norm2,layer_norm,GPU,339021.02191999275,339043.1515199927
33,fixed_manifest,block_02_norm1,layer_norm,GPU,339043.1515199927,339065.28111999267
31,fixed_manifest,block_07_proj,linear_projection,GPU,339065.28111999267,339217.52527999267
33,fixed_manifest,block_02_qkv,linear_qkv,GPU,339217.52527999267,339660.2577599927
30,fixed_manifest,block_10_ffn_island,fused_ffn_island,FPGA,339338.1604799927,339670.9079999927
31,fixed_manifest,block_07_residual1,residual_add,GPU,339660.2577599927,339678.60495999263
32,fixed_manifest,block_04_residual2,residual_add,GPU,339678.60495999263,339696.95215999265
33,fixed_manifest,block_02_attention,self_attention,GPU,339696.95215999265,339852.9787199926
31,fixed_manifest,block_07_norm2,layer_norm,GPU,339852.9787199926,339875.1083199926
32,fixed_manifest,block_05_norm1,layer_norm,GPU,339875.1083199926,339897.2379199926
30,fixed_manifest,block_10_residual2,residual_add,GPU,339897.2379199926,339915.5851199926
33,fixed_manifest,block_02_proj,linear_projection,GPU,339915.5851199926,340067.82927999255
31,fixed_manifest,block_07_ffn_island,fused_ffn_island,FPGA,340033.8731199926,340366.62063999265
32,fixed_manifest,block_05_qkv,linear_qkv,GPU,340067.82927999255,340510.56175999256
30,fixed_manifest,block_11_norm1,layer_norm,GPU,340510.56175999256,340532.69135999255
34,fixed_manifest,patch_embedding,patch_embedding,GPU,340532.69135999255,340684.19823999255
33,fixed_manifest,block_02_residual1,residual_add,GPU,340684.19823999255,340702.5454399925
32,fixed_manifest,block_05_attention,self_attention,GPU,340702.5454399925,340858.57199999253
31,fixed_manifest,block_07_residual2,residual_add,GPU,340858.57199999253,340876.9191999925
30,fixed_manifest,block_11_qkv,linear_qkv,GPU,340876.9191999925,341319.6516799925
34,fixed_manifest,token_embedding,token_and_position_embedding,GPU,341319.6516799925,341337.9988799925
33,fixed_manifest,block_02_norm2,layer_norm,GPU,341337.9988799925,341360.12847999245
32,fixed_manifest,block_05_proj,linear_projection,GPU,341360.12847999245,341512.37263999245
31,fixed_manifest,block_08_norm1,layer_norm,GPU,341512.37263999245,341534.50223999243
33,fixed_manifest,block_02_ffn_island,fused_ffn_island,FPGA,341518.89327999245,341851.6407999925
30,fixed_manifest,block_11_attention,self_attention,GPU,341534.50223999243,341690.52879999246
34,fixed_manifest,block_00_norm1,layer_norm,GPU,341690.52879999246,341712.65839999245
32,fixed_manifest,block_05_residual1,residual_add,GPU,341712.65839999245,341731.0055999924
31,fixed_manifest,block_08_qkv,linear_qkv,GPU,341731.0055999924,342173.7380799924
30,fixed_manifest,block_11_proj,linear_projection,GPU,342173.7380799924,342325.9822399924
34,fixed_manifest,block_00_qkv,linear_qkv,GPU,342325.9822399924,342768.71471999236
32,fixed_manifest,block_05_norm2,layer_norm,GPU,342768.71471999236,342790.84431999235
33,fixed_manifest,block_02_residual2,residual_add,GPU,342790.84431999235,342809.19151999237
31,fixed_manifest,block_08_attention,self_attention,GPU,342809.19151999237,342965.21807999234
32,fixed_manifest,block_05_ffn_island,fused_ffn_island,FPGA,342949.60911999235,343282.35663999233
30,fixed_manifest,block_11_residual1,residual_add,GPU,342965.21807999234,342983.56527999236
34,fixed_manifest,block_00_attention,self_attention,GPU,342983.56527999236,343139.5918399924
33,fixed_manifest,block_03_norm1,layer_norm,GPU,343139.5918399924,343161.72143999237
31,fixed_manifest,block_08_proj,linear_projection,GPU,343161.72143999237,343313.9655999923
30,fixed_manifest,block_11_norm2,layer_norm,GPU,343313.9655999923,343336.0951999923
34,fixed_manifest,block_00_proj,linear_projection,GPU,343336.0951999923,343488.3393599923
33,fixed_manifest,block_03_qkv,linear_qkv,GPU,343488.3393599923,343931.07183999225
30,fixed_manifest,block_11_ffn_island,fused_ffn_island,FPGA,343505.93263999233,343838.68015999236
31,fixed_manifest,block_08_residual1,residual_add,GPU,343931.07183999225,343949.41903999227
32,fixed_manifest,block_05_residual2,residual_add,GPU,343949.41903999227,343967.7662399923
34,fixed_manifest,block_00_residual1,residual_add,GPU,343967.7662399923,343986.11343999224
33,fixed_manifest,block_03_attention,self_attention,GPU,343986.11343999224,344142.1399999923
31,fixed_manifest,block_08_norm2,layer_norm,GPU,344142.1399999923,344164.26959999226
32,fixed_manifest,block_06_norm1,layer_norm,GPU,344164.26959999226,344186.39919999224
34,fixed_manifest,block_00_norm2,layer_norm,GPU,344186.39919999224,344208.5287999922
30,fixed_manifest,block_11_residual2,residual_add,GPU,344208.5287999922,344226.8759999922
33,fixed_manifest,block_03_proj,linear_projection,GPU,344226.8759999922,344379.1201599922
31,fixed_manifest,block_08_ffn_island,fused_ffn_island,FPGA,344378.0631999923,344710.8107199923
32,fixed_manifest,block_06_qkv,linear_qkv,GPU,344379.1201599922,344821.85263999214
34,fixed_manifest,block_00_ffn_island,fused_ffn_island,FPGA,344710.8107199923,345043.55823999236
30,fixed_manifest,final_norm,layer_norm,GPU,344821.85263999214,344843.9822399921
33,fixed_manifest,block_03_residual1,residual_add,GPU,344843.9822399921,344862.32943999214
32,fixed_manifest,block_06_attention,self_attention,GPU,344862.32943999214,345018.35599999217
30,fixed_manifest,class_token_select,class_token_select,GPU,345018.35599999217,345025.39439999213
33,fixed_manifest,block_03_norm2,layer_norm,GPU,345025.39439999213,345047.5239999921
31,fixed_manifest,block_08_residual2,residual_add,GPU,345047.5239999921,345065.8711999921
32,fixed_manifest,block_06_proj,linear_projection,GPU,345065.8711999921,345218.1153599921
30,fixed_manifest,classifier,linear_classifier,GPU,345218.1153599921,345226.07535999204
31,fixed_manifest,block_09_norm1,layer_norm,GPU,345226.07535999204,345248.204959992
32,fixed_manifest,block_06_residual1,residual_add,GPU,345248.204959992,345266.55215999205
31,fixed_manifest,block_09_qkv,linear_qkv,GPU,345266.55215999205,345709.284639992
33,fixed_manifest,block_03_ffn_island,fused_ffn_island,FPGA,345267.13423999236,345599.88175999233
34,fixed_manifest,block_00_residual2,residual_add,GPU,345709.284639992,345727.631839992
32,fixed_manifest,block_06_norm2,layer_norm,GPU,345727.631839992,345749.761439992
31,fixed_manifest,block_09_attention,self_attention,GPU,345749.761439992,345905.787999992
34,fixed_manifest,block_01_norm1,layer_norm,GPU,345905.787999992,345927.91759999195
32,fixed_manifest,block_06_ffn_island,fused_ffn_island,FPGA,345909.4113599923,346242.1588799923
33,fixed_manifest,block_03_residual2,residual_add,GPU,345927.91759999195,345946.264799992
31,fixed_manifest,block_09_proj,linear_projection,GPU,345946.264799992,346098.508959992
34,fixed_manifest,block_01_qkv,linear_qkv,GPU,346098.508959992,346541.2414399919
33,fixed_manifest,block_04_norm1,layer_norm,GPU,346541.2414399919,346563.3710399919
31,fixed_manifest,block_09_residual1,residual_add,GPU,346563.3710399919,346581.7182399919
32,fixed_manifest,block_06_residual2,residual_add,GPU,346581.7182399919,346600.0654399919
34,fixed_manifest,block_01_attention,self_attention,GPU,346600.0654399919,346756.0919999919
33,fixed_manifest,block_04_qkv,linear_qkv,GPU,346756.0919999919,347198.8244799919
31,fixed_manifest,block_09_norm2,layer_norm,GPU,347198.8244799919,347220.95407999185
32,fixed_manifest,block_07_norm1,layer_norm,GPU,347220.95407999185,347243.08367999183
34,fixed_manifest,block_01_proj,linear_projection,GPU,347243.08367999183,347395.32783999183
31,fixed_manifest,block_09_ffn_island,fused_ffn_island,FPGA,347379.71887999185,347712.4663999919
33,fixed_manifest,block_04_attention,self_attention,GPU,347395.32783999183,347551.35439999186
32,fixed_manifest,block_07_qkv,linear_qkv,GPU,347551.35439999186,347994.0868799918
34,fixed_manifest,block_01_residual1,residual_add,GPU,347994.0868799918,348012.4340799918
33,fixed_manifest,block_04_proj,linear_projection,GPU,348012.4340799918,348164.67823999183
31,fixed_manifest,block_09_residual2,residual_add,GPU,348164.67823999183,348183.0254399918
32,fixed_manifest,block_07_attention,self_attention,GPU,348183.0254399918,348339.0519999918
34,fixed_manifest,block_01_norm2,layer_norm,GPU,348339.0519999918,348361.1815999918
33,fixed_manifest,block_04_residual1,residual_add,GPU,348361.1815999918,348379.52879999176
31,fixed_manifest,block_10_norm1,layer_norm,GPU,348379.52879999176,348401.65839999175
32,fixed_manifest,block_07_proj,linear_projection,GPU,348401.65839999175,348553.90255999175
34,fixed_manifest,block_01_ffn_island,fused_ffn_island,FPGA,348519.9463999918,348852.6939199918
33,fixed_manifest,block_04_norm2,layer_norm,GPU,348553.90255999175,348576.03215999174
31,fixed_manifest,block_10_qkv,linear_qkv,GPU,348576.03215999174,349018.7646399917
33,fixed_manifest,block_04_ffn_island,fused_ffn_island,FPGA,348852.6939199918,349185.4414399918
32,fixed_manifest,block_07_residual1,residual_add,GPU,349018.7646399917,349037.1118399917
34,fixed_manifest,block_01_residual2,residual_add,GPU,349037.1118399917,349055.45903999166
31,fixed_manifest,block_10_attention,self_attention,GPU,349055.45903999166,349211.4855999917
32,fixed_manifest,block_07_norm2,layer_norm,GPU,349211.4855999917,349233.6151999917
34,fixed_manifest,block_02_norm1,layer_norm,GPU,349233.6151999917,349255.74479999166
31,fixed_manifest,block_10_proj,linear_projection,GPU,349255.74479999166,349407.98895999166
34,fixed_manifest,block_02_qkv,linear_qkv,GPU,349407.98895999166,349850.7214399916
32,fixed_manifest,block_07_ffn_island,fused_ffn_island,FPGA,349409.0174399918,349741.7649599918
33,fixed_manifest,block_04_residual2,residual_add,GPU,349850.7214399916,349869.06863999163
31,fixed_manifest,block_10_residual1,residual_add,GPU,349869.06863999163,349887.4158399916
34,fixed_manifest,block_02_attention,self_attention,GPU,349887.4158399916,350043.4423999916
33,fixed_manifest,block_05_norm1,layer_norm,GPU,350043.4423999916,350065.5719999916
31,fixed_manifest,block_10_norm2,layer_norm,GPU,350065.5719999916,350087.7015999916
32,fixed_manifest,block_07_residual2,residual_add,GPU,350087.7015999916,350106.04879999155
35,fixed_manifest,patch_embedding,patch_embedding,GPU,350106.04879999155,350257.55567999155
31,fixed_manifest,block_10_ffn_island,fused_ffn_island,FPGA,350246.4663999916,350579.21391999157
34,fixed_manifest,block_02_proj,linear_projection,GPU,350257.55567999155,350409.79983999155
33,fixed_manifest,block_05_qkv,linear_qkv,GPU,350409.79983999155,350852.5323199915
32,fixed_manifest,block_08_norm1,layer_norm,GPU,350852.5323199915,350874.6619199915
35,fixed_manifest,token_embedding,token_and_position_embedding,GPU,350874.6619199915,350893.0091199915
34,fixed_manifest,block_02_residual1,residual_add,GPU,350893.0091199915,350911.35631999146
31,fixed_manifest,block_10_residual2,residual_add,GPU,350911.35631999146,350929.7035199915
33,fixed_manifest,block_05_attention,self_attention,GPU,350929.7035199915,351085.7300799915
32,fixed_manifest,block_08_qkv,linear_qkv,GPU,351085.7300799915,351528.46255999146
35,fixed_manifest,block_00_norm1,layer_norm,GPU,351528.46255999146,351550.59215999144
34,fixed_manifest,block_02_norm2,layer_norm,GPU,351550.59215999144,351572.72175999143
31,fixed_manifest,block_11_norm1,layer_norm,GPU,351572.72175999143,351594.8513599914
33,fixed_manifest,block_05_proj,linear_projection,GPU,351594.8513599914,351747.0955199914
34,fixed_manifest,block_02_ffn_island,fused_ffn_island,FPGA,351731.48655999143,352064.2340799914
32,fixed_manifest,block_08_attention,self_attention,GPU,351747.0955199914,351903.1220799914
35,fixed_manifest,block_00_qkv,linear_qkv,GPU,351903.1220799914,352345.8545599914
31,fixed_manifest,block_11_qkv,linear_qkv,GPU,352345.8545599914,352788.5870399914
33,fixed_manifest,block_05_residual1,residual_add,GPU,352788.5870399914,352806.93423999136
32,fixed_manifest,block_08_proj,linear_projection,GPU,352806.93423999136,352959.17839999136
34,fixed_manifest,block_02_residual2,residual_add,GPU,352959.17839999136,352977.5255999913
35,fixed_manifest,block_00_attention,self_attention,GPU,352977.5255999913,353133.55215999135
31,fixed_manifest,block_11_attention,self_attention,GPU,353133.55215999135,353289.5787199914
33,fixed_manifest,block_05_norm2,layer_norm,GPU,353289.5787199914,353311.70831999136
32,fixed_manifest,block_08_residual1,residual_add,GPU,353311.70831999136,353330.0555199914
34,fixed_manifest,block_03_norm1,layer_norm,GPU,353330.0555199914,353352.1851199913
35,fixed_manifest,block_00_proj,linear_projection,GPU,353352.1851199913,353504.4292799913
33,fixed_manifest,block_05_ffn_island,fused_ffn_island,FPGA,353470.47311999137,353803.22063999134
31,fixed_manifest,block_11_proj,linear_projection,GPU,353504.4292799913,353656.6734399913
32,fixed_manifest,block_08_norm2,layer_norm,GPU,353656.6734399913,353678.8030399913
34,fixed_manifest,block_03_qkv,linear_qkv,GPU,353678.8030399913,354121.53551999124
32,fixed_manifest,block_08_ffn_island,fused_ffn_island,FPGA,353846.9150399912,354179.66255999124
35,fixed_manifest,block_00_residual1,residual_add,GPU,354121.53551999124,354139.88271999126
31,fixed_manifest,block_11_residual1,residual_add,GPU,354139.88271999126,354158.2299199912
33,fixed_manifest,block_05_residual2,residual_add,GPU,354158.2299199912,354176.57711999124
34,fixed_manifest,block_03_attention,self_attention,GPU,354176.57711999124,354332.60367999127
35,fixed_manifest,block_00_norm2,layer_norm,GPU,354332.60367999127,354354.73327999125
31,fixed_manifest,block_11_norm2,layer_norm,GPU,354354.73327999125,354376.8628799912
33,fixed_manifest,block_06_norm1,layer_norm,GPU,354376.8628799912,354398.99247999117
34,fixed_manifest,block_03_proj,linear_projection,GPU,354398.99247999117,354551.23663999117
32,fixed_manifest,block_08_residual2,residual_add,GPU,354551.23663999117,354569.58383999113
33,fixed_manifest,block_06_qkv,linear_qkv,GPU,354569.58383999113,355012.31631999114
35,fixed_manifest,block_00_ffn_island,fused_ffn_island,FPGA,354595.0036799913,354927.7511999913
31,fixed_manifest,block_11_ffn_island,fused_ffn_island,FPGA,354927.7511999913,355260.4987199913
34,fixed_manifest,block_03_residual1,residual_add,GPU,355012.31631999114,355030.66351999115
32,fixed_manifest,block_09_norm1,layer_norm,GPU,355030.66351999115,355052.7931199911
33,fixed_manifest,block_06_attention,self_attention,GPU,355052.7931199911,355208.8196799911
34,fixed_manifest,block_03_norm2,layer_norm,GPU,355208.8196799911,355230.9492799911
32,fixed_manifest,block_09_qkv,linear_qkv,GPU,355230.9492799911,355673.6817599911
34,fixed_manifest,block_03_ffn_island,fused_ffn_island,FPGA,355484.0747199913,355816.82223999134
35,fixed_manifest,block_00_residual2,residual_add,GPU,355673.6817599911,355692.02895999106
33,fixed_manifest,block_06_proj,linear_projection,GPU,355692.02895999106,355844.27311999106
31,fixed_manifest,block_11_residual2,residual_add,GPU,355844.27311999106,355862.620319991
32,fixed_manifest,block_09_attention,self_attention,GPU,355862.620319991,356018.64687999105
35,fixed_manifest,block_01_norm1,layer_norm,GPU,356018.64687999105,356040.77647999104
33,fixed_manifest,block_06_residual1,residual_add,GPU,356040.77647999104,356059.12367999105
31,fixed_manifest,final_norm,layer_norm,GPU,356059.12367999105,356081.25327999104
34,fixed_manifest,block_03_residual2,residual_add,GPU,356081.25327999104,356099.600479991
32,fixed_manifest,block_09_proj,linear_projection,GPU,356099.600479991,356251.844639991
35,fixed_manifest,block_01_qkv,linear_qkv,GPU,356251.844639991,356694.57711999095
33,fixed_manifest,block_06_norm2,layer_norm,GPU,356694.57711999095,356716.70671999094
31,fixed_manifest,class_token_select,class_token_select,GPU,356716.70671999094,356723.74511999096
34,fixed_manifest,block_04_norm1,layer_norm,GPU,356723.74511999096,356745.87471999094
32,fixed_manifest,block_09_residual1,residual_add,GPU,356745.87471999094,356764.2219199909
35,fixed_manifest,block_01_attention,self_attention,GPU,356764.2219199909,356920.2484799909
33,fixed_manifest,block_06_ffn_island,fused_ffn_island,FPGA,356875.47151999094,357208.219039991
31,fixed_manifest,classifier,linear_classifier,GPU,356920.2484799909,356928.2084799909
34,fixed_manifest,block_04_qkv,linear_qkv,GPU,356928.2084799909,357370.9409599909
32,fixed_manifest,block_09_norm2,layer_norm,GPU,357370.9409599909,357393.0705599909
35,fixed_manifest,block_01_proj,linear_projection,GPU,357393.0705599909,357545.3147199908
33,fixed_manifest,block_06_residual2,residual_add,GPU,357545.3147199908,357563.66191999085
32,fixed_manifest,block_09_ffn_island,fused_ffn_island,FPGA,357551.83535999083,357884.58287999086
34,fixed_manifest,block_04_attention,self_attention,GPU,357563.66191999085,357719.6884799909
35,fixed_manifest,block_01_residual1,residual_add,GPU,357719.6884799909,357738.03567999083
33,fixed_manifest,block_07_norm1,layer_norm,GPU,357738.03567999083,357760.1652799908
34,fixed_manifest,block_04_proj,linear_projection,GPU,357760.1652799908,357912.4094399908
35,fixed_manifest,block_01_norm2,layer_norm,GPU,357912.4094399908,357934.5390399908
33,fixed_manifest,block_07_qkv,linear_qkv,GPU,357934.5390399908,358377.27151999075
35,fixed_manifest,block_01_ffn_island,fused_ffn_island,FPGA,358108.15887999086,358440.9063999909
34,fixed_manifest,block_04_residual1,residual_add,GPU,358377.27151999075,358395.6187199908
32,fixed_manifest,block_09_residual2,residual_add,GPU,358395.6187199908,358413.96591999073
33,fixed_manifest,block_07_attention,self_attention,GPU,358413.96591999073,358569.99247999076
34,fixed_manifest,block_04_norm2,layer_norm,GPU,358569.99247999076,358592.12207999075
32,fixed_manifest,block_10_norm1,layer_norm,GPU,358592.12207999075,358614.25167999073
33,fixed_manifest,block_07_proj,linear_projection,GPU,358614.25167999073,358766.49583999073
34,fixed_manifest,block_04_ffn_island,fused_ffn_island,FPGA,358750.88687999075,359083.6343999907
35,fixed_manifest,block_01_residual2,residual_add,GPU,358766.49583999073,358784.8430399907
32,fixed_manifest,block_10_qkv,linear_qkv,GPU,358784.8430399907,359227.5755199907
33,fixed_manifest,block_07_residual1,residual_add,GPU,359227.5755199907,359245.92271999066
35,fixed_manifest,block_02_norm1,layer_norm,GPU,359245.92271999066,359268.05231999065
32,fixed_manifest,block_10_attention,self_attention,GPU,359268.05231999065,359424.0788799907
34,fixed_manifest,block_04_residual2,residual_add,GPU,359424.0788799907,359442.42607999063
33,fixed_manifest,block_07_norm2,layer_norm,GPU,359442.42607999063,359464.5556799906
35,fixed_manifest,block_02_qkv,linear_qkv,GPU,359464.5556799906,359907.2881599906
33,fixed_manifest,block_07_ffn_island,fused_ffn_island,FPGA,359623.3204799906,359956.06799999066
32,fixed_manifest,block_10_proj,linear_projection,GPU,359907.2881599906,360059.5323199906
34,fixed_manifest,block_05_norm1,layer_norm,GPU,360059.5323199906,360081.66191999055
35,fixed_manifest,block_02_attention,self_attention,GPU,360081.66191999055,360237.6884799906
36,fixed_manifest,patch_embedding,patch_embedding,GPU,360237.6884799906,360389.1953599906
32,fixed_manifest,block_10_residual1,residual_add,GPU,360389.1953599906,360407.5425599906
34,fixed_manifest,block_05_qkv,linear_qkv,GPU,360407.5425599906,360850.27503999055
33,fixed_manifest,block_07_residual2,residual_add,GPU,360850.27503999055,360868.62223999057
35,fixed_manifest,block_02_proj,linear_projection,GPU,360868.62223999057,361020.8663999905
36,fixed_manifest,token_embedding,token_and_position_embedding,GPU,361020.8663999905,361039.21359999053
32,fixed_manifest,block_10_norm2,layer_norm,GPU,361039.21359999053,361061.3431999905
34,fixed_manifest,block_05_attention,self_attention,GPU,361061.3431999905,361217.36975999054
33,fixed_manifest,block_08_norm1,layer_norm,GPU,361217.36975999054,361239.4993599905
32,fixed_manifest,block_10_ffn_island,fused_ffn_island,FPGA,361220.1079999905,361552.8555199905
35,fixed_manifest,block_02_residual1,residual_add,GPU,361239.4993599905,361257.8465599905
36,fixed_manifest,block_00_norm1,layer_norm,GPU,361257.8465599905,361279.9761599905
34,fixed_manifest,block_05_proj,linear_projection,GPU,361279.9761599905,361432.2203199905
33,fixed_manifest,block_08_qkv,linear_qkv,GPU,361432.2203199905,361874.9527999904
35,fixed_manifest,block_02_norm2,layer_norm,GPU,361874.9527999904,361897.0823999904
36,fixed_manifest,block_00_qkv,linear_qkv,GPU,361897.0823999904,362339.8148799904
35,fixed_manifest,block_02_ffn_island,fused_ffn_island,FPGA,362055.8471999904,362388.5947199904
34,fixed_manifest,block_05_residual1,residual_add,GPU,362339.8148799904,362358.1620799904
32,fixed_manifest,block_10_residual2,residual_add,GPU,362358.1620799904,362376.5092799904
33,fixed_manifest,block_08_attention,self_attention,GPU,362376.5092799904,362532.5358399904
36,fixed_manifest,block_00_attention,self_attention,GPU,362532.5358399904,362688.56239999045
34,fixed_manifest,block_05_norm2,layer_norm,GPU,362688.56239999045,362710.6919999904
32,fixed_manifest,block_11_norm1,layer_norm,GPU,362710.6919999904,362732.82159999036
33,fixed_manifest,block_08_proj,linear_projection,GPU,362732.82159999036,362885.06575999036
34,fixed_manifest,block_05_ffn_island,fused_ffn_island,FPGA,362869.4567999904,363202.2043199904
35,fixed_manifest,block_02_residual2,residual_add,GPU,362885.06575999036,362903.4129599903
36,fixed_manifest,block_00_proj,linear_projection,GPU,362903.4129599903,363055.6571199903
32,fixed_manifest,block_11_qkv,linear_qkv,GPU,363055.6571199903,363498.38959999033
33,fixed_manifest,block_08_residual1,residual_add,GPU,363498.38959999033,363516.7367999903
35,fixed_manifest,block_03_norm1,layer_norm,GPU,363516.7367999903,363538.8663999903
36,fixed_manifest,block_00_residual1,residual_add,GPU,363538.8663999903,363557.2135999903
34,fixed_manifest,block_05_residual2,residual_add,GPU,363557.2135999903,363575.56079999026
32,fixed_manifest,block_11_attention,self_attention,GPU,363575.56079999026,363731.5873599903
33,fixed_manifest,block_08_norm2,layer_norm,GPU,363731.5873599903,363753.71695999027
35,fixed_manifest,block_03_qkv,linear_qkv,GPU,363753.71695999027,364196.4494399902
33,fixed_manifest,block_08_ffn_island,fused_ffn_island,FPGA,363912.4817599903,364245.22927999025
36,fixed_manifest,block_00_norm2,layer_norm,GPU,364196.4494399902,364218.5790399902
34,fixed_manifest,block_06_norm1,layer_norm,GPU,364218.5790399902,364240.7086399902
32,fixed_manifest,block_11_proj,linear_projection,GPU,364240.7086399902,364392.9527999902
35,fixed_manifest,block_03_attention,self_attention,GPU,364392.9527999902,364548.9793599902
36,fixed_manifest,block_00_ffn_island,fused_ffn_island,FPGA,364468.80527999025,364801.5527999903
34,fixed_manifest,block_06_qkv,linear_qkv,GPU,364548.9793599902,364991.71183999017
32,fixed_manifest,block_11_residual1,residual_add,GPU,364991.71183999017,365010.0590399902
33,fixed_manifest,block_08_residual2,residual_add,GPU,365010.0590399902,365028.40623999014
35,fixed_manifest,block_03_proj,linear_projection,GPU,365028.40623999014,365180.65039999015
36,fixed_manifest,block_00_residual2,residual_add,GPU,365180.65039999015,365198.99759999017
34,fixed_manifest,block_06_attention,self_attention,GPU,365198.99759999017,365355.02415999013
32,fixed_manifest,block_11_norm2,layer_norm,GPU,365355.02415999013,365377.1537599901
33,fixed_manifest,block_09_norm1,layer_norm,GPU,365377.1537599901,365399.2833599901
35,fixed_manifest,block_03_residual1,residual_add,GPU,365399.2833599901,365417.6305599901
36,fixed_manifest,block_01_norm1,layer_norm,GPU,365417.6305599901,365439.76015999005
34,fixed_manifest,block_06_proj,linear_projection,GPU,365439.76015999005,365592.00431999005
32,fixed_manifest,block_11_ffn_island,fused_ffn_island,FPGA,365535.9185599901,365868.66607999016
33,fixed_manifest,block_09_qkv,linear_qkv,GPU,365592.00431999005,366034.73679999006
35,fixed_manifest,block_03_norm2,layer_norm,GPU,366034.73679999006,366056.86639999005
36,fixed_manifest,block_01_qkv,linear_qkv,GPU,366056.86639999005,366499.59887999
35,fixed_manifest,block_03_ffn_island,fused_ffn_island,FPGA,366215.63119999,366548.37871999
34,fixed_manifest,block_06_residual1,residual_add,GPU,366499.59887999,366517.94607999
32,fixed_manifest,block_11_residual2,residual_add,GPU,366517.94607999,366536.29327999
33,fixed_manifest,block_09_attention,self_attention,GPU,366536.29327999,366692.31983999
36,fixed_manifest,block_01_attention,self_attention,GPU,366692.31983999,366848.34639999
34,fixed_manifest,block_06_norm2,layer_norm,GPU,366848.34639999,366870.47599999
32,fixed_manifest,final_norm,layer_norm,GPU,366870.47599999,366892.60559999
33,fixed_manifest,block_09_proj,linear_projection,GPU,366892.60559999,367044.84975998994
34,fixed_manifest,block_06_ffn_island,fused_ffn_island,FPGA,367029.24079999,367361.98831999
35,fixed_manifest,block_03_residual2,residual_add,GPU,367044.84975998994,367063.19695998996
36,fixed_manifest,block_01_proj,linear_projection,GPU,367063.19695998996,367215.44111998996
32,fixed_manifest,class_token_select,class_token_select,GPU,367215.44111998996,367222.4795199899
33,fixed_manifest,block_09_residual1,residual_add,GPU,367222.4795199899,367240.82671998994
35,fixed_manifest,block_04_norm1,layer_norm,GPU,367240.82671998994,367262.95631998987
36,fixed_manifest,block_01_residual1,residual_add,GPU,367262.95631998987,367281.3035199899
32,fixed_manifest,classifier,linear_classifier,GPU,367281.3035199899,367289.26351998985
33,fixed_manifest,block_09_norm2,layer_norm,GPU,367289.26351998985,367311.39311998984
35,fixed_manifest,block_04_qkv,linear_qkv,GPU,367311.39311998984,367754.12559998984
33,fixed_manifest,block_09_ffn_island,fused_ffn_island,FPGA,367553.3275199897,367886.0750399897
36,fixed_manifest,block_01_norm2,layer_norm,GPU,367754.12559998984,367776.2551999898
34,fixed_manifest,block_06_residual2,residual_add,GPU,367776.2551999898,367794.6023999898
35,fixed_manifest,block_04_attention,self_attention,GPU,367794.6023999898,367950.6289599898
34,fixed_manifest,block_07_norm1,layer_norm,GPU,367950.6289599898,367972.7585599898
36,fixed_manifest,block_01_ffn_island,fused_ffn_island,FPGA,367958.96495998994,368291.7124799899
35,fixed_manifest,block_04_proj,linear_projection,GPU,367972.7585599898,368125.00271998974
34,fixed_manifest,block_07_qkv,linear_qkv,GPU,368125.00271998974,368567.73519998975
33,fixed_manifest,block_09_residual2,residual_add,GPU,368567.73519998975,368586.08239998977
35,fixed_manifest,block_04_residual1,residual_add,GPU,368586.08239998977,368604.42959998973
36,fixed_manifest,block_01_residual2,residual_add,GPU,368604.42959998973,368622.77679998975
34,fixed_manifest,block_07_attention,self_attention,GPU,368622.77679998975,368778.8033599898
33,fixed_manifest,block_10_norm1,layer_norm,GPU,368778.8033599898,368800.9329599897
35,fixed_manifest,block_04_norm2,layer_norm,GPU,368800.9329599897,368823.0625599897
36,fixed_manifest,block_02_norm1,layer_norm,GPU,368823.0625599897,368845.1921599897
34,fixed_manifest,block_07_proj,linear_projection,GPU,368845.1921599897,368997.4363199897
35,fixed_manifest,block_04_ffn_island,fused_ffn_island,FPGA,368981.8273599897,369314.5748799897
33,fixed_manifest,block_10_qkv,linear_qkv,GPU,368997.4363199897,369440.1687999896
36,fixed_manifest,block_02_qkv,linear_qkv,GPU,369440.1687999896,369882.90127998963
34,fixed_manifest,block_07_residual1,residual_add,GPU,369882.90127998963,369901.24847998965
33,fixed_manifest,block_10_attention,self_attention,GPU,369901.24847998965,370057.2750399896
35,fixed_manifest,block_04_residual2,residual_add,GPU,370057.2750399896,370075.62223998964
36,fixed_manifest,block_02_attention,self_attention,GPU,370075.62223998964,370231.64879998966
34,fixed_manifest,block_07_norm2,layer_norm,GPU,370231.64879998966,370253.77839998965
37,fixed_manifest,patch_embedding,patch_embedding,GPU,370253.77839998965,370405.2852799896
33,fixed_manifest,block_10_proj,linear_projection,GPU,370405.2852799896,370557.5294399896
34,fixed_manifest,block_07_ffn_island,fused_ffn_island,FPGA,370412.5431999896,370745.2907199896
35,fixed_manifest,block_05_norm1,layer_norm,GPU,370557.5294399896,370579.6590399896
36,fixed_manifest,block_02_proj,linear_projection,GPU,370579.6590399896,370731.9031999896
37,fixed_manifest,token_embedding,token_and_position_embedding,GPU,370731.9031999896,370750.25039998954
33,fixed_manifest,block_10_residual1,residual_add,GPU,370750.25039998954,370768.59759998956
35,fixed_manifest,block_05_qkv,linear_qkv,GPU,370768.59759998956,371211.3300799895
36,fixed_manifest,block_02_residual1,residual_add,GPU,371211.3300799895,371229.6772799895
37,fixed_manifest,block_00_norm1,layer_norm,GPU,371229.6772799895,371251.8068799895
33,fixed_manifest,block_10_norm2,layer_norm,GPU,371251.8068799895,371273.93647998944
34,fixed_manifest,block_07_residual2,residual_add,GPU,371273.93647998944,371292.28367998946
35,fixed_manifest,block_05_attention,self_attention,GPU,371292.28367998946,371448.3102399895
33,fixed_manifest,block_10_ffn_island,fused_ffn_island,FPGA,371432.70127998944,371765.4487999895
36,fixed_manifest,block_02_norm2,layer_norm,GPU,371448.3102399895,371470.43983998947
37,fixed_manifest,block_00_qkv,linear_qkv,GPU,371470.43983998947,371913.1723199894
36,fixed_manifest,block_02_ffn_island,fused_ffn_island,FPGA,371765.4487999895,372098.19631998945
34,fixed_manifest,block_08_norm1,layer_norm,GPU,371913.1723199894,371935.3019199894
35,fixed_manifest,block_05_proj,linear_projection,GPU,371935.3019199894,372087.5460799894
37,fixed_manifest,block_00_attention,self_attention,GPU,372087.5460799894,372243.57263998943
33,fixed_manifest,block_10_residual2,residual_add,GPU,372243.57263998943,372261.9198399894
34,fixed_manifest,block_08_qkv,linear_qkv,GPU,372261.9198399894,372704.6523199894
35,fixed_manifest,block_05_residual1,residual_add,GPU,372704.6523199894,372722.99951998936
37,fixed_manifest,block_00_proj,linear_projection,GPU,372722.99951998936,372875.24367998936
36,fixed_manifest,block_02_residual2,residual_add,GPU,372875.24367998936,372893.5908799894
33,fixed_manifest,block_11_norm1,layer_norm,GPU,372893.5908799894,372915.7204799893
34,fixed_manifest,block_08_attention,self_attention,GPU,372915.7204799893,373071.74703998934
35,fixed_manifest,block_05_norm2,layer_norm,GPU,373071.74703998934,373093.8766399893
37,fixed_manifest,block_00_residual1,residual_add,GPU,373093.8766399893,373112.22383998934
36,fixed_manifest,block_03_norm1,layer_norm,GPU,373112.22383998934,373134.3534399893
33,fixed_manifest,block_11_qkv,linear_qkv,GPU,373134.3534399893,373577.0859199893
35,fixed_manifest,block_05_ffn_island,fused_ffn_island,FPGA,373252.6414399893,373585.3889599893
34,fixed_manifest,block_08_proj,linear_projection,GPU,373577.0859199893,373729.3300799893
37,fixed_manifest,block_00_norm2,layer_norm,GPU,373729.3300799893,373751.45967998926
36,fixed_manifest,block_03_qkv,linear_qkv,GPU,373751.45967998926,374194.1921599892
37,fixed_manifest,block_00_ffn_island,fused_ffn_island,FPGA,373910.2244799892,374242.97199998924
33,fixed_manifest,block_11_attention,self_attention,GPU,374194.1921599892,374350.21871998924
34,fixed_manifest,block_08_residual1,residual_add,GPU,374350.21871998924,374368.56591998925
35,fixed_manifest,block_05_residual2,residual_add,GPU,374368.56591998925,374386.9131199892
36,fixed_manifest,block_03_attention,self_attention,GPU,374386.9131199892,374542.93967998924
33,fixed_manifest,block_11_proj,linear_projection,GPU,374542.93967998924,374695.18383998924
34,fixed_manifest,block_08_norm2,layer_norm,GPU,374695.18383998924,374717.31343998923
35,fixed_manifest,block_06_norm1,layer_norm,GPU,374717.31343998923,374739.44303998916
37,fixed_manifest,block_00_residual2,residual_add,GPU,374739.44303998916,374757.7902399892
36,fixed_manifest,block_03_proj,linear_projection,GPU,374757.7902399892,374910.0343999892
34,fixed_manifest,block_08_ffn_island,fused_ffn_island,FPGA,374876.0782399892,375208.8257599892
33,fixed_manifest,block_11_residual1,residual_add,GPU,374910.0343999892,374928.38159998914
35,fixed_manifest,block_06_qkv,linear_qkv,GPU,374928.38159998914,375371.11407998914
37,fixed_manifest,block_01_norm1,layer_norm,GPU,375371.11407998914,375393.24367998913
36,fixed_manifest,block_03_residual1,residual_add,GPU,375393.24367998913,375411.5908799891
33,fixed_manifest,block_11_norm2,layer_norm,GPU,375411.5908799891,375433.7204799891
34,fixed_manifest,block_08_residual2,residual_add,GPU,375433.7204799891,375452.0676799891
35,fixed_manifest,block_06_attention,self_attention,GPU,375452.0676799891,375608.09423998906
33,fixed_manifest,block_11_ffn_island,fused_ffn_island,FPGA,375592.4852799891,375925.23279998905
37,fixed_manifest,block_01_qkv,linear_qkv,GPU,375608.09423998906,376050.82671998907
36,fixed_manifest,block_03_norm2,layer_norm,GPU,376050.82671998907,376072.95631998905
34,fixed_manifest,block_09_norm1,layer_norm,GPU,376072.95631998905,376095.08591998904
35,fixed_manifest,block_06_proj,linear_projection,GPU,376095.08591998904,376247.330079989
36,fixed_manifest,block_03_ffn_island,fused_ffn_island,FPGA,376234.76239998906,376567.50991998904
37,fixed_manifest,block_01_attention,self_attention,GPU,376247.330079989,376403.356639989
33,fixed_manifest,block_11_residual2,residual_add,GPU,376403.356639989,376421.70383998903
34,fixed_manifest,block_09_qkv,linear_qkv,GPU,376421.70383998903,376864.436319989
35,fixed_manifest,block_06_residual1,residual_add,GPU,376864.436319989,376882.783519989
37,fixed_manifest,block_01_proj,linear_projection,GPU,376882.783519989,377035.027679989
33,fixed_manifest,final_norm,layer_norm,GPU,377035.027679989,377057.1572799889
36,fixed_manifest,block_03_residual2,residual_add,GPU,377057.1572799889,377075.50447998894
34,fixed_manifest,block_09_attention,self_attention,GPU,377075.50447998894,377231.531039989
35,fixed_manifest,block_06_norm2,layer_norm,GPU,377231.531039989,377253.66063998896
37,fixed_manifest,block_01_residual1,residual_add,GPU,377253.66063998896,377272.0078399889
33,fixed_manifest,class_token_select,class_token_select,GPU,377272.0078399889,377279.04623998894
36,fixed_manifest,block_04_norm1,layer_norm,GPU,377279.04623998894,377301.1758399889
34,fixed_manifest,block_09_proj,linear_projection,GPU,377301.1758399889,377453.41999998887
35,fixed_manifest,block_06_ffn_island,fused_ffn_island,FPGA,377412.4254399889,377745.17295998894
37,fixed_manifest,block_01_norm2,layer_norm,GPU,377453.41999998887,377475.54959998885
33,fixed_manifest,classifier,linear_classifier,GPU,377475.54959998885,377483.5095999888
36,fixed_manifest,block_04_qkv,linear_qkv,GPU,377483.5095999888,377926.2420799888
37,fixed_manifest,block_01_ffn_island,fused_ffn_island,FPGA,377745.17295998894,378077.92047998897
34,fixed_manifest,block_09_residual1,residual_add,GPU,377926.2420799888,377944.5892799888
35,fixed_manifest,block_06_residual2,residual_add,GPU,377944.5892799888,377962.9364799888
36,fixed_manifest,block_04_attention,self_attention,GPU,377962.9364799888,378118.9630399888
34,fixed_manifest,block_09_norm2,layer_norm,GPU,378118.9630399888,378141.0926399888
35,fixed_manifest,block_07_norm1,layer_norm,GPU,378141.0926399888,378163.2222399888
36,fixed_manifest,block_04_proj,linear_projection,GPU,378163.2222399888,378315.46639998874
34,fixed_manifest,block_09_ffn_island,fused_ffn_island,FPGA,378301.496479989,378634.24399998895
35,fixed_manifest,block_07_qkv,linear_qkv,GPU,378315.46639998874,378758.19887998875
37,fixed_manifest,block_01_residual2,residual_add,GPU,378758.19887998875,378776.5460799887
36,fixed_manifest,block_04_residual1,residual_add,GPU,378776.5460799887,378794.8932799887
35,fixed_manifest,block_07_attention,self_attention,GPU,378794.8932799887,378950.91983998875
37,fixed_manifest,block_02_norm1,layer_norm,GPU,378950.91983998875,378973.04943998874
34,fixed_manifest,block_09_residual2,residual_add,GPU,378973.04943998874,378991.3966399887
36,fixed_manifest,block_04_norm2,layer_norm,GPU,378991.3966399887,379013.5262399887
35,fixed_manifest,block_07_proj,linear_projection,GPU,379013.5262399887,379165.7703999887
37,fixed_manifest,block_02_qkv,linear_qkv,GPU,379165.7703999887,379608.50287998863
36,fixed_manifest,block_04_ffn_island,fused_ffn_island,FPGA,379172.2910399887,379505.03855998866
34,fixed_manifest,block_10_norm1,layer_norm,GPU,379608.50287998863,379630.6324799886
35,fixed_manifest,block_07_residual1,residual_add,GPU,379630.6324799886,379648.97967998864
37,fixed_manifest,block_02_attention,self_attention,GPU,379648.97967998864,379805.00623998867
34,fixed_manifest,block_10_qkv,linear_qkv,GPU,379805.00623998867,380247.7387199886
35,fixed_manifest,block_07_norm2,layer_norm,GPU,380247.7387199886,380269.8683199886
36,fixed_manifest,block_04_residual2,residual_add,GPU,380269.8683199886,380288.2155199886
37,fixed_manifest,block_02_proj,linear_projection,GPU,380288.2155199886,380440.45967998856
35,fixed_manifest,block_07_ffn_island,fused_ffn_island,FPGA,380428.6331199886,380761.3806399886
38,fixed_manifest,patch_embedding,patch_embedding,GPU,380440.45967998856,380591.96655998856
34,fixed_manifest,block_10_attention,self_attention,GPU,380591.96655998856,380747.9931199886
36,fixed_manifest,block_05_norm1,layer_norm,GPU,380747.9931199886,380770.1227199886
37,fixed_manifest,block_02_residual1,residual_add,GPU,380770.1227199886,380788.46991998854
38,fixed_manifest,token_embedding,token_and_position_embedding,GPU,380788.46991998854,380806.81711998855
34,fixed_manifest,block_10_proj,linear_projection,GPU,380806.81711998855,380959.0612799885
36,fixed_manifest,block_05_qkv,linear_qkv,GPU,380959.0612799885,381401.7937599885
37,fixed_manifest,block_02_norm2,layer_norm,GPU,381401.7937599885,381423.9233599885
38,fixed_manifest,block_00_norm1,layer_norm,GPU,381423.9233599885,381446.0529599885
35,fixed_manifest,block_07_residual2,residual_add,GPU,381446.0529599885,381464.40015998844
34,fixed_manifest,block_10_residual1,residual_add,GPU,381464.40015998844,381482.74735998845
36,fixed_manifest,block_05_attention,self_attention,GPU,381482.74735998845,381638.7739199885
37,fixed_manifest,block_02_ffn_island,fused_ffn_island,FPGA,381582.6881599885,381915.43567998847
38,fixed_manifest,block_00_qkv,linear_qkv,GPU,381638.7739199885,382081.50639998843
35,fixed_manifest,block_08_norm1,layer_norm,GPU,382081.50639998843,382103.6359999884
34,fixed_manifest,block_10_norm2,layer_norm,GPU,382103.6359999884,382125.7655999884
36,fixed_manifest,block_05_proj,linear_projection,GPU,382125.7655999884,382278.0097599884
37,fixed_manifest,block_02_residual2,residual_add,GPU,382278.0097599884,382296.35695998836
34,fixed_manifest,block_10_ffn_island,fused_ffn_island,FPGA,382284.5303999884,382617.2779199884
38,fixed_manifest,block_00_attention,self_attention,GPU,382296.35695998836,382452.3835199884
35,fixed_manifest,block_08_qkv,linear_qkv,GPU,382452.3835199884,382895.1159999884
36,fixed_manifest,block_05_residual1,residual_add,GPU,382895.1159999884,382913.46319998836
37,fixed_manifest,block_03_norm1,layer_norm,GPU,382913.46319998836,382935.59279998834
38,fixed_manifest,block_00_proj,linear_projection,GPU,382935.59279998834,383087.83695998834
34,fixed_manifest,block_10_residual2,residual_add,GPU,383087.83695998834,383106.1841599883
35,fixed_manifest,block_08_attention,self_attention,GPU,383106.1841599883,383262.21071998833
36,fixed_manifest,block_05_norm2,layer_norm,GPU,383262.21071998833,383284.3403199883
37,fixed_manifest,block_03_qkv,linear_qkv,GPU,383284.3403199883,383727.0727999883
36,fixed_manifest,block_05_ffn_island,fused_ffn_island,FPGA,383443.1051199883,383775.8526399883
38,fixed_manifest,block_00_residual1,residual_add,GPU,383727.0727999883,383745.4199999883
34,fixed_manifest,block_11_norm1,layer_norm,GPU,383745.4199999883,383767.54959998827
35,fixed_manifest,block_08_proj,linear_projection,GPU,383767.54959998827,383919.7937599883
37,fixed_manifest,block_03_attention,self_attention,GPU,383919.7937599883,384075.8203199883
38,fixed_manifest,block_00_norm2,layer_norm,GPU,384075.8203199883,384097.9499199882
34,fixed_manifest,block_11_qkv,linear_qkv,GPU,384097.9499199882,384540.68239998823
38,fixed_manifest,block_00_ffn_island,fused_ffn_island,FPGA,384256.71471998823,384589.46223998826
35,fixed_manifest,block_08_residual1,residual_add,GPU,384540.68239998823,384559.02959998825
36,fixed_manifest,block_05_residual2,residual_add,GPU,384559.02959998825,384577.3767999882
37,fixed_manifest,block_03_proj,linear_projection,GPU,384577.3767999882,384729.6209599882
34,fixed_manifest,block_11_attention,self_attention,GPU,384729.6209599882,384885.64751998824
35,fixed_manifest,block_08_norm2,layer_norm,GPU,384885.64751998824,384907.77711998817
36,fixed_manifest,block_06_norm1,layer_norm,GPU,384907.77711998817,384929.90671998815
37,fixed_manifest,block_03_residual1,residual_add,GPU,384929.90671998815,384948.2539199882
38,fixed_manifest,block_00_residual2,residual_add,GPU,384948.2539199882,384966.60111998813
34,fixed_manifest,block_11_proj,linear_projection,GPU,384966.60111998813,385118.84527998813
35,fixed_manifest,block_08_ffn_island,fused_ffn_island,FPGA,385066.5419199882,385399.2894399882
36,fixed_manifest,block_06_qkv,linear_qkv,GPU,385118.84527998813,385561.57775998814
37,fixed_manifest,block_03_norm2,layer_norm,GPU,385561.57775998814,385583.70735998807
38,fixed_manifest,block_01_norm1,layer_norm,GPU,385583.70735998807,385605.83695998805
34,fixed_manifest,block_11_residual1,residual_add,GPU,385605.83695998805,385624.1841599881
35,fixed_manifest,block_08_residual2,residual_add,GPU,385624.1841599881,385642.53135998803
36,fixed_manifest,block_06_attention,self_attention,GPU,385642.53135998803,385798.55791998806
37,fixed_manifest,block_03_ffn_island,fused_ffn_island,FPGA,385742.4721599881,386075.2196799881
38,fixed_manifest,block_01_qkv,linear_qkv,GPU,385798.55791998806,386241.29039998807
34,fixed_manifest,block_11_norm2,layer_norm,GPU,386241.29039998807,386263.41999998805
35,fixed_manifest,block_09_norm1,layer_norm,GPU,386263.41999998805,386285.54959998804
36,fixed_manifest,block_06_proj,linear_projection,GPU,386285.54959998804,386437.793759988
34,fixed_manifest,block_11_ffn_island,fused_ffn_island,FPGA,386422.184799988,386754.93231998803
37,fixed_manifest,block_03_residual2,residual_add,GPU,386437.793759988,386456.140959988
38,fixed_manifest,block_01_attention,self_attention,GPU,386456.140959988,386612.167519988
35,fixed_manifest,block_09_qkv,linear_qkv,GPU,386612.167519988,387054.899999988
36,fixed_manifest,block_06_residual1,residual_add,GPU,387054.899999988,387073.247199988
37,fixed_manifest,block_04_norm1,layer_norm,GPU,387073.247199988,387095.376799988
38,fixed_manifest,block_01_proj,linear_projection,GPU,387095.376799988,387247.6209599879
34,fixed_manifest,block_11_residual2,residual_add,GPU,387247.6209599879,387265.96815998794
35,fixed_manifest,block_09_attention,self_attention,GPU,387265.96815998794,387421.99471998797
36,fixed_manifest,block_06_norm2,layer_norm,GPU,387421.99471998797,387444.12431998795
37,fixed_manifest,block_04_qkv,linear_qkv,GPU,387444.12431998795,387886.8567999879
36,fixed_manifest,block_06_ffn_island,fused_ffn_island,FPGA,387602.8891199879,387935.63663998793
38,fixed_manifest,block_01_residual1,residual_add,GPU,387886.8567999879,387905.2039999879
34,fixed_manifest,final_norm,layer_norm,GPU,387905.2039999879,387927.3335999879
35,fixed_manifest,block_09_proj,linear_projection,GPU,387927.3335999879,388079.57775998785
37,fixed_manifest,block_04_attention,self_attention,GPU,388079.57775998785,388235.6043199879
38,fixed_manifest,block_01_norm2,layer_norm,GPU,388235.6043199879,388257.73391998786
34,fixed_manifest,class_token_select,class_token_select,GPU,388257.73391998786,388264.7723199878
35,fixed_manifest,block_09_residual1,residual_add,GPU,388264.7723199878,388283.11951998784
36,fixed_manifest,block_06_residual2,residual_add,GPU,388283.11951998784,388301.4667199878
37,fixed_manifest,block_04_proj,linear_projection,GPU,388301.4667199878,388453.7108799878
38,fixed_manifest,block_01_ffn_island,fused_ffn_island,FPGA,388416.49871998787,388749.24623998784
34,fixed_manifest,classifier,linear_classifier,GPU,388453.7108799878,388461.67087998777
35,fixed_manifest,block_09_norm2,layer_norm,GPU,388461.67087998777,388483.80047998775
36,fixed_manifest,block_07_norm1,layer_norm,GPU,388483.80047998775,388505.93007998774
37,fixed_manifest,block_04_residual1,residual_add,GPU,388505.93007998774,388524.27727998776
36,fixed_manifest,block_07_qkv,linear_qkv,GPU,388524.27727998776,388967.0097599877
35,fixed_manifest,block_09_ffn_island,fused_ffn_island,FPGA,388749.24623998784,389081.9937599879
37,fixed_manifest,block_04_norm2,layer_norm,GPU,388967.0097599877,388989.1393599877
38,fixed_manifest,block_01_residual2,residual_add,GPU,388989.1393599877,389007.4865599877
36,fixed_manifest,block_07_attention,self_attention,GPU,389007.4865599877,389163.5131199877
38,fixed_manifest,block_02_norm1,layer_norm,GPU,389163.5131199877,389185.64271998766
36,fixed_manifest,block_07_proj,linear_projection,GPU,389185.64271998766,389337.88687998767
37,fixed_manifest,block_04_ffn_island,fused_ffn_island,FPGA,389188.8145599876,389521.56207998755
38,fixed_manifest,block_02_qkv,linear_qkv,GPU,389337.88687998767,389780.6193599877
35,fixed_manifest,block_09_residual2,residual_add,GPU,389780.6193599877,389798.96655998763
36,fixed_manifest,block_07_residual1,residual_add,GPU,389798.96655998763,389817.31375998765
37,fixed_manifest,block_04_residual2,residual_add,GPU,389817.31375998765,389835.6609599876
38,fixed_manifest,block_02_attention,self_attention,GPU,389835.6609599876,389991.68751998764
35,fixed_manifest,block_10_norm1,layer_norm,GPU,389991.68751998764,390013.8171199876
36,fixed_manifest,block_07_norm2,layer_norm,GPU,390013.8171199876,390035.9467199876
37,fixed_manifest,block_05_norm1,layer_norm,GPU,390035.9467199876,390058.0763199876
38,fixed_manifest,block_02_proj,linear_projection,GPU,390058.0763199876,390210.32047998754
36,fixed_manifest,block_07_ffn_island,fused_ffn_island,FPGA,390194.71151998756,390527.4590399876
39,fixed_manifest,patch_embedding,patch_embedding,GPU,390210.32047998754,390361.82735998754
35,fixed_manifest,block_10_qkv,linear_qkv,GPU,390361.82735998754,390804.55983998755
37,fixed_manifest,block_05_qkv,linear_qkv,GPU,390804.55983998755,391247.2923199875
38,fixed_manifest,block_02_residual1,residual_add,GPU,391247.2923199875,391265.6395199875
39,fixed_manifest,token_embedding,token_and_position_embedding,GPU,391265.6395199875,391283.9867199875
36,fixed_manifest,block_07_residual2,residual_add,GPU,391283.9867199875,391302.3339199875
35,fixed_manifest,block_10_attention,self_attention,GPU,391302.3339199875,391458.3604799875
37,fixed_manifest,block_05_attention,self_attention,GPU,391458.3604799875,391614.38703998754
38,fixed_manifest,block_02_norm2,layer_norm,GPU,391614.38703998754,391636.5166399875
39,fixed_manifest,block_00_norm1,layer_norm,GPU,391636.5166399875,391658.64623998746
36,fixed_manifest,block_08_norm1,layer_norm,GPU,391658.64623998746,391680.77583998744
35,fixed_manifest,block_10_proj,linear_projection,GPU,391680.77583998744,391833.01999998745
38,fixed_manifest,block_02_ffn_island,fused_ffn_island,FPGA,391795.2814399875,392128.0289599875
37,fixed_manifest,block_05_proj,linear_projection,GPU,391833.01999998745,391985.2641599874
39,fixed_manifest,block_00_qkv,linear_qkv,GPU,391985.2641599874,392427.9966399874
36,fixed_manifest,block_08_qkv,linear_qkv,GPU,392427.9966399874,392870.7291199874
35,fixed_manifest,block_10_residual1,residual_add,GPU,392870.7291199874,392889.07631998736
37,fixed_manifest,block_05_residual1,residual_add,GPU,392889.07631998736,392907.4235199874
38,fixed_manifest,block_02_residual2,residual_add,GPU,392907.4235199874,392925.77071998734
39,fixed_manifest,block_00_attention,self_attention,GPU,392925.77071998734,393081.79727998737
36,fixed_manifest,block_08_attention,self_attention,GPU,393081.79727998737,393237.8238399874
35,fixed_manifest,block_10_norm2,layer_norm,GPU,393237.8238399874,393259.9534399874
37,fixed_manifest,block_05_norm2,layer_norm,GPU,393259.9534399874,393282.08303998737
38,fixed_manifest,block_03_norm1,layer_norm,GPU,393282.08303998737,393304.21263998735
39,fixed_manifest,block_00_proj,linear_projection,GPU,393304.21263998735,393456.4567999873
36,fixed_manifest,block_08_proj,linear_projection,GPU,393456.4567999873,393608.7009599873
35,fixed_manifest,block_10_ffn_island,fused_ffn_island,FPGA,393500.2238399875,393832.97135998745
38,fixed_manifest,block_03_qkv,linear_qkv,GPU,393608.7009599873,394051.4334399873
37,fixed_manifest,block_05_ffn_island,fused_ffn_island,FPGA,393832.97135998745,394165.7188799875
39,fixed_manifest,block_00_residual1,residual_add,GPU,394051.4334399873,394069.78063998726
36,fixed_manifest,block_08_residual1,residual_add,GPU,394069.78063998726,394088.1278399873
35,fixed_manifest,block_10_residual2,residual_add,GPU,394088.1278399873,394106.47503998724
38,fixed_manifest,block_03_attention,self_attention,GPU,394106.47503998724,394262.50159998727
39,fixed_manifest,block_00_norm2,layer_norm,GPU,394262.50159998727,394284.63119998726
36,fixed_manifest,block_08_norm2,layer_norm,GPU,394284.63119998726,394306.76079998724
35,fixed_manifest,block_11_norm1,layer_norm,GPU,394306.76079998724,394328.89039998717
38,fixed_manifest,block_03_proj,linear_projection,GPU,394328.89039998717,394481.1345599872
35,fixed_manifest,block_11_qkv,linear_qkv,GPU,394481.1345599872,394923.8670399872
39,fixed_manifest,block_00_ffn_island,fused_ffn_island,FPGA,394557.3809599867,394890.12847998674
36,fixed_manifest,block_08_ffn_island,fused_ffn_island,FPGA,394890.12847998674,395222.8759999867
37,fixed_manifest,block_05_residual2,residual_add,GPU,394923.8670399872,394942.21423998714
38,fixed_manifest,block_03_residual1,residual_add,GPU,394942.21423998714,394960.56143998716
35,fixed_manifest,block_11_attention,self_attention,GPU,394960.56143998716,395116.5879999872
37,fixed_manifest,block_06_norm1,layer_norm,GPU,395116.5879999872,395138.71759998717
38,fixed_manifest,block_03_norm2,layer_norm,GPU,395138.71759998717,395160.8471999871
39,fixed_manifest,block_00_residual2,residual_add,GPU,395160.8471999871,395179.1943999871
35,fixed_manifest,block_11_proj,linear_projection,GPU,395179.1943999871,395331.4385599871
37,fixed_manifest,block_06_qkv,linear_qkv,GPU,395331.4385599871,395774.17103998706
38,fixed_manifest,block_03_ffn_island,fused_ffn_island,FPGA,395391.34799998754,395724.0955199876
39,fixed_manifest,block_01_norm1,layer_norm,GPU,395774.17103998706,395796.30063998705
35,fixed_manifest,block_11_residual1,residual_add,GPU,395796.30063998705,395814.64783998707
36,fixed_manifest,block_08_residual2,residual_add,GPU,395814.64783998707,395832.995039987
37,fixed_manifest,block_06_attention,self_attention,GPU,395832.995039987,395989.02159998706
39,fixed_manifest,block_01_qkv,linear_qkv,GPU,395989.02159998706,396431.75407998706
35,fixed_manifest,block_11_norm2,layer_norm,GPU,396431.75407998706,396453.883679987
36,fixed_manifest,block_09_norm1,layer_norm,GPU,396453.883679987,396476.013279987
38,fixed_manifest,block_03_residual2,residual_add,GPU,396476.013279987,396494.360479987
37,fixed_manifest,block_06_proj,linear_projection,GPU,396494.360479987,396646.60463998694
35,fixed_manifest,block_11_ffn_island,fused_ffn_island,FPGA,396612.648479987,396945.395999987
39,fixed_manifest,block_01_attention,self_attention,GPU,396646.60463998694,396802.63119998696
36,fixed_manifest,block_09_qkv,linear_qkv,GPU,396802.63119998696,397245.363679987
38,fixed_manifest,block_04_norm1,layer_norm,GPU,397245.363679987,397267.49327998696
37,fixed_manifest,block_06_residual1,residual_add,GPU,397267.49327998696,397285.8404799869
39,fixed_manifest,block_01_proj,linear_projection,GPU,397285.8404799869,397438.0846399869
35,fixed_manifest,block_11_residual2,residual_add,GPU,397438.0846399869,397456.43183998694
36,fixed_manifest,block_09_attention,self_attention,GPU,397456.43183998694,397612.4583999869
38,fixed_manifest,block_04_qkv,linear_qkv,GPU,397612.4583999869,398055.1908799869
37,fixed_manifest,block_06_norm2,layer_norm,GPU,398055.1908799869,398077.3204799869
39,fixed_manifest,block_01_residual1,residual_add,GPU,398077.3204799869,398095.66767998686
35,fixed_manifest,final_norm,layer_norm,GPU,398095.66767998686,398117.79727998684
36,fixed_manifest,block_09_proj,linear_projection,GPU,398117.79727998684,398270.04143998685
37,fixed_manifest,block_06_ffn_island,fused_ffn_island,FPGA,398236.0852799869,398568.8327999869
38,fixed_manifest,block_04_attention,self_attention,GPU,398270.04143998685,398426.0679999869
39,fixed_manifest,block_01_norm2,layer_norm,GPU,398426.0679999869,398448.19759998686
35,fixed_manifest,class_token_select,class_token_select,GPU,398448.19759998686,398455.2359999868
36,fixed_manifest,block_09_residual1,residual_add,GPU,398455.2359999868,398473.58319998684
38,fixed_manifest,block_04_proj,linear_projection,GPU,398473.58319998684,398625.8273599868
39,fixed_manifest,block_01_ffn_island,fused_ffn_island,FPGA,398620.09199998685,398952.8395199868
35,fixed_manifest,classifier,linear_classifier,GPU,398625.8273599868,398633.7873599868
36,fixed_manifest,block_09_norm2,layer_norm,GPU,398633.7873599868,398655.91695998673
38,fixed_manifest,block_04_residual1,residual_add,GPU,398655.91695998673,398674.26415998675
38,fixed_manifest,block_04_norm2,layer_norm,GPU,398674.26415998675,398696.39375998673
37,fixed_manifest,block_06_residual2,residual_add,GPU,398740.72719998687,398759.0743999869
37,fixed_manifest,block_07_norm1,layer_norm,GPU,398759.0743999869,398781.2039999869
37,fixed_manifest,block_07_qkv,linear_qkv,GPU,398781.2039999869,399223.9364799868
36,fixed_manifest,block_09_ffn_island,fused_ffn_island,FPGA,398952.8395199868,399285.58703998686
39,fixed_manifest,block_01_residual2,residual_add,GPU,399223.9364799868,399242.28367998684
37,fixed_manifest,block_07_attention,self_attention,GPU,399242.28367998684,399398.31023998687
38,fixed_manifest,block_04_ffn_island,fused_ffn_island,FPGA,399285.58703998686,399618.33455998683
39,fixed_manifest,block_02_norm1,layer_norm,GPU,399398.31023998687,399420.4398399868
37,fixed_manifest,block_07_proj,linear_projection,GPU,399420.4398399868,399572.6839999868
39,fixed_manifest,block_02_qkv,linear_qkv,GPU,399572.6839999868,400015.4164799868
36,fixed_manifest,block_09_residual2,residual_add,GPU,400015.4164799868,400033.76367998676
37,fixed_manifest,block_07_residual1,residual_add,GPU,400033.76367998676,400052.1108799868
38,fixed_manifest,block_04_residual2,residual_add,GPU,400052.1108799868,400070.45807998674
40,fixed_manifest,patch_embedding,patch_embedding,GPU,400070.45807998674,400221.96495998674
39,fixed_manifest,block_02_attention,self_attention,GPU,400221.96495998674,400377.99151998677
36,fixed_manifest,block_10_norm1,layer_norm,GPU,400377.99151998677,400400.12111998675
37,fixed_manifest,block_07_norm2,layer_norm,GPU,400400.12111998675,400422.25071998674
38,fixed_manifest,block_05_norm1,layer_norm,GPU,400422.25071998674,400444.38031998667
40,fixed_manifest,token_embedding,token_and_position_embedding,GPU,400444.38031998667,400462.7275199867
39,fixed_manifest,block_02_proj,linear_projection,GPU,400462.7275199867,400614.9716799867
37,fixed_manifest,block_07_ffn_island,fused_ffn_island,FPGA,400581.0155199867,400913.7630399867
36,fixed_manifest,block_10_qkv,linear_qkv,GPU,400614.9716799867,401057.70415998664
38,fixed_manifest,block_05_qkv,linear_qkv,GPU,401057.70415998664,401500.43663998664
40,fixed_manifest,block_00_norm1,layer_norm,GPU,401500.43663998664,401522.5662399866
39,fixed_manifest,block_02_residual1,residual_add,GPU,401522.5662399866,401540.9134399866
36,fixed_manifest,block_10_attention,self_attention,GPU,401540.9134399866,401696.9399999866
37,fixed_manifest,block_07_residual2,residual_add,GPU,401696.9399999866,401715.28719998663
38,fixed_manifest,block_05_attention,self_attention,GPU,401715.28719998663,401871.31375998666
40,fixed_manifest,block_00_qkv,linear_qkv,GPU,401871.31375998666,402314.0462399866
39,fixed_manifest,block_02_norm2,layer_norm,GPU,402314.0462399866,402336.1758399866
36,fixed_manifest,block_10_proj,linear_projection,GPU,402336.1758399866,402488.4199999866
37,fixed_manifest,block_08_norm1,layer_norm,GPU,402488.4199999866,402510.5495999866
39,fixed_manifest,block_02_ffn_island,fused_ffn_island,FPGA,402494.9406399866,402827.6881599866
38,fixed_manifest,block_05_proj,linear_projection,GPU,402510.5495999866,402662.7937599865
40,fixed_manifest,block_00_attention,self_attention,GPU,402662.7937599865,402818.82031998655
36,fixed_manifest,block_10_residual1,residual_add,GPU,402818.82031998655,402837.1675199866
37,fixed_manifest,block_08_qkv,linear_qkv,GPU,402837.1675199866,403279.8999999865
38,fixed_manifest,block_05_residual1,residual_add,GPU,403279.8999999865,403298.24719998654
40,fixed_manifest,block_00_proj,linear_projection,GPU,403298.24719998654,403450.4913599865
36,fixed_manifest,block_10_norm2,layer_norm,GPU,403450.4913599865,403472.62095998647
39,fixed_manifest,block_02_residual2,residual_add,GPU,403472.62095998647,403490.9681599865
37,fixed_manifest,block_08_attention,self_attention,GPU,403490.9681599865,403646.9947199865
36,fixed_manifest,block_10_ffn_island,fused_ffn_island,FPGA,403631.3857599865,403964.1332799865
38,fixed_manifest,block_05_norm2,layer_norm,GPU,403646.9947199865,403669.1243199865
40,fixed_manifest,block_00_residual1,residual_add,GPU,403669.1243199865,403687.47151998646
39,fixed_manifest,block_03_norm1,layer_norm,GPU,403687.47151998646,403709.60111998644
37,fixed_manifest,block_08_proj,linear_projection,GPU,403709.60111998644,403861.84527998645
40,fixed_manifest,block_00_norm2,layer_norm,GPU,403861.84527998645,403883.9748799864
39,fixed_manifest,block_03_qkv,linear_qkv,GPU,403883.9748799864,404326.7073599864
38,fixed_manifest,block_05_ffn_island,fused_ffn_island,FPGA,403964.1332799865,404296.8807999865
40,fixed_manifest,block_00_ffn_island,fused_ffn_island,FPGA,404296.8807999865,404629.6283199865
37,fixed_manifest,block_08_residual1,residual_add,GPU,404326.7073599864,404345.0545599864
36,fixed_manifest,block_10_residual2,residual_add,GPU,404345.0545599864,404363.40175998636
39,fixed_manifest,block_03_attention,self_attention,GPU,404363.40175998636,404519.4283199864
37,fixed_manifest,block_08_norm2,layer_norm,GPU,404519.4283199864,404541.5579199864
36,fixed_manifest,block_11_norm1,layer_norm,GPU,404541.5579199864,404563.68751998636
38,fixed_manifest,block_05_residual2,residual_add,GPU,404563.68751998636,404582.0347199863
39,fixed_manifest,block_03_proj,linear_projection,GPU,404582.0347199863,404734.2788799863
36,fixed_manifest,block_11_qkv,linear_qkv,GPU,404734.2788799863,405177.01135998627
37,fixed_manifest,block_08_ffn_island,fused_ffn_island,FPGA,404746.01711998624,405078.7646399863
38,fixed_manifest,block_06_norm1,layer_norm,GPU,405177.01135998627,405199.14095998625
39,fixed_manifest,block_03_residual1,residual_add,GPU,405199.14095998625,405217.4881599863
40,fixed_manifest,block_00_residual2,residual_add,GPU,405217.4881599863,405235.83535998623
36,fixed_manifest,block_11_attention,self_attention,GPU,405235.83535998623,405391.86191998626
38,fixed_manifest,block_06_qkv,linear_qkv,GPU,405391.86191998626,405834.59439998626
39,fixed_manifest,block_03_norm2,layer_norm,GPU,405834.59439998626,405856.72399998625
40,fixed_manifest,block_01_norm1,layer_norm,GPU,405856.72399998625,405878.85359998624
37,fixed_manifest,block_08_residual2,residual_add,GPU,405878.85359998624,405897.2007999862
36,fixed_manifest,block_11_proj,linear_projection,GPU,405897.2007999862,406049.4449599862
39,fixed_manifest,block_03_ffn_island,fused_ffn_island,FPGA,406015.4887999862,406348.23631998623
38,fixed_manifest,block_06_attention,self_attention,GPU,406049.4449599862,406205.4715199862
40,fixed_manifest,block_01_qkv,linear_qkv,GPU,406205.4715199862,406648.2039999862
37,fixed_manifest,block_09_norm1,layer_norm,GPU,406648.2039999862,406670.33359998616
36,fixed_manifest,block_11_residual1,residual_add,GPU,406670.33359998616,406688.6807999862
38,fixed_manifest,block_06_proj,linear_projection,GPU,406688.6807999862,406840.9249599861
39,fixed_manifest,block_03_residual2,residual_add,GPU,406840.9249599861,406859.27215998614
40,fixed_manifest,block_01_attention,self_attention,GPU,406859.27215998614,407015.29871998617
37,fixed_manifest,block_09_qkv,linear_qkv,GPU,407015.29871998617,407458.0311999861
36,fixed_manifest,block_11_norm2,layer_norm,GPU,407458.0311999861,407480.1607999861
38,fixed_manifest,block_06_residual1,residual_add,GPU,407480.1607999861,407498.5079999861
39,fixed_manifest,block_04_norm1,layer_norm,GPU,407498.5079999861,407520.6375999861
40,fixed_manifest,block_01_proj,linear_projection,GPU,407520.6375999861,407672.88175998605
36,fixed_manifest,block_11_ffn_island,fused_ffn_island,FPGA,407638.9255999861,407971.67311998614
37,fixed_manifest,block_09_attention,self_attention,GPU,407672.88175998605,407828.9083199861
38,fixed_manifest,block_06_norm2,layer_norm,GPU,407828.9083199861,407851.03791998606
39,fixed_manifest,block_04_qkv,linear_qkv,GPU,407851.03791998606,408293.77039998607
38,fixed_manifest,block_06_ffn_island,fused_ffn_island,FPGA,408022.93231998605,408355.679839986
40,fixed_manifest,block_01_residual1,residual_add,GPU,408293.77039998607,408312.117599986
37,fixed_manifest,block_09_proj,linear_projection,GPU,408312.117599986,408464.36175998603
36,fixed_manifest,block_11_residual2,residual_add,GPU,408464.36175998603,408482.708959986
39,fixed_manifest,block_04_attention,self_attention,GPU,408482.708959986,408638.735519986
40,fixed_manifest,block_01_norm2,layer_norm,GPU,408638.735519986,408660.865119986
37,fixed_manifest,block_09_residual1,residual_add,GPU,408660.865119986,408679.212319986
36,fixed_manifest,final_norm,layer_norm,GPU,408679.212319986,408701.34191998595
38,fixed_manifest,block_06_residual2,residual_add,GPU,408701.34191998595,408719.68911998597
39,fixed_manifest,block_04_proj,linear_projection,GPU,408719.68911998597,408871.93327998597
40,fixed_manifest,block_01_ffn_island,fused_ffn_island,FPGA,408819.629919986,409152.377439986
37,fixed_manifest,block_09_norm2,layer_norm,GPU,408871.93327998597,408894.0628799859
36,fixed_manifest,class_token_select,class_token_select,GPU,408894.0628799859,408901.1012799859
38,fixed_manifest,block_07_norm1,layer_norm,GPU,408901.1012799859,408923.2308799859
39,fixed_manifest,block_04_residual1,residual_add,GPU,408923.2308799859,408941.57807998586
36,fixed_manifest,classifier,linear_classifier,GPU,408941.57807998586,408949.5380799858
38,fixed_manifest,block_07_qkv,linear_qkv,GPU,408949.5380799858,409392.27055998583
37,fixed_manifest,block_09_ffn_island,fused_ffn_island,FPGA,409152.377439986,409485.124959986
39,fixed_manifest,block_04_norm2,layer_norm,GPU,409392.27055998583,409414.4001599858
40,fixed_manifest,block_01_residual2,residual_add,GPU,409414.4001599858,409432.7473599858
38,fixed_manifest,block_07_attention,self_attention,GPU,409432.7473599858,409588.7739199858
40,fixed_manifest,block_02_norm1,layer_norm,GPU,409588.7739199858,409610.9035199858
38,fixed_manifest,block_07_proj,linear_projection,GPU,409610.9035199858,409763.1476799858
39,fixed_manifest,block_04_ffn_island,fused_ffn_island,FPGA,409636.2049599856,409968.95247998566
40,fixed_manifest,block_02_qkv,linear_qkv,GPU,409763.1476799858,410205.8801599858
37,fixed_manifest,block_09_residual2,residual_add,GPU,410205.8801599858,410224.22735998576
38,fixed_manifest,block_07_residual1,residual_add,GPU,410224.22735998576,410242.5745599858
41,fixed_manifest,patch_embedding,patch_embedding,GPU,410242.5745599858,410394.0814399857
39,fixed_manifest,block_04_residual2,residual_add,GPU,410394.0814399857,410412.42863998574
40,fixed_manifest,block_02_attention,self_attention,GPU,410412.42863998574,410568.45519998576
37,fixed_manifest,block_10_norm1,layer_norm,GPU,410568.45519998576,410590.58479998575
38,fixed_manifest,block_07_norm2,layer_norm,GPU,410590.58479998575,410612.7143999857
41,fixed_manifest,token_embedding,token_and_position_embedding,GPU,410612.7143999857,410631.0615999857
39,fixed_manifest,block_05_norm1,layer_norm,GPU,410631.0615999857,410653.1911999857
40,fixed_manifest,block_02_proj,linear_projection,GPU,410653.1911999857,410805.4353599856
38,fixed_manifest,block_07_ffn_island,fused_ffn_island,FPGA,410771.4791999857,411104.2267199857
37,fixed_manifest,block_10_qkv,linear_qkv,GPU,410805.4353599856,411248.16783998563
41,fixed_manifest,block_00_norm1,layer_norm,GPU,411248.16783998563,411270.2974399856
39,fixed_manifest,block_05_qkv,linear_qkv,GPU,411270.2974399856,411713.0299199856
40,fixed_manifest,block_02_residual1,residual_add,GPU,411713.0299199856,411731.3771199856
37,fixed_manifest,block_10_attention,self_attention,GPU,411731.3771199856,411887.4036799856
38,fixed_manifest,block_07_residual2,residual_add,GPU,411887.4036799856,411905.7508799856
41,fixed_manifest,block_00_qkv,linear_qkv,GPU,411905.7508799856,412348.4833599856
39,fixed_manifest,block_05_attention,self_attention,GPU,412348.4833599856,412504.5099199856
40,fixed_manifest,block_02_norm2,layer_norm,GPU,412504.5099199856,412526.6395199856
37,fixed_manifest,block_10_proj,linear_projection,GPU,412526.6395199856,412678.8836799856
38,fixed_manifest,block_08_norm1,layer_norm,GPU,412678.8836799856,412701.0132799855
40,fixed_manifest,block_02_ffn_island,fused_ffn_island,FPGA,412685.4043199856,413018.15183998557
41,fixed_manifest,block_00_attention,self_attention,GPU,412701.0132799855,412857.03983998555
39,fixed_manifest,block_05_proj,linear_projection,GPU,412857.03983998555,413009.28399998555
37,fixed_manifest,block_10_residual1,residual_add,GPU,413009.28399998555,413027.6311999855
38,fixed_manifest,block_08_qkv,linear_qkv,GPU,413027.6311999855,413470.3636799855
41,fixed_manifest,block_00_proj,linear_projection,GPU,413470.3636799855,413622.6078399855
39,fixed_manifest,block_05_residual1,residual_add,GPU,413622.6078399855,413640.9550399855
37,fixed_manifest,block_10_norm2,layer_norm,GPU,413640.9550399855,413663.08463998546
40,fixed_manifest,block_02_residual2,residual_add,GPU,413663.08463998546,413681.4318399855
38,fixed_manifest,block_08_attention,self_attention,GPU,413681.4318399855,413837.4583999855
37,fixed_manifest,block_10_ffn_island,fused_ffn_island,FPGA,413821.84943998547,414154.59695998544
41,fixed_manifest,block_00_residual1,residual_add,GPU,413837.4583999855,413855.80559998547
39,fixed_manifest,block_05_norm2,layer_norm,GPU,413855.80559998547,413877.93519998546
40,fixed_manifest,block_03_norm1,layer_norm,GPU,413877.93519998546,413900.06479998544
38,fixed_manifest,block_08_proj,linear_projection,GPU,413900.06479998544,414052.3089599854
41,fixed_manifest,block_00_norm2,layer_norm,GPU,414052.3089599854,414074.43855998537
40,fixed_manifest,block_03_qkv,linear_qkv,GPU,414074.43855998537,414517.1710399854
39,fixed_manifest,block_05_ffn_island,fused_ffn_island,FPGA,414154.59695998544,414487.3444799855
41,fixed_manifest,block_00_ffn_island,fused_ffn_island,FPGA,414487.3444799855,414820.0919999855
38,fixed_manifest,block_08_residual1,residual_add,GPU,414517.1710399854,414535.51823998534
37,fixed_manifest,block_10_residual2,residual_add,GPU,414535.51823998534,414553.86543998535
40,fixed_manifest,block_03_attention,self_attention,GPU,414553.86543998535,414709.8919999854
38,fixed_manifest,block_08_norm2,layer_norm,GPU,414709.8919999854,414732.02159998537
37,fixed_manifest,block_11_norm1,layer_norm,GPU,414732.02159998537,414754.1511999853
39,fixed_manifest,block_05_residual2,residual_add,GPU,414754.1511999853,414772.4983999853
40,fixed_manifest,block_03_proj,linear_projection,GPU,414772.4983999853,414924.7425599853
37,fixed_manifest,block_11_qkv,linear_qkv,GPU,414924.7425599853,415367.47503998526
38,fixed_manifest,block_08_ffn_island,fused_ffn_island,FPGA,414936.48079998523,415269.22831998527
39,fixed_manifest,block_06_norm1,layer_norm,GPU,415367.47503998526,415389.60463998525
40,fixed_manifest,block_03_residual1,residual_add,GPU,415389.60463998525,415407.95183998527
41,fixed_manifest,block_00_residual2,residual_add,GPU,415407.95183998527,415426.2990399852
37,fixed_manifest,block_11_attention,self_attention,GPU,415426.2990399852,415582.32559998526
39,fixed_manifest,block_06_qkv,linear_qkv,GPU,415582.32559998526,416025.05807998526
40,fixed_manifest,block_03_norm2,layer_norm,GPU,416025.05807998526,416047.18767998525
41,fixed_manifest,block_01_norm1,layer_norm,GPU,416047.18767998525,416069.3172799852
38,fixed_manifest,block_08_residual2,residual_add,GPU,416069.3172799852,416087.6644799852
37,fixed_manifest,block_11_proj,linear_projection,GPU,416087.6644799852,416239.9086399852
40,fixed_manifest,block_03_ffn_island,fused_ffn_island,FPGA,416205.9524799852,416538.6999999852
39,fixed_manifest,block_06_attention,self_attention,GPU,416239.9086399852,416395.93519998516
41,fixed_manifest,block_01_qkv,linear_qkv,GPU,416395.93519998516,416838.66767998517
38,fixed_manifest,block_09_norm1,layer_norm,GPU,416838.66767998517,416860.79727998516
37,fixed_manifest,block_11_residual1,residual_add,GPU,416860.79727998516,416879.1444799851
39,fixed_manifest,block_06_proj,linear_projection,GPU,416879.1444799851,417031.3886399851
40,fixed_manifest,block_03_residual2,residual_add,GPU,417031.3886399851,417049.73583998514
41,fixed_manifest,block_01_attention,self_attention,GPU,417049.73583998514,417205.76239998516
38,fixed_manifest,block_09_qkv,linear_qkv,GPU,417205.76239998516,417648.4948799851
37,fixed_manifest,block_11_norm2,layer_norm,GPU,417648.4948799851,417670.6244799851
39,fixed_manifest,block_06_residual1,residual_add,GPU,417670.6244799851,417688.9716799851
40,fixed_manifest,block_04_norm1,layer_norm,GPU,417688.9716799851,417711.10127998504
41,fixed_manifest,block_01_proj,linear_projection,GPU,417711.10127998504,417863.34543998505
37,fixed_manifest,block_11_ffn_island,fused_ffn_island,FPGA,417829.3892799851,418162.1367999851
38,fixed_manifest,block_09_attention,self_attention,GPU,417863.34543998505,418019.3719999851
39,fixed_manifest,block_06_norm2,layer_norm,GPU,418019.3719999851,418041.50159998506
40,fixed_manifest,block_04_qkv,linear_qkv,GPU,418041.50159998506,418484.234079985
39,fixed_manifest,block_06_ffn_island,fused_ffn_island,FPGA,418213.39599998505,418546.143519985
41,fixed_manifest,block_01_residual1,residual_add,GPU,418484.234079985,418502.581279985
38,fixed_manifest,block_09_proj,linear_projection,GPU,418502.581279985,418654.825439985
37,fixed_manifest,block_11_residual2,residual_add,GPU,418654.825439985,418673.172639985
40,fixed_manifest,block_04_attention,self_attention,GPU,418673.172639985,418829.199199985
41,fixed_manifest,block_01_norm2,layer_norm,GPU,418829.199199985,418851.328799985
38,fixed_manifest,block_09_residual1,residual_add,GPU,418851.328799985,418869.67599998496
37,fixed_manifest,final_norm,layer_norm,GPU,418869.67599998496,418891.80559998495
39,fixed_manifest,block_06_residual2,residual_add,GPU,418891.80559998495,418910.15279998496
40,fixed_manifest,block_04_proj,linear_projection,GPU,418910.15279998496,419062.3969599849
41,fixed_manifest,block_01_ffn_island,fused_ffn_island,FPGA,419010.093599985,419342.841119985
38,fixed_manifest,block_09_norm2,layer_norm,GPU,419062.3969599849,419084.5265599849
37,fixed_manifest,class_token_select,class_token_select,GPU,419084.5265599849,419091.5649599849
39,fixed_manifest,block_07_norm1,layer_norm,GPU,419091.5649599849,419113.6945599849
40,fixed_manifest,block_04_residual1,residual_add,GPU,419113.6945599849,419132.04175998486
37,fixed_manifest,classifier,linear_classifier,GPU,419132.04175998486,419140.0017599848
39,fixed_manifest,block_07_qkv,linear_qkv,GPU,419140.0017599848,419582.7342399848
38,fixed_manifest,block_09_ffn_island,fused_ffn_island,FPGA,419342.841119985,419675.588639985
40,fixed_manifest,block_04_norm2,layer_norm,GPU,419582.7342399848,419604.8638399848
41,fixed_manifest,block_01_residual2,residual_add,GPU,419604.8638399848,419623.2110399848
39,fixed_manifest,block_07_attention,self_attention,GPU,419623.2110399848,419779.2375999848
41,fixed_manifest,block_02_norm1,layer_norm,GPU,419779.2375999848,419801.3671999848
39,fixed_manifest,block_07_proj,linear_projection,GPU,419801.3671999848,419953.6113599848
40,fixed_manifest,block_04_ffn_island,fused_ffn_island,FPGA,419826.6686399846,420159.41615998466
41,fixed_manifest,block_02_qkv,linear_qkv,GPU,419953.6113599848,420396.34383998474
38,fixed_manifest,block_09_residual2,residual_add,GPU,420396.34383998474,420414.69103998475
39,fixed_manifest,block_07_residual1,residual_add,GPU,420414.69103998475,420433.0382399847
42,fixed_manifest,patch_embedding,patch_embedding,GPU,420433.0382399847,420584.5451199847
40,fixed_manifest,block_04_residual2,residual_add,GPU,420584.5451199847,420602.89231998473
41,fixed_manifest,block_02_attention,self_attention,GPU,420602.89231998473,420758.91887998476
38,fixed_manifest,block_10_norm1,layer_norm,GPU,420758.91887998476,420781.0484799847
39,fixed_manifest,block_07_norm2,layer_norm,GPU,420781.0484799847,420803.1780799847
42,fixed_manifest,token_embedding,token_and_position_embedding,GPU,420803.1780799847,420821.5252799847
40,fixed_manifest,block_05_norm1,layer_norm,GPU,420821.5252799847,420843.6548799847
41,fixed_manifest,block_02_proj,linear_projection,GPU,420843.6548799847,420995.8990399846
39,fixed_manifest,block_07_ffn_island,fused_ffn_island,FPGA,420961.9428799847,421294.6903999847
38,fixed_manifest,block_10_qkv,linear_qkv,GPU,420995.8990399846,421438.6315199846
42,fixed_manifest,block_00_norm1,layer_norm,GPU,421438.6315199846,421460.7611199846
40,fixed_manifest,block_05_qkv,linear_qkv,GPU,421460.7611199846,421903.49359998456
41,fixed_manifest,block_02_residual1,residual_add,GPU,421903.49359998456,421921.8407999846
38,fixed_manifest,block_10_attention,self_attention,GPU,421921.8407999846,422077.8673599846
39,fixed_manifest,block_07_residual2,residual_add,GPU,422077.8673599846,422096.21455998457
42,fixed_manifest,block_00_qkv,linear_qkv,GPU,422096.21455998457,422538.9470399846
40,fixed_manifest,block_05_attention,self_attention,GPU,422538.9470399846,422694.9735999846
41,fixed_manifest,block_02_norm2,layer_norm,GPU,422694.9735999846,422717.1031999846
38,fixed_manifest,block_10_proj,linear_projection,GPU,422717.1031999846,422869.34735998453
39,fixed_manifest,block_08_norm1,layer_norm,GPU,422869.34735998453,422891.4769599845
41,fixed_manifest,block_02_ffn_island,fused_ffn_island,FPGA,422875.86799998453,423208.61551998457
42,fixed_manifest,block_00_attention,self_attention,GPU,422891.4769599845,423047.50351998454
40,fixed_manifest,block_05_proj,linear_projection,GPU,423047.50351998454,423199.74767998455
38,fixed_manifest,block_10_residual1,residual_add,GPU,423199.74767998455,423218.0948799845
39,fixed_manifest,block_08_qkv,linear_qkv,GPU,423218.0948799845,423660.8273599845
42,fixed_manifest,block_00_proj,linear_projection,GPU,423660.8273599845,423813.0715199845
40,fixed_manifest,block_05_residual1,residual_add,GPU,423813.0715199845,423831.4187199845
38,fixed_manifest,block_10_norm2,layer_norm,GPU,423831.4187199845,423853.54831998446
41,fixed_manifest,block_02_residual2,residual_add,GPU,423853.54831998446,423871.8955199844
39,fixed_manifest,block_08_attention,self_attention,GPU,423871.8955199844,424027.92207998445
38,fixed_manifest,block_10_ffn_island,fused_ffn_island,FPGA,424012.31311998446,424345.06063998444
42,fixed_manifest,block_00_residual1,residual_add,GPU,424027.92207998445,424046.26927998447
40,fixed_manifest,block_05_norm2,layer_norm,GPU,424046.26927998447,424068.39887998445
41,fixed_manifest,block_03_norm1,layer_norm,GPU,424068.39887998445,424090.5284799844
39,fixed_manifest,block_08_proj,linear_projection,GPU,424090.5284799844,424242.7726399844
42,fixed_manifest,block_00_norm2,layer_norm,GPU,424242.7726399844,424264.90223998437
41,fixed_manifest,block_03_qkv,linear_qkv,GPU,424264.90223998437,424707.6347199844
40,fixed_manifest,block_05_ffn_island,fused_ffn_island,FPGA,424345.06063998444,424677.8081599845
42,fixed_manifest,block_00_ffn_island,fused_ffn_island,FPGA,424677.8081599845,425010.55567998445
39,fixed_manifest,block_08_residual1,residual_add,GPU,424707.6347199844,424725.98191998433
38,fixed_manifest,block_10_residual2,residual_add,GPU,424725.98191998433,424744.32911998435
41,fixed_manifest,block_03_attention,self_attention,GPU,424744.32911998435,424900.3556799844
39,fixed_manifest,block_08_norm2,layer_norm,GPU,424900.3556799844,424922.4852799843
38,fixed_manifest,block_11_norm1,layer_norm,GPU,424922.4852799843,424944.6148799843
40,fixed_manifest,block_05_residual2,residual_add,GPU,424944.6148799843,424962.9620799843
41,fixed_manifest,block_03_proj,linear_projection,GPU,424962.9620799843,425115.20623998425
38,fixed_manifest,block_11_qkv,linear_qkv,GPU,425115.20623998425,425557.93871998426
39,fixed_manifest,block_08_ffn_island,fused_ffn_island,FPGA,425126.94447998423,425459.6919999842
40,fixed_manifest,block_06_norm1,layer_norm,GPU,425557.93871998426,425580.06831998425
41,fixed_manifest,block_03_residual1,residual_add,GPU,425580.06831998425,425598.4155199842
42,fixed_manifest,block_00_residual2,residual_add,GPU,425598.4155199842,425616.7627199842
38,fixed_manifest,block_11_attention,self_attention,GPU,425616.7627199842,425772.78927998425
40,fixed_manifest,block_06_qkv,linear_qkv,GPU,425772.78927998425,426215.5217599842
41,fixed_manifest,block_03_norm2,layer_norm,GPU,426215.5217599842,426237.6513599842
42,fixed_manifest,block_01_norm1,layer_norm,GPU,426237.6513599842,426259.7809599842
39,fixed_manifest,block_08_residual2,residual_add,GPU,426259.7809599842,426278.1281599842
38,fixed_manifest,block_11_proj,linear_projection,GPU,426278.1281599842,426430.37231998413
41,fixed_manifest,block_03_ffn_island,fused_ffn_island,FPGA,426396.4161599842,426729.1636799842
40,fixed_manifest,block_06_attention,self_attention,GPU,426430.37231998413,426586.39887998416
42,fixed_manifest,block_01_qkv,linear_qkv,GPU,426586.39887998416,427029.13135998417
39,fixed_manifest,block_09_norm1,layer_norm,GPU,427029.13135998417,427051.26095998415
38,fixed_manifest,block_11_residual1,residual_add,GPU,427051.26095998415,427069.6081599841
40,fixed_manifest,block_06_proj,linear_projection,GPU,427069.6081599841,427221.8523199841
41,fixed_manifest,block_03_residual2,residual_add,GPU,427221.8523199841,427240.1995199841
42,fixed_manifest,block_01_attention,self_attention,GPU,427240.1995199841,427396.2260799841
39,fixed_manifest,block_09_qkv,linear_qkv,GPU,427396.2260799841,427838.9585599841
38,fixed_manifest,block_11_norm2,layer_norm,GPU,427838.9585599841,427861.0881599841
40,fixed_manifest,block_06_residual1,residual_add,GPU,427861.0881599841,427879.43535998405
41,fixed_manifest,block_04_norm1,layer_norm,GPU,427879.43535998405,427901.56495998404
42,fixed_manifest,block_01_proj,linear_projection,GPU,427901.56495998404,428053.80911998404
38,fixed_manifest,block_11_ffn_island,fused_ffn_island,FPGA,428019.8529599841,428352.6004799841
39,fixed_manifest,block_09_attention,self_attention,GPU,428053.80911998404,428209.83567998407
40,fixed_manifest,block_06_norm2,layer_norm,GPU,428209.83567998407,428231.96527998406
41,fixed_manifest,block_04_qkv,linear_qkv,GPU,428231.96527998406,428674.697759984
40,fixed_manifest,block_06_ffn_island,fused_ffn_island,FPGA,428403.859679984,428736.607199984
42,fixed_manifest,block_01_residual1,residual_add,GPU,428674.697759984,428693.044959984
39,fixed_manifest,block_09_proj,linear_projection,GPU,428693.044959984,428845.28911998397
38,fixed_manifest,block_11_residual2,residual_add,GPU,428845.28911998397,428863.636319984
41,fixed_manifest,block_04_attention,self_attention,GPU,428863.636319984,429019.662879984
42,fixed_manifest,block_01_norm2,layer_norm,GPU,429019.662879984,429041.792479984
39,fixed_manifest,block_09_residual1,residual_add,GPU,429041.792479984,429060.13967998396
38,fixed_manifest,final_norm,layer_norm,GPU,429060.13967998396,429082.26927998394
40,fixed_manifest,block_06_residual2,residual_add,GPU,429082.26927998394,429100.61647998396
41,fixed_manifest,block_04_proj,linear_projection,GPU,429100.61647998396,429252.8606399839
42,fixed_manifest,block_01_ffn_island,fused_ffn_island,FPGA,429200.55727998394,429533.304799984
39,fixed_manifest,block_09_norm2,layer_norm,GPU,429252.8606399839,429274.9902399839
38,fixed_manifest,class_token_select,class_token_select,GPU,429274.9902399839,429282.0286399839
40,fixed_manifest,block_07_norm1,layer_norm,GPU,429282.0286399839,429304.15823998384
41,fixed_manifest,block_04_residual1,residual_add,GPU,429304.15823998384,429322.50543998386
38,fixed_manifest,classifier,linear_classifier,GPU,429322.50543998386,429330.4654399838
40,fixed_manifest,block_07_qkv,linear_qkv,GPU,429330.4654399838,429773.1979199838
39,fixed_manifest,block_09_ffn_island,fused_ffn_island,FPGA,429533.304799984,429866.052319984
41,fixed_manifest,block_04_norm2,layer_norm,GPU,429773.1979199838,429795.3275199838
42,fixed_manifest,block_01_residual2,residual_add,GPU,429795.3275199838,429813.67471998377
40,fixed_manifest,block_07_attention,self_attention,GPU,429813.67471998377,429969.7012799838
42,fixed_manifest,block_02_norm1,layer_norm,GPU,429969.7012799838,429991.8308799838
40,fixed_manifest,block_07_proj,linear_projection,GPU,429991.8308799838,430144.0750399837
41,fixed_manifest,block_04_ffn_island,fused_ffn_island,FPGA,430017.1323199836,430349.87983998365
42,fixed_manifest,block_02_qkv,linear_qkv,GPU,430144.0750399837,430586.80751998373
43,fixed_manifest,patch_embedding,patch_embedding,GPU,430586.80751998373,430738.31439998373
39,fixed_manifest,block_09_residual2,residual_add,GPU,430738.31439998373,430756.6615999837
40,fixed_manifest,block_07_residual1,residual_add,GPU,430756.6615999837,430775.0087999837
41,fixed_manifest,block_04_residual2,residual_add,GPU,430775.0087999837,430793.3559999837
42,fixed_manifest,block_02_attention,self_attention,GPU,430793.3559999837,430949.3825599837
43,fixed_manifest,token_embedding,token_and_position_embedding,GPU,430949.3825599837,430967.7297599837
39,fixed_manifest,block_10_norm1,layer_norm,GPU,430967.7297599837,430989.8593599837
40,fixed_manifest,block_07_norm2,layer_norm,GPU,430989.8593599837,431011.9889599837
41,fixed_manifest,block_05_norm1,layer_norm,GPU,431011.9889599837,431034.1185599836
42,fixed_manifest,block_02_proj,linear_projection,GPU,431034.1185599836,431186.3627199836
40,fixed_manifest,block_07_ffn_island,fused_ffn_island,FPGA,431170.75375998364,431503.50127998367
43,fixed_manifest,block_00_norm1,layer_norm,GPU,431186.3627199836,431208.4923199836
39,fixed_manifest,block_10_qkv,linear_qkv,GPU,431208.4923199836,431651.22479998355
41,fixed_manifest,block_05_qkv,linear_qkv,GPU,431651.22479998355,432093.95727998356
42,fixed_manifest,block_02_residual1,residual_add,GPU,432093.95727998356,432112.3044799836
43,fixed_manifest,block_00_qkv,linear_qkv,GPU,432112.3044799836,432555.0369599835
39,fixed_manifest,block_10_attention,self_attention,GPU,432555.0369599835,432711.06351998355
40,fixed_manifest,block_07_residual2,residual_add,GPU,432711.06351998355,432729.41071998357
41,fixed_manifest,block_05_attention,self_attention,GPU,432729.41071998357,432885.4372799836
42,fixed_manifest,block_02_norm2,layer_norm,GPU,432885.4372799836,432907.5668799835
43,fixed_manifest,block_00_attention,self_attention,GPU,432907.5668799835,433063.59343998355
39,fixed_manifest,block_10_proj,linear_projection,GPU,433063.59343998355,433215.83759998356
42,fixed_manifest,block_02_ffn_island,fused_ffn_island,FPGA,433066.33167998353,433399.07919998356
40,fixed_manifest,block_08_norm1,layer_norm,GPU,433215.83759998356,433237.96719998354
41,fixed_manifest,block_05_proj,linear_projection,GPU,433237.96719998354,433390.2113599835
43,fixed_manifest,block_00_proj,linear_projection,GPU,433390.2113599835,433542.4555199835
39,fixed_manifest,block_10_residual1,residual_add,GPU,433542.4555199835,433560.8027199835
40,fixed_manifest,block_08_qkv,linear_qkv,GPU,433560.8027199835,434003.53519998345
41,fixed_manifest,block_05_residual1,residual_add,GPU,434003.53519998345,434021.8823999835
43,fixed_manifest,block_00_residual1,residual_add,GPU,434021.8823999835,434040.22959998343
42,fixed_manifest,block_02_residual2,residual_add,GPU,434040.22959998343,434058.57679998345
39,fixed_manifest,block_10_norm2,layer_norm,GPU,434058.57679998345,434080.70639998344
40,fixed_manifest,block_08_attention,self_attention,GPU,434080.70639998344,434236.73295998346
41,fixed_manifest,block_05_norm2,layer_norm,GPU,434236.73295998346,434258.8625599834
39,fixed_manifest,block_10_ffn_island,fused_ffn_island,FPGA,434239.4711999834,434572.2187199834
43,fixed_manifest,block_00_norm2,layer_norm,GPU,434258.8625599834,434280.9921599834
42,fixed_manifest,block_03_norm1,layer_norm,GPU,434280.9921599834,434303.12175998336
40,fixed_manifest,block_08_proj,linear_projection,GPU,434303.12175998336,434455.36591998336
42,fixed_manifest,block_03_qkv,linear_qkv,GPU,434455.36591998336,434898.0983999833
41,fixed_manifest,block_05_ffn_island,fused_ffn_island,FPGA,434572.2187199834,434904.96623998345
40,fixed_manifest,block_08_residual1,residual_add,GPU,434898.0983999833,434916.44559998333
43,fixed_manifest,block_00_ffn_island,fused_ffn_island,FPGA,434904.96623998345,435237.7137599834
39,fixed_manifest,block_10_residual2,residual_add,GPU,434916.44559998333,434934.7927999833
42,fixed_manifest,block_03_attention,self_attention,GPU,434934.7927999833,435090.8193599833
40,fixed_manifest,block_08_norm2,layer_norm,GPU,435090.8193599833,435112.9489599833
39,fixed_manifest,block_11_norm1,layer_norm,GPU,435112.9489599833,435135.0785599833
41,fixed_manifest,block_05_residual2,residual_add,GPU,435135.0785599833,435153.4257599833
42,fixed_manifest,block_03_proj,linear_projection,GPU,435153.4257599833,435305.66991998325
40,fixed_manifest,block_08_ffn_island,fused_ffn_island,FPGA,435280.71375998325,435613.4612799832
39,fixed_manifest,block_11_qkv,linear_qkv,GPU,435305.66991998325,435748.40239998326
41,fixed_manifest,block_06_norm1,layer_norm,GPU,435748.40239998326,435770.53199998324
42,fixed_manifest,block_03_residual1,residual_add,GPU,435770.53199998324,435788.8791999832
43,fixed_manifest,block_00_residual2,residual_add,GPU,435788.8791999832,435807.2263999832
39,fixed_manifest,block_11_attention,self_attention,GPU,435807.2263999832,435963.25295998325
41,fixed_manifest,block_06_qkv,linear_qkv,GPU,435963.25295998325,436405.9854399832
40,fixed_manifest,block_08_residual2,residual_add,GPU,436405.9854399832,436424.3326399832
42,fixed_manifest,block_03_norm2,layer_norm,GPU,436424.3326399832,436446.4622399832
43,fixed_manifest,block_01_norm1,layer_norm,GPU,436446.4622399832,436468.5918399831
39,fixed_manifest,block_11_proj,linear_projection,GPU,436468.5918399831,436620.83599998313
42,fixed_manifest,block_03_ffn_island,fused_ffn_island,FPGA,436605.22703998315,436937.9745599832
41,fixed_manifest,block_06_attention,self_attention,GPU,436620.83599998313,436776.86255998316
40,fixed_manifest,block_09_norm1,layer_norm,GPU,436776.86255998316,436798.99215998314
43,fixed_manifest,block_01_qkv,linear_qkv,GPU,436798.99215998314,437241.72463998315
39,fixed_manifest,block_11_residual1,residual_add,GPU,437241.72463998315,437260.0718399831
41,fixed_manifest,block_06_proj,linear_projection,GPU,437260.0718399831,437412.3159999831
40,fixed_manifest,block_09_qkv,linear_qkv,GPU,437412.3159999831,437855.04847998306
42,fixed_manifest,block_03_residual2,residual_add,GPU,437855.04847998306,437873.3956799831
43,fixed_manifest,block_01_attention,self_attention,GPU,437873.3956799831,438029.4222399831
39,fixed_manifest,block_11_norm2,layer_norm,GPU,438029.4222399831,438051.5518399831
41,fixed_manifest,block_06_residual1,residual_add,GPU,438051.5518399831,438069.89903998305
40,fixed_manifest,block_09_attention,self_attention,GPU,438069.89903998305,438225.9255999831
39,fixed_manifest,block_11_ffn_island,fused_ffn_island,FPGA,438210.31663998304,438543.06415998307
42,fixed_manifest,block_04_norm1,layer_norm,GPU,438225.9255999831,438248.05519998306
43,fixed_manifest,block_01_proj,linear_projection,GPU,438248.05519998306,438400.299359983
41,fixed_manifest,block_06_norm2,layer_norm,GPU,438400.299359983,438422.428959983
40,fixed_manifest,block_09_proj,linear_projection,GPU,438422.428959983,438574.673119983
42,fixed_manifest,block_04_qkv,linear_qkv,GPU,438574.673119983,439017.405599983
41,fixed_manifest,block_06_ffn_island,fused_ffn_island,FPGA,438594.323359983,438927.070879983
43,fixed_manifest,block_01_residual1,residual_add,GPU,439017.405599983,439035.75279998296
40,fixed_manifest,block_09_residual1,residual_add,GPU,439035.75279998296,439054.099999983
39,fixed_manifest,block_11_residual2,residual_add,GPU,439054.099999983,439072.44719998294
42,fixed_manifest,block_04_attention,self_attention,GPU,439072.44719998294,439228.47375998297
43,fixed_manifest,block_01_norm2,layer_norm,GPU,439228.47375998297,439250.60335998295
40,fixed_manifest,block_09_norm2,layer_norm,GPU,439250.60335998295,439272.73295998294
39,fixed_manifest,final_norm,layer_norm,GPU,439272.73295998294,439294.8625599829
41,fixed_manifest,block_06_residual2,residual_add,GPU,439294.8625599829,439313.2097599829
42,fixed_manifest,block_04_proj,linear_projection,GPU,439313.2097599829,439465.4539199829
39,fixed_manifest,class_token_select,class_token_select,GPU,439465.4539199829,439472.49231998285
41,fixed_manifest,block_07_norm1,layer_norm,GPU,439472.49231998285,439494.62191998283
43,fixed_manifest,block_01_ffn_island,fused_ffn_island,FPGA,439490.87375998305,439823.621279983
42,fixed_manifest,block_04_residual1,residual_add,GPU,439494.62191998283,439512.96911998285
39,fixed_manifest,classifier,linear_classifier,GPU,439512.96911998285,439520.9291199828
41,fixed_manifest,block_07_qkv,linear_qkv,GPU,439520.9291199828,439963.66159998276
40,fixed_manifest,block_09_ffn_island,fused_ffn_island,FPGA,439823.621279983,440156.36879998306
42,fixed_manifest,block_04_norm2,layer_norm,GPU,439963.66159998276,439985.79119998275
41,fixed_manifest,block_07_attention,self_attention,GPU,439985.79119998275,440141.8177599828
43,fixed_manifest,block_01_residual2,residual_add,GPU,440141.8177599828,440160.1649599828
42,fixed_manifest,block_04_ffn_island,fused_ffn_island,FPGA,440156.36879998306,440489.11631998303
44,fixed_manifest,patch_embedding,patch_embedding,GPU,440160.1649599828,440311.67183998274
41,fixed_manifest,block_07_proj,linear_projection,GPU,440311.67183998274,440463.91599998274
43,fixed_manifest,block_02_norm1,layer_norm,GPU,440463.91599998274,440486.0455999827
44,fixed_manifest,token_embedding,token_and_position_embedding,GPU,440486.0455999827,440504.3927999827
40,fixed_manifest,block_09_residual2,residual_add,GPU,440504.3927999827,440522.7399999827
41,fixed_manifest,block_07_residual1,residual_add,GPU,440522.7399999827,440541.0871999827
43,fixed_manifest,block_02_qkv,linear_qkv,GPU,440541.0871999827,440983.81967998267
44,fixed_manifest,block_00_norm1,layer_norm,GPU,440983.81967998267,441005.94927998265
40,fixed_manifest,block_10_norm1,layer_norm,GPU,441005.94927998265,441028.07887998264
41,fixed_manifest,block_07_norm2,layer_norm,GPU,441028.07887998264,441050.2084799826
42,fixed_manifest,block_04_residual2,residual_add,GPU,441050.2084799826,441068.5556799826
43,fixed_manifest,block_02_attention,self_attention,GPU,441068.5556799826,441224.5822399826
41,fixed_manifest,block_07_ffn_island,fused_ffn_island,FPGA,441208.9732799826,441541.7207999826
44,fixed_manifest,block_00_qkv,linear_qkv,GPU,441224.5822399826,441667.3147199826
40,fixed_manifest,block_10_qkv,linear_qkv,GPU,441667.3147199826,442110.04719998257
42,fixed_manifest,block_05_norm1,layer_norm,GPU,442110.04719998257,442132.17679998255
43,fixed_manifest,block_02_proj,linear_projection,GPU,442132.17679998255,442284.42095998256
44,fixed_manifest,block_00_attention,self_attention,GPU,442284.42095998256,442440.4475199826
41,fixed_manifest,block_07_residual2,residual_add,GPU,442440.4475199826,442458.79471998254
40,fixed_manifest,block_10_attention,self_attention,GPU,442458.79471998254,442614.82127998257
42,fixed_manifest,block_05_qkv,linear_qkv,GPU,442614.82127998257,443057.5537599826
43,fixed_manifest,block_02_residual1,residual_add,GPU,443057.5537599826,443075.90095998254
44,fixed_manifest,block_00_proj,linear_projection,GPU,443075.90095998254,443228.14511998254
41,fixed_manifest,block_08_norm1,layer_norm,GPU,443228.14511998254,443250.2747199825
40,fixed_manifest,block_10_proj,linear_projection,GPU,443250.2747199825,443402.5188799825
42,fixed_manifest,block_05_attention,self_attention,GPU,443402.5188799825,443558.5454399825
43,fixed_manifest,block_02_norm2,layer_norm,GPU,443558.5454399825,443580.6750399825
44,fixed_manifest,block_00_residual1,residual_add,GPU,443580.6750399825,443599.0222399825
41,fixed_manifest,block_08_qkv,linear_qkv,GPU,443599.0222399825,444041.75471998245
43,fixed_manifest,block_02_ffn_island,fused_ffn_island,FPGA,443739.4398399825,444072.1873599825
40,fixed_manifest,block_10_residual1,residual_add,GPU,444041.75471998245,444060.10191998247
42,fixed_manifest,block_05_proj,linear_projection,GPU,444060.10191998247,444212.34607998247
44,fixed_manifest,block_00_norm2,layer_norm,GPU,444212.34607998247,444234.4756799824
41,fixed_manifest,block_08_attention,self_attention,GPU,444234.4756799824,444390.5022399824
40,fixed_manifest,block_10_norm2,layer_norm,GPU,444390.5022399824,444412.6318399824
44,fixed_manifest,block_00_ffn_island,fused_ffn_island,FPGA,444393.2404799824,444725.98799998243
42,fixed_manifest,block_05_residual1,residual_add,GPU,444412.6318399824,444430.9790399824
43,fixed_manifest,block_02_residual2,residual_add,GPU,444430.9790399824,444449.3262399824
41,fixed_manifest,block_08_proj,linear_projection,GPU,444449.3262399824,444601.5703999824
42,fixed_manifest,block_05_norm2,layer_norm,GPU,444601.5703999824,444623.6999999824
43,fixed_manifest,block_03_norm1,layer_norm,GPU,444623.6999999824,444645.82959998236
41,fixed_manifest,block_08_residual1,residual_add,GPU,444645.82959998236,444664.1767999823
43,fixed_manifest,block_03_qkv,linear_qkv,GPU,444664.1767999823,445106.9092799823
40,fixed_manifest,block_10_ffn_island,fused_ffn_island,FPGA,444725.98799998243,445058.7355199824
42,fixed_manifest,block_05_ffn_island,fused_ffn_island,FPGA,445058.7355199824,445391.48303998244
41,fixed_manifest,block_08_norm2,layer_norm,GPU,445106.9092799823,445129.0388799823
44,fixed_manifest,block_00_residual2,residual_add,GPU,445129.0388799823,445147.3860799823
43,fixed_manifest,block_03_attention,self_attention,GPU,445147.3860799823,445303.4126399823
44,fixed_manifest,block_01_norm1,layer_norm,GPU,445303.4126399823,445325.5422399823
40,fixed_manifest,block_10_residual2,residual_add,GPU,445325.5422399823,445343.88943998225
43,fixed_manifest,block_03_proj,linear_projection,GPU,445343.88943998225,445496.13359998225
41,fixed_manifest,block_08_ffn_island,fused_ffn_island,FPGA,445391.48303998244,445724.2305599825
44,fixed_manifest,block_01_qkv,linear_qkv,GPU,445496.13359998225,445938.86607998225
40,fixed_manifest,block_11_norm1,layer_norm,GPU,445938.86607998225,445960.9956799822
43,fixed_manifest,block_03_residual1,residual_add,GPU,445960.9956799822,445979.3428799822
42,fixed_manifest,block_05_residual2,residual_add,GPU,445979.3428799822,445997.6900799822
41,fixed_manifest,block_08_residual2,residual_add,GPU,445997.6900799822,446016.0372799822
44,fixed_manifest,block_01_attention,self_attention,GPU,446016.0372799822,446172.0638399822
40,fixed_manifest,block_11_qkv,linear_qkv,GPU,446172.0638399822,446614.7963199822
43,fixed_manifest,block_03_norm2,layer_norm,GPU,446614.7963199822,446636.92591998214
42,fixed_manifest,block_06_norm1,layer_norm,GPU,446636.92591998214,446659.0555199821
41,fixed_manifest,block_09_norm1,layer_norm,GPU,446659.0555199821,446681.1851199821
44,fixed_manifest,block_01_proj,linear_projection,GPU,446681.1851199821,446833.4292799821
43,fixed_manifest,block_03_ffn_island,fused_ffn_island,FPGA,446795.69071998214,447128.4382399822
40,fixed_manifest,block_11_attention,self_attention,GPU,446833.4292799821,446989.45583998214
42,fixed_manifest,block_06_qkv,linear_qkv,GPU,446989.45583998214,447432.1883199821
41,fixed_manifest,block_09_qkv,linear_qkv,GPU,447432.1883199821,447874.9207999821
44,fixed_manifest,block_01_residual1,residual_add,GPU,447874.9207999821,447893.26799998205
40,fixed_manifest,block_11_proj,linear_projection,GPU,447893.26799998205,448045.51215998206
43,fixed_manifest,block_03_residual2,residual_add,GPU,448045.51215998206,448063.8593599821
42,fixed_manifest,block_06_attention,self_attention,GPU,448063.8593599821,448219.8859199821
41,fixed_manifest,block_09_attention,self_attention,GPU,448219.8859199821,448375.9124799821
44,fixed_manifest,block_01_norm2,layer_norm,GPU,448375.9124799821,448398.04207998206
40,fixed_manifest,block_11_residual1,residual_add,GPU,448398.04207998206,448416.3892799821
43,fixed_manifest,block_04_norm1,layer_norm,GPU,448416.3892799821,448438.51887998206
42,fixed_manifest,block_06_proj,linear_projection,GPU,448438.51887998206,448590.763039982
44,fixed_manifest,block_01_ffn_island,fused_ffn_island,FPGA,448556.80687998206,448889.5543999821
41,fixed_manifest,block_09_proj,linear_projection,GPU,448590.763039982,448743.007199982
40,fixed_manifest,block_11_norm2,layer_norm,GPU,448743.007199982,448765.136799982
43,fixed_manifest,block_04_qkv,linear_qkv,GPU,448765.136799982,449207.86927998194
40,fixed_manifest,block_11_ffn_island,fused_ffn_island,FPGA,448933.2487999819,449265.99631998193
42,fixed_manifest,block_06_residual1,residual_add,GPU,449207.86927998194,449226.21647998196
41,fixed_manifest,block_09_residual1,residual_add,GPU,449226.21647998196,449244.5636799819
44,fixed_manifest,block_01_residual2,residual_add,GPU,449244.5636799819,449262.91087998194
43,fixed_manifest,block_04_attention,self_attention,GPU,449262.91087998194,449418.93743998196
42,fixed_manifest,block_06_norm2,layer_norm,GPU,449418.93743998196,449441.06703998195
41,fixed_manifest,block_09_norm2,layer_norm,GPU,449441.06703998195,449463.19663998194
44,fixed_manifest,block_02_norm1,layer_norm,GPU,449463.19663998194,449485.32623998186
43,fixed_manifest,block_04_proj,linear_projection,GPU,449485.32623998186,449637.57039998187
40,fixed_manifest,block_11_residual2,residual_add,GPU,449637.57039998187,449655.9175999819
44,fixed_manifest,block_02_qkv,linear_qkv,GPU,449655.9175999819,450098.65007998183
42,fixed_manifest,block_06_ffn_island,fused_ffn_island,FPGA,449681.337439982,450014.084959982
41,fixed_manifest,block_09_ffn_island,fused_ffn_island,FPGA,450014.084959982,450346.83247998205
43,fixed_manifest,block_04_residual1,residual_add,GPU,450098.65007998183,450116.99727998185
40,fixed_manifest,final_norm,layer_norm,GPU,450116.99727998185,450139.12687998184
45,fixed_manifest,patch_embedding,patch_embedding,GPU,450139.12687998184,450290.6337599818
44,fixed_manifest,block_02_attention,self_attention,GPU,450290.6337599818,450446.6603199818
43,fixed_manifest,block_04_norm2,layer_norm,GPU,450446.6603199818,450468.7899199818
40,fixed_manifest,class_token_select,class_token_select,GPU,450468.7899199818,450475.8283199818
42,fixed_manifest,block_06_residual2,residual_add,GPU,450475.8283199818,450494.17551998177
45,fixed_manifest,token_embedding,token_and_position_embedding,GPU,450494.17551998177,450512.5227199818
44,fixed_manifest,block_02_proj,linear_projection,GPU,450512.5227199818,450664.76687998173
43,fixed_manifest,block_04_ffn_island,fused_ffn_island,FPGA,450651.7009599816,450984.44847998157
40,fixed_manifest,classifier,linear_classifier,GPU,450664.76687998173,450672.7268799817
42,fixed_manifest,block_07_norm1,layer_norm,GPU,450672.7268799817,450694.8564799817
45,fixed_manifest,block_00_norm1,layer_norm,GPU,450694.8564799817,450716.98607998167
41,fixed_manifest,block_09_residual2,residual_add,GPU,450716.98607998167,450735.3332799817
44,fixed_manifest,block_02_residual1,residual_add,GPU,450735.3332799817,450753.68047998165
42,fixed_manifest,block_07_qkv,linear_qkv,GPU,450753.68047998165,451196.41295998165
45,fixed_manifest,block_00_qkv,linear_qkv,GPU,451196.41295998165,451639.1454399816
41,fixed_manifest,block_10_norm1,layer_norm,GPU,451639.1454399816,451661.2750399816
44,fixed_manifest,block_02_norm2,layer_norm,GPU,451661.2750399816,451683.40463998157
43,fixed_manifest,block_04_residual2,residual_add,GPU,451683.40463998157,451701.7518399816
42,fixed_manifest,block_07_attention,self_attention,GPU,451701.7518399816,451857.7783999816
44,fixed_manifest,block_02_ffn_island,fused_ffn_island,FPGA,451842.1694399816,452174.91695998155
45,fixed_manifest,block_00_attention,self_attention,GPU,451857.7783999816,452013.8049599816
41,fixed_manifest,block_10_qkv,linear_qkv,GPU,452013.8049599816,452456.5374399816
43,fixed_manifest,block_05_norm1,layer_norm,GPU,452456.5374399816,452478.6670399816
42,fixed_manifest,block_07_proj,linear_projection,GPU,452478.6670399816,452630.9111999816
45,fixed_manifest,block_00_proj,linear_projection,GPU,452630.9111999816,452783.1553599815
44,fixed_manifest,block_02_residual2,residual_add,GPU,452783.1553599815,452801.50255998154
41,fixed_manifest,block_10_attention,self_attention,GPU,452801.50255998154,452957.52911998157
43,fixed_manifest,block_05_qkv,linear_qkv,GPU,452957.52911998157,453400.2615999815
42,fixed_manifest,block_07_residual1,residual_add,GPU,453400.2615999815,453418.60879998154
45,fixed_manifest,block_00_residual1,residual_add,GPU,453418.60879998154,453436.9559999815
44,fixed_manifest,block_03_norm1,layer_norm,GPU,453436.9559999815,453459.0855999815
41,fixed_manifest,block_10_proj,linear_projection,GPU,453459.0855999815,453611.3297599815
43,fixed_manifest,block_05_attention,self_attention,GPU,453611.3297599815,453767.3563199815
42,fixed_manifest,block_07_norm2,layer_norm,GPU,453767.3563199815,453789.4859199815
45,fixed_manifest,block_00_norm2,layer_norm,GPU,453789.4859199815,453811.6155199814
44,fixed_manifest,block_03_qkv,linear_qkv,GPU,453811.6155199814,454254.34799998143
42,fixed_manifest,block_07_ffn_island,fused_ffn_island,FPGA,454029.75631998153,454362.50383998157
41,fixed_manifest,block_10_residual1,residual_add,GPU,454254.34799998143,454272.69519998145
43,fixed_manifest,block_05_proj,linear_projection,GPU,454272.69519998145,454424.9393599814
45,fixed_manifest,block_00_ffn_island,fused_ffn_island,FPGA,454362.50383998157,454695.25135998154
44,fixed_manifest,block_03_attention,self_attention,GPU,454424.9393599814,454580.9659199814
41,fixed_manifest,block_10_norm2,layer_norm,GPU,454580.9659199814,454603.0955199814
43,fixed_manifest,block_05_residual1,residual_add,GPU,454603.0955199814,454621.4427199814
42,fixed_manifest,block_07_residual2,residual_add,GPU,454621.4427199814,454639.7899199814
44,fixed_manifest,block_03_proj,linear_projection,GPU,454639.7899199814,454792.0340799814
43,fixed_manifest,block_05_norm2,layer_norm,GPU,454792.0340799814,454814.1636799814
41,fixed_manifest,block_10_ffn_island,fused_ffn_island,FPGA,454803.4692799813,455136.2167999813
42,fixed_manifest,block_08_norm1,layer_norm,GPU,454814.1636799814,454836.2932799813
44,fixed_manifest,block_03_residual1,residual_add,GPU,454836.2932799813,454854.6404799813
42,fixed_manifest,block_08_qkv,linear_qkv,GPU,454854.6404799813,455297.3729599813
43,fixed_manifest,block_05_ffn_island,fused_ffn_island,FPGA,455136.2167999813,455468.9643199813
44,fixed_manifest,block_03_norm2,layer_norm,GPU,455297.3729599813,455319.50255998125
45,fixed_manifest,block_00_residual2,residual_add,GPU,455319.50255998125,455337.84975998127
41,fixed_manifest,block_10_residual2,residual_add,GPU,455337.84975998127,455356.19695998123
42,fixed_manifest,block_08_attention,self_attention,GPU,455356.19695998123,455512.22351998126
44,fixed_manifest,block_03_ffn_island,fused_ffn_island,FPGA,455478.26735998126,455811.0148799813
45,fixed_manifest,block_01_norm1,layer_norm,GPU,455512.22351998126,455534.35311998124
41,fixed_manifest,block_11_norm1,layer_norm,GPU,455534.35311998124,455556.4827199812
42,fixed_manifest,block_08_proj,linear_projection,GPU,455556.4827199812,455708.72687998123
45,fixed_manifest,block_01_qkv,linear_qkv,GPU,455708.72687998123,456151.4593599812
41,fixed_manifest,block_11_qkv,linear_qkv,GPU,456151.4593599812,456594.1918399812
43,fixed_manifest,block_05_residual2,residual_add,GPU,456594.1918399812,456612.53903998114
42,fixed_manifest,block_08_residual1,residual_add,GPU,456612.53903998114,456630.88623998116
44,fixed_manifest,block_03_residual2,residual_add,GPU,456630.88623998116,456649.2334399811
45,fixed_manifest,block_01_attention,self_attention,GPU,456649.2334399811,456805.25999998115
41,fixed_manifest,block_11_attention,self_attention,GPU,456805.25999998115,456961.2865599812
43,fixed_manifest,block_06_norm1,layer_norm,GPU,456961.2865599812,456983.41615998116
42,fixed_manifest,block_08_norm2,layer_norm,GPU,456983.41615998116,457005.54575998115
44,fixed_manifest,block_04_norm1,layer_norm,GPU,457005.54575998115,457027.67535998113
45,fixed_manifest,block_01_proj,linear_projection,GPU,457027.67535998113,457179.9195199811
42,fixed_manifest,block_08_ffn_island,fused_ffn_island,FPGA,457164.31055998115,457497.0580799811
41,fixed_manifest,block_11_proj,linear_projection,GPU,457179.9195199811,457332.1636799811
43,fixed_manifest,block_06_qkv,linear_qkv,GPU,457332.1636799811,457774.8961599811
44,fixed_manifest,block_04_qkv,linear_qkv,GPU,457774.8961599811,458217.62863998103
45,fixed_manifest,block_01_residual1,residual_add,GPU,458217.62863998103,458235.97583998105
41,fixed_manifest,block_11_residual1,residual_add,GPU,458235.97583998105,458254.323039981
42,fixed_manifest,block_08_residual2,residual_add,GPU,458254.323039981,458272.67023998103
43,fixed_manifest,block_06_attention,self_attention,GPU,458272.67023998103,458428.69679998106
44,fixed_manifest,block_04_attention,self_attention,GPU,458428.69679998106,458584.7233599811
45,fixed_manifest,block_01_norm2,layer_norm,GPU,458584.7233599811,458606.8529599811
41,fixed_manifest,block_11_norm2,layer_norm,GPU,458606.8529599811,458628.982559981
42,fixed_manifest,block_09_norm1,layer_norm,GPU,458628.982559981,458651.112159981
43,fixed_manifest,block_06_proj,linear_projection,GPU,458651.112159981,458803.356319981
44,fixed_manifest,block_04_proj,linear_projection,GPU,458803.356319981,458955.600479981
45,fixed_manifest,block_01_ffn_island,fused_ffn_island,FPGA,458847.1233599811,459179.87087998114
42,fixed_manifest,block_09_qkv,linear_qkv,GPU,458955.600479981,459398.33295998094
41,fixed_manifest,block_11_ffn_island,fused_ffn_island,FPGA,459179.87087998114,459512.6183999811
43,fixed_manifest,block_06_residual1,residual_add,GPU,459398.33295998094,459416.68015998096
44,fixed_manifest,block_04_residual1,residual_add,GPU,459416.68015998096,459435.0273599809
45,fixed_manifest,block_01_residual2,residual_add,GPU,459435.0273599809,459453.37455998093
42,fixed_manifest,block_09_attention,self_attention,GPU,459453.37455998093,459609.40111998096
43,fixed_manifest,block_06_norm2,layer_norm,GPU,459609.40111998096,459631.53071998095
44,fixed_manifest,block_04_norm2,layer_norm,GPU,459631.53071998095,459653.6603199809
45,fixed_manifest,block_02_norm1,layer_norm,GPU,459653.6603199809,459675.78991998086
42,fixed_manifest,block_09_proj,linear_projection,GPU,459675.78991998086,459828.03407998086
45,fixed_manifest,block_02_qkv,linear_qkv,GPU,459828.03407998086,460270.7665599808
43,fixed_manifest,block_06_ffn_island,fused_ffn_island,FPGA,459904.2804799804,460237.0279999804
44,fixed_manifest,block_04_ffn_island,fused_ffn_island,FPGA,460237.0279999804,460569.7755199804
41,fixed_manifest,block_11_residual2,residual_add,GPU,460270.7665599808,460289.1137599808
42,fixed_manifest,block_09_residual1,residual_add,GPU,460289.1137599808,460307.46095998085
46,fixed_manifest,patch_embedding,patch_embedding,GPU,460307.46095998085,460458.9678399808
45,fixed_manifest,block_02_attention,self_attention,GPU,460458.9678399808,460614.9943999808
41,fixed_manifest,final_norm,layer_norm,GPU,460614.9943999808,460637.1239999808
42,fixed_manifest,block_09_norm2,layer_norm,GPU,460637.1239999808,460659.2535999808
43,fixed_manifest,block_06_residual2,residual_add,GPU,460659.2535999808,460677.60079998075
46,fixed_manifest,token_embedding,token_and_position_embedding,GPU,460677.60079998075,460695.94799998077
45,fixed_manifest,block_02_proj,linear_projection,GPU,460695.94799998077,460848.19215998077
42,fixed_manifest,block_09_ffn_island,fused_ffn_island,FPGA,460818.0183999808,461150.76591998077
41,fixed_manifest,class_token_select,class_token_select,GPU,460848.19215998077,460855.23055998073
43,fixed_manifest,block_07_norm1,layer_norm,GPU,460855.23055998073,460877.3601599807
46,fixed_manifest,block_00_norm1,layer_norm,GPU,460877.3601599807,460899.4897599807
44,fixed_manifest,block_04_residual2,residual_add,GPU,460899.4897599807,460917.83695998066
45,fixed_manifest,block_02_residual1,residual_add,GPU,460917.83695998066,460936.1841599807
41,fixed_manifest,classifier,linear_classifier,GPU,460936.1841599807,460944.14415998064
43,fixed_manifest,block_07_qkv,linear_qkv,GPU,460944.14415998064,461386.87663998065
46,fixed_manifest,block_00_qkv,linear_qkv,GPU,461386.87663998065,461829.6091199806
44,fixed_manifest,block_05_norm1,layer_norm,GPU,461829.6091199806,461851.7387199806
45,fixed_manifest,block_02_norm2,layer_norm,GPU,461851.7387199806,461873.86831998057
42,fixed_manifest,block_09_residual2,residual_add,GPU,461873.86831998057,461892.2155199805
43,fixed_manifest,block_07_attention,self_attention,GPU,461892.2155199805,462048.24207998055
45,fixed_manifest,block_02_ffn_island,fused_ffn_island,FPGA,462032.6331199806,462365.38063998055
46,fixed_manifest,block_00_attention,self_attention,GPU,462048.24207998055,462204.2686399806
44,fixed_manifest,block_05_qkv,linear_qkv,GPU,462204.2686399806,462647.0011199806
42,fixed_manifest,block_10_norm1,layer_norm,GPU,462647.0011199806,462669.1307199806
43,fixed_manifest,block_07_proj,linear_projection,GPU,462669.1307199806,462821.3748799805
46,fixed_manifest,block_00_proj,linear_projection,GPU,462821.3748799805,462973.6190399805
45,fixed_manifest,block_02_residual2,residual_add,GPU,462973.6190399805,462991.96623998054
44,fixed_manifest,block_05_attention,self_attention,GPU,462991.96623998054,463147.9927999805
42,fixed_manifest,block_10_qkv,linear_qkv,GPU,463147.9927999805,463590.7252799805
43,fixed_manifest,block_07_residual1,residual_add,GPU,463590.7252799805,463609.07247998053
46,fixed_manifest,block_00_residual1,residual_add,GPU,463609.07247998053,463627.4196799805
45,fixed_manifest,block_03_norm1,layer_norm,GPU,463627.4196799805,463649.5492799805
44,fixed_manifest,block_05_proj,linear_projection,GPU,463649.5492799805,463801.7934399805
42,fixed_manifest,block_10_attention,self_attention,GPU,463801.7934399805,463957.8199999805
43,fixed_manifest,block_07_norm2,layer_norm,GPU,463957.8199999805,463979.94959998043
46,fixed_manifest,block_00_norm2,layer_norm,GPU,463979.94959998043,464002.0791999804
45,fixed_manifest,block_03_qkv,linear_qkv,GPU,464002.0791999804,464444.8116799804
43,fixed_manifest,block_07_ffn_island,fused_ffn_island,FPGA,464220.21999998053,464552.96751998056
44,fixed_manifest,block_05_residual1,residual_add,GPU,464444.8116799804,464463.1588799804
42,fixed_manifest,block_10_proj,linear_projection,GPU,464463.1588799804,464615.4030399804
46,fixed_manifest,block_00_ffn_island,fused_ffn_island,FPGA,464552.96751998056,464885.71503998054
45,fixed_manifest,block_03_attention,self_attention,GPU,464615.4030399804,464771.4295999804
44,fixed_manifest,block_05_norm2,layer_norm,GPU,464771.4295999804,464793.5591999804
42,fixed_manifest,block_10_residual1,residual_add,GPU,464793.5591999804,464811.90639998036
43,fixed_manifest,block_07_residual2,residual_add,GPU,464811.90639998036,464830.2535999804
45,fixed_manifest,block_03_proj,linear_projection,GPU,464830.2535999804,464982.4977599803
42,fixed_manifest,block_10_norm2,layer_norm,GPU,464982.4977599803,465004.6273599803
44,fixed_manifest,block_05_ffn_island,fused_ffn_island,FPGA,464993.9329599803,465326.68047998025
43,fixed_manifest,block_08_norm1,layer_norm,GPU,465004.6273599803,465026.7569599803
45,fixed_manifest,block_03_residual1,residual_add,GPU,465026.7569599803,465045.1041599803
43,fixed_manifest,block_08_qkv,linear_qkv,GPU,465045.1041599803,465487.83663998026
42,fixed_manifest,block_10_ffn_island,fused_ffn_island,FPGA,465326.68047998025,465659.4279999803
45,fixed_manifest,block_03_norm2,layer_norm,GPU,465487.83663998026,465509.96623998025
46,fixed_manifest,block_00_residual2,residual_add,GPU,465509.96623998025,465528.31343998027
44,fixed_manifest,block_05_residual2,residual_add,GPU,465528.31343998027,465546.6606399802
43,fixed_manifest,block_08_attention,self_attention,GPU,465546.6606399802,465702.68719998025
45,fixed_manifest,block_03_ffn_island,fused_ffn_island,FPGA,465668.73103998025,466001.4785599802
46,fixed_manifest,block_01_norm1,layer_norm,GPU,465702.68719998025,465724.81679998024
44,fixed_manifest,block_06_norm1,layer_norm,GPU,465724.81679998024,465746.9463999802
43,fixed_manifest,block_08_proj,linear_projection,GPU,465746.9463999802,465899.19055998017
46,fixed_manifest,block_01_qkv,linear_qkv,GPU,465899.19055998017,466341.9230399802
44,fixed_manifest,block_06_qkv,linear_qkv,GPU,466341.9230399802,466784.6555199802
42,fixed_manifest,block_10_residual2,residual_add,GPU,466784.6555199802,466803.00271998014
43,fixed_manifest,block_08_residual1,residual_add,GPU,466803.00271998014,466821.34991998016
45,fixed_manifest,block_03_residual2,residual_add,GPU,466821.34991998016,466839.6971199801
46,fixed_manifest,block_01_attention,self_attention,GPU,466839.6971199801,466995.72367998015
44,fixed_manifest,block_06_attention,self_attention,GPU,466995.72367998015,467151.7502399802
42,fixed_manifest,block_11_norm1,layer_norm,GPU,467151.7502399802,467173.87983998016
43,fixed_manifest,block_08_norm2,layer_norm,GPU,467173.87983998016,467196.00943998015
45,fixed_manifest,block_04_norm1,layer_norm,GPU,467196.00943998015,467218.13903998013
46,fixed_manifest,block_01_proj,linear_projection,GPU,467218.13903998013,467370.3831999801
43,fixed_manifest,block_08_ffn_island,fused_ffn_island,FPGA,467354.7742399801,467687.5217599801
44,fixed_manifest,block_06_proj,linear_projection,GPU,467370.3831999801,467522.6273599801
42,fixed_manifest,block_11_qkv,linear_qkv,GPU,467522.6273599801,467965.3598399801
45,fixed_manifest,block_04_qkv,linear_qkv,GPU,467965.3598399801,468408.09231998003
46,fixed_manifest,block_01_residual1,residual_add,GPU,468408.09231998003,468426.43951998005
44,fixed_manifest,block_06_residual1,residual_add,GPU,468426.43951998005,468444.78671998
43,fixed_manifest,block_08_residual2,residual_add,GPU,468444.78671998,468463.13391998
42,fixed_manifest,block_11_attention,self_attention,GPU,468463.13391998,468619.16047998006
45,fixed_manifest,block_04_attention,self_attention,GPU,468619.16047998006,468775.1870399801
46,fixed_manifest,block_01_norm2,layer_norm,GPU,468775.1870399801,468797.31663998
44,fixed_manifest,block_06_norm2,layer_norm,GPU,468797.31663998,468819.44623998
43,fixed_manifest,block_09_norm1,layer_norm,GPU,468819.44623998,468841.57583998
42,fixed_manifest,block_11_proj,linear_projection,GPU,468841.57583998,468993.81999998
45,fixed_manifest,block_04_proj,linear_projection,GPU,468993.81999998,469146.0641599799
46,fixed_manifest,block_01_ffn_island,fused_ffn_island,FPGA,469037.5870399801,469370.33455998014
43,fixed_manifest,block_09_qkv,linear_qkv,GPU,469146.0641599799,469588.79663997993
44,fixed_manifest,block_06_ffn_island,fused_ffn_island,FPGA,469370.33455998014,469703.0820799801
42,fixed_manifest,block_11_residual1,residual_add,GPU,469588.79663997993,469607.14383997995
45,fixed_manifest,block_04_residual1,residual_add,GPU,469607.14383997995,469625.4910399799
46,fixed_manifest,block_01_residual2,residual_add,GPU,469625.4910399799,469643.83823997993
43,fixed_manifest,block_09_attention,self_attention,GPU,469643.83823997993,469799.8647999799
42,fixed_manifest,block_11_norm2,layer_norm,GPU,469799.8647999799,469821.9943999799
45,fixed_manifest,block_04_norm2,layer_norm,GPU,469821.9943999799,469844.12399997987
46,fixed_manifest,block_02_norm1,layer_norm,GPU,469844.12399997987,469866.25359997986
43,fixed_manifest,block_09_proj,linear_projection,GPU,469866.25359997986,470018.49775997986
46,fixed_manifest,block_02_qkv,linear_qkv,GPU,470018.49775997986,470461.2302399798
42,fixed_manifest,block_11_ffn_island,fused_ffn_island,FPGA,470094.7441599794,470427.4916799794
45,fixed_manifest,block_04_ffn_island,fused_ffn_island,FPGA,470427.4916799794,470760.2391999794
44,fixed_manifest,block_06_residual2,residual_add,GPU,470461.2302399798,470479.5774399798
47,fixed_manifest,patch_embedding,patch_embedding,GPU,470479.5774399798,470631.0843199798
43,fixed_manifest,block_09_residual1,residual_add,GPU,470631.0843199798,470649.4315199798
46,fixed_manifest,block_02_attention,self_attention,GPU,470649.4315199798,470805.4580799798
44,fixed_manifest,block_07_norm1,layer_norm,GPU,470805.4580799798,470827.5876799798
42,fixed_manifest,block_11_residual2,residual_add,GPU,470827.5876799798,470845.93487997976
47,fixed_manifest,token_embedding,token_and_position_embedding,GPU,470845.93487997976,470864.2820799798
43,fixed_manifest,block_09_norm2,layer_norm,GPU,470864.2820799798,470886.41167997976
46,fixed_manifest,block_02_proj,linear_projection,GPU,470886.41167997976,471038.6558399797
44,fixed_manifest,block_07_qkv,linear_qkv,GPU,471038.6558399797,471481.3883199797
43,fixed_manifest,block_09_ffn_island,fused_ffn_island,FPGA,471069.76879997936,471402.5163199794
42,fixed_manifest,final_norm,layer_norm,GPU,471481.3883199797,471503.5179199797
47,fixed_manifest,block_00_norm1,layer_norm,GPU,471503.5179199797,471525.6475199797
45,fixed_manifest,block_04_residual2,residual_add,GPU,471525.6475199797,471543.99471997964
46,fixed_manifest,block_02_residual1,residual_add,GPU,471543.99471997964,471562.34191997966
44,fixed_manifest,block_07_attention,self_attention,GPU,471562.34191997966,471718.3684799797
42,fixed_manifest,class_token_select,class_token_select,GPU,471718.3684799797,471725.40687997965
47,fixed_manifest,block_00_qkv,linear_qkv,GPU,471725.40687997965,472168.13935997966
45,fixed_manifest,block_05_norm1,layer_norm,GPU,472168.13935997966,472190.26895997964
43,fixed_manifest,block_09_residual2,residual_add,GPU,472190.26895997964,472208.6161599796
46,fixed_manifest,block_02_norm2,layer_norm,GPU,472208.6161599796,472230.7457599796
44,fixed_manifest,block_07_proj,linear_projection,GPU,472230.7457599796,472382.9899199796
42,fixed_manifest,classifier,linear_classifier,GPU,472382.9899199796,472390.94991997955
46,fixed_manifest,block_02_ffn_island,fused_ffn_island,FPGA,472389.5105599796,472722.25807997957
47,fixed_manifest,block_00_attention,self_attention,GPU,472390.94991997955,472546.9764799796
45,fixed_manifest,block_05_qkv,linear_qkv,GPU,472546.9764799796,472989.7089599795
43,fixed_manifest,block_10_norm1,layer_norm,GPU,472989.7089599795,473011.8385599795
44,fixed_manifest,block_07_residual1,residual_add,GPU,473011.8385599795,473030.18575997953
47,fixed_manifest,block_00_proj,linear_projection,GPU,473030.18575997953,473182.4299199795
46,fixed_manifest,block_02_residual2,residual_add,GPU,473182.4299199795,473200.7771199795
45,fixed_manifest,block_05_attention,self_attention,GPU,473200.7771199795,473356.8036799795
43,fixed_manifest,block_10_qkv,linear_qkv,GPU,473356.8036799795,473799.53615997947
44,fixed_manifest,block_07_norm2,layer_norm,GPU,473799.53615997947,473821.66575997946
47,fixed_manifest,block_00_residual1,residual_add,GPU,473821.66575997946,473840.0129599795
46,fixed_manifest,block_03_norm1,layer_norm,GPU,473840.0129599795,473862.14255997946
45,fixed_manifest,block_05_proj,linear_projection,GPU,473862.14255997946,474014.3867199794
44,fixed_manifest,block_07_ffn_island,fused_ffn_island,FPGA,473980.43055997946,474313.1780799795
43,fixed_manifest,block_10_attention,self_attention,GPU,474014.3867199794,474170.41327997943
47,fixed_manifest,block_00_norm2,layer_norm,GPU,474170.41327997943,474192.5428799794
46,fixed_manifest,block_03_qkv,linear_qkv,GPU,474192.5428799794,474635.2753599794
47,fixed_manifest,block_00_ffn_island,fused_ffn_island,FPGA,474364.4372799794,474697.1847999794
45,fixed_manifest,block_05_residual1,residual_add,GPU,474635.2753599794,474653.6225599794
43,fixed_manifest,block_10_proj,linear_projection,GPU,474653.6225599794,474805.8667199794
44,fixed_manifest,block_07_residual2,residual_add,GPU,474805.8667199794,474824.21391997935
46,fixed_manifest,block_03_attention,self_attention,GPU,474824.21391997935,474980.2404799794
45,fixed_manifest,block_05_norm2,layer_norm,GPU,474980.2404799794,475002.37007997936
43,fixed_manifest,block_10_residual1,residual_add,GPU,475002.37007997936,475020.7172799794
44,fixed_manifest,block_08_norm1,layer_norm,GPU,475020.7172799794,475042.8468799793
47,fixed_manifest,block_00_residual2,residual_add,GPU,475042.8468799793,475061.1940799793
46,fixed_manifest,block_03_proj,linear_projection,GPU,475061.1940799793,475213.4382399793
45,fixed_manifest,block_05_ffn_island,fused_ffn_island,FPGA,475161.13487997936,475493.88239997934
43,fixed_manifest,block_10_norm2,layer_norm,GPU,475213.4382399793,475235.56783997925
44,fixed_manifest,block_08_qkv,linear_qkv,GPU,475235.56783997925,475678.30031997926
43,fixed_manifest,block_10_ffn_island,fused_ffn_island,FPGA,475493.88239997934,475826.6299199794
47,fixed_manifest,block_01_norm1,layer_norm,GPU,475678.30031997926,475700.42991997924
46,fixed_manifest,block_03_residual1,residual_add,GPU,475700.42991997924,475718.7771199792
45,fixed_manifest,block_05_residual2,residual_add,GPU,475718.7771199792,475737.1243199792
44,fixed_manifest,block_08_attention,self_attention,GPU,475737.1243199792,475893.15087997925
47,fixed_manifest,block_01_qkv,linear_qkv,GPU,475893.15087997925,476335.88335997926
46,fixed_manifest,block_03_norm2,layer_norm,GPU,476335.88335997926,476358.0129599792
45,fixed_manifest,block_06_norm1,layer_norm,GPU,476358.0129599792,476380.14255997917
44,fixed_manifest,block_08_proj,linear_projection,GPU,476380.14255997917,476532.3867199792
46,fixed_manifest,block_03_ffn_island,fused_ffn_island,FPGA,476516.7777599792,476849.5252799792
43,fixed_manifest,block_10_residual2,residual_add,GPU,476532.3867199792,476550.73391997913
47,fixed_manifest,block_01_attention,self_attention,GPU,476550.73391997913,476706.76047997916
45,fixed_manifest,block_06_qkv,linear_qkv,GPU,476706.76047997916,477149.49295997916
44,fixed_manifest,block_08_residual1,residual_add,GPU,477149.49295997916,477167.8401599791
43,fixed_manifest,block_11_norm1,layer_norm,GPU,477167.8401599791,477189.9697599791
47,fixed_manifest,block_01_proj,linear_projection,GPU,477189.9697599791,477342.2139199791
46,fixed_manifest,block_03_residual2,residual_add,GPU,477342.2139199791,477360.5611199791
45,fixed_manifest,block_06_attention,self_attention,GPU,477360.5611199791,477516.5876799791
44,fixed_manifest,block_08_norm2,layer_norm,GPU,477516.5876799791,477538.7172799791
43,fixed_manifest,block_11_qkv,linear_qkv,GPU,477538.7172799791,477981.4497599791
44,fixed_manifest,block_08_ffn_island,fused_ffn_island,FPGA,477697.4820799791,478030.2295999791
47,fixed_manifest,block_01_residual1,residual_add,GPU,477981.4497599791,477999.79695997905
46,fixed_manifest,block_04_norm1,layer_norm,GPU,477999.79695997905,478021.92655997904
45,fixed_manifest,block_06_proj,linear_projection,GPU,478021.92655997904,478174.17071997904
43,fixed_manifest,block_11_attention,self_attention,GPU,478174.17071997904,478330.19727997907
47,fixed_manifest,block_01_norm2,layer_norm,GPU,478330.19727997907,478352.32687997905
46,fixed_manifest,block_04_qkv,linear_qkv,GPU,478352.32687997905,478795.059359979
47,fixed_manifest,block_01_ffn_island,fused_ffn_island,FPGA,478511.091679979,478843.83919997903
45,fixed_manifest,block_06_residual1,residual_add,GPU,478795.059359979,478813.406559979
44,fixed_manifest,block_08_residual2,residual_add,GPU,478813.406559979,478831.753759979
43,fixed_manifest,block_11_proj,linear_projection,GPU,478831.753759979,478983.997919979
46,fixed_manifest,block_04_attention,self_attention,GPU,478983.997919979,479140.024479979
45,fixed_manifest,block_06_norm2,layer_norm,GPU,479140.024479979,479162.154079979
44,fixed_manifest,block_09_norm1,layer_norm,GPU,479162.154079979,479184.2836799789
43,fixed_manifest,block_11_residual1,residual_add,GPU,479184.2836799789,479202.63087997894
47,fixed_manifest,block_01_residual2,residual_add,GPU,479202.63087997894,479220.97807997896
46,fixed_manifest,block_04_proj,linear_projection,GPU,479220.97807997896,479373.2222399789
45,fixed_manifest,block_06_ffn_island,fused_ffn_island,FPGA,479320.91887997894,479653.666399979
44,fixed_manifest,block_09_qkv,linear_qkv,GPU,479373.2222399789,479815.9547199789
43,fixed_manifest,block_11_norm2,layer_norm,GPU,479815.9547199789,479838.0843199789
47,fixed_manifest,block_02_norm1,layer_norm,GPU,479838.0843199789,479860.2139199789
46,fixed_manifest,block_04_residual1,residual_add,GPU,479860.2139199789,479878.56111997884
45,fixed_manifest,block_06_residual2,residual_add,GPU,479878.56111997884,479896.90831997886
44,fixed_manifest,block_09_attention,self_attention,GPU,479896.90831997886,480052.9348799788
43,fixed_manifest,block_11_ffn_island,fused_ffn_island,FPGA,479996.84911997884,480329.5966399789
47,fixed_manifest,block_02_qkv,linear_qkv,GPU,480052.9348799788,480495.66735997883
46,fixed_manifest,block_04_norm2,layer_norm,GPU,480495.66735997883,480517.7969599788
45,fixed_manifest,block_07_norm1,layer_norm,GPU,480517.7969599788,480539.9265599788
48,fixed_manifest,patch_embedding,patch_embedding,GPU,480539.9265599788,480691.4334399788
46,fixed_manifest,block_04_ffn_island,fused_ffn_island,FPGA,480676.5617599788,481009.3092799788
44,fixed_manifest,block_09_proj,linear_projection,GPU,480691.4334399788,480843.67759997875
43,fixed_manifest,block_11_residual2,residual_add,GPU,480843.67759997875,480862.02479997877
47,fixed_manifest,block_02_attention,self_attention,GPU,480862.02479997877,481018.0513599788
45,fixed_manifest,block_07_qkv,linear_qkv,GPU,481018.0513599788,481460.78383997874
48,fixed_manifest,token_embedding,token_and_position_embedding,GPU,481460.78383997874,481479.13103997876
44,fixed_manifest,block_09_residual1,residual_add,GPU,481479.13103997876,481497.4782399787
43,fixed_manifest,final_norm,layer_norm,GPU,481497.4782399787,481519.6078399787
47,fixed_manifest,block_02_proj,linear_projection,GPU,481519.6078399787,481671.8519999787
46,fixed_manifest,block_04_residual2,residual_add,GPU,481671.8519999787,481690.19919997867
45,fixed_manifest,block_07_attention,self_attention,GPU,481690.19919997867,481846.2257599787
48,fixed_manifest,block_00_norm1,layer_norm,GPU,481846.2257599787,481868.3553599787
44,fixed_manifest,block_09_norm2,layer_norm,GPU,481868.3553599787,481890.48495997867
43,fixed_manifest,class_token_select,class_token_select,GPU,481890.48495997867,481897.52335997863
47,fixed_manifest,block_02_residual1,residual_add,GPU,481897.52335997863,481915.87055997865
46,fixed_manifest,block_05_norm1,layer_norm,GPU,481915.87055997865,481938.00015997863
45,fixed_manifest,block_07_proj,linear_projection,GPU,481938.00015997863,482090.2443199786
44,fixed_manifest,block_09_ffn_island,fused_ffn_island,FPGA,482049.2497599787,482381.99727997865
48,fixed_manifest,block_00_qkv,linear_qkv,GPU,482090.2443199786,482532.9767999786
43,fixed_manifest,classifier,linear_classifier,GPU,482532.9767999786,482540.93679997855
47,fixed_manifest,block_02_norm2,layer_norm,GPU,482540.93679997855,482563.06639997853
46,fixed_manifest,block_05_qkv,linear_qkv,GPU,482563.06639997853,483005.79887997854
47,fixed_manifest,block_02_ffn_island,fused_ffn_island,FPGA,482721.83119997854,483054.5787199785
45,fixed_manifest,block_07_residual1,residual_add,GPU,483005.79887997854,483024.1460799785
48,fixed_manifest,block_00_attention,self_attention,GPU,483024.1460799785,483180.1726399785
44,fixed_manifest,block_09_residual2,residual_add,GPU,483180.1726399785,483198.51983997854
46,fixed_manifest,block_05_attention,self_attention,GPU,483198.51983997854,483354.5463999786
45,fixed_manifest,block_07_norm2,layer_norm,GPU,483354.5463999786,483376.6759999785
48,fixed_manifest,block_00_proj,linear_projection,GPU,483376.6759999785,483528.9201599785
44,fixed_manifest,block_10_norm1,layer_norm,GPU,483528.9201599785,483551.0497599785
45,fixed_manifest,block_07_ffn_island,fused_ffn_island,FPGA,483535.4407999785,483868.18831997854
47,fixed_manifest,block_02_residual2,residual_add,GPU,483551.0497599785,483569.39695997845
46,fixed_manifest,block_05_proj,linear_projection,GPU,483569.39695997845,483721.64111997845
48,fixed_manifest,block_00_residual1,residual_add,GPU,483721.64111997845,483739.98831997847
44,fixed_manifest,block_10_qkv,linear_qkv,GPU,483739.98831997847,484182.7207999784
47,fixed_manifest,block_03_norm1,layer_norm,GPU,484182.7207999784,484204.8503999784
46,fixed_manifest,block_05_residual1,residual_add,GPU,484204.8503999784,484223.1975999784
48,fixed_manifest,block_00_norm2,layer_norm,GPU,484223.1975999784,484245.32719997835
45,fixed_manifest,block_07_residual2,residual_add,GPU,484245.32719997835,484263.67439997836
44,fixed_manifest,block_10_attention,self_attention,GPU,484263.67439997836,484419.7009599784
48,fixed_manifest,block_00_ffn_island,fused_ffn_island,FPGA,484404.09199997835,484736.8395199784
47,fixed_manifest,block_03_qkv,linear_qkv,GPU,484419.7009599784,484862.43343997834
46,fixed_manifest,block_05_norm2,layer_norm,GPU,484862.43343997834,484884.5630399783
45,fixed_manifest,block_08_norm1,layer_norm,GPU,484884.5630399783,484906.6926399783
44,fixed_manifest,block_10_proj,linear_projection,GPU,484906.6926399783,485058.9367999783
46,fixed_manifest,block_05_ffn_island,fused_ffn_island,FPGA,485046.36911997834,485379.11663997837
47,fixed_manifest,block_03_attention,self_attention,GPU,485058.9367999783,485214.96335997834
48,fixed_manifest,block_00_residual2,residual_add,GPU,485214.96335997834,485233.3105599783
45,fixed_manifest,block_08_qkv,linear_qkv,GPU,485233.3105599783,485676.0430399783
44,fixed_manifest,block_10_residual1,residual_add,GPU,485676.0430399783,485694.39023997827
47,fixed_manifest,block_03_proj,linear_projection,GPU,485694.39023997827,485846.63439997827
48,fixed_manifest,block_01_norm1,layer_norm,GPU,485846.63439997827,485868.76399997826
46,fixed_manifest,block_05_residual2,residual_add,GPU,485868.76399997826,485887.1111999782
45,fixed_manifest,block_08_attention,self_attention,GPU,485887.1111999782,486043.13775997824
44,fixed_manifest,block_10_norm2,layer_norm,GPU,486043.13775997824,486065.2673599782
47,fixed_manifest,block_03_residual1,residual_add,GPU,486065.2673599782,486083.61455997825
48,fixed_manifest,block_01_qkv,linear_qkv,GPU,486083.61455997825,486526.3470399782
44,fixed_manifest,block_10_ffn_island,fused_ffn_island,FPGA,486224.03215997823,486556.7796799782
46,fixed_manifest,block_06_norm1,layer_norm,GPU,486526.3470399782,486548.4766399782
45,fixed_manifest,block_08_proj,linear_projection,GPU,486548.4766399782,486700.7207999782
47,fixed_manifest,block_03_norm2,layer_norm,GPU,486700.7207999782,486722.85039997817
48,fixed_manifest,block_01_attention,self_attention,GPU,486722.85039997817,486878.8769599782
46,fixed_manifest,block_06_qkv,linear_qkv,GPU,486878.8769599782,487321.60943997814
47,fixed_manifest,block_03_ffn_island,fused_ffn_island,FPGA,486881.6151999781,487214.36271997815
45,fixed_manifest,block_08_residual1,residual_add,GPU,487321.60943997814,487339.95663997816
44,fixed_manifest,block_10_residual2,residual_add,GPU,487339.95663997816,487358.3038399781
48,fixed_manifest,block_01_proj,linear_projection,GPU,487358.3038399781,487510.5479999781
46,fixed_manifest,block_06_attention,self_attention,GPU,487510.5479999781,487666.57455997815
45,fixed_manifest,block_08_norm2,layer_norm,GPU,487666.57455997815,487688.70415997814
44,fixed_manifest,block_11_norm1,layer_norm,GPU,487688.70415997814,487710.83375997806
47,fixed_manifest,block_03_residual2,residual_add,GPU,487710.83375997806,487729.1809599781
48,fixed_manifest,block_01_residual1,residual_add,GPU,487729.1809599781,487747.5281599781
46,fixed_manifest,block_06_proj,linear_projection,GPU,487747.5281599781,487899.77231997804
45,fixed_manifest,block_08_ffn_island,fused_ffn_island,FPGA,487847.4689599781,488180.2164799781
44,fixed_manifest,block_11_qkv,linear_qkv,GPU,487899.77231997804,488342.50479997805
47,fixed_manifest,block_04_norm1,layer_norm,GPU,488342.50479997805,488364.63439997804
48,fixed_manifest,block_01_norm2,layer_norm,GPU,488364.63439997804,488386.76399997796
46,fixed_manifest,block_06_residual1,residual_add,GPU,488386.76399997796,488405.111199978
45,fixed_manifest,block_08_residual2,residual_add,GPU,488405.111199978,488423.458399978
44,fixed_manifest,block_11_attention,self_attention,GPU,488423.458399978,488579.48495997797
48,fixed_manifest,block_01_ffn_island,fused_ffn_island,FPGA,488545.52879997797,488878.276319978
47,fixed_manifest,block_04_qkv,linear_qkv,GPU,488579.48495997797,489022.217439978
46,fixed_manifest,block_06_norm2,layer_norm,GPU,489022.217439978,489044.34703997796
45,fixed_manifest,block_09_norm1,layer_norm,GPU,489044.34703997796,489066.47663997795
44,fixed_manifest,block_11_proj,linear_projection,GPU,489066.47663997795,489218.7207999779
46,fixed_manifest,block_06_ffn_island,fused_ffn_island,FPGA,489203.11183997797,489535.85935997794
47,fixed_manifest,block_04_attention,self_attention,GPU,489218.7207999779,489374.7473599779
48,fixed_manifest,block_01_residual2,residual_add,GPU,489374.7473599779,489393.09455997794
45,fixed_manifest,block_09_qkv,linear_qkv,GPU,489393.09455997794,489835.8270399779
44,fixed_manifest,block_11_residual1,residual_add,GPU,489835.8270399779,489854.1742399779
47,fixed_manifest,block_04_proj,linear_projection,GPU,489854.1742399779,490006.4183999779
48,fixed_manifest,block_02_norm1,layer_norm,GPU,490006.4183999779,490028.54799997783
46,fixed_manifest,block_06_residual2,residual_add,GPU,490028.54799997783,490046.89519997785
45,fixed_manifest,block_09_attention,self_attention,GPU,490046.89519997785,490202.9217599779
44,fixed_manifest,block_11_norm2,layer_norm,GPU,490202.9217599779,490225.05135997786
49,fixed_manifest,patch_embedding,patch_embedding,GPU,490225.05135997786,490376.5582399778
47,fixed_manifest,block_04_residual1,residual_add,GPU,490376.5582399778,490394.9054399778
44,fixed_manifest,block_11_ffn_island,fused_ffn_island,FPGA,490383.8161599778,490716.56367997784
48,fixed_manifest,block_02_qkv,linear_qkv,GPU,490394.9054399778,490837.63791997783
46,fixed_manifest,block_07_norm1,layer_norm,GPU,490837.63791997783,490859.76751997776
45,fixed_manifest,block_09_proj,linear_projection,GPU,490859.76751997776,491012.01167997776
49,fixed_manifest,token_embedding,token_and_position_embedding,GPU,491012.01167997776,491030.3588799778
47,fixed_manifest,block_04_norm2,layer_norm,GPU,491030.3588799778,491052.4884799777
48,fixed_manifest,block_02_attention,self_attention,GPU,491052.4884799777,491208.51503997773
46,fixed_manifest,block_07_qkv,linear_qkv,GPU,491208.51503997773,491651.24751997774
47,fixed_manifest,block_04_ffn_island,fused_ffn_island,FPGA,491211.2532799777,491544.00079997774
44,fixed_manifest,block_11_residual2,residual_add,GPU,491651.24751997774,491669.59471997776
45,fixed_manifest,block_09_residual1,residual_add,GPU,491669.59471997776,491687.9419199777
49,fixed_manifest,block_00_norm1,layer_norm,GPU,491687.9419199777,491710.0715199777
48,fixed_manifest,block_02_proj,linear_projection,GPU,491710.0715199777,491862.3156799777
46,fixed_manifest,block_07_attention,self_attention,GPU,491862.3156799777,492018.3422399777
44,fixed_manifest,final_norm,layer_norm,GPU,492018.3422399777,492040.47183997766
45,fixed_manifest,block_09_norm2,layer_norm,GPU,492040.47183997766,492062.60143997765
47,fixed_manifest,block_04_residual2,residual_add,GPU,492062.60143997765,492080.94863997767
49,fixed_manifest,block_00_qkv,linear_qkv,GPU,492080.94863997767,492523.6811199776
45,fixed_manifest,block_09_ffn_island,fused_ffn_island,FPGA,492221.36623997765,492554.1137599776
48,fixed_manifest,block_02_residual1,residual_add,GPU,492523.6811199776,492542.02831997763
46,fixed_manifest,block_07_proj,linear_projection,GPU,492542.02831997763,492694.2724799776
44,fixed_manifest,class_token_select,class_token_select,GPU,492694.2724799776,492701.3108799776
47,fixed_manifest,block_05_norm1,layer_norm,GPU,492701.3108799776,492723.4404799776
49,fixed_manifest,block_00_attention,self_attention,GPU,492723.4404799776,492879.4670399776
48,fixed_manifest,block_02_norm2,layer_norm,GPU,492879.4670399776,492901.5966399776
46,fixed_manifest,block_07_residual1,residual_add,GPU,492901.5966399776,492919.94383997755
44,fixed_manifest,classifier,linear_classifier,GPU,492919.94383997755,492927.9038399775
45,fixed_manifest,block_09_residual2,residual_add,GPU,492927.9038399775,492946.25103997753
47,fixed_manifest,block_05_qkv,linear_qkv,GPU,492946.25103997753,493388.9835199775
48,fixed_manifest,block_02_ffn_island,fused_ffn_island,FPGA,493060.36143997754,493393.1089599776
49,fixed_manifest,block_00_proj,linear_projection,GPU,493388.9835199775,493541.2276799775
46,fixed_manifest,block_07_norm2,layer_norm,GPU,493541.2276799775,493563.35727997747
45,fixed_manifest,block_10_norm1,layer_norm,GPU,493563.35727997747,493585.48687997746
47,fixed_manifest,block_05_attention,self_attention,GPU,493585.48687997746,493741.5134399775
46,fixed_manifest,block_07_ffn_island,fused_ffn_island,FPGA,493722.1220799775,494054.86959997745
49,fixed_manifest,block_00_residual1,residual_add,GPU,493741.5134399775,493759.86063997744
48,fixed_manifest,block_02_residual2,residual_add,GPU,493759.86063997744,493778.20783997746
45,fixed_manifest,block_10_qkv,linear_qkv,GPU,493778.20783997746,494220.9403199774
47,fixed_manifest,block_05_proj,linear_projection,GPU,494220.9403199774,494373.1844799774
49,fixed_manifest,block_00_norm2,layer_norm,GPU,494373.1844799774,494395.3140799774
48,fixed_manifest,block_03_norm1,layer_norm,GPU,494395.3140799774,494417.4436799774
46,fixed_manifest,block_07_residual2,residual_add,GPU,494417.4436799774,494435.79087997734
45,fixed_manifest,block_10_attention,self_attention,GPU,494435.79087997734,494591.81743997737
49,fixed_manifest,block_00_ffn_island,fused_ffn_island,FPGA,494554.0788799774,494886.8263999774
47,fixed_manifest,block_05_residual1,residual_add,GPU,494591.81743997737,494610.1646399774
48,fixed_manifest,block_03_qkv,linear_qkv,GPU,494610.1646399774,495052.89711997734
46,fixed_manifest,block_08_norm1,layer_norm,GPU,495052.89711997734,495075.0267199773
45,fixed_manifest,block_10_proj,linear_projection,GPU,495075.0267199773,495227.2708799773
47,fixed_manifest,block_05_norm2,layer_norm,GPU,495227.2708799773,495249.4004799773
49,fixed_manifest,block_00_residual2,residual_add,GPU,495249.4004799773,495267.74767997727
48,fixed_manifest,block_03_attention,self_attention,GPU,495267.74767997727,495423.7742399773
47,fixed_manifest,block_05_ffn_island,fused_ffn_island,FPGA,495408.16527997726,495740.9127999773
46,fixed_manifest,block_08_qkv,linear_qkv,GPU,495423.7742399773,495866.5067199773
45,fixed_manifest,block_10_residual1,residual_add,GPU,495866.5067199773,495884.85391997726
49,fixed_manifest,block_01_norm1,layer_norm,GPU,495884.85391997726,495906.98351997725
48,fixed_manifest,block_03_proj,linear_projection,GPU,495906.98351997725,496059.22767997725
46,fixed_manifest,block_08_attention,self_attention,GPU,496059.22767997725,496215.2542399773
45,fixed_manifest,block_10_norm2,layer_norm,GPU,496215.2542399773,496237.3838399772
47,fixed_manifest,block_05_residual2,residual_add,GPU,496237.3838399772,496255.7310399772
49,fixed_manifest,block_01_qkv,linear_qkv,GPU,496255.7310399772,496698.46351997723
45,fixed_manifest,block_10_ffn_island,fused_ffn_island,FPGA,496396.1486399772,496728.89615997724
48,fixed_manifest,block_03_residual1,residual_add,GPU,496698.46351997723,496716.8107199772
46,fixed_manifest,block_08_proj,linear_projection,GPU,496716.8107199772,496869.0548799772
47,fixed_manifest,block_06_norm1,layer_norm,GPU,496869.0548799772,496891.1844799772
49,fixed_manifest,block_01_attention,self_attention,GPU,496891.1844799772,497047.21103997715
48,fixed_manifest,block_03_norm2,layer_norm,GPU,497047.21103997715,497069.34063997713
46,fixed_manifest,block_08_residual1,residual_add,GPU,497069.34063997713,497087.68783997715
45,fixed_manifest,block_10_residual2,residual_add,GPU,497087.68783997715,497106.0350399771
47,fixed_manifest,block_06_qkv,linear_qkv,GPU,497106.0350399771,497548.7675199771
48,fixed_manifest,block_03_ffn_island,fused_ffn_island,FPGA,497228.10543997714,497560.8529599772
49,fixed_manifest,block_01_proj,linear_projection,GPU,497548.7675199771,497701.0116799771
46,fixed_manifest,block_08_norm2,layer_norm,GPU,497701.0116799771,497723.1412799771
45,fixed_manifest,block_11_norm1,layer_norm,GPU,497723.1412799771,497745.27087997703
47,fixed_manifest,block_06_attention,self_attention,GPU,497745.27087997703,497901.29743997706
46,fixed_manifest,block_08_ffn_island,fused_ffn_island,FPGA,497881.90607997705,498214.6535999771
49,fixed_manifest,block_01_residual1,residual_add,GPU,497901.29743997706,497919.6446399771
48,fixed_manifest,block_03_residual2,residual_add,GPU,497919.6446399771,497937.99183997704
45,fixed_manifest,block_11_qkv,linear_qkv,GPU,497937.99183997704,498380.72431997705
47,fixed_manifest,block_06_proj,linear_projection,GPU,498380.72431997705,498532.96847997705
49,fixed_manifest,block_01_norm2,layer_norm,GPU,498532.96847997705,498555.098079977
48,fixed_manifest,block_04_norm1,layer_norm,GPU,498555.098079977,498577.22767997696
46,fixed_manifest,block_08_residual2,residual_add,GPU,498577.22767997696,498595.574879977
45,fixed_manifest,block_11_attention,self_attention,GPU,498595.574879977,498751.601439977
49,fixed_manifest,block_01_ffn_island,fused_ffn_island,FPGA,498713.862879977,499046.610399977
47,fixed_manifest,block_06_residual1,residual_add,GPU,498751.601439977,498769.94863997697
48,fixed_manifest,block_04_qkv,linear_qkv,GPU,498769.94863997697,499212.681119977
46,fixed_manifest,block_09_norm1,layer_norm,GPU,499212.681119977,499234.81071997696
45,fixed_manifest,block_11_proj,linear_projection,GPU,499234.81071997696,499387.0548799769
47,fixed_manifest,block_06_norm2,layer_norm,GPU,499387.0548799769,499409.1844799769
49,fixed_manifest,block_01_residual2,residual_add,GPU,499409.1844799769,499427.5316799769
48,fixed_manifest,block_04_attention,self_attention,GPU,499427.5316799769,499583.55823997693
47,fixed_manifest,block_06_ffn_island,fused_ffn_island,FPGA,499567.9492799769,499900.69679997687
46,fixed_manifest,block_09_qkv,linear_qkv,GPU,499583.55823997693,500026.29071997694
45,fixed_manifest,block_11_residual1,residual_add,GPU,500026.29071997694,500044.637919977
49,fixed_manifest,block_02_norm1,layer_norm,GPU,500044.637919977,500066.767519977
48,fixed_manifest,block_04_proj,linear_projection,GPU,500066.767519977,500219.01167997706
50,fixed_manifest,patch_embedding,patch_embedding,GPU,500219.01167997706,500370.51855997706
46,fixed_manifest,block_09_attention,self_attention,GPU,500370.51855997706,500526.5451199771
45,fixed_manifest,block_11_norm2,layer_norm,GPU,500526.5451199771,500548.6747199771
47,fixed_manifest,block_06_residual2,residual_add,GPU,500548.6747199771,500567.02191997715
49,fixed_manifest,block_02_qkv,linear_qkv,GPU,500567.02191997715,501009.7543999772
45,fixed_manifest,block_11_ffn_island,fused_ffn_island,FPGA,500707.4395199772,501040.18703997723
48,fixed_manifest,block_04_residual1,residual_add,GPU,501009.7543999772,501028.10159997724
50,fixed_manifest,token_embedding,token_and_position_embedding,GPU,501028.10159997724,501046.4487999773
46,fixed_manifest,block_09_proj,linear_projection,GPU,501046.4487999773,501198.6929599773
47,fixed_manifest,block_07_norm1,layer_norm,GPU,501198.6929599773,501220.82255997736
49,fixed_manifest,block_02_attention,self_attention,GPU,501220.82255997736,501376.8491199774
48,fixed_manifest,block_04_norm2,layer_norm,GPU,501376.8491199774,501398.97871997743
50,fixed_manifest,block_00_norm1,layer_norm,GPU,501398.97871997743,501421.1083199774
46,fixed_manifest,block_09_residual1,residual_add,GPU,501421.1083199774,501439.4555199775
45,fixed_manifest,block_11_residual2,residual_add,GPU,501439.4555199775,501457.8027199775
47,fixed_manifest,block_07_qkv,linear_qkv,GPU,501457.8027199775,501900.5351999776
48,fixed_manifest,block_04_ffn_island,fused_ffn_island,FPGA,501557.7435199775,501890.4910399775
49,fixed_manifest,block_02_proj,linear_projection,GPU,501900.5351999776,502052.77935997763
50,fixed_manifest,block_00_qkv,linear_qkv,GPU,502052.77935997763,502495.51183997764
46,fixed_manifest,block_09_norm2,layer_norm,GPU,502495.51183997764,502517.6414399777
45,fixed_manifest,final_norm,layer_norm,GPU,502517.6414399777,502539.7710399777
47,fixed_manifest,block_07_attention,self_attention,GPU,502539.7710399777,502695.79759997776
46,fixed_manifest,block_09_ffn_island,fused_ffn_island,FPGA,502676.4062399778,503009.1537599778
48,fixed_manifest,block_04_residual2,residual_add,GPU,502695.79759997776,502714.1447999778
49,fixed_manifest,block_02_residual1,residual_add,GPU,502714.1447999778,502732.49199997785
50,fixed_manifest,block_00_attention,self_attention,GPU,502732.49199997785,502888.5185599778
45,fixed_manifest,class_token_select,class_token_select,GPU,502888.5185599778,502895.5569599779
47,fixed_manifest,block_07_proj,linear_projection,GPU,502895.5569599779,503047.80111997796
48,fixed_manifest,block_05_norm1,layer_norm,GPU,503047.80111997796,503069.93071997794
49,fixed_manifest,block_02_norm2,layer_norm,GPU,503069.93071997794,503092.060319978
50,fixed_manifest,block_00_proj,linear_projection,GPU,503092.060319978,503244.30447997805
45,fixed_manifest,classifier,linear_classifier,GPU,503244.30447997805,503252.26447997807
49,fixed_manifest,block_02_ffn_island,fused_ffn_island,FPGA,503250.8251199781,503583.5726399781
47,fixed_manifest,block_07_residual1,residual_add,GPU,503252.26447997807,503270.6116799781
48,fixed_manifest,block_05_qkv,linear_qkv,GPU,503270.6116799781,503713.34415997815
46,fixed_manifest,block_09_residual2,residual_add,GPU,503713.34415997815,503731.69135997817
50,fixed_manifest,block_00_residual1,residual_add,GPU,503731.69135997817,503750.03855997825
47,fixed_manifest,block_07_norm2,layer_norm,GPU,503750.03855997825,503772.1681599783
48,fixed_manifest,block_05_attention,self_attention,GPU,503772.1681599783,503928.1947199783
46,fixed_manifest,block_10_norm1,layer_norm,GPU,503928.1947199783,503950.3243199783
47,fixed_manifest,block_07_ffn_island,fused_ffn_island,FPGA,503930.93295997835,504263.6804799784
49,fixed_manifest,block_02_residual2,residual_add,GPU,503950.3243199783,503968.6715199784
50,fixed_manifest,block_00_norm2,layer_norm,GPU,503968.6715199784,503990.8011199784
48,fixed_manifest,block_05_proj,linear_projection,GPU,503990.8011199784,504143.0452799784
46,fixed_manifest,block_10_qkv,linear_qkv,GPU,504143.0452799784,504585.7777599785
50,fixed_manifest,block_00_ffn_island,fused_ffn_island,FPGA,504263.6804799784,504596.4279999784
49,fixed_manifest,block_03_norm1,layer_norm,GPU,504585.7777599785,504607.90735997853
48,fixed_manifest,block_05_residual1,residual_add,GPU,504607.90735997853,504626.25455997855
47,fixed_manifest,block_07_residual2,residual_add,GPU,504626.25455997855,504644.6017599786
46,fixed_manifest,block_10_attention,self_attention,GPU,504644.6017599786,504800.62831997866
49,fixed_manifest,block_03_qkv,linear_qkv,GPU,504800.62831997866,505243.36079997866
48,fixed_manifest,block_05_norm2,layer_norm,GPU,505243.36079997866,505265.4903999787
47,fixed_manifest,block_08_norm1,layer_norm,GPU,505265.4903999787,505287.61999997875
50,fixed_manifest,block_00_residual2,residual_add,GPU,505287.61999997875,505305.96719997877
46,fixed_manifest,block_10_proj,linear_projection,GPU,505305.96719997877,505458.2113599788
48,fixed_manifest,block_05_ffn_island,fused_ffn_island,FPGA,505424.2551999788,505757.0027199788
49,fixed_manifest,block_03_attention,self_attention,GPU,505458.2113599788,505614.23791997886
47,fixed_manifest,block_08_qkv,linear_qkv,GPU,505614.23791997886,506056.97039997886
50,fixed_manifest,block_01_norm1,layer_norm,GPU,506056.97039997886,506079.0999999789
46,fixed_manifest,block_10_residual1,residual_add,GPU,506079.0999999789,506097.447199979
49,fixed_manifest,block_03_proj,linear_projection,GPU,506097.447199979,506249.691359979
48,fixed_manifest,block_05_residual2,residual_add,GPU,506249.691359979,506268.03855997906
47,fixed_manifest,block_08_attention,self_attention,GPU,506268.03855997906,506424.0651199791
50,fixed_manifest,block_01_qkv,linear_qkv,GPU,506424.0651199791,506866.7975999791
46,fixed_manifest,block_10_norm2,layer_norm,GPU,506866.7975999791,506888.92719997914
49,fixed_manifest,block_03_residual1,residual_add,GPU,506888.92719997914,506907.27439997916
48,fixed_manifest,block_06_norm1,layer_norm,GPU,506907.27439997916,506929.4039999792
47,fixed_manifest,block_08_proj,linear_projection,GPU,506929.4039999792,507081.64815997926
46,fixed_manifest,block_10_ffn_island,fused_ffn_island,FPGA,507047.69199997926,507380.43951997923
50,fixed_manifest,block_01_attention,self_attention,GPU,507081.64815997926,507237.6747199793
49,fixed_manifest,block_03_norm2,layer_norm,GPU,507237.6747199793,507259.8043199793
48,fixed_manifest,block_06_qkv,linear_qkv,GPU,507259.8043199793,507702.53679997934
49,fixed_manifest,block_03_ffn_island,fused_ffn_island,FPGA,507431.6987199794,507764.4462399794
47,fixed_manifest,block_08_residual1,residual_add,GPU,507702.53679997934,507720.8839999794
50,fixed_manifest,block_01_proj,linear_projection,GPU,507720.8839999794,507873.1281599794
46,fixed_manifest,block_10_residual2,residual_add,GPU,507873.1281599794,507891.4753599795
48,fixed_manifest,block_06_attention,self_attention,GPU,507891.4753599795,508047.5019199795
47,fixed_manifest,block_08_norm2,layer_norm,GPU,508047.5019199795,508069.6315199795
50,fixed_manifest,block_01_residual1,residual_add,GPU,508069.6315199795,508087.9787199796
46,fixed_manifest,block_11_norm1,layer_norm,GPU,508087.9787199796,508110.1083199796
49,fixed_manifest,block_03_residual2,residual_add,GPU,508110.1083199796,508128.45551997965
48,fixed_manifest,block_06_proj,linear_projection,GPU,508128.45551997965,508280.6996799797
47,fixed_manifest,block_08_ffn_island,fused_ffn_island,FPGA,508228.3963199796,508561.14383997966
50,fixed_manifest,block_01_norm2,layer_norm,GPU,508280.6996799797,508302.8292799797
46,fixed_manifest,block_11_qkv,linear_qkv,GPU,508302.8292799797,508745.56175997976
50,fixed_manifest,block_01_ffn_island,fused_ffn_island,FPGA,508561.14383997966,508893.89135997964
49,fixed_manifest,block_04_norm1,layer_norm,GPU,508745.56175997976,508767.6913599798
48,fixed_manifest,block_06_residual1,residual_add,GPU,508767.6913599798,508786.0385599798
47,fixed_manifest,block_08_residual2,residual_add,GPU,508786.0385599798,508804.3857599799
46,fixed_manifest,block_11_attention,self_attention,GPU,508804.3857599799,508960.4123199799
49,fixed_manifest,block_04_qkv,linear_qkv,GPU,508960.4123199799,509403.1447999799
48,fixed_manifest,block_06_norm2,layer_norm,GPU,509403.1447999799,509425.27439998
47,fixed_manifest,block_09_norm1,layer_norm,GPU,509425.27439998,509447.40399998
46,fixed_manifest,block_11_proj,linear_projection,GPU,509447.40399998,509599.64815998
48,fixed_manifest,block_06_ffn_island,fused_ffn_island,FPGA,509584.0391999801,509916.78671998007
50,fixed_manifest,block_01_residual2,residual_add,GPU,509599.64815998,509617.9953599801
49,fixed_manifest,block_04_attention,self_attention,GPU,509617.9953599801,509774.0219199801
47,fixed_manifest,block_09_qkv,linear_qkv,GPU,509774.0219199801,510216.7543999801
46,fixed_manifest,block_11_residual1,residual_add,GPU,510216.7543999801,510235.1015999802
50,fixed_manifest,block_02_norm1,layer_norm,GPU,510235.1015999802,510257.23119998025
49,fixed_manifest,block_04_proj,linear_projection,GPU,510257.23119998025,510409.47535998025
51,fixed_manifest,patch_embedding,patch_embedding,GPU,510409.47535998025,510560.98223998025
48,fixed_manifest,block_06_residual2,residual_add,GPU,510560.98223998025,510579.3294399803
47,fixed_manifest,block_09_attention,self_attention,GPU,510579.3294399803,510735.3559999803
46,fixed_manifest,block_11_norm2,layer_norm,GPU,510735.3559999803,510757.48559998034
50,fixed_manifest,block_02_qkv,linear_qkv,GPU,510757.48559998034,511200.2180799804
46,fixed_manifest,block_11_ffn_island,fused_ffn_island,FPGA,510916.25039998046,511248.99791998044
49,fixed_manifest,block_04_residual1,residual_add,GPU,511200.2180799804,511218.5652799804
51,fixed_manifest,token_embedding,token_and_position_embedding,GPU,511218.5652799804,511236.9124799805
48,fixed_manifest,block_07_norm1,layer_norm,GPU,511236.9124799805,511259.04207998054
47,fixed_manifest,block_09_proj,linear_projection,GPU,511259.04207998054,511411.28623998055
50,fixed_manifest,block_02_attention,self_attention,GPU,511411.28623998055,511567.3127999806
49,fixed_manifest,block_04_norm2,layer_norm,GPU,511567.3127999806,511589.4423999806
51,fixed_manifest,block_00_norm1,layer_norm,GPU,511589.4423999806,511611.57199998066
48,fixed_manifest,block_07_qkv,linear_qkv,GPU,511611.57199998066,512054.30447998067
49,fixed_manifest,block_04_ffn_island,fused_ffn_island,FPGA,511748.20719998074,512080.9547199807
46,fixed_manifest,block_11_residual2,residual_add,GPU,512054.30447998067,512072.65167998074
47,fixed_manifest,block_09_residual1,residual_add,GPU,512072.65167998074,512090.99887998076
50,fixed_manifest,block_02_proj,linear_projection,GPU,512090.99887998076,512243.2430399808
51,fixed_manifest,block_00_qkv,linear_qkv,GPU,512243.2430399808,512685.9755199808
48,fixed_manifest,block_07_attention,self_attention,GPU,512685.9755199808,512842.00207998086
46,fixed_manifest,final_norm,layer_norm,GPU,512842.00207998086,512864.1316799809
47,fixed_manifest,block_09_norm2,layer_norm,GPU,512864.1316799809,512886.26127998094
49,fixed_manifest,block_04_residual2,residual_add,GPU,512886.26127998094,512904.60847998096
50,fixed_manifest,block_02_residual1,residual_add,GPU,512904.60847998096,512922.95567998104
51,fixed_manifest,block_00_attention,self_attention,GPU,512922.95567998104,513078.98223998107
47,fixed_manifest,block_09_ffn_island,fused_ffn_island,FPGA,513045.02607998106,513377.77359998104
48,fixed_manifest,block_07_proj,linear_projection,GPU,513078.98223998107,513231.22639998107
46,fixed_manifest,class_token_select,class_token_select,GPU,513231.22639998107,513238.26479998115
49,fixed_manifest,block_05_norm1,layer_norm,GPU,513238.26479998115,513260.3943999812
50,fixed_manifest,block_02_norm2,layer_norm,GPU,513260.3943999812,513282.5239999812
51,fixed_manifest,block_00_proj,linear_projection,GPU,513282.5239999812,513434.76815998123
48,fixed_manifest,block_07_residual1,residual_add,GPU,513434.76815998123,513453.1153599813
46,fixed_manifest,classifier,linear_classifier,GPU,513453.1153599813,513461.07535998133
49,fixed_manifest,block_05_qkv,linear_qkv,GPU,513461.07535998133,513903.80783998134
50,fixed_manifest,block_02_ffn_island,fused_ffn_island,FPGA,513479.8039999814,513812.5515199814
51,fixed_manifest,block_00_residual1,residual_add,GPU,513903.80783998134,513922.1550399814
48,fixed_manifest,block_07_norm2,layer_norm,GPU,513922.1550399814,513944.28463998146
47,fixed_manifest,block_09_residual2,residual_add,GPU,513944.28463998146,513962.6318399815
49,fixed_manifest,block_05_attention,self_attention,GPU,513962.6318399815,514118.6583999815
51,fixed_manifest,block_00_norm2,layer_norm,GPU,514118.6583999815,514140.78799998155
48,fixed_manifest,block_07_ffn_island,fused_ffn_island,FPGA,514122.0811199816,514454.82863998157
47,fixed_manifest,block_10_norm1,layer_norm,GPU,514140.78799998155,514162.91759998153
50,fixed_manifest,block_02_residual2,residual_add,GPU,514162.91759998153,514181.2647999816
49,fixed_manifest,block_05_proj,linear_projection,GPU,514181.2647999816,514333.5089599817
47,fixed_manifest,block_10_qkv,linear_qkv,GPU,514333.5089599817,514776.2414399817
51,fixed_manifest,block_00_ffn_island,fused_ffn_island,FPGA,514454.82863998157,514787.5761599816
50,fixed_manifest,block_03_norm1,layer_norm,GPU,514776.2414399817,514798.3710399817
49,fixed_manifest,block_05_residual1,residual_add,GPU,514798.3710399817,514816.71823998174
48,fixed_manifest,block_07_residual2,residual_add,GPU,514816.71823998174,514835.0654399818
47,fixed_manifest,block_10_attention,self_attention,GPU,514835.0654399818,514991.09199998184
50,fixed_manifest,block_03_qkv,linear_qkv,GPU,514991.09199998184,515433.82447998185
49,fixed_manifest,block_05_norm2,layer_norm,GPU,515433.82447998185,515455.9540799819
48,fixed_manifest,block_08_norm1,layer_norm,GPU,515455.9540799819,515478.08367998194
51,fixed_manifest,block_00_residual2,residual_add,GPU,515478.08367998194,515496.43087998196
47,fixed_manifest,block_10_proj,linear_projection,GPU,515496.43087998196,515648.675039982
49,fixed_manifest,block_05_ffn_island,fused_ffn_island,FPGA,515614.718879982,515947.466399982
50,fixed_manifest,block_03_attention,self_attention,GPU,515648.675039982,515804.70159998204
48,fixed_manifest,block_08_qkv,linear_qkv,GPU,515804.70159998204,516247.4340799821
51,fixed_manifest,block_01_norm1,layer_norm,GPU,516247.4340799821,516269.5636799821
47,fixed_manifest,block_10_residual1,residual_add,GPU,516269.5636799821,516287.91087998217
50,fixed_manifest,block_03_proj,linear_projection,GPU,516287.91087998217,516440.1550399822
49,fixed_manifest,block_05_residual2,residual_add,GPU,516440.1550399822,516458.50223998225
48,fixed_manifest,block_08_attention,self_attention,GPU,516458.50223998225,516614.5287999823
51,fixed_manifest,block_01_qkv,linear_qkv,GPU,516614.5287999823,517057.2612799823
47,fixed_manifest,block_10_norm2,layer_norm,GPU,517057.2612799823,517079.3908799823
50,fixed_manifest,block_03_residual1,residual_add,GPU,517079.3908799823,517097.7380799824
49,fixed_manifest,block_06_norm1,layer_norm,GPU,517097.7380799824,517119.8676799824
48,fixed_manifest,block_08_proj,linear_projection,GPU,517119.8676799824,517272.11183998245
47,fixed_manifest,block_10_ffn_island,fused_ffn_island,FPGA,517238.15567998245,517570.9031999824
51,fixed_manifest,block_01_attention,self_attention,GPU,517272.11183998245,517428.1383999825
50,fixed_manifest,block_03_norm2,layer_norm,GPU,517428.1383999825,517450.2679999825
49,fixed_manifest,block_06_qkv,linear_qkv,GPU,517450.2679999825,517893.0004799825
50,fixed_manifest,block_03_ffn_island,fused_ffn_island,FPGA,517622.1623999826,517954.9099199826
48,fixed_manifest,block_08_residual1,residual_add,GPU,517893.0004799825,517911.3476799826
51,fixed_manifest,block_01_proj,linear_projection,GPU,517911.3476799826,518063.5918399826
47,fixed_manifest,block_10_residual2,residual_add,GPU,518063.5918399826,518081.9390399827
49,fixed_manifest,block_06_attention,self_attention,GPU,518081.9390399827,518237.9655999827
48,fixed_manifest,block_08_norm2,layer_norm,GPU,518237.9655999827,518260.09519998275
51,fixed_manifest,block_01_residual1,residual_add,GPU,518260.09519998275,518278.44239998277
47,fixed_manifest,block_11_norm1,layer_norm,GPU,518278.44239998277,518300.5719999828
50,fixed_manifest,block_03_residual2,residual_add,GPU,518300.5719999828,518318.91919998283
49,fixed_manifest,block_06_proj,linear_projection,GPU,518318.91919998283,518471.1633599829
48,fixed_manifest,block_08_ffn_island,fused_ffn_island,FPGA,518418.8599999828,518751.60751998285
51,fixed_manifest,block_01_norm2,layer_norm,GPU,518471.1633599829,518493.29295998294
47,fixed_manifest,block_11_qkv,linear_qkv,GPU,518493.29295998294,518936.02543998294
51,fixed_manifest,block_01_ffn_island,fused_ffn_island,FPGA,518751.60751998285,519084.3550399828
50,fixed_manifest,block_04_norm1,layer_norm,GPU,518936.02543998294,518958.155039983
49,fixed_manifest,block_06_residual1,residual_add,GPU,518958.155039983,518976.50223998306
48,fixed_manifest,block_08_residual2,residual_add,GPU,518976.50223998306,518994.8494399831
47,fixed_manifest,block_11_attention,self_attention,GPU,518994.8494399831,519150.8759999831
50,fixed_manifest,block_04_qkv,linear_qkv,GPU,519150.8759999831,519593.6084799832
49,fixed_manifest,block_06_norm2,layer_norm,GPU,519593.6084799832,519615.73807998316
48,fixed_manifest,block_09_norm1,layer_norm,GPU,519615.73807998316,519637.8676799832
47,fixed_manifest,block_11_proj,linear_projection,GPU,519637.8676799832,519790.11183998326
49,fixed_manifest,block_06_ffn_island,fused_ffn_island,FPGA,519774.5028799833,520107.2503999833
51,fixed_manifest,block_01_residual2,residual_add,GPU,519790.11183998326,519808.4590399833
50,fixed_manifest,block_04_attention,self_attention,GPU,519808.4590399833,519964.4855999833
48,fixed_manifest,block_09_qkv,linear_qkv,GPU,519964.4855999833,520407.2180799834
47,fixed_manifest,block_11_residual1,residual_add,GPU,520407.2180799834,520425.5652799834
51,fixed_manifest,block_02_norm1,layer_norm,GPU,520425.5652799834,520447.69487998344
50,fixed_manifest,block_04_proj,linear_projection,GPU,520447.69487998344,520599.9390399835
52,fixed_manifest,patch_embedding,patch_embedding,GPU,520599.9390399835,520751.44591998344
49,fixed_manifest,block_06_residual2,residual_add,GPU,520751.44591998344,520769.7931199835
48,fixed_manifest,block_09_attention,self_attention,GPU,520769.7931199835,520925.81967998354
47,fixed_manifest,block_11_norm2,layer_norm,GPU,520925.81967998354,520947.9492799836
51,fixed_manifest,block_02_qkv,linear_qkv,GPU,520947.9492799836,521390.6817599836
47,fixed_manifest,block_11_ffn_island,fused_ffn_island,FPGA,521106.71407998365,521439.4615999837
50,fixed_manifest,block_04_residual1,residual_add,GPU,521390.6817599836,521409.02895998367
52,fixed_manifest,token_embedding,token_and_position_embedding,GPU,521409.02895998367,521427.3761599837
49,fixed_manifest,block_07_norm1,layer_norm,GPU,521427.3761599837,521449.50575998373
48,fixed_manifest,block_09_proj,linear_projection,GPU,521449.50575998373,521601.74991998373
51,fixed_manifest,block_02_attention,self_attention,GPU,521601.74991998373,521757.77647998376
50,fixed_manifest,block_04_norm2,layer_norm,GPU,521757.77647998376,521779.9060799838
52,fixed_manifest,block_00_norm1,layer_norm,GPU,521779.9060799838,521802.03567998385
49,fixed_manifest,block_07_qkv,linear_qkv,GPU,521802.03567998385,522244.7681599839
50,fixed_manifest,block_04_ffn_island,fused_ffn_island,FPGA,521938.6708799839,522271.4183999839
47,fixed_manifest,block_11_residual2,residual_add,GPU,522244.7681599839,522263.11535998393
48,fixed_manifest,block_09_residual1,residual_add,GPU,522263.11535998393,522281.46255998395
51,fixed_manifest,block_02_proj,linear_projection,GPU,522281.46255998395,522433.706719984
52,fixed_manifest,block_00_qkv,linear_qkv,GPU,522433.706719984,522876.4391999841
49,fixed_manifest,block_07_attention,self_attention,GPU,522876.4391999841,523032.4657599841
47,fixed_manifest,final_norm,layer_norm,GPU,523032.4657599841,523054.5953599841
48,fixed_manifest,block_09_norm2,layer_norm,GPU,523054.5953599841,523076.72495998413
50,fixed_manifest,block_04_residual2,residual_add,GPU,523076.72495998413,523095.0721599842
51,fixed_manifest,block_02_residual1,residual_add,GPU,523095.0721599842,523113.4193599842
52,fixed_manifest,block_00_attention,self_attention,GPU,523113.4193599842,523269.44591998425
48,fixed_manifest,block_09_ffn_island,fused_ffn_island,FPGA,523235.48975998425,523568.2372799842
49,fixed_manifest,block_07_proj,linear_projection,GPU,523269.44591998425,523421.6900799843
47,fixed_manifest,class_token_select,class_token_select,GPU,523421.6900799843,523428.72847998433
50,fixed_manifest,block_05_norm1,layer_norm,GPU,523428.72847998433,523450.8580799844
51,fixed_manifest,block_02_norm2,layer_norm,GPU,523450.8580799844,523472.9876799844
52,fixed_manifest,block_00_proj,linear_projection,GPU,523472.9876799844,523625.2318399844
49,fixed_manifest,block_07_residual1,residual_add,GPU,523625.2318399844,523643.5790399845
47,fixed_manifest,classifier,linear_classifier,GPU,523643.5790399845,523651.5390399845
50,fixed_manifest,block_05_qkv,linear_qkv,GPU,523651.5390399845,524094.2715199846
51,fixed_manifest,block_02_ffn_island,fused_ffn_island,FPGA,523670.26767998456,524003.0151999846
52,fixed_manifest,block_00_residual1,residual_add,GPU,524094.2715199846,524112.6187199846
49,fixed_manifest,block_07_norm2,layer_norm,GPU,524112.6187199846,524134.74831998465
48,fixed_manifest,block_09_residual2,residual_add,GPU,524134.74831998465,524153.09551998466
50,fixed_manifest,block_05_attention,self_attention,GPU,524153.09551998466,524309.1220799848
52,fixed_manifest,block_00_norm2,layer_norm,GPU,524309.1220799848,524331.2516799847
49,fixed_manifest,block_07_ffn_island,fused_ffn_island,FPGA,524312.5447999848,524645.2923199848
48,fixed_manifest,block_10_norm1,layer_norm,GPU,524331.2516799847,524353.3812799847
51,fixed_manifest,block_02_residual2,residual_add,GPU,524353.3812799847,524371.7284799848
50,fixed_manifest,block_05_proj,linear_projection,GPU,524371.7284799848,524523.9726399848
48,fixed_manifest,block_10_qkv,linear_qkv,GPU,524523.9726399848,524966.7051199849
52,fixed_manifest,block_00_ffn_island,fused_ffn_island,FPGA,524645.2923199848,524978.0398399848
51,fixed_manifest,block_03_norm1,layer_norm,GPU,524966.7051199849,524988.8347199849
50,fixed_manifest,block_05_residual1,residual_add,GPU,524988.8347199849,525007.181919985
49,fixed_manifest,block_07_residual2,residual_add,GPU,525007.181919985,525025.5291199851
48,fixed_manifest,block_10_attention,self_attention,GPU,525025.5291199851,525181.5556799851
51,fixed_manifest,block_03_qkv,linear_qkv,GPU,525181.5556799851,525624.2881599851
50,fixed_manifest,block_05_norm2,layer_norm,GPU,525624.2881599851,525646.4177599851
49,fixed_manifest,block_08_norm1,layer_norm,GPU,525646.4177599851,525668.5473599852
52,fixed_manifest,block_00_residual2,residual_add,GPU,525668.5473599852,525686.8945599851
48,fixed_manifest,block_10_proj,linear_projection,GPU,525686.8945599851,525839.1387199853
50,fixed_manifest,block_05_ffn_island,fused_ffn_island,FPGA,525805.1825599852,526137.9300799852
51,fixed_manifest,block_03_attention,self_attention,GPU,525839.1387199853,525995.1652799853
49,fixed_manifest,block_08_qkv,linear_qkv,GPU,525995.1652799853,526437.8977599853
52,fixed_manifest,block_01_norm1,layer_norm,GPU,526437.8977599853,526460.0273599853
48,fixed_manifest,block_10_residual1,residual_add,GPU,526460.0273599853,526478.3745599854
51,fixed_manifest,block_03_proj,linear_projection,GPU,526478.3745599854,526630.6187199854
50,fixed_manifest,block_05_residual2,residual_add,GPU,526630.6187199854,526648.9659199854
49,fixed_manifest,block_08_attention,self_attention,GPU,526648.9659199854,526804.9924799855
52,fixed_manifest,block_01_qkv,linear_qkv,GPU,526804.9924799855,527247.7249599855
48,fixed_manifest,block_10_norm2,layer_norm,GPU,527247.7249599855,527269.8545599856
51,fixed_manifest,block_03_residual1,residual_add,GPU,527269.8545599856,527288.2017599855
50,fixed_manifest,block_06_norm1,layer_norm,GPU,527288.2017599855,527310.3313599856
49,fixed_manifest,block_08_proj,linear_projection,GPU,527310.3313599856,527462.5755199856
48,fixed_manifest,block_10_ffn_island,fused_ffn_island,FPGA,527428.6193599857,527761.3668799857
52,fixed_manifest,block_01_attention,self_attention,GPU,527462.5755199856,527618.6020799857
51,fixed_manifest,block_03_norm2,layer_norm,GPU,527618.6020799857,527640.7316799858
50,fixed_manifest,block_06_qkv,linear_qkv,GPU,527640.7316799858,528083.4641599858
51,fixed_manifest,block_03_ffn_island,fused_ffn_island,FPGA,527812.6260799858,528145.3735999858
49,fixed_manifest,block_08_residual1,residual_add,GPU,528083.4641599858,528101.8113599858
52,fixed_manifest,block_01_proj,linear_projection,GPU,528101.8113599858,528254.0555199858
48,fixed_manifest,block_10_residual2,residual_add,GPU,528254.0555199858,528272.4027199859
50,fixed_manifest,block_06_attention,self_attention,GPU,528272.4027199859,528428.429279986
49,fixed_manifest,block_08_norm2,layer_norm,GPU,528428.429279986,528450.5588799859
52,fixed_manifest,block_01_residual1,residual_add,GPU,528450.5588799859,528468.906079986
48,fixed_manifest,block_11_norm1,layer_norm,GPU,528468.906079986,528491.035679986
51,fixed_manifest,block_03_residual2,residual_add,GPU,528491.035679986,528509.3828799861
50,fixed_manifest,block_06_proj,linear_projection,GPU,528509.3828799861,528661.6270399861
49,fixed_manifest,block_08_ffn_island,fused_ffn_island,FPGA,528609.3236799861,528942.071199986
52,fixed_manifest,block_01_norm2,layer_norm,GPU,528661.6270399861,528683.7566399861
48,fixed_manifest,block_11_qkv,linear_qkv,GPU,528683.7566399861,529126.4891199862
52,fixed_manifest,block_01_ffn_island,fused_ffn_island,FPGA,528942.071199986,529274.818719986
51,fixed_manifest,block_04_norm1,layer_norm,GPU,529126.4891199862,529148.6187199862
50,fixed_manifest,block_06_residual1,residual_add,GPU,529148.6187199862,529166.9659199863
49,fixed_manifest,block_08_residual2,residual_add,GPU,529166.9659199863,529185.3131199863
48,fixed_manifest,block_11_attention,self_attention,GPU,529185.3131199863,529341.3396799864
51,fixed_manifest,block_04_qkv,linear_qkv,GPU,529341.3396799864,529784.0721599864
50,fixed_manifest,block_06_norm2,layer_norm,GPU,529784.0721599864,529806.2017599863
49,fixed_manifest,block_09_norm1,layer_norm,GPU,529806.2017599863,529828.3313599864
48,fixed_manifest,block_11_proj,linear_projection,GPU,529828.3313599864,529980.5755199865
50,fixed_manifest,block_06_ffn_island,fused_ffn_island,FPGA,529964.9665599865,530297.7140799864
52,fixed_manifest,block_01_residual2,residual_add,GPU,529980.5755199865,529998.9227199865
51,fixed_manifest,block_04_attention,self_attention,GPU,529998.9227199865,530154.9492799866
49,fixed_manifest,block_09_qkv,linear_qkv,GPU,530154.9492799866,530597.6817599866
48,fixed_manifest,block_11_residual1,residual_add,GPU,530597.6817599866,530616.0289599866
52,fixed_manifest,block_02_norm1,layer_norm,GPU,530616.0289599866,530638.1585599866
53,fixed_manifest,patch_embedding,patch_embedding,GPU,530638.1585599866,530789.6654399866
51,fixed_manifest,block_04_proj,linear_projection,GPU,530789.6654399866,530941.9095999866
50,fixed_manifest,block_06_residual2,residual_add,GPU,530941.9095999866,530960.2567999867
49,fixed_manifest,block_09_attention,self_attention,GPU,530960.2567999867,531116.2833599867
48,fixed_manifest,block_11_norm2,layer_norm,GPU,531116.2833599867,531138.4129599867
52,fixed_manifest,block_02_qkv,linear_qkv,GPU,531138.4129599867,531581.1454399868
48,fixed_manifest,block_11_ffn_island,fused_ffn_island,FPGA,531297.1777599868,531629.9252799869
53,fixed_manifest,token_embedding,token_and_position_embedding,GPU,531581.1454399868,531599.4926399868
51,fixed_manifest,block_04_residual1,residual_add,GPU,531599.4926399868,531617.8398399869
50,fixed_manifest,block_07_norm1,layer_norm,GPU,531617.8398399869,531639.969439987
49,fixed_manifest,block_09_proj,linear_projection,GPU,531639.969439987,531792.213599987
52,fixed_manifest,block_02_attention,self_attention,GPU,531792.213599987,531948.240159987
53,fixed_manifest,block_00_norm1,layer_norm,GPU,531948.240159987,531970.369759987
51,fixed_manifest,block_04_norm2,layer_norm,GPU,531970.369759987,531992.4993599871
50,fixed_manifest,block_07_qkv,linear_qkv,GPU,531992.4993599871,532435.2318399871
51,fixed_manifest,block_04_ffn_island,fused_ffn_island,FPGA,532151.2641599871,532484.0116799872
48,fixed_manifest,block_11_residual2,residual_add,GPU,532435.2318399871,532453.5790399872
49,fixed_manifest,block_09_residual1,residual_add,GPU,532453.5790399872,532471.9262399871
52,fixed_manifest,block_02_proj,linear_projection,GPU,532471.9262399871,532624.1703999873
53,fixed_manifest,block_00_qkv,linear_qkv,GPU,532624.1703999873,533066.9028799873
50,fixed_manifest,block_07_attention,self_attention,GPU,533066.9028799873,533222.9294399873
48,fixed_manifest,final_norm,layer_norm,GPU,533222.9294399873,533245.0590399873
49,fixed_manifest,block_09_norm2,layer_norm,GPU,533245.0590399873,533267.1886399874
52,fixed_manifest,block_02_residual1,residual_add,GPU,533267.1886399874,533285.5358399873
51,fixed_manifest,block_04_residual2,residual_add,GPU,533285.5358399873,533303.8830399874
53,fixed_manifest,block_00_attention,self_attention,GPU,533303.8830399874,533459.9095999874
49,fixed_manifest,block_09_ffn_island,fused_ffn_island,FPGA,533425.9534399875,533758.7009599875
50,fixed_manifest,block_07_proj,linear_projection,GPU,533459.9095999874,533612.1537599874
48,fixed_manifest,class_token_select,class_token_select,GPU,533612.1537599874,533619.1921599875
52,fixed_manifest,block_02_norm2,layer_norm,GPU,533619.1921599875,533641.3217599876
51,fixed_manifest,block_05_norm1,layer_norm,GPU,533641.3217599876,533663.4513599876
53,fixed_manifest,block_00_proj,linear_projection,GPU,533663.4513599876,533815.6955199876
50,fixed_manifest,block_07_residual1,residual_add,GPU,533815.6955199876,533834.0427199877
52,fixed_manifest,block_02_ffn_island,fused_ffn_island,FPGA,533816.4721599878,534149.2196799878
48,fixed_manifest,classifier,linear_classifier,GPU,533834.0427199877,533842.0027199878
51,fixed_manifest,block_05_qkv,linear_qkv,GPU,533842.0027199878,534284.7351999878
53,fixed_manifest,block_00_residual1,residual_add,GPU,534284.7351999878,534303.0823999878
50,fixed_manifest,block_07_norm2,layer_norm,GPU,534303.0823999878,534325.2119999878
49,fixed_manifest,block_09_residual2,residual_add,GPU,534325.2119999878,534343.5591999879
51,fixed_manifest,block_05_attention,self_attention,GPU,534343.5591999879,534499.5857599879
50,fixed_manifest,block_07_ffn_island,fused_ffn_island,FPGA,534483.976799988,534816.7243199879
53,fixed_manifest,block_00_norm2,layer_norm,GPU,534499.5857599879,534521.7153599879
52,fixed_manifest,block_02_residual2,residual_add,GPU,534521.7153599879,534540.062559988
49,fixed_manifest,block_10_norm1,layer_norm,GPU,534540.062559988,534562.192159988
51,fixed_manifest,block_05_proj,linear_projection,GPU,534562.192159988,534714.4363199881
52,fixed_manifest,block_03_norm1,layer_norm,GPU,534714.4363199881,534736.5659199881
49,fixed_manifest,block_10_qkv,linear_qkv,GPU,534736.5659199881,535179.2983999881
53,fixed_manifest,block_00_ffn_island,fused_ffn_island,FPGA,534816.7243199879,535149.4718399879
51,fixed_manifest,block_05_residual1,residual_add,GPU,535179.2983999881,535197.6455999882
52,fixed_manifest,block_03_qkv,linear_qkv,GPU,535197.6455999882,535640.3780799882
50,fixed_manifest,block_07_residual2,residual_add,GPU,535640.3780799882,535658.7252799883
49,fixed_manifest,block_10_attention,self_attention,GPU,535658.7252799883,535814.7518399883
51,fixed_manifest,block_05_norm2,layer_norm,GPU,535814.7518399883,535836.8814399883
53,fixed_manifest,block_00_residual2,residual_add,GPU,535836.8814399883,535855.2286399883
52,fixed_manifest,block_03_attention,self_attention,GPU,535855.2286399883,536011.2551999884
51,fixed_manifest,block_05_ffn_island,fused_ffn_island,FPGA,535995.6462399884,536328.3937599884
50,fixed_manifest,block_08_norm1,layer_norm,GPU,536011.2551999884,536033.3847999884
49,fixed_manifest,block_10_proj,linear_projection,GPU,536033.3847999884,536185.6289599885
53,fixed_manifest,block_01_norm1,layer_norm,GPU,536185.6289599885,536207.7585599885
52,fixed_manifest,block_03_proj,linear_projection,GPU,536207.7585599885,536360.0027199885
50,fixed_manifest,block_08_qkv,linear_qkv,GPU,536360.0027199885,536802.7351999886
49,fixed_manifest,block_10_residual1,residual_add,GPU,536802.7351999886,536821.0823999885
53,fixed_manifest,block_01_qkv,linear_qkv,GPU,536821.0823999885,537263.8148799887
52,fixed_manifest,block_03_residual1,residual_add,GPU,537263.8148799887,537282.1620799887
51,fixed_manifest,block_05_residual2,residual_add,GPU,537282.1620799887,537300.5092799887
50,fixed_manifest,block_08_attention,self_attention,GPU,537300.5092799887,537456.5358399887
49,fixed_manifest,block_10_norm2,layer_norm,GPU,537456.5358399887,537478.6654399888
53,fixed_manifest,block_01_attention,self_attention,GPU,537478.6654399888,537634.6919999889
52,fixed_manifest,block_03_norm2,layer_norm,GPU,537634.6919999889,537656.8215999888
49,fixed_manifest,block_10_ffn_island,fused_ffn_island,FPGA,537637.4302399888,537970.1777599889
51,fixed_manifest,block_06_norm1,layer_norm,GPU,537656.8215999888,537678.9511999888
50,fixed_manifest,block_08_proj,linear_projection,GPU,537678.9511999888,537831.195359989
53,fixed_manifest,block_01_proj,linear_projection,GPU,537831.195359989,537983.439519989
52,fixed_manifest,block_03_ffn_island,fused_ffn_island,FPGA,537970.1777599889,538302.9252799889
51,fixed_manifest,block_06_qkv,linear_qkv,GPU,537983.439519989,538426.171999989
50,fixed_manifest,block_08_residual1,residual_add,GPU,538426.171999989,538444.519199989
53,fixed_manifest,block_01_residual1,residual_add,GPU,538444.519199989,538462.8663999891
49,fixed_manifest,block_10_residual2,residual_add,GPU,538462.8663999891,538481.2135999891
51,fixed_manifest,block_06_attention,self_attention,GPU,538481.2135999891,538637.2401599891
50,fixed_manifest,block_08_norm2,layer_norm,GPU,538637.2401599891,538659.3697599892
52,fixed_manifest,block_03_residual2,residual_add,GPU,538659.3697599892,538677.7169599893
53,fixed_manifest,block_01_norm2,layer_norm,GPU,538677.7169599893,538699.8465599893
49,fixed_manifest,block_11_norm1,layer_norm,GPU,538699.8465599893,538721.9761599893
51,fixed_manifest,block_06_proj,linear_projection,GPU,538721.9761599893,538874.2203199894
52,fixed_manifest,block_04_norm1,layer_norm,GPU,538874.2203199894,538896.3499199894
50,fixed_manifest,block_08_ffn_island,fused_ffn_island,FPGA,538876.9457599891,539209.6932799892
49,fixed_manifest,block_11_qkv,linear_qkv,GPU,538896.3499199894,539339.0823999894
53,fixed_manifest,block_01_ffn_island,fused_ffn_island,FPGA,539209.6932799892,539542.4407999892
51,fixed_manifest,block_06_residual1,residual_add,GPU,539339.0823999894,539357.4295999894
52,fixed_manifest,block_04_qkv,linear_qkv,GPU,539357.4295999894,539800.1620799894
49,fixed_manifest,block_11_attention,self_attention,GPU,539800.1620799894,539956.1886399895
51,fixed_manifest,block_06_norm2,layer_norm,GPU,539956.1886399895,539978.3182399896
50,fixed_manifest,block_08_residual2,residual_add,GPU,539978.3182399896,539996.6654399895
53,fixed_manifest,block_01_residual2,residual_add,GPU,539996.6654399895,540015.0126399896
52,fixed_manifest,block_04_attention,self_attention,GPU,540015.0126399896,540171.0391999896
51,fixed_manifest,block_06_ffn_island,fused_ffn_island,FPGA,540137.0830399897,540469.8305599897
49,fixed_manifest,block_11_proj,linear_projection,GPU,540171.0391999896,540323.2833599896
50,fixed_manifest,block_09_norm1,layer_norm,GPU,540323.2833599896,540345.4129599897
54,fixed_manifest,patch_embedding,patch_embedding,GPU,540345.4129599897,540496.9198399897
53,fixed_manifest,block_02_norm1,layer_norm,GPU,540496.9198399897,540519.0494399897
52,fixed_manifest,block_04_proj,linear_projection,GPU,540519.0494399897,540671.2935999897
49,fixed_manifest,block_11_residual1,residual_add,GPU,540671.2935999897,540689.6407999898
50,fixed_manifest,block_09_qkv,linear_qkv,GPU,540689.6407999898,541132.3732799898
54,fixed_manifest,token_embedding,token_and_position_embedding,GPU,541132.3732799898,541150.7204799899
53,fixed_manifest,block_02_qkv,linear_qkv,GPU,541150.7204799899,541593.4529599899
51,fixed_manifest,block_06_residual2,residual_add,GPU,541593.4529599899,541611.80015999
52,fixed_manifest,block_04_residual1,residual_add,GPU,541611.80015999,541630.14735999
49,fixed_manifest,block_11_norm2,layer_norm,GPU,541630.14735999,541652.27695999
50,fixed_manifest,block_09_attention,self_attention,GPU,541652.27695999,541808.3035199901
54,fixed_manifest,block_00_norm1,layer_norm,GPU,541808.3035199901,541830.4331199902
49,fixed_manifest,block_11_ffn_island,fused_ffn_island,FPGA,541811.0417599902,542143.7892799901
53,fixed_manifest,block_02_attention,self_attention,GPU,541830.4331199902,541986.4596799902
51,fixed_manifest,block_07_norm1,layer_norm,GPU,541986.4596799902,542008.5892799902
52,fixed_manifest,block_04_norm2,layer_norm,GPU,542008.5892799902,542030.7188799902
50,fixed_manifest,block_09_proj,linear_projection,GPU,542030.7188799902,542182.9630399903
54,fixed_manifest,block_00_qkv,linear_qkv,GPU,542182.9630399903,542625.6955199903
52,fixed_manifest,block_04_ffn_island,fused_ffn_island,FPGA,542210.1780799903,542542.9255999903
53,fixed_manifest,block_02_proj,linear_projection,GPU,542625.6955199903,542777.9396799903
51,fixed_manifest,block_07_qkv,linear_qkv,GPU,542777.9396799903,543220.6721599904
50,fixed_manifest,block_09_residual1,residual_add,GPU,543220.6721599904,543239.0193599904
49,fixed_manifest,block_11_residual2,residual_add,GPU,543239.0193599904,543257.3665599904
54,fixed_manifest,block_00_attention,self_attention,GPU,543257.3665599904,543413.3931199905
52,fixed_manifest,block_04_residual2,residual_add,GPU,543413.3931199905,543431.7403199906
53,fixed_manifest,block_02_residual1,residual_add,GPU,543431.7403199906,543450.0875199906
51,fixed_manifest,block_07_attention,self_attention,GPU,543450.0875199906,543606.1140799907
50,fixed_manifest,block_09_norm2,layer_norm,GPU,543606.1140799907,543628.2436799906
49,fixed_manifest,final_norm,layer_norm,GPU,543628.2436799906,543650.3732799906
54,fixed_manifest,block_00_proj,linear_projection,GPU,543650.3732799906,543802.6174399907
50,fixed_manifest,block_09_ffn_island,fused_ffn_island,FPGA,543787.0084799908,544119.7559999907
52,fixed_manifest,block_05_norm1,layer_norm,GPU,543802.6174399907,543824.7470399907
53,fixed_manifest,block_02_norm2,layer_norm,GPU,543824.7470399907,543846.8766399907
51,fixed_manifest,block_07_proj,linear_projection,GPU,543846.8766399907,543999.1207999908
49,fixed_manifest,class_token_select,class_token_select,GPU,543999.1207999908,544006.1591999908
54,fixed_manifest,block_00_residual1,residual_add,GPU,544006.1591999908,544024.5063999909
52,fixed_manifest,block_05_qkv,linear_qkv,GPU,544024.5063999909,544467.2388799909
53,fixed_manifest,block_02_ffn_island,fused_ffn_island,FPGA,544119.7559999907,544452.5035199907
51,fixed_manifest,block_07_residual1,residual_add,GPU,544467.2388799909,544485.586079991
49,fixed_manifest,classifier,linear_classifier,GPU,544485.586079991,544493.546079991
54,fixed_manifest,block_00_norm2,layer_norm,GPU,544493.546079991,544515.675679991
50,fixed_manifest,block_09_residual2,residual_add,GPU,544515.675679991,544534.0228799911
52,fixed_manifest,block_05_attention,self_attention,GPU,544534.0228799911,544690.0494399911
54,fixed_manifest,block_00_ffn_island,fused_ffn_island,FPGA,544676.0795199907,545008.8270399908
51,fixed_manifest,block_07_norm2,layer_norm,GPU,544690.0494399911,544712.1790399911
50,fixed_manifest,block_10_norm1,layer_norm,GPU,544712.1790399911,544734.3086399912
53,fixed_manifest,block_02_residual2,residual_add,GPU,544734.3086399912,544752.6558399912
52,fixed_manifest,block_05_proj,linear_projection,GPU,544752.6558399912,544904.8999999913
50,fixed_manifest,block_10_qkv,linear_qkv,GPU,544904.8999999913,545347.6324799913
51,fixed_manifest,block_07_ffn_island,fused_ffn_island,FPGA,545008.8270399908,545341.5745599908
53,fixed_manifest,block_03_norm1,layer_norm,GPU,545347.6324799913,545369.7620799913
52,fixed_manifest,block_05_residual1,residual_add,GPU,545369.7620799913,545388.1092799914
54,fixed_manifest,block_00_residual2,residual_add,GPU,545388.1092799914,545406.4564799914
50,fixed_manifest,block_10_attention,self_attention,GPU,545406.4564799914,545562.4830399915
53,fixed_manifest,block_03_qkv,linear_qkv,GPU,545562.4830399915,546005.2155199915
52,fixed_manifest,block_05_norm2,layer_norm,GPU,546005.2155199915,546027.3451199915
54,fixed_manifest,block_01_norm1,layer_norm,GPU,546027.3451199915,546049.4747199916
51,fixed_manifest,block_07_residual2,residual_add,GPU,546049.4747199916,546067.8219199916
50,fixed_manifest,block_10_proj,linear_projection,GPU,546067.8219199916,546220.0660799916
52,fixed_manifest,block_05_ffn_island,fused_ffn_island,FPGA,546186.1099199916,546518.8574399917
53,fixed_manifest,block_03_attention,self_attention,GPU,546220.0660799916,546376.0926399917
54,fixed_manifest,block_01_qkv,linear_qkv,GPU,546376.0926399917,546818.8251199917
51,fixed_manifest,block_08_norm1,layer_norm,GPU,546818.8251199917,546840.9547199918
50,fixed_manifest,block_10_residual1,residual_add,GPU,546840.9547199918,546859.3019199917
53,fixed_manifest,block_03_proj,linear_projection,GPU,546859.3019199917,547011.5460799919
52,fixed_manifest,block_05_residual2,residual_add,GPU,547011.5460799919,547029.8932799918
54,fixed_manifest,block_01_attention,self_attention,GPU,547029.8932799918,547185.9198399918
51,fixed_manifest,block_08_qkv,linear_qkv,GPU,547185.9198399918,547628.652319992
50,fixed_manifest,block_10_norm2,layer_norm,GPU,547628.652319992,547650.781919992
53,fixed_manifest,block_03_residual1,residual_add,GPU,547650.781919992,547669.129119992
52,fixed_manifest,block_06_norm1,layer_norm,GPU,547669.129119992,547691.258719992
54,fixed_manifest,block_01_proj,linear_projection,GPU,547691.258719992,547843.502879992
50,fixed_manifest,block_10_ffn_island,fused_ffn_island,FPGA,547809.5467199921,548142.294239992
51,fixed_manifest,block_08_attention,self_attention,GPU,547843.502879992,547999.529439992
53,fixed_manifest,block_03_norm2,layer_norm,GPU,547999.529439992,548021.6590399921
52,fixed_manifest,block_06_qkv,linear_qkv,GPU,548021.6590399921,548464.3915199921
53,fixed_manifest,block_03_ffn_island,fused_ffn_island,FPGA,548193.5534399922,548526.3009599922
54,fixed_manifest,block_01_residual1,residual_add,GPU,548464.3915199921,548482.7387199922
51,fixed_manifest,block_08_proj,linear_projection,GPU,548482.7387199922,548634.9828799922
50,fixed_manifest,block_10_residual2,residual_add,GPU,548634.9828799922,548653.3300799923
52,fixed_manifest,block_06_attention,self_attention,GPU,548653.3300799923,548809.3566399923
54,fixed_manifest,block_01_norm2,layer_norm,GPU,548809.3566399923,548831.4862399923
51,fixed_manifest,block_08_residual1,residual_add,GPU,548831.4862399923,548849.8334399924
50,fixed_manifest,block_11_norm1,layer_norm,GPU,548849.8334399924,548871.9630399924
53,fixed_manifest,block_03_residual2,residual_add,GPU,548871.9630399924,548890.3102399925
52,fixed_manifest,block_06_proj,linear_projection,GPU,548890.3102399925,549042.5543999925
54,fixed_manifest,block_01_ffn_island,fused_ffn_island,FPGA,548990.2510399924,549322.9985599924
51,fixed_manifest,block_08_norm2,layer_norm,GPU,549042.5543999925,549064.6839999926
50,fixed_manifest,block_11_qkv,linear_qkv,GPU,549064.6839999926,549507.4164799926
51,fixed_manifest,block_08_ffn_island,fused_ffn_island,FPGA,549322.9985599924,549655.7460799925
53,fixed_manifest,block_04_norm1,layer_norm,GPU,549507.4164799926,549529.5460799925
52,fixed_manifest,block_06_residual1,residual_add,GPU,549529.5460799925,549547.8932799926
54,fixed_manifest,block_01_residual2,residual_add,GPU,549547.8932799926,549566.2404799927
50,fixed_manifest,block_11_attention,self_attention,GPU,549566.2404799927,549722.2670399927
53,fixed_manifest,block_04_qkv,linear_qkv,GPU,549722.2670399927,550164.9995199927
52,fixed_manifest,block_06_norm2,layer_norm,GPU,550164.9995199927,550187.1291199928
54,fixed_manifest,block_02_norm1,layer_norm,GPU,550187.1291199928,550209.2587199928
50,fixed_manifest,block_11_proj,linear_projection,GPU,550209.2587199928,550361.5028799928
52,fixed_manifest,block_06_ffn_island,fused_ffn_island,FPGA,550345.8939199928,550678.6414399929
51,fixed_manifest,block_08_residual2,residual_add,GPU,550361.5028799928,550379.8500799929
55,fixed_manifest,patch_embedding,patch_embedding,GPU,550379.8500799929,550531.3569599929
53,fixed_manifest,block_04_attention,self_attention,GPU,550531.3569599929,550687.3835199929
54,fixed_manifest,block_02_qkv,linear_qkv,GPU,550687.3835199929,551130.1159999929
50,fixed_manifest,block_11_residual1,residual_add,GPU,551130.1159999929,551148.463199993
51,fixed_manifest,block_09_norm1,layer_norm,GPU,551148.463199993,551170.592799993
55,fixed_manifest,token_embedding,token_and_position_embedding,GPU,551170.592799993,551188.9399999931
53,fixed_manifest,block_04_proj,linear_projection,GPU,551188.9399999931,551341.1841599931
52,fixed_manifest,block_06_residual2,residual_add,GPU,551341.1841599931,551359.5313599932
54,fixed_manifest,block_02_attention,self_attention,GPU,551359.5313599932,551515.5579199932
50,fixed_manifest,block_11_norm2,layer_norm,GPU,551515.5579199932,551537.6875199932
51,fixed_manifest,block_09_qkv,linear_qkv,GPU,551537.6875199932,551980.4199999933
50,fixed_manifest,block_11_ffn_island,fused_ffn_island,FPGA,551696.4523199933,552029.1998399934
55,fixed_manifest,block_00_norm1,layer_norm,GPU,551980.4199999933,552002.5495999933
53,fixed_manifest,block_04_residual1,residual_add,GPU,552002.5495999933,552020.8967999934
52,fixed_manifest,block_07_norm1,layer_norm,GPU,552020.8967999934,552043.0263999933
54,fixed_manifest,block_02_proj,linear_projection,GPU,552043.0263999933,552195.2705599935
51,fixed_manifest,block_09_attention,self_attention,GPU,552195.2705599935,552351.2971199934
55,fixed_manifest,block_00_qkv,linear_qkv,GPU,552351.2971199934,552794.0295999935
53,fixed_manifest,block_04_norm2,layer_norm,GPU,552794.0295999935,552816.1591999935
52,fixed_manifest,block_07_qkv,linear_qkv,GPU,552816.1591999935,553258.8916799935
53,fixed_manifest,block_04_ffn_island,fused_ffn_island,FPGA,552974.9239999936,553307.6715199936
50,fixed_manifest,block_11_residual2,residual_add,GPU,553258.8916799935,553277.2388799936
54,fixed_manifest,block_02_residual1,residual_add,GPU,553277.2388799936,553295.5860799936
51,fixed_manifest,block_09_proj,linear_projection,GPU,553295.5860799936,553447.8302399936
55,fixed_manifest,block_00_attention,self_attention,GPU,553447.8302399936,553603.8567999937
52,fixed_manifest,block_07_attention,self_attention,GPU,553603.8567999937,553759.8833599937
50,fixed_manifest,final_norm,layer_norm,GPU,553759.8833599937,553782.0129599938
54,fixed_manifest,block_02_norm2,layer_norm,GPU,553782.0129599938,553804.1425599938
51,fixed_manifest,block_09_residual1,residual_add,GPU,553804.1425599938,553822.4897599939
53,fixed_manifest,block_04_residual2,residual_add,GPU,553822.4897599939,553840.8369599938
55,fixed_manifest,block_00_proj,linear_projection,GPU,553840.8369599938,553993.0811199939
54,fixed_manifest,block_02_ffn_island,fused_ffn_island,FPGA,553962.9073599939,554295.6548799939
52,fixed_manifest,block_07_proj,linear_projection,GPU,553993.0811199939,554145.3252799939
50,fixed_manifest,class_token_select,class_token_select,GPU,554145.3252799939,554152.363679994
51,fixed_manifest,block_09_norm2,layer_norm,GPU,554152.363679994,554174.493279994
53,fixed_manifest,block_05_norm1,layer_norm,GPU,554174.493279994,554196.6228799941
55,fixed_manifest,block_00_residual1,residual_add,GPU,554196.6228799941,554214.9700799941
52,fixed_manifest,block_07_residual1,residual_add,GPU,554214.9700799941,554233.3172799941
50,fixed_manifest,classifier,linear_classifier,GPU,554233.3172799941,554241.2772799942
53,fixed_manifest,block_05_qkv,linear_qkv,GPU,554241.2772799942,554684.0097599942
51,fixed_manifest,block_09_ffn_island,fused_ffn_island,FPGA,554345.8612799941,554678.6087999942
55,fixed_manifest,block_00_norm2,layer_norm,GPU,554684.0097599942,554706.1393599942
52,fixed_manifest,block_07_norm2,layer_norm,GPU,554706.1393599942,554728.2689599943
54,fixed_manifest,block_02_residual2,residual_add,GPU,554728.2689599943,554746.6161599943
53,fixed_manifest,block_05_attention,self_attention,GPU,554746.6161599943,554902.6427199943
54,fixed_manifest,block_03_norm1,layer_norm,GPU,554902.6427199943,554924.7723199944
51,fixed_manifest,block_09_residual2,residual_add,GPU,554924.7723199944,554943.1195199945
53,fixed_manifest,block_05_proj,linear_projection,GPU,554943.1195199945,555095.3636799945
55,fixed_manifest,block_00_ffn_island,fused_ffn_island,FPGA,554990.4079999942,555323.1555199942
54,fixed_manifest,block_03_qkv,linear_qkv,GPU,555095.3636799945,555538.0961599945
52,fixed_manifest,block_07_ffn_island,fused_ffn_island,FPGA,555323.1555199942,555655.9030399942
51,fixed_manifest,block_10_norm1,layer_norm,GPU,555538.0961599945,555560.2257599946
53,fixed_manifest,block_05_residual1,residual_add,GPU,555560.2257599946,555578.5729599945
55,fixed_manifest,block_00_residual2,residual_add,GPU,555578.5729599945,555596.9201599946
54,fixed_manifest,block_03_attention,self_attention,GPU,555596.9201599946,555752.9467199947
51,fixed_manifest,block_10_qkv,linear_qkv,GPU,555752.9467199947,556195.6791999947
53,fixed_manifest,block_05_norm2,layer_norm,GPU,556195.6791999947,556217.8087999948
55,fixed_manifest,block_01_norm1,layer_norm,GPU,556217.8087999948,556239.9383999947
54,fixed_manifest,block_03_proj,linear_projection,GPU,556239.9383999947,556392.1825599947
53,fixed_manifest,block_05_ffn_island,fused_ffn_island,FPGA,556376.5735999948,556709.3211199949
52,fixed_manifest,block_07_residual2,residual_add,GPU,556392.1825599947,556410.5297599948
51,fixed_manifest,block_10_attention,self_attention,GPU,556410.5297599948,556566.5563199949
55,fixed_manifest,block_01_qkv,linear_qkv,GPU,556566.5563199949,557009.2887999949
54,fixed_manifest,block_03_residual1,residual_add,GPU,557009.2887999949,557027.6359999949
52,fixed_manifest,block_08_norm1,layer_norm,GPU,557027.6359999949,557049.7655999949
51,fixed_manifest,block_10_proj,linear_projection,GPU,557049.7655999949,557202.009759995
53,fixed_manifest,block_05_residual2,residual_add,GPU,557202.009759995,557220.356959995
55,fixed_manifest,block_01_attention,self_attention,GPU,557220.356959995,557376.383519995
54,fixed_manifest,block_03_norm2,layer_norm,GPU,557376.383519995,557398.5131199951
52,fixed_manifest,block_08_qkv,linear_qkv,GPU,557398.5131199951,557841.2455999951
54,fixed_manifest,block_03_ffn_island,fused_ffn_island,FPGA,557557.2779199952,557890.0254399952
51,fixed_manifest,block_10_residual1,residual_add,GPU,557841.2455999951,557859.5927999952
53,fixed_manifest,block_06_norm1,layer_norm,GPU,557859.5927999952,557881.7223999952
55,fixed_manifest,block_01_proj,linear_projection,GPU,557881.7223999952,558033.9665599953
52,fixed_manifest,block_08_attention,self_attention,GPU,558033.9665599953,558189.9931199953
51,fixed_manifest,block_10_norm2,layer_norm,GPU,558189.9931199953,558212.1227199953
53,fixed_manifest,block_06_qkv,linear_qkv,GPU,558212.1227199953,558654.8551999953
51,fixed_manifest,block_10_ffn_island,fused_ffn_island,FPGA,558370.8875199954,558703.6350399954
55,fixed_manifest,block_01_residual1,residual_add,GPU,558654.8551999953,558673.2023999954
54,fixed_manifest,block_03_residual2,residual_add,GPU,558673.2023999954,558691.5495999955
52,fixed_manifest,block_08_proj,linear_projection,GPU,558691.5495999955,558843.7937599955
53,fixed_manifest,block_06_attention,self_attention,GPU,558843.7937599955,558999.8203199955
55,fixed_manifest,block_01_norm2,layer_norm,GPU,558999.8203199955,559021.9499199955
54,fixed_manifest,block_04_norm1,layer_norm,GPU,559021.9499199955,559044.0795199956
52,fixed_manifest,block_08_residual1,residual_add,GPU,559044.0795199956,559062.4267199956
51,fixed_manifest,block_10_residual2,residual_add,GPU,559062.4267199956,559080.7739199956
53,fixed_manifest,block_06_proj,linear_projection,GPU,559080.7739199956,559233.0180799958
55,fixed_manifest,block_01_ffn_island,fused_ffn_island,FPGA,559180.7147199956,559513.4622399956
54,fixed_manifest,block_04_qkv,linear_qkv,GPU,559233.0180799958,559675.7505599958
52,fixed_manifest,block_08_norm2,layer_norm,GPU,559675.7505599958,559697.8801599958
51,fixed_manifest,block_11_norm1,layer_norm,GPU,559697.8801599958,559720.0097599959
53,fixed_manifest,block_06_residual1,residual_add,GPU,559720.0097599959,559738.3569599958
55,fixed_manifest,block_01_residual2,residual_add,GPU,559738.3569599958,559756.7041599959
54,fixed_manifest,block_04_attention,self_attention,GPU,559756.7041599959,559912.7307199959
52,fixed_manifest,block_08_ffn_island,fused_ffn_island,FPGA,559856.6449599959,560189.3924799958
51,fixed_manifest,block_11_qkv,linear_qkv,GPU,559912.7307199959,560355.4631999959
53,fixed_manifest,block_06_norm2,layer_norm,GPU,560355.4631999959,560377.592799996
55,fixed_manifest,block_02_norm1,layer_norm,GPU,560377.592799996,560399.722399996
54,fixed_manifest,block_04_proj,linear_projection,GPU,560399.722399996,560551.966559996
53,fixed_manifest,block_06_ffn_island,fused_ffn_island,FPGA,560536.3575999961,560869.1051199961
56,fixed_manifest,patch_embedding,patch_embedding,GPU,560551.966559996,560703.473439996
52,fixed_manifest,block_08_residual2,residual_add,GPU,560703.473439996,560721.8206399961
51,fixed_manifest,block_11_attention,self_attention,GPU,560721.8206399961,560877.8471999961
55,fixed_manifest,block_02_qkv,linear_qkv,GPU,560877.8471999961,561320.5796799961
54,fixed_manifest,block_04_residual1,residual_add,GPU,561320.5796799961,561338.9268799962
56,fixed_manifest,token_embedding,token_and_position_embedding,GPU,561338.9268799962,561357.2740799963
52,fixed_manifest,block_09_norm1,layer_norm,GPU,561357.2740799963,561379.4036799963
51,fixed_manifest,block_11_proj,linear_projection,GPU,561379.4036799963,561531.6478399963
53,fixed_manifest,block_06_residual2,residual_add,GPU,561531.6478399963,561549.9950399963
55,fixed_manifest,block_02_attention,self_attention,GPU,561549.9950399963,561706.0215999964
54,fixed_manifest,block_04_norm2,layer_norm,GPU,561706.0215999964,561728.1511999965
56,fixed_manifest,block_00_norm1,layer_norm,GPU,561728.1511999965,561750.2807999965
52,fixed_manifest,block_09_qkv,linear_qkv,GPU,561750.2807999965,562193.0132799965
54,fixed_manifest,block_04_ffn_island,fused_ffn_island,FPGA,561886.9159999965,562219.6635199966
51,fixed_manifest,block_11_residual1,residual_add,GPU,562193.0132799965,562211.3604799965
53,fixed_manifest,block_07_norm1,layer_norm,GPU,562211.3604799965,562233.4900799965
55,fixed_manifest,block_02_proj,linear_projection,GPU,562233.4900799965,562385.7342399966
56,fixed_manifest,block_00_qkv,linear_qkv,GPU,562385.7342399966,562828.4667199966
52,fixed_manifest,block_09_attention,self_attention,GPU,562828.4667199966,562984.4932799967
51,fixed_manifest,block_11_norm2,layer_norm,GPU,562984.4932799967,563006.6228799967
53,fixed_manifest,block_07_qkv,linear_qkv,GPU,563006.6228799967,563449.3553599968
51,fixed_manifest,block_11_ffn_island,fused_ffn_island,FPGA,563165.3876799968,563498.1351999968
54,fixed_manifest,block_04_residual2,residual_add,GPU,563449.3553599968,563467.7025599967
55,fixed_manifest,block_02_residual1,residual_add,GPU,563467.7025599967,563486.0497599968
56,fixed_manifest,block_00_attention,self_attention,GPU,563486.0497599968,563642.0763199968
52,fixed_manifest,block_09_proj,linear_projection,GPU,563642.0763199968,563794.3204799969
53,fixed_manifest,block_07_attention,self_attention,GPU,563794.3204799969,563950.3470399969
54,fixed_manifest,block_05_norm1,layer_norm,GPU,563950.3470399969,563972.476639997
55,fixed_manifest,block_02_norm2,layer_norm,GPU,563972.476639997,563994.606239997
56,fixed_manifest,block_00_proj,linear_projection,GPU,563994.606239997,564146.850399997
51,fixed_manifest,block_11_residual2,residual_add,GPU,564146.850399997,564165.197599997
55,fixed_manifest,block_02_ffn_island,fused_ffn_island,FPGA,564153.3710399971,564486.1185599971
52,fixed_manifest,block_09_residual1,residual_add,GPU,564165.197599997,564183.5447999971
53,fixed_manifest,block_07_proj,linear_projection,GPU,564183.5447999971,564335.7889599971
54,fixed_manifest,block_05_qkv,linear_qkv,GPU,564335.7889599971,564778.5214399971
56,fixed_manifest,block_00_residual1,residual_add,GPU,564778.5214399971,564796.8686399972
51,fixed_manifest,final_norm,layer_norm,GPU,564796.8686399972,564818.9982399973
52,fixed_manifest,block_09_norm2,layer_norm,GPU,564818.9982399973,564841.1278399973
53,fixed_manifest,block_07_residual1,residual_add,GPU,564841.1278399973,564859.4750399974
55,fixed_manifest,block_02_residual2,residual_add,GPU,564859.4750399974,564877.8222399973
54,fixed_manifest,block_05_attention,self_attention,GPU,564877.8222399973,565033.8487999974
52,fixed_manifest,block_09_ffn_island,fused_ffn_island,FPGA,564999.8926399974,565332.6401599974
56,fixed_manifest,block_00_norm2,layer_norm,GPU,565033.8487999974,565055.9783999975
51,fixed_manifest,class_token_select,class_token_select,GPU,565055.9783999975,565063.0167999975
53,fixed_manifest,block_07_norm2,layer_norm,GPU,565063.0167999975,565085.1463999975
55,fixed_manifest,block_03_norm1,layer_norm,GPU,565085.1463999975,565107.2759999975
54,fixed_manifest,block_05_proj,linear_projection,GPU,565107.2759999975,565259.5201599976
51,fixed_manifest,classifier,linear_classifier,GPU,565259.5201599976,565267.4801599976
55,fixed_manifest,block_03_qkv,linear_qkv,GPU,565267.4801599976,565710.2126399977
56,fixed_manifest,block_00_ffn_island,fused_ffn_island,FPGA,565332.6401599974,565665.3876799974
53,fixed_manifest,block_07_ffn_island,fused_ffn_island,FPGA,565665.3876799974,565998.1351999975
54,fixed_manifest,block_05_residual1,residual_add,GPU,565710.2126399977,565728.5598399977
52,fixed_manifest,block_09_residual2,residual_add,GPU,565728.5598399977,565746.9070399977
55,fixed_manifest,block_03_attention,self_attention,GPU,565746.9070399977,565902.9335999978
54,fixed_manifest,block_05_norm2,layer_norm,GPU,565902.9335999978,565925.0631999978
52,fixed_manifest,block_10_norm1,layer_norm,GPU,565925.0631999978,565947.1927999979
56,fixed_manifest,block_00_residual2,residual_add,GPU,565947.1927999979,565965.5399999978
55,fixed_manifest,block_03_proj,linear_projection,GPU,565965.5399999978,566117.784159998
52,fixed_manifest,block_10_qkv,linear_qkv,GPU,566117.784159998,566560.516639998
54,fixed_manifest,block_05_ffn_island,fused_ffn_island,FPGA,566144.5207999982,566477.2683199983
56,fixed_manifest,block_01_norm1,layer_norm,GPU,566560.516639998,566582.6462399979
55,fixed_manifest,block_03_residual1,residual_add,GPU,566582.6462399979,566600.993439998
53,fixed_manifest,block_07_residual2,residual_add,GPU,566600.993439998,566619.3406399981
52,fixed_manifest,block_10_attention,self_attention,GPU,566619.3406399981,566775.3671999981
56,fixed_manifest,block_01_qkv,linear_qkv,GPU,566775.3671999981,567218.0996799981
55,fixed_manifest,block_03_norm2,layer_norm,GPU,567218.0996799981,567240.2292799982
53,fixed_manifest,block_08_norm1,layer_norm,GPU,567240.2292799982,567262.3588799982
54,fixed_manifest,block_05_residual2,residual_add,GPU,567262.3588799982,567280.7060799983
52,fixed_manifest,block_10_proj,linear_projection,GPU,567280.7060799983,567432.9502399983
55,fixed_manifest,block_03_ffn_island,fused_ffn_island,FPGA,567398.9940799982,567731.7415999983
56,fixed_manifest,block_01_attention,self_attention,GPU,567432.9502399983,567588.9767999983
53,fixed_manifest,block_08_qkv,linear_qkv,GPU,567588.9767999983,568031.7092799983
54,fixed_manifest,block_06_norm1,layer_norm,GPU,568031.7092799983,568053.8388799984
52,fixed_manifest,block_10_residual1,residual_add,GPU,568053.8388799984,568072.1860799984
56,fixed_manifest,block_01_proj,linear_projection,GPU,568072.1860799984,568224.4302399985
55,fixed_manifest,block_03_residual2,residual_add,GPU,568224.4302399985,568242.7774399985
53,fixed_manifest,block_08_attention,self_attention,GPU,568242.7774399985,568398.8039999985
54,fixed_manifest,block_06_qkv,linear_qkv,GPU,568398.8039999985,568841.5364799986
52,fixed_manifest,block_10_norm2,layer_norm,GPU,568841.5364799986,568863.6660799986
56,fixed_manifest,block_01_residual1,residual_add,GPU,568863.6660799986,568882.0132799987
55,fixed_manifest,block_04_norm1,layer_norm,GPU,568882.0132799987,568904.1428799987
53,fixed_manifest,block_08_proj,linear_projection,GPU,568904.1428799987,569056.3870399988
52,fixed_manifest,block_10_ffn_island,fused_ffn_island,FPGA,569022.4308799987,569355.1783999987
54,fixed_manifest,block_06_attention,self_attention,GPU,569056.3870399988,569212.4135999987
56,fixed_manifest,block_01_norm2,layer_norm,GPU,569212.4135999987,569234.5431999988
55,fixed_manifest,block_04_qkv,linear_qkv,GPU,569234.5431999988,569677.2756799988
56,fixed_manifest,block_01_ffn_island,fused_ffn_island,FPGA,569406.4375999989,569739.1851199989
53,fixed_manifest,block_08_residual1,residual_add,GPU,569677.2756799988,569695.6228799989
54,fixed_manifest,block_06_proj,linear_projection,GPU,569695.6228799989,569847.8670399989
52,fixed_manifest,block_10_residual2,residual_add,GPU,569847.8670399989,569866.214239999
55,fixed_manifest,block_04_attention,self_attention,GPU,569866.214239999,570022.240799999
53,fixed_manifest,block_08_norm2,layer_norm,GPU,570022.240799999,570044.370399999
54,fixed_manifest,block_06_residual1,residual_add,GPU,570044.370399999,570062.717599999
52,fixed_manifest,block_11_norm1,layer_norm,GPU,570062.717599999,570084.847199999
56,fixed_manifest,block_01_residual2,residual_add,GPU,570084.847199999,570103.1943999991
57,fixed_manifest,patch_embedding,patch_embedding,GPU,570103.1943999991,570254.7012799991
53,fixed_manifest,block_08_ffn_island,fused_ffn_island,FPGA,570203.1351999991,570535.8827199991
55,fixed_manifest,block_04_proj,linear_projection,GPU,570254.7012799991,570406.9454399991
54,fixed_manifest,block_06_norm2,layer_norm,GPU,570406.9454399991,570429.0750399992
52,fixed_manifest,block_11_qkv,linear_qkv,GPU,570429.0750399992,570871.8075199992
54,fixed_manifest,block_06_ffn_island,fused_ffn_island,FPGA,570614.7969599993,570947.5444799993
56,fixed_manifest,block_02_norm1,layer_norm,GPU,570871.8075199992,570893.9371199992
57,fixed_manifest,token_embedding,token_and_position_embedding,GPU,570893.9371199992,570912.2843199993
55,fixed_manifest,block_04_residual1,residual_add,GPU,570912.2843199993,570930.6315199994
53,fixed_manifest,block_08_residual2,residual_add,GPU,570930.6315199994,570948.9787199994
52,fixed_manifest,block_11_attention,self_attention,GPU,570948.9787199994,571105.0052799995
56,fixed_manifest,block_02_qkv,linear_qkv,GPU,571105.0052799995,571547.7377599995
57,fixed_manifest,block_00_norm1,layer_norm,GPU,571547.7377599995,571569.8673599995
55,fixed_manifest,block_04_norm2,layer_norm,GPU,571569.8673599995,571591.9969599996
53,fixed_manifest,block_09_norm1,layer_norm,GPU,571591.9969599996,571614.1265599995
52,fixed_manifest,block_11_proj,linear_projection,GPU,571614.1265599995,571766.3707199995
55,fixed_manifest,block_04_ffn_island,fused_ffn_island,FPGA,571750.7617599996,572083.5092799996
54,fixed_manifest,block_06_residual2,residual_add,GPU,571766.3707199995,571784.7179199996
56,fixed_manifest,block_02_attention,self_attention,GPU,571784.7179199996,571940.7444799996
57,fixed_manifest,block_00_qkv,linear_qkv,GPU,571940.7444799996,572383.4769599997
53,fixed_manifest,block_09_qkv,linear_qkv,GPU,572383.4769599997,572826.2094399998
52,fixed_manifest,block_11_residual1,residual_add,GPU,572826.2094399998,572844.5566399997
54,fixed_manifest,block_07_norm1,layer_norm,GPU,572844.5566399997,572866.6862399998
56,fixed_manifest,block_02_proj,linear_projection,GPU,572866.6862399998,573018.9303999998
55,fixed_manifest,block_04_residual2,residual_add,GPU,573018.9303999998,573037.2775999999
57,fixed_manifest,block_00_attention,self_attention,GPU,573037.2775999999,573193.3041599999
53,fixed_manifest,block_09_attention,self_attention,GPU,573193.3041599999,573349.33072
52,fixed_manifest,block_11_norm2,layer_norm,GPU,573349.33072,573371.46032
54,fixed_manifest,block_07_qkv,linear_qkv,GPU,573371.46032,573814.1928
52,fixed_manifest,block_11_ffn_island,fused_ffn_island,FPGA,573530.2251200001,573862.97264
56,fixed_manifest,block_02_residual1,residual_add,GPU,573814.1928,573832.54
55,fixed_manifest,block_05_norm1,layer_norm,GPU,573832.54,573854.6696000001
57,fixed_manifest,block_00_proj,linear_projection,GPU,573854.6696000001,574006.9137600001
53,fixed_manifest,block_09_proj,linear_projection,GPU,574006.9137600001,574159.1579200001
54,fixed_manifest,block_07_attention,self_attention,GPU,574159.1579200001,574315.1844800002
56,fixed_manifest,block_02_norm2,layer_norm,GPU,574315.1844800002,574337.3140800003
55,fixed_manifest,block_05_qkv,linear_qkv,GPU,574337.3140800003,574780.0465600003
56,fixed_manifest,block_02_ffn_island,fused_ffn_island,FPGA,574496.0788800003,574828.8264000004
57,fixed_manifest,block_00_residual1,residual_add,GPU,574780.0465600003,574798.3937600004
52,fixed_manifest,block_11_residual2,residual_add,GPU,574798.3937600004,574816.7409600003
53,fixed_manifest,block_09_residual1,residual_add,GPU,574816.7409600003,574835.0881600004
54,fixed_manifest,block_07_proj,linear_projection,GPU,574835.0881600004,574987.3323200004
55,fixed_manifest,block_05_attention,self_attention,GPU,574987.3323200004,575143.3588800004
57,fixed_manifest,block_00_norm2,layer_norm,GPU,575143.3588800004,575165.4884800005
52,fixed_manifest,final_norm,layer_norm,GPU,575165.4884800005,575187.6180800005
53,fixed_manifest,block_09_norm2,layer_norm,GPU,575187.6180800005,575209.7476800005
54,fixed_manifest,block_07_residual1,residual_add,GPU,575209.7476800005,575228.0948800006
56,fixed_manifest,block_02_residual2,residual_add,GPU,575228.0948800006,575246.4420800006
55,fixed_manifest,block_05_proj,linear_projection,GPU,575246.4420800006,575398.6862400007
57,fixed_manifest,block_00_ffn_island,fused_ffn_island,FPGA,575379.2820800005,575712.0296000005
52,fixed_manifest,class_token_select,class_token_select,GPU,575398.6862400007,575405.7246400007
54,fixed_manifest,block_07_norm2,layer_norm,GPU,575405.7246400007,575427.8542400007
56,fixed_manifest,block_03_norm1,layer_norm,GPU,575427.8542400007,575449.9838400008
55,fixed_manifest,block_05_residual1,residual_add,GPU,575449.9838400008,575468.3310400009
52,fixed_manifest,classifier,linear_classifier,GPU,575468.3310400009,575476.2910400009
56,fixed_manifest,block_03_qkv,linear_qkv,GPU,575476.2910400009,575919.0235200009
53,fixed_manifest,block_09_ffn_island,fused_ffn_island,FPGA,575712.0296000005,576044.7771200004
55,fixed_manifest,block_05_norm2,layer_norm,GPU,575919.0235200009,575941.153120001
56,fixed_manifest,block_03_attention,self_attention,GPU,575941.153120001,576097.179680001
54,fixed_manifest,block_07_ffn_island,fused_ffn_island,FPGA,576044.7771200004,576377.5246400004
57,fixed_manifest,block_00_residual2,residual_add,GPU,576097.179680001,576115.526880001
56,fixed_manifest,block_03_proj,linear_projection,GPU,576115.526880001,576267.7710400011
57,fixed_manifest,block_01_norm1,layer_norm,GPU,576267.7710400011,576289.900640001
56,fixed_manifest,block_03_residual1,residual_add,GPU,576289.900640001,576308.2478400011
53,fixed_manifest,block_09_residual2,residual_add,GPU,576308.2478400011,576326.5950400012
57,fixed_manifest,block_01_qkv,linear_qkv,GPU,576326.5950400012,576769.3275200012
55,fixed_manifest,block_05_ffn_island,fused_ffn_island,FPGA,576377.5246400004,576710.2721600005
56,fixed_manifest,block_03_norm2,layer_norm,GPU,576769.3275200012,576791.4571200012
53,fixed_manifest,block_10_norm1,layer_norm,GPU,576791.4571200012,576813.5867200013
54,fixed_manifest,block_07_residual2,residual_add,GPU,576813.5867200013,576831.9339200013
57,fixed_manifest,block_01_attention,self_attention,GPU,576831.9339200013,576987.9604800013
56,fixed_manifest,block_03_ffn_island,fused_ffn_island,FPGA,576950.2219200013,577282.9694400013
53,fixed_manifest,block_10_qkv,linear_qkv,GPU,576987.9604800013,577430.6929600014
54,fixed_manifest,block_08_norm1,layer_norm,GPU,577430.6929600014,577452.8225600014
55,fixed_manifest,block_05_residual2,residual_add,GPU,577452.8225600014,577471.1697600015
57,fixed_manifest,block_01_proj,linear_projection,GPU,577471.1697600015,577623.4139200015
53,fixed_manifest,block_10_attention,self_attention,GPU,577623.4139200015,577779.4404800015
56,fixed_manifest,block_03_residual2,residual_add,GPU,577779.4404800015,577797.7876800016
54,fixed_manifest,block_08_qkv,linear_qkv,GPU,577797.7876800016,578240.5201600016
55,fixed_manifest,block_06_norm1,layer_norm,GPU,578240.5201600016,578262.6497600017
57,fixed_manifest,block_01_residual1,residual_add,GPU,578262.6497600017,578280.9969600016
53,fixed_manifest,block_10_proj,linear_projection,GPU,578280.9969600016,578433.2411200018
56,fixed_manifest,block_04_norm1,layer_norm,GPU,578433.2411200018,578455.3707200018
54,fixed_manifest,block_08_attention,self_attention,GPU,578455.3707200018,578611.3972800018
55,fixed_manifest,block_06_qkv,linear_qkv,GPU,578611.3972800018,579054.1297600018
57,fixed_manifest,block_01_norm2,layer_norm,GPU,579054.1297600018,579076.2593600019
53,fixed_manifest,block_10_residual1,residual_add,GPU,579076.2593600019,579094.6065600018
56,fixed_manifest,block_04_qkv,linear_qkv,GPU,579094.6065600018,579537.339040002
57,fixed_manifest,block_01_ffn_island,fused_ffn_island,FPGA,579235.0241600019,579567.771680002
54,fixed_manifest,block_08_proj,linear_projection,GPU,579537.339040002,579689.583200002
55,fixed_manifest,block_06_attention,self_attention,GPU,579689.583200002,579845.609760002
53,fixed_manifest,block_10_norm2,layer_norm,GPU,579845.609760002,579867.739360002
56,fixed_manifest,block_04_attention,self_attention,GPU,579867.739360002,580023.765920002
54,fixed_manifest,block_08_residual1,residual_add,GPU,580023.765920002,580042.1131200021
53,fixed_manifest,block_10_ffn_island,fused_ffn_island,FPGA,580026.5041600021,580359.2516800021
57,fixed_manifest,block_01_residual2,residual_add,GPU,580042.1131200021,580060.4603200022
55,fixed_manifest,block_06_proj,linear_projection,GPU,580060.4603200022,580212.7044800022
58,fixed_manifest,patch_embedding,patch_embedding,GPU,580212.7044800022,580364.2113600022
56,fixed_manifest,block_04_proj,linear_projection,GPU,580364.2113600022,580516.4555200022
54,fixed_manifest,block_08_norm2,layer_norm,GPU,580516.4555200022,580538.5851200023
57,fixed_manifest,block_02_norm1,layer_norm,GPU,580538.5851200023,580560.7147200023
55,fixed_manifest,block_06_residual1,residual_add,GPU,580560.7147200023,580579.0619200023
58,fixed_manifest,token_embedding,token_and_position_embedding,GPU,580579.0619200023,580597.4091200023
56,fixed_manifest,block_04_residual1,residual_add,GPU,580597.4091200023,580615.7563200024
53,fixed_manifest,block_10_residual2,residual_add,GPU,580615.7563200024,580634.1035200024
57,fixed_manifest,block_02_qkv,linear_qkv,GPU,580634.1035200024,581076.8360000025
54,fixed_manifest,block_08_ffn_island,fused_ffn_island,FPGA,580697.3499200023,581030.0974400024
55,fixed_manifest,block_06_norm2,layer_norm,GPU,581076.8360000025,581098.9656000026
58,fixed_manifest,block_00_norm1,layer_norm,GPU,581098.9656000026,581121.0952000025
56,fixed_manifest,block_04_norm2,layer_norm,GPU,581121.0952000025,581143.2248000025
53,fixed_manifest,block_11_norm1,layer_norm,GPU,581143.2248000025,581165.3544000026
57,fixed_manifest,block_02_attention,self_attention,GPU,581165.3544000026,581321.3809600027
55,fixed_manifest,block_06_ffn_island,fused_ffn_island,FPGA,581297.4430400023,581630.1905600023
58,fixed_manifest,block_00_qkv,linear_qkv,GPU,581321.3809600027,581764.1134400027
56,fixed_manifest,block_04_ffn_island,fused_ffn_island,FPGA,581630.1905600023,581962.9380800023
53,fixed_manifest,block_11_qkv,linear_qkv,GPU,581764.1134400027,582206.8459200027
54,fixed_manifest,block_08_residual2,residual_add,GPU,582206.8459200027,582225.1931200027
57,fixed_manifest,block_02_proj,linear_projection,GPU,582225.1931200027,582377.4372800027
58,fixed_manifest,block_00_attention,self_attention,GPU,582377.4372800027,582533.4638400028
55,fixed_manifest,block_06_residual2,residual_add,GPU,582533.4638400028,582551.8110400029
56,fixed_manifest,block_04_residual2,residual_add,GPU,582551.8110400029,582570.1582400029
53,fixed_manifest,block_11_attention,self_attention,GPU,582570.1582400029,582726.184800003
54,fixed_manifest,block_09_norm1,layer_norm,GPU,582726.184800003,582748.314400003
57,fixed_manifest,block_02_residual1,residual_add,GPU,582748.314400003,582766.661600003
58,fixed_manifest,block_00_proj,linear_projection,GPU,582766.661600003,582918.905760003
55,fixed_manifest,block_07_norm1,layer_norm,GPU,582918.905760003,582941.0353600031
56,fixed_manifest,block_05_norm1,layer_norm,GPU,582941.0353600031,582963.1649600031
53,fixed_manifest,block_11_proj,linear_projection,GPU,582963.1649600031,583115.4091200031
54,fixed_manifest,block_09_qkv,linear_qkv,GPU,583115.4091200031,583558.1416000032
57,fixed_manifest,block_02_norm2,layer_norm,GPU,583558.1416000032,583580.2712000032
58,fixed_manifest,block_00_residual1,residual_add,GPU,583580.2712000032,583598.6184000033
55,fixed_manifest,block_07_qkv,linear_qkv,GPU,583598.6184000033,584041.3508800033
57,fixed_manifest,block_02_ffn_island,fused_ffn_island,FPGA,583739.0360000033,584071.7835200033
56,fixed_manifest,block_05_qkv,linear_qkv,GPU,584041.3508800033,584484.0833600033
53,fixed_manifest,block_11_residual1,residual_add,GPU,584484.0833600033,584502.4305600034
54,fixed_manifest,block_09_attention,self_attention,GPU,584502.4305600034,584658.4571200034
58,fixed_manifest,block_00_norm2,layer_norm,GPU,584658.4571200034,584680.5867200034
55,fixed_manifest,block_07_attention,self_attention,GPU,584680.5867200034,584836.6132800034
57,fixed_manifest,block_02_residual2,residual_add,GPU,584836.6132800034,584854.9604800035
58,fixed_manifest,block_00_ffn_island,fused_ffn_island,FPGA,584839.3515200035,585172.0990400036
56,fixed_manifest,block_05_attention,self_attention,GPU,584854.9604800035,585010.9870400035
53,fixed_manifest,block_11_norm2,layer_norm,GPU,585010.9870400035,585033.1166400035
54,fixed_manifest,block_09_proj,linear_projection,GPU,585033.1166400035,585185.3608000036
55,fixed_manifest,block_07_proj,linear_projection,GPU,585185.3608000036,585337.6049600036
53,fixed_manifest,block_11_ffn_island,fused_ffn_island,FPGA,585191.8814400036,585524.6289600037
57,fixed_manifest,block_03_norm1,layer_norm,GPU,585337.6049600036,585359.7345600036
56,fixed_manifest,block_05_proj,linear_projection,GPU,585359.7345600036,585511.9787200037
54,fixed_manifest,block_09_residual1,residual_add,GPU,585511.9787200037,585530.3259200038
58,fixed_manifest,block_00_residual2,residual_add,GPU,585530.3259200038,585548.6731200038
55,fixed_manifest,block_07_residual1,residual_add,GPU,585548.6731200038,585567.0203200039
57,fixed_manifest,block_03_qkv,linear_qkv,GPU,585567.0203200039,586009.7528000039
56,fixed_manifest,block_05_residual1,residual_add,GPU,586009.7528000039,586028.1000000039
54,fixed_manifest,block_09_norm2,layer_norm,GPU,586028.1000000039,586050.2296000039
58,fixed_manifest,block_01_norm1,layer_norm,GPU,586050.2296000039,586072.359200004
55,fixed_manifest,block_07_norm2,layer_norm,GPU,586072.359200004,586094.488800004
53,fixed_manifest,block_11_residual2,residual_add,GPU,586094.488800004,586112.8360000041
57,fixed_manifest,block_03_attention,self_attention,GPU,586112.8360000041,586268.8625600041
54,fixed_manifest,block_09_ffn_island,fused_ffn_island,FPGA,586264.0232000039,586596.770720004
56,fixed_manifest,block_05_norm2,layer_norm,GPU,586268.8625600041,586290.9921600041
58,fixed_manifest,block_01_qkv,linear_qkv,GPU,586290.9921600041,586733.7246400042
55,fixed_manifest,block_07_ffn_island,fused_ffn_island,FPGA,586596.770720004,586929.518240004
53,fixed_manifest,final_norm,layer_norm,GPU,586733.7246400042,586755.8542400042
57,fixed_manifest,block_03_proj,linear_projection,GPU,586755.8542400042,586908.0984000042
58,fixed_manifest,block_01_attention,self_attention,GPU,586908.0984000042,587064.1249600042
56,fixed_manifest,block_05_ffn_island,fused_ffn_island,FPGA,586929.518240004,587262.2657600039
53,fixed_manifest,class_token_select,class_token_select,GPU,587064.1249600042,587071.1633600043
54,fixed_manifest,block_09_residual2,residual_add,GPU,587071.1633600043,587089.5105600044
57,fixed_manifest,block_03_residual1,residual_add,GPU,587089.5105600044,587107.8577600043
58,fixed_manifest,block_01_proj,linear_projection,GPU,587107.8577600043,587260.1019200045
53,fixed_manifest,classifier,linear_classifier,GPU,587260.1019200045,587268.0619200044
55,fixed_manifest,block_07_residual2,residual_add,GPU,587268.0619200044,587286.4091200045
54,fixed_manifest,block_10_norm1,layer_norm,GPU,587286.4091200045,587308.5387200045
57,fixed_manifest,block_03_norm2,layer_norm,GPU,587308.5387200045,587330.6683200046
58,fixed_manifest,block_01_residual1,residual_add,GPU,587330.6683200046,587349.0155200047
55,fixed_manifest,block_08_norm1,layer_norm,GPU,587349.0155200047,587371.1451200047
54,fixed_manifest,block_10_qkv,linear_qkv,GPU,587371.1451200047,587813.8776000047
57,fixed_manifest,block_03_ffn_island,fused_ffn_island,FPGA,587489.4331200047,587822.1806400047
58,fixed_manifest,block_01_norm2,layer_norm,GPU,587813.8776000047,587836.0072000048
55,fixed_manifest,block_08_qkv,linear_qkv,GPU,587836.0072000048,588278.7396800048
58,fixed_manifest,block_01_ffn_island,fused_ffn_island,FPGA,588045.7566400047,588378.5041600047
56,fixed_manifest,block_05_residual2,residual_add,GPU,588278.7396800048,588297.0868800048
54,fixed_manifest,block_10_attention,self_attention,GPU,588297.0868800048,588453.1134400049
57,fixed_manifest,block_03_residual2,residual_add,GPU,588453.1134400049,588471.4606400048
55,fixed_manifest,block_08_attention,self_attention,GPU,588471.4606400048,588627.4872000049
56,fixed_manifest,block_06_norm1,layer_norm,GPU,588627.4872000049,588649.616800005
54,fixed_manifest,block_10_proj,linear_projection,GPU,588649.616800005,588801.860960005
57,fixed_manifest,block_04_norm1,layer_norm,GPU,588801.860960005,588823.990560005
58,fixed_manifest,block_01_residual2,residual_add,GPU,588823.990560005,588842.337760005
55,fixed_manifest,block_08_proj,linear_projection,GPU,588842.337760005,588994.581920005
56,fixed_manifest,block_06_qkv,linear_qkv,GPU,588994.581920005,589437.3144000052
54,fixed_manifest,block_10_residual1,residual_add,GPU,589437.3144000052,589455.6616000052
57,fixed_manifest,block_04_qkv,linear_qkv,GPU,589455.6616000052,589898.3940800052
58,fixed_manifest,block_02_norm1,layer_norm,GPU,589898.3940800052,589920.5236800052
55,fixed_manifest,block_08_residual1,residual_add,GPU,589920.5236800052,589938.8708800053
56,fixed_manifest,block_06_attention,self_attention,GPU,589938.8708800053,590094.8974400053
54,fixed_manifest,block_10_norm2,layer_norm,GPU,590094.8974400053,590117.0270400053
57,fixed_manifest,block_04_attention,self_attention,GPU,590117.0270400053,590273.0536000053
58,fixed_manifest,block_02_qkv,linear_qkv,GPU,590273.0536000053,590715.7860800055
54,fixed_manifest,block_10_ffn_island,fused_ffn_island,FPGA,590275.7918400054,590608.5393600054
55,fixed_manifest,block_08_norm2,layer_norm,GPU,590715.7860800055,590737.9156800054
59,fixed_manifest,patch_embedding,patch_embedding,GPU,590737.9156800054,590889.4225600054
56,fixed_manifest,block_06_proj,linear_projection,GPU,590889.4225600054,591041.6667200055
55,fixed_manifest,block_08_ffn_island,fused_ffn_island,FPGA,590918.0689600057,591250.8164800056
57,fixed_manifest,block_04_proj,linear_projection,GPU,591041.6667200055,591193.9108800055
58,fixed_manifest,block_02_attention,self_attention,GPU,591193.9108800055,591349.9374400055
54,fixed_manifest,block_10_residual2,residual_add,GPU,591349.9374400055,591368.2846400056
59,fixed_manifest,token_embedding,token_and_position_embedding,GPU,591368.2846400056,591386.6318400056
56,fixed_manifest,block_06_residual1,residual_add,GPU,591386.6318400056,591404.9790400057
57,fixed_manifest,block_04_residual1,residual_add,GPU,591404.9790400057,591423.3262400057
58,fixed_manifest,block_02_proj,linear_projection,GPU,591423.3262400057,591575.5704000058
54,fixed_manifest,block_11_norm1,layer_norm,GPU,591575.5704000058,591597.7000000058
59,fixed_manifest,block_00_norm1,layer_norm,GPU,591597.7000000058,591619.8296000058
56,fixed_manifest,block_06_norm2,layer_norm,GPU,591619.8296000058,591641.9592000059
55,fixed_manifest,block_08_residual2,residual_add,GPU,591641.9592000059,591660.3064000059
57,fixed_manifest,block_04_norm2,layer_norm,GPU,591660.3064000059,591682.4360000059
58,fixed_manifest,block_02_residual1,residual_add,GPU,591682.4360000059,591700.783200006
54,fixed_manifest,block_11_qkv,linear_qkv,GPU,591700.783200006,592143.515680006
56,fixed_manifest,block_06_ffn_island,fused_ffn_island,FPGA,591859.5352000057,592192.2827200058
59,fixed_manifest,block_00_qkv,linear_qkv,GPU,592143.515680006,592586.248160006
57,fixed_manifest,block_04_ffn_island,fused_ffn_island,FPGA,592192.2827200058,592525.0302400058
55,fixed_manifest,block_09_norm1,layer_norm,GPU,592586.248160006,592608.3777600061
58,fixed_manifest,block_02_norm2,layer_norm,GPU,592608.3777600061,592630.5073600061
54,fixed_manifest,block_11_attention,self_attention,GPU,592630.5073600061,592786.5339200061
56,fixed_manifest,block_06_residual2,residual_add,GPU,592786.5339200061,592804.8811200062
58,fixed_manifest,block_02_ffn_island,fused_ffn_island,FPGA,592796.9380800064,593129.6856000065
59,fixed_manifest,block_00_attention,self_attention,GPU,592804.8811200062,592960.9076800062
55,fixed_manifest,block_09_qkv,linear_qkv,GPU,592960.9076800062,593403.6401600062
57,fixed_manifest,block_04_residual2,residual_add,GPU,593403.6401600062,593421.9873600063
54,fixed_manifest,block_11_proj,linear_projection,GPU,593421.9873600063,593574.2315200063
56,fixed_manifest,block_07_norm1,layer_norm,GPU,593574.2315200063,593596.3611200063
59,fixed_manifest,block_00_proj,linear_projection,GPU,593596.3611200063,593748.6052800064
58,fixed_manifest,block_02_residual2,residual_add,GPU,593748.6052800064,593766.9524800064
55,fixed_manifest,block_09_attention,self_attention,GPU,593766.9524800064,593922.9790400064
57,fixed_manifest,block_05_norm1,layer_norm,GPU,593922.9790400064,593945.1086400065
54,fixed_manifest,block_11_residual1,residual_add,GPU,593945.1086400065,593963.4558400066
56,fixed_manifest,block_07_qkv,linear_qkv,GPU,593963.4558400066,594406.1883200066
59,fixed_manifest,block_00_residual1,residual_add,GPU,594406.1883200066,594424.5355200067
58,fixed_manifest,block_03_norm1,layer_norm,GPU,594424.5355200067,594446.6651200067
55,fixed_manifest,block_09_proj,linear_projection,GPU,594446.6651200067,594598.9092800067
57,fixed_manifest,block_05_qkv,linear_qkv,GPU,594598.9092800067,595041.6417600068
54,fixed_manifest,block_11_norm2,layer_norm,GPU,595041.6417600068,595063.7713600068
56,fixed_manifest,block_07_attention,self_attention,GPU,595063.7713600068,595219.7979200068
59,fixed_manifest,block_00_norm2,layer_norm,GPU,595219.7979200068,595241.9275200068
54,fixed_manifest,block_11_ffn_island,fused_ffn_island,FPGA,595222.5361600069,595555.2836800069
58,fixed_manifest,block_03_qkv,linear_qkv,GPU,595241.9275200068,595684.6600000069
59,fixed_manifest,block_00_ffn_island,fused_ffn_island,FPGA,595555.2836800069,595888.0312000068
55,fixed_manifest,block_09_residual1,residual_add,GPU,595684.6600000069,595703.0072000069
57,fixed_manifest,block_05_attention,self_attention,GPU,595703.0072000069,595859.0337600069
56,fixed_manifest,block_07_proj,linear_projection,GPU,595859.0337600069,596011.277920007
58,fixed_manifest,block_03_attention,self_attention,GPU,596011.277920007,596167.304480007
55,fixed_manifest,block_09_norm2,layer_norm,GPU,596167.304480007,596189.434080007
54,fixed_manifest,block_11_residual2,residual_add,GPU,596189.434080007,596207.7812800071
57,fixed_manifest,block_05_proj,linear_projection,GPU,596207.7812800071,596360.0254400071
55,fixed_manifest,block_09_ffn_island,fused_ffn_island,FPGA,596348.1988800071,596680.9464000071
56,fixed_manifest,block_07_residual1,residual_add,GPU,596360.0254400071,596378.3726400072
59,fixed_manifest,block_00_residual2,residual_add,GPU,596378.3726400072,596396.7198400073
58,fixed_manifest,block_03_proj,linear_projection,GPU,596396.7198400073,596548.9640000073
54,fixed_manifest,final_norm,layer_norm,GPU,596548.9640000073,596571.0936000072
57,fixed_manifest,block_05_residual1,residual_add,GPU,596571.0936000072,596589.4408000073
56,fixed_manifest,block_07_norm2,layer_norm,GPU,596589.4408000073,596611.5704000073
59,fixed_manifest,block_01_norm1,layer_norm,GPU,596611.5704000073,596633.7000000074
58,fixed_manifest,block_03_residual1,residual_add,GPU,596633.7000000074,596652.0472000074
54,fixed_manifest,class_token_select,class_token_select,GPU,596652.0472000074,596659.0856000074
57,fixed_manifest,block_05_norm2,layer_norm,GPU,596659.0856000074,596681.2152000075
59,fixed_manifest,block_01_qkv,linear_qkv,GPU,596681.2152000075,597123.9476800075
56,fixed_manifest,block_07_ffn_island,fused_ffn_island,FPGA,596881.7400000077,597214.4875200078
58,fixed_manifest,block_03_norm2,layer_norm,GPU,597123.9476800075,597146.0772800075
54,fixed_manifest,classifier,linear_classifier,GPU,597146.0772800075,597154.0372800076
55,fixed_manifest,block_09_residual2,residual_add,GPU,597154.0372800076,597172.3844800077
59,fixed_manifest,block_01_attention,self_attention,GPU,597172.3844800077,597328.4110400077
57,fixed_manifest,block_05_ffn_island,fused_ffn_island,FPGA,597214.4875200078,597547.2350400077
55,fixed_manifest,block_10_norm1,layer_norm,GPU,597328.4110400077,597350.5406400077
59,fixed_manifest,block_01_proj,linear_projection,GPU,597350.5406400077,597502.7848000077
55,fixed_manifest,block_10_qkv,linear_qkv,GPU,597502.7848000077,597945.5172800078
58,fixed_manifest,block_03_ffn_island,fused_ffn_island,FPGA,597547.2350400077,597879.9825600077
56,fixed_manifest,block_07_residual2,residual_add,GPU,597945.5172800078,597963.8644800078
59,fixed_manifest,block_01_residual1,residual_add,GPU,597963.8644800078,597982.2116800079
57,fixed_manifest,block_05_residual2,residual_add,GPU,597982.2116800079,598000.558880008
55,fixed_manifest,block_10_attention,self_attention,GPU,598000.558880008,598156.585440008
56,fixed_manifest,block_08_norm1,layer_norm,GPU,598156.585440008,598178.715040008
59,fixed_manifest,block_01_norm2,layer_norm,GPU,598178.715040008,598200.844640008
57,fixed_manifest,block_06_norm1,layer_norm,GPU,598200.844640008,598222.974240008
58,fixed_manifest,block_03_residual2,residual_add,GPU,598222.974240008,598241.3214400081
55,fixed_manifest,block_10_proj,linear_projection,GPU,598241.3214400081,598393.5656000081
59,fixed_manifest,block_01_ffn_island,fused_ffn_island,FPGA,598359.6094400081,598692.3569600082
56,fixed_manifest,block_08_qkv,linear_qkv,GPU,598393.5656000081,598836.2980800081
57,fixed_manifest,block_06_qkv,linear_qkv,GPU,598836.2980800081,599279.0305600083
58,fixed_manifest,block_04_norm1,layer_norm,GPU,599279.0305600083,599301.1601600082
55,fixed_manifest,block_10_residual1,residual_add,GPU,599301.1601600082,599319.5073600083
56,fixed_manifest,block_08_attention,self_attention,GPU,599319.5073600083,599475.5339200083
59,fixed_manifest,block_01_residual2,residual_add,GPU,599475.5339200083,599493.8811200083
57,fixed_manifest,block_06_attention,self_attention,GPU,599493.8811200083,599649.9076800083
58,fixed_manifest,block_04_qkv,linear_qkv,GPU,599649.9076800083,600092.6401600085
55,fixed_manifest,block_10_norm2,layer_norm,GPU,600092.6401600085,600114.7697600084
56,fixed_manifest,block_08_proj,linear_projection,GPU,600114.7697600084,600267.0139200084
59,fixed_manifest,block_02_norm1,layer_norm,GPU,600267.0139200084,600289.1435200085
55,fixed_manifest,block_10_ffn_island,fused_ffn_island,FPGA,600273.5345600086,600606.2820800085
57,fixed_manifest,block_06_proj,linear_projection,GPU,600289.1435200085,600441.3876800085
60,fixed_manifest,patch_embedding,patch_embedding,GPU,600441.3876800085,600592.8945600085
58,fixed_manifest,block_04_attention,self_attention,GPU,600592.8945600085,600748.9211200086
56,fixed_manifest,block_08_residual1,residual_add,GPU,600748.9211200086,600767.2683200086
59,fixed_manifest,block_02_qkv,linear_qkv,GPU,600767.2683200086,601210.0008000087
57,fixed_manifest,block_06_residual1,residual_add,GPU,601210.0008000087,601228.3480000087
60,fixed_manifest,token_embedding,token_and_position_embedding,GPU,601228.3480000087,601246.6952000087
58,fixed_manifest,block_04_proj,linear_projection,GPU,601246.6952000087,601398.9393600088
55,fixed_manifest,block_10_residual2,residual_add,GPU,601398.9393600088,601417.2865600088
56,fixed_manifest,block_08_norm2,layer_norm,GPU,601417.2865600088,601439.4161600089
59,fixed_manifest,block_02_attention,self_attention,GPU,601439.4161600089,601595.4427200089
57,fixed_manifest,block_06_norm2,layer_norm,GPU,601595.4427200089,601617.5723200089
56,fixed_manifest,block_08_ffn_island,fused_ffn_island,FPGA,601598.180960009,601930.928480009
60,fixed_manifest,block_00_norm1,layer_norm,GPU,601617.5723200089,601639.701920009
58,fixed_manifest,block_04_residual1,residual_add,GPU,601639.701920009,601658.049120009
55,fixed_manifest,block_11_norm1,layer_norm,GPU,601658.049120009,601680.178720009
59,fixed_manifest,block_02_proj,linear_projection,GPU,601680.178720009,601832.422880009
60,fixed_manifest,block_00_qkv,linear_qkv,GPU,601832.422880009,602275.155360009
57,fixed_manifest,block_06_ffn_island,fused_ffn_island,FPGA,601930.928480009,602263.6760000089
58,fixed_manifest,block_04_norm2,layer_norm,GPU,602275.155360009,602297.2849600092
55,fixed_manifest,block_11_qkv,linear_qkv,GPU,602297.2849600092,602740.0174400092
58,fixed_manifest,block_04_ffn_island,fused_ffn_island,FPGA,602487.252000009,602819.9995200089
59,fixed_manifest,block_02_residual1,residual_add,GPU,602740.0174400092,602758.3646400092
56,fixed_manifest,block_08_residual2,residual_add,GPU,602758.3646400092,602776.7118400092
60,fixed_manifest,block_00_attention,self_attention,GPU,602776.7118400092,602932.7384000092
57,fixed_manifest,block_06_residual2,residual_add,GPU,602932.7384000092,602951.0856000093
55,fixed_manifest,block_11_attention,self_attention,GPU,602951.0856000093,603107.1121600093
59,fixed_manifest,block_02_norm2,layer_norm,GPU,603107.1121600093,603129.2417600093
56,fixed_manifest,block_09_norm1,layer_norm,GPU,603129.2417600093,603151.3713600094
60,fixed_manifest,block_00_proj,linear_projection,GPU,603151.3713600094,603303.6155200094
59,fixed_manifest,block_02_ffn_island,fused_ffn_island,FPGA,603288.0065600094,603620.7540800095
57,fixed_manifest,block_07_norm1,layer_norm,GPU,603303.6155200094,603325.7451200095
58,fixed_manifest,block_04_residual2,residual_add,GPU,603325.7451200095,603344.0923200095
55,fixed_manifest,block_11_proj,linear_projection,GPU,603344.0923200095,603496.3364800096
56,fixed_manifest,block_09_qkv,linear_qkv,GPU,603496.3364800096,603939.0689600096
60,fixed_manifest,block_00_residual1,residual_add,GPU,603939.0689600096,603957.4161600097
57,fixed_manifest,block_07_qkv,linear_qkv,GPU,603957.4161600097,604400.1486400097
58,fixed_manifest,block_05_norm1,layer_norm,GPU,604400.1486400097,604422.2782400097
55,fixed_manifest,block_11_residual1,residual_add,GPU,604422.2782400097,604440.6254400098
59,fixed_manifest,block_02_residual2,residual_add,GPU,604440.6254400098,604458.9726400098
56,fixed_manifest,block_09_attention,self_attention,GPU,604458.9726400098,604614.9992000099
60,fixed_manifest,block_00_norm2,layer_norm,GPU,604614.9992000099,604637.1288000098
57,fixed_manifest,block_07_attention,self_attention,GPU,604637.1288000098,604793.1553600099
58,fixed_manifest,block_05_qkv,linear_qkv,GPU,604793.1553600099,605235.8878400099
60,fixed_manifest,block_00_ffn_island,fused_ffn_island,FPGA,604795.89360001,605128.6411200099
55,fixed_manifest,block_11_norm2,layer_norm,GPU,605235.8878400099,605258.01744001
59,fixed_manifest,block_03_norm1,layer_norm,GPU,605258.01744001,605280.14704001
56,fixed_manifest,block_09_proj,linear_projection,GPU,605280.14704001,605432.39120001
57,fixed_manifest,block_07_proj,linear_projection,GPU,605432.39120001,605584.6353600101
55,fixed_manifest,block_11_ffn_island,fused_ffn_island,FPGA,605438.1707200102,605770.9182400102
58,fixed_manifest,block_05_attention,self_attention,GPU,605584.6353600101,605740.6619200101
59,fixed_manifest,block_03_qkv,linear_qkv,GPU,605740.6619200101,606183.3944000101
60,fixed_manifest,block_00_residual2,residual_add,GPU,606183.3944000101,606201.7416000102
56,fixed_manifest,block_09_residual1,residual_add,GPU,606201.7416000102,606220.0888000103
57,fixed_manifest,block_07_residual1,residual_add,GPU,606220.0888000103,606238.4360000102
58,fixed_manifest,block_05_proj,linear_projection,GPU,606238.4360000102,606390.6801600103
55,fixed_manifest,block_11_residual2,residual_add,GPU,606390.6801600103,606409.0273600103
59,fixed_manifest,block_03_attention,self_attention,GPU,606409.0273600103,606565.0539200103
60,fixed_manifest,block_01_norm1,layer_norm,GPU,606565.0539200103,606587.1835200104
56,fixed_manifest,block_09_norm2,layer_norm,GPU,606587.1835200104,606609.3131200104
57,fixed_manifest,block_07_norm2,layer_norm,GPU,606609.3131200104,606631.4427200104
58,fixed_manifest,block_05_residual1,residual_add,GPU,606631.4427200104,606649.7899200105
55,fixed_manifest,final_norm,layer_norm,GPU,606649.7899200105,606671.9195200106
59,fixed_manifest,block_03_proj,linear_projection,GPU,606671.9195200106,606824.1636800106
60,fixed_manifest,block_01_qkv,linear_qkv,GPU,606824.1636800106,607266.8961600106
56,fixed_manifest,block_09_ffn_island,fused_ffn_island,FPGA,606849.5835200103,607182.3310400104
57,fixed_manifest,block_07_ffn_island,fused_ffn_island,FPGA,607182.3310400104,607515.0785600104
58,fixed_manifest,block_05_norm2,layer_norm,GPU,607266.8961600106,607289.0257600107
55,fixed_manifest,class_token_select,class_token_select,GPU,607289.0257600107,607296.0641600107
59,fixed_manifest,block_03_residual1,residual_add,GPU,607296.0641600107,607314.4113600107
60,fixed_manifest,block_01_attention,self_attention,GPU,607314.4113600107,607470.4379200108
55,fixed_manifest,classifier,linear_classifier,GPU,607470.4379200108,607478.3979200108
59,fixed_manifest,block_03_norm2,layer_norm,GPU,607478.3979200108,607500.5275200108
56,fixed_manifest,block_09_residual2,residual_add,GPU,607500.5275200108,607518.8747200109
58,fixed_manifest,block_05_ffn_island,fused_ffn_island,FPGA,607515.0785600104,607847.8260800104
60,fixed_manifest,block_01_proj,linear_projection,GPU,607518.8747200109,607671.1188800109
56,fixed_manifest,block_10_norm1,layer_norm,GPU,607671.1188800109,607693.2484800109
60,fixed_manifest,block_01_residual1,residual_add,GPU,607693.2484800109,607711.595680011
56,fixed_manifest,block_10_qkv,linear_qkv,GPU,607711.595680011,608154.328160011
59,fixed_manifest,block_03_ffn_island,fused_ffn_island,FPGA,607847.8260800104,608180.5736000105
60,fixed_manifest,block_01_norm2,layer_norm,GPU,608154.328160011,608176.4577600111
57,fixed_manifest,block_07_residual2,residual_add,GPU,608176.4577600111,608194.8049600112
58,fixed_manifest,block_05_residual2,residual_add,GPU,608194.8049600112,608213.1521600111
56,fixed_manifest,block_10_attention,self_attention,GPU,608213.1521600111,608369.1787200111
57,fixed_manifest,block_08_norm1,layer_norm,GPU,608369.1787200111,608391.3083200112
58,fixed_manifest,block_06_norm1,layer_norm,GPU,608391.3083200112,608413.4379200112
60,fixed_manifest,block_01_ffn_island,fused_ffn_island,FPGA,608404.1496000105,608736.8971200105
56,fixed_manifest,block_10_proj,linear_projection,GPU,608413.4379200112,608565.6820800112
57,fixed_manifest,block_08_qkv,linear_qkv,GPU,608565.6820800112,609008.4145600114
59,fixed_manifest,block_03_residual2,residual_add,GPU,609008.4145600114,609026.7617600113
58,fixed_manifest,block_06_qkv,linear_qkv,GPU,609026.7617600113,609469.4942400114
56,fixed_manifest,block_10_residual1,residual_add,GPU,609469.4942400114,609487.8414400114
60,fixed_manifest,block_01_residual2,residual_add,GPU,609487.8414400114,609506.1886400115
57,fixed_manifest,block_08_attention,self_attention,GPU,609506.1886400115,609662.2152000115
59,fixed_manifest,block_04_norm1,layer_norm,GPU,609662.2152000115,609684.3448000116
58,fixed_manifest,block_06_attention,self_attention,GPU,609684.3448000116,609840.3713600115
56,fixed_manifest,block_10_norm2,layer_norm,GPU,609840.3713600115,609862.5009600116
60,fixed_manifest,block_02_norm1,layer_norm,GPU,609862.5009600116,609884.6305600116
57,fixed_manifest,block_08_proj,linear_projection,GPU,609884.6305600116,610036.8747200117
56,fixed_manifest,block_10_ffn_island,fused_ffn_island,FPGA,610021.2657600117,610354.0132800117
59,fixed_manifest,block_04_qkv,linear_qkv,GPU,610036.8747200117,610479.6072000117
58,fixed_manifest,block_06_proj,linear_projection,GPU,610479.6072000117,610631.8513600117
60,fixed_manifest,block_02_qkv,linear_qkv,GPU,610631.8513600117,611074.5838400117
61,fixed_manifest,patch_embedding,patch_embedding,GPU,611074.5838400117,611226.0907200117
57,fixed_manifest,block_08_residual1,residual_add,GPU,611226.0907200117,611244.4379200118
59,fixed_manifest,block_04_attention,self_attention,GPU,611244.4379200118,611400.4644800118
56,fixed_manifest,block_10_residual2,residual_add,GPU,611400.4644800118,611418.8116800119
58,fixed_manifest,block_06_residual1,residual_add,GPU,611418.8116800119,611437.1588800119
60,fixed_manifest,block_02_attention,self_attention,GPU,611437.1588800119,611593.1854400119
61,fixed_manifest,token_embedding,token_and_position_embedding,GPU,611593.1854400119,611611.532640012
57,fixed_manifest,block_08_norm2,layer_norm,GPU,611611.532640012,611633.6622400121
59,fixed_manifest,block_04_proj,linear_projection,GPU,611633.6622400121,611785.9064000121
56,fixed_manifest,block_11_norm1,layer_norm,GPU,611785.9064000121,611808.0360000121
57,fixed_manifest,block_08_ffn_island,fused_ffn_island,FPGA,611792.4270400121,612125.1745600122
58,fixed_manifest,block_06_norm2,layer_norm,GPU,611808.0360000121,611830.1656000122
60,fixed_manifest,block_02_proj,linear_projection,GPU,611830.1656000122,611982.4097600122
61,fixed_manifest,block_00_norm1,layer_norm,GPU,611982.4097600122,612004.5393600122
59,fixed_manifest,block_04_residual1,residual_add,GPU,612004.5393600122,612022.8865600122
56,fixed_manifest,block_11_qkv,linear_qkv,GPU,612022.8865600122,612465.6190400122
58,fixed_manifest,block_06_ffn_island,fused_ffn_island,FPGA,612125.1745600122,612457.9220800122
60,fixed_manifest,block_02_residual1,residual_add,GPU,612465.6190400122,612483.9662400123
61,fixed_manifest,block_00_qkv,linear_qkv,GPU,612483.9662400123,612926.6987200123
59,fixed_manifest,block_04_norm2,layer_norm,GPU,612926.6987200123,612948.8283200124
57,fixed_manifest,block_08_residual2,residual_add,GPU,612948.8283200124,612967.1755200125
56,fixed_manifest,block_11_attention,self_attention,GPU,612967.1755200125,613123.2020800125
59,fixed_manifest,block_04_ffn_island,fused_ffn_island,FPGA,613107.5931200125,613440.3406400125
60,fixed_manifest,block_02_norm2,layer_norm,GPU,613123.2020800125,613145.3316800125
58,fixed_manifest,block_06_residual2,residual_add,GPU,613145.3316800125,613163.6788800126
61,fixed_manifest,block_00_attention,self_attention,GPU,613163.6788800126,613319.7054400126
57,fixed_manifest,block_09_norm1,layer_norm,GPU,613319.7054400126,613341.8350400126
56,fixed_manifest,block_11_proj,linear_projection,GPU,613341.8350400126,613494.0792000126
60,fixed_manifest,block_02_ffn_island,fused_ffn_island,FPGA,613440.3406400125,613773.0881600125
58,fixed_manifest,block_07_norm1,layer_norm,GPU,613494.0792000126,613516.2088000127
61,fixed_manifest,block_00_proj,linear_projection,GPU,613516.2088000127,613668.4529600127
57,fixed_manifest,block_09_qkv,linear_qkv,GPU,613668.4529600127,614111.1854400127
56,fixed_manifest,block_11_residual1,residual_add,GPU,614111.1854400127,614129.5326400128
58,fixed_manifest,block_07_qkv,linear_qkv,GPU,614129.5326400128,614572.2651200128
59,fixed_manifest,block_04_residual2,residual_add,GPU,614572.2651200128,614590.6123200129
61,fixed_manifest,block_00_residual1,residual_add,GPU,614590.6123200129,614608.959520013
60,fixed_manifest,block_02_residual2,residual_add,GPU,614608.959520013,614627.306720013
57,fixed_manifest,block_09_attention,self_attention,GPU,614627.306720013,614783.333280013
56,fixed_manifest,block_11_norm2,layer_norm,GPU,614783.333280013,614805.462880013
58,fixed_manifest,block_07_attention,self_attention,GPU,614805.462880013,614961.4894400131
59,fixed_manifest,block_05_norm1,layer_norm,GPU,614961.4894400131,614983.619040013
56,fixed_manifest,block_11_ffn_island,fused_ffn_island,FPGA,614964.2276800132,615296.9752000131
61,fixed_manifest,block_00_norm2,layer_norm,GPU,614983.619040013,615005.7486400132
60,fixed_manifest,block_03_norm1,layer_norm,GPU,615005.7486400132,615027.8782400131
57,fixed_manifest,block_09_proj,linear_projection,GPU,615027.8782400131,615180.1224000131
58,fixed_manifest,block_07_proj,linear_projection,GPU,615180.1224000131,615332.3665600133
61,fixed_manifest,block_00_ffn_island,fused_ffn_island,FPGA,615296.9752000131,615629.7227200131
59,fixed_manifest,block_05_qkv,linear_qkv,GPU,615332.3665600133,615775.0990400133
60,fixed_manifest,block_03_qkv,linear_qkv,GPU,615775.0990400133,616217.8315200133
57,fixed_manifest,block_09_residual1,residual_add,GPU,616217.8315200133,616236.1787200134
58,fixed_manifest,block_07_residual1,residual_add,GPU,616236.1787200134,616254.5259200134
56,fixed_manifest,block_11_residual2,residual_add,GPU,616254.5259200134,616272.8731200134
59,fixed_manifest,block_05_attention,self_attention,GPU,616272.8731200134,616428.8996800134
61,fixed_manifest,block_00_residual2,residual_add,GPU,616428.8996800134,616447.2468800135
60,fixed_manifest,block_03_attention,self_attention,GPU,616447.2468800135,616603.2734400135
57,fixed_manifest,block_09_norm2,layer_norm,GPU,616603.2734400135,616625.4030400135
58,fixed_manifest,block_07_norm2,layer_norm,GPU,616625.4030400135,616647.5326400136
56,fixed_manifest,final_norm,layer_norm,GPU,616647.5326400136,616669.6622400136
59,fixed_manifest,block_05_proj,linear_projection,GPU,616669.6622400136,616821.9064000137
61,fixed_manifest,block_01_norm1,layer_norm,GPU,616821.9064000137,616844.0360000137
60,fixed_manifest,block_03_proj,linear_projection,GPU,616844.0360000137,616996.2801600137
57,fixed_manifest,block_09_ffn_island,fused_ffn_island,FPGA,616865.6734400135,617198.4209600135
56,fixed_manifest,class_token_select,class_token_select,GPU,616996.2801600137,617003.3185600138
59,fixed_manifest,block_05_residual1,residual_add,GPU,617003.3185600138,617021.6657600139
61,fixed_manifest,block_01_qkv,linear_qkv,GPU,617021.6657600139,617464.3982400139
58,fixed_manifest,block_07_ffn_island,fused_ffn_island,FPGA,617198.4209600135,617531.1684800135
60,fixed_manifest,block_03_residual1,residual_add,GPU,617464.3982400139,617482.7454400139
56,fixed_manifest,classifier,linear_classifier,GPU,617482.7454400139,617490.7054400139
59,fixed_manifest,block_05_norm2,layer_norm,GPU,617490.7054400139,617512.835040014
57,fixed_manifest,block_09_residual2,residual_add,GPU,617512.835040014,617531.182240014
61,fixed_manifest,block_01_attention,self_attention,GPU,617531.182240014,617687.208800014
60,fixed_manifest,block_03_norm2,layer_norm,GPU,617687.208800014,617709.3384000141
57,fixed_manifest,block_10_norm1,layer_norm,GPU,617709.3384000141,617731.4680000141
61,fixed_manifest,block_01_proj,linear_projection,GPU,617731.4680000141,617883.7121600142
59,fixed_manifest,block_05_ffn_island,fused_ffn_island,FPGA,617754.7444800135,618087.4920000136
57,fixed_manifest,block_10_qkv,linear_qkv,GPU,617883.7121600142,618326.4446400142
60,fixed_manifest,block_03_ffn_island,fused_ffn_island,FPGA,618087.4920000136,618420.2395200136
58,fixed_manifest,block_07_residual2,residual_add,GPU,618326.4446400142,618344.7918400143
61,fixed_manifest,block_01_residual1,residual_add,GPU,618344.7918400143,618363.1390400142
59,fixed_manifest,block_05_residual2,residual_add,GPU,618363.1390400142,618381.4862400143
57,fixed_manifest,block_10_attention,self_attention,GPU,618381.4862400143,618537.5128000143
58,fixed_manifest,block_08_norm1,layer_norm,GPU,618537.5128000143,618559.6424000143
61,fixed_manifest,block_01_norm2,layer_norm,GPU,618559.6424000143,618581.7720000144
59,fixed_manifest,block_06_norm1,layer_norm,GPU,618581.7720000144,618603.9016000144
57,fixed_manifest,block_10_proj,linear_projection,GPU,618603.9016000144,618756.1457600144
61,fixed_manifest,block_01_ffn_island,fused_ffn_island,FPGA,618740.5368000146,619073.2843200145
58,fixed_manifest,block_08_qkv,linear_qkv,GPU,618756.1457600144,619198.8782400145
60,fixed_manifest,block_03_residual2,residual_add,GPU,619198.8782400145,619217.2254400146
59,fixed_manifest,block_06_qkv,linear_qkv,GPU,619217.2254400146,619659.9579200146
57,fixed_manifest,block_10_residual1,residual_add,GPU,619659.9579200146,619678.3051200147
58,fixed_manifest,block_08_attention,self_attention,GPU,619678.3051200147,619834.3316800147
60,fixed_manifest,block_04_norm1,layer_norm,GPU,619834.3316800147,619856.4612800147
61,fixed_manifest,block_01_residual2,residual_add,GPU,619856.4612800147,619874.8084800148
59,fixed_manifest,block_06_attention,self_attention,GPU,619874.8084800148,620030.8350400148
57,fixed_manifest,block_10_norm2,layer_norm,GPU,620030.8350400148,620052.9646400148
58,fixed_manifest,block_08_proj,linear_projection,GPU,620052.9646400148,620205.2088000148
60,fixed_manifest,block_04_qkv,linear_qkv,GPU,620205.2088000148,620647.9412800149
57,fixed_manifest,block_10_ffn_island,fused_ffn_island,FPGA,620211.7294400149,620544.4769600149
61,fixed_manifest,block_02_norm1,layer_norm,GPU,620647.9412800149,620670.0708800149
62,fixed_manifest,patch_embedding,patch_embedding,GPU,620670.0708800149,620821.5777600149
59,fixed_manifest,block_06_proj,linear_projection,GPU,620821.5777600149,620973.8219200149
58,fixed_manifest,block_08_residual1,residual_add,GPU,620973.8219200149,620992.169120015
60,fixed_manifest,block_04_attention,self_attention,GPU,620992.169120015,621148.195680015
61,fixed_manifest,block_02_qkv,linear_qkv,GPU,621148.195680015,621590.928160015
57,fixed_manifest,block_10_residual2,residual_add,GPU,621590.928160015,621609.2753600151
62,fixed_manifest,token_embedding,token_and_position_embedding,GPU,621609.2753600151,621627.6225600152
59,fixed_manifest,block_06_residual1,residual_add,GPU,621627.6225600152,621645.9697600151
58,fixed_manifest,block_08_norm2,layer_norm,GPU,621645.9697600151,621668.0993600152
60,fixed_manifest,block_04_proj,linear_projection,GPU,621668.0993600152,621820.3435200152
61,fixed_manifest,block_02_attention,self_attention,GPU,621820.3435200152,621976.3700800153
58,fixed_manifest,block_08_ffn_island,fused_ffn_island,FPGA,621826.8641600154,622159.6116800153
57,fixed_manifest,block_11_norm1,layer_norm,GPU,621976.3700800153,621998.4996800153
62,fixed_manifest,block_00_norm1,layer_norm,GPU,621998.4996800153,622020.6292800154
59,fixed_manifest,block_06_norm2,layer_norm,GPU,622020.6292800154,622042.7588800153
60,fixed_manifest,block_04_residual1,residual_add,GPU,622042.7588800153,622061.1060800154
61,fixed_manifest,block_02_proj,linear_projection,GPU,622061.1060800154,622213.3502400154
57,fixed_manifest,block_11_qkv,linear_qkv,GPU,622213.3502400154,622656.0827200155
59,fixed_manifest,block_06_ffn_island,fused_ffn_island,FPGA,622218.4356800155,622551.1832000155
62,fixed_manifest,block_00_qkv,linear_qkv,GPU,622656.0827200155,623098.8152000156
60,fixed_manifest,block_04_norm2,layer_norm,GPU,623098.8152000156,623120.9448000155
61,fixed_manifest,block_02_residual1,residual_add,GPU,623120.9448000155,623139.2920000156
58,fixed_manifest,block_08_residual2,residual_add,GPU,623139.2920000156,623157.6392000157
57,fixed_manifest,block_11_attention,self_attention,GPU,623157.6392000157,623313.6657600157
60,fixed_manifest,block_04_ffn_island,fused_ffn_island,FPGA,623279.7096000157,623612.4571200156
59,fixed_manifest,block_06_residual2,residual_add,GPU,623313.6657600157,623332.0129600157
62,fixed_manifest,block_00_attention,self_attention,GPU,623332.0129600157,623488.0395200157
61,fixed_manifest,block_02_norm2,layer_norm,GPU,623488.0395200157,623510.1691200158
58,fixed_manifest,block_09_norm1,layer_norm,GPU,623510.1691200158,623532.2987200158
57,fixed_manifest,block_11_proj,linear_projection,GPU,623532.2987200158,623684.5428800158
59,fixed_manifest,block_07_norm1,layer_norm,GPU,623684.5428800158,623706.6724800159
61,fixed_manifest,block_02_ffn_island,fused_ffn_island,FPGA,623700.4107200159,624033.158240016
62,fixed_manifest,block_00_proj,linear_projection,GPU,623706.6724800159,623858.9166400159
58,fixed_manifest,block_09_qkv,linear_qkv,GPU,623858.9166400159,624301.6491200159
57,fixed_manifest,block_11_residual1,residual_add,GPU,624301.6491200159,624319.996320016
59,fixed_manifest,block_07_qkv,linear_qkv,GPU,624319.996320016,624762.728800016
60,fixed_manifest,block_04_residual2,residual_add,GPU,624762.728800016,624781.0760000161
62,fixed_manifest,block_00_residual1,residual_add,GPU,624781.0760000161,624799.4232000161
61,fixed_manifest,block_02_residual2,residual_add,GPU,624799.4232000161,624817.7704000162
58,fixed_manifest,block_09_attention,self_attention,GPU,624817.7704000162,624973.7969600162
57,fixed_manifest,block_11_norm2,layer_norm,GPU,624973.7969600162,624995.9265600162
59,fixed_manifest,block_07_attention,self_attention,GPU,624995.9265600162,625151.9531200163
60,fixed_manifest,block_05_norm1,layer_norm,GPU,625151.9531200163,625174.0827200162
57,fixed_manifest,block_11_ffn_island,fused_ffn_island,FPGA,625154.6913600164,625487.4388800163
62,fixed_manifest,block_00_norm2,layer_norm,GPU,625174.0827200162,625196.2123200163
61,fixed_manifest,block_03_norm1,layer_norm,GPU,625196.2123200163,625218.3419200163
58,fixed_manifest,block_09_proj,linear_projection,GPU,625218.3419200163,625370.5860800163
59,fixed_manifest,block_07_proj,linear_projection,GPU,625370.5860800163,625522.8302400165
62,fixed_manifest,block_00_ffn_island,fused_ffn_island,FPGA,625487.4388800163,625820.1864000163
60,fixed_manifest,block_05_qkv,linear_qkv,GPU,625522.8302400165,625965.5627200165
61,fixed_manifest,block_03_qkv,linear_qkv,GPU,625965.5627200165,626408.2952000165
58,fixed_manifest,block_09_residual1,residual_add,GPU,626408.2952000165,626426.6424000165
59,fixed_manifest,block_07_residual1,residual_add,GPU,626426.6424000165,626444.9896000166
57,fixed_manifest,block_11_residual2,residual_add,GPU,626444.9896000166,626463.3368000167
60,fixed_manifest,block_05_attention,self_attention,GPU,626463.3368000167,626619.3633600167
62,fixed_manifest,block_00_residual2,residual_add,GPU,626619.3633600167,626637.7105600167
61,fixed_manifest,block_03_attention,self_attention,GPU,626637.7105600167,626793.7371200167
58,fixed_manifest,block_09_norm2,layer_norm,GPU,626793.7371200167,626815.8667200168
59,fixed_manifest,block_07_norm2,layer_norm,GPU,626815.8667200168,626837.9963200168
57,fixed_manifest,final_norm,layer_norm,GPU,626837.9963200168,626860.1259200168
60,fixed_manifest,block_05_proj,linear_projection,GPU,626860.1259200168,627012.3700800169
62,fixed_manifest,block_01_norm1,layer_norm,GPU,627012.3700800169,627034.4996800169
61,fixed_manifest,block_03_proj,linear_projection,GPU,627034.4996800169,627186.7438400169
58,fixed_manifest,block_09_ffn_island,fused_ffn_island,FPGA,627056.1371200167,627388.8846400167
57,fixed_manifest,class_token_select,class_token_select,GPU,627186.7438400169,627193.782240017
60,fixed_manifest,block_05_residual1,residual_add,GPU,627193.782240017,627212.129440017
62,fixed_manifest,block_01_qkv,linear_qkv,GPU,627212.129440017,627654.861920017
59,fixed_manifest,block_07_ffn_island,fused_ffn_island,FPGA,627388.8846400167,627721.6321600168
61,fixed_manifest,block_03_residual1,residual_add,GPU,627654.861920017,627673.2091200171
57,fixed_manifest,classifier,linear_classifier,GPU,627673.2091200171,627681.1691200171
60,fixed_manifest,block_05_norm2,layer_norm,GPU,627681.1691200171,627703.2987200172
58,fixed_manifest,block_09_residual2,residual_add,GPU,627703.2987200172,627721.6459200173
62,fixed_manifest,block_01_attention,self_attention,GPU,627721.6459200173,627877.6724800173
61,fixed_manifest,block_03_norm2,layer_norm,GPU,627877.6724800173,627899.8020800173
58,fixed_manifest,block_10_norm1,layer_norm,GPU,627899.8020800173,627921.9316800173
62,fixed_manifest,block_01_proj,linear_projection,GPU,627921.9316800173,628074.1758400174
60,fixed_manifest,block_05_ffn_island,fused_ffn_island,FPGA,627945.2081600168,628277.9556800168
58,fixed_manifest,block_10_qkv,linear_qkv,GPU,628074.1758400174,628516.9083200174
61,fixed_manifest,block_03_ffn_island,fused_ffn_island,FPGA,628277.9556800168,628610.7032000168
59,fixed_manifest,block_07_residual2,residual_add,GPU,628516.9083200174,628535.2555200175
62,fixed_manifest,block_01_residual1,residual_add,GPU,628535.2555200175,628553.6027200174
60,fixed_manifest,block_05_residual2,residual_add,GPU,628553.6027200174,628571.9499200175
58,fixed_manifest,block_10_attention,self_attention,GPU,628571.9499200175,628727.9764800175
59,fixed_manifest,block_08_norm1,layer_norm,GPU,628727.9764800175,628750.1060800176
62,fixed_manifest,block_01_norm2,layer_norm,GPU,628750.1060800176,628772.2356800176
60,fixed_manifest,block_06_norm1,layer_norm,GPU,628772.2356800176,628794.3652800176
58,fixed_manifest,block_10_proj,linear_projection,GPU,628794.3652800176,628946.6094400177
62,fixed_manifest,block_01_ffn_island,fused_ffn_island,FPGA,628931.0004800177,629263.7480000177
59,fixed_manifest,block_08_qkv,linear_qkv,GPU,628946.6094400177,629389.3419200177
61,fixed_manifest,block_03_residual2,residual_add,GPU,629389.3419200177,629407.6891200178
60,fixed_manifest,block_06_qkv,linear_qkv,GPU,629407.6891200178,629850.4216000178
58,fixed_manifest,block_10_residual1,residual_add,GPU,629850.4216000178,629868.7688000179
59,fixed_manifest,block_08_attention,self_attention,GPU,629868.7688000179,630024.7953600179
61,fixed_manifest,block_04_norm1,layer_norm,GPU,630024.7953600179,630046.9249600179
62,fixed_manifest,block_01_residual2,residual_add,GPU,630046.9249600179,630065.272160018
60,fixed_manifest,block_06_attention,self_attention,GPU,630065.272160018,630221.298720018
58,fixed_manifest,block_10_norm2,layer_norm,GPU,630221.298720018,630243.428320018
63,fixed_manifest,patch_embedding,patch_embedding,GPU,630243.428320018,630394.935200018
59,fixed_manifest,block_08_proj,linear_projection,GPU,630394.935200018,630547.179360018
58,fixed_manifest,block_10_ffn_island,fused_ffn_island,FPGA,630402.1931200181,630734.9406400181
61,fixed_manifest,block_04_qkv,linear_qkv,GPU,630547.179360018,630989.9118400181
62,fixed_manifest,block_02_norm1,layer_norm,GPU,630989.9118400181,631012.0414400181
60,fixed_manifest,block_06_proj,linear_projection,GPU,631012.0414400181,631164.2856000181
63,fixed_manifest,token_embedding,token_and_position_embedding,GPU,631164.2856000181,631182.6328000182
59,fixed_manifest,block_08_residual1,residual_add,GPU,631182.6328000182,631200.9800000183
58,fixed_manifest,block_10_residual2,residual_add,GPU,631200.9800000183,631219.3272000182
61,fixed_manifest,block_04_attention,self_attention,GPU,631219.3272000182,631375.3537600182
62,fixed_manifest,block_02_qkv,linear_qkv,GPU,631375.3537600182,631818.0862400184
60,fixed_manifest,block_06_residual1,residual_add,GPU,631818.0862400184,631836.4334400183
63,fixed_manifest,block_00_norm1,layer_norm,GPU,631836.4334400183,631858.5630400184
59,fixed_manifest,block_08_norm2,layer_norm,GPU,631858.5630400184,631880.6926400184
58,fixed_manifest,block_11_norm1,layer_norm,GPU,631880.6926400184,631902.8222400185
61,fixed_manifest,block_04_proj,linear_projection,GPU,631902.8222400185,632055.0664000185
59,fixed_manifest,block_08_ffn_island,fused_ffn_island,FPGA,632039.4574400185,632372.2049600185
62,fixed_manifest,block_02_attention,self_attention,GPU,632055.0664000185,632211.0929600185
60,fixed_manifest,block_06_norm2,layer_norm,GPU,632211.0929600185,632233.2225600185
63,fixed_manifest,block_00_qkv,linear_qkv,GPU,632233.2225600185,632675.9550400187
60,fixed_manifest,block_06_ffn_island,fused_ffn_island,FPGA,632391.9873600187,632724.7348800186
58,fixed_manifest,block_11_qkv,linear_qkv,GPU,632675.9550400187,633118.6875200187
61,fixed_manifest,block_04_residual1,residual_add,GPU,633118.6875200187,633137.0347200187
62,fixed_manifest,block_02_proj,linear_projection,GPU,633137.0347200187,633289.2788800187
59,fixed_manifest,block_08_residual2,residual_add,GPU,633289.2788800187,633307.6260800188
63,fixed_manifest,block_00_attention,self_attention,GPU,633307.6260800188,633463.6526400188
60,fixed_manifest,block_06_residual2,residual_add,GPU,633463.6526400188,633481.9998400188
58,fixed_manifest,block_11_attention,self_attention,GPU,633481.9998400188,633638.0264000188
61,fixed_manifest,block_04_norm2,layer_norm,GPU,633638.0264000188,633660.1560000189
62,fixed_manifest,block_02_residual1,residual_add,GPU,633660.1560000189,633678.5032000189
59,fixed_manifest,block_09_norm1,layer_norm,GPU,633678.5032000189,633700.632800019
63,fixed_manifest,block_00_proj,linear_projection,GPU,633700.632800019,633852.876960019
61,fixed_manifest,block_04_ffn_island,fused_ffn_island,FPGA,633818.920800019,634151.668320019
60,fixed_manifest,block_07_norm1,layer_norm,GPU,633852.876960019,633875.0065600191
58,fixed_manifest,block_11_proj,linear_projection,GPU,633875.0065600191,634027.2507200191
62,fixed_manifest,block_02_norm2,layer_norm,GPU,634027.2507200191,634049.3803200191
59,fixed_manifest,block_09_qkv,linear_qkv,GPU,634049.3803200191,634492.1128000192
62,fixed_manifest,block_02_ffn_island,fused_ffn_island,FPGA,634239.6219200193,634572.3694400192
63,fixed_manifest,block_00_residual1,residual_add,GPU,634492.1128000192,634510.4600000192
60,fixed_manifest,block_07_qkv,linear_qkv,GPU,634510.4600000192,634953.1924800193
58,fixed_manifest,block_11_residual1,residual_add,GPU,634953.1924800193,634971.5396800193
61,fixed_manifest,block_04_residual2,residual_add,GPU,634971.5396800193,634989.8868800193
59,fixed_manifest,block_09_attention,self_attention,GPU,634989.8868800193,635145.9134400194
63,fixed_manifest,block_00_norm2,layer_norm,GPU,635145.9134400194,635168.0430400193
62,fixed_manifest,block_02_residual2,residual_add,GPU,635168.0430400193,635186.3902400194
60,fixed_manifest,block_07_attention,self_attention,GPU,635186.3902400194,635342.4168000194
63,fixed_manifest,block_00_ffn_island,fused_ffn_island,FPGA,635326.8078400195,635659.5553600196
58,fixed_manifest,block_11_norm2,layer_norm,GPU,635342.4168000194,635364.5464000195
61,fixed_manifest,block_05_norm1,layer_norm,GPU,635364.5464000195,635386.6760000195
59,fixed_manifest,block_09_proj,linear_projection,GPU,635386.6760000195,635538.9201600195
62,fixed_manifest,block_03_norm1,layer_norm,GPU,635538.9201600195,635561.0497600196
60,fixed_manifest,block_07_proj,linear_projection,GPU,635561.0497600196,635713.2939200196
58,fixed_manifest,block_11_ffn_island,fused_ffn_island,FPGA,635659.5553600196,635992.3028800195
61,fixed_manifest,block_05_qkv,linear_qkv,GPU,635713.2939200196,636156.0264000196
59,fixed_manifest,block_09_residual1,residual_add,GPU,636156.0264000196,636174.3736000197
62,fixed_manifest,block_03_qkv,linear_qkv,GPU,636174.3736000197,636617.1060800197
60,fixed_manifest,block_07_residual1,residual_add,GPU,636617.1060800197,636635.4532800198
63,fixed_manifest,block_00_residual2,residual_add,GPU,636635.4532800198,636653.8004800199
58,fixed_manifest,block_11_residual2,residual_add,GPU,636653.8004800199,636672.1476800198
61,fixed_manifest,block_05_attention,self_attention,GPU,636672.1476800198,636828.1742400199
59,fixed_manifest,block_09_norm2,layer_norm,GPU,636828.1742400199,636850.30384002
62,fixed_manifest,block_03_attention,self_attention,GPU,636850.30384002,637006.33040002
60,fixed_manifest,block_07_norm2,layer_norm,GPU,637006.33040002,637028.46000002
59,fixed_manifest,block_09_ffn_island,fused_ffn_island,FPGA,637009.0686400201,637341.8161600201
63,fixed_manifest,block_01_norm1,layer_norm,GPU,637028.46000002,637050.5896000201
58,fixed_manifest,final_norm,layer_norm,GPU,637050.5896000201,637072.7192000201
61,fixed_manifest,block_05_proj,linear_projection,GPU,637072.7192000201,637224.9633600201
62,fixed_manifest,block_03_proj,linear_projection,GPU,637224.9633600201,637377.2075200202
60,fixed_manifest,block_07_ffn_island,fused_ffn_island,FPGA,637341.8161600201,637674.56368002
63,fixed_manifest,block_01_qkv,linear_qkv,GPU,637377.2075200202,637819.9400000202
58,fixed_manifest,class_token_select,class_token_select,GPU,637819.9400000202,637826.9784000203
61,fixed_manifest,block_05_residual1,residual_add,GPU,637826.9784000203,637845.3256000202
62,fixed_manifest,block_03_residual1,residual_add,GPU,637845.3256000202,637863.6728000203
59,fixed_manifest,block_09_residual2,residual_add,GPU,637863.6728000203,637882.0200000204
63,fixed_manifest,block_01_attention,self_attention,GPU,637882.0200000204,638038.0465600204
58,fixed_manifest,classifier,linear_classifier,GPU,638038.0465600204,638046.0065600204
60,fixed_manifest,block_07_residual2,residual_add,GPU,638046.0065600204,638064.3537600205
61,fixed_manifest,block_05_norm2,layer_norm,GPU,638064.3537600205,638086.4833600204
62,fixed_manifest,block_03_norm2,layer_norm,GPU,638086.4833600204,638108.6129600205
59,fixed_manifest,block_10_norm1,layer_norm,GPU,638108.6129600205,638130.7425600205
63,fixed_manifest,block_01_proj,linear_projection,GPU,638130.7425600205,638282.9867200206
60,fixed_manifest,block_08_norm1,layer_norm,GPU,638282.9867200206,638305.1163200206
59,fixed_manifest,block_10_qkv,linear_qkv,GPU,638305.1163200206,638747.8488000206
61,fixed_manifest,block_05_ffn_island,fused_ffn_island,FPGA,638326.7537600205,638659.5012800205
62,fixed_manifest,block_03_ffn_island,fused_ffn_island,FPGA,638659.5012800205,638992.2488000204
63,fixed_manifest,block_01_residual1,residual_add,GPU,638747.8488000206,638766.1960000207
60,fixed_manifest,block_08_qkv,linear_qkv,GPU,638766.1960000207,639208.9284800207
59,fixed_manifest,block_10_attention,self_attention,GPU,639208.9284800207,639364.9550400208
63,fixed_manifest,block_01_norm2,layer_norm,GPU,639364.9550400208,639387.0846400209
61,fixed_manifest,block_05_residual2,residual_add,GPU,639387.0846400209,639405.4318400208
62,fixed_manifest,block_03_residual2,residual_add,GPU,639405.4318400208,639423.7790400209
60,fixed_manifest,block_08_attention,self_attention,GPU,639423.7790400209,639579.8056000209
63,fixed_manifest,block_01_ffn_island,fused_ffn_island,FPGA,639545.8494400209,639878.596960021
59,fixed_manifest,block_10_proj,linear_projection,GPU,639579.8056000209,639732.0497600209
61,fixed_manifest,block_06_norm1,layer_norm,GPU,639732.0497600209,639754.179360021
62,fixed_manifest,block_04_norm1,layer_norm,GPU,639754.179360021,639776.308960021
60,fixed_manifest,block_08_proj,linear_projection,GPU,639776.308960021,639928.553120021
59,fixed_manifest,block_10_residual1,residual_add,GPU,639928.553120021,639946.9003200211
61,fixed_manifest,block_06_qkv,linear_qkv,GPU,639946.9003200211,640389.6328000211
62,fixed_manifest,block_04_qkv,linear_qkv,GPU,640389.6328000211,640832.3652800212
60,fixed_manifest,block_08_residual1,residual_add,GPU,640832.3652800212,640850.7124800213
59,fixed_manifest,block_10_norm2,layer_norm,GPU,640850.7124800213,640872.8420800213
63,fixed_manifest,block_01_residual2,residual_add,GPU,640872.8420800213,640891.1892800214
61,fixed_manifest,block_06_attention,self_attention,GPU,640891.1892800214,641047.2158400214
59,fixed_manifest,block_10_ffn_island,fused_ffn_island,FPGA,641031.6068800214,641364.3544000214
62,fixed_manifest,block_04_attention,self_attention,GPU,641047.2158400214,641203.2424000214
60,fixed_manifest,block_08_norm2,layer_norm,GPU,641203.2424000214,641225.3720000214
63,fixed_manifest,block_02_norm1,layer_norm,GPU,641225.3720000214,641247.5016000214
61,fixed_manifest,block_06_proj,linear_projection,GPU,641247.5016000214,641399.7457600215
60,fixed_manifest,block_08_ffn_island,fused_ffn_island,FPGA,641384.1368000215,641716.8843200215
62,fixed_manifest,block_04_proj,linear_projection,GPU,641399.7457600215,641551.9899200215
63,fixed_manifest,block_02_qkv,linear_qkv,GPU,641551.9899200215,641994.7224000215
61,fixed_manifest,block_06_residual1,residual_add,GPU,641994.7224000215,642013.0696000216
59,fixed_manifest,block_10_residual2,residual_add,GPU,642013.0696000216,642031.4168000217
62,fixed_manifest,block_04_residual1,residual_add,GPU,642031.4168000217,642049.7640000216
60,fixed_manifest,block_08_residual2,residual_add,GPU,642049.7640000216,642068.1112000217
63,fixed_manifest,block_02_attention,self_attention,GPU,642068.1112000217,642224.1377600217
61,fixed_manifest,block_06_norm2,layer_norm,GPU,642224.1377600217,642246.2673600218
59,fixed_manifest,block_11_norm1,layer_norm,GPU,642246.2673600218,642268.3969600218
62,fixed_manifest,block_04_norm2,layer_norm,GPU,642268.3969600218,642290.5265600218
60,fixed_manifest,block_09_norm1,layer_norm,GPU,642290.5265600218,642312.6561600219
63,fixed_manifest,block_02_proj,linear_projection,GPU,642312.6561600219,642464.9003200219
61,fixed_manifest,block_06_ffn_island,fused_ffn_island,FPGA,642460.0609600217,642792.8084800218
59,fixed_manifest,block_11_qkv,linear_qkv,GPU,642464.9003200219,642907.6328000219
62,fixed_manifest,block_04_ffn_island,fused_ffn_island,FPGA,642792.8084800218,643125.5560000218
60,fixed_manifest,block_09_qkv,linear_qkv,GPU,642907.6328000219,643350.365280022
63,fixed_manifest,block_02_residual1,residual_add,GPU,643350.365280022,643368.712480022
59,fixed_manifest,block_11_attention,self_attention,GPU,643368.712480022,643524.739040022
61,fixed_manifest,block_06_residual2,residual_add,GPU,643524.739040022,643543.0862400221
62,fixed_manifest,block_04_residual2,residual_add,GPU,643543.0862400221,643561.4334400222
60,fixed_manifest,block_09_attention,self_attention,GPU,643561.4334400222,643717.4600000222
63,fixed_manifest,block_02_norm2,layer_norm,GPU,643717.4600000222,643739.5896000222
59,fixed_manifest,block_11_proj,linear_projection,GPU,643739.5896000222,643891.8337600222
61,fixed_manifest,block_07_norm1,layer_norm,GPU,643891.8337600222,643913.9633600223
63,fixed_manifest,block_02_ffn_island,fused_ffn_island,FPGA,643898.3544000223,644231.1019200223
62,fixed_manifest,block_05_norm1,layer_norm,GPU,643913.9633600223,643936.0929600223
60,fixed_manifest,block_09_proj,linear_projection,GPU,643936.0929600223,644088.3371200224
59,fixed_manifest,block_11_residual1,residual_add,GPU,644088.3371200224,644106.6843200224
61,fixed_manifest,block_07_qkv,linear_qkv,GPU,644106.6843200224,644549.4168000225
62,fixed_manifest,block_05_qkv,linear_qkv,GPU,644549.4168000225,644992.1492800225
60,fixed_manifest,block_09_residual1,residual_add,GPU,644992.1492800225,645010.4964800226
59,fixed_manifest,block_11_norm2,layer_norm,GPU,645010.4964800226,645032.6260800225
63,fixed_manifest,block_02_residual2,residual_add,GPU,645032.6260800225,645050.9732800226
61,fixed_manifest,block_07_attention,self_attention,GPU,645050.9732800226,645206.9998400226
59,fixed_manifest,block_11_ffn_island,fused_ffn_island,FPGA,645191.3908800227,645524.1384000226
62,fixed_manifest,block_05_attention,self_attention,GPU,645206.9998400226,645363.0264000227
60,fixed_manifest,block_09_norm2,layer_norm,GPU,645363.0264000227,645385.1560000227
63,fixed_manifest,block_03_norm1,layer_norm,GPU,645385.1560000227,645407.2856000226
61,fixed_manifest,block_07_proj,linear_projection,GPU,645407.2856000226,645559.5297600228
60,fixed_manifest,block_09_ffn_island,fused_ffn_island,FPGA,645543.9208000228,645876.6683200228
62,fixed_manifest,block_05_proj,linear_projection,GPU,645559.5297600228,645711.7739200228
63,fixed_manifest,block_03_qkv,linear_qkv,GPU,645711.7739200228,646154.5064000228
61,fixed_manifest,block_07_residual1,residual_add,GPU,646154.5064000228,646172.8536000228
59,fixed_manifest,block_11_residual2,residual_add,GPU,646172.8536000228,646191.2008000229
62,fixed_manifest,block_05_residual1,residual_add,GPU,646191.2008000229,646209.548000023
60,fixed_manifest,block_09_residual2,residual_add,GPU,646209.548000023,646227.895200023
63,fixed_manifest,block_03_attention,self_attention,GPU,646227.895200023,646383.921760023
61,fixed_manifest,block_07_norm2,layer_norm,GPU,646383.921760023,646406.0513600231
59,fixed_manifest,final_norm,layer_norm,GPU,646406.0513600231,646428.1809600231
62,fixed_manifest,block_05_norm2,layer_norm,GPU,646428.1809600231,646450.3105600231
60,fixed_manifest,block_10_norm1,layer_norm,GPU,646450.3105600231,646472.4401600232
63,fixed_manifest,block_03_proj,linear_projection,GPU,646472.4401600232,646624.6843200232
61,fixed_manifest,block_07_ffn_island,fused_ffn_island,FPGA,646619.844960023,646952.592480023
59,fixed_manifest,class_token_select,class_token_select,GPU,646624.6843200232,646631.7227200232
60,fixed_manifest,block_10_qkv,linear_qkv,GPU,646631.7227200232,647074.4552000233
62,fixed_manifest,block_05_ffn_island,fused_ffn_island,FPGA,646952.592480023,647285.340000023
63,fixed_manifest,block_03_residual1,residual_add,GPU,647074.4552000233,647092.8024000233
59,fixed_manifest,classifier,linear_classifier,GPU,647092.8024000233,647100.7624000233
60,fixed_manifest,block_10_attention,self_attention,GPU,647100.7624000233,647256.7889600233
63,fixed_manifest,block_03_norm2,layer_norm,GPU,647256.7889600233,647278.9185600234
61,fixed_manifest,block_07_residual2,residual_add,GPU,647278.9185600234,647297.2657600235
60,fixed_manifest,block_10_proj,linear_projection,GPU,647297.2657600235,647449.5099200235
61,fixed_manifest,block_08_norm1,layer_norm,GPU,647449.5099200235,647471.6395200235
60,fixed_manifest,block_10_residual1,residual_add,GPU,647471.6395200235,647489.9867200236
61,fixed_manifest,block_08_qkv,linear_qkv,GPU,647489.9867200236,647932.7192000236
63,fixed_manifest,block_03_ffn_island,fused_ffn_island,FPGA,647508.916000023,647841.663520023
60,fixed_manifest,block_10_norm2,layer_norm,GPU,647932.7192000236,647954.8488000237
62,fixed_manifest,block_05_residual2,residual_add,GPU,647954.8488000237,647973.1960000236
61,fixed_manifest,block_08_attention,self_attention,GPU,647973.1960000236,648129.2225600237
60,fixed_manifest,block_10_ffn_island,fused_ffn_island,FPGA,648128.9876800242,648461.7352000242
62,fixed_manifest,block_06_norm1,layer_norm,GPU,648129.2225600237,648151.3521600238
63,fixed_manifest,block_03_residual2,residual_add,GPU,648151.3521600238,648169.6993600238
61,fixed_manifest,block_08_proj,linear_projection,GPU,648169.6993600238,648321.9435200238
62,fixed_manifest,block_06_qkv,linear_qkv,GPU,648321.9435200238,648764.6760000238
63,fixed_manifest,block_04_norm1,layer_norm,GPU,648764.6760000238,648786.8056000238
61,fixed_manifest,block_08_residual1,residual_add,GPU,648786.8056000238,648805.1528000239
60,fixed_manifest,block_10_residual2,residual_add,GPU,648805.1528000239,648823.500000024
62,fixed_manifest,block_06_attention,self_attention,GPU,648823.500000024,648979.526560024
63,fixed_manifest,block_04_qkv,linear_qkv,GPU,648979.526560024,649422.259040024
61,fixed_manifest,block_08_norm2,layer_norm,GPU,649422.259040024,649444.3886400241
60,fixed_manifest,block_11_norm1,layer_norm,GPU,649444.3886400241,649466.5182400241
62,fixed_manifest,block_06_proj,linear_projection,GPU,649466.5182400241,649618.7624000241
61,fixed_manifest,block_08_ffn_island,fused_ffn_island,FPGA,649603.1534400241,649935.9009600242
63,fixed_manifest,block_04_attention,self_attention,GPU,649618.7624000241,649774.7889600241
60,fixed_manifest,block_11_qkv,linear_qkv,GPU,649774.7889600241,650217.5214400243
62,fixed_manifest,block_06_residual1,residual_add,GPU,650217.5214400243,650235.8686400242
63,fixed_manifest,block_04_proj,linear_projection,GPU,650235.8686400242,650388.1128000243
61,fixed_manifest,block_08_residual2,residual_add,GPU,650388.1128000243,650406.4600000243
60,fixed_manifest,block_11_attention,self_attention,GPU,650406.4600000243,650562.4865600243
62,fixed_manifest,block_06_norm2,layer_norm,GPU,650562.4865600243,650584.6161600244
63,fixed_manifest,block_04_residual1,residual_add,GPU,650584.6161600244,650602.9633600244
61,fixed_manifest,block_09_norm1,layer_norm,GPU,650602.9633600244,650625.0929600245
60,fixed_manifest,block_11_proj,linear_projection,GPU,650625.0929600245,650777.3371200245
62,fixed_manifest,block_06_ffn_island,fused_ffn_island,FPGA,650743.3809600245,651076.1284800245
63,fixed_manifest,block_04_norm2,layer_norm,GPU,650777.3371200245,650799.4667200246
61,fixed_manifest,block_09_qkv,linear_qkv,GPU,650799.4667200246,651242.1992000246
63,fixed_manifest,block_04_ffn_island,fused_ffn_island,FPGA,651076.1284800245,651408.8760000245
60,fixed_manifest,block_11_residual1,residual_add,GPU,651242.1992000246,651260.5464000247
62,fixed_manifest,block_06_residual2,residual_add,GPU,651260.5464000247,651278.8936000246
61,fixed_manifest,block_09_attention,self_attention,GPU,651278.8936000246,651434.9201600247
60,fixed_manifest,block_11_norm2,layer_norm,GPU,651434.9201600247,651457.0497600248
62,fixed_manifest,block_07_norm1,layer_norm,GPU,651457.0497600248,651479.1793600247
61,fixed_manifest,block_09_proj,linear_projection,GPU,651479.1793600247,651631.4235200247
62,fixed_manifest,block_07_qkv,linear_qkv,GPU,651631.4235200247,652074.1560000249
60,fixed_manifest,block_11_ffn_island,fused_ffn_island,FPGA,651632.4520000245,651965.1995200245
63,fixed_manifest,block_04_residual2,residual_add,GPU,652074.1560000249,652092.5032000248
61,fixed_manifest,block_09_residual1,residual_add,GPU,652092.5032000248,652110.8504000249
62,fixed_manifest,block_07_attention,self_attention,GPU,652110.8504000249,652266.8769600249
63,fixed_manifest,block_05_norm1,layer_norm,GPU,652266.8769600249,652289.0065600249
61,fixed_manifest,block_09_norm2,layer_norm,GPU,652289.0065600249,652311.136160025
60,fixed_manifest,block_11_residual2,residual_add,GPU,652311.136160025,652329.4833600251
62,fixed_manifest,block_07_proj,linear_projection,GPU,652329.4833600251,652481.7275200251
61,fixed_manifest,block_09_ffn_island,fused_ffn_island,FPGA,652469.9009600251,652802.6484800251
63,fixed_manifest,block_05_qkv,linear_qkv,GPU,652481.7275200251,652924.4600000251
60,fixed_manifest,final_norm,layer_norm,GPU,652924.4600000251,652946.5896000252
62,fixed_manifest,block_07_residual1,residual_add,GPU,652946.5896000252,652964.9368000252
63,fixed_manifest,block_05_attention,self_attention,GPU,652964.9368000252,653120.9633600252
60,fixed_manifest,class_token_select,class_token_select,GPU,653120.9633600252,653128.0017600253
61,fixed_manifest,block_09_residual2,residual_add,GPU,653128.0017600253,653146.3489600254
62,fixed_manifest,block_07_norm2,layer_norm,GPU,653146.3489600254,653168.4785600253
63,fixed_manifest,block_05_proj,linear_projection,GPU,653168.4785600253,653320.7227200253
60,fixed_manifest,classifier,linear_classifier,GPU,653320.7227200253,653328.6827200254
62,fixed_manifest,block_07_ffn_island,fused_ffn_island,FPGA,653327.2433600255,653659.9908800254
61,fixed_manifest,block_10_norm1,layer_norm,GPU,653328.6827200254,653350.8123200254
63,fixed_manifest,block_05_residual1,residual_add,GPU,653350.8123200254,653369.1595200255
61,fixed_manifest,block_10_qkv,linear_qkv,GPU,653369.1595200255,653811.8920000255
63,fixed_manifest,block_05_norm2,layer_norm,GPU,653811.8920000255,653834.0216000256
61,fixed_manifest,block_10_attention,self_attention,GPU,653834.0216000256,653990.0481600256
62,fixed_manifest,block_07_residual2,residual_add,GPU,653990.0481600256,654008.3953600257
63,fixed_manifest,block_05_ffn_island,fused_ffn_island,FPGA,653992.7864000257,654325.5339200257
61,fixed_manifest,block_10_proj,linear_projection,GPU,654008.3953600257,654160.6395200257
62,fixed_manifest,block_08_norm1,layer_norm,GPU,654160.6395200257,654182.7691200257
61,fixed_manifest,block_10_residual1,residual_add,GPU,654182.7691200257,654201.1163200258
62,fixed_manifest,block_08_qkv,linear_qkv,GPU,654201.1163200258,654643.8488000258
61,fixed_manifest,block_10_norm2,layer_norm,GPU,654643.8488000258,654665.9784000259
63,fixed_manifest,block_05_residual2,residual_add,GPU,654665.9784000259,654684.3256000258
62,fixed_manifest,block_08_attention,self_attention,GPU,654684.3256000258,654840.3521600259
61,fixed_manifest,block_10_ffn_island,fused_ffn_island,FPGA,654824.7432000259,655157.490720026
63,fixed_manifest,block_06_norm1,layer_norm,GPU,654840.3521600259,654862.481760026
62,fixed_manifest,block_08_proj,linear_projection,GPU,654862.481760026,655014.725920026
63,fixed_manifest,block_06_qkv,linear_qkv,GPU,655014.725920026,655457.458400026
62,fixed_manifest,block_08_residual1,residual_add,GPU,655457.458400026,655475.805600026
61,fixed_manifest,block_10_residual2,residual_add,GPU,655475.805600026,655494.1528000261
63,fixed_manifest,block_06_attention,self_attention,GPU,655494.1528000261,655650.1793600261
62,fixed_manifest,block_08_norm2,layer_norm,GPU,655650.1793600261,655672.3089600261
61,fixed_manifest,block_11_norm1,layer_norm,GPU,655672.3089600261,655694.4385600262
63,fixed_manifest,block_06_proj,linear_projection,GPU,655694.4385600262,655846.6827200262
62,fixed_manifest,block_08_ffn_island,fused_ffn_island,FPGA,655831.0737600263,656163.8212800262
61,fixed_manifest,block_11_qkv,linear_qkv,GPU,655846.6827200262,656289.4152000262
63,fixed_manifest,block_06_residual1,residual_add,GPU,656289.4152000262,656307.7624000263
61,fixed_manifest,block_11_attention,self_attention,GPU,656307.7624000263,656463.7889600263
63,fixed_manifest,block_06_norm2,layer_norm,GPU,656463.7889600263,656485.9185600263
62,fixed_manifest,block_08_residual2,residual_add,GPU,656485.9185600263,656504.2657600264
61,fixed_manifest,block_11_proj,linear_projection,GPU,656504.2657600264,656656.5099200264
63,fixed_manifest,block_06_ffn_island,fused_ffn_island,FPGA,656644.6833600265,656977.4308800264
62,fixed_manifest,block_09_norm1,layer_norm,GPU,656656.5099200264,656678.6395200265
61,fixed_manifest,block_11_residual1,residual_add,GPU,656678.6395200265,656696.9867200265
62,fixed_manifest,block_09_qkv,linear_qkv,GPU,656696.9867200265,657139.7192000266
61,fixed_manifest,block_11_norm2,layer_norm,GPU,657139.7192000266,657161.8488000266
63,fixed_manifest,block_06_residual2,residual_add,GPU,657161.8488000266,657180.1960000267
62,fixed_manifest,block_09_attention,self_attention,GPU,657180.1960000267,657336.2225600267
61,fixed_manifest,block_11_ffn_island,fused_ffn_island,FPGA,657320.6136000267,657653.3611200267
63,fixed_manifest,block_07_norm1,layer_norm,GPU,657336.2225600267,657358.3521600267
62,fixed_manifest,block_09_proj,linear_projection,GPU,657358.3521600267,657510.5963200268
63,fixed_manifest,block_07_qkv,linear_qkv,GPU,657510.5963200268,657953.3288000268
62,fixed_manifest,block_09_residual1,residual_add,GPU,657953.3288000268,657971.6760000269
61,fixed_manifest,block_11_residual2,residual_add,GPU,657971.6760000269,657990.0232000268
63,fixed_manifest,block_07_attention,self_attention,GPU,657990.0232000268,658146.0497600269
62,fixed_manifest,block_09_norm2,layer_norm,GPU,658146.0497600269,658168.179360027
61,fixed_manifest,final_norm,layer_norm,GPU,658168.179360027,658190.308960027
63,fixed_manifest,block_07_proj,linear_projection,GPU,658190.308960027,658342.553120027
62,fixed_manifest,block_09_ffn_island,fused_ffn_island,FPGA,658326.944160027,658659.691680027
61,fixed_manifest,class_token_select,class_token_select,GPU,658342.553120027,658349.591520027
63,fixed_manifest,block_07_residual1,residual_add,GPU,658349.591520027,658367.9387200271
61,fixed_manifest,classifier,linear_classifier,GPU,658367.9387200271,658375.8987200271
63,fixed_manifest,block_07_norm2,layer_norm,GPU,658375.8987200271,658398.0283200272
63,fixed_manifest,block_07_ffn_island,fused_ffn_island,FPGA,658659.691680027,658992.439200027
62,fixed_manifest,block_09_residual2,residual_add,GPU,658818.4564800272,658836.8036800271
62,fixed_manifest,block_10_norm1,layer_norm,GPU,658836.8036800271,658858.9332800272
62,fixed_manifest,block_10_qkv,linear_qkv,GPU,658858.9332800272,659301.6657600272
63,fixed_manifest,block_07_residual2,residual_add,GPU,659301.6657600272,659320.0129600273
62,fixed_manifest,block_10_attention,self_attention,GPU,659320.0129600273,659476.0395200273
63,fixed_manifest,block_08_norm1,layer_norm,GPU,659476.0395200273,659498.1691200273
62,fixed_manifest,block_10_proj,linear_projection,GPU,659498.1691200273,659650.4132800273
63,fixed_manifest,block_08_qkv,linear_qkv,GPU,659650.4132800273,660093.1457600275
62,fixed_manifest,block_10_residual1,residual_add,GPU,660093.1457600275,660111.4929600274
63,fixed_manifest,block_08_attention,self_attention,GPU,660111.4929600274,660267.5195200274
62,fixed_manifest,block_10_norm2,layer_norm,GPU,660267.5195200274,660289.6491200275
63,fixed_manifest,block_08_proj,linear_projection,GPU,660289.6491200275,660441.8932800276
63,fixed_manifest,block_08_residual1,residual_add,GPU,660441.8932800276,660460.2404800276
62,fixed_manifest,block_10_ffn_island,fused_ffn_island,FPGA,660448.4139200277,660781.1614400276
63,fixed_manifest,block_08_norm2,layer_norm,GPU,660460.2404800276,660482.3700800276
63,fixed_manifest,block_08_ffn_island,fused_ffn_island,FPGA,660781.1614400276,661113.9089600276
62,fixed_manifest,block_10_residual2,residual_add,GPU,660939.9262400278,660958.2734400277
62,fixed_manifest,block_11_norm1,layer_norm,GPU,660958.2734400277,660980.4030400278
62,fixed_manifest,block_11_qkv,linear_qkv,GPU,660980.4030400278,661423.1355200278
63,fixed_manifest,block_08_residual2,residual_add,GPU,661423.1355200278,661441.4827200279
62,fixed_manifest,block_11_attention,self_attention,GPU,661441.4827200279,661597.5092800279
63,fixed_manifest,block_09_norm1,layer_norm,GPU,661597.5092800279,661619.6388800279
62,fixed_manifest,block_11_proj,linear_projection,GPU,661619.6388800279,661771.883040028
63,fixed_manifest,block_09_qkv,linear_qkv,GPU,661771.883040028,662214.615520028
62,fixed_manifest,block_11_residual1,residual_add,GPU,662214.615520028,662232.9627200281
63,fixed_manifest,block_09_attention,self_attention,GPU,662232.9627200281,662388.9892800282
62,fixed_manifest,block_11_norm2,layer_norm,GPU,662388.9892800282,662411.1188800281
63,fixed_manifest,block_09_proj,linear_projection,GPU,662411.1188800281,662563.3630400281
63,fixed_manifest,block_09_residual1,residual_add,GPU,662563.3630400281,662581.7102400282
62,fixed_manifest,block_11_ffn_island,fused_ffn_island,FPGA,662569.8836800283,662902.6312000282
63,fixed_manifest,block_09_norm2,layer_norm,GPU,662581.7102400282,662603.8398400282
63,fixed_manifest,block_09_ffn_island,fused_ffn_island,FPGA,662902.6312000282,663235.3787200282
62,fixed_manifest,block_11_residual2,residual_add,GPU,663061.3960000284,663079.7432000284
62,fixed_manifest,final_norm,layer_norm,GPU,663079.7432000284,663101.8728000284
62,fixed_manifest,class_token_select,class_token_select,GPU,663101.8728000284,663108.9112000285
62,fixed_manifest,classifier,linear_classifier,GPU,663108.9112000285,663116.8712000285
63,fixed_manifest,block_09_residual2,residual_add,GPU,663394.1435200283,663412.4907200284
63,fixed_manifest,block_10_norm1,layer_norm,GPU,663412.4907200284,663434.6203200284
63,fixed_manifest,block_10_qkv,linear_qkv,GPU,663434.6203200284,663877.3528000285
63,fixed_manifest,block_10_attention,self_attention,GPU,663877.3528000285,664033.3793600285
63,fixed_manifest,block_10_proj,linear_projection,GPU,664033.3793600285,664185.6235200285
63,fixed_manifest,block_10_residual1,residual_add,GPU,664185.6235200285,664203.9707200286
63,fixed_manifest,block_10_norm2,layer_norm,GPU,664203.9707200286,664226.1003200286
63,fixed_manifest,block_10_ffn_island,fused_ffn_island,FPGA,664384.8651200287,664717.6126400287
63,fixed_manifest,block_10_residual2,residual_add,GPU,664876.3774400288,664894.7246400289
63,fixed_manifest,block_11_norm1,layer_norm,GPU,664894.7246400289,664916.8542400289
63,fixed_manifest,block_11_qkv,linear_qkv,GPU,664916.8542400289,665359.5867200289
63,fixed_manifest,block_11_attention,self_attention,GPU,665359.5867200289,665515.6132800289
63,fixed_manifest,block_11_proj,linear_projection,GPU,665515.6132800289,665667.857440029
63,fixed_manifest,block_11_residual1,residual_add,GPU,665667.857440029,665686.204640029
63,fixed_manifest,block_11_norm2,layer_norm,GPU,665686.204640029,665708.3342400291
63,fixed_manifest,block_11_ffn_island,fused_ffn_island,FPGA,665867.0990400292,666199.8465600292
63,fixed_manifest,block_11_residual2,residual_add,GPU,666358.6113600293,666376.9585600293
63,fixed_manifest,final_norm,layer_norm,GPU,666376.9585600293,666399.0881600294
63,fixed_manifest,class_token_select,class_token_select,GPU,666399.0881600294,666406.1265600295
63,fixed_manifest,classifier,linear_classifier,GPU,666406.1265600295,666414.0865600294
