request_id,selected_mode,edge_index,stage,resource,direction,bytes,start_us,finish_us
0,fixed_manifest,9,1,gpu_host,GPU_to_HOST,302592,983.4636800000001,1017.94048
0,fixed_manifest,9,2,host_fpga_pcie,HOST_to_FPGA,302592,1017.94048,1142.2284800000002
0,fixed_manifest,10,1,host_fpga_pcie,FPGA_to_HOST,302592,1474.9760000000003,1599.2640000000004
0,fixed_manifest,10,2,gpu_host,HOST_to_GPU,302592,1599.2640000000004,1633.7408000000003
0,fixed_manifest,19,1,gpu_host,GPU_to_HOST,302592,2465.6976,2500.1744000000003
0,fixed_manifest,19,2,host_fpga_pcie,HOST_to_FPGA,302592,2500.1744000000003,2624.4624
0,fixed_manifest,20,1,host_fpga_pcie,FPGA_to_HOST,302592,2957.20992,3081.49792
0,fixed_manifest,20,2,gpu_host,HOST_to_GPU,302592,3081.49792,3115.9747199999997
0,fixed_manifest,29,1,gpu_host,GPU_to_HOST,302592,3947.9315199999996,3982.4083200000005
0,fixed_manifest,29,2,host_fpga_pcie,HOST_to_FPGA,302592,3982.4083200000005,4106.69632
0,fixed_manifest,30,1,host_fpga_pcie,FPGA_to_HOST,302592,4439.443840000001,4563.73184
0,fixed_manifest,30,2,gpu_host,HOST_to_GPU,302592,4563.73184,4598.208640000002
0,fixed_manifest,39,1,gpu_host,GPU_to_HOST,302592,5430.1654400000025,5464.642240000003
0,fixed_manifest,39,2,host_fpga_pcie,HOST_to_FPGA,302592,5464.642240000003,5588.930240000003
0,fixed_manifest,40,1,host_fpga_pcie,FPGA_to_HOST,302592,5921.677760000003,6045.965760000004
0,fixed_manifest,40,2,gpu_host,HOST_to_GPU,302592,6045.965760000004,6080.442560000004
0,fixed_manifest,49,1,gpu_host,GPU_to_HOST,302592,6912.399360000005,6946.876160000005
0,fixed_manifest,49,2,host_fpga_pcie,HOST_to_FPGA,302592,6946.876160000005,7071.164160000006
0,fixed_manifest,50,1,host_fpga_pcie,FPGA_to_HOST,302592,7403.911680000006,7528.199680000006
0,fixed_manifest,50,2,gpu_host,HOST_to_GPU,302592,7528.199680000006,7562.676480000006
0,fixed_manifest,59,1,gpu_host,GPU_to_HOST,302592,8394.633280000005,8429.110080000006
0,fixed_manifest,59,2,host_fpga_pcie,HOST_to_FPGA,302592,8429.110080000006,8553.398080000004
0,fixed_manifest,60,1,host_fpga_pcie,FPGA_to_HOST,302592,8886.145600000003,9010.433600000004
0,fixed_manifest,60,2,gpu_host,HOST_to_GPU,302592,9010.433600000004,9044.910400000002
0,fixed_manifest,69,1,gpu_host,GPU_to_HOST,302592,9876.867200000002,9911.344000000001
0,fixed_manifest,69,2,host_fpga_pcie,HOST_to_FPGA,302592,9911.344000000001,10035.632000000001
0,fixed_manifest,70,1,host_fpga_pcie,FPGA_to_HOST,302592,10368.37952,10492.66752
0,fixed_manifest,70,2,gpu_host,HOST_to_GPU,302592,10492.66752,10527.14432
1,fixed_manifest,9,1,gpu_host,GPU_to_HOST,302592,11622.699519999998,11657.176319999997
1,fixed_manifest,9,2,host_fpga_pcie,HOST_to_FPGA,302592,11657.176319999997,11781.464319999997
0,fixed_manifest,79,1,gpu_host,GPU_to_HOST,302592,11815.420479999999,11849.897279999997
0,fixed_manifest,79,2,host_fpga_pcie,HOST_to_FPGA,302592,11849.897279999997,11974.185279999998
1,fixed_manifest,10,1,host_fpga_pcie,FPGA_to_HOST,302592,12114.211839999996,12238.499839999997
1,fixed_manifest,10,2,gpu_host,HOST_to_GPU,302592,12238.499839999997,12272.976639999995
0,fixed_manifest,80,1,host_fpga_pcie,FPGA_to_HOST,302592,12446.959359999995,12571.247359999996
0,fixed_manifest,80,2,gpu_host,HOST_to_GPU,302592,12571.247359999996,12605.724159999994
1,fixed_manifest,19,1,gpu_host,GPU_to_HOST,302592,13744.169279999993,13778.646079999991
1,fixed_manifest,19,2,host_fpga_pcie,HOST_to_FPGA,302592,13778.646079999991,13902.934079999992
0,fixed_manifest,89,1,gpu_host,GPU_to_HOST,302592,13936.890239999993,13971.367039999992
0,fixed_manifest,89,2,host_fpga_pcie,HOST_to_FPGA,302592,13971.367039999992,14095.655039999992
1,fixed_manifest,20,1,host_fpga_pcie,FPGA_to_HOST,302592,14235.68159999999,14359.969599999991
1,fixed_manifest,20,2,gpu_host,HOST_to_GPU,302592,14359.969599999991,14394.44639999999
0,fixed_manifest,90,1,host_fpga_pcie,FPGA_to_HOST,302592,14568.42911999999,14692.71711999999
0,fixed_manifest,90,2,gpu_host,HOST_to_GPU,302592,14692.71711999999,14727.193919999989
1,fixed_manifest,29,1,gpu_host,GPU_to_HOST,302592,15865.639039999991,15900.115839999993
1,fixed_manifest,29,2,host_fpga_pcie,HOST_to_FPGA,302592,15900.115839999993,16024.403839999994
0,fixed_manifest,99,1,gpu_host,GPU_to_HOST,302592,16058.35999999999,16092.836799999992
0,fixed_manifest,99,2,host_fpga_pcie,HOST_to_FPGA,302592,16092.836799999992,16217.124799999992
1,fixed_manifest,30,1,host_fpga_pcie,FPGA_to_HOST,302592,16357.151359999993,16481.439359999993
1,fixed_manifest,30,2,gpu_host,HOST_to_GPU,302592,16481.439359999993,16515.916159999993
0,fixed_manifest,100,1,host_fpga_pcie,FPGA_to_HOST,302592,16689.89887999999,16814.18687999999
0,fixed_manifest,100,2,gpu_host,HOST_to_GPU,302592,16814.18687999999,16848.663679999994
1,fixed_manifest,39,1,gpu_host,GPU_to_HOST,302592,17987.108799999998,18021.585600000002
1,fixed_manifest,39,2,host_fpga_pcie,HOST_to_FPGA,302592,18021.585600000002,18145.873600000003
0,fixed_manifest,109,1,gpu_host,GPU_to_HOST,302592,18179.829759999997,18214.30656
0,fixed_manifest,109,2,host_fpga_pcie,HOST_to_FPGA,302592,18214.30656,18338.59456
1,fixed_manifest,40,1,host_fpga_pcie,FPGA_to_HOST,302592,18478.62112,18602.90912
1,fixed_manifest,40,2,gpu_host,HOST_to_GPU,302592,18602.90912,18637.385920000004
0,fixed_manifest,110,1,host_fpga_pcie,FPGA_to_HOST,302592,18811.36864,18935.65664
0,fixed_manifest,110,2,gpu_host,HOST_to_GPU,302592,18935.65664,18970.13344
1,fixed_manifest,49,1,gpu_host,GPU_to_HOST,302592,20108.578560000005,20143.05536000001
1,fixed_manifest,49,2,host_fpga_pcie,HOST_to_FPGA,302592,20143.05536000001,20267.34336000001
0,fixed_manifest,119,1,gpu_host,GPU_to_HOST,302592,20493.28320000001,20527.76000000001
0,fixed_manifest,119,2,host_fpga_pcie,HOST_to_FPGA,302592,20527.76000000001,20679.00512000001
1,fixed_manifest,50,1,host_fpga_pcie,FPGA_to_HOST,302592,20600.090880000007,20751.33600000001
1,fixed_manifest,50,2,gpu_host,HOST_to_GPU,302592,20751.33600000001,20785.81280000001
0,fixed_manifest,120,1,host_fpga_pcie,FPGA_to_HOST,302592,21011.75264000001,21136.04064000001
0,fixed_manifest,120,2,gpu_host,HOST_to_GPU,302592,21136.04064000001,21170.51744000001
2,fixed_manifest,9,1,gpu_host,GPU_to_HOST,302592,21964.47584000001,21998.952640000014
2,fixed_manifest,9,2,host_fpga_pcie,HOST_to_FPGA,302592,21998.952640000014,22123.240640000015
1,fixed_manifest,59,1,gpu_host,GPU_to_HOST,302592,22172.195200000013,22206.672000000013
1,fixed_manifest,59,2,host_fpga_pcie,HOST_to_FPGA,302592,22206.672000000013,22330.960000000014
2,fixed_manifest,10,1,host_fpga_pcie,FPGA_to_HOST,302592,22455.98816000001,22580.276160000012
2,fixed_manifest,10,2,gpu_host,HOST_to_GPU,302592,22580.276160000012,22614.752960000016
1,fixed_manifest,60,1,host_fpga_pcie,FPGA_to_HOST,302592,22788.735680000013,22913.023680000013
1,fixed_manifest,60,2,gpu_host,HOST_to_GPU,302592,22913.023680000013,22947.500480000013
2,fixed_manifest,19,1,gpu_host,GPU_to_HOST,302592,24085.94560000002,24120.42240000002
2,fixed_manifest,19,2,host_fpga_pcie,HOST_to_FPGA,302592,24120.42240000002,24244.71040000002
1,fixed_manifest,69,1,gpu_host,GPU_to_HOST,302592,24278.66656000002,24313.14336000002
1,fixed_manifest,69,2,host_fpga_pcie,HOST_to_FPGA,302592,24313.14336000002,24437.43136000002
2,fixed_manifest,20,1,host_fpga_pcie,FPGA_to_HOST,302592,24577.457920000023,24701.745920000023
2,fixed_manifest,20,2,gpu_host,HOST_to_GPU,302592,24701.745920000023,24736.222720000023
1,fixed_manifest,70,1,host_fpga_pcie,FPGA_to_HOST,302592,24910.20544000002,25034.49344000002
1,fixed_manifest,70,2,gpu_host,HOST_to_GPU,302592,25034.49344000002,25068.970240000024
2,fixed_manifest,29,1,gpu_host,GPU_to_HOST,302592,26207.415360000028,26241.89216000003
2,fixed_manifest,29,2,host_fpga_pcie,HOST_to_FPGA,302592,26241.89216000003,26366.18016000003
1,fixed_manifest,79,1,gpu_host,GPU_to_HOST,302592,26400.136320000027,26434.61312000003
1,fixed_manifest,79,2,host_fpga_pcie,HOST_to_FPGA,302592,26434.61312000003,26558.90112000003
2,fixed_manifest,30,1,host_fpga_pcie,FPGA_to_HOST,302592,26698.92768000003,26823.21568000003
2,fixed_manifest,30,2,gpu_host,HOST_to_GPU,302592,26823.21568000003,26857.69248000003
1,fixed_manifest,80,1,host_fpga_pcie,FPGA_to_HOST,302592,27031.675200000027,27155.963200000027
1,fixed_manifest,80,2,gpu_host,HOST_to_GPU,302592,27155.963200000027,27190.44000000003
2,fixed_manifest,39,1,gpu_host,GPU_to_HOST,302592,28328.885120000035,28363.36192000004
2,fixed_manifest,39,2,host_fpga_pcie,HOST_to_FPGA,302592,28363.36192000004,28487.64992000004
1,fixed_manifest,89,1,gpu_host,GPU_to_HOST,302592,28521.606080000034,28556.082880000038
1,fixed_manifest,89,2,host_fpga_pcie,HOST_to_FPGA,302592,28556.082880000038,28680.37088000004
2,fixed_manifest,40,1,host_fpga_pcie,FPGA_to_HOST,302592,28820.397440000037,28944.685440000037
2,fixed_manifest,40,2,gpu_host,HOST_to_GPU,302592,28944.685440000037,28979.16224000004
1,fixed_manifest,90,1,host_fpga_pcie,FPGA_to_HOST,302592,29153.144960000038,29277.43296000004
1,fixed_manifest,90,2,gpu_host,HOST_to_GPU,302592,29277.43296000004,29311.90976000004
2,fixed_manifest,49,1,gpu_host,GPU_to_HOST,302592,30601.861760000043,30636.338560000044
2,fixed_manifest,49,2,host_fpga_pcie,HOST_to_FPGA,302592,30636.338560000044,30760.626560000044
2,fixed_manifest,50,1,host_fpga_pcie,FPGA_to_HOST,302592,31093.374080000045,31217.662080000046
2,fixed_manifest,50,2,gpu_host,HOST_to_GPU,302592,31217.662080000046,31252.138880000042
1,fixed_manifest,99,1,gpu_host,GPU_to_HOST,302592,31277.79200000004,31312.26880000004
1,fixed_manifest,99,2,host_fpga_pcie,HOST_to_FPGA,302592,31312.26880000004,31436.556800000042
1,fixed_manifest,100,1,host_fpga_pcie,FPGA_to_HOST,302592,31769.304320000047,31893.592320000047
1,fixed_manifest,100,2,gpu_host,HOST_to_GPU,302592,31893.592320000047,31928.069120000047
3,fixed_manifest,9,1,gpu_host,GPU_to_HOST,302592,32284.122560000033,32318.599360000033
3,fixed_manifest,9,2,host_fpga_pcie,HOST_to_FPGA,302592,32318.599360000033,32442.887360000033
3,fixed_manifest,10,1,host_fpga_pcie,FPGA_to_HOST,302592,32775.634880000034,32899.922880000035
3,fixed_manifest,10,2,gpu_host,HOST_to_GPU,302592,32899.922880000035,32934.39968000004
2,fixed_manifest,59,1,gpu_host,GPU_to_HOST,302592,33097.73216000002,33132.208960000025
2,fixed_manifest,59,2,host_fpga_pcie,HOST_to_FPGA,302592,33132.208960000025,33256.496960000026
2,fixed_manifest,60,1,host_fpga_pcie,FPGA_to_HOST,302592,33589.24448000003,33713.53248000003
2,fixed_manifest,60,2,gpu_host,HOST_to_GPU,302592,33713.53248000003,33748.009280000035
1,fixed_manifest,109,1,gpu_host,GPU_to_HOST,302592,33773.662400000016,33808.13920000002
1,fixed_manifest,109,2,host_fpga_pcie,HOST_to_FPGA,302592,33808.13920000002,33932.42720000002
1,fixed_manifest,110,1,host_fpga_pcie,FPGA_to_HOST,302592,34265.17472000002,34389.46272000002
1,fixed_manifest,110,2,gpu_host,HOST_to_GPU,302592,34389.46272000002,34423.93952000002
3,fixed_manifest,19,1,gpu_host,GPU_to_HOST,302592,34779.99296,34814.46976000001
3,fixed_manifest,19,2,host_fpga_pcie,HOST_to_FPGA,302592,34814.46976000001,34938.75776000001
3,fixed_manifest,20,1,host_fpga_pcie,FPGA_to_HOST,302592,35271.50528000001,35395.79328000001
3,fixed_manifest,20,2,gpu_host,HOST_to_GPU,302592,35395.79328000001,35430.27008000002
2,fixed_manifest,69,1,gpu_host,GPU_to_HOST,302592,35593.60256,35628.07936
2,fixed_manifest,69,2,host_fpga_pcie,HOST_to_FPGA,302592,35628.07936,35752.367360000004
2,fixed_manifest,70,1,host_fpga_pcie,FPGA_to_HOST,302592,36085.11488000001,36209.40288
2,fixed_manifest,70,2,gpu_host,HOST_to_GPU,302592,36209.40288,36243.879680000005
1,fixed_manifest,119,1,gpu_host,GPU_to_HOST,302592,36269.53279999999,36304.00959999999
1,fixed_manifest,119,2,host_fpga_pcie,HOST_to_FPGA,302592,36304.00959999999,36428.29759999999
1,fixed_manifest,120,1,host_fpga_pcie,FPGA_to_HOST,302592,36761.045119999995,36885.333119999996
1,fixed_manifest,120,2,gpu_host,HOST_to_GPU,302592,36885.333119999996,36919.80992
3,fixed_manifest,29,1,gpu_host,GPU_to_HOST,302592,37275.86335999998,37310.340159999985
3,fixed_manifest,29,2,host_fpga_pcie,HOST_to_FPGA,302592,37310.340159999985,37434.628159999986
2,fixed_manifest,79,1,gpu_host,GPU_to_HOST,302592,37505.71231999998,37540.18911999997
2,fixed_manifest,79,2,host_fpga_pcie,HOST_to_FPGA,302592,37540.18911999997,37664.477119999974
3,fixed_manifest,30,1,host_fpga_pcie,FPGA_to_HOST,302592,37767.37567999998,37891.66367999998
3,fixed_manifest,30,2,gpu_host,HOST_to_GPU,302592,37891.66367999998,37926.14047999999
2,fixed_manifest,80,1,host_fpga_pcie,FPGA_to_HOST,302592,38100.12319999999,38224.41119999999
2,fixed_manifest,80,2,gpu_host,HOST_to_GPU,302592,38224.41119999999,38258.88799999999
3,fixed_manifest,39,1,gpu_host,GPU_to_HOST,302592,39397.333119999974,39431.80991999998
3,fixed_manifest,39,2,host_fpga_pcie,HOST_to_FPGA,302592,39431.80991999998,39556.09791999998
2,fixed_manifest,89,1,gpu_host,GPU_to_HOST,302592,39590.05407999997,39624.53087999998
2,fixed_manifest,89,2,host_fpga_pcie,HOST_to_FPGA,302592,39624.53087999998,39748.81887999998
3,fixed_manifest,40,1,host_fpga_pcie,FPGA_to_HOST,302592,39888.84543999998,40013.13343999998
3,fixed_manifest,40,2,gpu_host,HOST_to_GPU,302592,40013.13343999998,40047.61023999998
2,fixed_manifest,90,1,host_fpga_pcie,FPGA_to_HOST,302592,40221.59295999998,40345.88095999998
2,fixed_manifest,90,2,gpu_host,HOST_to_GPU,302592,40345.88095999998,40380.357759999984
3,fixed_manifest,49,1,gpu_host,GPU_to_HOST,302592,42432.52671999998,42471.35071999999
4,fixed_manifest,9,1,gpu_host,GPU_to_HOST,302592,42454.65631999998,42493.48031999999
3,fixed_manifest,49,2,host_fpga_pcie,HOST_to_FPGA,302592,42471.35071999999,42672.79711999999
4,fixed_manifest,9,2,host_fpga_pcie,HOST_to_FPGA,302592,42493.48031999999,42694.92671999998
2,fixed_manifest,99,1,gpu_host,GPU_to_HOST,302592,43005.54463999999,43040.02143999999
3,fixed_manifest,50,1,host_fpga_pcie,FPGA_to_HOST,302592,43005.54463999999,43194.64383999998
2,fixed_manifest,99,2,host_fpga_pcie,HOST_to_FPGA,302592,43040.02143999999,43229.12063999999
3,fixed_manifest,50,2,gpu_host,HOST_to_GPU,302592,43194.64383999998,43229.12063999999
4,fixed_manifest,10,1,host_fpga_pcie,FPGA_to_HOST,302592,43338.29215999999,43462.58015999999
4,fixed_manifest,10,2,gpu_host,HOST_to_GPU,302592,43462.58015999999,43497.056959999994
2,fixed_manifest,100,1,host_fpga_pcie,FPGA_to_HOST,302592,43671.039679999994,43795.327679999995
2,fixed_manifest,100,2,gpu_host,HOST_to_GPU,302592,43795.327679999995,43829.80448
3,fixed_manifest,59,1,gpu_host,GPU_to_HOST,302592,45183.52255999997,45217.99935999997
3,fixed_manifest,59,2,host_fpga_pcie,HOST_to_FPGA,302592,45217.99935999997,45342.287359999966
3,fixed_manifest,60,1,host_fpga_pcie,FPGA_to_HOST,302592,45675.03487999997,45889.74815999998
4,fixed_manifest,19,1,gpu_host,GPU_to_HOST,302592,45684.51423999997,45718.99103999997
4,fixed_manifest,19,2,host_fpga_pcie,HOST_to_FPGA,302592,45718.99103999997,45977.66047999998
2,fixed_manifest,109,1,gpu_host,GPU_to_HOST,302592,45724.991039999964,45759.46783999996
2,fixed_manifest,109,2,host_fpga_pcie,HOST_to_FPGA,302592,45759.46783999996,45997.89887999997
3,fixed_manifest,60,2,gpu_host,HOST_to_GPU,302592,45889.74815999998,45924.224959999985
4,fixed_manifest,20,1,host_fpga_pcie,FPGA_to_HOST,302592,46310.407999999974,46434.695999999974
4,fixed_manifest,20,2,gpu_host,HOST_to_GPU,302592,46434.695999999974,46469.17279999998
2,fixed_manifest,110,1,host_fpga_pcie,FPGA_to_HOST,302592,46643.15551999998,46767.44351999998
2,fixed_manifest,110,2,gpu_host,HOST_to_GPU,302592,46767.44351999998,46801.92031999998
3,fixed_manifest,69,1,gpu_host,GPU_to_HOST,302592,47239.391039999966,47273.86783999997
3,fixed_manifest,69,2,host_fpga_pcie,HOST_to_FPGA,302592,47273.86783999997,47398.15583999997
3,fixed_manifest,70,1,host_fpga_pcie,FPGA_to_HOST,302592,47730.903359999975,47855.191359999975
3,fixed_manifest,70,2,gpu_host,HOST_to_GPU,302592,47855.191359999975,47889.66815999997
4,fixed_manifest,29,1,gpu_host,GPU_to_HOST,302592,48245.72159999996,48280.19839999996
4,fixed_manifest,29,2,host_fpga_pcie,HOST_to_FPGA,302592,48280.19839999996,48404.48639999996
4,fixed_manifest,30,1,host_fpga_pcie,FPGA_to_HOST,302592,48737.23391999996,48861.52191999996
4,fixed_manifest,30,2,gpu_host,HOST_to_GPU,302592,48861.52191999996,48895.99871999997
2,fixed_manifest,119,1,gpu_host,GPU_to_HOST,302592,49059.33119999995,49093.80799999995
2,fixed_manifest,119,2,host_fpga_pcie,HOST_to_FPGA,302592,49093.80799999995,49218.095999999954
2,fixed_manifest,120,1,host_fpga_pcie,FPGA_to_HOST,302592,49550.84351999996,49675.13151999996
2,fixed_manifest,120,2,gpu_host,HOST_to_GPU,302592,49675.13151999996,49709.60831999996
3,fixed_manifest,79,1,gpu_host,GPU_to_HOST,302592,49735.261439999944,49769.73823999995
3,fixed_manifest,79,2,host_fpga_pcie,HOST_to_FPGA,302592,49769.73823999995,49894.02623999994
3,fixed_manifest,80,1,host_fpga_pcie,FPGA_to_HOST,302592,50226.773759999945,50351.061759999946
4,fixed_manifest,39,1,gpu_host,GPU_to_HOST,302592,50309.33823999993,50343.815039999936
4,fixed_manifest,39,2,host_fpga_pcie,HOST_to_FPGA,302592,50343.815039999936,50468.103039999936
3,fixed_manifest,80,2,gpu_host,HOST_to_GPU,302592,50351.061759999946,50385.53855999995
4,fixed_manifest,40,1,host_fpga_pcie,FPGA_to_HOST,302592,50800.85055999993,50925.138559999934
4,fixed_manifest,40,2,gpu_host,HOST_to_GPU,302592,50925.138559999934,50959.61535999994
5,fixed_manifest,9,1,gpu_host,GPU_to_HOST,302592,51802.66047999992,51837.137279999915
5,fixed_manifest,9,2,host_fpga_pcie,HOST_to_FPGA,302592,51837.137279999915,51961.425279999916
5,fixed_manifest,10,1,host_fpga_pcie,FPGA_to_HOST,302592,52294.17279999992,52418.46079999992
5,fixed_manifest,10,2,gpu_host,HOST_to_GPU,302592,52418.46079999992,52452.937599999925
3,fixed_manifest,89,1,gpu_host,GPU_to_HOST,302592,52764.73183999991,52799.20863999992
3,fixed_manifest,89,2,host_fpga_pcie,HOST_to_FPGA,302592,52799.20863999992,52923.49663999992
3,fixed_manifest,90,1,host_fpga_pcie,FPGA_to_HOST,302592,53256.244159999915,53431.516799999925
4,fixed_manifest,49,1,gpu_host,GPU_to_HOST,302592,53270.0707199999,53304.547519999905
4,fixed_manifest,49,2,host_fpga_pcie,HOST_to_FPGA,302592,53304.547519999905,53479.820159999916
3,fixed_manifest,90,2,gpu_host,HOST_to_GPU,302592,53431.516799999925,53465.99359999993
5,fixed_manifest,19,1,gpu_host,GPU_to_HOST,302592,53659.295039999895,53693.7718399999
5,fixed_manifest,19,2,host_fpga_pcie,HOST_to_FPGA,302592,53693.7718399999,53818.0598399999
4,fixed_manifest,50,1,host_fpga_pcie,FPGA_to_HOST,302592,53812.56767999991,53936.85567999991
4,fixed_manifest,50,2,gpu_host,HOST_to_GPU,302592,53936.85567999991,53971.33247999992
5,fixed_manifest,20,1,host_fpga_pcie,FPGA_to_HOST,302592,54150.8073599999,54275.0953599999
5,fixed_manifest,20,2,gpu_host,HOST_to_GPU,302592,54275.0953599999,54309.5721599999
3,fixed_manifest,99,1,gpu_host,GPU_to_HOST,302592,55130.48767999988,55164.964479999886
3,fixed_manifest,99,2,host_fpga_pcie,HOST_to_FPGA,302592,55164.964479999886,55289.25247999989
3,fixed_manifest,100,1,host_fpga_pcie,FPGA_to_HOST,302592,55621.99999999988,55746.287999999884
3,fixed_manifest,100,2,gpu_host,HOST_to_GPU,302592,55746.287999999884,55780.76479999989
4,fixed_manifest,59,1,gpu_host,GPU_to_HOST,302592,55921.96767999988,55956.44447999988
4,fixed_manifest,59,2,host_fpga_pcie,HOST_to_FPGA,302592,55956.44447999988,56080.73247999988
4,fixed_manifest,60,1,host_fpga_pcie,FPGA_to_HOST,302592,56413.47999999989,56537.76799999989
4,fixed_manifest,60,2,gpu_host,HOST_to_GPU,302592,56537.76799999989,56572.244799999884
5,fixed_manifest,29,1,gpu_host,GPU_to_HOST,302592,56597.89791999987,56632.37471999987
5,fixed_manifest,29,2,host_fpga_pcie,HOST_to_FPGA,302592,56632.37471999987,56756.66271999987
5,fixed_manifest,30,1,host_fpga_pcie,FPGA_to_HOST,302592,57089.410239999874,57213.698239999874
5,fixed_manifest,30,2,gpu_host,HOST_to_GPU,302592,57213.698239999874,57248.17503999988
3,fixed_manifest,109,1,gpu_host,GPU_to_HOST,302592,57604.22847999986,57638.705279999864
3,fixed_manifest,109,2,host_fpga_pcie,HOST_to_FPGA,302592,57638.705279999864,57762.993279999864
3,fixed_manifest,110,1,host_fpga_pcie,FPGA_to_HOST,302592,58095.74079999986,58220.02879999986
3,fixed_manifest,110,2,gpu_host,HOST_to_GPU,302592,58220.02879999986,58254.505599999866
4,fixed_manifest,69,1,gpu_host,GPU_to_HOST,302592,58417.838079999856,58452.31487999985
4,fixed_manifest,69,2,host_fpga_pcie,HOST_to_FPGA,302592,58452.31487999985,58576.60287999985
4,fixed_manifest,70,1,host_fpga_pcie,FPGA_to_HOST,302592,58909.35039999986,59033.63839999986
4,fixed_manifest,70,2,gpu_host,HOST_to_GPU,302592,59033.63839999986,59068.11519999986
5,fixed_manifest,39,1,gpu_host,GPU_to_HOST,302592,59093.76831999984,59128.24511999985
5,fixed_manifest,39,2,host_fpga_pcie,HOST_to_FPGA,302592,59128.24511999985,59252.53311999985
5,fixed_manifest,40,1,host_fpga_pcie,FPGA_to_HOST,302592,59585.28063999985,59709.56863999985
5,fixed_manifest,40,2,gpu_host,HOST_to_GPU,302592,59709.56863999985,59744.04543999985
3,fixed_manifest,119,1,gpu_host,GPU_to_HOST,302592,60100.09887999984,60134.575679999834
3,fixed_manifest,119,2,host_fpga_pcie,HOST_to_FPGA,302592,60134.575679999834,60258.863679999835
3,fixed_manifest,120,1,host_fpga_pcie,FPGA_to_HOST,302592,60591.61119999984,60715.89919999984
3,fixed_manifest,120,2,gpu_host,HOST_to_GPU,302592,60715.89919999984,60750.375999999844
4,fixed_manifest,79,1,gpu_host,GPU_to_HOST,302592,61124.03935999982,61158.516159999825
4,fixed_manifest,79,2,host_fpga_pcie,HOST_to_FPGA,302592,61158.516159999825,61282.804159999825
4,fixed_manifest,80,1,host_fpga_pcie,FPGA_to_HOST,302592,61615.55167999982,61739.83967999982
4,fixed_manifest,80,2,gpu_host,HOST_to_GPU,302592,61739.83967999982,61774.31647999983
5,fixed_manifest,49,1,gpu_host,GPU_to_HOST,302592,61952.64735999981,61987.12415999982
5,fixed_manifest,49,2,host_fpga_pcie,HOST_to_FPGA,302592,61987.12415999982,62111.41215999982
5,fixed_manifest,50,1,host_fpga_pcie,FPGA_to_HOST,302592,62444.15967999982,62568.44767999982
5,fixed_manifest,50,2,gpu_host,HOST_to_GPU,302592,62568.44767999982,62602.924479999805
6,fixed_manifest,9,1,gpu_host,GPU_to_HOST,302592,62628.577599999815,62663.054399999804
6,fixed_manifest,9,2,host_fpga_pcie,HOST_to_FPGA,302592,62663.054399999804,62787.342399999805
6,fixed_manifest,10,1,host_fpga_pcie,FPGA_to_HOST,302592,63120.0899199998,63244.3779199998
6,fixed_manifest,10,2,gpu_host,HOST_to_GPU,302592,63244.3779199998,63278.85471999979
4,fixed_manifest,89,1,gpu_host,GPU_to_HOST,302592,63634.908159999824,63669.384959999814
4,fixed_manifest,89,2,host_fpga_pcie,HOST_to_FPGA,302592,63669.384959999814,63793.672959999814
4,fixed_manifest,90,1,host_fpga_pcie,FPGA_to_HOST,302592,64126.420479999804,64250.708479999805
4,fixed_manifest,90,2,gpu_host,HOST_to_GPU,302592,64250.708479999805,64285.185279999794
5,fixed_manifest,59,1,gpu_host,GPU_to_HOST,302592,64448.51775999982,64482.99455999981
5,fixed_manifest,59,2,host_fpga_pcie,HOST_to_FPGA,302592,64482.99455999981,64607.28255999981
5,fixed_manifest,60,1,host_fpga_pcie,FPGA_to_HOST,302592,64940.03007999981,65064.31807999981
5,fixed_manifest,60,2,gpu_host,HOST_to_GPU,302592,65064.31807999981,65098.7948799998
6,fixed_manifest,19,1,gpu_host,GPU_to_HOST,302592,65124.44799999984,65158.924799999826
6,fixed_manifest,19,2,host_fpga_pcie,HOST_to_FPGA,302592,65158.924799999826,65283.21279999983
6,fixed_manifest,20,1,host_fpga_pcie,FPGA_to_HOST,302592,65615.96031999982,65740.24831999982
6,fixed_manifest,20,2,gpu_host,HOST_to_GPU,302592,65740.24831999982,65774.72511999981
4,fixed_manifest,99,1,gpu_host,GPU_to_HOST,302592,66130.77855999985,66165.25535999982
4,fixed_manifest,99,2,host_fpga_pcie,HOST_to_FPGA,302592,66165.25535999982,66289.54335999982
4,fixed_manifest,100,1,host_fpga_pcie,FPGA_to_HOST,302592,66622.29087999983,66746.57887999983
4,fixed_manifest,100,2,gpu_host,HOST_to_GPU,302592,66746.57887999983,66781.05567999982
5,fixed_manifest,69,1,gpu_host,GPU_to_HOST,302592,66944.38815999984,66978.86495999983
5,fixed_manifest,69,2,host_fpga_pcie,HOST_to_FPGA,302592,66978.86495999983,67103.15295999983
5,fixed_manifest,70,1,host_fpga_pcie,FPGA_to_HOST,302592,67435.90047999982,67560.18847999982
5,fixed_manifest,70,2,gpu_host,HOST_to_GPU,302592,67560.18847999982,67594.66527999981
6,fixed_manifest,29,1,gpu_host,GPU_to_HOST,302592,67620.31839999986,67654.79519999983
6,fixed_manifest,29,2,host_fpga_pcie,HOST_to_FPGA,302592,67654.79519999983,67779.08319999983
6,fixed_manifest,30,1,host_fpga_pcie,FPGA_to_HOST,302592,68111.83071999984,68236.11871999984
6,fixed_manifest,30,2,gpu_host,HOST_to_GPU,302592,68236.11871999984,68270.59551999983
4,fixed_manifest,109,1,gpu_host,GPU_to_HOST,302592,68626.64895999986,68661.12575999985
4,fixed_manifest,109,2,host_fpga_pcie,HOST_to_FPGA,302592,68661.12575999985,68785.41375999985
4,fixed_manifest,110,1,host_fpga_pcie,FPGA_to_HOST,302592,69118.16127999984,69242.44927999984
4,fixed_manifest,110,2,gpu_host,HOST_to_GPU,302592,69242.44927999984,69276.92607999983
5,fixed_manifest,79,1,gpu_host,GPU_to_HOST,302592,69440.25855999986,69474.73535999985
5,fixed_manifest,79,2,host_fpga_pcie,HOST_to_FPGA,302592,69474.73535999985,69599.02335999985
5,fixed_manifest,80,1,host_fpga_pcie,FPGA_to_HOST,302592,69931.77087999984,70056.05887999984
5,fixed_manifest,80,2,gpu_host,HOST_to_GPU,302592,70056.05887999984,70090.53567999983
6,fixed_manifest,39,1,gpu_host,GPU_to_HOST,302592,70116.18879999987,70150.66559999986
6,fixed_manifest,39,2,host_fpga_pcie,HOST_to_FPGA,302592,70150.66559999986,70274.95359999986
6,fixed_manifest,40,1,host_fpga_pcie,FPGA_to_HOST,302592,70607.70111999985,70731.98911999985
6,fixed_manifest,40,2,gpu_host,HOST_to_GPU,302592,70731.98911999985,70766.46591999984
4,fixed_manifest,119,1,gpu_host,GPU_to_HOST,302592,71757.23551999989,71791.71231999986
4,fixed_manifest,119,2,host_fpga_pcie,HOST_to_FPGA,302592,71791.71231999986,71916.00031999986
4,fixed_manifest,120,1,host_fpga_pcie,FPGA_to_HOST,302592,72248.74783999987,72373.03583999987
4,fixed_manifest,120,2,gpu_host,HOST_to_GPU,302592,72373.03583999987,72407.51263999986
5,fixed_manifest,89,1,gpu_host,GPU_to_HOST,302592,72915.81023999988,72954.63423999987
7,fixed_manifest,9,1,gpu_host,GPU_to_HOST,302592,72937.93983999988,72976.76383999987
5,fixed_manifest,89,2,host_fpga_pcie,HOST_to_FPGA,302592,72954.63423999987,73156.08063999987
7,fixed_manifest,9,2,host_fpga_pcie,HOST_to_FPGA,302592,72976.76383999987,73178.21023999987
5,fixed_manifest,90,1,host_fpga_pcie,FPGA_to_HOST,302592,73488.82815999987,73677.92735999989
6,fixed_manifest,49,1,gpu_host,GPU_to_HOST,302592,73488.82815999987,73523.30495999985
6,fixed_manifest,49,2,host_fpga_pcie,HOST_to_FPGA,302592,73523.30495999985,73712.40415999987
5,fixed_manifest,90,2,gpu_host,HOST_to_GPU,302592,73677.92735999989,73712.40415999987
7,fixed_manifest,10,1,host_fpga_pcie,FPGA_to_HOST,302592,73821.57567999986,73945.86367999986
7,fixed_manifest,10,2,gpu_host,HOST_to_GPU,302592,73945.86367999986,73980.34047999985
6,fixed_manifest,50,1,host_fpga_pcie,FPGA_to_HOST,302592,74154.32319999985,74278.61119999985
6,fixed_manifest,50,2,gpu_host,HOST_to_GPU,302592,74278.61119999985,74313.08799999984
5,fixed_manifest,99,1,gpu_host,GPU_to_HOST,302592,75666.80607999988,75701.28287999987
5,fixed_manifest,99,2,host_fpga_pcie,HOST_to_FPGA,302592,75701.28287999987,75825.57087999987
5,fixed_manifest,100,1,host_fpga_pcie,FPGA_to_HOST,302592,76158.31839999987,76373.03167999987
7,fixed_manifest,19,1,gpu_host,GPU_to_HOST,302592,76167.79775999988,76202.27455999986
7,fixed_manifest,19,2,host_fpga_pcie,HOST_to_FPGA,302592,76202.27455999986,76460.94399999986
6,fixed_manifest,59,1,gpu_host,GPU_to_HOST,302592,76208.27455999989,76242.75135999988
6,fixed_manifest,59,2,host_fpga_pcie,HOST_to_FPGA,302592,76242.75135999988,76481.18239999986
5,fixed_manifest,100,2,gpu_host,HOST_to_GPU,302592,76373.03167999987,76407.50847999986
7,fixed_manifest,20,1,host_fpga_pcie,FPGA_to_HOST,302592,76793.69151999986,76917.97951999986
7,fixed_manifest,20,2,gpu_host,HOST_to_GPU,302592,76917.97951999986,76952.45631999985
6,fixed_manifest,60,1,host_fpga_pcie,FPGA_to_HOST,302592,77126.43903999985,77250.72703999985
6,fixed_manifest,60,2,gpu_host,HOST_to_GPU,302592,77250.72703999985,77285.20383999984
5,fixed_manifest,109,1,gpu_host,GPU_to_HOST,302592,77722.67455999987,77757.15135999986
5,fixed_manifest,109,2,host_fpga_pcie,HOST_to_FPGA,302592,77757.15135999986,77881.43935999986
5,fixed_manifest,110,1,host_fpga_pcie,FPGA_to_HOST,302592,78214.18687999986,78338.47487999985
5,fixed_manifest,110,2,gpu_host,HOST_to_GPU,302592,78338.47487999985,78372.95167999984
7,fixed_manifest,29,1,gpu_host,GPU_to_HOST,302592,78729.00511999987,78763.48191999986
7,fixed_manifest,29,2,host_fpga_pcie,HOST_to_FPGA,302592,78763.48191999986,78887.76991999986
7,fixed_manifest,30,1,host_fpga_pcie,FPGA_to_HOST,302592,79220.51743999987,79344.80543999987
7,fixed_manifest,30,2,gpu_host,HOST_to_GPU,302592,79344.80543999987,79379.28223999985
6,fixed_manifest,69,1,gpu_host,GPU_to_HOST,302592,79542.61471999988,79577.09151999987
6,fixed_manifest,69,2,host_fpga_pcie,HOST_to_FPGA,302592,79577.09151999987,79701.37951999987
6,fixed_manifest,70,1,host_fpga_pcie,FPGA_to_HOST,302592,80034.12703999986,80158.41503999986
6,fixed_manifest,70,2,gpu_host,HOST_to_GPU,302592,80158.41503999986,80192.89183999985
5,fixed_manifest,119,1,gpu_host,GPU_to_HOST,302592,80218.54495999988,80253.02175999987
5,fixed_manifest,119,2,host_fpga_pcie,HOST_to_FPGA,302592,80253.02175999987,80377.30975999987
5,fixed_manifest,120,1,host_fpga_pcie,FPGA_to_HOST,302592,80710.05727999988,80834.34527999988
5,fixed_manifest,120,2,gpu_host,HOST_to_GPU,302592,80834.34527999988,80868.82207999987
7,fixed_manifest,39,1,gpu_host,GPU_to_HOST,302592,81859.5916799999,81894.06847999989
7,fixed_manifest,39,2,host_fpga_pcie,HOST_to_FPGA,302592,81894.06847999989,82018.35647999989
7,fixed_manifest,40,1,host_fpga_pcie,FPGA_to_HOST,302592,82351.10399999989,82475.39199999989
6,fixed_manifest,79,1,gpu_host,GPU_to_HOST,302592,82416.0585599999,82454.8825599999
8,fixed_manifest,9,1,gpu_host,GPU_to_HOST,302592,82438.18815999992,82477.01215999991
6,fixed_manifest,79,2,host_fpga_pcie,HOST_to_FPGA,302592,82454.8825599999,82656.3289599999
7,fixed_manifest,40,2,gpu_host,HOST_to_GPU,302592,82475.39199999989,82509.86879999987
8,fixed_manifest,9,2,host_fpga_pcie,HOST_to_FPGA,302592,82477.01215999991,82678.4585599999
6,fixed_manifest,80,1,host_fpga_pcie,FPGA_to_HOST,302592,82989.0764799999,83113.3644799999
6,fixed_manifest,80,2,gpu_host,HOST_to_GPU,302592,83113.3644799999,83147.84127999989
8,fixed_manifest,10,1,host_fpga_pcie,FPGA_to_HOST,302592,83321.82399999989,83446.11199999989
8,fixed_manifest,10,2,gpu_host,HOST_to_GPU,302592,83446.11199999989,83480.58879999988
7,fixed_manifest,49,1,gpu_host,GPU_to_HOST,302592,83825.03487999989,83859.51167999988
7,fixed_manifest,49,2,host_fpga_pcie,HOST_to_FPGA,302592,83859.51167999988,83983.79967999988
7,fixed_manifest,50,1,host_fpga_pcie,FPGA_to_HOST,302592,84316.54719999987,84440.83519999987
7,fixed_manifest,50,2,gpu_host,HOST_to_GPU,302592,84440.83519999987,84475.31199999986
6,fixed_manifest,89,1,gpu_host,GPU_to_HOST,302592,84831.36543999989,84865.84223999988
6,fixed_manifest,89,2,host_fpga_pcie,HOST_to_FPGA,302592,84865.84223999988,84990.13023999988
6,fixed_manifest,90,1,host_fpga_pcie,FPGA_to_HOST,302592,85322.87775999987,85447.16575999987
6,fixed_manifest,90,2,gpu_host,HOST_to_GPU,302592,85447.16575999987,85481.64255999986
8,fixed_manifest,19,1,gpu_host,GPU_to_HOST,302592,85644.97503999989,85679.45183999988
8,fixed_manifest,19,2,host_fpga_pcie,HOST_to_FPGA,302592,85679.45183999988,85803.73983999988
8,fixed_manifest,20,1,host_fpga_pcie,FPGA_to_HOST,302592,86136.48735999987,86260.77535999987
8,fixed_manifest,20,2,gpu_host,HOST_to_GPU,302592,86260.77535999987,86295.25215999986
7,fixed_manifest,59,1,gpu_host,GPU_to_HOST,302592,86320.9052799999,86355.3820799999
7,fixed_manifest,59,2,host_fpga_pcie,HOST_to_FPGA,302592,86355.3820799999,86479.6700799999
7,fixed_manifest,60,1,host_fpga_pcie,FPGA_to_HOST,302592,86812.41759999988,86936.70559999988
7,fixed_manifest,60,2,gpu_host,HOST_to_GPU,302592,86936.70559999988,86971.18239999987
6,fixed_manifest,99,1,gpu_host,GPU_to_HOST,302592,87327.2358399999,87361.7126399999
6,fixed_manifest,99,2,host_fpga_pcie,HOST_to_FPGA,302592,87361.7126399999,87486.0006399999
6,fixed_manifest,100,1,host_fpga_pcie,FPGA_to_HOST,302592,87818.74815999989,87943.03615999989
6,fixed_manifest,100,2,gpu_host,HOST_to_GPU,302592,87943.03615999989,87977.51295999988
8,fixed_manifest,29,1,gpu_host,GPU_to_HOST,302592,88140.8454399999,88175.32223999989
8,fixed_manifest,29,2,host_fpga_pcie,HOST_to_FPGA,302592,88175.32223999989,88299.61023999989
8,fixed_manifest,30,1,host_fpga_pcie,FPGA_to_HOST,302592,88632.3577599999,88756.6457599999
8,fixed_manifest,30,2,gpu_host,HOST_to_GPU,302592,88756.6457599999,88791.12255999989
7,fixed_manifest,69,1,gpu_host,GPU_to_HOST,302592,88816.77567999992,88851.25247999991
7,fixed_manifest,69,2,host_fpga_pcie,HOST_to_FPGA,302592,88851.25247999991,88975.54047999991
7,fixed_manifest,70,1,host_fpga_pcie,FPGA_to_HOST,302592,89308.2879999999,89432.5759999999
7,fixed_manifest,70,2,gpu_host,HOST_to_GPU,302592,89432.5759999999,89467.05279999989
6,fixed_manifest,109,1,gpu_host,GPU_to_HOST,302592,89823.10623999992,89857.58303999991
6,fixed_manifest,109,2,host_fpga_pcie,HOST_to_FPGA,302592,89857.58303999991,89981.87103999991
6,fixed_manifest,110,1,host_fpga_pcie,FPGA_to_HOST,302592,90314.6185599999,90438.9065599999
6,fixed_manifest,110,2,gpu_host,HOST_to_GPU,302592,90438.9065599999,90473.38335999989
8,fixed_manifest,39,1,gpu_host,GPU_to_HOST,302592,90788.22271999992,90822.69951999991
8,fixed_manifest,39,2,host_fpga_pcie,HOST_to_FPGA,302592,90822.69951999991,90946.98751999991
8,fixed_manifest,40,1,host_fpga_pcie,FPGA_to_HOST,302592,91279.73503999991,91404.02303999991
8,fixed_manifest,40,2,gpu_host,HOST_to_GPU,302592,91404.02303999991,91438.4998399999
7,fixed_manifest,79,1,gpu_host,GPU_to_HOST,302592,91947.36223999994,91981.83903999993
7,fixed_manifest,79,2,host_fpga_pcie,HOST_to_FPGA,302592,91981.83903999993,92106.12703999993
7,fixed_manifest,80,1,host_fpga_pcie,FPGA_to_HOST,302592,92438.87455999992,92563.16255999992
7,fixed_manifest,80,2,gpu_host,HOST_to_GPU,302592,92563.16255999992,92597.63935999991
6,fixed_manifest,119,1,gpu_host,GPU_to_HOST,302592,93280.31071999994,93314.78751999993
6,fixed_manifest,119,2,host_fpga_pcie,HOST_to_FPGA,302592,93314.78751999993,93494.10431999993
9,fixed_manifest,9,1,gpu_host,GPU_to_HOST,302592,93324.56991999995,93359.04671999994
9,fixed_manifest,9,2,host_fpga_pcie,HOST_to_FPGA,302592,93359.04671999994,93538.36351999993
6,fixed_manifest,120,1,host_fpga_pcie,FPGA_to_HOST,302592,93826.85183999992,93951.13983999992
6,fixed_manifest,120,2,gpu_host,HOST_to_GPU,302592,93951.13983999992,93985.6166399999
8,fixed_manifest,49,1,gpu_host,GPU_to_HOST,302592,94116.04991999995,94150.52671999994
8,fixed_manifest,49,2,host_fpga_pcie,HOST_to_FPGA,302592,94150.52671999994,94365.03007999995
9,fixed_manifest,10,1,host_fpga_pcie,FPGA_to_HOST,302592,94159.59935999992,94374.10271999994
7,fixed_manifest,89,1,gpu_host,GPU_to_HOST,302592,94356.28607999996,94399.42303999998
9,fixed_manifest,10,2,gpu_host,HOST_to_GPU,302592,94374.10271999994,94417.23967999996
7,fixed_manifest,89,2,host_fpga_pcie,HOST_to_FPGA,302592,94399.42303999998,94523.71103999998
8,fixed_manifest,50,1,host_fpga_pcie,FPGA_to_HOST,302592,94697.77759999994,94822.06559999994
8,fixed_manifest,50,2,gpu_host,HOST_to_GPU,302592,94822.06559999994,94856.54239999993
7,fixed_manifest,90,1,host_fpga_pcie,FPGA_to_HOST,302592,95030.52511999995,95154.81311999995
7,fixed_manifest,90,2,gpu_host,HOST_to_GPU,302592,95154.81311999995,95189.28991999994
9,fixed_manifest,19,1,gpu_host,GPU_to_HOST,302592,95928.90911999998,95963.38591999996
9,fixed_manifest,19,2,host_fpga_pcie,HOST_to_FPGA,302592,95963.38591999996,96087.67391999996
9,fixed_manifest,20,1,host_fpga_pcie,FPGA_to_HOST,302592,96420.42143999996,96544.70943999996
9,fixed_manifest,20,2,gpu_host,HOST_to_GPU,302592,96544.70943999996,96579.18623999995
8,fixed_manifest,59,1,gpu_host,GPU_to_HOST,302592,96720.38911999998,96754.86591999997
8,fixed_manifest,59,2,host_fpga_pcie,HOST_to_FPGA,302592,96754.86591999997,96879.15391999997
8,fixed_manifest,60,1,host_fpga_pcie,FPGA_to_HOST,302592,97211.90143999996,97336.18943999996
8,fixed_manifest,60,2,gpu_host,HOST_to_GPU,302592,97336.18943999996,97370.66623999995
7,fixed_manifest,99,1,gpu_host,GPU_to_HOST,302592,97396.31935999998,97430.79615999997
7,fixed_manifest,99,2,host_fpga_pcie,HOST_to_FPGA,302592,97430.79615999997,97555.08415999997
7,fixed_manifest,100,1,host_fpga_pcie,FPGA_to_HOST,302592,97887.83167999997,98012.11967999997
7,fixed_manifest,100,2,gpu_host,HOST_to_GPU,302592,98012.11967999997,98046.59647999995
9,fixed_manifest,29,1,gpu_host,GPU_to_HOST,302592,98402.64991999998,98437.12671999997
9,fixed_manifest,29,2,host_fpga_pcie,HOST_to_FPGA,302592,98437.12671999997,98561.41471999997
9,fixed_manifest,30,1,host_fpga_pcie,FPGA_to_HOST,302592,98894.16223999998,99018.45023999998
9,fixed_manifest,30,2,gpu_host,HOST_to_GPU,302592,99018.45023999998,99052.92703999997
8,fixed_manifest,69,1,gpu_host,GPU_to_HOST,302592,99216.25951999999,99250.73631999998
8,fixed_manifest,69,2,host_fpga_pcie,HOST_to_FPGA,302592,99250.73631999998,99375.02431999998
8,fixed_manifest,70,1,host_fpga_pcie,FPGA_to_HOST,302592,99707.77183999997,99832.05983999997
8,fixed_manifest,70,2,gpu_host,HOST_to_GPU,302592,99832.05983999997,99866.53663999996
7,fixed_manifest,109,1,gpu_host,GPU_to_HOST,302592,99892.18976,99926.66655999998
7,fixed_manifest,109,2,host_fpga_pcie,HOST_to_FPGA,302592,99926.66655999998,100050.95455999998
7,fixed_manifest,110,1,host_fpga_pcie,FPGA_to_HOST,302592,100383.70207999999,100507.99007999999
7,fixed_manifest,110,2,gpu_host,HOST_to_GPU,302592,100507.99007999999,100542.46687999998
9,fixed_manifest,39,1,gpu_host,GPU_to_HOST,302592,101090.50400000002,101124.9808
9,fixed_manifest,39,2,host_fpga_pcie,HOST_to_FPGA,302592,101124.9808,101249.2688
9,fixed_manifest,40,1,host_fpga_pcie,FPGA_to_HOST,302592,101582.01632,101706.30432
9,fixed_manifest,40,2,gpu_host,HOST_to_GPU,302592,101706.30432,101740.78111999999
8,fixed_manifest,79,1,gpu_host,GPU_to_HOST,302592,102521.21984,102555.69664
8,fixed_manifest,79,2,host_fpga_pcie,HOST_to_FPGA,302592,102555.69664,102679.98464
8,fixed_manifest,80,1,host_fpga_pcie,FPGA_to_HOST,302592,103012.73216,103137.02016
8,fixed_manifest,80,2,gpu_host,HOST_to_GPU,302592,103137.02016,103171.49695999999
10,fixed_manifest,9,1,gpu_host,GPU_to_HOST,302592,103349.39424000002,103383.87104000001
10,fixed_manifest,9,2,host_fpga_pcie,HOST_to_FPGA,302592,103383.87104000001,103508.15904
7,fixed_manifest,119,1,gpu_host,GPU_to_HOST,302592,103545.89760000003,103580.37440000002
7,fixed_manifest,119,2,host_fpga_pcie,HOST_to_FPGA,302592,103580.37440000002,103704.66240000002
10,fixed_manifest,10,1,host_fpga_pcie,FPGA_to_HOST,302592,103840.90656,103965.19456
10,fixed_manifest,10,2,gpu_host,HOST_to_GPU,302592,103965.19456,103999.67136
7,fixed_manifest,120,1,host_fpga_pcie,FPGA_to_HOST,302592,104173.65408,104297.94208
7,fixed_manifest,120,2,gpu_host,HOST_to_GPU,302592,104297.94208,104332.41887999998
9,fixed_manifest,49,1,gpu_host,GPU_to_HOST,302592,104377.85440000003,104412.33120000002
9,fixed_manifest,49,2,host_fpga_pcie,HOST_to_FPGA,302592,104412.33120000002,104536.61920000002
9,fixed_manifest,50,1,host_fpga_pcie,FPGA_to_HOST,302592,104869.36672,104993.65472
9,fixed_manifest,50,2,gpu_host,HOST_to_GPU,302592,104993.65472,105028.13152
8,fixed_manifest,89,1,gpu_host,GPU_to_HOST,302592,105257.32640000005,105291.80320000004
8,fixed_manifest,89,2,host_fpga_pcie,HOST_to_FPGA,302592,105291.80320000004,105416.09120000004
8,fixed_manifest,90,1,host_fpga_pcie,FPGA_to_HOST,302592,105748.83872000003,105873.12672000003
8,fixed_manifest,90,2,gpu_host,HOST_to_GPU,302592,105873.12672000003,105907.60352000002
10,fixed_manifest,19,1,gpu_host,GPU_to_HOST,302592,105922.86944000005,105957.34624000004
10,fixed_manifest,19,2,host_fpga_pcie,HOST_to_FPGA,302592,105957.34624000004,106081.63424000004
10,fixed_manifest,20,1,host_fpga_pcie,FPGA_to_HOST,302592,106414.38176000003,106538.66976000003
10,fixed_manifest,20,2,gpu_host,HOST_to_GPU,302592,106538.66976000003,106573.14656000002
9,fixed_manifest,59,1,gpu_host,GPU_to_HOST,302592,106754.82624000005,106789.30304000004
9,fixed_manifest,59,2,host_fpga_pcie,HOST_to_FPGA,302592,106789.30304000004,106913.59104000004
9,fixed_manifest,60,1,host_fpga_pcie,FPGA_to_HOST,302592,107246.33856000005,107370.62656000005
9,fixed_manifest,60,2,gpu_host,HOST_to_GPU,302592,107370.62656000005,107405.10336000004
8,fixed_manifest,99,1,gpu_host,GPU_to_HOST,302592,107761.15680000007,107795.63360000004
8,fixed_manifest,99,2,host_fpga_pcie,HOST_to_FPGA,302592,107795.63360000004,107919.92160000005
8,fixed_manifest,100,1,host_fpga_pcie,FPGA_to_HOST,302592,108252.66912000005,108376.95712000005
8,fixed_manifest,100,2,gpu_host,HOST_to_GPU,302592,108376.95712000005,108411.43392000004
10,fixed_manifest,29,1,gpu_host,GPU_to_HOST,302592,108574.76640000007,108609.24320000006
10,fixed_manifest,29,2,host_fpga_pcie,HOST_to_FPGA,302592,108609.24320000006,108733.53120000006
10,fixed_manifest,30,1,host_fpga_pcie,FPGA_to_HOST,302592,109066.27872000005,109190.56672000005
10,fixed_manifest,30,2,gpu_host,HOST_to_GPU,302592,109190.56672000005,109225.04352000004
9,fixed_manifest,69,1,gpu_host,GPU_to_HOST,302592,109250.69664000008,109285.17344000006
9,fixed_manifest,69,2,host_fpga_pcie,HOST_to_FPGA,302592,109285.17344000006,109409.46144000006
9,fixed_manifest,70,1,host_fpga_pcie,FPGA_to_HOST,302592,109742.20896000006,109866.49696000006
9,fixed_manifest,70,2,gpu_host,HOST_to_GPU,302592,109866.49696000006,109900.97376000005
8,fixed_manifest,109,1,gpu_host,GPU_to_HOST,302592,110408.53408000008,110443.01088000006
8,fixed_manifest,109,2,host_fpga_pcie,HOST_to_FPGA,302592,110443.01088000006,110567.29888000006
8,fixed_manifest,110,1,host_fpga_pcie,FPGA_to_HOST,302592,110900.04640000006,111024.33440000007
8,fixed_manifest,110,2,gpu_host,HOST_to_GPU,302592,111024.33440000007,111058.81120000005
10,fixed_manifest,39,1,gpu_host,GPU_to_HOST,302592,111723.7001600001,111758.17696000008
10,fixed_manifest,39,2,host_fpga_pcie,HOST_to_FPGA,302592,111758.17696000008,111882.46496000008
10,fixed_manifest,40,1,host_fpga_pcie,FPGA_to_HOST,302592,112215.21248000007,112339.50048000008
10,fixed_manifest,40,2,gpu_host,HOST_to_GPU,302592,112339.50048000008,112373.97728000006
9,fixed_manifest,79,1,gpu_host,GPU_to_HOST,302592,112689.5539200001,112724.03072000008
9,fixed_manifest,79,2,host_fpga_pcie,HOST_to_FPGA,302592,112724.03072000008,112848.31872000008
11,fixed_manifest,9,1,gpu_host,GPU_to_HOST,302592,113078.77824000009,113113.25504000008
11,fixed_manifest,9,2,host_fpga_pcie,HOST_to_FPGA,302592,113113.25504000008,113269.0198400001
9,fixed_manifest,80,1,host_fpga_pcie,FPGA_to_HOST,302592,113181.06624000007,113336.83104000009
9,fixed_manifest,80,2,gpu_host,HOST_to_GPU,302592,113336.83104000009,113371.30784000007
11,fixed_manifest,10,1,host_fpga_pcie,FPGA_to_HOST,302592,113601.76736000009,113726.05536000009
11,fixed_manifest,10,2,gpu_host,HOST_to_GPU,302592,113726.05536000009,113776.70304000008
8,fixed_manifest,119,1,gpu_host,GPU_to_HOST,302592,113736.3612800001,113787.0089600001
8,fixed_manifest,119,2,host_fpga_pcie,HOST_to_FPGA,302592,113787.0089600001,113911.2969600001
8,fixed_manifest,120,1,host_fpga_pcie,FPGA_to_HOST,302592,114244.04448000008,114368.33248000008
8,fixed_manifest,120,2,gpu_host,HOST_to_GPU,302592,114368.33248000008,114402.80928000007
10,fixed_manifest,49,1,gpu_host,GPU_to_HOST,302592,114590.44768000011,114624.9244800001
10,fixed_manifest,49,2,host_fpga_pcie,HOST_to_FPGA,302592,114624.9244800001,114749.2124800001
10,fixed_manifest,50,1,host_fpga_pcie,FPGA_to_HOST,302592,115081.9600000001,115206.2480000001
10,fixed_manifest,50,2,gpu_host,HOST_to_GPU,302592,115206.2480000001,115240.72480000008
9,fixed_manifest,89,1,gpu_host,GPU_to_HOST,302592,115447.79008000012,115482.26688000011
9,fixed_manifest,89,2,host_fpga_pcie,HOST_to_FPGA,302592,115482.26688000011,115606.55488000011
9,fixed_manifest,90,1,host_fpga_pcie,FPGA_to_HOST,302592,115939.30240000012,116063.59040000012
9,fixed_manifest,90,2,gpu_host,HOST_to_GPU,302592,116063.59040000012,116098.06720000009
11,fixed_manifest,19,1,gpu_host,GPU_to_HOST,302592,116113.33312000014,116147.80992000012
11,fixed_manifest,19,2,host_fpga_pcie,HOST_to_FPGA,302592,116147.80992000012,116272.09792000012
11,fixed_manifest,20,1,host_fpga_pcie,FPGA_to_HOST,302592,116604.84544000012,116729.13344000012
11,fixed_manifest,20,2,gpu_host,HOST_to_GPU,302592,116729.13344000012,116763.61024000011
10,fixed_manifest,59,1,gpu_host,GPU_to_HOST,302592,116945.28992000014,116979.76672000013
10,fixed_manifest,59,2,host_fpga_pcie,HOST_to_FPGA,302592,116979.76672000013,117104.05472000013
10,fixed_manifest,60,1,host_fpga_pcie,FPGA_to_HOST,302592,117436.80224000012,117561.09024000012
10,fixed_manifest,60,2,gpu_host,HOST_to_GPU,302592,117561.09024000012,117595.56704000011
9,fixed_manifest,99,1,gpu_host,GPU_to_HOST,302592,117951.62048000014,117986.09728000013
9,fixed_manifest,99,2,host_fpga_pcie,HOST_to_FPGA,302592,117986.09728000013,118110.38528000013
9,fixed_manifest,100,1,host_fpga_pcie,FPGA_to_HOST,302592,118443.13280000012,118567.42080000012
9,fixed_manifest,100,2,gpu_host,HOST_to_GPU,302592,118567.42080000012,118601.89760000011
11,fixed_manifest,29,1,gpu_host,GPU_to_HOST,302592,118765.23008000014,118799.70688000013
11,fixed_manifest,29,2,host_fpga_pcie,HOST_to_FPGA,302592,118799.70688000013,118923.99488000013
11,fixed_manifest,30,1,host_fpga_pcie,FPGA_to_HOST,302592,119256.74240000013,119381.03040000013
11,fixed_manifest,30,2,gpu_host,HOST_to_GPU,302592,119381.03040000013,119415.50720000012
10,fixed_manifest,69,1,gpu_host,GPU_to_HOST,302592,119441.16032000016,119475.63712000014
10,fixed_manifest,69,2,host_fpga_pcie,HOST_to_FPGA,302592,119475.63712000014,119599.92512000015
10,fixed_manifest,70,1,host_fpga_pcie,FPGA_to_HOST,302592,119932.67264000014,120056.96064000014
10,fixed_manifest,70,2,gpu_host,HOST_to_GPU,302592,120056.96064000014,120091.43744000013
9,fixed_manifest,109,1,gpu_host,GPU_to_HOST,302592,120598.99776000016,120633.47456000015
9,fixed_manifest,109,2,host_fpga_pcie,HOST_to_FPGA,302592,120633.47456000015,120757.76256000015
9,fixed_manifest,110,1,host_fpga_pcie,FPGA_to_HOST,302592,121090.51008000014,121214.79808000014
9,fixed_manifest,110,2,gpu_host,HOST_to_GPU,302592,121214.79808000014,121249.27488000013
11,fixed_manifest,39,1,gpu_host,GPU_to_HOST,302592,121914.16384000017,121948.64064000016
11,fixed_manifest,39,2,host_fpga_pcie,HOST_to_FPGA,302592,121948.64064000016,122072.92864000016
11,fixed_manifest,40,1,host_fpga_pcie,FPGA_to_HOST,302592,122405.67616000016,122529.96416000016
11,fixed_manifest,40,2,gpu_host,HOST_to_GPU,302592,122529.96416000016,122564.44096000015
10,fixed_manifest,79,1,gpu_host,GPU_to_HOST,302592,123072.73856000017,123111.56256000017
12,fixed_manifest,9,1,gpu_host,GPU_to_HOST,302592,123094.86816000017,123133.69216000017
10,fixed_manifest,79,2,host_fpga_pcie,HOST_to_FPGA,302592,123111.56256000017,123313.00896000017
12,fixed_manifest,9,2,host_fpga_pcie,HOST_to_FPGA,302592,123133.69216000017,123335.13856000017
10,fixed_manifest,80,1,host_fpga_pcie,FPGA_to_HOST,302592,123645.75648000016,123770.04448000016
10,fixed_manifest,80,2,gpu_host,HOST_to_GPU,302592,123770.04448000016,123804.52128000015
9,fixed_manifest,119,1,gpu_host,GPU_to_HOST,302592,123908.47776000018,123942.95456000016
9,fixed_manifest,119,2,host_fpga_pcie,HOST_to_FPGA,302592,123942.95456000016,124130.98112000017
12,fixed_manifest,10,1,host_fpga_pcie,FPGA_to_HOST,302592,123978.50400000016,124166.53056000017
12,fixed_manifest,10,2,gpu_host,HOST_to_GPU,302592,124166.53056000017,124201.00736000016
9,fixed_manifest,120,1,host_fpga_pcie,FPGA_to_HOST,302592,124463.72864000018,124588.01664000018
11,fixed_manifest,49,1,gpu_host,GPU_to_HOST,302592,124584.40800000018,124641.7529600002
9,fixed_manifest,120,2,gpu_host,HOST_to_GPU,302592,124588.01664000018,124645.36160000018
11,fixed_manifest,49,2,host_fpga_pcie,HOST_to_FPGA,302592,124641.7529600002,124766.0409600002
11,fixed_manifest,50,1,host_fpga_pcie,FPGA_to_HOST,302592,125098.78848000019,125223.07648000019
11,fixed_manifest,50,2,gpu_host,HOST_to_GPU,302592,125223.07648000019,125257.55328000021
10,fixed_manifest,89,1,gpu_host,GPU_to_HOST,302592,125638.25376000018,125672.7305600002
10,fixed_manifest,89,2,host_fpga_pcie,HOST_to_FPGA,302592,125672.7305600002,125797.0185600002
10,fixed_manifest,90,1,host_fpga_pcie,FPGA_to_HOST,302592,126129.7660800002,126254.0540800002
10,fixed_manifest,90,2,gpu_host,HOST_to_GPU,302592,126254.0540800002,126288.53088000022
12,fixed_manifest,19,1,gpu_host,GPU_to_HOST,302592,126459.8233600002,126494.30016000022
12,fixed_manifest,19,2,host_fpga_pcie,HOST_to_FPGA,302592,126494.30016000022,126618.58816000022
12,fixed_manifest,20,1,host_fpga_pcie,FPGA_to_HOST,302592,126951.33568000022,127075.62368000022
12,fixed_manifest,20,2,gpu_host,HOST_to_GPU,302592,127075.62368000022,127110.10048000024
11,fixed_manifest,59,1,gpu_host,GPU_to_HOST,302592,127135.7536000002,127170.23040000022
11,fixed_manifest,59,2,host_fpga_pcie,HOST_to_FPGA,302592,127170.23040000022,127294.51840000022
11,fixed_manifest,60,1,host_fpga_pcie,FPGA_to_HOST,302592,127627.26592000024,127751.55392000024
11,fixed_manifest,60,2,gpu_host,HOST_to_GPU,302592,127751.55392000024,127786.03072000024
10,fixed_manifest,99,1,gpu_host,GPU_to_HOST,302592,128142.0841600002,128176.5609600002
10,fixed_manifest,99,2,host_fpga_pcie,HOST_to_FPGA,302592,128176.5609600002,128300.8489600002
10,fixed_manifest,100,1,host_fpga_pcie,FPGA_to_HOST,302592,128633.59648000023,128757.88448000023
10,fixed_manifest,100,2,gpu_host,HOST_to_GPU,302592,128757.88448000023,128792.36128000024
12,fixed_manifest,29,1,gpu_host,GPU_to_HOST,302592,128955.69376000021,128990.17056000023
12,fixed_manifest,29,2,host_fpga_pcie,HOST_to_FPGA,302592,128990.17056000023,129114.45856000023
12,fixed_manifest,30,1,host_fpga_pcie,FPGA_to_HOST,302592,129447.20608000024,129571.49408000024
12,fixed_manifest,30,2,gpu_host,HOST_to_GPU,302592,129571.49408000024,129605.97088000026
11,fixed_manifest,69,1,gpu_host,GPU_to_HOST,302592,129631.62400000023,129666.10080000023
11,fixed_manifest,69,2,host_fpga_pcie,HOST_to_FPGA,302592,129666.10080000023,129790.38880000023
11,fixed_manifest,70,1,host_fpga_pcie,FPGA_to_HOST,302592,130123.13632000025,130247.42432000025
11,fixed_manifest,70,2,gpu_host,HOST_to_GPU,302592,130247.42432000025,130281.90112000027
10,fixed_manifest,109,1,gpu_host,GPU_to_HOST,302592,130789.46144000023,130823.93824000024
10,fixed_manifest,109,2,host_fpga_pcie,HOST_to_FPGA,302592,130823.93824000024,130948.22624000024
10,fixed_manifest,110,1,host_fpga_pcie,FPGA_to_HOST,302592,131280.97376000026,131405.26176000026
10,fixed_manifest,110,2,gpu_host,HOST_to_GPU,302592,131405.26176000026,131439.73856000026
12,fixed_manifest,39,1,gpu_host,GPU_to_HOST,302592,132104.62752000024,132139.10432000025
12,fixed_manifest,39,2,host_fpga_pcie,HOST_to_FPGA,302592,132139.10432000025,132263.39232000025
12,fixed_manifest,40,1,host_fpga_pcie,FPGA_to_HOST,302592,132596.13984000028,132720.42784000025
12,fixed_manifest,40,2,gpu_host,HOST_to_GPU,302592,132720.42784000025,132754.90464000028
11,fixed_manifest,79,1,gpu_host,GPU_to_HOST,302592,133263.20224000025,133302.02624000024
13,fixed_manifest,9,1,gpu_host,GPU_to_HOST,302592,133285.33184000023,133324.15584000022
11,fixed_manifest,79,2,host_fpga_pcie,HOST_to_FPGA,302592,133302.02624000024,133503.47264000023
13,fixed_manifest,9,2,host_fpga_pcie,HOST_to_FPGA,302592,133324.15584000022,133525.60224000024
11,fixed_manifest,80,1,host_fpga_pcie,FPGA_to_HOST,302592,133836.22016000023,133960.50816000023
11,fixed_manifest,80,2,gpu_host,HOST_to_GPU,302592,133960.50816000023,133994.98496000026
10,fixed_manifest,119,1,gpu_host,GPU_to_HOST,302592,134098.94144000026,134133.41824000026
10,fixed_manifest,119,2,host_fpga_pcie,HOST_to_FPGA,302592,134133.41824000026,134321.4448000003
13,fixed_manifest,10,1,host_fpga_pcie,FPGA_to_HOST,302592,134168.96768000026,134356.9942400003
13,fixed_manifest,10,2,gpu_host,HOST_to_GPU,302592,134356.9942400003,134391.4710400003
10,fixed_manifest,120,1,host_fpga_pcie,FPGA_to_HOST,302592,134654.19232000032,134778.48032000032
12,fixed_manifest,49,1,gpu_host,GPU_to_HOST,302592,134774.87168000027,134832.21664000023
10,fixed_manifest,120,2,gpu_host,HOST_to_GPU,302592,134778.48032000032,134835.82528000025
12,fixed_manifest,49,2,host_fpga_pcie,HOST_to_FPGA,302592,134832.21664000023,134956.50464000023
12,fixed_manifest,50,1,host_fpga_pcie,FPGA_to_HOST,302592,135289.25216000024,135413.54016000024
12,fixed_manifest,50,2,gpu_host,HOST_to_GPU,302592,135413.54016000024,135448.01696000024
11,fixed_manifest,89,1,gpu_host,GPU_to_HOST,302592,135828.71744000024,135863.19424000027
11,fixed_manifest,89,2,host_fpga_pcie,HOST_to_FPGA,302592,135863.19424000027,135987.48224000027
11,fixed_manifest,90,1,host_fpga_pcie,FPGA_to_HOST,302592,136320.22976000028,136444.51776000028
11,fixed_manifest,90,2,gpu_host,HOST_to_GPU,302592,136444.51776000028,136478.99456000028
13,fixed_manifest,19,1,gpu_host,GPU_to_HOST,302592,136650.28704000026,136684.7638400003
13,fixed_manifest,19,2,host_fpga_pcie,HOST_to_FPGA,302592,136684.7638400003,136809.0518400003
13,fixed_manifest,20,1,host_fpga_pcie,FPGA_to_HOST,302592,137141.7993600003,137266.0873600003
13,fixed_manifest,20,2,gpu_host,HOST_to_GPU,302592,137266.0873600003,137300.5641600003
12,fixed_manifest,59,1,gpu_host,GPU_to_HOST,302592,137326.21728000027,137360.69408000028
12,fixed_manifest,59,2,host_fpga_pcie,HOST_to_FPGA,302592,137360.69408000028,137484.98208000028
12,fixed_manifest,60,1,host_fpga_pcie,FPGA_to_HOST,302592,137817.7296000003,137942.0176000003
12,fixed_manifest,60,2,gpu_host,HOST_to_GPU,302592,137942.0176000003,137976.49440000032
11,fixed_manifest,99,1,gpu_host,GPU_to_HOST,302592,138332.54784000028,138367.02464000028
11,fixed_manifest,99,2,host_fpga_pcie,HOST_to_FPGA,302592,138367.02464000028,138491.31264000028
11,fixed_manifest,100,1,host_fpga_pcie,FPGA_to_HOST,302592,138824.06016000028,138948.34816000029
11,fixed_manifest,100,2,gpu_host,HOST_to_GPU,302592,138948.34816000029,138982.82496000032
13,fixed_manifest,29,1,gpu_host,GPU_to_HOST,302592,139146.15744000027,139180.6342400003
13,fixed_manifest,29,2,host_fpga_pcie,HOST_to_FPGA,302592,139180.6342400003,139304.9222400003
13,fixed_manifest,30,1,host_fpga_pcie,FPGA_to_HOST,302592,139637.6697600003,139761.9577600003
13,fixed_manifest,30,2,gpu_host,HOST_to_GPU,302592,139761.9577600003,139796.4345600003
12,fixed_manifest,69,1,gpu_host,GPU_to_HOST,302592,139822.0876800003,139856.5644800003
12,fixed_manifest,69,2,host_fpga_pcie,HOST_to_FPGA,302592,139856.5644800003,139980.8524800003
12,fixed_manifest,70,1,host_fpga_pcie,FPGA_to_HOST,302592,140313.60000000033,140437.88800000033
12,fixed_manifest,70,2,gpu_host,HOST_to_GPU,302592,140437.88800000033,140472.36480000033
11,fixed_manifest,109,1,gpu_host,GPU_to_HOST,302592,140998.27232000028,141032.7491200003
11,fixed_manifest,109,2,host_fpga_pcie,HOST_to_FPGA,302592,141032.7491200003,141157.0371200003
11,fixed_manifest,110,1,host_fpga_pcie,FPGA_to_HOST,302592,141489.78464000032,141614.07264000032
11,fixed_manifest,110,2,gpu_host,HOST_to_GPU,302592,141614.07264000032,141648.54944000032
13,fixed_manifest,39,1,gpu_host,GPU_to_HOST,302592,142451.1177600003,142485.59456000032
13,fixed_manifest,39,2,host_fpga_pcie,HOST_to_FPGA,302592,142485.59456000032,142609.88256000032
13,fixed_manifest,40,1,host_fpga_pcie,FPGA_to_HOST,302592,142942.63008000032,143066.91808000032
13,fixed_manifest,40,2,gpu_host,HOST_to_GPU,302592,143066.91808000032,143101.39488000036
14,fixed_manifest,9,1,gpu_host,GPU_to_HOST,302592,143279.29216000033,143313.76896000034
14,fixed_manifest,9,2,host_fpga_pcie,HOST_to_FPGA,302592,143313.76896000034,143438.05696000034
12,fixed_manifest,79,1,gpu_host,GPU_to_HOST,302592,143475.7955200003,143510.27232000034
12,fixed_manifest,79,2,host_fpga_pcie,HOST_to_FPGA,302592,143510.27232000034,143634.56032000034
14,fixed_manifest,10,1,host_fpga_pcie,FPGA_to_HOST,302592,143770.80448000034,143895.09248000034
14,fixed_manifest,10,2,gpu_host,HOST_to_GPU,302592,143895.09248000034,143929.56928000037
12,fixed_manifest,80,1,host_fpga_pcie,FPGA_to_HOST,302592,144103.55200000035,144227.84000000035
12,fixed_manifest,80,2,gpu_host,HOST_to_GPU,302592,144227.84000000035,144262.31680000038
11,fixed_manifest,119,1,gpu_host,GPU_to_HOST,302592,144307.75232000032,144342.22912000032
11,fixed_manifest,119,2,host_fpga_pcie,HOST_to_FPGA,302592,144342.22912000032,144466.51712000032
11,fixed_manifest,120,1,host_fpga_pcie,FPGA_to_HOST,302592,144799.26464000033,144923.55264000033
11,fixed_manifest,120,2,gpu_host,HOST_to_GPU,302592,144923.55264000033,144958.02944000036
13,fixed_manifest,49,1,gpu_host,GPU_to_HOST,302592,145622.91840000032,145657.39520000035
13,fixed_manifest,49,2,host_fpga_pcie,HOST_to_FPGA,302592,145657.39520000035,145781.68320000035
13,fixed_manifest,50,1,host_fpga_pcie,FPGA_to_HOST,302592,146114.43072000035,146266.8280000004
14,fixed_manifest,19,1,gpu_host,GPU_to_HOST,302592,146153.07808000033,146187.55488000036
14,fixed_manifest,19,2,host_fpga_pcie,HOST_to_FPGA,302592,146187.55488000036,146413.07632000037
12,fixed_manifest,89,1,gpu_host,GPU_to_HOST,302592,146201.51488000032,146235.99168000036
12,fixed_manifest,89,2,host_fpga_pcie,HOST_to_FPGA,302592,146235.99168000036,146437.29472000035
13,fixed_manifest,50,2,gpu_host,HOST_to_GPU,302592,146266.8280000004,146301.3048000004
14,fixed_manifest,20,1,host_fpga_pcie,FPGA_to_HOST,302592,146745.82384000038,146870.11184000038
14,fixed_manifest,20,2,gpu_host,HOST_to_GPU,302592,146870.11184000038,146904.58864000038
12,fixed_manifest,90,1,host_fpga_pcie,FPGA_to_HOST,302592,147078.57136000038,147202.85936000038
12,fixed_manifest,90,2,gpu_host,HOST_to_GPU,302592,147202.85936000038,147237.33616000038
13,fixed_manifest,59,1,gpu_host,GPU_to_HOST,302592,147616.47088000042,147650.94768000042
13,fixed_manifest,59,2,host_fpga_pcie,HOST_to_FPGA,302592,147650.94768000042,147775.23568000042
13,fixed_manifest,60,1,host_fpga_pcie,FPGA_to_HOST,302592,148107.98320000042,148232.27120000042
13,fixed_manifest,60,2,gpu_host,HOST_to_GPU,302592,148232.27120000042,148266.74800000046
14,fixed_manifest,29,1,gpu_host,GPU_to_HOST,302592,148622.8014400004,148657.27824000042
14,fixed_manifest,29,2,host_fpga_pcie,HOST_to_FPGA,302592,148657.27824000042,148781.56624000042
14,fixed_manifest,30,1,host_fpga_pcie,FPGA_to_HOST,302592,149114.31376000043,149238.60176000043
14,fixed_manifest,30,2,gpu_host,HOST_to_GPU,302592,149238.60176000043,149273.07856000043
12,fixed_manifest,99,1,gpu_host,GPU_to_HOST,302592,149436.4110400004,149470.88784000042
12,fixed_manifest,99,2,host_fpga_pcie,HOST_to_FPGA,302592,149470.88784000042,149595.17584000042
12,fixed_manifest,100,1,host_fpga_pcie,FPGA_to_HOST,302592,149927.92336000042,150052.21136000042
12,fixed_manifest,100,2,gpu_host,HOST_to_GPU,302592,150052.21136000042,150086.68816000046
13,fixed_manifest,69,1,gpu_host,GPU_to_HOST,302592,150112.34128000043,150146.81808000043
13,fixed_manifest,69,2,host_fpga_pcie,HOST_to_FPGA,302592,150146.81808000043,150271.10608000043
13,fixed_manifest,70,1,host_fpga_pcie,FPGA_to_HOST,302592,150603.85360000044,150728.14160000044
13,fixed_manifest,70,2,gpu_host,HOST_to_GPU,302592,150728.14160000044,150762.61840000047
14,fixed_manifest,39,1,gpu_host,GPU_to_HOST,302592,151753.38800000044,151787.86480000045
14,fixed_manifest,39,2,host_fpga_pcie,HOST_to_FPGA,302592,151787.86480000045,151912.15280000045
14,fixed_manifest,40,1,host_fpga_pcie,FPGA_to_HOST,302592,152244.90032000045,152369.18832000045
14,fixed_manifest,40,2,gpu_host,HOST_to_GPU,302592,152369.18832000045,152403.66512000049
12,fixed_manifest,109,1,gpu_host,GPU_to_HOST,302592,152911.96272000045,152950.7867200004
15,fixed_manifest,9,1,gpu_host,GPU_to_HOST,302592,152934.09232000043,152972.91632000043
12,fixed_manifest,109,2,host_fpga_pcie,HOST_to_FPGA,302592,152950.7867200004,153152.23312000043
15,fixed_manifest,9,2,host_fpga_pcie,HOST_to_FPGA,302592,152972.91632000043,153174.36272000044
12,fixed_manifest,110,1,host_fpga_pcie,FPGA_to_HOST,302592,153484.98064000043,153609.26864000043
12,fixed_manifest,110,2,gpu_host,HOST_to_GPU,302592,153609.26864000043,153643.74544000046
13,fixed_manifest,79,1,gpu_host,GPU_to_HOST,302592,153747.70192000046,153782.17872000046
13,fixed_manifest,79,2,host_fpga_pcie,HOST_to_FPGA,302592,153782.17872000046,153970.2052800005
15,fixed_manifest,10,1,host_fpga_pcie,FPGA_to_HOST,302592,153817.72816000044,154005.75472000046
15,fixed_manifest,10,2,gpu_host,HOST_to_GPU,302592,154005.75472000046,154040.2315200005
13,fixed_manifest,80,1,host_fpga_pcie,FPGA_to_HOST,302592,154302.9528000005,154427.2408000005
14,fixed_manifest,49,1,gpu_host,GPU_to_HOST,302592,154423.63216000047,154480.9771200004
13,fixed_manifest,80,2,gpu_host,HOST_to_GPU,302592,154427.2408000005,154484.58576000045
14,fixed_manifest,49,2,host_fpga_pcie,HOST_to_FPGA,302592,154480.9771200004,154605.2651200004
14,fixed_manifest,50,1,host_fpga_pcie,FPGA_to_HOST,302592,154938.01264000044,155062.30064000044
14,fixed_manifest,50,2,gpu_host,HOST_to_GPU,302592,155062.30064000044,155096.77744000044
12,fixed_manifest,119,1,gpu_host,GPU_to_HOST,302592,155913.17200000046,155947.6488000005
12,fixed_manifest,119,2,host_fpga_pcie,HOST_to_FPGA,302592,155947.6488000005,156071.9368000005
12,fixed_manifest,120,1,host_fpga_pcie,FPGA_to_HOST,302592,156404.6843200005,156528.9723200005
12,fixed_manifest,120,2,gpu_host,HOST_to_GPU,302592,156528.9723200005,156563.4491200005
15,fixed_manifest,19,1,gpu_host,GPU_to_HOST,302592,157053.39952000047,157087.87632000048
15,fixed_manifest,19,2,host_fpga_pcie,HOST_to_FPGA,302592,157087.87632000048,157212.16432000048
13,fixed_manifest,89,1,gpu_host,GPU_to_HOST,302592,157268.25008000046,157302.7268800005
13,fixed_manifest,89,2,host_fpga_pcie,HOST_to_FPGA,302592,157302.7268800005,157427.0148800005
14,fixed_manifest,59,1,gpu_host,GPU_to_HOST,302592,157544.9118400005,157579.3886400005
15,fixed_manifest,20,1,host_fpga_pcie,FPGA_to_HOST,302592,157544.9118400005,157734.01104000048
14,fixed_manifest,59,2,host_fpga_pcie,HOST_to_FPGA,302592,157579.3886400005,157768.4878400005
15,fixed_manifest,20,2,gpu_host,HOST_to_GPU,302592,157734.01104000048,157768.4878400005
13,fixed_manifest,90,1,host_fpga_pcie,FPGA_to_HOST,302592,157877.6593600005,158001.94736000051
13,fixed_manifest,90,2,gpu_host,HOST_to_GPU,302592,158001.94736000051,158036.42416000052
14,fixed_manifest,60,1,host_fpga_pcie,FPGA_to_HOST,302592,158210.40688000052,158334.69488000052
14,fixed_manifest,60,2,gpu_host,HOST_to_GPU,302592,158334.69488000052,158369.17168000052
15,fixed_manifest,29,1,gpu_host,GPU_to_HOST,302592,159722.88976000051,159757.36656000052
15,fixed_manifest,29,2,host_fpga_pcie,HOST_to_FPGA,302592,159757.36656000052,159881.65456000052
15,fixed_manifest,30,1,host_fpga_pcie,FPGA_to_HOST,302592,160214.40208000055,160338.69008000055
15,fixed_manifest,30,2,gpu_host,HOST_to_GPU,302592,160338.69008000055,160373.16688000056
13,fixed_manifest,99,1,gpu_host,GPU_to_HOST,302592,160375.38832000052,160409.86512000056
13,fixed_manifest,99,2,host_fpga_pcie,HOST_to_FPGA,302592,160409.86512000056,160534.15312000056
14,fixed_manifest,69,1,gpu_host,GPU_to_HOST,302592,160474.68912000052,160509.16592000052
14,fixed_manifest,69,2,host_fpga_pcie,HOST_to_FPGA,302592,160509.16592000052,160633.45392000052
13,fixed_manifest,100,1,host_fpga_pcie,FPGA_to_HOST,302592,160866.90064000056,160991.18864000056
13,fixed_manifest,100,2,gpu_host,HOST_to_GPU,302592,160991.18864000056,161025.66544000056
14,fixed_manifest,70,1,host_fpga_pcie,FPGA_to_HOST,302592,161199.64816000056,161323.93616000056
14,fixed_manifest,70,2,gpu_host,HOST_to_GPU,302592,161323.93616000056,161358.4129600006
16,fixed_manifest,9,1,gpu_host,GPU_to_HOST,302592,163024.06768000056,163058.54448000056
16,fixed_manifest,9,2,host_fpga_pcie,HOST_to_FPGA,302592,163058.54448000056,163182.83248000056
15,fixed_manifest,39,1,gpu_host,GPU_to_HOST,302592,163358.25040000054,163392.72720000055
15,fixed_manifest,39,2,host_fpga_pcie,HOST_to_FPGA,302592,163392.72720000055,163517.01520000055
16,fixed_manifest,10,1,host_fpga_pcie,FPGA_to_HOST,302592,163515.58000000057,163639.86800000057
16,fixed_manifest,10,2,gpu_host,HOST_to_GPU,302592,163639.86800000057,163674.3448000006
13,fixed_manifest,109,1,gpu_host,GPU_to_HOST,302592,163739.90992000053,163774.38672000056
13,fixed_manifest,109,2,host_fpga_pcie,HOST_to_FPGA,302592,163774.38672000056,163929.26032000053
14,fixed_manifest,79,1,gpu_host,GPU_to_HOST,302592,163849.76272000058,163884.23952000058
15,fixed_manifest,40,1,host_fpga_pcie,FPGA_to_HOST,302592,163849.76272000058,164080.01232000056
14,fixed_manifest,79,2,host_fpga_pcie,HOST_to_FPGA,302592,163884.23952000058,164097.25072000056
15,fixed_manifest,40,2,gpu_host,HOST_to_GPU,302592,164080.01232000056,164114.48912000057
13,fixed_manifest,110,1,host_fpga_pcie,FPGA_to_HOST,302592,164262.00784000053,164386.29584000053
13,fixed_manifest,110,2,gpu_host,HOST_to_GPU,302592,164386.29584000053,164420.77264000053
14,fixed_manifest,80,1,host_fpga_pcie,FPGA_to_HOST,302592,164594.75536000053,164719.04336000053
14,fixed_manifest,80,2,gpu_host,HOST_to_GPU,302592,164719.04336000053,164753.52016000057
16,fixed_manifest,19,1,gpu_host,GPU_to_HOST,302592,165273.70896000054,165308.18576000055
16,fixed_manifest,19,2,host_fpga_pcie,HOST_to_FPGA,302592,165308.18576000055,165432.47376000055
16,fixed_manifest,20,1,host_fpga_pcie,FPGA_to_HOST,302592,165765.22128000058,165889.50928000058
16,fixed_manifest,20,2,gpu_host,HOST_to_GPU,302592,165889.50928000058,165923.98608000058
15,fixed_manifest,49,1,gpu_host,GPU_to_HOST,302592,166856.66896000056,166891.14576000057
15,fixed_manifest,49,2,host_fpga_pcie,HOST_to_FPGA,302592,166891.14576000057,167015.43376000057
15,fixed_manifest,50,1,host_fpga_pcie,FPGA_to_HOST,302592,167348.1812800006,167472.4692800006
15,fixed_manifest,50,2,gpu_host,HOST_to_GPU,302592,167472.4692800006,167506.9460800006
13,fixed_manifest,119,1,gpu_host,GPU_to_HOST,302592,167514.2520000006,167548.7288000006
13,fixed_manifest,119,2,host_fpga_pcie,HOST_to_FPGA,302592,167548.7288000006,167673.0168000006
14,fixed_manifest,89,1,gpu_host,GPU_to_HOST,302592,167729.10256000055,167763.57936000059
14,fixed_manifest,89,2,host_fpga_pcie,HOST_to_FPGA,302592,167763.57936000059,167887.8673600006
13,fixed_manifest,120,1,host_fpga_pcie,FPGA_to_HOST,302592,168005.7643200006,168130.0523200006
13,fixed_manifest,120,2,gpu_host,HOST_to_GPU,302592,168130.0523200006,168164.52912000063
14,fixed_manifest,90,1,host_fpga_pcie,FPGA_to_HOST,302592,168338.51184000063,168479.43728000065
16,fixed_manifest,29,1,gpu_host,GPU_to_HOST,302592,168386.68560000058,168421.1624000006
16,fixed_manifest,29,2,host_fpga_pcie,HOST_to_FPGA,302592,168421.1624000006,168562.08784000063
14,fixed_manifest,90,2,gpu_host,HOST_to_GPU,302592,168479.43728000065,168513.91408000066
16,fixed_manifest,30,1,host_fpga_pcie,FPGA_to_HOST,302592,168894.83536000064,169019.12336000064
16,fixed_manifest,30,2,gpu_host,HOST_to_GPU,302592,169019.12336000064,169053.60016000064
15,fixed_manifest,59,1,gpu_host,GPU_to_HOST,302592,169274.11760000058,169308.59440000058
15,fixed_manifest,59,2,host_fpga_pcie,HOST_to_FPGA,302592,169308.59440000058,169432.88240000058
15,fixed_manifest,60,1,host_fpga_pcie,FPGA_to_HOST,302592,169765.62992000062,169889.91792000062
15,fixed_manifest,60,2,gpu_host,HOST_to_GPU,302592,169889.91792000062,169924.39472000062
14,fixed_manifest,99,1,gpu_host,GPU_to_HOST,302592,170431.95504000058,170466.4318400006
14,fixed_manifest,99,2,host_fpga_pcie,HOST_to_FPGA,302592,170466.4318400006,170590.7198400006
14,fixed_manifest,100,1,host_fpga_pcie,FPGA_to_HOST,302592,170923.46736000062,171047.75536000062
14,fixed_manifest,100,2,gpu_host,HOST_to_GPU,302592,171047.75536000062,171082.23216000063
16,fixed_manifest,39,1,gpu_host,GPU_to_HOST,302592,171747.1211200006,171781.5979200006
16,fixed_manifest,39,2,host_fpga_pcie,HOST_to_FPGA,302592,171781.5979200006,171905.8859200006
16,fixed_manifest,40,1,host_fpga_pcie,FPGA_to_HOST,302592,172238.63344000062,172362.92144000062
16,fixed_manifest,40,2,gpu_host,HOST_to_GPU,302592,172362.92144000062,172397.39824000065
15,fixed_manifest,69,1,gpu_host,GPU_to_HOST,302592,172712.9748800006,172747.45168000064
15,fixed_manifest,69,2,host_fpga_pcie,HOST_to_FPGA,302592,172747.45168000064,172871.73968000064
17,fixed_manifest,9,1,gpu_host,GPU_to_HOST,302592,173102.1992000006,173136.67600000062
17,fixed_manifest,9,2,host_fpga_pcie,HOST_to_FPGA,302592,173136.67600000062,173292.44080000062
15,fixed_manifest,70,1,host_fpga_pcie,FPGA_to_HOST,302592,173204.48720000064,173360.25200000062
15,fixed_manifest,70,2,gpu_host,HOST_to_GPU,302592,173360.25200000062,173394.72880000065
17,fixed_manifest,10,1,host_fpga_pcie,FPGA_to_HOST,302592,173625.18832000063,173749.47632000063
17,fixed_manifest,10,2,gpu_host,HOST_to_GPU,302592,173749.47632000063,173800.12400000065
14,fixed_manifest,109,1,gpu_host,GPU_to_HOST,302592,173759.7822400006,173810.4299200006
14,fixed_manifest,109,2,host_fpga_pcie,HOST_to_FPGA,302592,173810.4299200006,173934.7179200006
14,fixed_manifest,110,1,host_fpga_pcie,FPGA_to_HOST,302592,174267.46544000064,174391.75344000064
14,fixed_manifest,110,2,gpu_host,HOST_to_GPU,302592,174391.75344000064,174426.23024000064
16,fixed_manifest,49,1,gpu_host,GPU_to_HOST,302592,174613.8686400006,174648.34544000062
16,fixed_manifest,49,2,host_fpga_pcie,HOST_to_FPGA,302592,174648.34544000062,174772.63344000062
16,fixed_manifest,50,1,host_fpga_pcie,FPGA_to_HOST,302592,175105.38096000065,175229.66896000065
16,fixed_manifest,50,2,gpu_host,HOST_to_GPU,302592,175229.66896000065,175264.14576000065
15,fixed_manifest,79,1,gpu_host,GPU_to_HOST,302592,175906.90512000062,175941.38192000063
15,fixed_manifest,79,2,host_fpga_pcie,HOST_to_FPGA,302592,175941.38192000063,176065.66992000063
15,fixed_manifest,80,1,host_fpga_pcie,FPGA_to_HOST,302592,176398.41744000066,176522.70544000066
15,fixed_manifest,80,2,gpu_host,HOST_to_GPU,302592,176522.70544000066,176557.18224000066
17,fixed_manifest,19,1,gpu_host,GPU_to_HOST,302592,176872.75888000065,176907.23568000065
17,fixed_manifest,19,2,host_fpga_pcie,HOST_to_FPGA,302592,176907.23568000065,177031.52368000065
14,fixed_manifest,119,1,gpu_host,GPU_to_HOST,302592,177087.60944000064,177122.08624000064
14,fixed_manifest,119,2,host_fpga_pcie,HOST_to_FPGA,302592,177122.08624000064,177246.37424000064
17,fixed_manifest,20,1,host_fpga_pcie,FPGA_to_HOST,302592,177364.2712000007,177488.5592000007
17,fixed_manifest,20,2,gpu_host,HOST_to_GPU,302592,177488.5592000007,177523.0360000007
14,fixed_manifest,120,1,host_fpga_pcie,FPGA_to_HOST,302592,177697.0187200007,177821.3067200007
14,fixed_manifest,120,2,gpu_host,HOST_to_GPU,302592,177821.3067200007,177855.7835200007
16,fixed_manifest,59,1,gpu_host,GPU_to_HOST,302592,177919.56624000063,177954.04304000066
16,fixed_manifest,59,2,host_fpga_pcie,HOST_to_FPGA,302592,177954.04304000066,178078.33104000066
16,fixed_manifest,60,1,host_fpga_pcie,FPGA_to_HOST,302592,178411.07856000066,178535.36656000066
16,fixed_manifest,60,2,gpu_host,HOST_to_GPU,302592,178535.36656000066,178569.84336000067
15,fixed_manifest,89,1,gpu_host,GPU_to_HOST,302592,178799.03824000063,178833.51504000064
15,fixed_manifest,89,2,host_fpga_pcie,HOST_to_FPGA,302592,178833.51504000064,178957.80304000064
15,fixed_manifest,90,1,host_fpga_pcie,FPGA_to_HOST,302592,179290.55056000064,179414.83856000064
15,fixed_manifest,90,2,gpu_host,HOST_to_GPU,302592,179414.83856000064,179449.31536000068
17,fixed_manifest,29,1,gpu_host,GPU_to_HOST,302592,179464.58128000065,179499.05808000066
17,fixed_manifest,29,2,host_fpga_pcie,HOST_to_FPGA,302592,179499.05808000066,179623.34608000066
17,fixed_manifest,30,1,host_fpga_pcie,FPGA_to_HOST,302592,179956.09360000066,180080.38160000066
17,fixed_manifest,30,2,gpu_host,HOST_to_GPU,302592,180080.38160000066,180114.8584000007
16,fixed_manifest,69,1,gpu_host,GPU_to_HOST,302592,180296.53808000064,180331.01488000067
16,fixed_manifest,69,2,host_fpga_pcie,HOST_to_FPGA,302592,180331.01488000067,180455.30288000067
16,fixed_manifest,70,1,host_fpga_pcie,FPGA_to_HOST,302592,180788.05040000068,180912.33840000068
16,fixed_manifest,70,2,gpu_host,HOST_to_GPU,302592,180912.33840000068,180946.81520000068
15,fixed_manifest,99,1,gpu_host,GPU_to_HOST,302592,181937.58480000065,181972.06160000068
15,fixed_manifest,99,2,host_fpga_pcie,HOST_to_FPGA,302592,181972.06160000068,182096.34960000069
15,fixed_manifest,100,1,host_fpga_pcie,FPGA_to_HOST,302592,182429.0971200007,182553.3851200007
15,fixed_manifest,100,2,gpu_host,HOST_to_GPU,302592,182553.3851200007,182587.8619200007
17,fixed_manifest,39,1,gpu_host,GPU_to_HOST,302592,183096.15952000066,183134.98352000065
18,fixed_manifest,9,1,gpu_host,GPU_to_HOST,302592,183118.28912000067,183157.11312000066
17,fixed_manifest,39,2,host_fpga_pcie,HOST_to_FPGA,302592,183134.98352000065,183336.42992000066
18,fixed_manifest,9,2,host_fpga_pcie,HOST_to_FPGA,302592,183157.11312000066,183358.55952000065
17,fixed_manifest,40,1,host_fpga_pcie,FPGA_to_HOST,302592,183669.17744000067,183793.46544000067
17,fixed_manifest,40,2,gpu_host,HOST_to_GPU,302592,183793.46544000067,183827.94224000067
16,fixed_manifest,79,1,gpu_host,GPU_to_HOST,302592,183931.89872000067,183966.3755200007
16,fixed_manifest,79,2,host_fpga_pcie,HOST_to_FPGA,302592,183966.3755200007,184154.40208000073
18,fixed_manifest,10,1,host_fpga_pcie,FPGA_to_HOST,302592,184001.92496000067,184189.9515200007
18,fixed_manifest,10,2,gpu_host,HOST_to_GPU,302592,184189.9515200007,184224.4283200007
16,fixed_manifest,80,1,host_fpga_pcie,FPGA_to_HOST,302592,184487.14960000073,184611.43760000073
15,fixed_manifest,109,1,gpu_host,GPU_to_HOST,302592,184607.82896000068,184665.17392000064
16,fixed_manifest,80,2,gpu_host,HOST_to_GPU,302592,184611.43760000073,184668.7825600007
15,fixed_manifest,109,2,host_fpga_pcie,HOST_to_FPGA,302592,184665.17392000064,184789.46192000064
15,fixed_manifest,110,1,host_fpga_pcie,FPGA_to_HOST,302592,185122.20944000065,185246.49744000065
15,fixed_manifest,110,2,gpu_host,HOST_to_GPU,302592,185246.49744000065,185280.97424000068
17,fixed_manifest,49,1,gpu_host,GPU_to_HOST,302592,186097.3688000007,186131.8456000007
17,fixed_manifest,49,2,host_fpga_pcie,HOST_to_FPGA,302592,186131.8456000007,186256.1336000007
17,fixed_manifest,50,1,host_fpga_pcie,FPGA_to_HOST,302592,186588.8811200007,186713.1691200007
17,fixed_manifest,50,2,gpu_host,HOST_to_GPU,302592,186713.1691200007,186747.64592000074
18,fixed_manifest,19,1,gpu_host,GPU_to_HOST,302592,187237.5963200007,187272.0731200007
18,fixed_manifest,19,2,host_fpga_pcie,HOST_to_FPGA,302592,187272.0731200007,187396.3611200007
16,fixed_manifest,89,1,gpu_host,GPU_to_HOST,302592,187452.4468800007,187486.92368000073
16,fixed_manifest,89,2,host_fpga_pcie,HOST_to_FPGA,302592,187486.92368000073,187611.21168000074
18,fixed_manifest,20,1,host_fpga_pcie,FPGA_to_HOST,302592,187729.10864000072,187853.39664000072
18,fixed_manifest,20,2,gpu_host,HOST_to_GPU,302592,187853.39664000072,187887.87344000075
16,fixed_manifest,90,1,host_fpga_pcie,FPGA_to_HOST,302592,188061.85616000072,188202.78160000074
15,fixed_manifest,119,1,gpu_host,GPU_to_HOST,302592,188110.0299200007,188144.5067200007
15,fixed_manifest,119,2,host_fpga_pcie,HOST_to_FPGA,302592,188144.5067200007,188285.43216000072
16,fixed_manifest,90,2,gpu_host,HOST_to_GPU,302592,188202.78160000074,188237.25840000078
15,fixed_manifest,120,1,host_fpga_pcie,FPGA_to_HOST,302592,188618.17968000076,188742.46768000076
15,fixed_manifest,120,2,gpu_host,HOST_to_GPU,302592,188742.46768000076,188776.94448000076
17,fixed_manifest,59,1,gpu_host,GPU_to_HOST,302592,188964.1163200007,188998.59312000073
17,fixed_manifest,59,2,host_fpga_pcie,HOST_to_FPGA,302592,188998.59312000073,189122.88112000073
17,fixed_manifest,60,1,host_fpga_pcie,FPGA_to_HOST,302592,189455.62864000074,189579.91664000074
17,fixed_manifest,60,2,gpu_host,HOST_to_GPU,302592,189579.91664000074,189614.39344000074
18,fixed_manifest,29,1,gpu_host,GPU_to_HOST,302592,189821.4587200007,189855.93552000073
18,fixed_manifest,29,2,host_fpga_pcie,HOST_to_FPGA,302592,189855.93552000073,189980.22352000073
18,fixed_manifest,30,1,host_fpga_pcie,FPGA_to_HOST,302592,190312.97104000073,190437.25904000073
18,fixed_manifest,30,2,gpu_host,HOST_to_GPU,302592,190437.25904000073,190471.73584000074
16,fixed_manifest,99,1,gpu_host,GPU_to_HOST,302592,190638.50864000074,190672.98544000075
16,fixed_manifest,99,2,host_fpga_pcie,HOST_to_FPGA,302592,190672.98544000075,190797.27344000075
16,fixed_manifest,100,1,host_fpga_pcie,FPGA_to_HOST,302592,191130.02096000075,191254.30896000075
16,fixed_manifest,100,2,gpu_host,HOST_to_GPU,302592,191254.30896000075,191288.78576000078
17,fixed_manifest,69,1,gpu_host,GPU_to_HOST,302592,192284.07504000072,192318.55184000073
17,fixed_manifest,69,2,host_fpga_pcie,HOST_to_FPGA,302592,192318.55184000073,192442.83984000073
17,fixed_manifest,70,1,host_fpga_pcie,FPGA_to_HOST,302592,192775.58736000076,192899.87536000076
17,fixed_manifest,70,2,gpu_host,HOST_to_GPU,302592,192899.87536000076,192934.35216000077
19,fixed_manifest,9,1,gpu_host,GPU_to_HOST,302592,193286.62320000073,193325.44720000072
18,fixed_manifest,39,1,gpu_host,GPU_to_HOST,302592,193308.75280000074,193347.57680000074
19,fixed_manifest,9,2,host_fpga_pcie,HOST_to_FPGA,302592,193325.44720000072,193526.8936000007
18,fixed_manifest,39,2,host_fpga_pcie,HOST_to_FPGA,302592,193347.57680000074,193549.02320000072
19,fixed_manifest,10,1,host_fpga_pcie,FPGA_to_HOST,302592,193859.64112000074,193983.92912000074
19,fixed_manifest,10,2,gpu_host,HOST_to_GPU,302592,193983.92912000074,194018.40592000075
16,fixed_manifest,109,1,gpu_host,GPU_to_HOST,302592,194122.36240000074,194156.83920000077
16,fixed_manifest,109,2,host_fpga_pcie,HOST_to_FPGA,302592,194156.83920000077,194344.8657600008
18,fixed_manifest,40,1,host_fpga_pcie,FPGA_to_HOST,302592,194192.38864000075,194380.41520000077
18,fixed_manifest,40,2,gpu_host,HOST_to_GPU,302592,194380.41520000077,194414.89200000078
16,fixed_manifest,110,1,host_fpga_pcie,FPGA_to_HOST,302592,194677.6132800008,194801.9012800008
17,fixed_manifest,79,1,gpu_host,GPU_to_HOST,302592,194798.29264000076,194855.63760000071
16,fixed_manifest,110,2,gpu_host,HOST_to_GPU,302592,194801.9012800008,194859.24624000076
17,fixed_manifest,79,2,host_fpga_pcie,HOST_to_FPGA,302592,194855.63760000071,194979.92560000072
17,fixed_manifest,80,1,host_fpga_pcie,FPGA_to_HOST,302592,195312.67312000072,195436.96112000072
17,fixed_manifest,80,2,gpu_host,HOST_to_GPU,302592,195436.96112000072,195471.43792000075
19,fixed_manifest,19,1,gpu_host,GPU_to_HOST,302592,196287.83248000077,196322.30928000077
19,fixed_manifest,19,2,host_fpga_pcie,HOST_to_FPGA,302592,196322.30928000077,196446.59728000077
19,fixed_manifest,20,1,host_fpga_pcie,FPGA_to_HOST,302592,196779.34480000078,196903.63280000078
19,fixed_manifest,20,2,gpu_host,HOST_to_GPU,302592,196903.63280000078,196938.1096000008
18,fixed_manifest,49,1,gpu_host,GPU_to_HOST,302592,197428.06000000075,197462.5368000008
18,fixed_manifest,49,2,host_fpga_pcie,HOST_to_FPGA,302592,197462.5368000008,197586.8248000008
16,fixed_manifest,119,1,gpu_host,GPU_to_HOST,302592,197642.91056000078,197677.38736000078
16,fixed_manifest,119,2,host_fpga_pcie,HOST_to_FPGA,302592,197677.38736000078,197801.67536000078
18,fixed_manifest,50,1,host_fpga_pcie,FPGA_to_HOST,302592,197919.5723200008,198043.8603200008
18,fixed_manifest,50,2,gpu_host,HOST_to_GPU,302592,198043.8603200008,198078.3371200008
16,fixed_manifest,120,1,host_fpga_pcie,FPGA_to_HOST,302592,198252.3198400008,198393.24528000082
17,fixed_manifest,89,1,gpu_host,GPU_to_HOST,302592,198300.49360000077,198334.97040000078
17,fixed_manifest,89,2,host_fpga_pcie,HOST_to_FPGA,302592,198334.97040000078,198475.8958400008
16,fixed_manifest,120,2,gpu_host,HOST_to_GPU,302592,198393.24528000082,198427.72208000085
17,fixed_manifest,90,1,host_fpga_pcie,FPGA_to_HOST,302592,198808.6433600008,198932.9313600008
17,fixed_manifest,90,2,gpu_host,HOST_to_GPU,302592,198932.9313600008,198967.40816000084
19,fixed_manifest,29,1,gpu_host,GPU_to_HOST,302592,199154.58000000077,199189.05680000078
19,fixed_manifest,29,2,host_fpga_pcie,HOST_to_FPGA,302592,199189.05680000078,199313.34480000078
19,fixed_manifest,30,1,host_fpga_pcie,FPGA_to_HOST,302592,199646.0923200008,199770.3803200008
19,fixed_manifest,30,2,gpu_host,HOST_to_GPU,302592,199770.3803200008,199804.85712000082
18,fixed_manifest,59,1,gpu_host,GPU_to_HOST,302592,199845.50864000077,199879.9854400008
18,fixed_manifest,59,2,host_fpga_pcie,HOST_to_FPGA,302592,199879.9854400008,200004.2734400008
18,fixed_manifest,60,1,host_fpga_pcie,FPGA_to_HOST,302592,200337.0209600008,200461.3089600008
18,fixed_manifest,60,2,gpu_host,HOST_to_GPU,302592,200461.3089600008,200495.7857600008
17,fixed_manifest,99,1,gpu_host,GPU_to_HOST,302592,201043.82288000078,201078.29968000078
17,fixed_manifest,99,2,host_fpga_pcie,HOST_to_FPGA,302592,201078.29968000078,201202.58768000078
17,fixed_manifest,100,1,host_fpga_pcie,FPGA_to_HOST,302592,201535.33520000082,201659.62320000082
17,fixed_manifest,100,2,gpu_host,HOST_to_GPU,302592,201659.62320000082,201694.10000000082
19,fixed_manifest,39,1,gpu_host,GPU_to_HOST,302592,202474.5387200008,202509.0155200008
19,fixed_manifest,39,2,host_fpga_pcie,HOST_to_FPGA,302592,202509.0155200008,202633.3035200008
19,fixed_manifest,40,1,host_fpga_pcie,FPGA_to_HOST,302592,202966.0510400008,203090.3390400008
19,fixed_manifest,40,2,gpu_host,HOST_to_GPU,302592,203090.3390400008,203124.81584000084
20,fixed_manifest,9,1,gpu_host,GPU_to_HOST,302592,203302.71312000082,203337.18992000082
20,fixed_manifest,9,2,host_fpga_pcie,HOST_to_FPGA,302592,203337.18992000082,203461.47792000082
18,fixed_manifest,69,1,gpu_host,GPU_to_HOST,302592,203499.2164800008,203533.69328000082
18,fixed_manifest,69,2,host_fpga_pcie,HOST_to_FPGA,302592,203533.69328000082,203657.98128000082
20,fixed_manifest,10,1,host_fpga_pcie,FPGA_to_HOST,302592,203794.22544000082,203918.51344000082
20,fixed_manifest,10,2,gpu_host,HOST_to_GPU,302592,203918.51344000082,203952.99024000086
18,fixed_manifest,70,1,host_fpga_pcie,FPGA_to_HOST,302592,204126.97296000086,204251.26096000086
18,fixed_manifest,70,2,gpu_host,HOST_to_GPU,302592,204251.26096000086,204285.73776000086
17,fixed_manifest,109,1,gpu_host,GPU_to_HOST,302592,204331.1732800008,204365.6500800008
17,fixed_manifest,109,2,host_fpga_pcie,HOST_to_FPGA,302592,204365.6500800008,204489.9380800008
17,fixed_manifest,110,1,host_fpga_pcie,FPGA_to_HOST,302592,204822.68560000084,204946.97360000084
17,fixed_manifest,110,2,gpu_host,HOST_to_GPU,302592,204946.97360000084,204981.45040000085
19,fixed_manifest,49,1,gpu_host,GPU_to_HOST,302592,205646.33936000083,205680.81616000083
19,fixed_manifest,49,2,host_fpga_pcie,HOST_to_FPGA,302592,205680.81616000083,205805.10416000083
19,fixed_manifest,50,1,host_fpga_pcie,FPGA_to_HOST,302592,206137.85168000084,206262.13968000084
19,fixed_manifest,50,2,gpu_host,HOST_to_GPU,302592,206262.13968000084,206296.61648000087
20,fixed_manifest,19,1,gpu_host,GPU_to_HOST,302592,206612.19312000085,206646.66992000086
20,fixed_manifest,19,2,host_fpga_pcie,HOST_to_FPGA,302592,206646.66992000086,206770.95792000086
18,fixed_manifest,79,1,gpu_host,GPU_to_HOST,302592,207001.41744000083,207035.89424000084
18,fixed_manifest,79,2,host_fpga_pcie,HOST_to_FPGA,302592,207035.89424000084,207191.65904000084
20,fixed_manifest,20,1,host_fpga_pcie,FPGA_to_HOST,302592,207103.70544000086,207259.47024000087
20,fixed_manifest,20,2,gpu_host,HOST_to_GPU,302592,207259.47024000087,207293.94704000087
18,fixed_manifest,80,1,host_fpga_pcie,FPGA_to_HOST,302592,207524.40656000085,207648.69456000085
18,fixed_manifest,80,2,gpu_host,HOST_to_GPU,302592,207648.69456000085,207699.34224000087
17,fixed_manifest,119,1,gpu_host,GPU_to_HOST,302592,207659.00048000083,207709.64816000086
17,fixed_manifest,119,2,host_fpga_pcie,HOST_to_FPGA,302592,207709.64816000086,207833.93616000086
17,fixed_manifest,120,1,host_fpga_pcie,FPGA_to_HOST,302592,208166.68368000086,208290.97168000086
17,fixed_manifest,120,2,gpu_host,HOST_to_GPU,302592,208290.97168000086,208325.44848000086
19,fixed_manifest,59,1,gpu_host,GPU_to_HOST,302592,208513.08688000083,208547.56368000087
19,fixed_manifest,59,2,host_fpga_pcie,HOST_to_FPGA,302592,208547.56368000087,208671.85168000087
19,fixed_manifest,60,1,host_fpga_pcie,FPGA_to_HOST,302592,209004.59920000087,209128.88720000087
19,fixed_manifest,60,2,gpu_host,HOST_to_GPU,302592,209128.88720000087,209163.36400000087
20,fixed_manifest,29,1,gpu_host,GPU_to_HOST,302592,209370.42928000083,209404.90608000083
20,fixed_manifest,29,2,host_fpga_pcie,HOST_to_FPGA,302592,209404.90608000083,209529.19408000083
20,fixed_manifest,30,1,host_fpga_pcie,FPGA_to_HOST,302592,209861.94160000086,209986.22960000086
20,fixed_manifest,30,2,gpu_host,HOST_to_GPU,302592,209986.22960000086,210020.70640000087
18,fixed_manifest,89,1,gpu_host,GPU_to_HOST,302592,210035.97232000084,210070.44912000085
18,fixed_manifest,89,2,host_fpga_pcie,HOST_to_FPGA,302592,210070.44912000085,210194.73712000085
18,fixed_manifest,90,1,host_fpga_pcie,FPGA_to_HOST,302592,210527.48464000088,210651.77264000088
18,fixed_manifest,90,2,gpu_host,HOST_to_GPU,302592,210651.77264000088,210686.2494400009
19,fixed_manifest,69,1,gpu_host,GPU_to_HOST,302592,211502.64528000087,211537.1220800009
19,fixed_manifest,69,2,host_fpga_pcie,HOST_to_FPGA,302592,211537.1220800009,211661.41008000087
19,fixed_manifest,70,1,host_fpga_pcie,FPGA_to_HOST,302592,211994.1576000009,212118.4456000009
19,fixed_manifest,70,2,gpu_host,HOST_to_GPU,302592,212118.4456000009,212152.9224000009
20,fixed_manifest,39,1,gpu_host,GPU_to_HOST,302592,212835.59376000086,212870.07056000087
20,fixed_manifest,39,2,host_fpga_pcie,HOST_to_FPGA,302592,212870.07056000087,213049.38736000087
21,fixed_manifest,9,1,gpu_host,GPU_to_HOST,302592,212879.85296000086,212914.3297600009
21,fixed_manifest,9,2,host_fpga_pcie,HOST_to_FPGA,302592,212914.3297600009,213093.64656000087
20,fixed_manifest,40,1,host_fpga_pcie,FPGA_to_HOST,302592,213382.13488000087,213506.42288000087
20,fixed_manifest,40,2,gpu_host,HOST_to_GPU,302592,213506.42288000087,213540.8996800009
18,fixed_manifest,99,1,gpu_host,GPU_to_HOST,302592,213671.33296000087,213705.8097600009
18,fixed_manifest,99,2,host_fpga_pcie,HOST_to_FPGA,302592,213705.8097600009,213920.3131200009
21,fixed_manifest,10,1,host_fpga_pcie,FPGA_to_HOST,302592,213714.88240000088,213929.3857600009
21,fixed_manifest,10,2,gpu_host,HOST_to_GPU,302592,213929.3857600009,213963.8625600009
18,fixed_manifest,100,1,host_fpga_pcie,FPGA_to_HOST,302592,214253.0606400009,214377.3486400009
19,fixed_manifest,79,1,gpu_host,GPU_to_HOST,302592,214347.2632000009,214381.7400000009
18,fixed_manifest,100,2,gpu_host,HOST_to_GPU,302592,214377.3486400009,214411.82544000092
19,fixed_manifest,79,2,host_fpga_pcie,HOST_to_FPGA,302592,214381.7400000009,214506.0280000009
19,fixed_manifest,80,1,host_fpga_pcie,FPGA_to_HOST,302592,214838.77552000093,214963.06352000093
19,fixed_manifest,80,2,gpu_host,HOST_to_GPU,302592,214963.06352000093,214997.54032000093
20,fixed_manifest,49,1,gpu_host,GPU_to_HOST,302592,215836.80304000087,215871.2798400009
20,fixed_manifest,49,2,host_fpga_pcie,HOST_to_FPGA,302592,215871.2798400009,215995.5678400009
20,fixed_manifest,50,1,host_fpga_pcie,FPGA_to_HOST,302592,216328.3153600009,216452.6033600009
20,fixed_manifest,50,2,gpu_host,HOST_to_GPU,302592,216452.6033600009,216487.0801600009
21,fixed_manifest,19,1,gpu_host,GPU_to_HOST,302592,216977.0305600009,217011.50736000092
21,fixed_manifest,19,2,host_fpga_pcie,HOST_to_FPGA,302592,217011.50736000092,217135.79536000092
18,fixed_manifest,109,1,gpu_host,GPU_to_HOST,302592,217191.8811200009,217226.3579200009
18,fixed_manifest,109,2,host_fpga_pcie,HOST_to_FPGA,302592,217226.3579200009,217350.6459200009
21,fixed_manifest,20,1,host_fpga_pcie,FPGA_to_HOST,302592,217468.54288000092,217592.83088000093
21,fixed_manifest,20,2,gpu_host,HOST_to_GPU,302592,217592.83088000093,217627.30768000093
18,fixed_manifest,110,1,host_fpga_pcie,FPGA_to_HOST,302592,217801.29040000093,217942.21584000095
19,fixed_manifest,89,1,gpu_host,GPU_to_HOST,302592,217849.4641600009,217883.9409600009
19,fixed_manifest,89,2,host_fpga_pcie,HOST_to_FPGA,302592,217883.9409600009,218024.86640000093
18,fixed_manifest,110,2,gpu_host,HOST_to_GPU,302592,217942.21584000095,217976.69264000095
19,fixed_manifest,90,1,host_fpga_pcie,FPGA_to_HOST,302592,218357.61392000093,218481.90192000094
19,fixed_manifest,90,2,gpu_host,HOST_to_GPU,302592,218481.90192000094,218516.37872000097
20,fixed_manifest,59,1,gpu_host,GPU_to_HOST,302592,218703.5505600009,218738.0273600009
20,fixed_manifest,59,2,host_fpga_pcie,HOST_to_FPGA,302592,218738.0273600009,218862.3153600009
20,fixed_manifest,60,1,host_fpga_pcie,FPGA_to_HOST,302592,219195.06288000094,219319.35088000094
20,fixed_manifest,60,2,gpu_host,HOST_to_GPU,302592,219319.35088000094,219353.82768000095
21,fixed_manifest,29,1,gpu_host,GPU_to_HOST,302592,219996.58704000092,220031.06384000092
21,fixed_manifest,29,2,host_fpga_pcie,HOST_to_FPGA,302592,220031.06384000092,220155.35184000092
21,fixed_manifest,30,1,host_fpga_pcie,FPGA_to_HOST,302592,220488.09936000092,220612.38736000092
21,fixed_manifest,30,2,gpu_host,HOST_to_GPU,302592,220612.38736000092,220646.86416000096
18,fixed_manifest,119,1,gpu_host,GPU_to_HOST,302592,221132.29488000093,221166.77168000097
18,fixed_manifest,119,2,host_fpga_pcie,HOST_to_FPGA,302592,221166.77168000097,221291.05968000097
19,fixed_manifest,99,1,gpu_host,GPU_to_HOST,302592,221391.40464000092,221425.88144000096
19,fixed_manifest,99,2,host_fpga_pcie,HOST_to_FPGA,302592,221425.88144000096,221550.16944000093
18,fixed_manifest,120,1,host_fpga_pcie,FPGA_to_HOST,302592,221623.80720000097,221748.09520000097
18,fixed_manifest,120,2,gpu_host,HOST_to_GPU,302592,221748.09520000097,221782.57200000098
19,fixed_manifest,100,1,host_fpga_pcie,FPGA_to_HOST,302592,221956.55472000098,222080.84272000098
19,fixed_manifest,100,2,gpu_host,HOST_to_GPU,302592,222080.84272000098,222115.31952000098
20,fixed_manifest,69,1,gpu_host,GPU_to_HOST,302592,222818.33808000092,222852.81488000095
20,fixed_manifest,69,2,host_fpga_pcie,HOST_to_FPGA,302592,222852.81488000095,222977.10288000095
20,fixed_manifest,70,1,host_fpga_pcie,FPGA_to_HOST,302592,223309.85040000096,223434.13840000096
20,fixed_manifest,70,2,gpu_host,HOST_to_GPU,302592,223434.13840000096,223468.61520000096
22,fixed_manifest,9,1,gpu_host,GPU_to_HOST,302592,223683.64048000093,223718.11728000097
22,fixed_manifest,9,2,host_fpga_pcie,HOST_to_FPGA,302592,223718.11728000097,223842.40528000097
21,fixed_manifest,39,1,gpu_host,GPU_to_HOST,302592,223880.14384000094,223914.62064000094
21,fixed_manifest,39,2,host_fpga_pcie,HOST_to_FPGA,302592,223914.62064000094,224038.90864000094
22,fixed_manifest,10,1,host_fpga_pcie,FPGA_to_HOST,302592,224175.15280000097,224299.44080000097
22,fixed_manifest,10,2,gpu_host,HOST_to_GPU,302592,224299.44080000097,224333.91760000098
21,fixed_manifest,40,1,host_fpga_pcie,FPGA_to_HOST,302592,224507.90032000098,224632.18832000098
21,fixed_manifest,40,2,gpu_host,HOST_to_GPU,302592,224632.18832000098,224666.665120001
19,fixed_manifest,109,1,gpu_host,GPU_to_HOST,302592,224712.10064000095,224746.57744000095
19,fixed_manifest,109,2,host_fpga_pcie,HOST_to_FPGA,302592,224746.57744000095,224870.86544000095
19,fixed_manifest,110,1,host_fpga_pcie,FPGA_to_HOST,302592,225203.61296000096,225327.90096000096
19,fixed_manifest,110,2,gpu_host,HOST_to_GPU,302592,225327.90096000096,225362.377760001
20,fixed_manifest,79,1,gpu_host,GPU_to_HOST,302592,226027.26672000095,226061.74352000098
20,fixed_manifest,79,2,host_fpga_pcie,HOST_to_FPGA,302592,226061.74352000098,226186.03152000098
20,fixed_manifest,80,1,host_fpga_pcie,FPGA_to_HOST,302592,226518.77904000098,226643.06704000098
20,fixed_manifest,80,2,gpu_host,HOST_to_GPU,302592,226643.06704000098,226677.543840001
22,fixed_manifest,19,1,gpu_host,GPU_to_HOST,302592,226993.12048000097,227027.597280001
22,fixed_manifest,19,2,host_fpga_pcie,HOST_to_FPGA,302592,227027.597280001,227151.885280001
21,fixed_manifest,49,1,gpu_host,GPU_to_HOST,302592,227382.34480000098,227416.82160000099
21,fixed_manifest,49,2,host_fpga_pcie,HOST_to_FPGA,302592,227416.82160000099,227572.58640000096
22,fixed_manifest,20,1,host_fpga_pcie,FPGA_to_HOST,302592,227484.632800001,227640.397600001
22,fixed_manifest,20,2,gpu_host,HOST_to_GPU,302592,227640.397600001,227674.874400001
21,fixed_manifest,50,1,host_fpga_pcie,FPGA_to_HOST,302592,227905.333920001,228029.62192000097
21,fixed_manifest,50,2,gpu_host,HOST_to_GPU,302592,228029.62192000097,228080.269600001
19,fixed_manifest,119,1,gpu_host,GPU_to_HOST,302592,228039.92784000095,228090.57552000097
19,fixed_manifest,119,2,host_fpga_pcie,HOST_to_FPGA,302592,228090.57552000097,228214.86352000097
19,fixed_manifest,120,1,host_fpga_pcie,FPGA_to_HOST,302592,228547.61104000098,228671.89904000098
19,fixed_manifest,120,2,gpu_host,HOST_to_GPU,302592,228671.89904000098,228706.375840001
20,fixed_manifest,89,1,gpu_host,GPU_to_HOST,302592,228894.01424000098,228928.49104000098
20,fixed_manifest,89,2,host_fpga_pcie,HOST_to_FPGA,302592,228928.49104000098,229052.77904000098
20,fixed_manifest,90,1,host_fpga_pcie,FPGA_to_HOST,302592,229385.526560001,229509.814560001
20,fixed_manifest,90,2,gpu_host,HOST_to_GPU,302592,229509.814560001,229544.29136000102
22,fixed_manifest,29,1,gpu_host,GPU_to_HOST,302592,229751.35664000097,229785.83344000098
22,fixed_manifest,29,2,host_fpga_pcie,HOST_to_FPGA,302592,229785.83344000098,229910.12144000098
22,fixed_manifest,30,1,host_fpga_pcie,FPGA_to_HOST,302592,230242.86896000098,230367.15696000098
22,fixed_manifest,30,2,gpu_host,HOST_to_GPU,302592,230367.15696000098,230401.63376000102
21,fixed_manifest,59,1,gpu_host,GPU_to_HOST,302592,230416.899680001,230451.376480001
21,fixed_manifest,59,2,host_fpga_pcie,HOST_to_FPGA,302592,230451.376480001,230575.664480001
21,fixed_manifest,60,1,host_fpga_pcie,FPGA_to_HOST,302592,230908.412000001,231032.700000001
21,fixed_manifest,60,2,gpu_host,HOST_to_GPU,302592,231032.700000001,231067.17680000103
20,fixed_manifest,99,1,gpu_host,GPU_to_HOST,302592,231883.57264000102,231918.04944000102
20,fixed_manifest,99,2,host_fpga_pcie,HOST_to_FPGA,302592,231918.04944000102,232042.33744000102
20,fixed_manifest,100,1,host_fpga_pcie,FPGA_to_HOST,302592,232375.08496000103,232499.37296000103
20,fixed_manifest,100,2,gpu_host,HOST_to_GPU,302592,232499.37296000103,232533.84976000106
22,fixed_manifest,39,1,gpu_host,GPU_to_HOST,302592,233216.52112000098,233250.997920001
22,fixed_manifest,39,2,host_fpga_pcie,HOST_to_FPGA,302592,233250.997920001,233430.314720001
23,fixed_manifest,9,1,gpu_host,GPU_to_HOST,302592,233260.780320001,233295.257120001
23,fixed_manifest,9,2,host_fpga_pcie,HOST_to_FPGA,302592,233295.257120001,233474.573920001
22,fixed_manifest,40,1,host_fpga_pcie,FPGA_to_HOST,302592,233763.06224000102,233887.35024000102
22,fixed_manifest,40,2,gpu_host,HOST_to_GPU,302592,233887.35024000102,233921.82704000102
21,fixed_manifest,69,1,gpu_host,GPU_to_HOST,302592,234052.26032000102,234086.73712000102
21,fixed_manifest,69,2,host_fpga_pcie,HOST_to_FPGA,302592,234086.73712000102,234301.24048000103
23,fixed_manifest,10,1,host_fpga_pcie,FPGA_to_HOST,302592,234095.80976000102,234310.31312000102
23,fixed_manifest,10,2,gpu_host,HOST_to_GPU,302592,234310.31312000102,234344.78992000106
21,fixed_manifest,70,1,host_fpga_pcie,FPGA_to_HOST,302592,234633.98800000103,234758.27600000103
20,fixed_manifest,109,1,gpu_host,GPU_to_HOST,302592,234728.190560001,234762.66736000104
21,fixed_manifest,70,2,gpu_host,HOST_to_GPU,302592,234758.27600000103,234792.75280000106
20,fixed_manifest,109,2,host_fpga_pcie,HOST_to_FPGA,302592,234762.66736000104,234886.95536000104
20,fixed_manifest,110,1,host_fpga_pcie,FPGA_to_HOST,302592,235219.70288000104,235343.99088000105
20,fixed_manifest,110,2,gpu_host,HOST_to_GPU,302592,235343.99088000105,235378.46768000105
22,fixed_manifest,49,1,gpu_host,GPU_to_HOST,302592,236217.73040000102,236252.20720000102
22,fixed_manifest,49,2,host_fpga_pcie,HOST_to_FPGA,302592,236252.20720000102,236376.49520000102
22,fixed_manifest,50,1,host_fpga_pcie,FPGA_to_HOST,302592,236709.24272000106,236833.53072000106
22,fixed_manifest,50,2,gpu_host,HOST_to_GPU,302592,236833.53072000106,236868.00752000106
23,fixed_manifest,19,1,gpu_host,GPU_to_HOST,302592,237357.95792000103,237392.43472000104
23,fixed_manifest,19,2,host_fpga_pcie,HOST_to_FPGA,302592,237392.43472000104,237516.72272000104
21,fixed_manifest,79,1,gpu_host,GPU_to_HOST,302592,237572.80848000103,237607.28528000106
21,fixed_manifest,79,2,host_fpga_pcie,HOST_to_FPGA,302592,237607.28528000106,237731.57328000106
23,fixed_manifest,20,1,host_fpga_pcie,FPGA_to_HOST,302592,237849.47024000104,237973.75824000104
23,fixed_manifest,20,2,gpu_host,HOST_to_GPU,302592,237973.75824000104,238008.23504000108
21,fixed_manifest,80,1,host_fpga_pcie,FPGA_to_HOST,302592,238182.21776000108,238323.1432000011
20,fixed_manifest,119,1,gpu_host,GPU_to_HOST,302592,238230.39152000102,238264.86832000106
20,fixed_manifest,119,2,host_fpga_pcie,HOST_to_FPGA,302592,238264.86832000106,238405.79376000108
21,fixed_manifest,80,2,gpu_host,HOST_to_GPU,302592,238323.1432000011,238357.6200000011
20,fixed_manifest,120,1,host_fpga_pcie,FPGA_to_HOST,302592,238738.54128000108,238862.82928000108
20,fixed_manifest,120,2,gpu_host,HOST_to_GPU,302592,238862.82928000108,238897.3060800011
22,fixed_manifest,59,1,gpu_host,GPU_to_HOST,302592,239084.47792000102,239118.95472000106
22,fixed_manifest,59,2,host_fpga_pcie,HOST_to_FPGA,302592,239118.95472000106,239243.24272000106
22,fixed_manifest,60,1,host_fpga_pcie,FPGA_to_HOST,302592,239575.99024000106,239700.27824000106
22,fixed_manifest,60,2,gpu_host,HOST_to_GPU,302592,239700.27824000106,239734.75504000107
23,fixed_manifest,29,1,gpu_host,GPU_to_HOST,302592,239941.82032000102,239976.29712000105
23,fixed_manifest,29,2,host_fpga_pcie,HOST_to_FPGA,302592,239976.29712000105,240100.58512000105
23,fixed_manifest,30,1,host_fpga_pcie,FPGA_to_HOST,302592,240433.33264000106,240557.62064000106
23,fixed_manifest,30,2,gpu_host,HOST_to_GPU,302592,240557.62064000106,240592.09744000106
21,fixed_manifest,89,1,gpu_host,GPU_to_HOST,302592,240777.21744000106,240811.69424000106
21,fixed_manifest,89,2,host_fpga_pcie,HOST_to_FPGA,302592,240811.69424000106,240935.98224000106
21,fixed_manifest,90,1,host_fpga_pcie,FPGA_to_HOST,302592,241268.72976000106,241393.01776000106
21,fixed_manifest,90,2,gpu_host,HOST_to_GPU,302592,241393.01776000106,241427.4945600011
22,fixed_manifest,69,1,gpu_host,GPU_to_HOST,302592,242404.43664000105,242438.91344000108
22,fixed_manifest,69,2,host_fpga_pcie,HOST_to_FPGA,302592,242438.91344000108,242563.20144000108
22,fixed_manifest,70,1,host_fpga_pcie,FPGA_to_HOST,302592,242895.9489600011,243020.2369600011
22,fixed_manifest,70,2,gpu_host,HOST_to_GPU,302592,243020.2369600011,243054.7137600011
24,fixed_manifest,9,1,gpu_host,GPU_to_HOST,302592,243406.98480000105,243445.80880000105
23,fixed_manifest,39,1,gpu_host,GPU_to_HOST,302592,243429.11440000107,243467.93840000106
24,fixed_manifest,9,2,host_fpga_pcie,HOST_to_FPGA,302592,243445.80880000105,243647.25520000106
23,fixed_manifest,39,2,host_fpga_pcie,HOST_to_FPGA,302592,243467.93840000106,243669.38480000105
24,fixed_manifest,10,1,host_fpga_pcie,FPGA_to_HOST,302592,243980.00272000107,244104.29072000107
24,fixed_manifest,10,2,gpu_host,HOST_to_GPU,302592,244104.29072000107,244138.76752000107
21,fixed_manifest,99,1,gpu_host,GPU_to_HOST,302592,244242.72400000106,244277.2008000011
21,fixed_manifest,99,2,host_fpga_pcie,HOST_to_FPGA,302592,244277.2008000011,244465.22736000112
23,fixed_manifest,40,1,host_fpga_pcie,FPGA_to_HOST,302592,244312.75024000107,244500.7768000011
23,fixed_manifest,40,2,gpu_host,HOST_to_GPU,302592,244500.7768000011,244535.2536000011
21,fixed_manifest,100,1,host_fpga_pcie,FPGA_to_HOST,302592,244797.97488000113,244922.26288000113
22,fixed_manifest,79,1,gpu_host,GPU_to_HOST,302592,244918.65424000108,244975.99920000104
21,fixed_manifest,100,2,gpu_host,HOST_to_GPU,302592,244922.26288000113,244979.6078400011
22,fixed_manifest,79,2,host_fpga_pcie,HOST_to_FPGA,302592,244975.99920000104,245100.28720000104
22,fixed_manifest,80,1,host_fpga_pcie,FPGA_to_HOST,302592,245433.03472000104,245557.32272000104
22,fixed_manifest,80,2,gpu_host,HOST_to_GPU,302592,245557.32272000104,245591.79952000108
24,fixed_manifest,19,1,gpu_host,GPU_to_HOST,302592,246408.1940800011,246442.6708800011
24,fixed_manifest,19,2,host_fpga_pcie,HOST_to_FPGA,302592,246442.6708800011,246566.9588800011
24,fixed_manifest,20,1,host_fpga_pcie,FPGA_to_HOST,302592,246899.7064000011,247023.9944000011
24,fixed_manifest,20,2,gpu_host,HOST_to_GPU,302592,247023.9944000011,247058.47120000114
23,fixed_manifest,49,1,gpu_host,GPU_to_HOST,302592,247548.4216000011,247582.8984000011
23,fixed_manifest,49,2,host_fpga_pcie,HOST_to_FPGA,302592,247582.8984000011,247707.1864000011
21,fixed_manifest,109,1,gpu_host,GPU_to_HOST,302592,247763.2721600011,247797.74896000113
21,fixed_manifest,109,2,host_fpga_pcie,HOST_to_FPGA,302592,247797.74896000113,247922.03696000113
23,fixed_manifest,50,1,host_fpga_pcie,FPGA_to_HOST,302592,248039.93392000112,248164.22192000112
23,fixed_manifest,50,2,gpu_host,HOST_to_GPU,302592,248164.22192000112,248198.69872000115
21,fixed_manifest,110,1,host_fpga_pcie,FPGA_to_HOST,302592,248372.68144000112,248513.60688000114
22,fixed_manifest,89,1,gpu_host,GPU_to_HOST,302592,248420.8552000011,248455.3320000011
22,fixed_manifest,89,2,host_fpga_pcie,HOST_to_FPGA,302592,248455.3320000011,248596.25744000112
21,fixed_manifest,110,2,gpu_host,HOST_to_GPU,302592,248513.60688000114,248548.08368000117
22,fixed_manifest,90,1,host_fpga_pcie,FPGA_to_HOST,302592,248929.00496000116,249053.29296000116
22,fixed_manifest,90,2,gpu_host,HOST_to_GPU,302592,249053.29296000116,249087.76976000116
24,fixed_manifest,29,1,gpu_host,GPU_to_HOST,302592,249274.9416000011,249309.41840000113
24,fixed_manifest,29,2,host_fpga_pcie,HOST_to_FPGA,302592,249309.41840000113,249433.70640000113
24,fixed_manifest,30,1,host_fpga_pcie,FPGA_to_HOST,302592,249766.45392000113,249890.74192000114
24,fixed_manifest,30,2,gpu_host,HOST_to_GPU,302592,249890.74192000114,249925.21872000114
23,fixed_manifest,59,1,gpu_host,GPU_to_HOST,302592,250567.97808000108,250602.4548800011
23,fixed_manifest,59,2,host_fpga_pcie,HOST_to_FPGA,302592,250602.4548800011,250726.74288000108
23,fixed_manifest,60,1,host_fpga_pcie,FPGA_to_HOST,302592,251059.4904000011,251183.77840000106
23,fixed_manifest,60,2,gpu_host,HOST_to_GPU,302592,251183.77840000106,251218.25520000106
21,fixed_manifest,119,1,gpu_host,GPU_to_HOST,302592,251725.81552000096,251760.29232000097
21,fixed_manifest,119,2,host_fpga_pcie,HOST_to_FPGA,302592,251760.29232000097,251884.58032000094
21,fixed_manifest,120,1,host_fpga_pcie,FPGA_to_HOST,302592,252217.32784000094,252341.61584000092
21,fixed_manifest,120,2,gpu_host,HOST_to_GPU,302592,252341.61584000092,252376.09264000095
22,fixed_manifest,99,1,gpu_host,GPU_to_HOST,302592,252405.5281600009,252440.0049600009
22,fixed_manifest,99,2,host_fpga_pcie,HOST_to_FPGA,302592,252440.0049600009,252564.2929600009
22,fixed_manifest,100,1,host_fpga_pcie,FPGA_to_HOST,302592,252897.0404800009,253021.32848000087
22,fixed_manifest,100,2,gpu_host,HOST_to_GPU,302592,253021.32848000087,253055.80528000087
24,fixed_manifest,39,1,gpu_host,GPU_to_HOST,302592,253564.1028800008,253598.5796800008
24,fixed_manifest,39,2,host_fpga_pcie,HOST_to_FPGA,302592,253598.5796800008,253722.8676800008
25,fixed_manifest,9,1,gpu_host,GPU_to_HOST,302592,253785.99184000073,253820.46864000073
25,fixed_manifest,9,2,host_fpga_pcie,HOST_to_FPGA,302592,253820.46864000073,253944.7566400007
24,fixed_manifest,40,1,host_fpga_pcie,FPGA_to_HOST,302592,254055.61520000082,254179.9032000008
24,fixed_manifest,40,2,gpu_host,HOST_to_GPU,302592,254179.9032000008,254214.3800000008
25,fixed_manifest,10,1,host_fpga_pcie,FPGA_to_HOST,302592,254388.36272000082,254514.28976000095
23,fixed_manifest,69,1,gpu_host,GPU_to_HOST,302592,254451.53488000066,254486.01168000067
23,fixed_manifest,69,2,host_fpga_pcie,HOST_to_FPGA,302592,254486.01168000067,254611.93872000082
25,fixed_manifest,10,2,gpu_host,HOST_to_GPU,302592,254514.28976000095,254548.76656000098
23,fixed_manifest,70,1,host_fpga_pcie,FPGA_to_HOST,302592,254944.68624000082,255068.9742400008
23,fixed_manifest,70,2,gpu_host,HOST_to_GPU,302592,255068.9742400008,255103.45104000083
22,fixed_manifest,109,1,gpu_host,GPU_to_HOST,302592,255323.96848000056,255358.44528000057
22,fixed_manifest,109,2,host_fpga_pcie,HOST_to_FPGA,302592,255358.44528000057,255482.73328000054
22,fixed_manifest,110,1,host_fpga_pcie,FPGA_to_HOST,302592,255815.48080000054,255939.76880000051
22,fixed_manifest,110,2,gpu_host,HOST_to_GPU,302592,255939.76880000051,255974.24560000055
24,fixed_manifest,49,1,gpu_host,GPU_to_HOST,302592,256580.31056000048,256614.78736000048
24,fixed_manifest,49,2,host_fpga_pcie,HOST_to_FPGA,302592,256614.78736000048,256739.07536000045
24,fixed_manifest,50,1,host_fpga_pcie,FPGA_to_HOST,302592,257071.82288000046,257196.11088000043
24,fixed_manifest,50,2,gpu_host,HOST_to_GPU,302592,257196.11088000043,257230.58768000046
25,fixed_manifest,19,1,gpu_host,GPU_to_HOST,302592,257564.51152000038,257598.98832000038
25,fixed_manifest,19,2,host_fpga_pcie,HOST_to_FPGA,302592,257598.98832000038,257723.27632000035
23,fixed_manifest,79,1,gpu_host,GPU_to_HOST,302592,257779.36208000034,257813.83888000037
23,fixed_manifest,79,2,host_fpga_pcie,HOST_to_FPGA,302592,257813.83888000037,257938.12688000035
25,fixed_manifest,20,1,host_fpga_pcie,FPGA_to_HOST,302592,258056.02384000036,258180.31184000033
25,fixed_manifest,20,2,gpu_host,HOST_to_GPU,302592,258180.31184000033,258214.78864000036
23,fixed_manifest,80,1,host_fpga_pcie,FPGA_to_HOST,302592,258388.7713600004,258513.05936000036
23,fixed_manifest,80,2,gpu_host,HOST_to_GPU,302592,258513.05936000036,258547.53616000037
22,fixed_manifest,119,1,gpu_host,GPU_to_HOST,302592,258611.31888000027,258645.7956800003
22,fixed_manifest,119,2,host_fpga_pcie,HOST_to_FPGA,302592,258645.7956800003,258770.08368000027
22,fixed_manifest,120,1,host_fpga_pcie,FPGA_to_HOST,302592,259102.83120000028,259227.11920000025
22,fixed_manifest,120,2,gpu_host,HOST_to_GPU,302592,259227.11920000025,259261.59600000025
24,fixed_manifest,59,1,gpu_host,GPU_to_HOST,302592,259926.48496000015,259960.96176000015
24,fixed_manifest,59,2,host_fpga_pcie,HOST_to_FPGA,302592,259960.96176000015,260085.24976000012
24,fixed_manifest,60,1,host_fpga_pcie,FPGA_to_HOST,302592,260417.99728000016,260542.28528000013
24,fixed_manifest,60,2,gpu_host,HOST_to_GPU,302592,260542.28528000013,260576.76208000013
25,fixed_manifest,29,1,gpu_host,GPU_to_HOST,302592,260626.49872000003,260660.97552000007
25,fixed_manifest,29,2,host_fpga_pcie,HOST_to_FPGA,302592,260660.97552000007,260785.26352000004
23,fixed_manifest,89,1,gpu_host,GPU_to_HOST,302592,260737.54191999993,260772.01871999993
23,fixed_manifest,89,2,host_fpga_pcie,HOST_to_FPGA,302592,260772.01871999993,260896.3067199999
25,fixed_manifest,30,1,host_fpga_pcie,FPGA_to_HOST,302592,261118.01104000004,261242.29904
25,fixed_manifest,30,2,gpu_host,HOST_to_GPU,302592,261242.29904,261276.77584000002
23,fixed_manifest,90,1,host_fpga_pcie,FPGA_to_HOST,302592,261450.75856000005,261575.04656000002
23,fixed_manifest,90,2,gpu_host,HOST_to_GPU,302592,261575.04656000002,261609.52336000005
26,fixed_manifest,9,1,gpu_host,GPU_to_HOST,302592,263264.79087999975,263299.26767999976
26,fixed_manifest,9,2,host_fpga_pcie,HOST_to_FPGA,302592,263299.26767999976,263423.55567999976
24,fixed_manifest,69,1,gpu_host,GPU_to_HOST,302592,263598.9735999998,263633.4503999998
24,fixed_manifest,69,2,host_fpga_pcie,HOST_to_FPGA,302592,263633.4503999998,263757.7383999998
26,fixed_manifest,10,1,host_fpga_pcie,FPGA_to_HOST,302592,263756.3031999998,263880.59119999973
26,fixed_manifest,10,2,gpu_host,HOST_to_GPU,302592,263880.59119999973,263915.06799999974
25,fixed_manifest,39,1,gpu_host,GPU_to_HOST,302592,263980.6331199997,264015.1099199997
25,fixed_manifest,39,2,host_fpga_pcie,HOST_to_FPGA,302592,264015.1099199997,264169.98351999954
23,fixed_manifest,99,1,gpu_host,GPU_to_HOST,302592,264090.4859199998,264124.9627199998
24,fixed_manifest,70,1,host_fpga_pcie,FPGA_to_HOST,302592,264090.4859199998,264320.7355199997
23,fixed_manifest,99,2,host_fpga_pcie,HOST_to_FPGA,302592,264124.9627199998,264337.97391999967
24,fixed_manifest,70,2,gpu_host,HOST_to_GPU,302592,264320.7355199997,264355.2123199997
25,fixed_manifest,40,1,host_fpga_pcie,FPGA_to_HOST,302592,264502.7310399996,264627.0190399995
25,fixed_manifest,40,2,gpu_host,HOST_to_GPU,302592,264627.0190399995,264661.4958399995
23,fixed_manifest,100,1,host_fpga_pcie,FPGA_to_HOST,302592,264835.47855999955,264959.76655999955
23,fixed_manifest,100,2,gpu_host,HOST_to_GPU,302592,264959.76655999955,264994.24335999956
26,fixed_manifest,19,1,gpu_host,GPU_to_HOST,302592,265514.43215999956,265548.90895999956
26,fixed_manifest,19,2,host_fpga_pcie,HOST_to_FPGA,302592,265548.90895999956,265673.1969599995
26,fixed_manifest,20,1,host_fpga_pcie,FPGA_to_HOST,302592,266005.94447999954,266130.2324799995
26,fixed_manifest,20,2,gpu_host,HOST_to_GPU,302592,266130.2324799995,266164.70927999954
24,fixed_manifest,79,1,gpu_host,GPU_to_HOST,302592,267097.39215999946,267131.86895999947
24,fixed_manifest,79,2,host_fpga_pcie,HOST_to_FPGA,302592,267131.86895999947,267256.1569599994
24,fixed_manifest,80,1,host_fpga_pcie,FPGA_to_HOST,302592,267588.90447999944,267713.19247999944
24,fixed_manifest,80,2,gpu_host,HOST_to_GPU,302592,267713.19247999944,267747.66927999945
25,fixed_manifest,49,1,gpu_host,GPU_to_HOST,302592,267754.97519999935,267789.45199999935
25,fixed_manifest,49,2,host_fpga_pcie,HOST_to_FPGA,302592,267789.45199999935,267913.73999999935
23,fixed_manifest,109,1,gpu_host,GPU_to_HOST,302592,267969.82575999934,268004.30255999934
23,fixed_manifest,109,2,host_fpga_pcie,HOST_to_FPGA,302592,268004.30255999934,268128.59055999934
25,fixed_manifest,50,1,host_fpga_pcie,FPGA_to_HOST,302592,268246.4875199993,268370.7755199993
25,fixed_manifest,50,2,gpu_host,HOST_to_GPU,302592,268370.7755199993,268405.25231999933
23,fixed_manifest,110,1,host_fpga_pcie,FPGA_to_HOST,302592,268579.23503999936,268720.1604799995
26,fixed_manifest,29,1,gpu_host,GPU_to_HOST,302592,268627.4087999992,268661.8855999993
26,fixed_manifest,29,2,host_fpga_pcie,HOST_to_FPGA,302592,268661.8855999993,268802.81103999936
23,fixed_manifest,110,2,gpu_host,HOST_to_GPU,302592,268720.1604799995,268754.6372799995
26,fixed_manifest,30,1,host_fpga_pcie,FPGA_to_HOST,302592,269135.5585599994,269259.84655999934
26,fixed_manifest,30,2,gpu_host,HOST_to_GPU,302592,269259.84655999934,269294.32335999934
24,fixed_manifest,89,1,gpu_host,GPU_to_HOST,302592,270116.94863999914,270151.42543999915
24,fixed_manifest,89,2,host_fpga_pcie,HOST_to_FPGA,302592,270151.42543999915,270275.71343999915
24,fixed_manifest,90,1,host_fpga_pcie,FPGA_to_HOST,302592,270608.4609599991,270732.7489599991
24,fixed_manifest,90,2,gpu_host,HOST_to_GPU,302592,270732.7489599991,270767.2257599991
25,fixed_manifest,59,1,gpu_host,GPU_to_HOST,302592,271427.03023999906,271461.50703999907
25,fixed_manifest,59,2,host_fpga_pcie,HOST_to_FPGA,302592,271461.50703999907,271585.795039999
25,fixed_manifest,60,1,host_fpga_pcie,FPGA_to_HOST,302592,271918.54255999904,272042.830559999
25,fixed_manifest,60,2,gpu_host,HOST_to_GPU,302592,272042.830559999,272077.30735999905
23,fixed_manifest,119,1,gpu_host,GPU_to_HOST,302592,272106.7428799989,272141.21967999893
23,fixed_manifest,119,2,host_fpga_pcie,HOST_to_FPGA,302592,272141.21967999893,272265.50767999893
23,fixed_manifest,120,1,host_fpga_pcie,FPGA_to_HOST,302592,272598.2551999989,272722.5431999989
23,fixed_manifest,120,2,gpu_host,HOST_to_GPU,302592,272722.5431999989,272757.0199999989
26,fixed_manifest,39,1,gpu_host,GPU_to_HOST,302592,272920.3524799989,272954.8292799989
26,fixed_manifest,39,2,host_fpga_pcie,HOST_to_FPGA,302592,272954.8292799989,273079.1172799989
26,fixed_manifest,40,1,host_fpga_pcie,FPGA_to_HOST,302592,273411.86479999893,273536.1527999989
26,fixed_manifest,40,2,gpu_host,HOST_to_GPU,302592,273536.1527999989,273570.6295999989
27,fixed_manifest,9,1,gpu_host,GPU_to_HOST,302592,273963.3774399988,273997.8542399988
24,fixed_manifest,99,1,gpu_host,GPU_to_HOST,302592,273992.54543999874,274027.02223999874
27,fixed_manifest,9,2,host_fpga_pcie,HOST_to_FPGA,302592,273997.8542399988,274192.26223999885
24,fixed_manifest,99,2,host_fpga_pcie,HOST_to_FPGA,302592,274027.02223999874,274221.4302399988
27,fixed_manifest,10,1,host_fpga_pcie,FPGA_to_HOST,302592,274525.0097599988,274649.2977599988
27,fixed_manifest,10,2,gpu_host,HOST_to_GPU,302592,274649.2977599988,274683.7745599988
25,fixed_manifest,69,1,gpu_host,GPU_to_HOST,302592,274814.11503999867,274848.59183999867
25,fixed_manifest,69,2,host_fpga_pcie,HOST_to_FPGA,302592,274848.59183999867,275063.0023999985
24,fixed_manifest,100,1,host_fpga_pcie,FPGA_to_HOST,302592,274857.75727999886,275072.16783999867
24,fixed_manifest,100,2,gpu_host,HOST_to_GPU,302592,275072.16783999867,275106.6446399987
25,fixed_manifest,70,1,host_fpga_pcie,FPGA_to_HOST,302592,275395.7499199985,275520.03791999846
26,fixed_manifest,49,1,gpu_host,GPU_to_HOST,302592,275490.04527999857,275524.52207999857
25,fixed_manifest,70,2,gpu_host,HOST_to_GPU,302592,275520.03791999846,275554.51471999846
26,fixed_manifest,49,2,host_fpga_pcie,HOST_to_FPGA,302592,275524.52207999857,275648.8100799985
26,fixed_manifest,50,1,host_fpga_pcie,FPGA_to_HOST,302592,275981.55759999854,276105.8455999985
26,fixed_manifest,50,2,gpu_host,HOST_to_GPU,302592,276105.8455999985,276140.32239999855
27,fixed_manifest,19,1,gpu_host,GPU_to_HOST,302592,276979.58511999843,277014.06191999844
27,fixed_manifest,19,2,host_fpga_pcie,HOST_to_FPGA,302592,277014.06191999844,277138.34991999844
27,fixed_manifest,20,1,host_fpga_pcie,FPGA_to_HOST,302592,277471.0974399984,277595.3854399984
27,fixed_manifest,20,2,gpu_host,HOST_to_GPU,302592,277595.3854399984,277629.8622399984
24,fixed_manifest,109,1,gpu_host,GPU_to_HOST,302592,278119.81263999833,278154.2894399984
24,fixed_manifest,109,2,host_fpga_pcie,HOST_to_FPGA,302592,278154.2894399984,278278.57743999833
25,fixed_manifest,79,1,gpu_host,GPU_to_HOST,302592,278334.66319999826,278369.13999999827
25,fixed_manifest,79,2,host_fpga_pcie,HOST_to_FPGA,302592,278369.13999999827,278493.42799999827
24,fixed_manifest,110,1,host_fpga_pcie,FPGA_to_HOST,302592,278611.32495999837,278735.6129599983
24,fixed_manifest,110,2,gpu_host,HOST_to_GPU,302592,278735.6129599983,278770.0897599983
25,fixed_manifest,80,1,host_fpga_pcie,FPGA_to_HOST,302592,278944.07247999834,279084.9979199985
26,fixed_manifest,59,1,gpu_host,GPU_to_HOST,302592,278992.24623999826,279026.72303999827
26,fixed_manifest,59,2,host_fpga_pcie,HOST_to_FPGA,302592,279026.72303999827,279167.64847999834
25,fixed_manifest,80,2,gpu_host,HOST_to_GPU,302592,279084.9979199985,279119.4747199985
26,fixed_manifest,60,1,host_fpga_pcie,FPGA_to_HOST,302592,279500.3959999984,279624.6839999983
26,fixed_manifest,60,2,gpu_host,HOST_to_GPU,302592,279624.6839999983,279659.1607999984
27,fixed_manifest,29,1,gpu_host,GPU_to_HOST,302592,279846.3326399981,279880.8094399982
27,fixed_manifest,29,2,host_fpga_pcie,HOST_to_FPGA,302592,279880.8094399982,280005.0974399981
27,fixed_manifest,30,1,host_fpga_pcie,FPGA_to_HOST,302592,280337.84495999815,280462.1329599981
27,fixed_manifest,30,2,gpu_host,HOST_to_GPU,302592,280462.1329599981,280496.6097599981
24,fixed_manifest,119,1,gpu_host,GPU_to_HOST,302592,281309.223199998,281343.69999999803
24,fixed_manifest,119,2,host_fpga_pcie,HOST_to_FPGA,302592,281343.69999999803,281467.987999998
24,fixed_manifest,120,1,host_fpga_pcie,FPGA_to_HOST,302592,281800.735519998,281925.023519998
24,fixed_manifest,120,2,gpu_host,HOST_to_GPU,302592,281925.023519998,281959.500319998
25,fixed_manifest,89,1,gpu_host,GPU_to_HOST,302592,282739.9390399979,282774.4158399979
25,fixed_manifest,89,2,host_fpga_pcie,HOST_to_FPGA,302592,282774.4158399979,282898.7038399979
26,fixed_manifest,69,1,gpu_host,GPU_to_HOST,302592,283110.8161599979,283145.2929599979
26,fixed_manifest,69,2,host_fpga_pcie,HOST_to_FPGA,302592,283145.2929599979,283282.71055999794
25,fixed_manifest,90,1,host_fpga_pcie,FPGA_to_HOST,302592,283231.4513599979,283368.8689599979
25,fixed_manifest,90,2,gpu_host,HOST_to_GPU,302592,283368.8689599979,283403.3457599979
27,fixed_manifest,39,1,gpu_host,GPU_to_HOST,302592,283529.60367999773,283564.08047999773
27,fixed_manifest,39,2,host_fpga_pcie,HOST_to_FPGA,302592,283564.08047999773,283766.9508799974
26,fixed_manifest,70,1,host_fpga_pcie,FPGA_to_HOST,302592,283615.4580799979,283869.7060799977
28,fixed_manifest,9,1,gpu_host,GPU_to_HOST,302592,283615.4580799979,283649.934879998
28,fixed_manifest,9,2,host_fpga_pcie,HOST_to_FPGA,302592,283649.934879998,283886.94447999774
26,fixed_manifest,70,2,gpu_host,HOST_to_GPU,302592,283869.7060799977,283904.18287999777
27,fixed_manifest,40,1,host_fpga_pcie,FPGA_to_HOST,302592,284099.6983999974,284223.9863999974
27,fixed_manifest,40,2,gpu_host,HOST_to_GPU,302592,284223.9863999974,284258.4631999974
28,fixed_manifest,10,1,host_fpga_pcie,FPGA_to_HOST,302592,284432.4459199974,284556.73391999735
28,fixed_manifest,10,2,gpu_host,HOST_to_GPU,302592,284556.73391999735,284591.21071999735
25,fixed_manifest,99,1,gpu_host,GPU_to_HOST,302592,285063.40271999757,285097.8795199976
25,fixed_manifest,99,2,host_fpga_pcie,HOST_to_FPGA,302592,285097.8795199976,285222.1675199976
25,fixed_manifest,100,1,host_fpga_pcie,FPGA_to_HOST,302592,285554.9150399976,285679.20303999755
25,fixed_manifest,100,2,gpu_host,HOST_to_GPU,302592,285679.20303999755,285713.67983999755
26,fixed_manifest,79,1,gpu_host,GPU_to_HOST,302592,286494.1185599975,286528.59535999753
26,fixed_manifest,79,2,host_fpga_pcie,HOST_to_FPGA,302592,286528.59535999753,286652.8833599975
26,fixed_manifest,80,1,host_fpga_pcie,FPGA_to_HOST,302592,286985.6308799975,287109.9188799975
26,fixed_manifest,80,2,gpu_host,HOST_to_GPU,302592,287109.9188799975,287144.3956799975
27,fixed_manifest,49,1,gpu_host,GPU_to_HOST,302592,287322.2929599974,287356.76975999743
27,fixed_manifest,49,2,host_fpga_pcie,HOST_to_FPGA,302592,287356.76975999743,287481.0577599974
28,fixed_manifest,19,1,gpu_host,GPU_to_HOST,302592,287518.7963199974,287553.2731199974
28,fixed_manifest,19,2,host_fpga_pcie,HOST_to_FPGA,302592,287553.2731199974,287677.56111999735
27,fixed_manifest,50,1,host_fpga_pcie,FPGA_to_HOST,302592,287813.8052799974,287938.09327999735
27,fixed_manifest,50,2,gpu_host,HOST_to_GPU,302592,287938.09327999735,287972.57007999736
28,fixed_manifest,20,1,host_fpga_pcie,FPGA_to_HOST,302592,288146.5527999974,288270.8407999974
28,fixed_manifest,20,2,gpu_host,HOST_to_GPU,302592,288270.8407999974,288305.3175999974
25,fixed_manifest,109,1,gpu_host,GPU_to_HOST,302592,288350.75311999733,288385.22991999733
25,fixed_manifest,109,2,host_fpga_pcie,HOST_to_FPGA,302592,288385.22991999733,288509.5179199973
25,fixed_manifest,110,1,host_fpga_pcie,FPGA_to_HOST,302592,288842.2654399973,288966.55343999725
25,fixed_manifest,110,2,gpu_host,HOST_to_GPU,302592,288966.55343999725,289001.0302399973
26,fixed_manifest,89,1,gpu_host,GPU_to_HOST,302592,289665.91919999715,289700.3959999972
26,fixed_manifest,89,2,host_fpga_pcie,HOST_to_FPGA,302592,289700.3959999972,289824.68399999716
26,fixed_manifest,90,1,host_fpga_pcie,FPGA_to_HOST,302592,290157.4315199972,290281.71951999713
26,fixed_manifest,90,2,gpu_host,HOST_to_GPU,302592,290281.71951999713,290316.1963199972
27,fixed_manifest,59,1,gpu_host,GPU_to_HOST,302592,290783.27983999706,290817.75663999707
27,fixed_manifest,59,2,host_fpga_pcie,HOST_to_FPGA,302592,290817.75663999707,290942.04463999707
28,fixed_manifest,29,1,gpu_host,GPU_to_HOST,302592,291190.851359997,291225.328159997
28,fixed_manifest,29,2,host_fpga_pcie,HOST_to_FPGA,302592,291225.328159997,291399.440159997
27,fixed_manifest,60,1,host_fpga_pcie,FPGA_to_HOST,302592,291274.7921599971,291448.904159997
27,fixed_manifest,60,2,gpu_host,HOST_to_GPU,302592,291448.904159997,291483.380959997
28,fixed_manifest,30,1,host_fpga_pcie,FPGA_to_HOST,302592,291732.187679997,291856.47567999695
28,fixed_manifest,30,2,gpu_host,HOST_to_GPU,302592,291856.47567999695,291890.95247999695
25,fixed_manifest,119,1,gpu_host,GPU_to_HOST,302592,292313.29647999693,292347.77327999694
25,fixed_manifest,119,2,host_fpga_pcie,HOST_to_FPGA,302592,292347.77327999694,292472.06127999694
25,fixed_manifest,120,1,host_fpga_pcie,FPGA_to_HOST,302592,292804.8087999969,292929.0967999969
25,fixed_manifest,120,2,gpu_host,HOST_to_GPU,302592,292929.0967999969,292963.5735999969
26,fixed_manifest,99,1,gpu_host,GPU_to_HOST,302592,293955.0804799968,293989.5572799968
26,fixed_manifest,99,2,host_fpga_pcie,HOST_to_FPGA,302592,293989.5572799968,294113.8452799968
29,fixed_manifest,9,1,gpu_host,GPU_to_HOST,302592,294133.2366399968,294167.7134399968
29,fixed_manifest,9,2,host_fpga_pcie,HOST_to_FPGA,302592,294167.7134399968,294292.00143999676
26,fixed_manifest,100,1,host_fpga_pcie,FPGA_to_HOST,302592,294446.5927999968,294570.8807999968
27,fixed_manifest,69,1,gpu_host,GPU_to_HOST,302592,294533.67695999664,294568.1537599967
27,fixed_manifest,69,2,host_fpga_pcie,HOST_to_FPGA,302592,294568.1537599967,294692.44175999664
26,fixed_manifest,100,2,gpu_host,HOST_to_GPU,302592,294570.8807999968,294605.3575999968
28,fixed_manifest,39,1,gpu_host,GPU_to_HOST,302592,294779.3403199968,294813.8171199968
29,fixed_manifest,10,1,host_fpga_pcie,FPGA_to_HOST,302592,294779.3403199968,294968.4395199968
28,fixed_manifest,39,2,host_fpga_pcie,HOST_to_FPGA,302592,294813.8171199968,295002.9163199968
29,fixed_manifest,10,2,gpu_host,HOST_to_GPU,302592,294968.4395199968,295002.9163199968
27,fixed_manifest,70,1,host_fpga_pcie,FPGA_to_HOST,302592,295112.0878399968,295236.3758399968
27,fixed_manifest,70,2,gpu_host,HOST_to_GPU,302592,295236.3758399968,295270.8526399968
28,fixed_manifest,40,1,host_fpga_pcie,FPGA_to_HOST,302592,295444.8353599968,295569.1233599968
28,fixed_manifest,40,2,gpu_host,HOST_to_GPU,302592,295569.1233599968,295603.60015999683
26,fixed_manifest,109,1,gpu_host,GPU_to_HOST,302592,296135.37423999666,296169.85103999666
26,fixed_manifest,109,2,host_fpga_pcie,HOST_to_FPGA,302592,296169.85103999666,296294.1390399966
26,fixed_manifest,110,1,host_fpga_pcie,FPGA_to_HOST,302592,296626.88655999664,296751.17455999664
26,fixed_manifest,110,2,gpu_host,HOST_to_GPU,302592,296751.17455999664,296785.65135999664
29,fixed_manifest,19,1,gpu_host,GPU_to_HOST,302592,297718.33423999656,297752.81103999657
29,fixed_manifest,19,2,host_fpga_pcie,HOST_to_FPGA,302592,297752.81103999657,297877.09903999657
29,fixed_manifest,20,1,host_fpga_pcie,FPGA_to_HOST,302592,298209.84655999654,298334.13455999654
29,fixed_manifest,20,2,gpu_host,HOST_to_GPU,302592,298334.13455999654,298368.61135999655
27,fixed_manifest,79,1,gpu_host,GPU_to_HOST,302592,298375.91727999644,298410.3940799965
27,fixed_manifest,79,2,host_fpga_pcie,HOST_to_FPGA,302592,298410.3940799965,298534.68207999645
28,fixed_manifest,49,1,gpu_host,GPU_to_HOST,302592,298590.76783999644,298625.24463999644
28,fixed_manifest,49,2,host_fpga_pcie,HOST_to_FPGA,302592,298625.24463999644,298749.53263999644
27,fixed_manifest,80,1,host_fpga_pcie,FPGA_to_HOST,302592,298867.4295999965,298991.7175999964
27,fixed_manifest,80,2,gpu_host,HOST_to_GPU,302592,298991.7175999964,299026.1943999964
28,fixed_manifest,50,1,host_fpga_pcie,FPGA_to_HOST,302592,299200.17711999646,299341.1025599966
26,fixed_manifest,119,1,gpu_host,GPU_to_HOST,302592,299248.3508799964,299282.8276799964
26,fixed_manifest,119,2,host_fpga_pcie,HOST_to_FPGA,302592,299282.8276799964,299423.75311999646
28,fixed_manifest,50,2,gpu_host,HOST_to_GPU,302592,299341.1025599966,299375.5793599966
26,fixed_manifest,120,1,host_fpga_pcie,FPGA_to_HOST,302592,299756.5006399965,299880.78863999643
26,fixed_manifest,120,2,gpu_host,HOST_to_GPU,302592,299880.78863999643,299915.2654399965
29,fixed_manifest,29,1,gpu_host,GPU_to_HOST,302592,300889.39759999624,300923.87439999625
29,fixed_manifest,29,2,host_fpga_pcie,HOST_to_FPGA,302592,300923.87439999625,301048.1623999962
29,fixed_manifest,30,1,host_fpga_pcie,FPGA_to_HOST,302592,301380.9099199962,301505.19791999616
29,fixed_manifest,30,2,gpu_host,HOST_to_GPU,302592,301505.19791999616,301539.6747199962
27,fixed_manifest,89,1,gpu_host,GPU_to_HOST,302592,301910.7265599961,301945.2033599961
27,fixed_manifest,89,2,host_fpga_pcie,HOST_to_FPGA,302592,301945.2033599961,302069.491359996
28,fixed_manifest,59,1,gpu_host,GPU_to_HOST,302592,302125.5771199961,302160.0539199961
28,fixed_manifest,59,2,host_fpga_pcie,HOST_to_FPGA,302592,302160.0539199961,302284.341919996
27,fixed_manifest,90,1,host_fpga_pcie,FPGA_to_HOST,302592,302402.23887999606,302526.52687999606
27,fixed_manifest,90,2,gpu_host,HOST_to_GPU,302592,302526.52687999606,302561.00367999607
28,fixed_manifest,60,1,host_fpga_pcie,FPGA_to_HOST,302592,302734.9863999961,302859.27439999604
28,fixed_manifest,60,2,gpu_host,HOST_to_GPU,302592,302859.27439999604,302893.75119999604
30,fixed_manifest,9,1,gpu_host,GPU_to_HOST,302592,302957.53391999594,302992.010719996
30,fixed_manifest,9,2,host_fpga_pcie,HOST_to_FPGA,302592,302992.010719996,303116.29871999595
30,fixed_manifest,10,1,host_fpga_pcie,FPGA_to_HOST,302592,303449.046239996,303573.3342399959
30,fixed_manifest,10,2,gpu_host,HOST_to_GPU,302592,303573.3342399959,303607.811039996
29,fixed_manifest,39,1,gpu_host,GPU_to_HOST,302592,304272.6999999958,304307.1767999959
29,fixed_manifest,39,2,host_fpga_pcie,HOST_to_FPGA,302592,304307.1767999959,304431.4647999958
29,fixed_manifest,40,1,host_fpga_pcie,FPGA_to_HOST,302592,304764.21231999586,304888.5003199958
29,fixed_manifest,40,2,gpu_host,HOST_to_GPU,302592,304888.5003199958,304922.9771199958
27,fixed_manifest,99,1,gpu_host,GPU_to_HOST,302592,305238.55375999573,305273.0305599958
27,fixed_manifest,99,2,host_fpga_pcie,HOST_to_FPGA,302592,305273.0305599958,305397.31855999574
28,fixed_manifest,69,1,gpu_host,GPU_to_HOST,302592,305627.7780799957,305662.2548799957
28,fixed_manifest,69,2,host_fpga_pcie,HOST_to_FPGA,302592,305662.2548799957,305818.01967999566
27,fixed_manifest,100,1,host_fpga_pcie,FPGA_to_HOST,302592,305730.06607999577,305885.8308799957
27,fixed_manifest,100,2,gpu_host,HOST_to_GPU,302592,305885.8308799957,305920.3076799957
28,fixed_manifest,70,1,host_fpga_pcie,FPGA_to_HOST,302592,306150.7671999957,306275.05519999564
28,fixed_manifest,70,2,gpu_host,HOST_to_GPU,302592,306275.05519999564,306325.7028799957
30,fixed_manifest,19,1,gpu_host,GPU_to_HOST,302592,306285.36111999565,306336.00879999564
30,fixed_manifest,19,2,host_fpga_pcie,HOST_to_FPGA,302592,306336.00879999564,306460.29679999565
30,fixed_manifest,20,1,host_fpga_pcie,FPGA_to_HOST,302592,306793.0443199957,306917.3323199956
30,fixed_manifest,20,2,gpu_host,HOST_to_GPU,302592,306917.3323199956,306951.8091199956
29,fixed_manifest,49,1,gpu_host,GPU_to_HOST,302592,307139.44751999556,307173.92431999557
29,fixed_manifest,49,2,host_fpga_pcie,HOST_to_FPGA,302592,307173.92431999557,307298.21231999557
29,fixed_manifest,50,1,host_fpga_pcie,FPGA_to_HOST,302592,307630.95983999554,307755.24783999554
29,fixed_manifest,50,2,gpu_host,HOST_to_GPU,302592,307755.24783999554,307789.72463999555
27,fixed_manifest,109,1,gpu_host,GPU_to_HOST,302592,308432.48399999546,308466.96079999546
27,fixed_manifest,109,2,host_fpga_pcie,HOST_to_FPGA,302592,308466.96079999546,308591.24879999546
27,fixed_manifest,110,1,host_fpga_pcie,FPGA_to_HOST,302592,308923.99631999544,309048.28431999544
27,fixed_manifest,110,2,gpu_host,HOST_to_GPU,302592,309048.28431999544,309082.76111999544
28,fixed_manifest,79,1,gpu_host,GPU_to_HOST,302592,309398.33775999537,309432.8145599954
28,fixed_manifest,79,2,host_fpga_pcie,HOST_to_FPGA,302592,309432.8145599954,309557.1025599954
30,fixed_manifest,29,1,gpu_host,GPU_to_HOST,302592,309613.18831999536,309647.66511999536
30,fixed_manifest,29,2,host_fpga_pcie,HOST_to_FPGA,302592,309647.66511999536,309771.95311999536
28,fixed_manifest,80,1,host_fpga_pcie,FPGA_to_HOST,302592,309889.85007999535,310014.13807999535
28,fixed_manifest,80,2,gpu_host,HOST_to_GPU,302592,310014.13807999535,310048.61487999535
30,fixed_manifest,30,1,host_fpga_pcie,FPGA_to_HOST,302592,310222.5975999954,310346.8855999953
30,fixed_manifest,30,2,gpu_host,HOST_to_GPU,302592,310346.8855999953,310381.3623999954
29,fixed_manifest,59,1,gpu_host,GPU_to_HOST,302592,310596.6519999952,310631.1287999953
29,fixed_manifest,59,2,host_fpga_pcie,HOST_to_FPGA,302592,310631.1287999953,310755.41679999523
29,fixed_manifest,60,1,host_fpga_pcie,FPGA_to_HOST,302592,311088.16431999527,311212.4523199952
29,fixed_manifest,60,2,gpu_host,HOST_to_GPU,302592,311212.4523199952,311246.9291199952
27,fixed_manifest,119,1,gpu_host,GPU_to_HOST,302592,312395.02735999506,312429.5041599951
27,fixed_manifest,119,2,host_fpga_pcie,HOST_to_FPGA,302592,312429.5041599951,312553.79215999506
27,fixed_manifest,120,1,host_fpga_pcie,FPGA_to_HOST,302592,312886.5396799951,313010.82767999504
27,fixed_manifest,120,2,gpu_host,HOST_to_GPU,302592,313010.82767999504,313045.30447999504
28,fixed_manifest,89,1,gpu_host,GPU_to_HOST,302592,313880.21999999497,313919.04399999505
30,fixed_manifest,39,1,gpu_host,GPU_to_HOST,302592,313902.34959999495,313941.17359999503
28,fixed_manifest,89,2,host_fpga_pcie,HOST_to_FPGA,302592,313919.04399999505,314120.49039999506
30,fixed_manifest,39,2,host_fpga_pcie,HOST_to_FPGA,302592,313941.17359999503,314142.61999999505
28,fixed_manifest,90,1,host_fpga_pcie,FPGA_to_HOST,302592,314453.2379199951,314642.3371199951
31,fixed_manifest,9,1,gpu_host,GPU_to_HOST,302592,314453.2379199951,314487.7147199951
31,fixed_manifest,9,2,host_fpga_pcie,HOST_to_FPGA,302592,314487.7147199951,314676.8139199951
28,fixed_manifest,90,2,gpu_host,HOST_to_GPU,302592,314642.3371199951,314676.8139199951
29,fixed_manifest,69,1,gpu_host,GPU_to_HOST,302592,314785.9854399951,314820.4622399951
30,fixed_manifest,40,1,host_fpga_pcie,FPGA_to_HOST,302592,314785.9854399951,314975.08463999507
29,fixed_manifest,69,2,host_fpga_pcie,HOST_to_FPGA,302592,314820.4622399951,315009.5614399951
30,fixed_manifest,40,2,gpu_host,HOST_to_GPU,302592,314975.08463999507,315009.5614399951
31,fixed_manifest,10,1,host_fpga_pcie,FPGA_to_HOST,302592,315118.7329599951,315243.02095999505
31,fixed_manifest,10,2,gpu_host,HOST_to_GPU,302592,315243.02095999505,315277.4977599951
29,fixed_manifest,70,1,host_fpga_pcie,FPGA_to_HOST,302592,315451.4804799951,315575.7684799951
29,fixed_manifest,70,2,gpu_host,HOST_to_GPU,302592,315575.7684799951,315610.2452799951
28,fixed_manifest,99,1,gpu_host,GPU_to_HOST,302592,316649.5630399949,316684.0398399949
28,fixed_manifest,99,2,host_fpga_pcie,HOST_to_FPGA,302592,316684.0398399949,316808.3278399949
28,fixed_manifest,100,1,host_fpga_pcie,FPGA_to_HOST,302592,317141.0753599949,317265.3633599949
28,fixed_manifest,100,2,gpu_host,HOST_to_GPU,302592,317265.3633599949,317299.8401599949
30,fixed_manifest,49,1,gpu_host,GPU_to_HOST,302592,317789.7905599949,317824.2673599949
30,fixed_manifest,49,2,host_fpga_pcie,HOST_to_FPGA,302592,317824.2673599949,317948.5553599948
31,fixed_manifest,19,1,gpu_host,GPU_to_HOST,302592,318004.64111999475,318039.1179199948
31,fixed_manifest,19,2,host_fpga_pcie,HOST_to_FPGA,302592,318039.1179199948,318163.40591999475
30,fixed_manifest,50,1,host_fpga_pcie,FPGA_to_HOST,302592,318281.30287999485,318405.5908799948
30,fixed_manifest,50,2,gpu_host,HOST_to_GPU,302592,318405.5908799948,318440.06767999486
31,fixed_manifest,20,1,host_fpga_pcie,FPGA_to_HOST,302592,318614.0503999948,318754.97583999496
29,fixed_manifest,79,1,gpu_host,GPU_to_HOST,302592,318662.22415999474,318696.70095999475
29,fixed_manifest,79,2,host_fpga_pcie,HOST_to_FPGA,302592,318696.70095999475,318837.6263999948
31,fixed_manifest,20,2,gpu_host,HOST_to_GPU,302592,318754.97583999496,318789.45263999497
29,fixed_manifest,80,1,host_fpga_pcie,FPGA_to_HOST,302592,319170.37391999486,319294.66191999486
29,fixed_manifest,80,2,gpu_host,HOST_to_GPU,302592,319294.66191999486,319329.13871999487
28,fixed_manifest,109,1,gpu_host,GPU_to_HOST,302592,319516.31055999466,319550.78735999466
28,fixed_manifest,109,2,host_fpga_pcie,HOST_to_FPGA,302592,319550.78735999466,319675.0753599946
28,fixed_manifest,110,1,host_fpga_pcie,FPGA_to_HOST,302592,320007.82287999464,320132.1108799946
28,fixed_manifest,110,2,gpu_host,HOST_to_GPU,302592,320132.1108799946,320166.58767999464
30,fixed_manifest,59,1,gpu_host,GPU_to_HOST,302592,320960.8539199945,320995.33071999456
30,fixed_manifest,59,2,host_fpga_pcie,HOST_to_FPGA,302592,320995.33071999456,321119.6187199945
30,fixed_manifest,60,1,host_fpga_pcie,FPGA_to_HOST,302592,321452.36623999453,321576.6542399945
30,fixed_manifest,60,2,gpu_host,HOST_to_GPU,302592,321576.6542399945,321611.1310399945
31,fixed_manifest,29,1,gpu_host,GPU_to_HOST,302592,322409.91695999436,322444.3937599944
31,fixed_manifest,29,2,host_fpga_pcie,HOST_to_FPGA,302592,322444.3937599944,322568.68175999436
29,fixed_manifest,89,1,gpu_host,GPU_to_HOST,302592,322780.7940799944,322815.2708799944
29,fixed_manifest,89,2,host_fpga_pcie,HOST_to_FPGA,302592,322815.2708799944,322952.6884799944
31,fixed_manifest,30,1,host_fpga_pcie,FPGA_to_HOST,302592,322901.4292799944,323038.8468799944
31,fixed_manifest,30,2,gpu_host,HOST_to_GPU,302592,323038.8468799944,323073.32367999444
29,fixed_manifest,90,1,host_fpga_pcie,FPGA_to_HOST,302592,323285.43599999446,323409.7239999944
29,fixed_manifest,90,2,gpu_host,HOST_to_GPU,302592,323409.7239999944,323444.2007999944
28,fixed_manifest,119,1,gpu_host,GPU_to_HOST,302592,323801.6894399943,323836.1662399943
28,fixed_manifest,119,2,host_fpga_pcie,HOST_to_FPGA,302592,323836.1662399943,324015.4830399943
32,fixed_manifest,9,1,gpu_host,GPU_to_HOST,302592,323845.9486399942,323880.42543999426
32,fixed_manifest,9,2,host_fpga_pcie,HOST_to_FPGA,302592,323880.42543999426,324059.7422399943
28,fixed_manifest,120,1,host_fpga_pcie,FPGA_to_HOST,302592,324348.23055999435,324472.5185599943
28,fixed_manifest,120,2,gpu_host,HOST_to_GPU,302592,324472.5185599943,324506.99535999435
32,fixed_manifest,10,1,host_fpga_pcie,FPGA_to_HOST,302592,324680.9780799943,324805.2660799943
32,fixed_manifest,10,2,gpu_host,HOST_to_GPU,302592,324805.2660799943,324839.74287999433
30,fixed_manifest,69,1,gpu_host,GPU_to_HOST,302592,325295.0116799941,325329.4884799942
30,fixed_manifest,69,2,host_fpga_pcie,HOST_to_FPGA,302592,325329.4884799942,325453.7764799941
30,fixed_manifest,70,1,host_fpga_pcie,FPGA_to_HOST,302592,325786.52399999416,325910.8119999941
30,fixed_manifest,70,2,gpu_host,HOST_to_GPU,302592,325910.8119999941,325945.2887999941
31,fixed_manifest,39,1,gpu_host,GPU_to_HOST,302592,326152.35407999397,326186.830879994
31,fixed_manifest,39,2,host_fpga_pcie,HOST_to_FPGA,302592,326186.830879994,326311.11887999397
29,fixed_manifest,99,1,gpu_host,GPU_to_HOST,302592,326356.81743999396,326391.29423999396
29,fixed_manifest,99,2,host_fpga_pcie,HOST_to_FPGA,302592,326391.29423999396,326515.58223999396
31,fixed_manifest,40,1,host_fpga_pcie,FPGA_to_HOST,302592,326643.866399994,326768.15439999395
31,fixed_manifest,40,2,gpu_host,HOST_to_GPU,302592,326768.15439999395,326802.63119999395
29,fixed_manifest,100,1,host_fpga_pcie,FPGA_to_HOST,302592,326976.613919994,327100.901919994
29,fixed_manifest,100,2,gpu_host,HOST_to_GPU,302592,327100.901919994,327135.378719994
32,fixed_manifest,19,1,gpu_host,GPU_to_HOST,302592,327188.7742399939,327223.2510399939
32,fixed_manifest,19,2,host_fpga_pcie,HOST_to_FPGA,302592,327223.2510399939,327347.53903999383
32,fixed_manifest,20,1,host_fpga_pcie,FPGA_to_HOST,302592,327680.28655999387,327804.57455999387
32,fixed_manifest,20,2,gpu_host,HOST_to_GPU,302592,327804.57455999387,327839.0513599939
30,fixed_manifest,79,1,gpu_host,GPU_to_HOST,302592,328503.94031999377,328538.41711999377
30,fixed_manifest,79,2,host_fpga_pcie,HOST_to_FPGA,302592,328538.41711999377,328662.7051199937
30,fixed_manifest,80,1,host_fpga_pcie,FPGA_to_HOST,302592,328995.45263999375,329119.74063999375
30,fixed_manifest,80,2,gpu_host,HOST_to_GPU,302592,329119.74063999375,329154.21743999375
31,fixed_manifest,49,1,gpu_host,GPU_to_HOST,302592,329469.7940799937,329504.2708799937
31,fixed_manifest,49,2,host_fpga_pcie,HOST_to_FPGA,302592,329504.2708799937,329628.5588799936
29,fixed_manifest,109,1,gpu_host,GPU_to_HOST,302592,329859.0183999936,329893.4951999936
29,fixed_manifest,109,2,host_fpga_pcie,HOST_to_FPGA,302592,329893.4951999936,330049.25999999355
31,fixed_manifest,50,1,host_fpga_pcie,FPGA_to_HOST,302592,329961.30639999366,330117.0711999936
31,fixed_manifest,50,2,gpu_host,HOST_to_GPU,302592,330117.0711999936,330151.5479999936
29,fixed_manifest,110,1,host_fpga_pcie,FPGA_to_HOST,302592,330382.0075199936,330506.2955199936
29,fixed_manifest,110,2,gpu_host,HOST_to_GPU,302592,330506.2955199936,330540.7723199936
32,fixed_manifest,29,1,gpu_host,GPU_to_HOST,302592,330668.10831999354,330702.58511999354
32,fixed_manifest,29,2,host_fpga_pcie,HOST_to_FPGA,302592,330702.58511999354,330826.87311999354
32,fixed_manifest,30,1,host_fpga_pcie,FPGA_to_HOST,302592,331159.6206399935,331283.9086399935
32,fixed_manifest,30,2,gpu_host,HOST_to_GPU,302592,331283.9086399935,331318.3854399935
30,fixed_manifest,89,1,gpu_host,GPU_to_HOST,302592,332466.48367999337,332500.9604799934
30,fixed_manifest,89,2,host_fpga_pcie,HOST_to_FPGA,302592,332500.9604799934,332625.2484799934
30,fixed_manifest,90,1,host_fpga_pcie,FPGA_to_HOST,302592,332957.99599999335,333082.28399999335
30,fixed_manifest,90,2,gpu_host,HOST_to_GPU,302592,333082.28399999335,333116.76079999335
31,fixed_manifest,59,1,gpu_host,GPU_to_HOST,302592,333933.3291199933,333967.8059199933
31,fixed_manifest,59,2,host_fpga_pcie,HOST_to_FPGA,302592,333967.8059199933,334150.9051199934
33,fixed_manifest,9,1,gpu_host,GPU_to_HOST,302592,333973.80591999326,334008.28271999327
33,fixed_manifest,9,2,host_fpga_pcie,HOST_to_FPGA,302592,334008.28271999327,334191.3819199933
29,fixed_manifest,119,1,gpu_host,GPU_to_HOST,302592,334483.65263999335,334518.12943999335
31,fixed_manifest,60,1,host_fpga_pcie,FPGA_to_HOST,302592,334483.65263999335,334672.75183999335
29,fixed_manifest,119,2,host_fpga_pcie,HOST_to_FPGA,302592,334518.12943999335,334707.22863999335
31,fixed_manifest,60,2,gpu_host,HOST_to_GPU,302592,334672.75183999335,334707.22863999335
32,fixed_manifest,39,1,gpu_host,GPU_to_HOST,302592,334816.4001599934,334850.8769599934
33,fixed_manifest,10,1,host_fpga_pcie,FPGA_to_HOST,302592,334816.4001599934,335005.4993599934
32,fixed_manifest,39,2,host_fpga_pcie,HOST_to_FPGA,302592,334850.8769599934,335039.9761599934
33,fixed_manifest,10,2,gpu_host,HOST_to_GPU,302592,335005.4993599934,335039.9761599934
29,fixed_manifest,120,1,host_fpga_pcie,FPGA_to_HOST,302592,335149.14767999336,335273.43567999336
29,fixed_manifest,120,2,gpu_host,HOST_to_GPU,302592,335273.43567999336,335307.91247999336
32,fixed_manifest,40,1,host_fpga_pcie,FPGA_to_HOST,302592,335481.8951999934,335667.41423999367
30,fixed_manifest,99,1,gpu_host,GPU_to_HOST,302592,335485.47535999306,335519.95215999306
30,fixed_manifest,99,2,host_fpga_pcie,HOST_to_FPGA,302592,335519.95215999306,335705.4711999934
32,fixed_manifest,40,2,gpu_host,HOST_to_GPU,302592,335667.41423999367,335701.89103999373
30,fixed_manifest,100,1,host_fpga_pcie,FPGA_to_HOST,302592,336038.2187199934,336162.50671999337
30,fixed_manifest,100,2,gpu_host,HOST_to_GPU,302592,336162.50671999337,336196.9835199934
31,fixed_manifest,69,1,gpu_host,GPU_to_HOST,302592,336587.7579199929,336622.2347199929
31,fixed_manifest,69,2,host_fpga_pcie,HOST_to_FPGA,302592,336622.2347199929,336746.5227199929
31,fixed_manifest,70,1,host_fpga_pcie,FPGA_to_HOST,302592,337079.2702399929,337203.5582399929
31,fixed_manifest,70,2,gpu_host,HOST_to_GPU,302592,337203.5582399929,337238.0350399929
33,fixed_manifest,19,1,gpu_host,GPU_to_HOST,302592,338018.4737599928,338052.95055999287
33,fixed_manifest,19,2,host_fpga_pcie,HOST_to_FPGA,302592,338052.95055999287,338177.2385599928
33,fixed_manifest,20,1,host_fpga_pcie,FPGA_to_HOST,302592,338509.98607999284,338634.2740799928
33,fixed_manifest,20,2,gpu_host,HOST_to_GPU,302592,338634.2740799928,338668.75087999285
32,fixed_manifest,49,1,gpu_host,GPU_to_HOST,302592,338846.6481599927,338881.1249599927
32,fixed_manifest,49,2,host_fpga_pcie,HOST_to_FPGA,302592,338881.1249599927,339005.4129599927
30,fixed_manifest,109,1,gpu_host,GPU_to_HOST,302592,339043.1515199927,339077.62831999274
30,fixed_manifest,109,2,host_fpga_pcie,HOST_to_FPGA,302592,339077.62831999274,339201.9163199927
32,fixed_manifest,50,1,host_fpga_pcie,FPGA_to_HOST,302592,339338.1604799927,339462.4484799927
32,fixed_manifest,50,2,gpu_host,HOST_to_GPU,302592,339462.4484799927,339496.9252799927
30,fixed_manifest,110,1,host_fpga_pcie,FPGA_to_HOST,302592,339670.9079999927,339795.1959999927
30,fixed_manifest,110,2,gpu_host,HOST_to_GPU,302592,339795.1959999927,339829.6727999927
31,fixed_manifest,79,1,gpu_host,GPU_to_HOST,302592,339875.1083199926,339909.58511999267
31,fixed_manifest,79,2,host_fpga_pcie,HOST_to_FPGA,302592,339909.58511999267,340033.8731199926
31,fixed_manifest,80,1,host_fpga_pcie,FPGA_to_HOST,302592,340366.62063999265,340490.9086399926
31,fixed_manifest,80,2,gpu_host,HOST_to_GPU,302592,340490.9086399926,340525.3854399926
33,fixed_manifest,29,1,gpu_host,GPU_to_HOST,302592,341360.12847999245,341394.6052799925
33,fixed_manifest,29,2,host_fpga_pcie,HOST_to_FPGA,302592,341394.6052799925,341518.89327999245
33,fixed_manifest,30,1,host_fpga_pcie,FPGA_to_HOST,302592,341851.6407999925,341975.9287999924
33,fixed_manifest,30,2,gpu_host,HOST_to_GPU,302592,341975.9287999924,342010.4055999925
32,fixed_manifest,59,1,gpu_host,GPU_to_HOST,302592,342790.84431999235,342825.32111999235
32,fixed_manifest,59,2,host_fpga_pcie,HOST_to_FPGA,302592,342825.32111999235,342949.60911999235
32,fixed_manifest,60,1,host_fpga_pcie,FPGA_to_HOST,302592,343282.35663999233,343417.71727999236
30,fixed_manifest,119,1,gpu_host,GPU_to_HOST,302592,343336.0951999923,343370.5719999923
30,fixed_manifest,119,2,host_fpga_pcie,HOST_to_FPGA,302592,343370.5719999923,343505.93263999233
32,fixed_manifest,60,2,gpu_host,HOST_to_GPU,302592,343417.71727999236,343452.19407999236
30,fixed_manifest,120,1,host_fpga_pcie,FPGA_to_HOST,302592,343838.68015999236,343962.9681599923
30,fixed_manifest,120,2,gpu_host,HOST_to_GPU,302592,343962.9681599923,343997.44495999237
31,fixed_manifest,89,1,gpu_host,GPU_to_HOST,302592,344164.26959999226,344198.74639999226
31,fixed_manifest,89,2,host_fpga_pcie,HOST_to_FPGA,302592,344198.74639999226,344378.0631999923
34,fixed_manifest,9,1,gpu_host,GPU_to_HOST,302592,344208.5287999922,344243.00559999223
34,fixed_manifest,9,2,host_fpga_pcie,HOST_to_FPGA,302592,344243.00559999223,344422.32239999226
31,fixed_manifest,90,1,host_fpga_pcie,FPGA_to_HOST,302592,344710.8107199923,344835.09871999227
31,fixed_manifest,90,2,gpu_host,HOST_to_GPU,302592,344835.09871999227,344869.57551999233
34,fixed_manifest,10,1,host_fpga_pcie,FPGA_to_HOST,302592,345043.55823999236,345228.69167999254
33,fixed_manifest,39,1,gpu_host,GPU_to_HOST,302592,345047.5239999921,345082.0007999921
33,fixed_manifest,39,2,host_fpga_pcie,HOST_to_FPGA,302592,345082.0007999921,345267.13423999236
34,fixed_manifest,10,2,gpu_host,HOST_to_GPU,302592,345228.69167999254,345263.16847999254
33,fixed_manifest,40,1,host_fpga_pcie,FPGA_to_HOST,302592,345599.88175999233,345724.16975999234
33,fixed_manifest,40,2,gpu_host,HOST_to_GPU,302592,345724.16975999234,345759.5316799927
32,fixed_manifest,69,1,gpu_host,GPU_to_HOST,302592,345749.761439992,345785.12335999234
32,fixed_manifest,69,2,host_fpga_pcie,HOST_to_FPGA,302592,345785.12335999234,345909.4113599923
32,fixed_manifest,70,1,host_fpga_pcie,FPGA_to_HOST,302592,346242.1588799923,346366.4468799923
32,fixed_manifest,70,2,gpu_host,HOST_to_GPU,302592,346366.4468799923,346400.9236799923
31,fixed_manifest,99,1,gpu_host,GPU_to_HOST,302592,347220.95407999185,347255.4308799919
31,fixed_manifest,99,2,host_fpga_pcie,HOST_to_FPGA,302592,347255.4308799919,347379.71887999185
31,fixed_manifest,100,1,host_fpga_pcie,FPGA_to_HOST,302592,347712.4663999919,347836.7543999918
31,fixed_manifest,100,2,gpu_host,HOST_to_GPU,302592,347836.7543999918,347871.23119999183
34,fixed_manifest,19,1,gpu_host,GPU_to_HOST,302592,348361.1815999918,348395.6583999918
34,fixed_manifest,19,2,host_fpga_pcie,HOST_to_FPGA,302592,348395.6583999918,348519.9463999918
33,fixed_manifest,49,1,gpu_host,GPU_to_HOST,302592,348576.03215999174,348610.50895999174
33,fixed_manifest,49,2,host_fpga_pcie,HOST_to_FPGA,302592,348610.50895999174,348734.7969599917
34,fixed_manifest,20,1,host_fpga_pcie,FPGA_to_HOST,302592,348852.6939199918,348976.9819199918
34,fixed_manifest,20,2,gpu_host,HOST_to_GPU,302592,348976.9819199918,349011.4587199918
33,fixed_manifest,50,1,host_fpga_pcie,FPGA_to_HOST,302592,349185.4414399918,349326.3668799919
32,fixed_manifest,79,1,gpu_host,GPU_to_HOST,302592,349233.6151999917,349268.0919999917
32,fixed_manifest,79,2,host_fpga_pcie,HOST_to_FPGA,302592,349268.0919999917,349409.0174399918
33,fixed_manifest,50,2,gpu_host,HOST_to_GPU,302592,349326.3668799919,349360.8436799919
32,fixed_manifest,80,1,host_fpga_pcie,FPGA_to_HOST,302592,349741.7649599918,349866.0529599918
32,fixed_manifest,80,2,gpu_host,HOST_to_GPU,302592,349866.0529599918,349900.5297599918
31,fixed_manifest,109,1,gpu_host,GPU_to_HOST,302592,350087.7015999916,350122.1783999916
31,fixed_manifest,109,2,host_fpga_pcie,HOST_to_FPGA,302592,350122.1783999916,350246.4663999916
31,fixed_manifest,110,1,host_fpga_pcie,FPGA_to_HOST,302592,350579.21391999157,350703.50191999157
31,fixed_manifest,110,2,gpu_host,HOST_to_GPU,302592,350703.50191999157,350737.9787199916
34,fixed_manifest,29,1,gpu_host,GPU_to_HOST,302592,351572.72175999143,351607.19855999143
34,fixed_manifest,29,2,host_fpga_pcie,HOST_to_FPGA,302592,351607.19855999143,351731.48655999143
34,fixed_manifest,30,1,host_fpga_pcie,FPGA_to_HOST,302592,352064.2340799914,352188.5220799914
34,fixed_manifest,30,2,gpu_host,HOST_to_GPU,302592,352188.5220799914,352222.9988799914
33,fixed_manifest,59,1,gpu_host,GPU_to_HOST,302592,353311.70831999136,353346.18511999137
33,fixed_manifest,59,2,host_fpga_pcie,HOST_to_FPGA,302592,353346.18511999137,353470.47311999137
32,fixed_manifest,89,1,gpu_host,GPU_to_HOST,302592,353678.8030399913,353713.2798399913
32,fixed_manifest,89,2,host_fpga_pcie,HOST_to_FPGA,302592,353713.2798399913,353846.9150399912
33,fixed_manifest,60,1,host_fpga_pcie,FPGA_to_HOST,302592,353803.22063999134,353936.8558399913
33,fixed_manifest,60,2,gpu_host,HOST_to_GPU,302592,353936.8558399913,353971.3326399913
32,fixed_manifest,90,1,host_fpga_pcie,FPGA_to_HOST,302592,354179.66255999124,354303.9505599912
32,fixed_manifest,90,2,gpu_host,HOST_to_GPU,302592,354303.9505599912,354338.42735999124
35,fixed_manifest,9,1,gpu_host,GPU_to_HOST,302592,354354.73327999125,354393.5572799913
31,fixed_manifest,119,1,gpu_host,GPU_to_HOST,302592,354376.8628799912,354415.68687999126
35,fixed_manifest,9,2,host_fpga_pcie,HOST_to_FPGA,302592,354393.5572799913,354595.0036799913
31,fixed_manifest,119,2,host_fpga_pcie,HOST_to_FPGA,302592,354415.68687999126,354617.1332799913
35,fixed_manifest,10,1,host_fpga_pcie,FPGA_to_HOST,302592,354927.7511999913,355052.03919999127
35,fixed_manifest,10,2,gpu_host,HOST_to_GPU,302592,355052.03919999127,355086.51599999133
34,fixed_manifest,39,1,gpu_host,GPU_to_HOST,302592,355230.9492799911,355265.4260799911
31,fixed_manifest,120,1,host_fpga_pcie,FPGA_to_HOST,302592,355260.4987199913,355479.1473599915
34,fixed_manifest,39,2,host_fpga_pcie,HOST_to_FPGA,302592,355265.4260799911,355484.0747199913
31,fixed_manifest,120,2,gpu_host,HOST_to_GPU,302592,355479.1473599915,355513.62415999157
34,fixed_manifest,40,1,host_fpga_pcie,FPGA_to_HOST,302592,355816.82223999134,355941.11023999134
34,fixed_manifest,40,2,gpu_host,HOST_to_GPU,302592,355941.11023999134,355975.58703999134
33,fixed_manifest,69,1,gpu_host,GPU_to_HOST,302592,356716.70671999094,356751.18351999094
33,fixed_manifest,69,2,host_fpga_pcie,HOST_to_FPGA,302592,356751.18351999094,356875.47151999094
33,fixed_manifest,70,1,host_fpga_pcie,FPGA_to_HOST,302592,357208.219039991,357332.5070399909
33,fixed_manifest,70,2,gpu_host,HOST_to_GPU,302592,357332.5070399909,357366.9838399909
32,fixed_manifest,99,1,gpu_host,GPU_to_HOST,302592,357393.0705599909,357427.5473599909
32,fixed_manifest,99,2,host_fpga_pcie,HOST_to_FPGA,302592,357427.5473599909,357551.83535999083
32,fixed_manifest,100,1,host_fpga_pcie,FPGA_to_HOST,302592,357884.58287999086,358023.7259199909
35,fixed_manifest,19,1,gpu_host,GPU_to_HOST,302592,357934.5390399908,357969.0158399908
35,fixed_manifest,19,2,host_fpga_pcie,HOST_to_FPGA,302592,357969.0158399908,358108.15887999086
32,fixed_manifest,100,2,gpu_host,HOST_to_GPU,302592,358023.7259199909,358058.2027199909
35,fixed_manifest,20,1,host_fpga_pcie,FPGA_to_HOST,302592,358440.9063999909,358565.19439999084
35,fixed_manifest,20,2,gpu_host,HOST_to_GPU,302592,358565.19439999084,358599.67119999084
34,fixed_manifest,49,1,gpu_host,GPU_to_HOST,302592,358592.12207999075,358626.59887999075
34,fixed_manifest,49,2,host_fpga_pcie,HOST_to_FPGA,302592,358626.59887999075,358750.88687999075
34,fixed_manifest,50,1,host_fpga_pcie,FPGA_to_HOST,302592,359083.6343999907,359207.9223999907
34,fixed_manifest,50,2,gpu_host,HOST_to_GPU,302592,359207.9223999907,359242.39919999073
33,fixed_manifest,79,1,gpu_host,GPU_to_HOST,302592,359464.5556799906,359499.0324799907
33,fixed_manifest,79,2,host_fpga_pcie,HOST_to_FPGA,302592,359499.0324799907,359623.3204799906
33,fixed_manifest,80,1,host_fpga_pcie,FPGA_to_HOST,302592,359956.06799999066,360080.3559999906
33,fixed_manifest,80,2,gpu_host,HOST_to_GPU,302592,360080.3559999906,360114.8327999906
32,fixed_manifest,109,1,gpu_host,GPU_to_HOST,302592,361061.3431999905,361095.8199999905
32,fixed_manifest,109,2,host_fpga_pcie,HOST_to_FPGA,302592,361095.8199999905,361220.1079999905
32,fixed_manifest,110,1,host_fpga_pcie,FPGA_to_HOST,302592,361552.8555199905,361677.1435199905
32,fixed_manifest,110,2,gpu_host,HOST_to_GPU,302592,361677.1435199905,361711.6203199905
35,fixed_manifest,29,1,gpu_host,GPU_to_HOST,302592,361897.0823999904,361931.5591999904
35,fixed_manifest,29,2,host_fpga_pcie,HOST_to_FPGA,302592,361931.5591999904,362055.8471999904
35,fixed_manifest,30,1,host_fpga_pcie,FPGA_to_HOST,302592,362388.5947199904,362512.8827199904
35,fixed_manifest,30,2,gpu_host,HOST_to_GPU,302592,362512.8827199904,362547.3595199904
34,fixed_manifest,59,1,gpu_host,GPU_to_HOST,302592,362710.6919999904,362745.16879999044
34,fixed_manifest,59,2,host_fpga_pcie,HOST_to_FPGA,302592,362745.16879999044,362869.4567999904
34,fixed_manifest,60,1,host_fpga_pcie,FPGA_to_HOST,302592,363202.2043199904,363326.49231999036
34,fixed_manifest,60,2,gpu_host,HOST_to_GPU,302592,363326.49231999036,363360.96911999036
33,fixed_manifest,89,1,gpu_host,GPU_to_HOST,302592,363753.71695999027,363788.1937599903
33,fixed_manifest,89,2,host_fpga_pcie,HOST_to_FPGA,302592,363788.1937599903,363912.4817599903
36,fixed_manifest,9,1,gpu_host,GPU_to_HOST,302592,364218.5790399902,364253.0558399902
33,fixed_manifest,90,1,host_fpga_pcie,FPGA_to_HOST,302592,364245.22927999025,364460.9787199903
36,fixed_manifest,9,2,host_fpga_pcie,HOST_to_FPGA,302592,364253.0558399902,364468.80527999025
33,fixed_manifest,90,2,gpu_host,HOST_to_GPU,302592,364460.9787199903,364495.4555199903
36,fixed_manifest,10,1,host_fpga_pcie,FPGA_to_HOST,302592,364801.5527999903,364925.8407999902
36,fixed_manifest,10,2,gpu_host,HOST_to_GPU,302592,364925.8407999902,364960.31759999023
32,fixed_manifest,119,1,gpu_host,GPU_to_HOST,302592,365377.1537599901,365411.6305599901
32,fixed_manifest,119,2,host_fpga_pcie,HOST_to_FPGA,302592,365411.6305599901,365535.9185599901
32,fixed_manifest,120,1,host_fpga_pcie,FPGA_to_HOST,302592,365868.66607999016,365992.9540799901
32,fixed_manifest,120,2,gpu_host,HOST_to_GPU,302592,365992.9540799901,366027.4308799901
35,fixed_manifest,39,1,gpu_host,GPU_to_HOST,302592,366056.86639999005,366091.34319999005
35,fixed_manifest,39,2,host_fpga_pcie,HOST_to_FPGA,302592,366091.34319999005,366215.63119999
35,fixed_manifest,40,1,host_fpga_pcie,FPGA_to_HOST,302592,366548.37871999,366672.66671998997
35,fixed_manifest,40,2,gpu_host,HOST_to_GPU,302592,366672.66671998997,366707.14351999003
34,fixed_manifest,69,1,gpu_host,GPU_to_HOST,302592,366870.47599999,366904.95279999
34,fixed_manifest,69,2,host_fpga_pcie,HOST_to_FPGA,302592,366904.95279999,367029.24079999
33,fixed_manifest,99,1,gpu_host,GPU_to_HOST,302592,367311.39311998984,367345.86991998984
33,fixed_manifest,99,2,host_fpga_pcie,HOST_to_FPGA,302592,367345.86991998984,367553.3275199897
34,fixed_manifest,70,1,host_fpga_pcie,FPGA_to_HOST,302592,367361.98831999,367569.44591998984
34,fixed_manifest,70,2,gpu_host,HOST_to_GPU,302592,367569.44591998984,367603.92271998985
36,fixed_manifest,19,1,gpu_host,GPU_to_HOST,302592,367776.2551999898,367810.73199998983
36,fixed_manifest,19,2,host_fpga_pcie,HOST_to_FPGA,302592,367810.73199998983,367958.96495998994
33,fixed_manifest,100,1,host_fpga_pcie,FPGA_to_HOST,302592,367886.0750399897,368034.30799998983
33,fixed_manifest,100,2,gpu_host,HOST_to_GPU,302592,368034.30799998983,368068.78479998984
36,fixed_manifest,20,1,host_fpga_pcie,FPGA_to_HOST,302592,368291.7124799899,368416.0004799899
36,fixed_manifest,20,2,gpu_host,HOST_to_GPU,302592,368416.0004799899,368450.4772799899
35,fixed_manifest,49,1,gpu_host,GPU_to_HOST,302592,368823.0625599897,368857.5393599897
35,fixed_manifest,49,2,host_fpga_pcie,HOST_to_FPGA,302592,368857.5393599897,368981.8273599897
35,fixed_manifest,50,1,host_fpga_pcie,FPGA_to_HOST,302592,369314.5748799897,369438.86287998967
35,fixed_manifest,50,2,gpu_host,HOST_to_GPU,302592,369438.86287998967,369473.3396799897
34,fixed_manifest,79,1,gpu_host,GPU_to_HOST,302592,370253.77839998965,370288.25519998965
34,fixed_manifest,79,2,host_fpga_pcie,HOST_to_FPGA,302592,370288.25519998965,370412.5431999896
34,fixed_manifest,80,1,host_fpga_pcie,FPGA_to_HOST,302592,370745.2907199896,370869.57871998963
34,fixed_manifest,80,2,gpu_host,HOST_to_GPU,302592,370869.57871998963,370904.05551998963
33,fixed_manifest,109,1,gpu_host,GPU_to_HOST,302592,371273.93647998944,371308.4132799895
33,fixed_manifest,109,2,host_fpga_pcie,HOST_to_FPGA,302592,371308.4132799895,371432.70127998944
36,fixed_manifest,29,1,gpu_host,GPU_to_HOST,302592,371470.43983998947,371504.9166399895
36,fixed_manifest,29,2,host_fpga_pcie,HOST_to_FPGA,302592,371504.9166399895,371629.2046399894
33,fixed_manifest,110,1,host_fpga_pcie,FPGA_to_HOST,302592,371765.4487999895,371889.7367999894
33,fixed_manifest,110,2,gpu_host,HOST_to_GPU,302592,371889.7367999894,371924.2135999894
36,fixed_manifest,30,1,host_fpga_pcie,FPGA_to_HOST,302592,372098.19631998945,372222.48431998945
36,fixed_manifest,30,2,gpu_host,HOST_to_GPU,302592,372222.48431998945,372256.96111998946
35,fixed_manifest,59,1,gpu_host,GPU_to_HOST,302592,373093.8766399893,373128.3534399893
35,fixed_manifest,59,2,host_fpga_pcie,HOST_to_FPGA,302592,373128.3534399893,373252.6414399893
35,fixed_manifest,60,1,host_fpga_pcie,FPGA_to_HOST,302592,373585.3889599893,373709.6769599893
35,fixed_manifest,60,2,gpu_host,HOST_to_GPU,302592,373709.6769599893,373744.1537599893
37,fixed_manifest,9,1,gpu_host,GPU_to_HOST,302592,373751.45967998926,373785.93647998926
37,fixed_manifest,9,2,host_fpga_pcie,HOST_to_FPGA,302592,373785.93647998926,373910.2244799892
37,fixed_manifest,10,1,host_fpga_pcie,FPGA_to_HOST,302592,374242.97199998924,374367.2599999892
37,fixed_manifest,10,2,gpu_host,HOST_to_GPU,302592,374367.2599999892,374401.73679998924
34,fixed_manifest,89,1,gpu_host,GPU_to_HOST,302592,374717.31343998923,374751.79023998923
34,fixed_manifest,89,2,host_fpga_pcie,HOST_to_FPGA,302592,374751.79023998923,374876.0782399892
34,fixed_manifest,90,1,host_fpga_pcie,FPGA_to_HOST,302592,375208.8257599892,375333.11375998915
34,fixed_manifest,90,2,gpu_host,HOST_to_GPU,302592,375333.11375998915,375367.5905599892
33,fixed_manifest,119,1,gpu_host,GPU_to_HOST,302592,375433.7204799891,375468.1972799891
33,fixed_manifest,119,2,host_fpga_pcie,HOST_to_FPGA,302592,375468.1972799891,375592.4852799891
33,fixed_manifest,120,1,host_fpga_pcie,FPGA_to_HOST,302592,375925.23279998905,376049.52079998906
33,fixed_manifest,120,2,gpu_host,HOST_to_GPU,302592,376049.52079998906,376087.03887998906
36,fixed_manifest,39,1,gpu_host,GPU_to_HOST,302592,376072.95631998905,376110.47439998906
36,fixed_manifest,39,2,host_fpga_pcie,HOST_to_FPGA,302592,376110.47439998906,376234.76239998906
36,fixed_manifest,40,1,host_fpga_pcie,FPGA_to_HOST,302592,376567.50991998904,376691.79791998904
36,fixed_manifest,40,2,gpu_host,HOST_to_GPU,302592,376691.79791998904,376726.27471998904
35,fixed_manifest,69,1,gpu_host,GPU_to_HOST,302592,377253.66063998896,377288.13743998896
35,fixed_manifest,69,2,host_fpga_pcie,HOST_to_FPGA,302592,377288.13743998896,377412.4254399889
37,fixed_manifest,19,1,gpu_host,GPU_to_HOST,302592,377475.54959998885,377510.02639998886
37,fixed_manifest,19,2,host_fpga_pcie,HOST_to_FPGA,302592,377510.02639998886,377634.31439998886
35,fixed_manifest,70,1,host_fpga_pcie,FPGA_to_HOST,302592,377745.17295998894,377869.46095998894
35,fixed_manifest,70,2,gpu_host,HOST_to_GPU,302592,377869.46095998894,377903.93775998894
37,fixed_manifest,20,1,host_fpga_pcie,FPGA_to_HOST,302592,378077.92047998897,378203.84751998907
34,fixed_manifest,99,1,gpu_host,GPU_to_HOST,302592,378141.0926399888,378175.5694399888
34,fixed_manifest,99,2,host_fpga_pcie,HOST_to_FPGA,302592,378175.5694399888,378301.496479989
37,fixed_manifest,20,2,gpu_host,HOST_to_GPU,302592,378203.84751998907,378238.32431998913
34,fixed_manifest,100,1,host_fpga_pcie,FPGA_to_HOST,302592,378634.24399998895,378758.53199998895
34,fixed_manifest,100,2,gpu_host,HOST_to_GPU,302592,378758.53199998895,378793.00879998895
36,fixed_manifest,49,1,gpu_host,GPU_to_HOST,302592,379013.5262399887,379048.0030399887
36,fixed_manifest,49,2,host_fpga_pcie,HOST_to_FPGA,302592,379048.0030399887,379172.2910399887
36,fixed_manifest,50,1,host_fpga_pcie,FPGA_to_HOST,302592,379505.03855998866,379629.32655998867
36,fixed_manifest,50,2,gpu_host,HOST_to_GPU,302592,379629.32655998867,379663.80335998867
35,fixed_manifest,79,1,gpu_host,GPU_to_HOST,302592,380269.8683199886,380304.3451199886
35,fixed_manifest,79,2,host_fpga_pcie,HOST_to_FPGA,302592,380304.3451199886,380428.6331199886
35,fixed_manifest,80,1,host_fpga_pcie,FPGA_to_HOST,302592,380761.3806399886,380885.6686399886
35,fixed_manifest,80,2,gpu_host,HOST_to_GPU,302592,380885.6686399886,380920.1454399886
37,fixed_manifest,29,1,gpu_host,GPU_to_HOST,302592,381423.9233599885,381458.4001599885
37,fixed_manifest,29,2,host_fpga_pcie,HOST_to_FPGA,302592,381458.4001599885,381582.6881599885
37,fixed_manifest,30,1,host_fpga_pcie,FPGA_to_HOST,302592,381915.43567998847,382039.72367998847
37,fixed_manifest,30,2,gpu_host,HOST_to_GPU,302592,382039.72367998847,382074.2004799885
34,fixed_manifest,109,1,gpu_host,GPU_to_HOST,302592,382125.7655999884,382160.2423999884
34,fixed_manifest,109,2,host_fpga_pcie,HOST_to_FPGA,302592,382160.2423999884,382284.5303999884
34,fixed_manifest,110,1,host_fpga_pcie,FPGA_to_HOST,302592,382617.2779199884,382741.5659199884
34,fixed_manifest,110,2,gpu_host,HOST_to_GPU,302592,382741.5659199884,382776.0427199884
36,fixed_manifest,59,1,gpu_host,GPU_to_HOST,302592,383284.3403199883,383318.8171199883
36,fixed_manifest,59,2,host_fpga_pcie,HOST_to_FPGA,302592,383318.8171199883,383443.1051199883
36,fixed_manifest,60,1,host_fpga_pcie,FPGA_to_HOST,302592,383775.8526399883,383900.1406399883
36,fixed_manifest,60,2,gpu_host,HOST_to_GPU,302592,383900.1406399883,383934.6174399883
38,fixed_manifest,9,1,gpu_host,GPU_to_HOST,302592,384097.9499199882,384132.4267199883
38,fixed_manifest,9,2,host_fpga_pcie,HOST_to_FPGA,302592,384132.4267199883,384256.71471998823
38,fixed_manifest,10,1,host_fpga_pcie,FPGA_to_HOST,302592,384589.46223998826,384713.7502399882
38,fixed_manifest,10,2,gpu_host,HOST_to_GPU,302592,384713.7502399882,384748.2270399882
35,fixed_manifest,89,1,gpu_host,GPU_to_HOST,302592,384907.77711998817,384942.25391998823
35,fixed_manifest,89,2,host_fpga_pcie,HOST_to_FPGA,302592,384942.25391998823,385066.5419199882
35,fixed_manifest,90,1,host_fpga_pcie,FPGA_to_HOST,302592,385399.2894399882,385523.57743998815
35,fixed_manifest,90,2,gpu_host,HOST_to_GPU,302592,385523.57743998815,385558.05423998815
37,fixed_manifest,39,1,gpu_host,GPU_to_HOST,302592,385583.70735998807,385618.18415998813
37,fixed_manifest,39,2,host_fpga_pcie,HOST_to_FPGA,302592,385618.18415998813,385742.4721599881
37,fixed_manifest,40,1,host_fpga_pcie,FPGA_to_HOST,302592,386075.2196799881,386199.50767998805
37,fixed_manifest,40,2,gpu_host,HOST_to_GPU,302592,386199.50767998805,386233.98447998805
34,fixed_manifest,119,1,gpu_host,GPU_to_HOST,302592,386263.41999998805,386297.89679998806
34,fixed_manifest,119,2,host_fpga_pcie,HOST_to_FPGA,302592,386297.89679998806,386422.184799988
34,fixed_manifest,120,1,host_fpga_pcie,FPGA_to_HOST,302592,386754.93231998803,386879.22031998803
34,fixed_manifest,120,2,gpu_host,HOST_to_GPU,302592,386879.22031998803,386913.69711998804
36,fixed_manifest,69,1,gpu_host,GPU_to_HOST,302592,387444.12431998795,387478.60111998796
36,fixed_manifest,69,2,host_fpga_pcie,HOST_to_FPGA,302592,387478.60111998796,387602.8891199879
36,fixed_manifest,70,1,host_fpga_pcie,FPGA_to_HOST,302592,387935.63663998793,388059.9246399879
36,fixed_manifest,70,2,gpu_host,HOST_to_GPU,302592,388059.9246399879,388094.40143998794
38,fixed_manifest,19,1,gpu_host,GPU_to_HOST,302592,388257.73391998786,388292.21071998787
38,fixed_manifest,19,2,host_fpga_pcie,HOST_to_FPGA,302592,388292.21071998787,388416.49871998787
35,fixed_manifest,99,1,gpu_host,GPU_to_HOST,302592,388483.80047998775,388518.27727998776
35,fixed_manifest,99,2,host_fpga_pcie,HOST_to_FPGA,302592,388518.27727998776,388642.56527998776
38,fixed_manifest,20,1,host_fpga_pcie,FPGA_to_HOST,302592,388749.24623998784,388873.53423998784
38,fixed_manifest,20,2,gpu_host,HOST_to_GPU,302592,388873.53423998784,388908.01103998785
37,fixed_manifest,49,1,gpu_host,GPU_to_HOST,302592,388989.1393599877,389023.6161599877
37,fixed_manifest,49,2,host_fpga_pcie,HOST_to_FPGA,302592,389023.6161599877,389188.8145599876
35,fixed_manifest,100,1,host_fpga_pcie,FPGA_to_HOST,302592,389081.9937599879,389247.1921599877
35,fixed_manifest,100,2,gpu_host,HOST_to_GPU,302592,389247.1921599877,389281.6689599877
37,fixed_manifest,50,1,host_fpga_pcie,FPGA_to_HOST,302592,389521.56207998755,389645.85007998755
37,fixed_manifest,50,2,gpu_host,HOST_to_GPU,302592,389645.85007998755,389680.32687998755
36,fixed_manifest,79,1,gpu_host,GPU_to_HOST,302592,390035.9467199876,390070.4235199876
36,fixed_manifest,79,2,host_fpga_pcie,HOST_to_FPGA,302592,390070.4235199876,390194.71151998756
36,fixed_manifest,80,1,host_fpga_pcie,FPGA_to_HOST,302592,390527.4590399876,390651.7470399876
36,fixed_manifest,80,2,gpu_host,HOST_to_GPU,302592,390651.7470399876,390686.2238399876
38,fixed_manifest,29,1,gpu_host,GPU_to_HOST,302592,391636.5166399875,391670.99343998753
38,fixed_manifest,29,2,host_fpga_pcie,HOST_to_FPGA,302592,391670.99343998753,391795.2814399875
38,fixed_manifest,30,1,host_fpga_pcie,FPGA_to_HOST,302592,392128.0289599875,392252.31695998745
38,fixed_manifest,30,2,gpu_host,HOST_to_GPU,302592,392252.31695998745,392286.79375998746
35,fixed_manifest,109,1,gpu_host,GPU_to_HOST,302592,393259.9534399874,393298.7774399874
37,fixed_manifest,59,1,gpu_host,GPU_to_HOST,302592,393282.08303998737,393320.9070399874
35,fixed_manifest,109,2,host_fpga_pcie,HOST_to_FPGA,302592,393298.7774399874,393500.2238399875
37,fixed_manifest,59,2,host_fpga_pcie,HOST_to_FPGA,302592,393320.9070399874,393522.3534399874
35,fixed_manifest,110,1,host_fpga_pcie,FPGA_to_HOST,302592,393832.97135998745,393957.25935998745
35,fixed_manifest,110,2,gpu_host,HOST_to_GPU,302592,393957.25935998745,393991.73615998746
37,fixed_manifest,60,1,host_fpga_pcie,FPGA_to_HOST,302592,394165.7188799875,394290.0068799874
39,fixed_manifest,9,1,gpu_host,GPU_to_HOST,302592,394284.63119998726,394352.933279987
37,fixed_manifest,60,2,gpu_host,HOST_to_GPU,302592,394290.0068799874,394363.68463998736
36,fixed_manifest,89,1,gpu_host,GPU_to_HOST,302592,394306.76079998724,394372.06159998727
39,fixed_manifest,9,2,host_fpga_pcie,HOST_to_FPGA,302592,394352.933279987,394557.3809599867
36,fixed_manifest,89,2,host_fpga_pcie,HOST_to_FPGA,302592,394372.06159998727,394576.509279987
39,fixed_manifest,10,1,host_fpga_pcie,FPGA_to_HOST,302592,394890.12847998674,395014.4164799867
39,fixed_manifest,10,2,gpu_host,HOST_to_GPU,302592,395014.4164799867,395048.8932799867
38,fixed_manifest,39,1,gpu_host,GPU_to_HOST,302592,395160.8471999871,395195.32399998716
38,fixed_manifest,39,2,host_fpga_pcie,HOST_to_FPGA,302592,395195.32399998716,395391.34799998754
36,fixed_manifest,90,1,host_fpga_pcie,FPGA_to_HOST,302592,395222.8759999867,395418.89999998716
36,fixed_manifest,90,2,gpu_host,HOST_to_GPU,302592,395418.89999998716,395453.37679998716
38,fixed_manifest,40,1,host_fpga_pcie,FPGA_to_HOST,302592,395724.0955199876,395848.3835199875
38,fixed_manifest,40,2,gpu_host,HOST_to_GPU,302592,395848.3835199875,395882.8603199875
35,fixed_manifest,119,1,gpu_host,GPU_to_HOST,302592,396453.883679987,396488.36047998705
35,fixed_manifest,119,2,host_fpga_pcie,HOST_to_FPGA,302592,396488.36047998705,396612.648479987
35,fixed_manifest,120,1,host_fpga_pcie,FPGA_to_HOST,302592,396945.395999987,397069.68399998697
35,fixed_manifest,120,2,gpu_host,HOST_to_GPU,302592,397069.68399998697,397104.16079998703
37,fixed_manifest,69,1,gpu_host,GPU_to_HOST,302592,398077.3204799869,398111.7972799869
37,fixed_manifest,69,2,host_fpga_pcie,HOST_to_FPGA,302592,398111.7972799869,398236.0852799869
39,fixed_manifest,19,1,gpu_host,GPU_to_HOST,302592,398448.19759998686,398482.67439998686
39,fixed_manifest,19,2,host_fpga_pcie,HOST_to_FPGA,302592,398482.67439998686,398620.09199998685
37,fixed_manifest,70,1,host_fpga_pcie,FPGA_to_HOST,302592,398568.8327999869,398706.25039998686
36,fixed_manifest,99,1,gpu_host,GPU_to_HOST,302592,398655.91695998673,398690.3937599868
36,fixed_manifest,99,2,host_fpga_pcie,HOST_to_FPGA,302592,398690.3937599868,398814.68175998674
37,fixed_manifest,70,2,gpu_host,HOST_to_GPU,302592,398706.25039998686,398740.72719998687
38,fixed_manifest,49,1,gpu_host,GPU_to_HOST,302592,398952.8395199868,398987.3163199868
39,fixed_manifest,20,1,host_fpga_pcie,FPGA_to_HOST,302592,398952.8395199868,399141.9387199868
38,fixed_manifest,49,2,host_fpga_pcie,HOST_to_FPGA,302592,398987.3163199868,399176.4155199868
39,fixed_manifest,20,2,gpu_host,HOST_to_GPU,302592,399141.9387199868,399176.4155199868
36,fixed_manifest,100,1,host_fpga_pcie,FPGA_to_HOST,302592,399285.58703998686,399409.8750399868
36,fixed_manifest,100,2,gpu_host,HOST_to_GPU,302592,399409.8750399868,399444.3518399868
38,fixed_manifest,50,1,host_fpga_pcie,FPGA_to_HOST,302592,399618.33455998683,399742.62255998683
38,fixed_manifest,50,2,gpu_host,HOST_to_GPU,302592,399742.62255998683,399777.09935998684
37,fixed_manifest,79,1,gpu_host,GPU_to_HOST,302592,400422.25071998674,400456.72751998674
37,fixed_manifest,79,2,host_fpga_pcie,HOST_to_FPGA,302592,400456.72751998674,400581.0155199867
37,fixed_manifest,80,1,host_fpga_pcie,FPGA_to_HOST,302592,400913.7630399867,401038.05103998666
37,fixed_manifest,80,2,gpu_host,HOST_to_GPU,302592,401038.05103998666,401072.5278399867
39,fixed_manifest,29,1,gpu_host,GPU_to_HOST,302592,402336.1758399866,402370.6526399866
39,fixed_manifest,29,2,host_fpga_pcie,HOST_to_FPGA,302592,402370.6526399866,402494.9406399866
39,fixed_manifest,30,1,host_fpga_pcie,FPGA_to_HOST,302592,402827.6881599866,402951.9761599866
39,fixed_manifest,30,2,gpu_host,HOST_to_GPU,302592,402951.9761599866,402986.4529599866
36,fixed_manifest,109,1,gpu_host,GPU_to_HOST,302592,403472.62095998647,403507.0977599865
36,fixed_manifest,109,2,host_fpga_pcie,HOST_to_FPGA,302592,403507.0977599865,403631.3857599865
38,fixed_manifest,59,1,gpu_host,GPU_to_HOST,302592,403669.1243199865,403703.6011199865
38,fixed_manifest,59,2,host_fpga_pcie,HOST_to_FPGA,302592,403703.6011199865,403827.88911998644
36,fixed_manifest,110,1,host_fpga_pcie,FPGA_to_HOST,302592,403964.1332799865,404153.23247998644
40,fixed_manifest,9,1,gpu_host,GPU_to_HOST,302592,403964.1332799865,403998.6100799865
40,fixed_manifest,9,2,host_fpga_pcie,HOST_to_FPGA,302592,403998.6100799865,404187.7092799865
36,fixed_manifest,110,2,gpu_host,HOST_to_GPU,302592,404153.23247998644,404187.7092799865
38,fixed_manifest,60,1,host_fpga_pcie,FPGA_to_HOST,302592,404296.8807999865,404421.1687999865
38,fixed_manifest,60,2,gpu_host,HOST_to_GPU,302592,404421.1687999865,404455.6455999865
37,fixed_manifest,89,1,gpu_host,GPU_to_HOST,302592,404541.5579199864,404576.0347199864
37,fixed_manifest,89,2,host_fpga_pcie,HOST_to_FPGA,302592,404576.0347199864,404746.01711998624
40,fixed_manifest,10,1,host_fpga_pcie,FPGA_to_HOST,302592,404629.6283199865,404799.6107199864
40,fixed_manifest,10,2,gpu_host,HOST_to_GPU,302592,404799.6107199864,404834.0875199864
37,fixed_manifest,90,1,host_fpga_pcie,FPGA_to_HOST,302592,405078.7646399863,405203.0526399862
37,fixed_manifest,90,2,gpu_host,HOST_to_GPU,302592,405203.0526399862,405237.5294399863
39,fixed_manifest,39,1,gpu_host,GPU_to_HOST,302592,405856.72399998625,405891.20079998625
39,fixed_manifest,39,2,host_fpga_pcie,HOST_to_FPGA,302592,405891.20079998625,406015.4887999862
39,fixed_manifest,40,1,host_fpga_pcie,FPGA_to_HOST,302592,406348.23631998623,406472.52431998623
39,fixed_manifest,40,2,gpu_host,HOST_to_GPU,302592,406472.52431998623,406507.00111998623
36,fixed_manifest,119,1,gpu_host,GPU_to_HOST,302592,407480.1607999861,407514.6375999861
36,fixed_manifest,119,2,host_fpga_pcie,HOST_to_FPGA,302592,407514.6375999861,407638.9255999861
38,fixed_manifest,69,1,gpu_host,GPU_to_HOST,302592,407851.03791998606,407885.51471998607
38,fixed_manifest,69,2,host_fpga_pcie,HOST_to_FPGA,302592,407885.51471998607,408022.93231998605
36,fixed_manifest,120,1,host_fpga_pcie,FPGA_to_HOST,302592,407971.67311998614,408109.09071998607
36,fixed_manifest,120,2,gpu_host,HOST_to_GPU,302592,408109.09071998607,408143.56751998607
38,fixed_manifest,70,1,host_fpga_pcie,FPGA_to_HOST,302592,408355.679839986,408479.967839986
38,fixed_manifest,70,2,gpu_host,HOST_to_GPU,302592,408479.967839986,408514.44463998603
40,fixed_manifest,19,1,gpu_host,GPU_to_HOST,302592,408660.865119986,408695.341919986
40,fixed_manifest,19,2,host_fpga_pcie,HOST_to_FPGA,302592,408695.341919986,408819.629919986
37,fixed_manifest,99,1,gpu_host,GPU_to_HOST,302592,408894.0628799859,408928.53967998596
37,fixed_manifest,99,2,host_fpga_pcie,HOST_to_FPGA,302592,408928.53967998596,409052.8276799859
40,fixed_manifest,20,1,host_fpga_pcie,FPGA_to_HOST,302592,409152.377439986,409276.665439986
40,fixed_manifest,20,2,gpu_host,HOST_to_GPU,302592,409276.665439986,409311.142239986
39,fixed_manifest,49,1,gpu_host,GPU_to_HOST,302592,409414.4001599858,409448.8769599858
39,fixed_manifest,49,2,host_fpga_pcie,HOST_to_FPGA,302592,409448.8769599858,409636.2049599856
37,fixed_manifest,100,1,host_fpga_pcie,FPGA_to_HOST,302592,409485.124959986,409672.4529599858
37,fixed_manifest,100,2,gpu_host,HOST_to_GPU,302592,409672.4529599858,409706.9297599858
39,fixed_manifest,50,1,host_fpga_pcie,FPGA_to_HOST,302592,409968.95247998566,410093.24047998566
39,fixed_manifest,50,2,gpu_host,HOST_to_GPU,302592,410093.24047998566,410127.71727998566
38,fixed_manifest,79,1,gpu_host,GPU_to_HOST,302592,410612.7143999857,410647.19119998574
38,fixed_manifest,79,2,host_fpga_pcie,HOST_to_FPGA,302592,410647.19119998574,410771.4791999857
38,fixed_manifest,80,1,host_fpga_pcie,FPGA_to_HOST,302592,411104.2267199857,411228.51471998566
38,fixed_manifest,80,2,gpu_host,HOST_to_GPU,302592,411228.51471998566,411262.99151998566
40,fixed_manifest,29,1,gpu_host,GPU_to_HOST,302592,412526.6395199856,412561.1163199856
40,fixed_manifest,29,2,host_fpga_pcie,HOST_to_FPGA,302592,412561.1163199856,412685.4043199856
40,fixed_manifest,30,1,host_fpga_pcie,FPGA_to_HOST,302592,413018.15183998557,413142.43983998557
40,fixed_manifest,30,2,gpu_host,HOST_to_GPU,302592,413142.43983998557,413176.9166399856
37,fixed_manifest,109,1,gpu_host,GPU_to_HOST,302592,413663.08463998546,413697.56143998547
37,fixed_manifest,109,2,host_fpga_pcie,HOST_to_FPGA,302592,413697.56143998547,413821.84943998547
39,fixed_manifest,59,1,gpu_host,GPU_to_HOST,302592,413877.93519998546,413912.41199998546
39,fixed_manifest,59,2,host_fpga_pcie,HOST_to_FPGA,302592,413912.41199998546,414036.69999998546
37,fixed_manifest,110,1,host_fpga_pcie,FPGA_to_HOST,302592,414154.59695998544,414343.69615998544
41,fixed_manifest,9,1,gpu_host,GPU_to_HOST,302592,414154.59695998544,414189.0737599855
41,fixed_manifest,9,2,host_fpga_pcie,HOST_to_FPGA,302592,414189.0737599855,414378.17295998544
37,fixed_manifest,110,2,gpu_host,HOST_to_GPU,302592,414343.69615998544,414378.17295998544
39,fixed_manifest,60,1,host_fpga_pcie,FPGA_to_HOST,302592,414487.3444799855,414611.6324799854
39,fixed_manifest,60,2,gpu_host,HOST_to_GPU,302592,414611.6324799854,414646.1092799855
38,fixed_manifest,89,1,gpu_host,GPU_to_HOST,302592,414732.02159998537,414766.4983999854
38,fixed_manifest,89,2,host_fpga_pcie,HOST_to_FPGA,302592,414766.4983999854,414936.48079998523
41,fixed_manifest,10,1,host_fpga_pcie,FPGA_to_HOST,302592,414820.0919999855,414990.0743999854
41,fixed_manifest,10,2,gpu_host,HOST_to_GPU,302592,414990.0743999854,415024.5511999854
38,fixed_manifest,90,1,host_fpga_pcie,FPGA_to_HOST,302592,415269.22831998527,415393.5163199852
38,fixed_manifest,90,2,gpu_host,HOST_to_GPU,302592,415393.5163199852,415427.9931199852
40,fixed_manifest,39,1,gpu_host,GPU_to_HOST,302592,416047.18767998525,416081.66447998525
40,fixed_manifest,39,2,host_fpga_pcie,HOST_to_FPGA,302592,416081.66447998525,416205.9524799852
40,fixed_manifest,40,1,host_fpga_pcie,FPGA_to_HOST,302592,416538.6999999852,416662.98799998517
40,fixed_manifest,40,2,gpu_host,HOST_to_GPU,302592,416662.98799998517,416697.46479998523
37,fixed_manifest,119,1,gpu_host,GPU_to_HOST,302592,417670.6244799851,417705.1012799851
37,fixed_manifest,119,2,host_fpga_pcie,HOST_to_FPGA,302592,417705.1012799851,417829.3892799851
39,fixed_manifest,69,1,gpu_host,GPU_to_HOST,302592,418041.50159998506,418075.97839998506
39,fixed_manifest,69,2,host_fpga_pcie,HOST_to_FPGA,302592,418075.97839998506,418213.39599998505
37,fixed_manifest,120,1,host_fpga_pcie,FPGA_to_HOST,302592,418162.1367999851,418299.55439998506
37,fixed_manifest,120,2,gpu_host,HOST_to_GPU,302592,418299.55439998506,418334.03119998507
39,fixed_manifest,70,1,host_fpga_pcie,FPGA_to_HOST,302592,418546.143519985,418670.431519985
39,fixed_manifest,70,2,gpu_host,HOST_to_GPU,302592,418670.431519985,418704.908319985
41,fixed_manifest,19,1,gpu_host,GPU_to_HOST,302592,418851.328799985,418885.805599985
41,fixed_manifest,19,2,host_fpga_pcie,HOST_to_FPGA,302592,418885.805599985,419010.093599985
38,fixed_manifest,99,1,gpu_host,GPU_to_HOST,302592,419084.5265599849,419119.0033599849
38,fixed_manifest,99,2,host_fpga_pcie,HOST_to_FPGA,302592,419119.0033599849,419243.2913599849
41,fixed_manifest,20,1,host_fpga_pcie,FPGA_to_HOST,302592,419342.841119985,419467.129119985
41,fixed_manifest,20,2,gpu_host,HOST_to_GPU,302592,419467.129119985,419501.605919985
40,fixed_manifest,49,1,gpu_host,GPU_to_HOST,302592,419604.8638399848,419639.3406399848
40,fixed_manifest,49,2,host_fpga_pcie,HOST_to_FPGA,302592,419639.3406399848,419826.6686399846
38,fixed_manifest,100,1,host_fpga_pcie,FPGA_to_HOST,302592,419675.588639985,419862.9166399848
38,fixed_manifest,100,2,gpu_host,HOST_to_GPU,302592,419862.9166399848,419897.3934399848
40,fixed_manifest,50,1,host_fpga_pcie,FPGA_to_HOST,302592,420159.41615998466,420283.7041599846
40,fixed_manifest,50,2,gpu_host,HOST_to_GPU,302592,420283.7041599846,420318.18095998466
39,fixed_manifest,79,1,gpu_host,GPU_to_HOST,302592,420803.1780799847,420837.6548799847
39,fixed_manifest,79,2,host_fpga_pcie,HOST_to_FPGA,302592,420837.6548799847,420961.9428799847
39,fixed_manifest,80,1,host_fpga_pcie,FPGA_to_HOST,302592,421294.6903999847,421418.97839998465
39,fixed_manifest,80,2,gpu_host,HOST_to_GPU,302592,421418.97839998465,421453.45519998466
41,fixed_manifest,29,1,gpu_host,GPU_to_HOST,302592,422717.1031999846,422751.5799999846
41,fixed_manifest,29,2,host_fpga_pcie,HOST_to_FPGA,302592,422751.5799999846,422875.86799998453
41,fixed_manifest,30,1,host_fpga_pcie,FPGA_to_HOST,302592,423208.61551998457,423332.9035199845
41,fixed_manifest,30,2,gpu_host,HOST_to_GPU,302592,423332.9035199845,423367.3803199846
38,fixed_manifest,109,1,gpu_host,GPU_to_HOST,302592,423853.54831998446,423888.02511998446
38,fixed_manifest,109,2,host_fpga_pcie,HOST_to_FPGA,302592,423888.02511998446,424012.31311998446
40,fixed_manifest,59,1,gpu_host,GPU_to_HOST,302592,424068.39887998445,424102.87567998446
40,fixed_manifest,59,2,host_fpga_pcie,HOST_to_FPGA,302592,424102.87567998446,424227.1636799844
38,fixed_manifest,110,1,host_fpga_pcie,FPGA_to_HOST,302592,424345.06063998444,424534.15983998444
42,fixed_manifest,9,1,gpu_host,GPU_to_HOST,302592,424345.06063998444,424379.53743998444
42,fixed_manifest,9,2,host_fpga_pcie,HOST_to_FPGA,302592,424379.53743998444,424568.63663998444
38,fixed_manifest,110,2,gpu_host,HOST_to_GPU,302592,424534.15983998444,424568.63663998444
40,fixed_manifest,60,1,host_fpga_pcie,FPGA_to_HOST,302592,424677.8081599845,424802.0961599844
40,fixed_manifest,60,2,gpu_host,HOST_to_GPU,302592,424802.0961599844,424836.5729599844
39,fixed_manifest,89,1,gpu_host,GPU_to_HOST,302592,424922.4852799843,424956.96207998437
39,fixed_manifest,89,2,host_fpga_pcie,HOST_to_FPGA,302592,424956.96207998437,425126.94447998423
42,fixed_manifest,10,1,host_fpga_pcie,FPGA_to_HOST,302592,425010.55567998445,425180.53807998437
42,fixed_manifest,10,2,gpu_host,HOST_to_GPU,302592,425180.53807998437,425215.0148799844
39,fixed_manifest,90,1,host_fpga_pcie,FPGA_to_HOST,302592,425459.6919999842,425583.9799999842
39,fixed_manifest,90,2,gpu_host,HOST_to_GPU,302592,425583.9799999842,425618.4567999842
41,fixed_manifest,39,1,gpu_host,GPU_to_HOST,302592,426237.6513599842,426272.12815998425
41,fixed_manifest,39,2,host_fpga_pcie,HOST_to_FPGA,302592,426272.12815998425,426396.4161599842
41,fixed_manifest,40,1,host_fpga_pcie,FPGA_to_HOST,302592,426729.1636799842,426853.45167998417
41,fixed_manifest,40,2,gpu_host,HOST_to_GPU,302592,426853.45167998417,426887.92847998417
38,fixed_manifest,119,1,gpu_host,GPU_to_HOST,302592,427861.0881599841,427895.5649599841
38,fixed_manifest,119,2,host_fpga_pcie,HOST_to_FPGA,302592,427895.5649599841,428019.8529599841
40,fixed_manifest,69,1,gpu_host,GPU_to_HOST,302592,428231.96527998406,428266.44207998406
40,fixed_manifest,69,2,host_fpga_pcie,HOST_to_FPGA,302592,428266.44207998406,428403.859679984
38,fixed_manifest,120,1,host_fpga_pcie,FPGA_to_HOST,302592,428352.6004799841,428490.01807998406
38,fixed_manifest,120,2,gpu_host,HOST_to_GPU,302592,428490.01807998406,428524.49487998406
40,fixed_manifest,70,1,host_fpga_pcie,FPGA_to_HOST,302592,428736.607199984,428860.895199984
40,fixed_manifest,70,2,gpu_host,HOST_to_GPU,302592,428860.895199984,428895.371999984
42,fixed_manifest,19,1,gpu_host,GPU_to_HOST,302592,429041.792479984,429076.269279984
42,fixed_manifest,19,2,host_fpga_pcie,HOST_to_FPGA,302592,429076.269279984,429200.55727998394
39,fixed_manifest,99,1,gpu_host,GPU_to_HOST,302592,429274.9902399839,429309.4670399839
39,fixed_manifest,99,2,host_fpga_pcie,HOST_to_FPGA,302592,429309.4670399839,429433.7550399839
42,fixed_manifest,20,1,host_fpga_pcie,FPGA_to_HOST,302592,429533.304799984,429657.5927999839
42,fixed_manifest,20,2,gpu_host,HOST_to_GPU,302592,429657.5927999839,429692.069599984
41,fixed_manifest,49,1,gpu_host,GPU_to_HOST,302592,429795.3275199838,429829.8043199838
41,fixed_manifest,49,2,host_fpga_pcie,HOST_to_FPGA,302592,429829.8043199838,430017.1323199836
39,fixed_manifest,100,1,host_fpga_pcie,FPGA_to_HOST,302592,429866.052319984,430053.3803199838
39,fixed_manifest,100,2,gpu_host,HOST_to_GPU,302592,430053.3803199838,430087.8571199838
41,fixed_manifest,50,1,host_fpga_pcie,FPGA_to_HOST,302592,430349.87983998365,430474.1678399836
41,fixed_manifest,50,2,gpu_host,HOST_to_GPU,302592,430474.1678399836,430508.6446399836
40,fixed_manifest,79,1,gpu_host,GPU_to_HOST,302592,431011.9889599837,431046.4657599837
40,fixed_manifest,79,2,host_fpga_pcie,HOST_to_FPGA,302592,431046.4657599837,431170.75375998364
40,fixed_manifest,80,1,host_fpga_pcie,FPGA_to_HOST,302592,431503.50127998367,431627.7892799836
40,fixed_manifest,80,2,gpu_host,HOST_to_GPU,302592,431627.7892799836,431662.2660799837
42,fixed_manifest,29,1,gpu_host,GPU_to_HOST,302592,432907.5668799835,432942.0436799836
42,fixed_manifest,29,2,host_fpga_pcie,HOST_to_FPGA,302592,432942.0436799836,433066.33167998353
42,fixed_manifest,30,1,host_fpga_pcie,FPGA_to_HOST,302592,433399.07919998356,433523.3671999835
42,fixed_manifest,30,2,gpu_host,HOST_to_GPU,302592,433523.3671999835,433557.8439999835
39,fixed_manifest,109,1,gpu_host,GPU_to_HOST,302592,434080.70639998344,434115.18319998344
39,fixed_manifest,109,2,host_fpga_pcie,HOST_to_FPGA,302592,434115.18319998344,434239.4711999834
41,fixed_manifest,59,1,gpu_host,GPU_to_HOST,302592,434258.8625599834,434293.33935998345
41,fixed_manifest,59,2,host_fpga_pcie,HOST_to_FPGA,302592,434293.33935998345,434417.6273599834
39,fixed_manifest,110,1,host_fpga_pcie,FPGA_to_HOST,302592,434572.2187199834,434761.3179199834
43,fixed_manifest,9,1,gpu_host,GPU_to_HOST,302592,434572.2187199834,434606.6955199834
43,fixed_manifest,9,2,host_fpga_pcie,HOST_to_FPGA,302592,434606.6955199834,434795.7947199834
39,fixed_manifest,110,2,gpu_host,HOST_to_GPU,302592,434761.3179199834,434795.7947199834
41,fixed_manifest,60,1,host_fpga_pcie,FPGA_to_HOST,302592,434904.96623998345,435029.2542399834
41,fixed_manifest,60,2,gpu_host,HOST_to_GPU,302592,435029.2542399834,435063.7310399834
40,fixed_manifest,89,1,gpu_host,GPU_to_HOST,302592,435112.9489599833,435147.4257599833
40,fixed_manifest,89,2,host_fpga_pcie,HOST_to_FPGA,302592,435147.4257599833,435280.71375998325
43,fixed_manifest,10,1,host_fpga_pcie,FPGA_to_HOST,302592,435237.7137599834,435371.0017599833
43,fixed_manifest,10,2,gpu_host,HOST_to_GPU,302592,435371.0017599833,435405.47855998337
40,fixed_manifest,90,1,host_fpga_pcie,FPGA_to_HOST,302592,435613.4612799832,435737.7492799832
40,fixed_manifest,90,2,gpu_host,HOST_to_GPU,302592,435737.7492799832,435772.22607998323
42,fixed_manifest,39,1,gpu_host,GPU_to_HOST,302592,436446.4622399832,436480.9390399832
42,fixed_manifest,39,2,host_fpga_pcie,HOST_to_FPGA,302592,436480.9390399832,436605.22703998315
42,fixed_manifest,40,1,host_fpga_pcie,FPGA_to_HOST,302592,436937.9745599832,437062.2625599831
42,fixed_manifest,40,2,gpu_host,HOST_to_GPU,302592,437062.2625599831,437096.7393599832
39,fixed_manifest,119,1,gpu_host,GPU_to_HOST,302592,438051.5518399831,438086.0286399831
39,fixed_manifest,119,2,host_fpga_pcie,HOST_to_FPGA,302592,438086.0286399831,438210.31663998304
41,fixed_manifest,69,1,gpu_host,GPU_to_HOST,302592,438422.428959983,438456.90575998306
41,fixed_manifest,69,2,host_fpga_pcie,HOST_to_FPGA,302592,438456.90575998306,438594.323359983
39,fixed_manifest,120,1,host_fpga_pcie,FPGA_to_HOST,302592,438543.06415998307,438680.48175998306
39,fixed_manifest,120,2,gpu_host,HOST_to_GPU,302592,438680.48175998306,438714.95855998306
41,fixed_manifest,70,1,host_fpga_pcie,FPGA_to_HOST,302592,438927.070879983,439051.35887998296
41,fixed_manifest,70,2,gpu_host,HOST_to_GPU,302592,439051.35887998296,439085.835679983
43,fixed_manifest,19,1,gpu_host,GPU_to_HOST,302592,439250.60335998295,439289.427359983
40,fixed_manifest,99,1,gpu_host,GPU_to_HOST,302592,439272.73295998294,439311.55695998296
43,fixed_manifest,19,2,host_fpga_pcie,HOST_to_FPGA,302592,439289.427359983,439490.87375998305
40,fixed_manifest,99,2,host_fpga_pcie,HOST_to_FPGA,302592,439311.55695998296,439513.003359983
43,fixed_manifest,20,1,host_fpga_pcie,FPGA_to_HOST,302592,439823.621279983,439947.909279983
43,fixed_manifest,20,2,gpu_host,HOST_to_GPU,302592,439947.909279983,439982.386079983
42,fixed_manifest,49,1,gpu_host,GPU_to_HOST,302592,439985.79119998275,440020.2679999828
42,fixed_manifest,49,2,host_fpga_pcie,HOST_to_FPGA,302592,440020.2679999828,440144.55599998275
40,fixed_manifest,100,1,host_fpga_pcie,FPGA_to_HOST,302592,440156.36879998306,440280.656799983
40,fixed_manifest,100,2,gpu_host,HOST_to_GPU,302592,440280.656799983,440315.133599983
42,fixed_manifest,50,1,host_fpga_pcie,FPGA_to_HOST,302592,440489.11631998303,440613.40431998303
42,fixed_manifest,50,2,gpu_host,HOST_to_GPU,302592,440613.40431998303,440647.88111998304
41,fixed_manifest,79,1,gpu_host,GPU_to_HOST,302592,441050.2084799826,441084.68527998263
41,fixed_manifest,79,2,host_fpga_pcie,HOST_to_FPGA,302592,441084.68527998263,441208.9732799826
41,fixed_manifest,80,1,host_fpga_pcie,FPGA_to_HOST,302592,441541.7207999826,441666.0087999826
41,fixed_manifest,80,2,gpu_host,HOST_to_GPU,302592,441666.0087999826,441700.4855999826
43,fixed_manifest,29,1,gpu_host,GPU_to_HOST,302592,443580.6750399825,443615.1518399825
43,fixed_manifest,29,2,host_fpga_pcie,HOST_to_FPGA,302592,443615.1518399825,443739.4398399825
43,fixed_manifest,30,1,host_fpga_pcie,FPGA_to_HOST,302592,444072.1873599825,444196.47535998246
43,fixed_manifest,30,2,gpu_host,HOST_to_GPU,302592,444196.47535998246,444230.95215998247
44,fixed_manifest,9,1,gpu_host,GPU_to_HOST,302592,444234.4756799824,444268.95247998246
44,fixed_manifest,9,2,host_fpga_pcie,HOST_to_FPGA,302592,444268.95247998246,444393.2404799824
40,fixed_manifest,109,1,gpu_host,GPU_to_HOST,302592,444412.6318399824,444447.1086399824
40,fixed_manifest,109,2,host_fpga_pcie,HOST_to_FPGA,302592,444447.1086399824,444571.3966399824
42,fixed_manifest,59,1,gpu_host,GPU_to_HOST,302592,444725.98799998243,444760.46479998244
44,fixed_manifest,10,1,host_fpga_pcie,FPGA_to_HOST,302592,444725.98799998243,444915.08719998243
42,fixed_manifest,59,2,host_fpga_pcie,HOST_to_FPGA,302592,444760.46479998244,444949.56399998243
44,fixed_manifest,10,2,gpu_host,HOST_to_GPU,302592,444915.08719998243,444949.56399998243
40,fixed_manifest,110,1,host_fpga_pcie,FPGA_to_HOST,302592,445058.7355199824,445183.0235199824
41,fixed_manifest,89,1,gpu_host,GPU_to_HOST,302592,445129.0388799823,445163.5156799823
41,fixed_manifest,89,2,host_fpga_pcie,HOST_to_FPGA,302592,445163.5156799823,445287.80367998226
40,fixed_manifest,110,2,gpu_host,HOST_to_GPU,302592,445183.0235199824,445217.5003199824
42,fixed_manifest,60,1,host_fpga_pcie,FPGA_to_HOST,302592,445391.48303998244,445515.7710399824
42,fixed_manifest,60,2,gpu_host,HOST_to_GPU,302592,445515.7710399824,445550.24783998245
41,fixed_manifest,90,1,host_fpga_pcie,FPGA_to_HOST,302592,445724.2305599825,445848.5185599824
41,fixed_manifest,90,2,gpu_host,HOST_to_GPU,302592,445848.5185599824,445882.9953599824
43,fixed_manifest,39,1,gpu_host,GPU_to_HOST,302592,446636.92591998214,446671.4027199822
43,fixed_manifest,39,2,host_fpga_pcie,HOST_to_FPGA,302592,446671.4027199822,446795.69071998214
43,fixed_manifest,40,1,host_fpga_pcie,FPGA_to_HOST,302592,447128.4382399822,447252.7262399821
43,fixed_manifest,40,2,gpu_host,HOST_to_GPU,302592,447252.7262399821,447287.2030399821
44,fixed_manifest,19,1,gpu_host,GPU_to_HOST,302592,448398.04207998206,448432.51887998206
44,fixed_manifest,19,2,host_fpga_pcie,HOST_to_FPGA,302592,448432.51887998206,448556.80687998206
40,fixed_manifest,119,1,gpu_host,GPU_to_HOST,302592,448765.136799982,448799.613599982
40,fixed_manifest,119,2,host_fpga_pcie,HOST_to_FPGA,302592,448799.613599982,448933.2487999819
44,fixed_manifest,20,1,host_fpga_pcie,FPGA_to_HOST,302592,448889.5543999821,449023.189599982
44,fixed_manifest,20,2,gpu_host,HOST_to_GPU,302592,449023.189599982,449057.666399982
40,fixed_manifest,120,1,host_fpga_pcie,FPGA_to_HOST,302592,449265.99631998193,449390.2843199819
40,fixed_manifest,120,2,gpu_host,HOST_to_GPU,302592,449390.2843199819,449424.76111998194
42,fixed_manifest,69,1,gpu_host,GPU_to_HOST,302592,449441.06703998195,449479.891039982
41,fixed_manifest,99,1,gpu_host,GPU_to_HOST,302592,449463.19663998194,449502.02063998196
42,fixed_manifest,69,2,host_fpga_pcie,HOST_to_FPGA,302592,449479.891039982,449681.337439982
41,fixed_manifest,99,2,host_fpga_pcie,HOST_to_FPGA,302592,449502.02063998196,449703.467039982
42,fixed_manifest,70,1,host_fpga_pcie,FPGA_to_HOST,302592,450014.084959982,450138.37295998196
42,fixed_manifest,70,2,gpu_host,HOST_to_GPU,302592,450138.37295998196,450172.849759982
41,fixed_manifest,100,1,host_fpga_pcie,FPGA_to_HOST,302592,450346.83247998205,450471.120479982
43,fixed_manifest,49,1,gpu_host,GPU_to_HOST,302592,450468.7899199818,450527.4129599816
41,fixed_manifest,100,2,gpu_host,HOST_to_GPU,302592,450471.120479982,450529.7435199818
43,fixed_manifest,49,2,host_fpga_pcie,HOST_to_FPGA,302592,450527.4129599816,450651.7009599816
43,fixed_manifest,50,1,host_fpga_pcie,FPGA_to_HOST,302592,450984.44847998157,451108.73647998157
43,fixed_manifest,50,2,gpu_host,HOST_to_GPU,302592,451108.73647998157,451143.2132799816
44,fixed_manifest,29,1,gpu_host,GPU_to_HOST,302592,451683.40463998157,451717.8814399816
44,fixed_manifest,29,2,host_fpga_pcie,HOST_to_FPGA,302592,451717.8814399816,451842.1694399816
44,fixed_manifest,30,1,host_fpga_pcie,FPGA_to_HOST,302592,452174.91695998155,452299.20495998155
44,fixed_manifest,30,2,gpu_host,HOST_to_GPU,302592,452299.20495998155,452333.68175998155
42,fixed_manifest,79,1,gpu_host,GPU_to_HOST,302592,453789.4859199815,453828.3099199815
45,fixed_manifest,9,1,gpu_host,GPU_to_HOST,302592,453811.6155199814,453850.4395199815
42,fixed_manifest,79,2,host_fpga_pcie,HOST_to_FPGA,302592,453828.3099199815,454029.75631998153
45,fixed_manifest,9,2,host_fpga_pcie,HOST_to_FPGA,302592,453850.4395199815,454051.8859199815
42,fixed_manifest,80,1,host_fpga_pcie,FPGA_to_HOST,302592,454362.50383998157,454486.7918399815
42,fixed_manifest,80,2,gpu_host,HOST_to_GPU,302592,454486.7918399815,454521.2686399816
41,fixed_manifest,109,1,gpu_host,GPU_to_HOST,302592,454603.0955199814,454637.5723199814
41,fixed_manifest,109,2,host_fpga_pcie,HOST_to_FPGA,302592,454637.5723199814,454803.4692799813
45,fixed_manifest,10,1,host_fpga_pcie,FPGA_to_HOST,302592,454695.25135998154,454861.1483199814
43,fixed_manifest,59,1,gpu_host,GPU_to_HOST,302592,454814.1636799814,454848.6404799814
43,fixed_manifest,59,2,host_fpga_pcie,HOST_to_FPGA,302592,454848.6404799814,454972.9284799813
45,fixed_manifest,10,2,gpu_host,HOST_to_GPU,302592,454861.1483199814,454895.6251199814
41,fixed_manifest,110,1,host_fpga_pcie,FPGA_to_HOST,302592,455136.2167999813,455260.50479998125
41,fixed_manifest,110,2,gpu_host,HOST_to_GPU,302592,455260.50479998125,455294.98159998126
44,fixed_manifest,39,1,gpu_host,GPU_to_HOST,302592,455319.50255998125,455353.9793599813
44,fixed_manifest,39,2,host_fpga_pcie,HOST_to_FPGA,302592,455353.9793599813,455478.26735998126
43,fixed_manifest,60,1,host_fpga_pcie,FPGA_to_HOST,302592,455468.9643199813,455593.2523199813
43,fixed_manifest,60,2,gpu_host,HOST_to_GPU,302592,455593.2523199813,455627.7291199813
44,fixed_manifest,40,1,host_fpga_pcie,FPGA_to_HOST,302592,455811.0148799813,455935.30287998123
44,fixed_manifest,40,2,gpu_host,HOST_to_GPU,302592,455935.30287998123,455969.77967998123
42,fixed_manifest,89,1,gpu_host,GPU_to_HOST,302592,457005.54575998115,457040.02255998115
42,fixed_manifest,89,2,host_fpga_pcie,HOST_to_FPGA,302592,457040.02255998115,457164.31055998115
42,fixed_manifest,90,1,host_fpga_pcie,FPGA_to_HOST,302592,457497.0580799811,457621.34607998113
42,fixed_manifest,90,2,gpu_host,HOST_to_GPU,302592,457621.34607998113,457655.82287998113
45,fixed_manifest,19,1,gpu_host,GPU_to_HOST,302592,458606.8529599811,458645.6769599811
41,fixed_manifest,119,1,gpu_host,GPU_to_HOST,302592,458628.982559981,458667.8065599811
45,fixed_manifest,19,2,host_fpga_pcie,HOST_to_FPGA,302592,458645.6769599811,458847.1233599811
41,fixed_manifest,119,2,host_fpga_pcie,HOST_to_FPGA,302592,458667.8065599811,458869.2529599811
45,fixed_manifest,20,1,host_fpga_pcie,FPGA_to_HOST,302592,459179.87087998114,459304.1588799811
45,fixed_manifest,20,2,gpu_host,HOST_to_GPU,302592,459304.1588799811,459338.63567998115
41,fixed_manifest,120,1,host_fpga_pcie,FPGA_to_HOST,302592,459512.6183999811,459636.9063999811
43,fixed_manifest,69,1,gpu_host,GPU_to_HOST,302592,459631.53071998095,459699.83279998065
41,fixed_manifest,120,2,gpu_host,HOST_to_GPU,302592,459636.9063999811,459710.58415998105
44,fixed_manifest,49,1,gpu_host,GPU_to_HOST,302592,459653.6603199809,459718.96111998096
43,fixed_manifest,69,2,host_fpga_pcie,HOST_to_FPGA,302592,459699.83279998065,459904.2804799804
44,fixed_manifest,49,2,host_fpga_pcie,HOST_to_FPGA,302592,459718.96111998096,459923.40879998065
43,fixed_manifest,70,1,host_fpga_pcie,FPGA_to_HOST,302592,460237.0279999804,460361.3159999804
43,fixed_manifest,70,2,gpu_host,HOST_to_GPU,302592,460361.3159999804,460395.7927999804
44,fixed_manifest,50,1,host_fpga_pcie,FPGA_to_HOST,302592,460569.7755199804,460694.06351998035
42,fixed_manifest,99,1,gpu_host,GPU_to_HOST,302592,460659.2535999808,460693.7303999808
42,fixed_manifest,99,2,host_fpga_pcie,HOST_to_FPGA,302592,460693.7303999808,460818.0183999808
44,fixed_manifest,50,2,gpu_host,HOST_to_GPU,302592,460694.06351998035,460728.5403199804
42,fixed_manifest,100,1,host_fpga_pcie,FPGA_to_HOST,302592,461150.76591998077,461275.05391998077
42,fixed_manifest,100,2,gpu_host,HOST_to_GPU,302592,461275.05391998077,461309.5307199808
45,fixed_manifest,29,1,gpu_host,GPU_to_HOST,302592,461873.86831998057,461908.3451199806
45,fixed_manifest,29,2,host_fpga_pcie,HOST_to_FPGA,302592,461908.3451199806,462032.6331199806
45,fixed_manifest,30,1,host_fpga_pcie,FPGA_to_HOST,302592,462365.38063998055,462489.66863998055
45,fixed_manifest,30,2,gpu_host,HOST_to_GPU,302592,462489.66863998055,462524.14543998055
43,fixed_manifest,79,1,gpu_host,GPU_to_HOST,302592,463979.94959998043,464018.7735999805
46,fixed_manifest,9,1,gpu_host,GPU_to_HOST,302592,464002.0791999804,464040.9031999805
43,fixed_manifest,79,2,host_fpga_pcie,HOST_to_FPGA,302592,464018.7735999805,464220.21999998053
46,fixed_manifest,9,2,host_fpga_pcie,HOST_to_FPGA,302592,464040.9031999805,464242.3495999805
43,fixed_manifest,80,1,host_fpga_pcie,FPGA_to_HOST,302592,464552.96751998056,464677.2555199805
43,fixed_manifest,80,2,gpu_host,HOST_to_GPU,302592,464677.2555199805,464711.7323199805
44,fixed_manifest,59,1,gpu_host,GPU_to_HOST,302592,464793.5591999804,464828.0359999804
44,fixed_manifest,59,2,host_fpga_pcie,HOST_to_FPGA,302592,464828.0359999804,464993.9329599803
46,fixed_manifest,10,1,host_fpga_pcie,FPGA_to_HOST,302592,464885.71503998054,465051.6119999804
42,fixed_manifest,109,1,gpu_host,GPU_to_HOST,302592,465004.6273599803,465039.1041599804
42,fixed_manifest,109,2,host_fpga_pcie,HOST_to_FPGA,302592,465039.1041599804,465163.3921599803
46,fixed_manifest,10,2,gpu_host,HOST_to_GPU,302592,465051.6119999804,465086.0887999804
44,fixed_manifest,60,1,host_fpga_pcie,FPGA_to_HOST,302592,465326.68047998025,465450.96847998025
44,fixed_manifest,60,2,gpu_host,HOST_to_GPU,302592,465450.96847998025,465485.44527998025
45,fixed_manifest,39,1,gpu_host,GPU_to_HOST,302592,465509.96623998025,465544.44303998025
45,fixed_manifest,39,2,host_fpga_pcie,HOST_to_FPGA,302592,465544.44303998025,465668.73103998025
42,fixed_manifest,110,1,host_fpga_pcie,FPGA_to_HOST,302592,465659.4279999803,465783.7159999802
42,fixed_manifest,110,2,gpu_host,HOST_to_GPU,302592,465783.7159999802,465818.1927999803
45,fixed_manifest,40,1,host_fpga_pcie,FPGA_to_HOST,302592,466001.4785599802,466125.7665599802
45,fixed_manifest,40,2,gpu_host,HOST_to_GPU,302592,466125.7665599802,466160.24335998023
43,fixed_manifest,89,1,gpu_host,GPU_to_HOST,302592,467196.00943998015,467230.48623998015
43,fixed_manifest,89,2,host_fpga_pcie,HOST_to_FPGA,302592,467230.48623998015,467354.7742399801
43,fixed_manifest,90,1,host_fpga_pcie,FPGA_to_HOST,302592,467687.5217599801,467811.8097599801
43,fixed_manifest,90,2,gpu_host,HOST_to_GPU,302592,467811.8097599801,467846.28655998013
46,fixed_manifest,19,1,gpu_host,GPU_to_HOST,302592,468797.31663998,468836.1406399801
44,fixed_manifest,69,1,gpu_host,GPU_to_HOST,302592,468819.44623998,468858.2702399801
46,fixed_manifest,19,2,host_fpga_pcie,HOST_to_FPGA,302592,468836.1406399801,469037.5870399801
44,fixed_manifest,69,2,host_fpga_pcie,HOST_to_FPGA,302592,468858.2702399801,469059.7166399801
46,fixed_manifest,20,1,host_fpga_pcie,FPGA_to_HOST,302592,469370.33455998014,469494.6225599801
46,fixed_manifest,20,2,gpu_host,HOST_to_GPU,302592,469494.6225599801,469529.0993599801
44,fixed_manifest,70,1,host_fpga_pcie,FPGA_to_HOST,302592,469703.0820799801,469827.3700799801
42,fixed_manifest,119,1,gpu_host,GPU_to_HOST,302592,469821.9943999799,469890.29647997965
44,fixed_manifest,70,2,gpu_host,HOST_to_GPU,302592,469827.3700799801,469901.04783998005
45,fixed_manifest,49,1,gpu_host,GPU_to_HOST,302592,469844.12399997987,469909.42479997996
42,fixed_manifest,119,2,host_fpga_pcie,HOST_to_FPGA,302592,469890.29647997965,470094.7441599794
45,fixed_manifest,49,2,host_fpga_pcie,HOST_to_FPGA,302592,469909.42479997996,470113.87247997965
42,fixed_manifest,120,1,host_fpga_pcie,FPGA_to_HOST,302592,470427.4916799794,470551.7796799794
42,fixed_manifest,120,2,gpu_host,HOST_to_GPU,302592,470551.7796799794,470586.2564799794
45,fixed_manifest,50,1,host_fpga_pcie,FPGA_to_HOST,302592,470760.2391999794,470884.52719997935
45,fixed_manifest,50,2,gpu_host,HOST_to_GPU,302592,470884.52719997935,470943.596319979
43,fixed_manifest,99,1,gpu_host,GPU_to_HOST,302592,470886.41167997976,470945.4807999794
43,fixed_manifest,99,2,host_fpga_pcie,HOST_to_FPGA,302592,470945.4807999794,471069.76879997936
43,fixed_manifest,100,1,host_fpga_pcie,FPGA_to_HOST,302592,471402.5163199794,471526.80431997933
43,fixed_manifest,100,2,gpu_host,HOST_to_GPU,302592,471526.80431997933,471561.28111997934
46,fixed_manifest,29,1,gpu_host,GPU_to_HOST,302592,472230.7457599796,472265.2225599796
46,fixed_manifest,29,2,host_fpga_pcie,HOST_to_FPGA,302592,472265.2225599796,472389.5105599796
46,fixed_manifest,30,1,host_fpga_pcie,FPGA_to_HOST,302592,472722.25807997957,472846.54607997957
46,fixed_manifest,30,2,gpu_host,HOST_to_GPU,302592,472846.54607997957,472881.0228799796
44,fixed_manifest,79,1,gpu_host,GPU_to_HOST,302592,473821.66575997946,473856.14255997946
44,fixed_manifest,79,2,host_fpga_pcie,HOST_to_FPGA,302592,473856.14255997946,473980.43055997946
47,fixed_manifest,9,1,gpu_host,GPU_to_HOST,302592,474192.5428799794,474227.0196799794
47,fixed_manifest,9,2,host_fpga_pcie,HOST_to_FPGA,302592,474227.0196799794,474364.4372799794
44,fixed_manifest,80,1,host_fpga_pcie,FPGA_to_HOST,302592,474313.1780799795,474450.5956799794
44,fixed_manifest,80,2,gpu_host,HOST_to_GPU,302592,474450.5956799794,474485.0724799794
47,fixed_manifest,10,1,host_fpga_pcie,FPGA_to_HOST,302592,474697.1847999794,474821.4727999794
47,fixed_manifest,10,2,gpu_host,HOST_to_GPU,302592,474821.4727999794,474855.9495999794
45,fixed_manifest,59,1,gpu_host,GPU_to_HOST,302592,475002.37007997936,475036.84687997936
45,fixed_manifest,59,2,host_fpga_pcie,HOST_to_FPGA,302592,475036.84687997936,475161.13487997936
43,fixed_manifest,109,1,gpu_host,GPU_to_HOST,302592,475235.56783997925,475270.0446399793
43,fixed_manifest,109,2,host_fpga_pcie,HOST_to_FPGA,302592,475270.0446399793,475394.33263997926
45,fixed_manifest,60,1,host_fpga_pcie,FPGA_to_HOST,302592,475493.88239997934,475618.17039997934
45,fixed_manifest,60,2,gpu_host,HOST_to_GPU,302592,475618.17039997934,475652.64719997934
43,fixed_manifest,110,1,host_fpga_pcie,FPGA_to_HOST,302592,475826.6299199794,475950.9179199794
43,fixed_manifest,110,2,gpu_host,HOST_to_GPU,302592,475950.9179199794,475985.3947199794
46,fixed_manifest,39,1,gpu_host,GPU_to_HOST,302592,476358.0129599792,476392.48975997925
46,fixed_manifest,39,2,host_fpga_pcie,HOST_to_FPGA,302592,476392.48975997925,476516.7777599792
46,fixed_manifest,40,1,host_fpga_pcie,FPGA_to_HOST,302592,476849.5252799792,476973.81327997916
46,fixed_manifest,40,2,gpu_host,HOST_to_GPU,302592,476973.81327997916,477008.29007997917
44,fixed_manifest,89,1,gpu_host,GPU_to_HOST,302592,477538.7172799791,477573.1940799791
44,fixed_manifest,89,2,host_fpga_pcie,HOST_to_FPGA,302592,477573.1940799791,477697.4820799791
44,fixed_manifest,90,1,host_fpga_pcie,FPGA_to_HOST,302592,478030.2295999791,478154.51759997907
44,fixed_manifest,90,2,gpu_host,HOST_to_GPU,302592,478154.51759997907,478188.99439997907
47,fixed_manifest,19,1,gpu_host,GPU_to_HOST,302592,478352.32687997905,478386.80367997906
47,fixed_manifest,19,2,host_fpga_pcie,HOST_to_FPGA,302592,478386.80367997906,478511.091679979
47,fixed_manifest,20,1,host_fpga_pcie,FPGA_to_HOST,302592,478843.83919997903,478968.127199979
47,fixed_manifest,20,2,gpu_host,HOST_to_GPU,302592,478968.127199979,479002.60399997904
45,fixed_manifest,69,1,gpu_host,GPU_to_HOST,302592,479162.154079979,479196.630879979
45,fixed_manifest,69,2,host_fpga_pcie,HOST_to_FPGA,302592,479196.630879979,479320.91887997894
45,fixed_manifest,70,1,host_fpga_pcie,FPGA_to_HOST,302592,479653.666399979,479777.9543999789
45,fixed_manifest,70,2,gpu_host,HOST_to_GPU,302592,479777.9543999789,479812.431199979
43,fixed_manifest,119,1,gpu_host,GPU_to_HOST,302592,479838.0843199789,479872.5611199789
43,fixed_manifest,119,2,host_fpga_pcie,HOST_to_FPGA,302592,479872.5611199789,479996.84911997884
43,fixed_manifest,120,1,host_fpga_pcie,FPGA_to_HOST,302592,480329.5966399789,480453.8846399789
43,fixed_manifest,120,2,gpu_host,HOST_to_GPU,302592,480453.8846399789,480488.3614399789
46,fixed_manifest,49,1,gpu_host,GPU_to_HOST,302592,480517.7969599788,480552.2737599788
46,fixed_manifest,49,2,host_fpga_pcie,HOST_to_FPGA,302592,480552.2737599788,480676.5617599788
46,fixed_manifest,50,1,host_fpga_pcie,FPGA_to_HOST,302592,481009.3092799788,481133.5972799788
46,fixed_manifest,50,2,gpu_host,HOST_to_GPU,302592,481133.5972799788,481168.0740799788
44,fixed_manifest,99,1,gpu_host,GPU_to_HOST,302592,481890.48495997867,481924.9617599787
44,fixed_manifest,99,2,host_fpga_pcie,HOST_to_FPGA,302592,481924.9617599787,482049.2497599787
44,fixed_manifest,100,1,host_fpga_pcie,FPGA_to_HOST,302592,482381.99727997865,482506.28527997865
44,fixed_manifest,100,2,gpu_host,HOST_to_GPU,302592,482506.28527997865,482540.76207997865
47,fixed_manifest,29,1,gpu_host,GPU_to_HOST,302592,482563.06639997853,482597.54319997854
47,fixed_manifest,29,2,host_fpga_pcie,HOST_to_FPGA,302592,482597.54319997854,482721.83119997854
47,fixed_manifest,30,1,host_fpga_pcie,FPGA_to_HOST,302592,483054.5787199785,483178.8667199785
47,fixed_manifest,30,2,gpu_host,HOST_to_GPU,302592,483178.8667199785,483213.3435199785
45,fixed_manifest,79,1,gpu_host,GPU_to_HOST,302592,483376.6759999785,483411.15279997856
45,fixed_manifest,79,2,host_fpga_pcie,HOST_to_FPGA,302592,483411.15279997856,483535.4407999785
45,fixed_manifest,80,1,host_fpga_pcie,FPGA_to_HOST,302592,483868.18831997854,483992.4763199785
45,fixed_manifest,80,2,gpu_host,HOST_to_GPU,302592,483992.4763199785,484026.9531199785
48,fixed_manifest,9,1,gpu_host,GPU_to_HOST,302592,484245.32719997835,484279.8039999784
48,fixed_manifest,9,2,host_fpga_pcie,HOST_to_FPGA,302592,484279.8039999784,484404.09199997835
48,fixed_manifest,10,1,host_fpga_pcie,FPGA_to_HOST,302592,484736.8395199784,484861.1275199783
48,fixed_manifest,10,2,gpu_host,HOST_to_GPU,302592,484861.1275199783,484898.64559997834
46,fixed_manifest,59,1,gpu_host,GPU_to_HOST,302592,484884.5630399783,484922.0811199784
46,fixed_manifest,59,2,host_fpga_pcie,HOST_to_FPGA,302592,484922.0811199784,485046.36911997834
46,fixed_manifest,60,1,host_fpga_pcie,FPGA_to_HOST,302592,485379.11663997837,485503.4046399783
46,fixed_manifest,60,2,gpu_host,HOST_to_GPU,302592,485503.4046399783,485537.8814399783
44,fixed_manifest,109,1,gpu_host,GPU_to_HOST,302592,486065.2673599782,486099.74415997823
44,fixed_manifest,109,2,host_fpga_pcie,HOST_to_FPGA,302592,486099.74415997823,486224.03215997823
44,fixed_manifest,110,1,host_fpga_pcie,FPGA_to_HOST,302592,486556.7796799782,486681.0676799782
44,fixed_manifest,110,2,gpu_host,HOST_to_GPU,302592,486681.0676799782,486715.5444799782
47,fixed_manifest,39,1,gpu_host,GPU_to_HOST,302592,486722.85039997817,486757.3271999782
47,fixed_manifest,39,2,host_fpga_pcie,HOST_to_FPGA,302592,486757.3271999782,486881.6151999781
47,fixed_manifest,40,1,host_fpga_pcie,FPGA_to_HOST,302592,487214.36271997815,487338.6507199781
47,fixed_manifest,40,2,gpu_host,HOST_to_GPU,302592,487338.6507199781,487373.12751997815
45,fixed_manifest,89,1,gpu_host,GPU_to_HOST,302592,487688.70415997814,487723.18095997814
45,fixed_manifest,89,2,host_fpga_pcie,HOST_to_FPGA,302592,487723.18095997814,487847.4689599781
45,fixed_manifest,90,1,host_fpga_pcie,FPGA_to_HOST,302592,488180.2164799781,488304.50447997806
45,fixed_manifest,90,2,gpu_host,HOST_to_GPU,302592,488304.50447997806,488338.9812799781
48,fixed_manifest,19,1,gpu_host,GPU_to_HOST,302592,488386.76399997796,488421.240799978
48,fixed_manifest,19,2,host_fpga_pcie,HOST_to_FPGA,302592,488421.240799978,488545.52879997797
48,fixed_manifest,20,1,host_fpga_pcie,FPGA_to_HOST,302592,488878.276319978,489002.56431997794
48,fixed_manifest,20,2,gpu_host,HOST_to_GPU,302592,489002.56431997794,489037.041119978
46,fixed_manifest,69,1,gpu_host,GPU_to_HOST,302592,489044.34703997796,489078.82383997797
46,fixed_manifest,69,2,host_fpga_pcie,HOST_to_FPGA,302592,489078.82383997797,489203.11183997797
46,fixed_manifest,70,1,host_fpga_pcie,FPGA_to_HOST,302592,489535.85935997794,489660.14735997794
46,fixed_manifest,70,2,gpu_host,HOST_to_GPU,302592,489660.14735997794,489694.62415997795
44,fixed_manifest,119,1,gpu_host,GPU_to_HOST,302592,490225.05135997786,490259.52815997787
44,fixed_manifest,119,2,host_fpga_pcie,HOST_to_FPGA,302592,490259.52815997787,490383.8161599778
44,fixed_manifest,120,1,host_fpga_pcie,FPGA_to_HOST,302592,490716.56367997784,490840.85167997784
44,fixed_manifest,120,2,gpu_host,HOST_to_GPU,302592,490840.85167997784,490875.32847997785
47,fixed_manifest,49,1,gpu_host,GPU_to_HOST,302592,491052.4884799777,491086.96527997777
47,fixed_manifest,49,2,host_fpga_pcie,HOST_to_FPGA,302592,491086.96527997777,491211.2532799777
47,fixed_manifest,50,1,host_fpga_pcie,FPGA_to_HOST,302592,491544.00079997774,491668.2887999777
47,fixed_manifest,50,2,gpu_host,HOST_to_GPU,302592,491668.2887999777,491702.76559997775
45,fixed_manifest,99,1,gpu_host,GPU_to_HOST,302592,492062.60143997765,492097.07823997765
45,fixed_manifest,99,2,host_fpga_pcie,HOST_to_FPGA,302592,492097.07823997765,492221.36623997765
45,fixed_manifest,100,1,host_fpga_pcie,FPGA_to_HOST,302592,492554.1137599776,492678.4017599776
45,fixed_manifest,100,2,gpu_host,HOST_to_GPU,302592,492678.4017599776,492712.87855997763
48,fixed_manifest,29,1,gpu_host,GPU_to_HOST,302592,492901.5966399776,492936.0734399776
48,fixed_manifest,29,2,host_fpga_pcie,HOST_to_FPGA,302592,492936.0734399776,493060.36143997754
48,fixed_manifest,30,1,host_fpga_pcie,FPGA_to_HOST,302592,493393.1089599776,493517.3969599775
48,fixed_manifest,30,2,gpu_host,HOST_to_GPU,302592,493517.3969599775,493551.8737599776
46,fixed_manifest,79,1,gpu_host,GPU_to_HOST,302592,493563.35727997747,493597.8340799775
46,fixed_manifest,79,2,host_fpga_pcie,HOST_to_FPGA,302592,493597.8340799775,493722.1220799775
46,fixed_manifest,80,1,host_fpga_pcie,FPGA_to_HOST,302592,494054.86959997745,494179.15759997745
46,fixed_manifest,80,2,gpu_host,HOST_to_GPU,302592,494179.15759997745,494213.63439997745
49,fixed_manifest,9,1,gpu_host,GPU_to_HOST,302592,494395.3140799774,494429.7908799774
49,fixed_manifest,9,2,host_fpga_pcie,HOST_to_FPGA,302592,494429.7908799774,494554.0788799774
49,fixed_manifest,10,1,host_fpga_pcie,FPGA_to_HOST,302592,494886.8263999774,495011.1143999774
49,fixed_manifest,10,2,gpu_host,HOST_to_GPU,302592,495011.1143999774,495045.5911999774
47,fixed_manifest,59,1,gpu_host,GPU_to_HOST,302592,495249.4004799773,495283.8772799773
47,fixed_manifest,59,2,host_fpga_pcie,HOST_to_FPGA,302592,495283.8772799773,495408.16527997726
47,fixed_manifest,60,1,host_fpga_pcie,FPGA_to_HOST,302592,495740.9127999773,495865.20079997723
47,fixed_manifest,60,2,gpu_host,HOST_to_GPU,302592,495865.20079997723,495899.6775999773
45,fixed_manifest,109,1,gpu_host,GPU_to_HOST,302592,496237.3838399772,496271.86063997727
45,fixed_manifest,109,2,host_fpga_pcie,HOST_to_FPGA,302592,496271.86063997727,496396.1486399772
45,fixed_manifest,110,1,host_fpga_pcie,FPGA_to_HOST,302592,496728.89615997724,496853.1841599772
45,fixed_manifest,110,2,gpu_host,HOST_to_GPU,302592,496853.1841599772,496887.6609599772
48,fixed_manifest,39,1,gpu_host,GPU_to_HOST,302592,497069.34063997713,497103.8174399772
48,fixed_manifest,39,2,host_fpga_pcie,HOST_to_FPGA,302592,497103.8174399772,497228.10543997714
48,fixed_manifest,40,1,host_fpga_pcie,FPGA_to_HOST,302592,497560.8529599772,497685.1409599771
48,fixed_manifest,40,2,gpu_host,HOST_to_GPU,302592,497685.1409599771,497719.6177599771
46,fixed_manifest,89,1,gpu_host,GPU_to_HOST,302592,497723.1412799771,497757.6180799771
46,fixed_manifest,89,2,host_fpga_pcie,HOST_to_FPGA,302592,497757.6180799771,497881.90607997705
46,fixed_manifest,90,1,host_fpga_pcie,FPGA_to_HOST,302592,498214.6535999771,498338.941599977
46,fixed_manifest,90,2,gpu_host,HOST_to_GPU,302592,498338.941599977,498373.4183999771
49,fixed_manifest,19,1,gpu_host,GPU_to_HOST,302592,498555.098079977,498589.57487997704
49,fixed_manifest,19,2,host_fpga_pcie,HOST_to_FPGA,302592,498589.57487997704,498713.862879977
49,fixed_manifest,20,1,host_fpga_pcie,FPGA_to_HOST,302592,499046.610399977,499170.89839997696
49,fixed_manifest,20,2,gpu_host,HOST_to_GPU,302592,499170.89839997696,499205.37519997696
47,fixed_manifest,69,1,gpu_host,GPU_to_HOST,302592,499409.1844799769,499443.6612799769
47,fixed_manifest,69,2,host_fpga_pcie,HOST_to_FPGA,302592,499443.6612799769,499567.9492799769
47,fixed_manifest,70,1,host_fpga_pcie,FPGA_to_HOST,302592,499900.69679997687,500024.9847999769
47,fixed_manifest,70,2,gpu_host,HOST_to_GPU,302592,500024.9847999769,500059.46159997693
45,fixed_manifest,119,1,gpu_host,GPU_to_HOST,302592,500548.6747199771,500583.15151997714
45,fixed_manifest,119,2,host_fpga_pcie,HOST_to_FPGA,302592,500583.15151997714,500707.4395199772
45,fixed_manifest,120,1,host_fpga_pcie,FPGA_to_HOST,302592,501040.18703997723,501164.4750399773
45,fixed_manifest,120,2,gpu_host,HOST_to_GPU,302592,501164.4750399773,501198.9518399773
48,fixed_manifest,49,1,gpu_host,GPU_to_HOST,302592,501398.97871997743,501433.45551997743
48,fixed_manifest,49,2,host_fpga_pcie,HOST_to_FPGA,302592,501433.45551997743,501557.7435199775
48,fixed_manifest,50,1,host_fpga_pcie,FPGA_to_HOST,302592,501890.4910399775,502014.7790399776
48,fixed_manifest,50,2,gpu_host,HOST_to_GPU,302592,502014.7790399776,502049.2558399776
46,fixed_manifest,99,1,gpu_host,GPU_to_HOST,302592,502517.6414399777,502552.1182399777
46,fixed_manifest,99,2,host_fpga_pcie,HOST_to_FPGA,302592,502552.1182399777,502676.4062399778
46,fixed_manifest,100,1,host_fpga_pcie,FPGA_to_HOST,302592,503009.1537599778,503133.4417599779
49,fixed_manifest,29,1,gpu_host,GPU_to_HOST,302592,503092.060319978,503126.537119978
49,fixed_manifest,29,2,host_fpga_pcie,HOST_to_FPGA,302592,503126.537119978,503250.8251199781
46,fixed_manifest,100,2,gpu_host,HOST_to_GPU,302592,503133.4417599779,503167.9185599779
49,fixed_manifest,30,1,host_fpga_pcie,FPGA_to_HOST,302592,503583.5726399781,503707.8606399782
49,fixed_manifest,30,2,gpu_host,HOST_to_GPU,302592,503707.8606399782,503742.3374399782
47,fixed_manifest,79,1,gpu_host,GPU_to_HOST,302592,503772.1681599783,503806.6449599783
47,fixed_manifest,79,2,host_fpga_pcie,HOST_to_FPGA,302592,503806.6449599783,503930.93295997835
50,fixed_manifest,9,1,gpu_host,GPU_to_HOST,302592,503990.8011199784,504025.2779199784
50,fixed_manifest,9,2,host_fpga_pcie,HOST_to_FPGA,302592,504025.2779199784,504149.5659199785
47,fixed_manifest,80,1,host_fpga_pcie,FPGA_to_HOST,302592,504263.6804799784,504387.96847997844
47,fixed_manifest,80,2,gpu_host,HOST_to_GPU,302592,504387.96847997844,504422.4452799785
50,fixed_manifest,10,1,host_fpga_pcie,FPGA_to_HOST,302592,504596.4279999784,504720.7159999785
50,fixed_manifest,10,2,gpu_host,HOST_to_GPU,302592,504720.7159999785,504755.1927999785
48,fixed_manifest,59,1,gpu_host,GPU_to_HOST,302592,505265.4903999787,505299.9671999787
48,fixed_manifest,59,2,host_fpga_pcie,HOST_to_FPGA,302592,505299.9671999787,505424.2551999788
48,fixed_manifest,60,1,host_fpga_pcie,FPGA_to_HOST,302592,505757.0027199788,505881.2907199789
48,fixed_manifest,60,2,gpu_host,HOST_to_GPU,302592,505881.2907199789,505915.7675199789
46,fixed_manifest,109,1,gpu_host,GPU_to_HOST,302592,506888.92719997914,506923.40399997914
46,fixed_manifest,109,2,host_fpga_pcie,HOST_to_FPGA,302592,506923.40399997914,507047.69199997926
49,fixed_manifest,39,1,gpu_host,GPU_to_HOST,302592,507259.8043199793,507294.28111997934
49,fixed_manifest,39,2,host_fpga_pcie,HOST_to_FPGA,302592,507294.28111997934,507431.6987199794
46,fixed_manifest,110,1,host_fpga_pcie,FPGA_to_HOST,302592,507380.43951997923,507517.85711997934
46,fixed_manifest,110,2,gpu_host,HOST_to_GPU,302592,507517.85711997934,507552.33391997934
49,fixed_manifest,40,1,host_fpga_pcie,FPGA_to_HOST,302592,507764.4462399794,507888.7342399795
49,fixed_manifest,40,2,gpu_host,HOST_to_GPU,302592,507888.7342399795,507923.2110399795
47,fixed_manifest,89,1,gpu_host,GPU_to_HOST,302592,508069.6315199795,508104.10831997957
47,fixed_manifest,89,2,host_fpga_pcie,HOST_to_FPGA,302592,508104.10831997957,508228.3963199796
50,fixed_manifest,19,1,gpu_host,GPU_to_HOST,302592,508302.8292799797,508337.30607997975
50,fixed_manifest,19,2,host_fpga_pcie,HOST_to_FPGA,302592,508337.30607997975,508461.5940799798
47,fixed_manifest,90,1,host_fpga_pcie,FPGA_to_HOST,302592,508561.14383997966,508685.4318399797
47,fixed_manifest,90,2,gpu_host,HOST_to_GPU,302592,508685.4318399797,508719.9086399797
50,fixed_manifest,20,1,host_fpga_pcie,FPGA_to_HOST,302592,508893.89135997964,509018.17935997975
50,fixed_manifest,20,2,gpu_host,HOST_to_GPU,302592,509018.17935997975,509052.65615997976
48,fixed_manifest,69,1,gpu_host,GPU_to_HOST,302592,509425.27439998,509459.75119998
48,fixed_manifest,69,2,host_fpga_pcie,HOST_to_FPGA,302592,509459.75119998,509584.0391999801
48,fixed_manifest,70,1,host_fpga_pcie,FPGA_to_HOST,302592,509916.78671998007,510041.0747199802
48,fixed_manifest,70,2,gpu_host,HOST_to_GPU,302592,510041.0747199802,510075.5515199802
46,fixed_manifest,119,1,gpu_host,GPU_to_HOST,302592,510757.48559998034,510791.96239998034
46,fixed_manifest,119,2,host_fpga_pcie,HOST_to_FPGA,302592,510791.96239998034,510916.25039998046
46,fixed_manifest,120,1,host_fpga_pcie,FPGA_to_HOST,302592,511248.99791998044,511373.28591998055
46,fixed_manifest,120,2,gpu_host,HOST_to_GPU,302592,511373.28591998055,511407.76271998056
49,fixed_manifest,49,1,gpu_host,GPU_to_HOST,302592,511589.4423999806,511623.9191999806
49,fixed_manifest,49,2,host_fpga_pcie,HOST_to_FPGA,302592,511623.9191999806,511748.20719998074
49,fixed_manifest,50,1,host_fpga_pcie,FPGA_to_HOST,302592,512080.9547199807,512205.24271998083
49,fixed_manifest,50,2,gpu_host,HOST_to_GPU,302592,512205.24271998083,512239.71951998083
47,fixed_manifest,99,1,gpu_host,GPU_to_HOST,302592,512886.26127998094,512920.73807998095
47,fixed_manifest,99,2,host_fpga_pcie,HOST_to_FPGA,302592,512920.73807998095,513045.02607998106
50,fixed_manifest,29,1,gpu_host,GPU_to_HOST,302592,513282.5239999812,513317.00079998124
50,fixed_manifest,29,2,host_fpga_pcie,HOST_to_FPGA,302592,513317.00079998124,513479.8039999814
47,fixed_manifest,100,1,host_fpga_pcie,FPGA_to_HOST,302592,513377.77359998104,513540.57679998124
47,fixed_manifest,100,2,gpu_host,HOST_to_GPU,302592,513540.57679998124,513575.05359998124
50,fixed_manifest,30,1,host_fpga_pcie,FPGA_to_HOST,302592,513812.5515199814,513936.83951998147
50,fixed_manifest,30,2,gpu_host,HOST_to_GPU,302592,513936.83951998147,513990.34799998155
48,fixed_manifest,79,1,gpu_host,GPU_to_HOST,302592,513944.28463998146,513997.7931199815
48,fixed_manifest,79,2,host_fpga_pcie,HOST_to_FPGA,302592,513997.7931199815,514122.0811199816
51,fixed_manifest,9,1,gpu_host,GPU_to_HOST,302592,514140.78799998155,514175.26479998155
51,fixed_manifest,9,2,host_fpga_pcie,HOST_to_FPGA,302592,514175.26479998155,514299.5527999816
48,fixed_manifest,80,1,host_fpga_pcie,FPGA_to_HOST,302592,514454.82863998157,514579.1166399817
48,fixed_manifest,80,2,gpu_host,HOST_to_GPU,302592,514579.1166399817,514613.5934399817
51,fixed_manifest,10,1,host_fpga_pcie,FPGA_to_HOST,302592,514787.5761599816,514911.8641599817
51,fixed_manifest,10,2,gpu_host,HOST_to_GPU,302592,514911.8641599817,514946.3409599817
49,fixed_manifest,59,1,gpu_host,GPU_to_HOST,302592,515455.9540799819,515490.4308799819
49,fixed_manifest,59,2,host_fpga_pcie,HOST_to_FPGA,302592,515490.4308799819,515614.718879982
49,fixed_manifest,60,1,host_fpga_pcie,FPGA_to_HOST,302592,515947.466399982,516071.7543999821
49,fixed_manifest,60,2,gpu_host,HOST_to_GPU,302592,516071.7543999821,516106.2311999821
47,fixed_manifest,109,1,gpu_host,GPU_to_HOST,302592,517079.3908799823,517113.86767998233
47,fixed_manifest,109,2,host_fpga_pcie,HOST_to_FPGA,302592,517113.86767998233,517238.15567998245
50,fixed_manifest,39,1,gpu_host,GPU_to_HOST,302592,517450.2679999825,517484.7447999825
50,fixed_manifest,39,2,host_fpga_pcie,HOST_to_FPGA,302592,517484.7447999825,517622.1623999826
47,fixed_manifest,110,1,host_fpga_pcie,FPGA_to_HOST,302592,517570.9031999824,517708.3207999825
47,fixed_manifest,110,2,gpu_host,HOST_to_GPU,302592,517708.3207999825,517742.7975999825
50,fixed_manifest,40,1,host_fpga_pcie,FPGA_to_HOST,302592,517954.9099199826,518079.1979199827
50,fixed_manifest,40,2,gpu_host,HOST_to_GPU,302592,518079.1979199827,518113.6747199827
48,fixed_manifest,89,1,gpu_host,GPU_to_HOST,302592,518260.09519998275,518294.57199998276
48,fixed_manifest,89,2,host_fpga_pcie,HOST_to_FPGA,302592,518294.57199998276,518418.8599999828
51,fixed_manifest,19,1,gpu_host,GPU_to_HOST,302592,518493.29295998294,518527.76975998294
51,fixed_manifest,19,2,host_fpga_pcie,HOST_to_FPGA,302592,518527.76975998294,518652.057759983
48,fixed_manifest,90,1,host_fpga_pcie,FPGA_to_HOST,302592,518751.60751998285,518875.8955199829
48,fixed_manifest,90,2,gpu_host,HOST_to_GPU,302592,518875.8955199829,518910.3723199829
51,fixed_manifest,20,1,host_fpga_pcie,FPGA_to_HOST,302592,519084.3550399828,519208.64303998294
51,fixed_manifest,20,2,gpu_host,HOST_to_GPU,302592,519208.64303998294,519243.11983998294
49,fixed_manifest,69,1,gpu_host,GPU_to_HOST,302592,519615.73807998316,519650.2148799832
49,fixed_manifest,69,2,host_fpga_pcie,HOST_to_FPGA,302592,519650.2148799832,519774.5028799833
49,fixed_manifest,70,1,host_fpga_pcie,FPGA_to_HOST,302592,520107.2503999833,520231.5383999834
49,fixed_manifest,70,2,gpu_host,HOST_to_GPU,302592,520231.5383999834,520266.0151999834
47,fixed_manifest,119,1,gpu_host,GPU_to_HOST,302592,520947.9492799836,520982.4260799836
47,fixed_manifest,119,2,host_fpga_pcie,HOST_to_FPGA,302592,520982.4260799836,521106.71407998365
47,fixed_manifest,120,1,host_fpga_pcie,FPGA_to_HOST,302592,521439.4615999837,521563.74959998374
47,fixed_manifest,120,2,gpu_host,HOST_to_GPU,302592,521563.74959998374,521598.22639998375
50,fixed_manifest,49,1,gpu_host,GPU_to_HOST,302592,521779.9060799838,521814.3828799838
50,fixed_manifest,49,2,host_fpga_pcie,HOST_to_FPGA,302592,521814.3828799838,521938.6708799839
50,fixed_manifest,50,1,host_fpga_pcie,FPGA_to_HOST,302592,522271.4183999839,522395.706399984
50,fixed_manifest,50,2,gpu_host,HOST_to_GPU,302592,522395.706399984,522430.183199984
48,fixed_manifest,99,1,gpu_host,GPU_to_HOST,302592,523076.72495998413,523111.20175998413
48,fixed_manifest,99,2,host_fpga_pcie,HOST_to_FPGA,302592,523111.20175998413,523235.48975998425
51,fixed_manifest,29,1,gpu_host,GPU_to_HOST,302592,523472.9876799844,523507.4644799844
51,fixed_manifest,29,2,host_fpga_pcie,HOST_to_FPGA,302592,523507.4644799844,523670.26767998456
48,fixed_manifest,100,1,host_fpga_pcie,FPGA_to_HOST,302592,523568.2372799842,523731.0404799844
48,fixed_manifest,100,2,gpu_host,HOST_to_GPU,302592,523731.0404799844,523765.51727998443
51,fixed_manifest,30,1,host_fpga_pcie,FPGA_to_HOST,302592,524003.0151999846,524127.30319998466
51,fixed_manifest,30,2,gpu_host,HOST_to_GPU,302592,524127.30319998466,524180.81167998473
49,fixed_manifest,79,1,gpu_host,GPU_to_HOST,302592,524134.74831998465,524188.2567999847
49,fixed_manifest,79,2,host_fpga_pcie,HOST_to_FPGA,302592,524188.2567999847,524312.5447999848
52,fixed_manifest,9,1,gpu_host,GPU_to_HOST,302592,524331.2516799847,524365.7284799848
52,fixed_manifest,9,2,host_fpga_pcie,HOST_to_FPGA,302592,524365.7284799848,524490.0164799849
49,fixed_manifest,80,1,host_fpga_pcie,FPGA_to_HOST,302592,524645.2923199848,524769.5803199849
49,fixed_manifest,80,2,gpu_host,HOST_to_GPU,302592,524769.5803199849,524804.0571199849
52,fixed_manifest,10,1,host_fpga_pcie,FPGA_to_HOST,302592,524978.0398399848,525102.3278399849
52,fixed_manifest,10,2,gpu_host,HOST_to_GPU,302592,525102.3278399849,525136.8046399849
50,fixed_manifest,59,1,gpu_host,GPU_to_HOST,302592,525646.4177599851,525680.8945599851
50,fixed_manifest,59,2,host_fpga_pcie,HOST_to_FPGA,302592,525680.8945599851,525805.1825599852
50,fixed_manifest,60,1,host_fpga_pcie,FPGA_to_HOST,302592,526137.9300799852,526262.2180799854
50,fixed_manifest,60,2,gpu_host,HOST_to_GPU,302592,526262.2180799854,526296.6948799853
48,fixed_manifest,109,1,gpu_host,GPU_to_HOST,302592,527269.8545599856,527304.3313599855
48,fixed_manifest,109,2,host_fpga_pcie,HOST_to_FPGA,302592,527304.3313599855,527428.6193599857
51,fixed_manifest,39,1,gpu_host,GPU_to_HOST,302592,527640.7316799858,527675.2084799857
51,fixed_manifest,39,2,host_fpga_pcie,HOST_to_FPGA,302592,527675.2084799857,527812.6260799858
48,fixed_manifest,110,1,host_fpga_pcie,FPGA_to_HOST,302592,527761.3668799857,527898.7844799857
48,fixed_manifest,110,2,gpu_host,HOST_to_GPU,302592,527898.7844799857,527933.2612799858
51,fixed_manifest,40,1,host_fpga_pcie,FPGA_to_HOST,302592,528145.3735999858,528269.6615999859
51,fixed_manifest,40,2,gpu_host,HOST_to_GPU,302592,528269.6615999859,528304.138399986
49,fixed_manifest,89,1,gpu_host,GPU_to_HOST,302592,528450.5588799859,528485.035679986
49,fixed_manifest,89,2,host_fpga_pcie,HOST_to_FPGA,302592,528485.035679986,528609.3236799861
52,fixed_manifest,19,1,gpu_host,GPU_to_HOST,302592,528683.7566399861,528718.2334399861
52,fixed_manifest,19,2,host_fpga_pcie,HOST_to_FPGA,302592,528718.2334399861,528842.5214399862
49,fixed_manifest,90,1,host_fpga_pcie,FPGA_to_HOST,302592,528942.071199986,529066.3591999861
49,fixed_manifest,90,2,gpu_host,HOST_to_GPU,302592,529066.3591999861,529100.8359999862
52,fixed_manifest,20,1,host_fpga_pcie,FPGA_to_HOST,302592,529274.818719986,529399.1067199862
52,fixed_manifest,20,2,gpu_host,HOST_to_GPU,302592,529399.1067199862,529433.5835199861
50,fixed_manifest,69,1,gpu_host,GPU_to_HOST,302592,529806.2017599863,529840.6785599864
50,fixed_manifest,69,2,host_fpga_pcie,HOST_to_FPGA,302592,529840.6785599864,529964.9665599865
50,fixed_manifest,70,1,host_fpga_pcie,FPGA_to_HOST,302592,530297.7140799864,530422.0020799866
50,fixed_manifest,70,2,gpu_host,HOST_to_GPU,302592,530422.0020799866,530456.4788799866
48,fixed_manifest,119,1,gpu_host,GPU_to_HOST,302592,531138.4129599867,531172.8897599868
48,fixed_manifest,119,2,host_fpga_pcie,HOST_to_FPGA,302592,531172.8897599868,531297.1777599868
48,fixed_manifest,120,1,host_fpga_pcie,FPGA_to_HOST,302592,531629.9252799869,531754.213279987
48,fixed_manifest,120,2,gpu_host,HOST_to_GPU,302592,531754.213279987,531788.6900799869
51,fixed_manifest,49,1,gpu_host,GPU_to_HOST,302592,531992.4993599871,532026.976159987
51,fixed_manifest,49,2,host_fpga_pcie,HOST_to_FPGA,302592,532026.976159987,532151.2641599871
51,fixed_manifest,50,1,host_fpga_pcie,FPGA_to_HOST,302592,532484.0116799872,532608.2996799872
51,fixed_manifest,50,2,gpu_host,HOST_to_GPU,302592,532608.2996799872,532642.7764799873
49,fixed_manifest,99,1,gpu_host,GPU_to_HOST,302592,533267.1886399874,533301.6654399873
49,fixed_manifest,99,2,host_fpga_pcie,HOST_to_FPGA,302592,533301.6654399873,533425.9534399875
52,fixed_manifest,29,1,gpu_host,GPU_to_HOST,302592,533641.3217599876,533675.7985599876
52,fixed_manifest,29,2,host_fpga_pcie,HOST_to_FPGA,302592,533675.7985599876,533816.4721599878
49,fixed_manifest,100,1,host_fpga_pcie,FPGA_to_HOST,302592,533758.7009599875,533899.3745599876
49,fixed_manifest,100,2,gpu_host,HOST_to_GPU,302592,533899.3745599876,533933.8513599876
52,fixed_manifest,30,1,host_fpga_pcie,FPGA_to_HOST,302592,534149.2196799878,534273.5076799878
52,fixed_manifest,30,2,gpu_host,HOST_to_GPU,302592,534273.5076799878,534307.9844799879
50,fixed_manifest,79,1,gpu_host,GPU_to_HOST,302592,534325.2119999878,534359.6887999879
50,fixed_manifest,79,2,host_fpga_pcie,HOST_to_FPGA,302592,534359.6887999879,534483.976799988
53,fixed_manifest,9,1,gpu_host,GPU_to_HOST,302592,534521.7153599879,534556.192159988
53,fixed_manifest,9,2,host_fpga_pcie,HOST_to_FPGA,302592,534556.192159988,534680.480159988
50,fixed_manifest,80,1,host_fpga_pcie,FPGA_to_HOST,302592,534816.7243199879,534941.012319988
50,fixed_manifest,80,2,gpu_host,HOST_to_GPU,302592,534941.012319988,534975.489119988
53,fixed_manifest,10,1,host_fpga_pcie,FPGA_to_HOST,302592,535149.4718399879,535273.7598399881
53,fixed_manifest,10,2,gpu_host,HOST_to_GPU,302592,535273.7598399881,535308.236639988
51,fixed_manifest,59,1,gpu_host,GPU_to_HOST,302592,535836.8814399883,535871.3582399883
51,fixed_manifest,59,2,host_fpga_pcie,HOST_to_FPGA,302592,535871.3582399883,535995.6462399884
51,fixed_manifest,60,1,host_fpga_pcie,FPGA_to_HOST,302592,536328.3937599884,536452.6817599885
51,fixed_manifest,60,2,gpu_host,HOST_to_GPU,302592,536452.6817599885,536487.1585599885
49,fixed_manifest,109,1,gpu_host,GPU_to_HOST,302592,537478.6654399888,537513.1422399888
49,fixed_manifest,109,2,host_fpga_pcie,HOST_to_FPGA,302592,537513.1422399888,537637.4302399888
52,fixed_manifest,39,1,gpu_host,GPU_to_HOST,302592,537656.8215999888,537691.2983999889
52,fixed_manifest,39,2,host_fpga_pcie,HOST_to_FPGA,302592,537691.2983999889,537815.586399989
49,fixed_manifest,110,1,host_fpga_pcie,FPGA_to_HOST,302592,537970.1777599889,538094.465759989
49,fixed_manifest,110,2,gpu_host,HOST_to_GPU,302592,538094.465759989,538128.942559989
52,fixed_manifest,40,1,host_fpga_pcie,FPGA_to_HOST,302592,538302.9252799889,538427.213279989
52,fixed_manifest,40,2,gpu_host,HOST_to_GPU,302592,538427.213279989,538461.690079989
50,fixed_manifest,89,1,gpu_host,GPU_to_HOST,302592,538659.3697599892,538693.8465599891
50,fixed_manifest,89,2,host_fpga_pcie,HOST_to_FPGA,302592,538693.8465599891,538876.9457599891
53,fixed_manifest,19,1,gpu_host,GPU_to_HOST,302592,538699.8465599893,538734.3233599893
53,fixed_manifest,19,2,host_fpga_pcie,HOST_to_FPGA,302592,538734.3233599893,538917.4225599892
50,fixed_manifest,90,1,host_fpga_pcie,FPGA_to_HOST,302592,539209.6932799892,539333.9812799892
50,fixed_manifest,90,2,gpu_host,HOST_to_GPU,302592,539333.9812799892,539368.4580799892
53,fixed_manifest,20,1,host_fpga_pcie,FPGA_to_HOST,302592,539542.4407999892,539666.7287999892
53,fixed_manifest,20,2,gpu_host,HOST_to_GPU,302592,539666.7287999892,539701.2055999893
51,fixed_manifest,69,1,gpu_host,GPU_to_HOST,302592,539978.3182399896,540012.7950399895
51,fixed_manifest,69,2,host_fpga_pcie,HOST_to_FPGA,302592,540012.7950399895,540137.0830399897
51,fixed_manifest,70,1,host_fpga_pcie,FPGA_to_HOST,302592,540469.8305599897,540594.1185599897
51,fixed_manifest,70,2,gpu_host,HOST_to_GPU,302592,540594.1185599897,540628.5953599898
49,fixed_manifest,119,1,gpu_host,GPU_to_HOST,302592,541652.27695999,541686.7537599901
49,fixed_manifest,119,2,host_fpga_pcie,HOST_to_FPGA,302592,541686.7537599901,541811.0417599902
52,fixed_manifest,49,1,gpu_host,GPU_to_HOST,302592,542030.7188799902,542065.1956799902
52,fixed_manifest,49,2,host_fpga_pcie,HOST_to_FPGA,302592,542065.1956799902,542210.1780799903
49,fixed_manifest,120,1,host_fpga_pcie,FPGA_to_HOST,302592,542143.7892799901,542288.7716799902
49,fixed_manifest,120,2,gpu_host,HOST_to_GPU,302592,542288.7716799902,542323.2484799903
52,fixed_manifest,50,1,host_fpga_pcie,FPGA_to_HOST,302592,542542.9255999903,542667.2135999904
52,fixed_manifest,50,2,gpu_host,HOST_to_GPU,302592,542667.2135999904,542701.6903999904
50,fixed_manifest,99,1,gpu_host,GPU_to_HOST,302592,543628.2436799906,543662.7204799906
50,fixed_manifest,99,2,host_fpga_pcie,HOST_to_FPGA,302592,543662.7204799906,543787.0084799908
53,fixed_manifest,29,1,gpu_host,GPU_to_HOST,302592,543846.8766399907,543881.3534399908
53,fixed_manifest,29,2,host_fpga_pcie,HOST_to_FPGA,302592,543881.3534399908,544005.6414399908
50,fixed_manifest,100,1,host_fpga_pcie,FPGA_to_HOST,302592,544119.7559999907,544244.0439999908
50,fixed_manifest,100,2,gpu_host,HOST_to_GPU,302592,544244.0439999908,544278.5207999909
53,fixed_manifest,30,1,host_fpga_pcie,FPGA_to_HOST,302592,544452.5035199907,544578.4305599905
54,fixed_manifest,9,1,gpu_host,GPU_to_HOST,302592,544515.675679991,544550.1524799911
54,fixed_manifest,9,2,host_fpga_pcie,HOST_to_FPGA,302592,544550.1524799911,544676.0795199907
53,fixed_manifest,30,2,gpu_host,HOST_to_GPU,302592,544578.4305599905,544612.9073599904
51,fixed_manifest,79,1,gpu_host,GPU_to_HOST,302592,544712.1790399911,544746.6558399912
51,fixed_manifest,79,2,host_fpga_pcie,HOST_to_FPGA,302592,544746.6558399912,544870.9438399912
54,fixed_manifest,10,1,host_fpga_pcie,FPGA_to_HOST,302592,545008.8270399908,545133.1150399909
54,fixed_manifest,10,2,gpu_host,HOST_to_GPU,302592,545133.1150399909,545167.5918399908
51,fixed_manifest,80,1,host_fpga_pcie,FPGA_to_HOST,302592,545341.5745599908,545465.8625599908
51,fixed_manifest,80,2,gpu_host,HOST_to_GPU,302592,545465.8625599908,545500.3393599909
52,fixed_manifest,59,1,gpu_host,GPU_to_HOST,302592,546027.3451199915,546061.8219199915
52,fixed_manifest,59,2,host_fpga_pcie,HOST_to_FPGA,302592,546061.8219199915,546186.1099199916
52,fixed_manifest,60,1,host_fpga_pcie,FPGA_to_HOST,302592,546518.8574399917,546643.1454399917
52,fixed_manifest,60,2,gpu_host,HOST_to_GPU,302592,546643.1454399917,546677.6222399917
50,fixed_manifest,109,1,gpu_host,GPU_to_HOST,302592,547650.781919992,547685.258719992
50,fixed_manifest,109,2,host_fpga_pcie,HOST_to_FPGA,302592,547685.258719992,547809.5467199921
53,fixed_manifest,39,1,gpu_host,GPU_to_HOST,302592,548021.6590399921,548056.1358399921
53,fixed_manifest,39,2,host_fpga_pcie,HOST_to_FPGA,302592,548056.1358399921,548193.5534399922
50,fixed_manifest,110,1,host_fpga_pcie,FPGA_to_HOST,302592,548142.294239992,548279.7118399921
50,fixed_manifest,110,2,gpu_host,HOST_to_GPU,302592,548279.7118399921,548314.1886399921
53,fixed_manifest,40,1,host_fpga_pcie,FPGA_to_HOST,302592,548526.3009599922,548650.5889599923
53,fixed_manifest,40,2,gpu_host,HOST_to_GPU,302592,548650.5889599923,548685.0657599923
54,fixed_manifest,19,1,gpu_host,GPU_to_HOST,302592,548831.4862399923,548865.9630399924
54,fixed_manifest,19,2,host_fpga_pcie,HOST_to_FPGA,302592,548865.9630399924,548990.2510399924
51,fixed_manifest,89,1,gpu_host,GPU_to_HOST,302592,549064.6839999926,549099.1607999925
51,fixed_manifest,89,2,host_fpga_pcie,HOST_to_FPGA,302592,549099.1607999925,549223.4487999927
54,fixed_manifest,20,1,host_fpga_pcie,FPGA_to_HOST,302592,549322.9985599924,549447.2865599926
54,fixed_manifest,20,2,gpu_host,HOST_to_GPU,302592,549447.2865599926,549481.7633599925
51,fixed_manifest,90,1,host_fpga_pcie,FPGA_to_HOST,302592,549655.7460799925,549780.0340799926
51,fixed_manifest,90,2,gpu_host,HOST_to_GPU,302592,549780.0340799926,549814.5108799925
52,fixed_manifest,69,1,gpu_host,GPU_to_HOST,302592,550187.1291199928,550221.6059199928
52,fixed_manifest,69,2,host_fpga_pcie,HOST_to_FPGA,302592,550221.6059199928,550345.8939199928
52,fixed_manifest,70,1,host_fpga_pcie,FPGA_to_HOST,302592,550678.6414399929,550802.929439993
52,fixed_manifest,70,2,gpu_host,HOST_to_GPU,302592,550802.929439993,550837.406239993
50,fixed_manifest,119,1,gpu_host,GPU_to_HOST,302592,551537.6875199932,551572.1643199932
50,fixed_manifest,119,2,host_fpga_pcie,HOST_to_FPGA,302592,551572.1643199932,551696.4523199933
50,fixed_manifest,120,1,host_fpga_pcie,FPGA_to_HOST,302592,552029.1998399934,552153.4878399934
50,fixed_manifest,120,2,gpu_host,HOST_to_GPU,302592,552153.4878399934,552187.9646399934
53,fixed_manifest,49,1,gpu_host,GPU_to_HOST,302592,552816.1591999935,552850.6359999935
53,fixed_manifest,49,2,host_fpga_pcie,HOST_to_FPGA,302592,552850.6359999935,552974.9239999936
53,fixed_manifest,50,1,host_fpga_pcie,FPGA_to_HOST,302592,553307.6715199936,553431.9595199936
53,fixed_manifest,50,2,gpu_host,HOST_to_GPU,302592,553431.9595199936,553466.4363199937
54,fixed_manifest,29,1,gpu_host,GPU_to_HOST,302592,553804.1425599938,553838.6193599938
54,fixed_manifest,29,2,host_fpga_pcie,HOST_to_FPGA,302592,553838.6193599938,553962.9073599939
51,fixed_manifest,99,1,gpu_host,GPU_to_HOST,302592,554174.493279994,554208.9700799941
51,fixed_manifest,99,2,host_fpga_pcie,HOST_to_FPGA,302592,554208.9700799941,554345.8612799941
54,fixed_manifest,30,1,host_fpga_pcie,FPGA_to_HOST,302592,554295.6548799939,554432.5460799941
54,fixed_manifest,30,2,gpu_host,HOST_to_GPU,302592,554432.5460799941,554467.022879994
51,fixed_manifest,100,1,host_fpga_pcie,FPGA_to_HOST,302592,554678.6087999942,554857.6988799941
55,fixed_manifest,9,1,gpu_host,GPU_to_HOST,302592,554706.1393599942,554744.9633599942
52,fixed_manifest,79,1,gpu_host,GPU_to_HOST,302592,554728.2689599943,554767.0929599942
55,fixed_manifest,9,2,host_fpga_pcie,HOST_to_FPGA,302592,554744.9633599942,554990.4079999942
52,fixed_manifest,79,2,host_fpga_pcie,HOST_to_FPGA,302592,554767.0929599942,555001.4727999943
51,fixed_manifest,100,2,gpu_host,HOST_to_GPU,302592,554857.6988799941,554892.1756799942
55,fixed_manifest,10,1,host_fpga_pcie,FPGA_to_HOST,302592,555323.1555199942,555447.4435199943
55,fixed_manifest,10,2,gpu_host,HOST_to_GPU,302592,555447.4435199943,555481.9203199943
52,fixed_manifest,80,1,host_fpga_pcie,FPGA_to_HOST,302592,555655.9030399942,555780.1910399944
52,fixed_manifest,80,2,gpu_host,HOST_to_GPU,302592,555780.1910399944,555814.6678399943
53,fixed_manifest,59,1,gpu_host,GPU_to_HOST,302592,556217.8087999948,556252.2855999947
53,fixed_manifest,59,2,host_fpga_pcie,HOST_to_FPGA,302592,556252.2855999947,556376.5735999948
53,fixed_manifest,60,1,host_fpga_pcie,FPGA_to_HOST,302592,556709.3211199949,556833.6091199949
53,fixed_manifest,60,2,gpu_host,HOST_to_GPU,302592,556833.6091199949,556868.085919995
54,fixed_manifest,39,1,gpu_host,GPU_to_HOST,302592,557398.5131199951,557432.9899199951
54,fixed_manifest,39,2,host_fpga_pcie,HOST_to_FPGA,302592,557432.9899199951,557557.2779199952
54,fixed_manifest,40,1,host_fpga_pcie,FPGA_to_HOST,302592,557890.0254399952,558014.3134399953
54,fixed_manifest,40,2,gpu_host,HOST_to_GPU,302592,558014.3134399953,558048.7902399953
51,fixed_manifest,109,1,gpu_host,GPU_to_HOST,302592,558212.1227199953,558246.5995199954
51,fixed_manifest,109,2,host_fpga_pcie,HOST_to_FPGA,302592,558246.5995199954,558370.8875199954
51,fixed_manifest,110,1,host_fpga_pcie,FPGA_to_HOST,302592,558703.6350399954,558827.9230399955
51,fixed_manifest,110,2,gpu_host,HOST_to_GPU,302592,558827.9230399955,558862.3998399955
55,fixed_manifest,19,1,gpu_host,GPU_to_HOST,302592,559021.9499199955,559056.4267199956
55,fixed_manifest,19,2,host_fpga_pcie,HOST_to_FPGA,302592,559056.4267199956,559180.7147199956
55,fixed_manifest,20,1,host_fpga_pcie,FPGA_to_HOST,302592,559513.4622399956,559637.7502399958
55,fixed_manifest,20,2,gpu_host,HOST_to_GPU,302592,559637.7502399958,559672.2270399957
52,fixed_manifest,89,1,gpu_host,GPU_to_HOST,302592,559697.8801599958,559732.3569599958
52,fixed_manifest,89,2,host_fpga_pcie,HOST_to_FPGA,302592,559732.3569599958,559856.6449599959
52,fixed_manifest,90,1,host_fpga_pcie,FPGA_to_HOST,302592,560189.3924799958,560313.680479996
52,fixed_manifest,90,2,gpu_host,HOST_to_GPU,302592,560313.680479996,560348.157279996
53,fixed_manifest,69,1,gpu_host,GPU_to_HOST,302592,560377.592799996,560412.069599996
53,fixed_manifest,69,2,host_fpga_pcie,HOST_to_FPGA,302592,560412.069599996,560536.3575999961
53,fixed_manifest,70,1,host_fpga_pcie,FPGA_to_HOST,302592,560869.1051199961,560993.3931199962
53,fixed_manifest,70,2,gpu_host,HOST_to_GPU,302592,560993.3931199962,561027.8699199962
54,fixed_manifest,49,1,gpu_host,GPU_to_HOST,302592,561728.1511999965,561762.6279999964
54,fixed_manifest,49,2,host_fpga_pcie,HOST_to_FPGA,302592,561762.6279999964,561886.9159999965
54,fixed_manifest,50,1,host_fpga_pcie,FPGA_to_HOST,302592,562219.6635199966,562343.9515199966
54,fixed_manifest,50,2,gpu_host,HOST_to_GPU,302592,562343.9515199966,562378.4283199966
51,fixed_manifest,119,1,gpu_host,GPU_to_HOST,302592,563006.6228799967,563041.0996799967
51,fixed_manifest,119,2,host_fpga_pcie,HOST_to_FPGA,302592,563041.0996799967,563165.3876799968
51,fixed_manifest,120,1,host_fpga_pcie,FPGA_to_HOST,302592,563498.1351999968,563622.4231999969
51,fixed_manifest,120,2,gpu_host,HOST_to_GPU,302592,563622.4231999969,563656.8999999969
55,fixed_manifest,29,1,gpu_host,GPU_to_HOST,302592,563994.606239997,564029.083039997
55,fixed_manifest,29,2,host_fpga_pcie,HOST_to_FPGA,302592,564029.083039997,564153.3710399971
55,fixed_manifest,30,1,host_fpga_pcie,FPGA_to_HOST,302592,564486.1185599971,564610.4065599971
55,fixed_manifest,30,2,gpu_host,HOST_to_GPU,302592,564610.4065599971,564644.8833599972
52,fixed_manifest,99,1,gpu_host,GPU_to_HOST,302592,564841.1278399973,564875.6046399974
52,fixed_manifest,99,2,host_fpga_pcie,HOST_to_FPGA,302592,564875.6046399974,564999.8926399974
56,fixed_manifest,9,1,gpu_host,GPU_to_HOST,302592,565055.9783999975,565090.4551999974
56,fixed_manifest,9,2,host_fpga_pcie,HOST_to_FPGA,302592,565090.4551999974,565214.7431999976
52,fixed_manifest,100,1,host_fpga_pcie,FPGA_to_HOST,302592,565332.6401599974,565521.7393599974
53,fixed_manifest,79,1,gpu_host,GPU_to_HOST,302592,565332.6401599974,565367.1169599975
53,fixed_manifest,79,2,host_fpga_pcie,HOST_to_FPGA,302592,565367.1169599975,565556.2161599974
52,fixed_manifest,100,2,gpu_host,HOST_to_GPU,302592,565521.7393599974,565556.2161599974
56,fixed_manifest,10,1,host_fpga_pcie,FPGA_to_HOST,302592,565665.3876799974,565789.6756799975
56,fixed_manifest,10,2,gpu_host,HOST_to_GPU,302592,565789.6756799975,565824.1524799975
54,fixed_manifest,59,1,gpu_host,GPU_to_HOST,302592,565925.0631999978,565959.5399999978
54,fixed_manifest,59,2,host_fpga_pcie,HOST_to_FPGA,302592,565959.5399999978,566144.5207999982
53,fixed_manifest,80,1,host_fpga_pcie,FPGA_to_HOST,302592,565998.1351999975,566183.1159999978
53,fixed_manifest,80,2,gpu_host,HOST_to_GPU,302592,566183.1159999978,566217.5927999979
54,fixed_manifest,60,1,host_fpga_pcie,FPGA_to_HOST,302592,566477.2683199983,566601.5563199983
54,fixed_manifest,60,2,gpu_host,HOST_to_GPU,302592,566601.5563199983,566636.0331199983
55,fixed_manifest,39,1,gpu_host,GPU_to_HOST,302592,567240.2292799982,567274.7060799982
55,fixed_manifest,39,2,host_fpga_pcie,HOST_to_FPGA,302592,567274.7060799982,567398.9940799982
55,fixed_manifest,40,1,host_fpga_pcie,FPGA_to_HOST,302592,567731.7415999983,567856.0295999984
55,fixed_manifest,40,2,gpu_host,HOST_to_GPU,302592,567856.0295999984,567890.5063999984
52,fixed_manifest,109,1,gpu_host,GPU_to_HOST,302592,568863.6660799986,568898.1428799987
52,fixed_manifest,109,2,host_fpga_pcie,HOST_to_FPGA,302592,568898.1428799987,569022.4308799987
56,fixed_manifest,19,1,gpu_host,GPU_to_HOST,302592,569234.5431999988,569269.0199999987
56,fixed_manifest,19,2,host_fpga_pcie,HOST_to_FPGA,302592,569269.0199999987,569406.4375999989
52,fixed_manifest,110,1,host_fpga_pcie,FPGA_to_HOST,302592,569355.1783999987,569492.5959999987
52,fixed_manifest,110,2,gpu_host,HOST_to_GPU,302592,569492.5959999987,569527.0727999988
56,fixed_manifest,20,1,host_fpga_pcie,FPGA_to_HOST,302592,569739.1851199989,569863.4731199989
56,fixed_manifest,20,2,gpu_host,HOST_to_GPU,302592,569863.4731199989,569897.949919999
53,fixed_manifest,89,1,gpu_host,GPU_to_HOST,302592,570044.370399999,570078.847199999
53,fixed_manifest,89,2,host_fpga_pcie,HOST_to_FPGA,302592,570078.847199999,570203.1351999991
54,fixed_manifest,69,1,gpu_host,GPU_to_HOST,302592,570429.0750399992,570463.5518399992
54,fixed_manifest,69,2,host_fpga_pcie,HOST_to_FPGA,302592,570463.5518399992,570614.7969599993
53,fixed_manifest,90,1,host_fpga_pcie,FPGA_to_HOST,302592,570535.8827199991,570687.1278399992
53,fixed_manifest,90,2,gpu_host,HOST_to_GPU,302592,570687.1278399992,570721.6046399992
54,fixed_manifest,70,1,host_fpga_pcie,FPGA_to_HOST,302592,570947.5444799993,571071.8324799994
54,fixed_manifest,70,2,gpu_host,HOST_to_GPU,302592,571071.8324799994,571106.3092799993
55,fixed_manifest,49,1,gpu_host,GPU_to_HOST,302592,571591.9969599996,571626.4737599995
55,fixed_manifest,49,2,host_fpga_pcie,HOST_to_FPGA,302592,571626.4737599995,571750.7617599996
55,fixed_manifest,50,1,host_fpga_pcie,FPGA_to_HOST,302592,572083.5092799996,572207.7972799997
55,fixed_manifest,50,2,gpu_host,HOST_to_GPU,302592,572207.7972799997,572242.2740799998
52,fixed_manifest,119,1,gpu_host,GPU_to_HOST,302592,573371.46032,573405.93712
52,fixed_manifest,119,2,host_fpga_pcie,HOST_to_FPGA,302592,573405.93712,573530.2251200001
52,fixed_manifest,120,1,host_fpga_pcie,FPGA_to_HOST,302592,573862.97264,573987.2606400001
52,fixed_manifest,120,2,gpu_host,HOST_to_GPU,302592,573987.2606400001,574021.7374400002
56,fixed_manifest,29,1,gpu_host,GPU_to_HOST,302592,574337.3140800003,574371.7908800002
56,fixed_manifest,29,2,host_fpga_pcie,HOST_to_FPGA,302592,574371.7908800002,574496.0788800003
56,fixed_manifest,30,1,host_fpga_pcie,FPGA_to_HOST,302592,574828.8264000004,574953.1144000004
56,fixed_manifest,30,2,gpu_host,HOST_to_GPU,302592,574953.1144000004,574987.5912000004
57,fixed_manifest,9,1,gpu_host,GPU_to_HOST,302592,575165.4884800005,575199.9652800005
57,fixed_manifest,9,2,host_fpga_pcie,HOST_to_FPGA,302592,575199.9652800005,575379.2820800005
53,fixed_manifest,99,1,gpu_host,GPU_to_HOST,302592,575209.7476800005,575244.2244800006
53,fixed_manifest,99,2,host_fpga_pcie,HOST_to_FPGA,302592,575244.2244800006,575423.5412800005
54,fixed_manifest,79,1,gpu_host,GPU_to_HOST,302592,575712.0296000005,575746.5064000004
57,fixed_manifest,10,1,host_fpga_pcie,FPGA_to_HOST,302592,575712.0296000005,575901.1288000004
54,fixed_manifest,79,2,host_fpga_pcie,HOST_to_FPGA,302592,575746.5064000004,575935.6056000005
57,fixed_manifest,10,2,gpu_host,HOST_to_GPU,302592,575901.1288000004,575935.6056000005
53,fixed_manifest,100,1,host_fpga_pcie,FPGA_to_HOST,302592,576044.7771200004,576233.8763200005
55,fixed_manifest,59,1,gpu_host,GPU_to_HOST,302592,576044.7771200004,576079.2539200005
55,fixed_manifest,59,2,host_fpga_pcie,HOST_to_FPGA,302592,576079.2539200005,576268.3531200005
53,fixed_manifest,100,2,gpu_host,HOST_to_GPU,302592,576233.8763200005,576268.3531200005
54,fixed_manifest,80,1,host_fpga_pcie,FPGA_to_HOST,302592,576377.5246400004,576501.8126400006
54,fixed_manifest,80,2,gpu_host,HOST_to_GPU,302592,576501.8126400006,576536.2894400005
55,fixed_manifest,60,1,host_fpga_pcie,FPGA_to_HOST,302592,576710.2721600005,576834.5601600006
56,fixed_manifest,39,1,gpu_host,GPU_to_HOST,302592,576791.4571200012,576825.9339200013
56,fixed_manifest,39,2,host_fpga_pcie,HOST_to_FPGA,302592,576825.9339200013,576950.2219200013
55,fixed_manifest,60,2,gpu_host,HOST_to_GPU,302592,576834.5601600006,576869.0369600006
56,fixed_manifest,40,1,host_fpga_pcie,FPGA_to_HOST,302592,577282.9694400013,577407.2574400015
56,fixed_manifest,40,2,gpu_host,HOST_to_GPU,302592,577407.2574400015,577441.7342400014
57,fixed_manifest,19,1,gpu_host,GPU_to_HOST,302592,579076.2593600019,579110.7361600018
57,fixed_manifest,19,2,host_fpga_pcie,HOST_to_FPGA,302592,579110.7361600018,579235.0241600019
57,fixed_manifest,20,1,host_fpga_pcie,FPGA_to_HOST,302592,579567.771680002,579692.059680002
57,fixed_manifest,20,2,gpu_host,HOST_to_GPU,302592,579692.059680002,579726.5364800021
53,fixed_manifest,109,1,gpu_host,GPU_to_HOST,302592,579867.739360002,579902.216160002
53,fixed_manifest,109,2,host_fpga_pcie,HOST_to_FPGA,302592,579902.216160002,580026.5041600021
53,fixed_manifest,110,1,host_fpga_pcie,FPGA_to_HOST,302592,580359.2516800021,580483.5396800023
53,fixed_manifest,110,2,gpu_host,HOST_to_GPU,302592,580483.5396800023,580518.0164800022
54,fixed_manifest,89,1,gpu_host,GPU_to_HOST,302592,580538.5851200023,580573.0619200022
54,fixed_manifest,89,2,host_fpga_pcie,HOST_to_FPGA,302592,580573.0619200022,580697.3499200023
54,fixed_manifest,90,1,host_fpga_pcie,FPGA_to_HOST,302592,581030.0974400024,581154.3854400024
55,fixed_manifest,69,1,gpu_host,GPU_to_HOST,302592,581098.9656000026,581133.4424000025
55,fixed_manifest,69,2,host_fpga_pcie,HOST_to_FPGA,302592,581133.4424000025,581297.4430400023
56,fixed_manifest,49,1,gpu_host,GPU_to_HOST,302592,581143.2248000025,581193.0177600028
54,fixed_manifest,90,2,gpu_host,HOST_to_GPU,302592,581154.3854400024,581204.1784000027
56,fixed_manifest,49,2,host_fpga_pcie,HOST_to_FPGA,302592,581193.0177600028,581357.0184000025
55,fixed_manifest,70,1,host_fpga_pcie,FPGA_to_HOST,302592,581630.1905600023,581754.4785600024
55,fixed_manifest,70,2,gpu_host,HOST_to_GPU,302592,581754.4785600024,581788.9553600025
56,fixed_manifest,50,1,host_fpga_pcie,FPGA_to_HOST,302592,581962.9380800023,582087.2260800024
56,fixed_manifest,50,2,gpu_host,HOST_to_GPU,302592,582087.2260800024,582121.7028800024
57,fixed_manifest,29,1,gpu_host,GPU_to_HOST,302592,583580.2712000032,583614.7480000033
57,fixed_manifest,29,2,host_fpga_pcie,HOST_to_FPGA,302592,583614.7480000033,583739.0360000033
57,fixed_manifest,30,1,host_fpga_pcie,FPGA_to_HOST,302592,584071.7835200033,584196.0715200034
57,fixed_manifest,30,2,gpu_host,HOST_to_GPU,302592,584196.0715200034,584230.5483200034
58,fixed_manifest,9,1,gpu_host,GPU_to_HOST,302592,584680.5867200034,584715.0635200035
58,fixed_manifest,9,2,host_fpga_pcie,HOST_to_FPGA,302592,584715.0635200035,584839.3515200035
53,fixed_manifest,119,1,gpu_host,GPU_to_HOST,302592,585033.1166400035,585067.5934400036
53,fixed_manifest,119,2,host_fpga_pcie,HOST_to_FPGA,302592,585067.5934400036,585191.8814400036
58,fixed_manifest,10,1,host_fpga_pcie,FPGA_to_HOST,302592,585172.0990400036,585296.3870400037
58,fixed_manifest,10,2,gpu_host,HOST_to_GPU,302592,585296.3870400037,585330.8638400036
53,fixed_manifest,120,1,host_fpga_pcie,FPGA_to_HOST,302592,585524.6289600037,585648.9169600038
53,fixed_manifest,120,2,gpu_host,HOST_to_GPU,302592,585648.9169600038,585683.3937600037
54,fixed_manifest,99,1,gpu_host,GPU_to_HOST,302592,586050.2296000039,586084.706400004
54,fixed_manifest,99,2,host_fpga_pcie,HOST_to_FPGA,302592,586084.706400004,586264.0232000039
55,fixed_manifest,79,1,gpu_host,GPU_to_HOST,302592,586094.488800004,586128.9656000041
55,fixed_manifest,79,2,host_fpga_pcie,HOST_to_FPGA,302592,586128.9656000041,586308.282400004
54,fixed_manifest,100,1,host_fpga_pcie,FPGA_to_HOST,302592,586596.770720004,586785.8699200039
56,fixed_manifest,59,1,gpu_host,GPU_to_HOST,302592,586596.770720004,586631.2475200039
56,fixed_manifest,59,2,host_fpga_pcie,HOST_to_FPGA,302592,586631.2475200039,586820.346720004
54,fixed_manifest,100,2,gpu_host,HOST_to_GPU,302592,586785.8699200039,586820.346720004
55,fixed_manifest,80,1,host_fpga_pcie,FPGA_to_HOST,302592,586929.518240004,587053.806240004
55,fixed_manifest,80,2,gpu_host,HOST_to_GPU,302592,587053.806240004,587088.2830400041
56,fixed_manifest,60,1,host_fpga_pcie,FPGA_to_HOST,302592,587262.2657600039,587386.553760004
57,fixed_manifest,39,1,gpu_host,GPU_to_HOST,302592,587330.6683200046,587365.1451200045
57,fixed_manifest,39,2,host_fpga_pcie,HOST_to_FPGA,302592,587365.1451200045,587489.4331200047
56,fixed_manifest,60,2,gpu_host,HOST_to_GPU,302592,587386.553760004,587421.0305600041
57,fixed_manifest,40,1,host_fpga_pcie,FPGA_to_HOST,302592,587822.1806400047,587997.4532800047
58,fixed_manifest,19,1,gpu_host,GPU_to_HOST,302592,587836.0072000048,587870.4840000047
58,fixed_manifest,19,2,host_fpga_pcie,HOST_to_FPGA,302592,587870.4840000047,588045.7566400047
57,fixed_manifest,40,2,gpu_host,HOST_to_GPU,302592,587997.4532800047,588031.9300800046
58,fixed_manifest,20,1,host_fpga_pcie,FPGA_to_HOST,302592,588378.5041600047,588502.7921600047
58,fixed_manifest,20,2,gpu_host,HOST_to_GPU,302592,588502.7921600047,588537.2689600048
54,fixed_manifest,109,1,gpu_host,GPU_to_HOST,302592,590117.0270400053,590151.5038400054
54,fixed_manifest,109,2,host_fpga_pcie,HOST_to_FPGA,302592,590151.5038400054,590275.7918400054
54,fixed_manifest,110,1,host_fpga_pcie,FPGA_to_HOST,302592,590608.5393600054,590732.8273600056
54,fixed_manifest,110,2,gpu_host,HOST_to_GPU,302592,590732.8273600056,590788.6926400056
55,fixed_manifest,89,1,gpu_host,GPU_to_HOST,302592,590737.9156800054,590793.7809600056
55,fixed_manifest,89,2,host_fpga_pcie,HOST_to_FPGA,302592,590793.7809600056,590918.0689600057
55,fixed_manifest,90,1,host_fpga_pcie,FPGA_to_HOST,302592,591250.8164800056,591375.1044800057
55,fixed_manifest,90,2,gpu_host,HOST_to_GPU,302592,591375.1044800057,591409.5812800057
56,fixed_manifest,69,1,gpu_host,GPU_to_HOST,302592,591641.9592000059,591676.4360000058
56,fixed_manifest,69,2,host_fpga_pcie,HOST_to_FPGA,302592,591676.4360000058,591859.5352000057
57,fixed_manifest,49,1,gpu_host,GPU_to_HOST,302592,591682.4360000059,591716.912800006
57,fixed_manifest,49,2,host_fpga_pcie,HOST_to_FPGA,302592,591716.912800006,591900.0120000058
56,fixed_manifest,70,1,host_fpga_pcie,FPGA_to_HOST,302592,592192.2827200058,592316.5707200059
56,fixed_manifest,70,2,gpu_host,HOST_to_GPU,302592,592316.5707200059,592351.0475200058
57,fixed_manifest,50,1,host_fpga_pcie,FPGA_to_HOST,302592,592525.0302400058,592649.3182400059
58,fixed_manifest,29,1,gpu_host,GPU_to_HOST,302592,592630.5073600061,592672.6500800063
57,fixed_manifest,50,2,gpu_host,HOST_to_GPU,302592,592649.3182400059,592691.4609600061
58,fixed_manifest,29,2,host_fpga_pcie,HOST_to_FPGA,302592,592672.6500800063,592796.9380800064
58,fixed_manifest,30,1,host_fpga_pcie,FPGA_to_HOST,302592,593129.6856000065,593253.9736000065
58,fixed_manifest,30,2,gpu_host,HOST_to_GPU,302592,593253.9736000065,593288.4504000066
54,fixed_manifest,119,1,gpu_host,GPU_to_HOST,302592,595063.7713600068,595098.2481600068
54,fixed_manifest,119,2,host_fpga_pcie,HOST_to_FPGA,302592,595098.2481600068,595222.5361600069
59,fixed_manifest,9,1,gpu_host,GPU_to_HOST,302592,595241.9275200068,595276.4043200068
59,fixed_manifest,9,2,host_fpga_pcie,HOST_to_FPGA,302592,595276.4043200068,595400.6923200069
54,fixed_manifest,120,1,host_fpga_pcie,FPGA_to_HOST,302592,595555.2836800069,595679.5716800069
54,fixed_manifest,120,2,gpu_host,HOST_to_GPU,302592,595679.5716800069,595714.048480007
59,fixed_manifest,10,1,host_fpga_pcie,FPGA_to_HOST,302592,595888.0312000068,596012.319200007
59,fixed_manifest,10,2,gpu_host,HOST_to_GPU,302592,596012.319200007,596046.796000007
55,fixed_manifest,99,1,gpu_host,GPU_to_HOST,302592,596189.434080007,596223.9108800071
55,fixed_manifest,99,2,host_fpga_pcie,HOST_to_FPGA,302592,596223.9108800071,596348.1988800071
56,fixed_manifest,79,1,gpu_host,GPU_to_HOST,302592,596611.5704000073,596646.0472000074
56,fixed_manifest,79,2,host_fpga_pcie,HOST_to_FPGA,302592,596646.0472000074,596881.7400000077
55,fixed_manifest,100,1,host_fpga_pcie,FPGA_to_HOST,302592,596680.9464000071,596951.5384000073
57,fixed_manifest,59,1,gpu_host,GPU_to_HOST,302592,596681.2152000075,596715.6920000075
57,fixed_manifest,59,2,host_fpga_pcie,HOST_to_FPGA,302592,596715.6920000075,596968.9112000074
55,fixed_manifest,100,2,gpu_host,HOST_to_GPU,302592,596951.5384000073,596986.0152000072
56,fixed_manifest,80,1,host_fpga_pcie,FPGA_to_HOST,302592,597214.4875200078,597403.5867200077
58,fixed_manifest,39,1,gpu_host,GPU_to_HOST,302592,597214.4875200078,597248.9643200077
58,fixed_manifest,39,2,host_fpga_pcie,HOST_to_FPGA,302592,597248.9643200077,597438.0635200078
56,fixed_manifest,80,2,gpu_host,HOST_to_GPU,302592,597403.5867200077,597438.0635200078
57,fixed_manifest,60,1,host_fpga_pcie,FPGA_to_HOST,302592,597547.2350400077,597671.5230400078
57,fixed_manifest,60,2,gpu_host,HOST_to_GPU,302592,597671.5230400078,597705.9998400079
58,fixed_manifest,40,1,host_fpga_pcie,FPGA_to_HOST,302592,597879.9825600077,598004.2705600078
58,fixed_manifest,40,2,gpu_host,HOST_to_GPU,302592,598004.2705600078,598038.7473600078
59,fixed_manifest,19,1,gpu_host,GPU_to_HOST,302592,598200.844640008,598235.321440008
59,fixed_manifest,19,2,host_fpga_pcie,HOST_to_FPGA,302592,598235.321440008,598359.6094400081
59,fixed_manifest,20,1,host_fpga_pcie,FPGA_to_HOST,302592,598692.3569600082,598816.6449600082
59,fixed_manifest,20,2,gpu_host,HOST_to_GPU,302592,598816.6449600082,598851.1217600082
55,fixed_manifest,109,1,gpu_host,GPU_to_HOST,302592,600114.7697600084,600149.2465600085
55,fixed_manifest,109,2,host_fpga_pcie,HOST_to_FPGA,302592,600149.2465600085,600273.5345600086
55,fixed_manifest,110,1,host_fpga_pcie,FPGA_to_HOST,302592,600606.2820800085,600730.5700800086
55,fixed_manifest,110,2,gpu_host,HOST_to_GPU,302592,600730.5700800086,600765.0468800087
56,fixed_manifest,89,1,gpu_host,GPU_to_HOST,302592,601439.4161600089,601473.8929600088
56,fixed_manifest,89,2,host_fpga_pcie,HOST_to_FPGA,302592,601473.8929600088,601598.180960009
57,fixed_manifest,69,1,gpu_host,GPU_to_HOST,302592,601617.5723200089,601652.049120009
57,fixed_manifest,69,2,host_fpga_pcie,HOST_to_FPGA,302592,601652.049120009,601776.337120009
56,fixed_manifest,90,1,host_fpga_pcie,FPGA_to_HOST,302592,601930.928480009,602055.216480009
56,fixed_manifest,90,2,gpu_host,HOST_to_GPU,302592,602055.216480009,602089.6932800091
57,fixed_manifest,70,1,host_fpga_pcie,FPGA_to_HOST,302592,602263.6760000089,602419.1662400088
58,fixed_manifest,49,1,gpu_host,GPU_to_HOST,302592,602297.2849600092,602331.7617600091
58,fixed_manifest,49,2,host_fpga_pcie,HOST_to_FPGA,302592,602331.7617600091,602487.252000009
57,fixed_manifest,70,2,gpu_host,HOST_to_GPU,302592,602419.1662400088,602453.6430400088
58,fixed_manifest,50,1,host_fpga_pcie,FPGA_to_HOST,302592,602819.9995200089,602944.2875200091
58,fixed_manifest,50,2,gpu_host,HOST_to_GPU,302592,602944.2875200091,602978.764320009
59,fixed_manifest,29,1,gpu_host,GPU_to_HOST,302592,603129.2417600093,603163.7185600094
59,fixed_manifest,29,2,host_fpga_pcie,HOST_to_FPGA,302592,603163.7185600094,603288.0065600094
59,fixed_manifest,30,1,host_fpga_pcie,FPGA_to_HOST,302592,603620.7540800095,603745.0420800096
59,fixed_manifest,30,2,gpu_host,HOST_to_GPU,302592,603745.0420800096,603779.5188800095
60,fixed_manifest,9,1,gpu_host,GPU_to_HOST,302592,604637.1288000098,604671.6056000099
60,fixed_manifest,9,2,host_fpga_pcie,HOST_to_FPGA,302592,604671.6056000099,604795.89360001
60,fixed_manifest,10,1,host_fpga_pcie,FPGA_to_HOST,302592,605128.6411200099,605252.92912001
60,fixed_manifest,10,2,gpu_host,HOST_to_GPU,302592,605252.92912001,605308.7944000101
55,fixed_manifest,119,1,gpu_host,GPU_to_HOST,302592,605258.01744001,605313.8827200101
55,fixed_manifest,119,2,host_fpga_pcie,HOST_to_FPGA,302592,605313.8827200101,605438.1707200102
55,fixed_manifest,120,1,host_fpga_pcie,FPGA_to_HOST,302592,605770.9182400102,605895.2062400102
55,fixed_manifest,120,2,gpu_host,HOST_to_GPU,302592,605895.2062400102,605929.6830400103
56,fixed_manifest,99,1,gpu_host,GPU_to_HOST,302592,606609.3131200104,606648.1371200104
57,fixed_manifest,79,1,gpu_host,GPU_to_HOST,302592,606631.4427200104,606670.2667200104
56,fixed_manifest,99,2,host_fpga_pcie,HOST_to_FPGA,302592,606648.1371200104,606849.5835200103
57,fixed_manifest,79,2,host_fpga_pcie,HOST_to_FPGA,302592,606670.2667200104,606871.7131200104
56,fixed_manifest,100,1,host_fpga_pcie,FPGA_to_HOST,302592,607182.3310400104,607306.6190400105
58,fixed_manifest,59,1,gpu_host,GPU_to_HOST,302592,607289.0257600107,607332.3860800108
56,fixed_manifest,100,2,gpu_host,HOST_to_GPU,302592,607306.6190400105,607349.9793600107
58,fixed_manifest,59,2,host_fpga_pcie,HOST_to_FPGA,302592,607332.3860800108,607456.674080011
57,fixed_manifest,80,1,host_fpga_pcie,FPGA_to_HOST,302592,607515.0785600104,607704.1777600104
59,fixed_manifest,39,1,gpu_host,GPU_to_HOST,302592,607515.0785600104,607549.5553600105
59,fixed_manifest,39,2,host_fpga_pcie,HOST_to_FPGA,302592,607549.5553600105,607738.6545600104
57,fixed_manifest,80,2,gpu_host,HOST_to_GPU,302592,607704.1777600104,607738.6545600104
58,fixed_manifest,60,1,host_fpga_pcie,FPGA_to_HOST,302592,607847.8260800104,607972.1140800106
58,fixed_manifest,60,2,gpu_host,HOST_to_GPU,302592,607972.1140800106,608006.5908800105
60,fixed_manifest,19,1,gpu_host,GPU_to_HOST,302592,608176.4577600111,608210.934560011
59,fixed_manifest,40,1,host_fpga_pcie,FPGA_to_HOST,302592,608180.5736000105,608373.7886400098
60,fixed_manifest,19,2,host_fpga_pcie,HOST_to_FPGA,302592,608210.934560011,608404.1496000105
59,fixed_manifest,40,2,gpu_host,HOST_to_GPU,302592,608373.7886400098,608408.2654400098
60,fixed_manifest,20,1,host_fpga_pcie,FPGA_to_HOST,302592,608736.8971200105,608861.1851200105
60,fixed_manifest,20,2,gpu_host,HOST_to_GPU,302592,608861.1851200105,608895.6619200106
56,fixed_manifest,109,1,gpu_host,GPU_to_HOST,302592,609862.5009600116,609896.9777600116
56,fixed_manifest,109,2,host_fpga_pcie,HOST_to_FPGA,302592,609896.9777600116,610021.2657600117
56,fixed_manifest,110,1,host_fpga_pcie,FPGA_to_HOST,302592,610354.0132800117,610478.3012800118
56,fixed_manifest,110,2,gpu_host,HOST_to_GPU,302592,610478.3012800118,610512.7780800118
57,fixed_manifest,89,1,gpu_host,GPU_to_HOST,302592,611633.6622400121,611668.139040012
57,fixed_manifest,89,2,host_fpga_pcie,HOST_to_FPGA,302592,611668.139040012,611792.4270400121
58,fixed_manifest,69,1,gpu_host,GPU_to_HOST,302592,611830.1656000122,611864.6424000121
58,fixed_manifest,69,2,host_fpga_pcie,HOST_to_FPGA,302592,611864.6424000121,611988.9304000122
57,fixed_manifest,90,1,host_fpga_pcie,FPGA_to_HOST,302592,612125.1745600122,612249.4625600122
57,fixed_manifest,90,2,gpu_host,HOST_to_GPU,302592,612249.4625600122,612283.9393600122
58,fixed_manifest,70,1,host_fpga_pcie,FPGA_to_HOST,302592,612457.9220800122,612582.2100800122
58,fixed_manifest,70,2,gpu_host,HOST_to_GPU,302592,612582.2100800122,612616.6868800123
59,fixed_manifest,49,1,gpu_host,GPU_to_HOST,302592,612948.8283200124,612983.3051200124
59,fixed_manifest,49,2,host_fpga_pcie,HOST_to_FPGA,302592,612983.3051200124,613107.5931200125
60,fixed_manifest,29,1,gpu_host,GPU_to_HOST,302592,613145.3316800125,613179.8084800126
60,fixed_manifest,29,2,host_fpga_pcie,HOST_to_FPGA,302592,613179.8084800126,613304.0964800126
59,fixed_manifest,50,1,host_fpga_pcie,FPGA_to_HOST,302592,613440.3406400125,613564.6286400126
59,fixed_manifest,50,2,gpu_host,HOST_to_GPU,302592,613564.6286400126,613599.1054400126
60,fixed_manifest,30,1,host_fpga_pcie,FPGA_to_HOST,302592,613773.0881600125,613897.3761600126
60,fixed_manifest,30,2,gpu_host,HOST_to_GPU,302592,613897.3761600126,613931.8529600126
56,fixed_manifest,119,1,gpu_host,GPU_to_HOST,302592,614805.462880013,614839.939680013
56,fixed_manifest,119,2,host_fpga_pcie,HOST_to_FPGA,302592,614839.939680013,614964.2276800132
61,fixed_manifest,9,1,gpu_host,GPU_to_HOST,302592,615005.7486400132,615040.2254400131
61,fixed_manifest,9,2,host_fpga_pcie,HOST_to_FPGA,302592,615040.2254400131,615164.5134400132
56,fixed_manifest,120,1,host_fpga_pcie,FPGA_to_HOST,302592,615296.9752000131,615421.2632000132
56,fixed_manifest,120,2,gpu_host,HOST_to_GPU,302592,615421.2632000132,615455.7400000133
61,fixed_manifest,10,1,host_fpga_pcie,FPGA_to_HOST,302592,615629.7227200131,615754.0107200133
61,fixed_manifest,10,2,gpu_host,HOST_to_GPU,302592,615754.0107200133,615788.4875200132
57,fixed_manifest,99,1,gpu_host,GPU_to_HOST,302592,616625.4030400135,616664.2270400135
58,fixed_manifest,79,1,gpu_host,GPU_to_HOST,302592,616647.5326400136,616686.3566400136
57,fixed_manifest,99,2,host_fpga_pcie,HOST_to_FPGA,302592,616664.2270400135,616865.6734400135
58,fixed_manifest,79,2,host_fpga_pcie,HOST_to_FPGA,302592,616686.3566400136,616887.8030400135
57,fixed_manifest,100,1,host_fpga_pcie,FPGA_to_HOST,302592,617198.4209600135,617322.7089600136
57,fixed_manifest,100,2,gpu_host,HOST_to_GPU,302592,617322.7089600136,617357.1857600136
59,fixed_manifest,59,1,gpu_host,GPU_to_HOST,302592,617512.835040014,617547.311840014
58,fixed_manifest,80,1,host_fpga_pcie,FPGA_to_HOST,302592,617531.1684800135,617738.6011200132
59,fixed_manifest,59,2,host_fpga_pcie,HOST_to_FPGA,302592,617547.311840014,617754.7444800135
60,fixed_manifest,39,1,gpu_host,GPU_to_HOST,302592,617709.3384000141,617743.815200014
58,fixed_manifest,80,2,gpu_host,HOST_to_GPU,302592,617738.6011200132,617773.0779200131
60,fixed_manifest,39,2,host_fpga_pcie,HOST_to_FPGA,302592,617743.815200014,617868.1032000142
59,fixed_manifest,60,1,host_fpga_pcie,FPGA_to_HOST,302592,618087.4920000136,618211.7800000136
59,fixed_manifest,60,2,gpu_host,HOST_to_GPU,302592,618211.7800000136,618246.2568000137
60,fixed_manifest,40,1,host_fpga_pcie,FPGA_to_HOST,302592,618420.2395200136,618544.5275200136
60,fixed_manifest,40,2,gpu_host,HOST_to_GPU,302592,618544.5275200136,618579.0043200137
61,fixed_manifest,19,1,gpu_host,GPU_to_HOST,302592,618581.7720000144,618616.2488000144
61,fixed_manifest,19,2,host_fpga_pcie,HOST_to_FPGA,302592,618616.2488000144,618740.5368000146
61,fixed_manifest,20,1,host_fpga_pcie,FPGA_to_HOST,302592,619073.2843200145,619197.5723200146
61,fixed_manifest,20,2,gpu_host,HOST_to_GPU,302592,619197.5723200146,619232.0491200146
57,fixed_manifest,109,1,gpu_host,GPU_to_HOST,302592,620052.9646400148,620087.4414400149
57,fixed_manifest,109,2,host_fpga_pcie,HOST_to_FPGA,302592,620087.4414400149,620211.7294400149
57,fixed_manifest,110,1,host_fpga_pcie,FPGA_to_HOST,302592,620544.4769600149,620668.764960015
57,fixed_manifest,110,2,gpu_host,HOST_to_GPU,302592,620668.764960015,620703.241760015
58,fixed_manifest,89,1,gpu_host,GPU_to_HOST,302592,621668.0993600152,621702.5761600152
58,fixed_manifest,89,2,host_fpga_pcie,HOST_to_FPGA,302592,621702.5761600152,621826.8641600154
59,fixed_manifest,69,1,gpu_host,GPU_to_HOST,302592,622042.7588800153,622077.2356800154
59,fixed_manifest,69,2,host_fpga_pcie,HOST_to_FPGA,302592,622077.2356800154,622218.4356800155
58,fixed_manifest,90,1,host_fpga_pcie,FPGA_to_HOST,302592,622159.6116800153,622300.8116800154
58,fixed_manifest,90,2,gpu_host,HOST_to_GPU,302592,622300.8116800154,622335.2884800154
59,fixed_manifest,70,1,host_fpga_pcie,FPGA_to_HOST,302592,622551.1832000155,622675.4712000155
59,fixed_manifest,70,2,gpu_host,HOST_to_GPU,302592,622675.4712000155,622709.9480000156
60,fixed_manifest,49,1,gpu_host,GPU_to_HOST,302592,623120.9448000155,623155.4216000156
60,fixed_manifest,49,2,host_fpga_pcie,HOST_to_FPGA,302592,623155.4216000156,623279.7096000157
61,fixed_manifest,29,1,gpu_host,GPU_to_HOST,302592,623510.1691200158,623544.6459200158
61,fixed_manifest,29,2,host_fpga_pcie,HOST_to_FPGA,302592,623544.6459200158,623700.4107200159
60,fixed_manifest,50,1,host_fpga_pcie,FPGA_to_HOST,302592,623612.4571200156,623768.2219200158
60,fixed_manifest,50,2,gpu_host,HOST_to_GPU,302592,623768.2219200158,623802.6987200158
61,fixed_manifest,30,1,host_fpga_pcie,FPGA_to_HOST,302592,624033.158240016,624157.446240016
61,fixed_manifest,30,2,gpu_host,HOST_to_GPU,302592,624157.446240016,624191.923040016
57,fixed_manifest,119,1,gpu_host,GPU_to_HOST,302592,624995.9265600162,625030.4033600163
57,fixed_manifest,119,2,host_fpga_pcie,HOST_to_FPGA,302592,625030.4033600163,625154.6913600164
62,fixed_manifest,9,1,gpu_host,GPU_to_HOST,302592,625196.2123200163,625230.6891200163
62,fixed_manifest,9,2,host_fpga_pcie,HOST_to_FPGA,302592,625230.6891200163,625354.9771200165
57,fixed_manifest,120,1,host_fpga_pcie,FPGA_to_HOST,302592,625487.4388800163,625611.7268800164
57,fixed_manifest,120,2,gpu_host,HOST_to_GPU,302592,625611.7268800164,625646.2036800164
62,fixed_manifest,10,1,host_fpga_pcie,FPGA_to_HOST,302592,625820.1864000163,625944.4744000165
62,fixed_manifest,10,2,gpu_host,HOST_to_GPU,302592,625944.4744000165,625978.9512000164
58,fixed_manifest,99,1,gpu_host,GPU_to_HOST,302592,626815.8667200168,626854.6907200167
59,fixed_manifest,79,1,gpu_host,GPU_to_HOST,302592,626837.9963200168,626876.8203200168
58,fixed_manifest,99,2,host_fpga_pcie,HOST_to_FPGA,302592,626854.6907200167,627056.1371200167
59,fixed_manifest,79,2,host_fpga_pcie,HOST_to_FPGA,302592,626876.8203200168,627078.2667200167
58,fixed_manifest,100,1,host_fpga_pcie,FPGA_to_HOST,302592,627388.8846400167,627513.1726400168
58,fixed_manifest,100,2,gpu_host,HOST_to_GPU,302592,627513.1726400168,627547.6494400168
60,fixed_manifest,59,1,gpu_host,GPU_to_HOST,302592,627703.2987200172,627737.7755200171
59,fixed_manifest,80,1,host_fpga_pcie,FPGA_to_HOST,302592,627721.6321600168,627929.0648000163
60,fixed_manifest,59,2,host_fpga_pcie,HOST_to_FPGA,302592,627737.7755200171,627945.2081600168
61,fixed_manifest,39,1,gpu_host,GPU_to_HOST,302592,627899.8020800173,627934.2788800173
59,fixed_manifest,80,2,gpu_host,HOST_to_GPU,302592,627929.0648000163,627963.5416000163
61,fixed_manifest,39,2,host_fpga_pcie,HOST_to_FPGA,302592,627934.2788800173,628058.5668800174
60,fixed_manifest,60,1,host_fpga_pcie,FPGA_to_HOST,302592,628277.9556800168,628402.2436800168
60,fixed_manifest,60,2,gpu_host,HOST_to_GPU,302592,628402.2436800168,628436.7204800169
61,fixed_manifest,40,1,host_fpga_pcie,FPGA_to_HOST,302592,628610.7032000168,628734.9912000168
61,fixed_manifest,40,2,gpu_host,HOST_to_GPU,302592,628734.9912000168,628769.4680000169
62,fixed_manifest,19,1,gpu_host,GPU_to_HOST,302592,628772.2356800176,628806.7124800177
62,fixed_manifest,19,2,host_fpga_pcie,HOST_to_FPGA,302592,628806.7124800177,628931.0004800177
62,fixed_manifest,20,1,host_fpga_pcie,FPGA_to_HOST,302592,629263.7480000177,629388.0360000178
62,fixed_manifest,20,2,gpu_host,HOST_to_GPU,302592,629388.0360000178,629422.5128000178
58,fixed_manifest,109,1,gpu_host,GPU_to_HOST,302592,630243.428320018,630277.905120018
58,fixed_manifest,109,2,host_fpga_pcie,HOST_to_FPGA,302592,630277.905120018,630402.1931200181
58,fixed_manifest,110,1,host_fpga_pcie,FPGA_to_HOST,302592,630734.9406400181,630859.2286400181
58,fixed_manifest,110,2,gpu_host,HOST_to_GPU,302592,630859.2286400181,630893.7054400182
59,fixed_manifest,89,1,gpu_host,GPU_to_HOST,302592,631880.6926400184,631915.1694400185
59,fixed_manifest,89,2,host_fpga_pcie,HOST_to_FPGA,302592,631915.1694400185,632039.4574400185
60,fixed_manifest,69,1,gpu_host,GPU_to_HOST,302592,632233.2225600185,632267.6993600186
60,fixed_manifest,69,2,host_fpga_pcie,HOST_to_FPGA,302592,632267.6993600186,632391.9873600187
59,fixed_manifest,90,1,host_fpga_pcie,FPGA_to_HOST,302592,632372.2049600185,632496.4929600187
59,fixed_manifest,90,2,gpu_host,HOST_to_GPU,302592,632496.4929600187,632530.9697600186
60,fixed_manifest,70,1,host_fpga_pcie,FPGA_to_HOST,302592,632724.7348800186,632849.0228800188
60,fixed_manifest,70,2,gpu_host,HOST_to_GPU,302592,632849.0228800188,632883.4996800188
61,fixed_manifest,49,1,gpu_host,GPU_to_HOST,302592,633660.1560000189,633694.6328000189
61,fixed_manifest,49,2,host_fpga_pcie,HOST_to_FPGA,302592,633694.6328000189,633818.920800019
62,fixed_manifest,29,1,gpu_host,GPU_to_HOST,302592,634049.3803200191,634083.8571200192
62,fixed_manifest,29,2,host_fpga_pcie,HOST_to_FPGA,302592,634083.8571200192,634239.6219200193
61,fixed_manifest,50,1,host_fpga_pcie,FPGA_to_HOST,302592,634151.668320019,634307.4331200192
61,fixed_manifest,50,2,gpu_host,HOST_to_GPU,302592,634307.4331200192,634341.9099200191
62,fixed_manifest,30,1,host_fpga_pcie,FPGA_to_HOST,302592,634572.3694400192,634696.6574400193
62,fixed_manifest,30,2,gpu_host,HOST_to_GPU,302592,634696.6574400193,634731.1342400194
63,fixed_manifest,9,1,gpu_host,GPU_to_HOST,302592,635168.0430400193,635202.5198400194
63,fixed_manifest,9,2,host_fpga_pcie,HOST_to_FPGA,302592,635202.5198400194,635326.8078400195
58,fixed_manifest,119,1,gpu_host,GPU_to_HOST,302592,635364.5464000195,635399.0232000195
58,fixed_manifest,119,2,host_fpga_pcie,HOST_to_FPGA,302592,635399.0232000195,635523.3112000196
63,fixed_manifest,10,1,host_fpga_pcie,FPGA_to_HOST,302592,635659.5553600196,635783.8433600196
63,fixed_manifest,10,2,gpu_host,HOST_to_GPU,302592,635783.8433600196,635818.3201600196
58,fixed_manifest,120,1,host_fpga_pcie,FPGA_to_HOST,302592,635992.3028800195,636116.5908800196
58,fixed_manifest,120,2,gpu_host,HOST_to_GPU,302592,636116.5908800196,636151.0676800197
59,fixed_manifest,99,1,gpu_host,GPU_to_HOST,302592,636850.30384002,636884.7806400199
59,fixed_manifest,99,2,host_fpga_pcie,HOST_to_FPGA,302592,636884.7806400199,637009.0686400201
60,fixed_manifest,79,1,gpu_host,GPU_to_HOST,302592,637028.46000002,637062.93680002
60,fixed_manifest,79,2,host_fpga_pcie,HOST_to_FPGA,302592,637062.93680002,637187.2248000201
59,fixed_manifest,100,1,host_fpga_pcie,FPGA_to_HOST,302592,637341.8161600201,637466.1041600201
59,fixed_manifest,100,2,gpu_host,HOST_to_GPU,302592,637466.1041600201,637500.5809600202
60,fixed_manifest,80,1,host_fpga_pcie,FPGA_to_HOST,302592,637674.56368002,637798.8516800201
60,fixed_manifest,80,2,gpu_host,HOST_to_GPU,302592,637798.8516800201,637833.3284800202
61,fixed_manifest,59,1,gpu_host,GPU_to_HOST,302592,638086.4833600204,638125.3073600205
62,fixed_manifest,39,1,gpu_host,GPU_to_HOST,302592,638108.6129600205,638147.4369600206
61,fixed_manifest,59,2,host_fpga_pcie,HOST_to_FPGA,302592,638125.3073600205,638326.7537600205
62,fixed_manifest,39,2,host_fpga_pcie,HOST_to_FPGA,302592,638147.4369600206,638348.8833600205
61,fixed_manifest,60,1,host_fpga_pcie,FPGA_to_HOST,302592,638659.5012800205,638783.7892800205
61,fixed_manifest,60,2,gpu_host,HOST_to_GPU,302592,638783.7892800205,638818.2660800206
62,fixed_manifest,40,1,host_fpga_pcie,FPGA_to_HOST,302592,638992.2488000204,639116.5368000206
62,fixed_manifest,40,2,gpu_host,HOST_to_GPU,302592,639116.5368000206,639151.0136000206
63,fixed_manifest,19,1,gpu_host,GPU_to_HOST,302592,639387.0846400209,639421.5614400208
63,fixed_manifest,19,2,host_fpga_pcie,HOST_to_FPGA,302592,639421.5614400208,639545.8494400209
63,fixed_manifest,20,1,host_fpga_pcie,FPGA_to_HOST,302592,639878.596960021,640002.884960021
63,fixed_manifest,20,2,gpu_host,HOST_to_GPU,302592,640002.884960021,640037.3617600211
59,fixed_manifest,109,1,gpu_host,GPU_to_HOST,302592,640872.8420800213,640907.3188800213
59,fixed_manifest,109,2,host_fpga_pcie,HOST_to_FPGA,302592,640907.3188800213,641031.6068800214
60,fixed_manifest,89,1,gpu_host,GPU_to_HOST,302592,641225.3720000214,641259.8488000215
60,fixed_manifest,89,2,host_fpga_pcie,HOST_to_FPGA,302592,641259.8488000215,641384.1368000215
59,fixed_manifest,110,1,host_fpga_pcie,FPGA_to_HOST,302592,641364.3544000214,641488.6424000214
59,fixed_manifest,110,2,gpu_host,HOST_to_GPU,302592,641488.6424000214,641523.1192000215
60,fixed_manifest,90,1,host_fpga_pcie,FPGA_to_HOST,302592,641716.8843200215,641841.1723200215
60,fixed_manifest,90,2,gpu_host,HOST_to_GPU,302592,641841.1723200215,641875.6491200216
61,fixed_manifest,69,1,gpu_host,GPU_to_HOST,302592,642246.2673600218,642280.7441600218
61,fixed_manifest,69,2,host_fpga_pcie,HOST_to_FPGA,302592,642280.7441600218,642460.0609600217
62,fixed_manifest,49,1,gpu_host,GPU_to_HOST,302592,642290.5265600218,642325.0033600219
62,fixed_manifest,49,2,host_fpga_pcie,HOST_to_FPGA,302592,642325.0033600219,642504.3201600218
61,fixed_manifest,70,1,host_fpga_pcie,FPGA_to_HOST,302592,642792.8084800218,642917.0964800218
61,fixed_manifest,70,2,gpu_host,HOST_to_GPU,302592,642917.0964800218,642951.5732800218
62,fixed_manifest,50,1,host_fpga_pcie,FPGA_to_HOST,302592,643125.5560000218,643249.8440000218
62,fixed_manifest,50,2,gpu_host,HOST_to_GPU,302592,643249.8440000218,643284.3208000219
63,fixed_manifest,29,1,gpu_host,GPU_to_HOST,302592,643739.5896000222,643774.0664000222
63,fixed_manifest,29,2,host_fpga_pcie,HOST_to_FPGA,302592,643774.0664000222,643898.3544000223
63,fixed_manifest,30,1,host_fpga_pcie,FPGA_to_HOST,302592,644231.1019200223,644355.3899200223
63,fixed_manifest,30,2,gpu_host,HOST_to_GPU,302592,644355.3899200223,644389.8667200224
59,fixed_manifest,119,1,gpu_host,GPU_to_HOST,302592,645032.6260800225,645067.1028800226
59,fixed_manifest,119,2,host_fpga_pcie,HOST_to_FPGA,302592,645067.1028800226,645191.3908800227
60,fixed_manifest,99,1,gpu_host,GPU_to_HOST,302592,645385.1560000227,645419.6328000227
60,fixed_manifest,99,2,host_fpga_pcie,HOST_to_FPGA,302592,645419.6328000227,645543.9208000228
59,fixed_manifest,120,1,host_fpga_pcie,FPGA_to_HOST,302592,645524.1384000226,645648.4264000227
59,fixed_manifest,120,2,gpu_host,HOST_to_GPU,302592,645648.4264000227,645682.9032000228
60,fixed_manifest,100,1,host_fpga_pcie,FPGA_to_HOST,302592,645876.6683200228,646000.9563200228
60,fixed_manifest,100,2,gpu_host,HOST_to_GPU,302592,646000.9563200228,646035.4331200229
61,fixed_manifest,79,1,gpu_host,GPU_to_HOST,302592,646406.0513600231,646440.528160023
61,fixed_manifest,79,2,host_fpga_pcie,HOST_to_FPGA,302592,646440.528160023,646619.844960023
62,fixed_manifest,59,1,gpu_host,GPU_to_HOST,302592,646450.3105600231,646484.7873600231
62,fixed_manifest,59,2,host_fpga_pcie,HOST_to_FPGA,302592,646484.7873600231,646664.104160023
61,fixed_manifest,80,1,host_fpga_pcie,FPGA_to_HOST,302592,646952.592480023,647076.8804800231
61,fixed_manifest,80,2,gpu_host,HOST_to_GPU,302592,647076.8804800231,647111.3572800232
63,fixed_manifest,39,1,gpu_host,GPU_to_HOST,302592,647278.9185600234,647313.3953600234
62,fixed_manifest,60,1,host_fpga_pcie,FPGA_to_HOST,302592,647285.340000023,647480.8606400227
63,fixed_manifest,39,2,host_fpga_pcie,HOST_to_FPGA,302592,647313.3953600234,647508.916000023
62,fixed_manifest,60,2,gpu_host,HOST_to_GPU,302592,647480.8606400227,647515.3374400226
63,fixed_manifest,40,1,host_fpga_pcie,FPGA_to_HOST,302592,647841.663520023,647965.9515200232
60,fixed_manifest,109,1,gpu_host,GPU_to_HOST,302592,647954.8488000237,648004.6996800242
63,fixed_manifest,40,2,gpu_host,HOST_to_GPU,302592,647965.9515200232,648015.8024000237
60,fixed_manifest,109,2,host_fpga_pcie,HOST_to_FPGA,302592,648004.6996800242,648128.9876800242
60,fixed_manifest,110,1,host_fpga_pcie,FPGA_to_HOST,302592,648461.7352000242,648586.0232000244
60,fixed_manifest,110,2,gpu_host,HOST_to_GPU,302592,648586.0232000244,648620.5000000243
61,fixed_manifest,89,1,gpu_host,GPU_to_HOST,302592,649444.3886400241,649478.8654400241
61,fixed_manifest,89,2,host_fpga_pcie,HOST_to_FPGA,302592,649478.8654400241,649603.1534400241
61,fixed_manifest,90,1,host_fpga_pcie,FPGA_to_HOST,302592,649935.9009600242,650060.1889600243
61,fixed_manifest,90,2,gpu_host,HOST_to_GPU,302592,650060.1889600243,650094.6657600243
62,fixed_manifest,69,1,gpu_host,GPU_to_HOST,302592,650584.6161600244,650619.0929600244
62,fixed_manifest,69,2,host_fpga_pcie,HOST_to_FPGA,302592,650619.0929600244,650743.3809600245
63,fixed_manifest,49,1,gpu_host,GPU_to_HOST,302592,650799.4667200246,650833.9435200245
63,fixed_manifest,49,2,host_fpga_pcie,HOST_to_FPGA,302592,650833.9435200245,650958.2315200246
62,fixed_manifest,70,1,host_fpga_pcie,FPGA_to_HOST,302592,651076.1284800245,651200.4164800246
62,fixed_manifest,70,2,gpu_host,HOST_to_GPU,302592,651200.4164800246,651234.8932800246
63,fixed_manifest,50,1,host_fpga_pcie,FPGA_to_HOST,302592,651408.8760000245,651549.8014400243
60,fixed_manifest,119,1,gpu_host,GPU_to_HOST,302592,651457.0497600248,651491.5265600247
60,fixed_manifest,119,2,host_fpga_pcie,HOST_to_FPGA,302592,651491.5265600247,651632.4520000245
63,fixed_manifest,50,2,gpu_host,HOST_to_GPU,302592,651549.8014400243,651584.2782400243
60,fixed_manifest,120,1,host_fpga_pcie,FPGA_to_HOST,302592,651965.1995200245,652089.4875200246
60,fixed_manifest,120,2,gpu_host,HOST_to_GPU,302592,652089.4875200246,652123.9643200246
61,fixed_manifest,99,1,gpu_host,GPU_to_HOST,302592,652311.136160025,652345.612960025
61,fixed_manifest,99,2,host_fpga_pcie,HOST_to_FPGA,302592,652345.612960025,652469.9009600251
61,fixed_manifest,100,1,host_fpga_pcie,FPGA_to_HOST,302592,652802.6484800251,652926.9364800252
61,fixed_manifest,100,2,gpu_host,HOST_to_GPU,302592,652926.9364800252,652961.4132800252
62,fixed_manifest,79,1,gpu_host,GPU_to_HOST,302592,653168.4785600253,653202.9553600254
62,fixed_manifest,79,2,host_fpga_pcie,HOST_to_FPGA,302592,653202.9553600254,653327.2433600255
62,fixed_manifest,80,1,host_fpga_pcie,FPGA_to_HOST,302592,653659.9908800254,653784.2788800255
62,fixed_manifest,80,2,gpu_host,HOST_to_GPU,302592,653784.2788800255,653818.7556800256
63,fixed_manifest,59,1,gpu_host,GPU_to_HOST,302592,653834.0216000256,653868.4984000255
63,fixed_manifest,59,2,host_fpga_pcie,HOST_to_FPGA,302592,653868.4984000255,653992.7864000257
63,fixed_manifest,60,1,host_fpga_pcie,FPGA_to_HOST,302592,654325.5339200257,654449.8219200257
63,fixed_manifest,60,2,gpu_host,HOST_to_GPU,302592,654449.8219200257,654484.2987200258
61,fixed_manifest,109,1,gpu_host,GPU_to_HOST,302592,654665.9784000259,654700.4552000258
61,fixed_manifest,109,2,host_fpga_pcie,HOST_to_FPGA,302592,654700.4552000258,654824.7432000259
61,fixed_manifest,110,1,host_fpga_pcie,FPGA_to_HOST,302592,655157.490720026,655281.778720026
61,fixed_manifest,110,2,gpu_host,HOST_to_GPU,302592,655281.778720026,655316.2555200261
62,fixed_manifest,89,1,gpu_host,GPU_to_HOST,302592,655672.3089600261,655706.7857600262
62,fixed_manifest,89,2,host_fpga_pcie,HOST_to_FPGA,302592,655706.7857600262,655831.0737600263
62,fixed_manifest,90,1,host_fpga_pcie,FPGA_to_HOST,302592,656163.8212800262,656288.1092800264
62,fixed_manifest,90,2,gpu_host,HOST_to_GPU,302592,656288.1092800264,656322.5860800263
63,fixed_manifest,69,1,gpu_host,GPU_to_HOST,302592,656485.9185600263,656520.3953600264
63,fixed_manifest,69,2,host_fpga_pcie,HOST_to_FPGA,302592,656520.3953600264,656644.6833600265
63,fixed_manifest,70,1,host_fpga_pcie,FPGA_to_HOST,302592,656977.4308800264,657101.7188800266
63,fixed_manifest,70,2,gpu_host,HOST_to_GPU,302592,657101.7188800266,657136.1956800265
61,fixed_manifest,119,1,gpu_host,GPU_to_HOST,302592,657161.8488000266,657196.3256000266
61,fixed_manifest,119,2,host_fpga_pcie,HOST_to_FPGA,302592,657196.3256000266,657320.6136000267
61,fixed_manifest,120,1,host_fpga_pcie,FPGA_to_HOST,302592,657653.3611200267,657777.6491200267
61,fixed_manifest,120,2,gpu_host,HOST_to_GPU,302592,657777.6491200267,657812.1259200268
62,fixed_manifest,99,1,gpu_host,GPU_to_HOST,302592,658168.179360027,658202.6561600269
62,fixed_manifest,99,2,host_fpga_pcie,HOST_to_FPGA,302592,658202.6561600269,658326.944160027
63,fixed_manifest,79,1,gpu_host,GPU_to_HOST,302592,658398.0283200272,658432.5051200271
63,fixed_manifest,79,2,host_fpga_pcie,HOST_to_FPGA,302592,658432.5051200271,658556.7931200273
62,fixed_manifest,100,1,host_fpga_pcie,FPGA_to_HOST,302592,658659.691680027,658783.9796800271
62,fixed_manifest,100,2,gpu_host,HOST_to_GPU,302592,658783.9796800271,658818.4564800272
63,fixed_manifest,80,1,host_fpga_pcie,FPGA_to_HOST,302592,658992.439200027,659116.7272000271
63,fixed_manifest,80,2,gpu_host,HOST_to_GPU,302592,659116.7272000271,659151.2040000272
62,fixed_manifest,109,1,gpu_host,GPU_to_HOST,302592,660289.6491200275,660324.1259200275
62,fixed_manifest,109,2,host_fpga_pcie,HOST_to_FPGA,302592,660324.1259200275,660448.4139200277
63,fixed_manifest,89,1,gpu_host,GPU_to_HOST,302592,660482.3700800276,660516.8468800277
63,fixed_manifest,89,2,host_fpga_pcie,HOST_to_FPGA,302592,660516.8468800277,660641.1348800277
62,fixed_manifest,110,1,host_fpga_pcie,FPGA_to_HOST,302592,660781.1614400276,660905.4494400277
62,fixed_manifest,110,2,gpu_host,HOST_to_GPU,302592,660905.4494400277,660939.9262400278
63,fixed_manifest,90,1,host_fpga_pcie,FPGA_to_HOST,302592,661113.9089600276,661238.1969600277
63,fixed_manifest,90,2,gpu_host,HOST_to_GPU,302592,661238.1969600277,661272.6737600277
62,fixed_manifest,119,1,gpu_host,GPU_to_HOST,302592,662411.1188800281,662445.5956800282
62,fixed_manifest,119,2,host_fpga_pcie,HOST_to_FPGA,302592,662445.5956800282,662569.8836800283
63,fixed_manifest,99,1,gpu_host,GPU_to_HOST,302592,662603.8398400282,662638.3166400283
63,fixed_manifest,99,2,host_fpga_pcie,HOST_to_FPGA,302592,662638.3166400283,662762.6046400283
62,fixed_manifest,120,1,host_fpga_pcie,FPGA_to_HOST,302592,662902.6312000282,663026.9192000283
62,fixed_manifest,120,2,gpu_host,HOST_to_GPU,302592,663026.9192000283,663061.3960000284
63,fixed_manifest,100,1,host_fpga_pcie,FPGA_to_HOST,302592,663235.3787200282,663359.6667200284
63,fixed_manifest,100,2,gpu_host,HOST_to_GPU,302592,663359.6667200284,663394.1435200283
63,fixed_manifest,109,1,gpu_host,GPU_to_HOST,302592,664226.1003200286,664260.5771200287
63,fixed_manifest,109,2,host_fpga_pcie,HOST_to_FPGA,302592,664260.5771200287,664384.8651200287
63,fixed_manifest,110,1,host_fpga_pcie,FPGA_to_HOST,302592,664717.6126400287,664841.9006400288
63,fixed_manifest,110,2,gpu_host,HOST_to_GPU,302592,664841.9006400288,664876.3774400288
63,fixed_manifest,119,1,gpu_host,GPU_to_HOST,302592,665708.3342400291,665742.811040029
63,fixed_manifest,119,2,host_fpga_pcie,HOST_to_FPGA,302592,665742.811040029,665867.0990400292
63,fixed_manifest,120,1,host_fpga_pcie,FPGA_to_HOST,302592,666199.8465600292,666324.1345600293
63,fixed_manifest,120,2,gpu_host,HOST_to_GPU,302592,666324.1345600293,666358.6113600293
