request_id,selected_mode,task_id,task_type,device,start_us,finish_us
0,gpu_only,patch_embedding,patch_embedding,GPU,0.0,151.50688000000002
0,gpu_only,token_embedding,token_and_position_embedding,GPU,151.50688000000002,169.85408
0,gpu_only,block_00_norm1,layer_norm,GPU,169.85408,191.98368000000002
0,gpu_only,block_00_qkv,linear_qkv,GPU,191.98368000000002,634.7161600000001
0,gpu_only,block_00_attention,self_attention,GPU,634.7161600000001,790.7427200000001
0,gpu_only,block_00_proj,linear_projection,GPU,790.7427200000001,942.98688
0,gpu_only,block_00_residual1,residual_add,GPU,942.98688,961.33408
0,gpu_only,block_00_norm2,layer_norm,GPU,961.33408,983.4636800000001
0,gpu_only,block_00_ffn_island,fused_ffn_island,GPU,983.4636800000001,2196.67616
0,gpu_only,block_00_residual2,residual_add,GPU,2196.67616,2215.0233599999997
0,gpu_only,block_01_norm1,layer_norm,GPU,2215.0233599999997,2237.15296
0,gpu_only,block_01_qkv,linear_qkv,GPU,2237.15296,2679.88544
0,gpu_only,block_01_attention,self_attention,GPU,2679.88544,2835.912
0,gpu_only,block_01_proj,linear_projection,GPU,2835.912,2988.15616
0,gpu_only,block_01_residual1,residual_add,GPU,2988.15616,3006.5033599999997
0,gpu_only,block_01_norm2,layer_norm,GPU,3006.5033599999997,3028.6329599999995
0,gpu_only,block_01_ffn_island,fused_ffn_island,GPU,3028.6329599999995,4241.845439999999
0,gpu_only,block_01_residual2,residual_add,GPU,4241.845439999999,4260.192639999999
0,gpu_only,block_02_norm1,layer_norm,GPU,4260.192639999999,4282.3222399999995
0,gpu_only,block_02_qkv,linear_qkv,GPU,4282.3222399999995,4725.05472
0,gpu_only,block_02_attention,self_attention,GPU,4725.05472,4881.081279999999
0,gpu_only,block_02_proj,linear_projection,GPU,4881.081279999999,5033.32544
0,gpu_only,block_02_residual1,residual_add,GPU,5033.32544,5051.67264
0,gpu_only,block_02_norm2,layer_norm,GPU,5051.67264,5073.80224
0,gpu_only,block_02_ffn_island,fused_ffn_island,GPU,5073.80224,6287.01472
0,gpu_only,block_02_residual2,residual_add,GPU,6287.01472,6305.36192
0,gpu_only,block_03_norm1,layer_norm,GPU,6305.36192,6327.4915200000005
0,gpu_only,block_03_qkv,linear_qkv,GPU,6327.4915200000005,6770.224000000001
0,gpu_only,block_03_attention,self_attention,GPU,6770.224000000001,6926.25056
0,gpu_only,block_03_proj,linear_projection,GPU,6926.25056,7078.494720000001
0,gpu_only,block_03_residual1,residual_add,GPU,7078.494720000001,7096.841920000001
0,gpu_only,block_03_norm2,layer_norm,GPU,7096.841920000001,7118.971520000001
0,gpu_only,block_03_ffn_island,fused_ffn_island,GPU,7118.971520000001,8332.184000000001
0,gpu_only,block_03_residual2,residual_add,GPU,8332.184000000001,8350.531200000001
0,gpu_only,block_04_norm1,layer_norm,GPU,8350.531200000001,8372.660800000001
0,gpu_only,block_04_qkv,linear_qkv,GPU,8372.660800000001,8815.39328
0,gpu_only,block_04_attention,self_attention,GPU,8815.39328,8971.41984
0,gpu_only,block_04_proj,linear_projection,GPU,8971.41984,9123.664
0,gpu_only,block_04_residual1,residual_add,GPU,9123.664,9142.011199999999
0,gpu_only,block_04_norm2,layer_norm,GPU,9142.011199999999,9164.1408
0,gpu_only,block_04_ffn_island,fused_ffn_island,GPU,9164.1408,10377.35328
1,gpu_only,patch_embedding,patch_embedding,GPU,10377.35328,10528.86016
0,gpu_only,block_04_residual2,residual_add,GPU,10528.86016,10547.20736
1,gpu_only,token_embedding,token_and_position_embedding,GPU,10547.20736,10565.554559999999
0,gpu_only,block_05_norm1,layer_norm,GPU,10565.554559999999,10587.684159999999
1,gpu_only,block_00_norm1,layer_norm,GPU,10587.684159999999,10609.81376
0,gpu_only,block_05_qkv,linear_qkv,GPU,10609.81376,11052.54624
1,gpu_only,block_00_qkv,linear_qkv,GPU,11052.54624,11495.278719999998
0,gpu_only,block_05_attention,self_attention,GPU,11495.278719999998,11651.305279999999
1,gpu_only,block_00_attention,self_attention,GPU,11651.305279999999,11807.331839999997
0,gpu_only,block_05_proj,linear_projection,GPU,11807.331839999997,11959.575999999997
1,gpu_only,block_00_proj,linear_projection,GPU,11959.575999999997,12111.820159999997
0,gpu_only,block_05_residual1,residual_add,GPU,12111.820159999997,12130.167359999998
1,gpu_only,block_00_residual1,residual_add,GPU,12130.167359999998,12148.514559999998
0,gpu_only,block_05_norm2,layer_norm,GPU,12148.514559999998,12170.644159999998
1,gpu_only,block_00_norm2,layer_norm,GPU,12170.644159999998,12192.773759999998
0,gpu_only,block_05_ffn_island,fused_ffn_island,GPU,12192.773759999998,13405.986239999997
1,gpu_only,block_00_ffn_island,fused_ffn_island,GPU,13405.986239999997,14619.198719999997
0,gpu_only,block_05_residual2,residual_add,GPU,14619.198719999997,14637.545919999997
1,gpu_only,block_00_residual2,residual_add,GPU,14637.545919999997,14655.893119999995
0,gpu_only,block_06_norm1,layer_norm,GPU,14655.893119999995,14678.022719999995
1,gpu_only,block_01_norm1,layer_norm,GPU,14678.022719999995,14700.152319999996
0,gpu_only,block_06_qkv,linear_qkv,GPU,14700.152319999996,15142.884799999996
1,gpu_only,block_01_qkv,linear_qkv,GPU,15142.884799999996,15585.617279999995
0,gpu_only,block_06_attention,self_attention,GPU,15585.617279999995,15741.643839999997
1,gpu_only,block_01_attention,self_attention,GPU,15741.643839999997,15897.670399999997
0,gpu_only,block_06_proj,linear_projection,GPU,15897.670399999997,16049.914559999996
1,gpu_only,block_01_proj,linear_projection,GPU,16049.914559999996,16202.158719999994
0,gpu_only,block_06_residual1,residual_add,GPU,16202.158719999994,16220.505919999996
1,gpu_only,block_01_residual1,residual_add,GPU,16220.505919999996,16238.853119999998
0,gpu_only,block_06_norm2,layer_norm,GPU,16238.853119999998,16260.982719999998
1,gpu_only,block_01_norm2,layer_norm,GPU,16260.982719999998,16283.112319999998
0,gpu_only,block_06_ffn_island,fused_ffn_island,GPU,16283.112319999998,17496.3248
1,gpu_only,block_01_ffn_island,fused_ffn_island,GPU,17496.3248,18709.537279999997
0,gpu_only,block_06_residual2,residual_add,GPU,18709.537279999997,18727.884479999997
1,gpu_only,block_01_residual2,residual_add,GPU,18727.884479999997,18746.23168
0,gpu_only,block_07_norm1,layer_norm,GPU,18746.23168,18768.36128
1,gpu_only,block_02_norm1,layer_norm,GPU,18768.36128,18790.49088
0,gpu_only,block_07_qkv,linear_qkv,GPU,18790.49088,19233.22336
1,gpu_only,block_02_qkv,linear_qkv,GPU,19233.22336,19675.95584
0,gpu_only,block_07_attention,self_attention,GPU,19675.95584,19831.9824
1,gpu_only,block_02_attention,self_attention,GPU,19831.9824,19988.008960000003
0,gpu_only,block_07_proj,linear_projection,GPU,19988.008960000003,20140.25312
1,gpu_only,block_02_proj,linear_projection,GPU,20140.25312,20292.49728
2,gpu_only,patch_embedding,patch_embedding,GPU,20292.49728,20444.004159999997
0,gpu_only,block_07_residual1,residual_add,GPU,20444.004159999997,20462.351359999997
1,gpu_only,block_02_residual1,residual_add,GPU,20462.351359999997,20480.69856
2,gpu_only,token_embedding,token_and_position_embedding,GPU,20480.69856,20499.04576
0,gpu_only,block_07_norm2,layer_norm,GPU,20499.04576,20521.17536
1,gpu_only,block_02_norm2,layer_norm,GPU,20521.17536,20543.30496
2,gpu_only,block_00_norm1,layer_norm,GPU,20543.30496,20565.43456
0,gpu_only,block_07_ffn_island,fused_ffn_island,GPU,20565.43456,21778.64704
1,gpu_only,block_02_ffn_island,fused_ffn_island,GPU,21778.64704,22991.85952
2,gpu_only,block_00_qkv,linear_qkv,GPU,22991.85952,23434.592
0,gpu_only,block_07_residual2,residual_add,GPU,23434.592,23452.9392
1,gpu_only,block_02_residual2,residual_add,GPU,23452.9392,23471.286400000005
2,gpu_only,block_00_attention,self_attention,GPU,23471.286400000005,23627.312960000003
0,gpu_only,block_08_norm1,layer_norm,GPU,23627.312960000003,23649.442560000003
1,gpu_only,block_03_norm1,layer_norm,GPU,23649.442560000003,23671.572160000003
2,gpu_only,block_00_proj,linear_projection,GPU,23671.572160000003,23823.81632
0,gpu_only,block_08_qkv,linear_qkv,GPU,23823.81632,24266.548800000004
1,gpu_only,block_03_qkv,linear_qkv,GPU,24266.548800000004,24709.281280000003
2,gpu_only,block_00_residual1,residual_add,GPU,24709.281280000003,24727.628480000003
0,gpu_only,block_08_attention,self_attention,GPU,24727.628480000003,24883.655040000005
1,gpu_only,block_03_attention,self_attention,GPU,24883.655040000005,25039.681600000007
2,gpu_only,block_00_norm2,layer_norm,GPU,25039.681600000007,25061.811200000007
0,gpu_only,block_08_proj,linear_projection,GPU,25061.811200000007,25214.055360000006
1,gpu_only,block_03_proj,linear_projection,GPU,25214.055360000006,25366.299520000004
2,gpu_only,block_00_ffn_island,fused_ffn_island,GPU,25366.299520000004,26579.512000000002
0,gpu_only,block_08_residual1,residual_add,GPU,26579.512000000002,26597.859200000003
1,gpu_only,block_03_residual1,residual_add,GPU,26597.859200000003,26616.206400000006
2,gpu_only,block_00_residual2,residual_add,GPU,26616.206400000006,26634.553600000007
0,gpu_only,block_08_norm2,layer_norm,GPU,26634.553600000007,26656.683200000007
1,gpu_only,block_03_norm2,layer_norm,GPU,26656.683200000007,26678.812800000007
2,gpu_only,block_01_norm1,layer_norm,GPU,26678.812800000007,26700.942400000007
0,gpu_only,block_08_ffn_island,fused_ffn_island,GPU,26700.942400000007,27914.154880000006
1,gpu_only,block_03_ffn_island,fused_ffn_island,GPU,27914.154880000006,29127.367360000007
2,gpu_only,block_01_qkv,linear_qkv,GPU,29127.367360000007,29570.099840000006
0,gpu_only,block_08_residual2,residual_add,GPU,29570.099840000006,29588.447040000006
1,gpu_only,block_03_residual2,residual_add,GPU,29588.447040000006,29606.794240000007
2,gpu_only,block_01_attention,self_attention,GPU,29606.794240000007,29762.82080000001
0,gpu_only,block_09_norm1,layer_norm,GPU,29762.82080000001,29784.95040000001
1,gpu_only,block_04_norm1,layer_norm,GPU,29784.95040000001,29807.08000000001
2,gpu_only,block_01_proj,linear_projection,GPU,29807.08000000001,29959.324160000007
0,gpu_only,block_09_qkv,linear_qkv,GPU,29959.324160000007,30402.05664000001
1,gpu_only,block_04_qkv,linear_qkv,GPU,30402.05664000001,30844.78912000001
2,gpu_only,block_01_residual1,residual_add,GPU,30844.78912000001,30863.13632000001
3,gpu_only,patch_embedding,patch_embedding,GPU,30863.13632000001,31014.643200000006
0,gpu_only,block_09_attention,self_attention,GPU,31014.643200000006,31170.669760000008
1,gpu_only,block_04_attention,self_attention,GPU,31170.669760000008,31326.696320000006
2,gpu_only,block_01_norm2,layer_norm,GPU,31326.696320000006,31348.825920000003
3,gpu_only,token_embedding,token_and_position_embedding,GPU,31348.825920000003,31367.17312
0,gpu_only,block_09_proj,linear_projection,GPU,31367.17312,31519.417280000005
1,gpu_only,block_04_proj,linear_projection,GPU,31519.417280000005,31671.661440000007
2,gpu_only,block_01_ffn_island,fused_ffn_island,GPU,31671.661440000007,32884.873920000005
3,gpu_only,block_00_norm1,layer_norm,GPU,32884.873920000005,32907.003520000006
0,gpu_only,block_09_residual1,residual_add,GPU,32907.003520000006,32925.35072
1,gpu_only,block_04_residual1,residual_add,GPU,32925.35072,32943.69792
2,gpu_only,block_01_residual2,residual_add,GPU,32943.69792,32962.045119999995
3,gpu_only,block_00_qkv,linear_qkv,GPU,32962.045119999995,33404.7776
0,gpu_only,block_09_norm2,layer_norm,GPU,33404.7776,33426.907199999994
1,gpu_only,block_04_norm2,layer_norm,GPU,33426.907199999994,33449.036799999994
2,gpu_only,block_02_norm1,layer_norm,GPU,33449.036799999994,33471.16639999999
3,gpu_only,block_00_attention,self_attention,GPU,33471.16639999999,33627.19295999999
0,gpu_only,block_09_ffn_island,fused_ffn_island,GPU,33627.19295999999,34840.405439999995
1,gpu_only,block_04_ffn_island,fused_ffn_island,GPU,34840.405439999995,36053.61792
2,gpu_only,block_02_qkv,linear_qkv,GPU,36053.61792,36496.350399999996
3,gpu_only,block_00_proj,linear_projection,GPU,36496.350399999996,36648.59456
0,gpu_only,block_09_residual2,residual_add,GPU,36648.59456,36666.941759999994
1,gpu_only,block_04_residual2,residual_add,GPU,36666.941759999994,36685.28895999999
2,gpu_only,block_02_attention,self_attention,GPU,36685.28895999999,36841.31552
3,gpu_only,block_00_residual1,residual_add,GPU,36841.31552,36859.66271999999
0,gpu_only,block_10_norm1,layer_norm,GPU,36859.66271999999,36881.792319999986
1,gpu_only,block_05_norm1,layer_norm,GPU,36881.792319999986,36903.921919999986
2,gpu_only,block_02_proj,linear_projection,GPU,36903.921919999986,37056.16607999999
3,gpu_only,block_00_norm2,layer_norm,GPU,37056.16607999999,37078.29567999998
0,gpu_only,block_10_qkv,linear_qkv,GPU,37078.29567999998,37521.02815999998
1,gpu_only,block_05_qkv,linear_qkv,GPU,37521.02815999998,37963.760639999986
2,gpu_only,block_02_residual1,residual_add,GPU,37963.760639999986,37982.10783999998
3,gpu_only,block_00_ffn_island,fused_ffn_island,GPU,37982.10783999998,39195.320319999984
0,gpu_only,block_10_attention,self_attention,GPU,39195.320319999984,39351.34687999998
1,gpu_only,block_05_attention,self_attention,GPU,39351.34687999998,39507.37343999999
2,gpu_only,block_02_norm2,layer_norm,GPU,39507.37343999999,39529.50303999998
3,gpu_only,block_00_residual2,residual_add,GPU,39529.50303999998,39547.85023999998
0,gpu_only,block_10_proj,linear_projection,GPU,39547.85023999998,39700.09439999998
1,gpu_only,block_05_proj,linear_projection,GPU,39700.09439999998,39852.33855999998
2,gpu_only,block_02_ffn_island,fused_ffn_island,GPU,39852.33855999998,41065.551039999984
3,gpu_only,block_01_norm1,layer_norm,GPU,41065.551039999984,41087.68063999998
0,gpu_only,block_10_residual1,residual_add,GPU,41087.68063999998,41106.02783999997
1,gpu_only,block_05_residual1,residual_add,GPU,41106.02783999997,41124.37503999997
4,gpu_only,patch_embedding,patch_embedding,GPU,41124.37503999997,41275.88191999997
2,gpu_only,block_02_residual2,residual_add,GPU,41275.88191999997,41294.22911999997
3,gpu_only,block_01_qkv,linear_qkv,GPU,41294.22911999997,41736.961599999966
0,gpu_only,block_10_norm2,layer_norm,GPU,41736.961599999966,41759.091199999966
1,gpu_only,block_05_norm2,layer_norm,GPU,41759.091199999966,41781.22079999997
4,gpu_only,token_embedding,token_and_position_embedding,GPU,41781.22079999997,41799.56799999996
2,gpu_only,block_03_norm1,layer_norm,GPU,41799.56799999996,41821.697599999956
3,gpu_only,block_01_attention,self_attention,GPU,41821.697599999956,41977.72415999996
0,gpu_only,block_10_ffn_island,fused_ffn_island,GPU,41977.72415999996,43190.93663999996
1,gpu_only,block_05_ffn_island,fused_ffn_island,GPU,43190.93663999996,44404.149119999965
4,gpu_only,block_00_norm1,layer_norm,GPU,44404.149119999965,44426.27871999996
2,gpu_only,block_03_qkv,linear_qkv,GPU,44426.27871999996,44869.011199999964
3,gpu_only,block_01_proj,linear_projection,GPU,44869.011199999964,45021.25535999997
0,gpu_only,block_10_residual2,residual_add,GPU,45021.25535999997,45039.60255999996
1,gpu_only,block_05_residual2,residual_add,GPU,45039.60255999996,45057.94975999996
4,gpu_only,block_00_qkv,linear_qkv,GPU,45057.94975999996,45500.68223999996
2,gpu_only,block_03_attention,self_attention,GPU,45500.68223999996,45656.70879999996
3,gpu_only,block_01_residual1,residual_add,GPU,45656.70879999996,45675.05599999996
0,gpu_only,block_11_norm1,layer_norm,GPU,45675.05599999996,45697.18559999995
1,gpu_only,block_06_norm1,layer_norm,GPU,45697.18559999995,45719.31519999995
4,gpu_only,block_00_attention,self_attention,GPU,45719.31519999995,45875.34175999995
2,gpu_only,block_03_proj,linear_projection,GPU,45875.34175999995,46027.585919999954
3,gpu_only,block_01_norm2,layer_norm,GPU,46027.585919999954,46049.715519999954
0,gpu_only,block_11_qkv,linear_qkv,GPU,46049.715519999954,46492.44799999995
1,gpu_only,block_06_qkv,linear_qkv,GPU,46492.44799999995,46935.18047999995
4,gpu_only,block_00_proj,linear_projection,GPU,46935.18047999995,47087.424639999954
2,gpu_only,block_03_residual1,residual_add,GPU,47087.424639999954,47105.77183999995
3,gpu_only,block_01_ffn_island,fused_ffn_island,GPU,47105.77183999995,48318.98431999995
0,gpu_only,block_11_attention,self_attention,GPU,48318.98431999995,48475.01087999995
1,gpu_only,block_06_attention,self_attention,GPU,48475.01087999995,48631.03743999996
4,gpu_only,block_00_residual1,residual_add,GPU,48631.03743999996,48649.38463999995
2,gpu_only,block_03_norm2,layer_norm,GPU,48649.38463999995,48671.51423999995
3,gpu_only,block_01_residual2,residual_add,GPU,48671.51423999995,48689.86143999995
0,gpu_only,block_11_proj,linear_projection,GPU,48689.86143999995,48842.10559999995
1,gpu_only,block_06_proj,linear_projection,GPU,48842.10559999995,48994.349759999954
4,gpu_only,block_00_norm2,layer_norm,GPU,48994.349759999954,49016.47935999995
2,gpu_only,block_03_ffn_island,fused_ffn_island,GPU,49016.47935999995,50229.69183999995
3,gpu_only,block_02_norm1,layer_norm,GPU,50229.69183999995,50251.82143999995
0,gpu_only,block_11_residual1,residual_add,GPU,50251.82143999995,50270.168639999945
1,gpu_only,block_06_residual1,residual_add,GPU,50270.168639999945,50288.51583999994
4,gpu_only,block_00_ffn_island,fused_ffn_island,GPU,50288.51583999994,51501.728319999944
5,gpu_only,patch_embedding,patch_embedding,GPU,51501.728319999944,51653.235199999945
2,gpu_only,block_03_residual2,residual_add,GPU,51653.235199999945,51671.58239999994
3,gpu_only,block_02_qkv,linear_qkv,GPU,51671.58239999994,52114.31487999994
0,gpu_only,block_11_norm2,layer_norm,GPU,52114.31487999994,52136.44447999994
1,gpu_only,block_06_norm2,layer_norm,GPU,52136.44447999994,52158.57407999993
4,gpu_only,block_00_residual2,residual_add,GPU,52158.57407999993,52176.92127999994
5,gpu_only,token_embedding,token_and_position_embedding,GPU,52176.92127999994,52195.26847999993
2,gpu_only,block_04_norm1,layer_norm,GPU,52195.26847999993,52217.398079999926
3,gpu_only,block_02_attention,self_attention,GPU,52217.398079999926,52373.42463999993
0,gpu_only,block_11_ffn_island,fused_ffn_island,GPU,52373.42463999993,53586.637119999934
1,gpu_only,block_06_ffn_island,fused_ffn_island,GPU,53586.637119999934,54799.849599999936
4,gpu_only,block_01_norm1,layer_norm,GPU,54799.849599999936,54821.979199999936
5,gpu_only,block_00_norm1,layer_norm,GPU,54821.979199999936,54844.10879999993
2,gpu_only,block_04_qkv,linear_qkv,GPU,54844.10879999993,55286.84127999993
3,gpu_only,block_02_proj,linear_projection,GPU,55286.84127999993,55439.08543999993
0,gpu_only,block_11_residual2,residual_add,GPU,55439.08543999993,55457.432639999926
1,gpu_only,block_06_residual2,residual_add,GPU,55457.432639999926,55475.77983999993
4,gpu_only,block_01_qkv,linear_qkv,GPU,55475.77983999993,55918.51231999993
5,gpu_only,block_00_qkv,linear_qkv,GPU,55918.51231999993,56361.24479999993
2,gpu_only,block_04_attention,self_attention,GPU,56361.24479999993,56517.271359999926
3,gpu_only,block_02_residual1,residual_add,GPU,56517.271359999926,56535.61855999992
0,gpu_only,final_norm,layer_norm,GPU,56535.61855999992,56557.74815999992
1,gpu_only,block_07_norm1,layer_norm,GPU,56557.74815999992,56579.877759999916
4,gpu_only,block_01_attention,self_attention,GPU,56579.877759999916,56735.90431999992
5,gpu_only,block_00_attention,self_attention,GPU,56735.90431999992,56891.93087999992
2,gpu_only,block_04_proj,linear_projection,GPU,56891.93087999992,57044.17503999992
3,gpu_only,block_02_norm2,layer_norm,GPU,57044.17503999992,57066.30463999992
0,gpu_only,class_token_select,class_token_select,GPU,57066.30463999992,57073.34303999992
1,gpu_only,block_07_qkv,linear_qkv,GPU,57073.34303999992,57516.07551999992
4,gpu_only,block_01_proj,linear_projection,GPU,57516.07551999992,57668.31967999992
5,gpu_only,block_00_proj,linear_projection,GPU,57668.31967999992,57820.56383999992
2,gpu_only,block_04_residual1,residual_add,GPU,57820.56383999992,57838.91103999992
3,gpu_only,block_02_ffn_island,fused_ffn_island,GPU,57838.91103999992,59052.12351999992
0,gpu_only,classifier,linear_classifier,GPU,59052.12351999992,59060.08351999993
1,gpu_only,block_07_attention,self_attention,GPU,59060.08351999993,59216.110079999926
4,gpu_only,block_01_residual1,residual_add,GPU,59216.110079999926,59234.45727999992
5,gpu_only,block_00_residual1,residual_add,GPU,59234.45727999992,59252.80447999992
2,gpu_only,block_04_norm2,layer_norm,GPU,59252.80447999992,59274.93407999992
3,gpu_only,block_02_residual2,residual_add,GPU,59274.93407999992,59293.281279999916
1,gpu_only,block_07_proj,linear_projection,GPU,59293.281279999916,59445.52543999992
4,gpu_only,block_01_norm2,layer_norm,GPU,59445.52543999992,59467.65503999992
5,gpu_only,block_00_norm2,layer_norm,GPU,59467.65503999992,59489.78463999991
2,gpu_only,block_04_ffn_island,fused_ffn_island,GPU,59489.78463999991,60702.99711999991
3,gpu_only,block_03_norm1,layer_norm,GPU,60702.99711999991,60725.12671999991
1,gpu_only,block_07_residual1,residual_add,GPU,60725.12671999991,60743.47391999991
4,gpu_only,block_01_ffn_island,fused_ffn_island,GPU,60743.47391999991,61956.68639999991
5,gpu_only,block_00_ffn_island,fused_ffn_island,GPU,61956.68639999991,63169.898879999906
6,gpu_only,patch_embedding,patch_embedding,GPU,63169.898879999906,63321.40575999991
2,gpu_only,block_04_residual2,residual_add,GPU,63321.40575999991,63339.75295999991
3,gpu_only,block_03_qkv,linear_qkv,GPU,63339.75295999991,63782.48543999991
1,gpu_only,block_07_norm2,layer_norm,GPU,63782.48543999991,63804.61503999992
4,gpu_only,block_01_residual2,residual_add,GPU,63804.61503999992,63822.96223999992
5,gpu_only,block_00_residual2,residual_add,GPU,63822.96223999992,63841.309439999925
6,gpu_only,token_embedding,token_and_position_embedding,GPU,63841.309439999925,63859.65663999993
2,gpu_only,block_05_norm1,layer_norm,GPU,63859.65663999993,63881.786239999936
3,gpu_only,block_03_attention,self_attention,GPU,63881.786239999936,64037.81279999993
1,gpu_only,block_07_ffn_island,fused_ffn_island,GPU,64037.81279999993,65251.02527999993
4,gpu_only,block_02_norm1,layer_norm,GPU,65251.02527999993,65273.15487999994
5,gpu_only,block_01_norm1,layer_norm,GPU,65273.15487999994,65295.28447999994
6,gpu_only,block_00_norm1,layer_norm,GPU,65295.28447999994,65317.414079999944
2,gpu_only,block_05_qkv,linear_qkv,GPU,65317.414079999944,65760.14655999994
3,gpu_only,block_03_proj,linear_projection,GPU,65760.14655999994,65912.39071999994
1,gpu_only,block_07_residual2,residual_add,GPU,65912.39071999994,65930.73791999994
4,gpu_only,block_02_qkv,linear_qkv,GPU,65930.73791999994,66373.47039999993
5,gpu_only,block_01_qkv,linear_qkv,GPU,66373.47039999993,66816.20287999994
6,gpu_only,block_00_qkv,linear_qkv,GPU,66816.20287999994,67258.93535999994
2,gpu_only,block_05_attention,self_attention,GPU,67258.93535999994,67414.96191999993
3,gpu_only,block_03_residual1,residual_add,GPU,67414.96191999993,67433.30911999993
1,gpu_only,block_08_norm1,layer_norm,GPU,67433.30911999993,67455.43871999995
4,gpu_only,block_02_attention,self_attention,GPU,67455.43871999995,67611.46527999993
5,gpu_only,block_01_attention,self_attention,GPU,67611.46527999993,67767.49183999993
6,gpu_only,block_00_attention,self_attention,GPU,67767.49183999993,67923.51839999993
2,gpu_only,block_05_proj,linear_projection,GPU,67923.51839999993,68075.76255999992
3,gpu_only,block_03_norm2,layer_norm,GPU,68075.76255999992,68097.89215999993
1,gpu_only,block_08_qkv,linear_qkv,GPU,68097.89215999993,68540.62463999992
4,gpu_only,block_02_proj,linear_projection,GPU,68540.62463999992,68692.86879999992
5,gpu_only,block_01_proj,linear_projection,GPU,68692.86879999992,68845.11295999991
6,gpu_only,block_00_proj,linear_projection,GPU,68845.11295999991,68997.35711999991
2,gpu_only,block_05_residual1,residual_add,GPU,68997.35711999991,69015.70431999992
3,gpu_only,block_03_ffn_island,fused_ffn_island,GPU,69015.70431999992,70228.91679999992
1,gpu_only,block_08_attention,self_attention,GPU,70228.91679999992,70384.94335999992
4,gpu_only,block_02_residual1,residual_add,GPU,70384.94335999992,70403.29055999992
5,gpu_only,block_01_residual1,residual_add,GPU,70403.29055999992,70421.63775999993
6,gpu_only,block_00_residual1,residual_add,GPU,70421.63775999993,70439.98495999993
2,gpu_only,block_05_norm2,layer_norm,GPU,70439.98495999993,70462.11455999993
7,gpu_only,patch_embedding,patch_embedding,GPU,70462.11455999993,70613.62143999993
3,gpu_only,block_03_residual2,residual_add,GPU,70613.62143999993,70631.96863999993
1,gpu_only,block_08_proj,linear_projection,GPU,70631.96863999993,70784.21279999992
4,gpu_only,block_02_norm2,layer_norm,GPU,70784.21279999992,70806.34239999994
5,gpu_only,block_01_norm2,layer_norm,GPU,70806.34239999994,70828.47199999994
6,gpu_only,block_00_norm2,layer_norm,GPU,70828.47199999994,70850.60159999994
2,gpu_only,block_05_ffn_island,fused_ffn_island,GPU,70850.60159999994,72063.81407999994
7,gpu_only,token_embedding,token_and_position_embedding,GPU,72063.81407999994,72082.16127999994
3,gpu_only,block_04_norm1,layer_norm,GPU,72082.16127999994,72104.29087999994
1,gpu_only,block_08_residual1,residual_add,GPU,72104.29087999994,72122.63807999996
4,gpu_only,block_02_ffn_island,fused_ffn_island,GPU,72122.63807999996,73335.85055999996
5,gpu_only,block_01_ffn_island,fused_ffn_island,GPU,73335.85055999996,74549.06303999996
6,gpu_only,block_00_ffn_island,fused_ffn_island,GPU,74549.06303999996,75762.27551999997
2,gpu_only,block_05_residual2,residual_add,GPU,75762.27551999997,75780.62271999997
7,gpu_only,block_00_norm1,layer_norm,GPU,75780.62271999997,75802.75231999997
3,gpu_only,block_04_qkv,linear_qkv,GPU,75802.75231999997,76245.48479999998
1,gpu_only,block_08_norm2,layer_norm,GPU,76245.48479999998,76267.61439999998
4,gpu_only,block_02_residual2,residual_add,GPU,76267.61439999998,76285.96159999998
5,gpu_only,block_01_residual2,residual_add,GPU,76285.96159999998,76304.30879999998
6,gpu_only,block_00_residual2,residual_add,GPU,76304.30879999998,76322.65599999999
2,gpu_only,block_06_norm1,layer_norm,GPU,76322.65599999999,76344.78559999999
7,gpu_only,block_00_qkv,linear_qkv,GPU,76344.78559999999,76787.51808
3,gpu_only,block_04_attention,self_attention,GPU,76787.51808,76943.54464
1,gpu_only,block_08_ffn_island,fused_ffn_island,GPU,76943.54464,78156.75712
4,gpu_only,block_03_norm1,layer_norm,GPU,78156.75712,78178.88672
5,gpu_only,block_02_norm1,layer_norm,GPU,78178.88672,78201.01632
6,gpu_only,block_01_norm1,layer_norm,GPU,78201.01632,78223.14592
2,gpu_only,block_06_qkv,linear_qkv,GPU,78223.14592,78665.8784
7,gpu_only,block_00_attention,self_attention,GPU,78665.8784,78821.90496
3,gpu_only,block_04_proj,linear_projection,GPU,78821.90496,78974.14911999999
1,gpu_only,block_08_residual2,residual_add,GPU,78974.14911999999,78992.49631999999
4,gpu_only,block_03_qkv,linear_qkv,GPU,78992.49631999999,79435.2288
5,gpu_only,block_02_qkv,linear_qkv,GPU,79435.2288,79877.96127999999
6,gpu_only,block_01_qkv,linear_qkv,GPU,79877.96127999999,80320.69376
2,gpu_only,block_06_attention,self_attention,GPU,80320.69376,80476.72032
7,gpu_only,block_00_proj,linear_projection,GPU,80476.72032,80628.96447999998
3,gpu_only,block_04_residual1,residual_add,GPU,80628.96447999998,80647.31167999998
1,gpu_only,block_09_norm1,layer_norm,GPU,80647.31167999998,80669.44127999998
4,gpu_only,block_03_attention,self_attention,GPU,80669.44127999998,80825.46783999998
5,gpu_only,block_02_attention,self_attention,GPU,80825.46783999998,80981.49439999998
8,gpu_only,patch_embedding,patch_embedding,GPU,80981.49439999998,81133.00127999998
6,gpu_only,block_01_attention,self_attention,GPU,81133.00127999998,81289.02783999997
2,gpu_only,block_06_proj,linear_projection,GPU,81289.02783999997,81441.27199999997
7,gpu_only,block_00_residual1,residual_add,GPU,81441.27199999997,81459.61919999997
3,gpu_only,block_04_norm2,layer_norm,GPU,81459.61919999997,81481.74879999997
1,gpu_only,block_09_qkv,linear_qkv,GPU,81481.74879999997,81924.48127999998
4,gpu_only,block_03_proj,linear_projection,GPU,81924.48127999998,82076.72543999997
5,gpu_only,block_02_proj,linear_projection,GPU,82076.72543999997,82228.96959999997
8,gpu_only,token_embedding,token_and_position_embedding,GPU,82228.96959999997,82247.31679999997
6,gpu_only,block_01_proj,linear_projection,GPU,82247.31679999997,82399.56095999996
2,gpu_only,block_06_residual1,residual_add,GPU,82399.56095999996,82417.90815999996
7,gpu_only,block_00_norm2,layer_norm,GPU,82417.90815999996,82440.03775999998
3,gpu_only,block_04_ffn_island,fused_ffn_island,GPU,82440.03775999998,83653.25023999998
1,gpu_only,block_09_attention,self_attention,GPU,83653.25023999998,83809.27679999998
4,gpu_only,block_03_residual1,residual_add,GPU,83809.27679999998,83827.62399999998
5,gpu_only,block_02_residual1,residual_add,GPU,83827.62399999998,83845.97119999999
8,gpu_only,block_00_norm1,layer_norm,GPU,83845.97119999999,83868.10079999999
6,gpu_only,block_01_residual1,residual_add,GPU,83868.10079999999,83886.44799999999
2,gpu_only,block_06_norm2,layer_norm,GPU,83886.44799999999,83908.57759999999
7,gpu_only,block_00_ffn_island,fused_ffn_island,GPU,83908.57759999999,85121.79007999999
3,gpu_only,block_04_residual2,residual_add,GPU,85121.79007999999,85140.13728
1,gpu_only,block_09_proj,linear_projection,GPU,85140.13728,85292.38144
4,gpu_only,block_03_norm2,layer_norm,GPU,85292.38144,85314.51104
5,gpu_only,block_02_norm2,layer_norm,GPU,85314.51104,85336.64064
8,gpu_only,block_00_qkv,linear_qkv,GPU,85336.64064,85779.37312
6,gpu_only,block_01_norm2,layer_norm,GPU,85779.37312,85801.50272
2,gpu_only,block_06_ffn_island,fused_ffn_island,GPU,85801.50272,87014.7152
7,gpu_only,block_00_residual2,residual_add,GPU,87014.7152,87033.06240000001
3,gpu_only,block_05_norm1,layer_norm,GPU,87033.06240000001,87055.19200000002
1,gpu_only,block_09_residual1,residual_add,GPU,87055.19200000002,87073.53920000003
4,gpu_only,block_03_ffn_island,fused_ffn_island,GPU,87073.53920000003,88286.75168000003
5,gpu_only,block_02_ffn_island,fused_ffn_island,GPU,88286.75168000003,89499.96416000003
8,gpu_only,block_00_attention,self_attention,GPU,89499.96416000003,89655.99072000002
6,gpu_only,block_01_ffn_island,fused_ffn_island,GPU,89655.99072000002,90869.20320000003
2,gpu_only,block_06_residual2,residual_add,GPU,90869.20320000003,90887.55040000004
7,gpu_only,block_01_norm1,layer_norm,GPU,90887.55040000004,90909.68000000004
3,gpu_only,block_05_qkv,linear_qkv,GPU,90909.68000000004,91352.41248000003
1,gpu_only,block_09_norm2,layer_norm,GPU,91352.41248000003,91374.54208000004
4,gpu_only,block_03_residual2,residual_add,GPU,91374.54208000004,91392.88928000005
5,gpu_only,block_02_residual2,residual_add,GPU,91392.88928000005,91411.23648000005
8,gpu_only,block_00_proj,linear_projection,GPU,91411.23648000005,91563.48064000004
9,gpu_only,patch_embedding,patch_embedding,GPU,91563.48064000004,91714.98752000004
6,gpu_only,block_01_residual2,residual_add,GPU,91714.98752000004,91733.33472000004
2,gpu_only,block_07_norm1,layer_norm,GPU,91733.33472000004,91755.46432000004
7,gpu_only,block_01_qkv,linear_qkv,GPU,91755.46432000004,92198.19680000005
3,gpu_only,block_05_attention,self_attention,GPU,92198.19680000005,92354.22336000005
1,gpu_only,block_09_ffn_island,fused_ffn_island,GPU,92354.22336000005,93567.43584000005
4,gpu_only,block_04_norm1,layer_norm,GPU,93567.43584000005,93589.56544000005
5,gpu_only,block_03_norm1,layer_norm,GPU,93589.56544000005,93611.69504000005
8,gpu_only,block_00_residual1,residual_add,GPU,93611.69504000005,93630.04224000005
9,gpu_only,token_embedding,token_and_position_embedding,GPU,93630.04224000005,93648.38944000006
6,gpu_only,block_02_norm1,layer_norm,GPU,93648.38944000006,93670.51904000007
2,gpu_only,block_07_qkv,linear_qkv,GPU,93670.51904000007,94113.25152000006
7,gpu_only,block_01_attention,self_attention,GPU,94113.25152000006,94269.27808000006
3,gpu_only,block_05_proj,linear_projection,GPU,94269.27808000006,94421.52224000005
1,gpu_only,block_09_residual2,residual_add,GPU,94421.52224000005,94439.86944000005
4,gpu_only,block_04_qkv,linear_qkv,GPU,94439.86944000005,94882.60192000006
5,gpu_only,block_03_qkv,linear_qkv,GPU,94882.60192000006,95325.33440000007
8,gpu_only,block_00_norm2,layer_norm,GPU,95325.33440000007,95347.46400000007
9,gpu_only,block_00_norm1,layer_norm,GPU,95347.46400000007,95369.59360000007
6,gpu_only,block_02_qkv,linear_qkv,GPU,95369.59360000007,95812.32608000007
2,gpu_only,block_07_attention,self_attention,GPU,95812.32608000007,95968.35264000006
7,gpu_only,block_01_proj,linear_projection,GPU,95968.35264000006,96120.59680000006
3,gpu_only,block_05_residual1,residual_add,GPU,96120.59680000006,96138.94400000006
1,gpu_only,block_10_norm1,layer_norm,GPU,96138.94400000006,96161.07360000006
4,gpu_only,block_04_attention,self_attention,GPU,96161.07360000006,96317.10016000006
5,gpu_only,block_03_attention,self_attention,GPU,96317.10016000006,96473.12672000006
8,gpu_only,block_00_ffn_island,fused_ffn_island,GPU,96473.12672000006,97686.33920000006
9,gpu_only,block_00_qkv,linear_qkv,GPU,97686.33920000006,98129.07168000005
6,gpu_only,block_02_attention,self_attention,GPU,98129.07168000005,98285.09824000005
2,gpu_only,block_07_proj,linear_projection,GPU,98285.09824000005,98437.34240000004
7,gpu_only,block_01_residual1,residual_add,GPU,98437.34240000004,98455.68960000004
3,gpu_only,block_05_norm2,layer_norm,GPU,98455.68960000004,98477.81920000006
1,gpu_only,block_10_qkv,linear_qkv,GPU,98477.81920000006,98920.55168000005
4,gpu_only,block_04_proj,linear_projection,GPU,98920.55168000005,99072.79584000005
5,gpu_only,block_03_proj,linear_projection,GPU,99072.79584000005,99225.04000000004
8,gpu_only,block_00_residual2,residual_add,GPU,99225.04000000004,99243.38720000004
9,gpu_only,block_00_attention,self_attention,GPU,99243.38720000004,99399.41376000004
6,gpu_only,block_02_proj,linear_projection,GPU,99399.41376000004,99551.65792000004
2,gpu_only,block_07_residual1,residual_add,GPU,99551.65792000004,99570.00512000005
7,gpu_only,block_01_norm2,layer_norm,GPU,99570.00512000005,99592.13472000005
3,gpu_only,block_05_ffn_island,fused_ffn_island,GPU,99592.13472000005,100805.34720000005
1,gpu_only,block_10_attention,self_attention,GPU,100805.34720000005,100961.37376000005
4,gpu_only,block_04_residual1,residual_add,GPU,100961.37376000005,100979.72096000005
5,gpu_only,block_03_residual1,residual_add,GPU,100979.72096000005,100998.06816000005
8,gpu_only,block_01_norm1,layer_norm,GPU,100998.06816000005,101020.19776000005
9,gpu_only,block_00_proj,linear_projection,GPU,101020.19776000005,101172.44192000006
6,gpu_only,block_02_residual1,residual_add,GPU,101172.44192000006,101190.78912000006
2,gpu_only,block_07_norm2,layer_norm,GPU,101190.78912000006,101212.91872000006
7,gpu_only,block_01_ffn_island,fused_ffn_island,GPU,101212.91872000006,102426.13120000006
10,gpu_only,patch_embedding,patch_embedding,GPU,102426.13120000006,102577.63808000006
3,gpu_only,block_05_residual2,residual_add,GPU,102577.63808000006,102595.98528000007
1,gpu_only,block_10_proj,linear_projection,GPU,102595.98528000007,102748.22944000005
4,gpu_only,block_04_norm2,layer_norm,GPU,102748.22944000005,102770.35904000007
5,gpu_only,block_03_norm2,layer_norm,GPU,102770.35904000007,102792.48864000007
8,gpu_only,block_01_qkv,linear_qkv,GPU,102792.48864000007,103235.22112000006
9,gpu_only,block_00_residual1,residual_add,GPU,103235.22112000006,103253.56832000008
6,gpu_only,block_02_norm2,layer_norm,GPU,103253.56832000008,103275.69792000008
2,gpu_only,block_07_ffn_island,fused_ffn_island,GPU,103275.69792000008,104488.91040000008
7,gpu_only,block_01_residual2,residual_add,GPU,104488.91040000008,104507.25760000008
10,gpu_only,token_embedding,token_and_position_embedding,GPU,104507.25760000008,104525.60480000009
3,gpu_only,block_06_norm1,layer_norm,GPU,104525.60480000009,104547.73440000009
1,gpu_only,block_10_residual1,residual_add,GPU,104547.73440000009,104566.08160000009
4,gpu_only,block_04_ffn_island,fused_ffn_island,GPU,104566.08160000009,105779.2940800001
5,gpu_only,block_03_ffn_island,fused_ffn_island,GPU,105779.2940800001,106992.5065600001
8,gpu_only,block_01_attention,self_attention,GPU,106992.5065600001,107148.5331200001
9,gpu_only,block_00_norm2,layer_norm,GPU,107148.5331200001,107170.6627200001
6,gpu_only,block_02_ffn_island,fused_ffn_island,GPU,107170.6627200001,108383.87520000011
2,gpu_only,block_07_residual2,residual_add,GPU,108383.87520000011,108402.22240000012
7,gpu_only,block_02_norm1,layer_norm,GPU,108402.22240000012,108424.35200000012
10,gpu_only,block_00_norm1,layer_norm,GPU,108424.35200000012,108446.48160000012
3,gpu_only,block_06_qkv,linear_qkv,GPU,108446.48160000012,108889.21408000012
1,gpu_only,block_10_norm2,layer_norm,GPU,108889.21408000012,108911.34368000012
4,gpu_only,block_04_residual2,residual_add,GPU,108911.34368000012,108929.69088000013
5,gpu_only,block_03_residual2,residual_add,GPU,108929.69088000013,108948.03808000013
8,gpu_only,block_01_proj,linear_projection,GPU,108948.03808000013,109100.28224000012
9,gpu_only,block_00_ffn_island,fused_ffn_island,GPU,109100.28224000012,110313.49472000013
6,gpu_only,block_02_residual2,residual_add,GPU,110313.49472000013,110331.84192000014
2,gpu_only,block_08_norm1,layer_norm,GPU,110331.84192000014,110353.97152000014
7,gpu_only,block_02_qkv,linear_qkv,GPU,110353.97152000014,110796.70400000013
10,gpu_only,block_00_qkv,linear_qkv,GPU,110796.70400000013,111239.43648000013
3,gpu_only,block_06_attention,self_attention,GPU,111239.43648000013,111395.46304000013
1,gpu_only,block_10_ffn_island,fused_ffn_island,GPU,111395.46304000013,112608.67552000014
4,gpu_only,block_05_norm1,layer_norm,GPU,112608.67552000014,112630.80512000014
5,gpu_only,block_04_norm1,layer_norm,GPU,112630.80512000014,112652.93472000014
8,gpu_only,block_01_residual1,residual_add,GPU,112652.93472000014,112671.28192000014
11,gpu_only,patch_embedding,patch_embedding,GPU,112671.28192000014,112822.78880000014
9,gpu_only,block_00_residual2,residual_add,GPU,112822.78880000014,112841.13600000014
6,gpu_only,block_03_norm1,layer_norm,GPU,112841.13600000014,112863.26560000014
2,gpu_only,block_08_qkv,linear_qkv,GPU,112863.26560000014,113305.99808000015
7,gpu_only,block_02_attention,self_attention,GPU,113305.99808000015,113462.02464000015
10,gpu_only,block_00_attention,self_attention,GPU,113462.02464000015,113618.05120000013
3,gpu_only,block_06_proj,linear_projection,GPU,113618.05120000013,113770.29536000013
1,gpu_only,block_10_residual2,residual_add,GPU,113770.29536000013,113788.64256000014
4,gpu_only,block_05_qkv,linear_qkv,GPU,113788.64256000014,114231.37504000014
5,gpu_only,block_04_qkv,linear_qkv,GPU,114231.37504000014,114674.10752000014
8,gpu_only,block_01_norm2,layer_norm,GPU,114674.10752000014,114696.23712000014
11,gpu_only,token_embedding,token_and_position_embedding,GPU,114696.23712000014,114714.58432000014
9,gpu_only,block_01_norm1,layer_norm,GPU,114714.58432000014,114736.71392000015
6,gpu_only,block_03_qkv,linear_qkv,GPU,114736.71392000015,115179.44640000015
2,gpu_only,block_08_attention,self_attention,GPU,115179.44640000015,115335.47296000014
7,gpu_only,block_02_proj,linear_projection,GPU,115335.47296000014,115487.71712000013
10,gpu_only,block_00_proj,linear_projection,GPU,115487.71712000013,115639.96128000013
3,gpu_only,block_06_residual1,residual_add,GPU,115639.96128000013,115658.30848000014
1,gpu_only,block_11_norm1,layer_norm,GPU,115658.30848000014,115680.43808000014
4,gpu_only,block_05_attention,self_attention,GPU,115680.43808000014,115836.46464000014
5,gpu_only,block_04_attention,self_attention,GPU,115836.46464000014,115992.49120000013
8,gpu_only,block_01_ffn_island,fused_ffn_island,GPU,115992.49120000013,117205.70368000014
11,gpu_only,block_00_norm1,layer_norm,GPU,117205.70368000014,117227.83328000014
9,gpu_only,block_01_qkv,linear_qkv,GPU,117227.83328000014,117670.56576000014
6,gpu_only,block_03_attention,self_attention,GPU,117670.56576000014,117826.59232000013
2,gpu_only,block_08_proj,linear_projection,GPU,117826.59232000013,117978.83648000013
7,gpu_only,block_02_residual1,residual_add,GPU,117978.83648000013,117997.18368000013
10,gpu_only,block_00_residual1,residual_add,GPU,117997.18368000013,118015.53088000014
3,gpu_only,block_06_norm2,layer_norm,GPU,118015.53088000014,118037.66048000014
1,gpu_only,block_11_qkv,linear_qkv,GPU,118037.66048000014,118480.39296000014
4,gpu_only,block_05_proj,linear_projection,GPU,118480.39296000014,118632.63712000013
5,gpu_only,block_04_proj,linear_projection,GPU,118632.63712000013,118784.88128000013
8,gpu_only,block_01_residual2,residual_add,GPU,118784.88128000013,118803.22848000014
11,gpu_only,block_00_qkv,linear_qkv,GPU,118803.22848000014,119245.96096000013
9,gpu_only,block_01_attention,self_attention,GPU,119245.96096000013,119401.98752000013
6,gpu_only,block_03_proj,linear_projection,GPU,119401.98752000013,119554.23168000013
2,gpu_only,block_08_residual1,residual_add,GPU,119554.23168000013,119572.57888000013
7,gpu_only,block_02_norm2,layer_norm,GPU,119572.57888000013,119594.70848000013
10,gpu_only,block_00_norm2,layer_norm,GPU,119594.70848000013,119616.83808000013
3,gpu_only,block_06_ffn_island,fused_ffn_island,GPU,119616.83808000013,120830.05056000013
1,gpu_only,block_11_attention,self_attention,GPU,120830.05056000013,120986.07712000013
4,gpu_only,block_05_residual1,residual_add,GPU,120986.07712000013,121004.42432000014
5,gpu_only,block_04_residual1,residual_add,GPU,121004.42432000014,121022.77152000014
8,gpu_only,block_02_norm1,layer_norm,GPU,121022.77152000014,121044.90112000014
11,gpu_only,block_00_attention,self_attention,GPU,121044.90112000014,121200.92768000014
9,gpu_only,block_01_proj,linear_projection,GPU,121200.92768000014,121353.17184000014
6,gpu_only,block_03_residual1,residual_add,GPU,121353.17184000014,121371.51904000014
2,gpu_only,block_08_norm2,layer_norm,GPU,121371.51904000014,121393.64864000014
7,gpu_only,block_02_ffn_island,fused_ffn_island,GPU,121393.64864000014,122606.86112000015
10,gpu_only,block_00_ffn_island,fused_ffn_island,GPU,122606.86112000015,123820.07360000015
12,gpu_only,patch_embedding,patch_embedding,GPU,123820.07360000015,123971.58048000015
3,gpu_only,block_06_residual2,residual_add,GPU,123971.58048000015,123989.92768000015
1,gpu_only,block_11_proj,linear_projection,GPU,123989.92768000015,124142.17184000016
4,gpu_only,block_05_norm2,layer_norm,GPU,124142.17184000016,124164.30144000016
5,gpu_only,block_04_norm2,layer_norm,GPU,124164.30144000016,124186.43104000016
8,gpu_only,block_02_qkv,linear_qkv,GPU,124186.43104000016,124629.16352000016
11,gpu_only,block_00_proj,linear_projection,GPU,124629.16352000016,124781.40768000015
9,gpu_only,block_01_residual1,residual_add,GPU,124781.40768000015,124799.75488000015
6,gpu_only,block_03_norm2,layer_norm,GPU,124799.75488000015,124821.88448000015
2,gpu_only,block_08_ffn_island,fused_ffn_island,GPU,124821.88448000015,126035.09696000014
7,gpu_only,block_02_residual2,residual_add,GPU,126035.09696000014,126053.44416000014
10,gpu_only,block_00_residual2,residual_add,GPU,126053.44416000014,126071.79136000013
12,gpu_only,token_embedding,token_and_position_embedding,GPU,126071.79136000013,126090.13856000012
3,gpu_only,block_07_norm1,layer_norm,GPU,126090.13856000012,126112.26816000012
1,gpu_only,block_11_residual1,residual_add,GPU,126112.26816000012,126130.61536000011
4,gpu_only,block_05_ffn_island,fused_ffn_island,GPU,126130.61536000011,127343.82784000011
5,gpu_only,block_04_ffn_island,fused_ffn_island,GPU,127343.82784000011,128557.04032000012
8,gpu_only,block_02_attention,self_attention,GPU,128557.04032000012,128713.06688000011
11,gpu_only,block_00_residual1,residual_add,GPU,128713.06688000011,128731.4140800001
9,gpu_only,block_01_norm2,layer_norm,GPU,128731.4140800001,128753.5436800001
6,gpu_only,block_03_ffn_island,fused_ffn_island,GPU,128753.5436800001,129966.7561600001
2,gpu_only,block_08_residual2,residual_add,GPU,129966.7561600001,129985.10336000011
7,gpu_only,block_03_norm1,layer_norm,GPU,129985.10336000011,130007.23296000011
10,gpu_only,block_01_norm1,layer_norm,GPU,130007.23296000011,130029.36256000011
12,gpu_only,block_00_norm1,layer_norm,GPU,130029.36256000011,130051.49216000011
3,gpu_only,block_07_qkv,linear_qkv,GPU,130051.49216000011,130494.22464000013
1,gpu_only,block_11_norm2,layer_norm,GPU,130494.22464000013,130516.35424000013
4,gpu_only,block_05_residual2,residual_add,GPU,130516.35424000013,130534.70144000012
5,gpu_only,block_04_residual2,residual_add,GPU,130534.70144000012,130553.04864000011
8,gpu_only,block_02_proj,linear_projection,GPU,130553.04864000011,130705.29280000013
11,gpu_only,block_00_norm2,layer_norm,GPU,130705.29280000013,130727.42240000013
9,gpu_only,block_01_ffn_island,fused_ffn_island,GPU,130727.42240000013,131940.63488000014
6,gpu_only,block_03_residual2,residual_add,GPU,131940.63488000014,131958.98208000013
2,gpu_only,block_09_norm1,layer_norm,GPU,131958.98208000013,131981.11168000012
13,gpu_only,patch_embedding,patch_embedding,GPU,131981.11168000012,132132.61856000015
7,gpu_only,block_03_qkv,linear_qkv,GPU,132132.61856000015,132575.35104000015
10,gpu_only,block_01_qkv,linear_qkv,GPU,132575.35104000015,133018.08352000016
12,gpu_only,block_00_qkv,linear_qkv,GPU,133018.08352000016,133460.81600000017
3,gpu_only,block_07_attention,self_attention,GPU,133460.81600000017,133616.84256000016
1,gpu_only,block_11_ffn_island,fused_ffn_island,GPU,133616.84256000016,134830.05504000018
4,gpu_only,block_06_norm1,layer_norm,GPU,134830.05504000018,134852.18464000017
5,gpu_only,block_05_norm1,layer_norm,GPU,134852.18464000017,134874.31424000018
8,gpu_only,block_02_residual1,residual_add,GPU,134874.31424000018,134892.66144000017
11,gpu_only,block_00_ffn_island,fused_ffn_island,GPU,134892.66144000017,136105.8739200002
9,gpu_only,block_01_residual2,residual_add,GPU,136105.8739200002,136124.22112000018
6,gpu_only,block_04_norm1,layer_norm,GPU,136124.22112000018,136146.35072000016
2,gpu_only,block_09_qkv,linear_qkv,GPU,136146.35072000016,136589.0832000002
13,gpu_only,token_embedding,token_and_position_embedding,GPU,136589.0832000002,136607.4304000002
7,gpu_only,block_03_attention,self_attention,GPU,136607.4304000002,136763.45696000016
10,gpu_only,block_01_attention,self_attention,GPU,136763.45696000016,136919.48352000015
12,gpu_only,block_00_attention,self_attention,GPU,136919.48352000015,137075.51008000015
3,gpu_only,block_07_proj,linear_projection,GPU,137075.51008000015,137227.75424000015
1,gpu_only,block_11_residual2,residual_add,GPU,137227.75424000015,137246.10144000014
4,gpu_only,block_06_qkv,linear_qkv,GPU,137246.10144000014,137688.83392000018
5,gpu_only,block_05_qkv,linear_qkv,GPU,137688.83392000018,138131.56640000019
8,gpu_only,block_02_norm2,layer_norm,GPU,138131.56640000019,138153.6960000002
11,gpu_only,block_00_residual2,residual_add,GPU,138153.6960000002,138172.0432000002
9,gpu_only,block_02_norm1,layer_norm,GPU,138172.0432000002,138194.17280000017
6,gpu_only,block_04_qkv,linear_qkv,GPU,138194.17280000017,138636.90528000018
2,gpu_only,block_09_attention,self_attention,GPU,138636.90528000018,138792.93184000018
13,gpu_only,block_00_norm1,layer_norm,GPU,138792.93184000018,138815.0614400002
7,gpu_only,block_03_proj,linear_projection,GPU,138815.0614400002,138967.3056000002
10,gpu_only,block_01_proj,linear_projection,GPU,138967.3056000002,139119.5497600002
12,gpu_only,block_00_proj,linear_projection,GPU,139119.5497600002,139271.79392000023
3,gpu_only,block_07_residual1,residual_add,GPU,139271.79392000023,139290.14112000022
1,gpu_only,final_norm,layer_norm,GPU,139290.14112000022,139312.2707200002
4,gpu_only,block_06_attention,self_attention,GPU,139312.2707200002,139468.2972800002
5,gpu_only,block_05_attention,self_attention,GPU,139468.2972800002,139624.3238400002
8,gpu_only,block_02_ffn_island,fused_ffn_island,GPU,139624.3238400002,140837.53632000022
11,gpu_only,block_01_norm1,layer_norm,GPU,140837.53632000022,140859.6659200002
9,gpu_only,block_02_qkv,linear_qkv,GPU,140859.6659200002,141302.3984000002
6,gpu_only,block_04_attention,self_attention,GPU,141302.3984000002,141458.4249600002
2,gpu_only,block_09_proj,linear_projection,GPU,141458.4249600002,141610.66912000024
13,gpu_only,block_00_qkv,linear_qkv,GPU,141610.66912000024,142053.40160000024
7,gpu_only,block_03_residual1,residual_add,GPU,142053.40160000024,142071.74880000023
10,gpu_only,block_01_residual1,residual_add,GPU,142071.74880000023,142090.09600000022
12,gpu_only,block_00_residual1,residual_add,GPU,142090.09600000022,142108.4432000002
3,gpu_only,block_07_norm2,layer_norm,GPU,142108.4432000002,142130.57280000023
1,gpu_only,class_token_select,class_token_select,GPU,142130.57280000023,142137.61120000022
4,gpu_only,block_06_proj,linear_projection,GPU,142137.61120000022,142289.85536000022
5,gpu_only,block_05_proj,linear_projection,GPU,142289.85536000022,142442.09952000022
14,gpu_only,patch_embedding,patch_embedding,GPU,142442.09952000022,142593.60640000025
8,gpu_only,block_02_residual2,residual_add,GPU,142593.60640000025,142611.95360000024
11,gpu_only,block_01_qkv,linear_qkv,GPU,142611.95360000024,143054.68608000025
9,gpu_only,block_02_attention,self_attention,GPU,143054.68608000025,143210.71264000025
6,gpu_only,block_04_proj,linear_projection,GPU,143210.71264000025,143362.95680000025
2,gpu_only,block_09_residual1,residual_add,GPU,143362.95680000025,143381.30400000024
13,gpu_only,block_00_attention,self_attention,GPU,143381.30400000024,143537.33056000023
7,gpu_only,block_03_norm2,layer_norm,GPU,143537.33056000023,143559.46016000022
10,gpu_only,block_01_norm2,layer_norm,GPU,143559.46016000022,143581.58976000024
12,gpu_only,block_00_norm2,layer_norm,GPU,143581.58976000024,143603.71936000025
3,gpu_only,block_07_ffn_island,fused_ffn_island,GPU,143603.71936000025,144816.93184000024
1,gpu_only,classifier,linear_classifier,GPU,144816.93184000024,144824.89184000026
4,gpu_only,block_06_residual1,residual_add,GPU,144824.89184000026,144843.23904000025
5,gpu_only,block_05_residual1,residual_add,GPU,144843.23904000025,144861.58624000024
14,gpu_only,token_embedding,token_and_position_embedding,GPU,144861.58624000024,144879.93344000023
8,gpu_only,block_03_norm1,layer_norm,GPU,144879.93344000023,144902.0630400002
11,gpu_only,block_01_attention,self_attention,GPU,144902.0630400002,145058.0896000002
9,gpu_only,block_02_proj,linear_projection,GPU,145058.0896000002,145210.3337600002
6,gpu_only,block_04_residual1,residual_add,GPU,145210.3337600002,145228.68096000023
2,gpu_only,block_09_norm2,layer_norm,GPU,145228.68096000023,145250.81056000022
13,gpu_only,block_00_proj,linear_projection,GPU,145250.81056000022,145403.05472000022
7,gpu_only,block_03_ffn_island,fused_ffn_island,GPU,145403.05472000022,146616.26720000023
10,gpu_only,block_01_ffn_island,fused_ffn_island,GPU,146616.26720000023,147829.47968000022
12,gpu_only,block_00_ffn_island,fused_ffn_island,GPU,147829.47968000022,149042.69216000024
3,gpu_only,block_07_residual2,residual_add,GPU,149042.69216000024,149061.03936000023
4,gpu_only,block_06_norm2,layer_norm,GPU,149061.03936000023,149083.16896000024
5,gpu_only,block_05_norm2,layer_norm,GPU,149083.16896000024,149105.29856000023
14,gpu_only,block_00_norm1,layer_norm,GPU,149105.29856000023,149127.42816000024
8,gpu_only,block_03_qkv,linear_qkv,GPU,149127.42816000024,149570.16064000025
11,gpu_only,block_01_proj,linear_projection,GPU,149570.16064000025,149722.40480000025
9,gpu_only,block_02_residual1,residual_add,GPU,149722.40480000025,149740.75200000024
6,gpu_only,block_04_norm2,layer_norm,GPU,149740.75200000024,149762.88160000026
2,gpu_only,block_09_ffn_island,fused_ffn_island,GPU,149762.88160000026,150976.09408000027
13,gpu_only,block_00_residual1,residual_add,GPU,150976.09408000027,150994.44128000026
7,gpu_only,block_03_residual2,residual_add,GPU,150994.44128000026,151012.78848000025
10,gpu_only,block_01_residual2,residual_add,GPU,151012.78848000025,151031.13568000024
12,gpu_only,block_00_residual2,residual_add,GPU,151031.13568000024,151049.48288000023
3,gpu_only,block_08_norm1,layer_norm,GPU,151049.48288000023,151071.6124800002
4,gpu_only,block_06_ffn_island,fused_ffn_island,GPU,151071.6124800002,152284.82496000023
5,gpu_only,block_05_ffn_island,fused_ffn_island,GPU,152284.82496000023,153498.03744000025
14,gpu_only,block_00_qkv,linear_qkv,GPU,153498.03744000025,153940.76992000025
8,gpu_only,block_03_attention,self_attention,GPU,153940.76992000025,154096.79648000025
11,gpu_only,block_01_residual1,residual_add,GPU,154096.79648000025,154115.14368000024
9,gpu_only,block_02_norm2,layer_norm,GPU,154115.14368000024,154137.27328000023
6,gpu_only,block_04_ffn_island,fused_ffn_island,GPU,154137.27328000023,155350.48576000024
15,gpu_only,patch_embedding,patch_embedding,GPU,155350.48576000024,155501.99264000024
2,gpu_only,block_09_residual2,residual_add,GPU,155501.99264000024,155520.33984000023
13,gpu_only,block_00_norm2,layer_norm,GPU,155520.33984000023,155542.46944000025
7,gpu_only,block_04_norm1,layer_norm,GPU,155542.46944000025,155564.59904000026
10,gpu_only,block_02_norm1,layer_norm,GPU,155564.59904000026,155586.72864000025
12,gpu_only,block_01_norm1,layer_norm,GPU,155586.72864000025,155608.85824000026
3,gpu_only,block_08_qkv,linear_qkv,GPU,155608.85824000026,156051.59072000027
4,gpu_only,block_06_residual2,residual_add,GPU,156051.59072000027,156069.93792000026
5,gpu_only,block_05_residual2,residual_add,GPU,156069.93792000026,156088.28512000025
14,gpu_only,block_00_attention,self_attention,GPU,156088.28512000025,156244.31168000025
8,gpu_only,block_03_proj,linear_projection,GPU,156244.31168000025,156396.55584000025
11,gpu_only,block_01_norm2,layer_norm,GPU,156396.55584000025,156418.68544000026
9,gpu_only,block_02_ffn_island,fused_ffn_island,GPU,156418.68544000026,157631.89792000025
6,gpu_only,block_04_residual2,residual_add,GPU,157631.89792000025,157650.24512000024
15,gpu_only,token_embedding,token_and_position_embedding,GPU,157650.24512000024,157668.59232000026
2,gpu_only,block_10_norm1,layer_norm,GPU,157668.59232000026,157690.72192000024
13,gpu_only,block_00_ffn_island,fused_ffn_island,GPU,157690.72192000024,158903.93440000026
7,gpu_only,block_04_qkv,linear_qkv,GPU,158903.93440000026,159346.66688000027
10,gpu_only,block_02_qkv,linear_qkv,GPU,159346.66688000027,159789.39936000027
12,gpu_only,block_01_qkv,linear_qkv,GPU,159789.39936000027,160232.13184000028
3,gpu_only,block_08_attention,self_attention,GPU,160232.13184000028,160388.15840000028
4,gpu_only,block_07_norm1,layer_norm,GPU,160388.15840000028,160410.2880000003
5,gpu_only,block_06_norm1,layer_norm,GPU,160410.2880000003,160432.4176000003
14,gpu_only,block_00_proj,linear_projection,GPU,160432.4176000003,160584.6617600003
8,gpu_only,block_03_residual1,residual_add,GPU,160584.6617600003,160603.0089600003
11,gpu_only,block_01_ffn_island,fused_ffn_island,GPU,160603.0089600003,161816.22144000028
9,gpu_only,block_02_residual2,residual_add,GPU,161816.22144000028,161834.56864000027
6,gpu_only,block_05_norm1,layer_norm,GPU,161834.56864000027,161856.6982400003
15,gpu_only,block_00_norm1,layer_norm,GPU,161856.6982400003,161878.8278400003
2,gpu_only,block_10_qkv,linear_qkv,GPU,161878.8278400003,162321.5603200003
13,gpu_only,block_00_residual2,residual_add,GPU,162321.5603200003,162339.9075200003
7,gpu_only,block_04_attention,self_attention,GPU,162339.9075200003,162495.9340800003
10,gpu_only,block_02_attention,self_attention,GPU,162495.9340800003,162651.9606400003
16,gpu_only,patch_embedding,patch_embedding,GPU,162651.9606400003,162803.4675200003
12,gpu_only,block_01_attention,self_attention,GPU,162803.4675200003,162959.4940800003
3,gpu_only,block_08_proj,linear_projection,GPU,162959.4940800003,163111.7382400003
4,gpu_only,block_07_qkv,linear_qkv,GPU,163111.7382400003,163554.4707200003
5,gpu_only,block_06_qkv,linear_qkv,GPU,163554.4707200003,163997.20320000034
14,gpu_only,block_00_residual1,residual_add,GPU,163997.20320000034,164015.55040000033
8,gpu_only,block_03_norm2,layer_norm,GPU,164015.55040000033,164037.6800000003
11,gpu_only,block_01_residual2,residual_add,GPU,164037.6800000003,164056.0272000003
9,gpu_only,block_03_norm1,layer_norm,GPU,164056.0272000003,164078.15680000032
6,gpu_only,block_05_qkv,linear_qkv,GPU,164078.15680000032,164520.88928000032
15,gpu_only,block_00_qkv,linear_qkv,GPU,164520.88928000032,164963.62176000036
2,gpu_only,block_10_attention,self_attention,GPU,164963.62176000036,165119.64832000033
13,gpu_only,block_01_norm1,layer_norm,GPU,165119.64832000033,165141.77792000034
7,gpu_only,block_04_proj,linear_projection,GPU,165141.77792000034,165294.02208000034
10,gpu_only,block_02_proj,linear_projection,GPU,165294.02208000034,165446.26624000038
16,gpu_only,token_embedding,token_and_position_embedding,GPU,165446.26624000038,165464.61344000036
12,gpu_only,block_01_proj,linear_projection,GPU,165464.61344000036,165616.85760000037
3,gpu_only,block_08_residual1,residual_add,GPU,165616.85760000037,165635.20480000036
4,gpu_only,block_07_attention,self_attention,GPU,165635.20480000036,165791.23136000035
5,gpu_only,block_06_attention,self_attention,GPU,165791.23136000035,165947.25792000035
14,gpu_only,block_00_norm2,layer_norm,GPU,165947.25792000035,165969.38752000034
8,gpu_only,block_03_ffn_island,fused_ffn_island,GPU,165969.38752000034,167182.60000000036
11,gpu_only,block_02_norm1,layer_norm,GPU,167182.60000000036,167204.72960000034
9,gpu_only,block_03_qkv,linear_qkv,GPU,167204.72960000034,167647.46208000038
6,gpu_only,block_05_attention,self_attention,GPU,167647.46208000038,167803.48864000035
15,gpu_only,block_00_attention,self_attention,GPU,167803.48864000035,167959.51520000034
2,gpu_only,block_10_proj,linear_projection,GPU,167959.51520000034,168111.75936000037
13,gpu_only,block_01_qkv,linear_qkv,GPU,168111.75936000037,168554.49184000038
7,gpu_only,block_04_residual1,residual_add,GPU,168554.49184000038,168572.83904000037
10,gpu_only,block_02_residual1,residual_add,GPU,168572.83904000037,168591.18624000036
16,gpu_only,block_00_norm1,layer_norm,GPU,168591.18624000036,168613.31584000037
12,gpu_only,block_01_residual1,residual_add,GPU,168613.31584000037,168631.66304000036
3,gpu_only,block_08_norm2,layer_norm,GPU,168631.66304000036,168653.79264000035
4,gpu_only,block_07_proj,linear_projection,GPU,168653.79264000035,168806.03680000035
5,gpu_only,block_06_proj,linear_projection,GPU,168806.03680000035,168958.28096000038
14,gpu_only,block_00_ffn_island,fused_ffn_island,GPU,168958.28096000038,170171.49344000037
8,gpu_only,block_03_residual2,residual_add,GPU,170171.49344000037,170189.84064000036
11,gpu_only,block_02_qkv,linear_qkv,GPU,170189.84064000036,170632.5731200004
9,gpu_only,block_03_attention,self_attention,GPU,170632.5731200004,170788.59968000036
6,gpu_only,block_05_proj,linear_projection,GPU,170788.59968000036,170940.8438400004
15,gpu_only,block_00_proj,linear_projection,GPU,170940.8438400004,171093.0880000004
2,gpu_only,block_10_residual1,residual_add,GPU,171093.0880000004,171111.4352000004
13,gpu_only,block_01_attention,self_attention,GPU,171111.4352000004,171267.46176000038
7,gpu_only,block_04_norm2,layer_norm,GPU,171267.46176000038,171289.59136000037
10,gpu_only,block_02_norm2,layer_norm,GPU,171289.59136000037,171311.72096000038
16,gpu_only,block_00_qkv,linear_qkv,GPU,171311.72096000038,171754.4534400004
12,gpu_only,block_01_norm2,layer_norm,GPU,171754.4534400004,171776.5830400004
3,gpu_only,block_08_ffn_island,fused_ffn_island,GPU,171776.5830400004,172989.7955200004
4,gpu_only,block_07_residual1,residual_add,GPU,172989.7955200004,173008.14272000038
5,gpu_only,block_06_residual1,residual_add,GPU,173008.14272000038,173026.4899200004
17,gpu_only,patch_embedding,patch_embedding,GPU,173026.4899200004,173177.9968000004
14,gpu_only,block_00_residual2,residual_add,GPU,173177.9968000004,173196.3440000004
8,gpu_only,block_04_norm1,layer_norm,GPU,173196.3440000004,173218.4736000004
11,gpu_only,block_02_attention,self_attention,GPU,173218.4736000004,173374.50016000037
9,gpu_only,block_03_proj,linear_projection,GPU,173374.50016000037,173526.7443200004
6,gpu_only,block_05_residual1,residual_add,GPU,173526.7443200004,173545.0915200004
15,gpu_only,block_00_residual1,residual_add,GPU,173545.0915200004,173563.43872000038
2,gpu_only,block_10_norm2,layer_norm,GPU,173563.43872000038,173585.56832000037
13,gpu_only,block_01_proj,linear_projection,GPU,173585.56832000037,173737.8124800004
7,gpu_only,block_04_ffn_island,fused_ffn_island,GPU,173737.8124800004,174951.0249600004
10,gpu_only,block_02_ffn_island,fused_ffn_island,GPU,174951.0249600004,176164.2374400004
16,gpu_only,block_00_attention,self_attention,GPU,176164.2374400004,176320.2640000004
12,gpu_only,block_01_ffn_island,fused_ffn_island,GPU,176320.2640000004,177533.4764800004
3,gpu_only,block_08_residual2,residual_add,GPU,177533.4764800004,177551.82368000038
4,gpu_only,block_07_norm2,layer_norm,GPU,177551.82368000038,177573.9532800004
5,gpu_only,block_06_norm2,layer_norm,GPU,177573.9532800004,177596.08288000038
17,gpu_only,token_embedding,token_and_position_embedding,GPU,177596.08288000038,177614.4300800004
14,gpu_only,block_01_norm1,layer_norm,GPU,177614.4300800004,177636.55968000038
8,gpu_only,block_04_qkv,linear_qkv,GPU,177636.55968000038,178079.2921600004
11,gpu_only,block_02_proj,linear_projection,GPU,178079.2921600004,178231.53632000042
9,gpu_only,block_03_residual1,residual_add,GPU,178231.53632000042,178249.8835200004
6,gpu_only,block_05_norm2,layer_norm,GPU,178249.8835200004,178272.0131200004
15,gpu_only,block_00_norm2,layer_norm,GPU,178272.0131200004,178294.1427200004
2,gpu_only,block_10_ffn_island,fused_ffn_island,GPU,178294.1427200004,179507.3552000004
13,gpu_only,block_01_residual1,residual_add,GPU,179507.3552000004,179525.70240000042
7,gpu_only,block_04_residual2,residual_add,GPU,179525.70240000042,179544.0496000004
10,gpu_only,block_02_residual2,residual_add,GPU,179544.0496000004,179562.3968000004
16,gpu_only,block_00_proj,linear_projection,GPU,179562.3968000004,179714.6409600004
12,gpu_only,block_01_residual2,residual_add,GPU,179714.6409600004,179732.9881600004
3,gpu_only,block_09_norm1,layer_norm,GPU,179732.9881600004,179755.1177600004
4,gpu_only,block_07_ffn_island,fused_ffn_island,GPU,179755.1177600004,180968.3302400004
5,gpu_only,block_06_ffn_island,fused_ffn_island,GPU,180968.3302400004,182181.5427200004
17,gpu_only,block_00_norm1,layer_norm,GPU,182181.5427200004,182203.6723200004
14,gpu_only,block_01_qkv,linear_qkv,GPU,182203.6723200004,182646.40480000043
8,gpu_only,block_04_attention,self_attention,GPU,182646.40480000043,182802.4313600004
11,gpu_only,block_02_residual1,residual_add,GPU,182802.4313600004,182820.77856000038
9,gpu_only,block_03_norm2,layer_norm,GPU,182820.77856000038,182842.9081600004
6,gpu_only,block_05_ffn_island,fused_ffn_island,GPU,182842.9081600004,184056.12064000042
15,gpu_only,block_00_ffn_island,fused_ffn_island,GPU,184056.12064000042,185269.3331200004
2,gpu_only,block_10_residual2,residual_add,GPU,185269.3331200004,185287.6803200004
13,gpu_only,block_01_norm2,layer_norm,GPU,185287.6803200004,185309.8099200004
7,gpu_only,block_05_norm1,layer_norm,GPU,185309.8099200004,185331.9395200004
10,gpu_only,block_03_norm1,layer_norm,GPU,185331.9395200004,185354.0691200004
16,gpu_only,block_00_residual1,residual_add,GPU,185354.0691200004,185372.4163200004
12,gpu_only,block_02_norm1,layer_norm,GPU,185372.4163200004,185394.5459200004
3,gpu_only,block_09_qkv,linear_qkv,GPU,185394.5459200004,185837.27840000042
18,gpu_only,patch_embedding,patch_embedding,GPU,185837.27840000042,185988.78528000042
4,gpu_only,block_07_residual2,residual_add,GPU,185988.78528000042,186007.1324800004
5,gpu_only,block_06_residual2,residual_add,GPU,186007.1324800004,186025.4796800004
17,gpu_only,block_00_qkv,linear_qkv,GPU,186025.4796800004,186468.21216000043
14,gpu_only,block_01_attention,self_attention,GPU,186468.21216000043,186624.23872000043
8,gpu_only,block_04_proj,linear_projection,GPU,186624.23872000043,186776.48288000043
11,gpu_only,block_02_norm2,layer_norm,GPU,186776.48288000043,186798.61248000042
9,gpu_only,block_03_ffn_island,fused_ffn_island,GPU,186798.61248000042,188011.82496000043
6,gpu_only,block_05_residual2,residual_add,GPU,188011.82496000043,188030.17216000042
15,gpu_only,block_00_residual2,residual_add,GPU,188030.17216000042,188048.5193600004
2,gpu_only,block_11_norm1,layer_norm,GPU,188048.5193600004,188070.64896000043
13,gpu_only,block_01_ffn_island,fused_ffn_island,GPU,188070.64896000043,189283.86144000042
7,gpu_only,block_05_qkv,linear_qkv,GPU,189283.86144000042,189726.59392000042
10,gpu_only,block_03_qkv,linear_qkv,GPU,189726.59392000042,190169.32640000046
16,gpu_only,block_00_norm2,layer_norm,GPU,190169.32640000046,190191.45600000044
12,gpu_only,block_02_qkv,linear_qkv,GPU,190191.45600000044,190634.18848000048
3,gpu_only,block_09_attention,self_attention,GPU,190634.18848000048,190790.21504000045
18,gpu_only,token_embedding,token_and_position_embedding,GPU,190790.21504000045,190808.56224000046
4,gpu_only,block_08_norm1,layer_norm,GPU,190808.56224000046,190830.69184000045
5,gpu_only,block_07_norm1,layer_norm,GPU,190830.69184000045,190852.82144000047
17,gpu_only,block_00_attention,self_attention,GPU,190852.82144000047,191008.84800000046
14,gpu_only,block_01_proj,linear_projection,GPU,191008.84800000046,191161.09216000047
8,gpu_only,block_04_residual1,residual_add,GPU,191161.09216000047,191179.43936000046
11,gpu_only,block_02_ffn_island,fused_ffn_island,GPU,191179.43936000046,192392.65184000044
9,gpu_only,block_03_residual2,residual_add,GPU,192392.65184000044,192410.99904000046
6,gpu_only,block_06_norm1,layer_norm,GPU,192410.99904000046,192433.12864000045
15,gpu_only,block_01_norm1,layer_norm,GPU,192433.12864000045,192455.25824000046
2,gpu_only,block_11_qkv,linear_qkv,GPU,192455.25824000046,192897.99072000047
13,gpu_only,block_01_residual2,residual_add,GPU,192897.99072000047,192916.33792000046
7,gpu_only,block_05_attention,self_attention,GPU,192916.33792000046,193072.36448000045
19,gpu_only,patch_embedding,patch_embedding,GPU,193072.36448000045,193223.87136000046
10,gpu_only,block_03_attention,self_attention,GPU,193223.87136000046,193379.89792000045
16,gpu_only,block_00_ffn_island,fused_ffn_island,GPU,193379.89792000045,194593.11040000047
12,gpu_only,block_02_attention,self_attention,GPU,194593.11040000047,194749.13696000047
3,gpu_only,block_09_proj,linear_projection,GPU,194749.13696000047,194901.38112000047
18,gpu_only,block_00_norm1,layer_norm,GPU,194901.38112000047,194923.51072000046
4,gpu_only,block_08_qkv,linear_qkv,GPU,194923.51072000046,195366.2432000005
5,gpu_only,block_07_qkv,linear_qkv,GPU,195366.2432000005,195808.9756800005
17,gpu_only,block_00_proj,linear_projection,GPU,195808.9756800005,195961.2198400005
14,gpu_only,block_01_residual1,residual_add,GPU,195961.2198400005,195979.5670400005
8,gpu_only,block_04_norm2,layer_norm,GPU,195979.5670400005,196001.6966400005
11,gpu_only,block_02_residual2,residual_add,GPU,196001.6966400005,196020.0438400005
9,gpu_only,block_04_norm1,layer_norm,GPU,196020.0438400005,196042.1734400005
6,gpu_only,block_06_qkv,linear_qkv,GPU,196042.1734400005,196484.9059200005
15,gpu_only,block_01_qkv,linear_qkv,GPU,196484.9059200005,196927.63840000052
2,gpu_only,block_11_attention,self_attention,GPU,196927.63840000052,197083.66496000052
13,gpu_only,block_02_norm1,layer_norm,GPU,197083.66496000052,197105.79456000053
7,gpu_only,block_05_proj,linear_projection,GPU,197105.79456000053,197258.03872000054
19,gpu_only,token_embedding,token_and_position_embedding,GPU,197258.03872000054,197276.38592000052
10,gpu_only,block_03_proj,linear_projection,GPU,197276.38592000052,197428.63008000053
16,gpu_only,block_00_residual2,residual_add,GPU,197428.63008000053,197446.97728000052
12,gpu_only,block_02_proj,linear_projection,GPU,197446.97728000052,197599.22144000052
3,gpu_only,block_09_residual1,residual_add,GPU,197599.22144000052,197617.5686400005
18,gpu_only,block_00_qkv,linear_qkv,GPU,197617.5686400005,198060.30112000054
4,gpu_only,block_08_attention,self_attention,GPU,198060.30112000054,198216.3276800005
5,gpu_only,block_07_attention,self_attention,GPU,198216.3276800005,198372.3542400005
17,gpu_only,block_00_residual1,residual_add,GPU,198372.3542400005,198390.7014400005
14,gpu_only,block_01_norm2,layer_norm,GPU,198390.7014400005,198412.8310400005
8,gpu_only,block_04_ffn_island,fused_ffn_island,GPU,198412.8310400005,199626.04352000053
11,gpu_only,block_03_norm1,layer_norm,GPU,199626.04352000053,199648.17312000052
9,gpu_only,block_04_qkv,linear_qkv,GPU,199648.17312000052,200090.90560000052
6,gpu_only,block_06_attention,self_attention,GPU,200090.90560000052,200246.93216000052
15,gpu_only,block_01_attention,self_attention,GPU,200246.93216000052,200402.95872000052
2,gpu_only,block_11_proj,linear_projection,GPU,200402.95872000052,200555.20288000052
13,gpu_only,block_02_qkv,linear_qkv,GPU,200555.20288000052,200997.93536000056
7,gpu_only,block_05_residual1,residual_add,GPU,200997.93536000056,201016.28256000055
19,gpu_only,block_00_norm1,layer_norm,GPU,201016.28256000055,201038.41216000053
10,gpu_only,block_03_residual1,residual_add,GPU,201038.41216000053,201056.75936000052
16,gpu_only,block_01_norm1,layer_norm,GPU,201056.75936000052,201078.88896000054
12,gpu_only,block_02_residual1,residual_add,GPU,201078.88896000054,201097.23616000052
3,gpu_only,block_09_norm2,layer_norm,GPU,201097.23616000052,201119.36576000054
18,gpu_only,block_00_attention,self_attention,GPU,201119.36576000054,201275.39232000054
4,gpu_only,block_08_proj,linear_projection,GPU,201275.39232000054,201427.63648000054
5,gpu_only,block_07_proj,linear_projection,GPU,201427.63648000054,201579.88064000054
17,gpu_only,block_00_norm2,layer_norm,GPU,201579.88064000054,201602.01024000056
14,gpu_only,block_01_ffn_island,fused_ffn_island,GPU,201602.01024000056,202815.22272000054
8,gpu_only,block_04_residual2,residual_add,GPU,202815.22272000054,202833.56992000053
11,gpu_only,block_03_qkv,linear_qkv,GPU,202833.56992000053,203276.30240000054
20,gpu_only,patch_embedding,patch_embedding,GPU,203276.30240000054,203427.80928000057
9,gpu_only,block_04_attention,self_attention,GPU,203427.80928000057,203583.83584000057
6,gpu_only,block_06_proj,linear_projection,GPU,203583.83584000057,203736.08000000057
15,gpu_only,block_01_proj,linear_projection,GPU,203736.08000000057,203888.32416000057
2,gpu_only,block_11_residual1,residual_add,GPU,203888.32416000057,203906.67136000056
13,gpu_only,block_02_attention,self_attention,GPU,203906.67136000056,204062.69792000056
7,gpu_only,block_05_norm2,layer_norm,GPU,204062.69792000056,204084.82752000057
19,gpu_only,block_00_qkv,linear_qkv,GPU,204084.82752000057,204527.56000000058
10,gpu_only,block_03_norm2,layer_norm,GPU,204527.56000000058,204549.6896000006
16,gpu_only,block_01_qkv,linear_qkv,GPU,204549.6896000006,204992.4220800006
12,gpu_only,block_02_norm2,layer_norm,GPU,204992.4220800006,205014.5516800006
3,gpu_only,block_09_ffn_island,fused_ffn_island,GPU,205014.5516800006,206227.7641600006
18,gpu_only,block_00_proj,linear_projection,GPU,206227.7641600006,206380.0083200006
4,gpu_only,block_08_residual1,residual_add,GPU,206380.0083200006,206398.3555200006
5,gpu_only,block_07_residual1,residual_add,GPU,206398.3555200006,206416.70272000058
17,gpu_only,block_00_ffn_island,fused_ffn_island,GPU,206416.70272000058,207629.9152000006
14,gpu_only,block_01_residual2,residual_add,GPU,207629.9152000006,207648.2624000006
8,gpu_only,block_05_norm1,layer_norm,GPU,207648.2624000006,207670.3920000006
11,gpu_only,block_03_attention,self_attention,GPU,207670.3920000006,207826.41856000057
20,gpu_only,token_embedding,token_and_position_embedding,GPU,207826.41856000057,207844.7657600006
9,gpu_only,block_04_proj,linear_projection,GPU,207844.7657600006,207997.0099200006
6,gpu_only,block_06_residual1,residual_add,GPU,207997.0099200006,208015.35712000058
15,gpu_only,block_01_residual1,residual_add,GPU,208015.35712000058,208033.70432000057
2,gpu_only,block_11_norm2,layer_norm,GPU,208033.70432000057,208055.83392000056
13,gpu_only,block_02_proj,linear_projection,GPU,208055.83392000056,208208.0780800006
7,gpu_only,block_05_ffn_island,fused_ffn_island,GPU,208208.0780800006,209421.29056000058
19,gpu_only,block_00_attention,self_attention,GPU,209421.29056000058,209577.31712000057
10,gpu_only,block_03_ffn_island,fused_ffn_island,GPU,209577.31712000057,210790.5296000006
16,gpu_only,block_01_attention,self_attention,GPU,210790.5296000006,210946.5561600006
12,gpu_only,block_02_ffn_island,fused_ffn_island,GPU,210946.5561600006,212159.76864000058
3,gpu_only,block_09_residual2,residual_add,GPU,212159.76864000058,212178.11584000057
18,gpu_only,block_00_residual1,residual_add,GPU,212178.11584000057,212196.46304000056
4,gpu_only,block_08_norm2,layer_norm,GPU,212196.46304000056,212218.59264000057
5,gpu_only,block_07_norm2,layer_norm,GPU,212218.59264000057,212240.72224000056
17,gpu_only,block_00_residual2,residual_add,GPU,212240.72224000056,212259.06944000055
14,gpu_only,block_02_norm1,layer_norm,GPU,212259.06944000055,212281.19904000056
8,gpu_only,block_05_qkv,linear_qkv,GPU,212281.19904000056,212723.93152000057
11,gpu_only,block_03_proj,linear_projection,GPU,212723.93152000057,212876.1756800006
20,gpu_only,block_00_norm1,layer_norm,GPU,212876.1756800006,212898.30528000058
9,gpu_only,block_04_residual1,residual_add,GPU,212898.30528000058,212916.65248000057
6,gpu_only,block_06_norm2,layer_norm,GPU,212916.65248000057,212938.7820800006
15,gpu_only,block_01_norm2,layer_norm,GPU,212938.7820800006,212960.91168000057
2,gpu_only,block_11_ffn_island,fused_ffn_island,GPU,212960.91168000057,214174.1241600006
13,gpu_only,block_02_residual1,residual_add,GPU,214174.1241600006,214192.47136000058
7,gpu_only,block_05_residual2,residual_add,GPU,214192.47136000058,214210.81856000057
19,gpu_only,block_00_proj,linear_projection,GPU,214210.81856000057,214363.06272000057
21,gpu_only,patch_embedding,patch_embedding,GPU,214363.06272000057,214514.5696000006
10,gpu_only,block_03_residual2,residual_add,GPU,214514.5696000006,214532.9168000006
16,gpu_only,block_01_proj,linear_projection,GPU,214532.9168000006,214685.1609600006
12,gpu_only,block_02_residual2,residual_add,GPU,214685.1609600006,214703.50816000058
3,gpu_only,block_10_norm1,layer_norm,GPU,214703.50816000058,214725.6377600006
18,gpu_only,block_00_norm2,layer_norm,GPU,214725.6377600006,214747.76736000058
4,gpu_only,block_08_ffn_island,fused_ffn_island,GPU,214747.76736000058,215960.9798400006
5,gpu_only,block_07_ffn_island,fused_ffn_island,GPU,215960.9798400006,217174.19232000058
17,gpu_only,block_01_norm1,layer_norm,GPU,217174.19232000058,217196.3219200006
14,gpu_only,block_02_qkv,linear_qkv,GPU,217196.3219200006,217639.0544000006
8,gpu_only,block_05_attention,self_attention,GPU,217639.0544000006,217795.0809600006
11,gpu_only,block_03_residual1,residual_add,GPU,217795.0809600006,217813.4281600006
20,gpu_only,block_00_qkv,linear_qkv,GPU,217813.4281600006,218256.1606400006
9,gpu_only,block_04_norm2,layer_norm,GPU,218256.1606400006,218278.2902400006
6,gpu_only,block_06_ffn_island,fused_ffn_island,GPU,218278.2902400006,219491.50272000063
15,gpu_only,block_01_ffn_island,fused_ffn_island,GPU,219491.50272000063,220704.71520000062
2,gpu_only,block_11_residual2,residual_add,GPU,220704.71520000062,220723.0624000006
13,gpu_only,block_02_norm2,layer_norm,GPU,220723.0624000006,220745.19200000062
7,gpu_only,block_06_norm1,layer_norm,GPU,220745.19200000062,220767.3216000006
19,gpu_only,block_00_residual1,residual_add,GPU,220767.3216000006,220785.66880000063
21,gpu_only,token_embedding,token_and_position_embedding,GPU,220785.66880000063,220804.0160000006
10,gpu_only,block_04_norm1,layer_norm,GPU,220804.0160000006,220826.1456000006
16,gpu_only,block_01_residual1,residual_add,GPU,220826.1456000006,220844.4928000006
12,gpu_only,block_03_norm1,layer_norm,GPU,220844.4928000006,220866.6224000006
3,gpu_only,block_10_qkv,linear_qkv,GPU,220866.6224000006,221309.3548800006
18,gpu_only,block_00_ffn_island,fused_ffn_island,GPU,221309.3548800006,222522.56736000063
4,gpu_only,block_08_residual2,residual_add,GPU,222522.56736000063,222540.91456000062
5,gpu_only,block_07_residual2,residual_add,GPU,222540.91456000062,222559.2617600006
17,gpu_only,block_01_qkv,linear_qkv,GPU,222559.2617600006,223001.9942400006
14,gpu_only,block_02_attention,self_attention,GPU,223001.9942400006,223158.0208000006
8,gpu_only,block_05_proj,linear_projection,GPU,223158.0208000006,223310.2649600006
11,gpu_only,block_03_norm2,layer_norm,GPU,223310.2649600006,223332.39456000063
20,gpu_only,block_00_attention,self_attention,GPU,223332.39456000063,223488.42112000062
9,gpu_only,block_04_ffn_island,fused_ffn_island,GPU,223488.42112000062,224701.6336000006
6,gpu_only,block_06_residual2,residual_add,GPU,224701.6336000006,224719.9808000006
22,gpu_only,patch_embedding,patch_embedding,GPU,224719.9808000006,224871.48768000063
15,gpu_only,block_01_residual2,residual_add,GPU,224871.48768000063,224889.83488000062
2,gpu_only,final_norm,layer_norm,GPU,224889.83488000062,224911.9644800006
13,gpu_only,block_02_ffn_island,fused_ffn_island,GPU,224911.9644800006,226125.17696000062
7,gpu_only,block_06_qkv,linear_qkv,GPU,226125.17696000062,226567.90944000063
19,gpu_only,block_00_norm2,layer_norm,GPU,226567.90944000063,226590.03904000064
21,gpu_only,block_00_norm1,layer_norm,GPU,226590.03904000064,226612.16864000063
10,gpu_only,block_04_qkv,linear_qkv,GPU,226612.16864000063,227054.90112000066
16,gpu_only,block_01_norm2,layer_norm,GPU,227054.90112000066,227077.03072000065
12,gpu_only,block_03_qkv,linear_qkv,GPU,227077.03072000065,227519.76320000066
3,gpu_only,block_10_attention,self_attention,GPU,227519.76320000066,227675.78976000065
18,gpu_only,block_00_residual2,residual_add,GPU,227675.78976000065,227694.13696000064
4,gpu_only,block_09_norm1,layer_norm,GPU,227694.13696000064,227716.26656000066
5,gpu_only,block_08_norm1,layer_norm,GPU,227716.26656000066,227738.39616000067
17,gpu_only,block_01_attention,self_attention,GPU,227738.39616000067,227894.42272000064
14,gpu_only,block_02_proj,linear_projection,GPU,227894.42272000064,228046.66688000067
8,gpu_only,block_05_residual1,residual_add,GPU,228046.66688000067,228065.01408000066
11,gpu_only,block_03_ffn_island,fused_ffn_island,GPU,228065.01408000066,229278.22656000065
20,gpu_only,block_00_proj,linear_projection,GPU,229278.22656000065,229430.47072000068
9,gpu_only,block_04_residual2,residual_add,GPU,229430.47072000068,229448.81792000067
6,gpu_only,block_07_norm1,layer_norm,GPU,229448.81792000067,229470.94752000066
22,gpu_only,token_embedding,token_and_position_embedding,GPU,229470.94752000066,229489.29472000065
15,gpu_only,block_02_norm1,layer_norm,GPU,229489.29472000065,229511.42432000066
2,gpu_only,class_token_select,class_token_select,GPU,229511.42432000066,229518.46272000065
13,gpu_only,block_02_residual2,residual_add,GPU,229518.46272000065,229536.80992000064
7,gpu_only,block_06_attention,self_attention,GPU,229536.80992000064,229692.83648000064
19,gpu_only,block_00_ffn_island,fused_ffn_island,GPU,229692.83648000064,230906.04896000063
21,gpu_only,block_00_qkv,linear_qkv,GPU,230906.04896000063,231348.78144000066
10,gpu_only,block_04_attention,self_attention,GPU,231348.78144000066,231504.80800000063
16,gpu_only,block_01_ffn_island,fused_ffn_island,GPU,231504.80800000063,232718.02048000065
12,gpu_only,block_03_attention,self_attention,GPU,232718.02048000065,232874.04704000065
3,gpu_only,block_10_proj,linear_projection,GPU,232874.04704000065,233026.29120000065
18,gpu_only,block_01_norm1,layer_norm,GPU,233026.29120000065,233048.42080000066
4,gpu_only,block_09_qkv,linear_qkv,GPU,233048.42080000066,233491.15328000067
5,gpu_only,block_08_qkv,linear_qkv,GPU,233491.15328000067,233933.88576000067
17,gpu_only,block_01_proj,linear_projection,GPU,233933.88576000067,234086.1299200007
14,gpu_only,block_02_residual1,residual_add,GPU,234086.1299200007,234104.4771200007
8,gpu_only,block_05_norm2,layer_norm,GPU,234104.4771200007,234126.60672000068
11,gpu_only,block_03_residual2,residual_add,GPU,234126.60672000068,234144.95392000067
20,gpu_only,block_00_residual1,residual_add,GPU,234144.95392000067,234163.30112000066
9,gpu_only,block_05_norm1,layer_norm,GPU,234163.30112000066,234185.43072000067
6,gpu_only,block_07_qkv,linear_qkv,GPU,234185.43072000067,234628.16320000068
22,gpu_only,block_00_norm1,layer_norm,GPU,234628.16320000068,234650.2928000007
15,gpu_only,block_02_qkv,linear_qkv,GPU,234650.2928000007,235093.0252800007
2,gpu_only,classifier,linear_classifier,GPU,235093.0252800007,235100.9852800007
13,gpu_only,block_03_norm1,layer_norm,GPU,235100.9852800007,235123.1148800007
7,gpu_only,block_06_proj,linear_projection,GPU,235123.1148800007,235275.3590400007
23,gpu_only,patch_embedding,patch_embedding,GPU,235275.3590400007,235426.86592000074
19,gpu_only,block_00_residual2,residual_add,GPU,235426.86592000074,235445.21312000073
21,gpu_only,block_00_attention,self_attention,GPU,235445.21312000073,235601.23968000073
10,gpu_only,block_04_proj,linear_projection,GPU,235601.23968000073,235753.48384000073
16,gpu_only,block_01_residual2,residual_add,GPU,235753.48384000073,235771.83104000072
12,gpu_only,block_03_proj,linear_projection,GPU,235771.83104000072,235924.07520000072
3,gpu_only,block_10_residual1,residual_add,GPU,235924.07520000072,235942.4224000007
18,gpu_only,block_01_qkv,linear_qkv,GPU,235942.4224000007,236385.15488000071
4,gpu_only,block_09_attention,self_attention,GPU,236385.15488000071,236541.1814400007
5,gpu_only,block_08_attention,self_attention,GPU,236541.1814400007,236697.2080000007
17,gpu_only,block_01_residual1,residual_add,GPU,236697.2080000007,236715.5552000007
14,gpu_only,block_02_norm2,layer_norm,GPU,236715.5552000007,236737.68480000072
8,gpu_only,block_05_ffn_island,fused_ffn_island,GPU,236737.68480000072,237950.8972800007
11,gpu_only,block_04_norm1,layer_norm,GPU,237950.8972800007,237973.02688000072
20,gpu_only,block_00_norm2,layer_norm,GPU,237973.02688000072,237995.15648000073
9,gpu_only,block_05_qkv,linear_qkv,GPU,237995.15648000073,238437.88896000074
6,gpu_only,block_07_attention,self_attention,GPU,238437.88896000074,238593.91552000074
22,gpu_only,block_00_qkv,linear_qkv,GPU,238593.91552000074,239036.64800000074
15,gpu_only,block_02_attention,self_attention,GPU,239036.64800000074,239192.67456000074
13,gpu_only,block_03_qkv,linear_qkv,GPU,239192.67456000074,239635.40704000075
7,gpu_only,block_06_residual1,residual_add,GPU,239635.40704000075,239653.75424000074
23,gpu_only,token_embedding,token_and_position_embedding,GPU,239653.75424000074,239672.10144000073
19,gpu_only,block_01_norm1,layer_norm,GPU,239672.10144000073,239694.23104000074
21,gpu_only,block_00_proj,linear_projection,GPU,239694.23104000074,239846.47520000074
10,gpu_only,block_04_residual1,residual_add,GPU,239846.47520000074,239864.82240000073
16,gpu_only,block_02_norm1,layer_norm,GPU,239864.82240000073,239886.95200000075
12,gpu_only,block_03_residual1,residual_add,GPU,239886.95200000075,239905.29920000074
3,gpu_only,block_10_norm2,layer_norm,GPU,239905.29920000074,239927.42880000072
18,gpu_only,block_01_attention,self_attention,GPU,239927.42880000072,240083.45536000072
4,gpu_only,block_09_proj,linear_projection,GPU,240083.45536000072,240235.69952000072
5,gpu_only,block_08_proj,linear_projection,GPU,240235.69952000072,240387.94368000075
17,gpu_only,block_01_norm2,layer_norm,GPU,240387.94368000075,240410.07328000074
14,gpu_only,block_02_ffn_island,fused_ffn_island,GPU,240410.07328000074,241623.28576000076
8,gpu_only,block_05_residual2,residual_add,GPU,241623.28576000076,241641.63296000074
11,gpu_only,block_04_qkv,linear_qkv,GPU,241641.63296000074,242084.36544000075
20,gpu_only,block_00_ffn_island,fused_ffn_island,GPU,242084.36544000075,243297.57792000077
9,gpu_only,block_05_attention,self_attention,GPU,243297.57792000077,243453.60448000077
6,gpu_only,block_07_proj,linear_projection,GPU,243453.60448000077,243605.84864000077
22,gpu_only,block_00_attention,self_attention,GPU,243605.84864000077,243761.87520000077
15,gpu_only,block_02_proj,linear_projection,GPU,243761.87520000077,243914.11936000077
13,gpu_only,block_03_attention,self_attention,GPU,243914.11936000077,244070.14592000077
7,gpu_only,block_06_norm2,layer_norm,GPU,244070.14592000077,244092.27552000075
23,gpu_only,block_00_norm1,layer_norm,GPU,244092.27552000075,244114.40512000077
19,gpu_only,block_01_qkv,linear_qkv,GPU,244114.40512000077,244557.13760000077
21,gpu_only,block_00_residual1,residual_add,GPU,244557.13760000077,244575.48480000076
10,gpu_only,block_04_norm2,layer_norm,GPU,244575.48480000076,244597.61440000078
16,gpu_only,block_02_qkv,linear_qkv,GPU,244597.61440000078,245040.34688000078
12,gpu_only,block_03_norm2,layer_norm,GPU,245040.34688000078,245062.4764800008
3,gpu_only,block_10_ffn_island,fused_ffn_island,GPU,245062.4764800008,246275.68896000079
24,gpu_only,patch_embedding,patch_embedding,GPU,246275.68896000079,246427.19584000082
18,gpu_only,block_01_proj,linear_projection,GPU,246427.19584000082,246579.44000000082
4,gpu_only,block_09_residual1,residual_add,GPU,246579.44000000082,246597.7872000008
5,gpu_only,block_08_residual1,residual_add,GPU,246597.7872000008,246616.1344000008
17,gpu_only,block_01_ffn_island,fused_ffn_island,GPU,246616.1344000008,247829.3468800008
14,gpu_only,block_02_residual2,residual_add,GPU,247829.3468800008,247847.6940800008
8,gpu_only,block_06_norm1,layer_norm,GPU,247847.6940800008,247869.8236800008
11,gpu_only,block_04_attention,self_attention,GPU,247869.8236800008,248025.8502400008
20,gpu_only,block_00_residual2,residual_add,GPU,248025.8502400008,248044.19744000077
9,gpu_only,block_05_proj,linear_projection,GPU,248044.19744000077,248196.44160000078
6,gpu_only,block_07_residual1,residual_add,GPU,248196.44160000078,248214.78880000077
22,gpu_only,block_00_proj,linear_projection,GPU,248214.78880000077,248367.0329600008
15,gpu_only,block_02_residual1,residual_add,GPU,248367.0329600008,248385.3801600008
13,gpu_only,block_03_proj,linear_projection,GPU,248385.3801600008,248537.6243200008
7,gpu_only,block_06_ffn_island,fused_ffn_island,GPU,248537.6243200008,249750.8368000008
23,gpu_only,block_00_qkv,linear_qkv,GPU,249750.8368000008,250193.5692800008
19,gpu_only,block_01_attention,self_attention,GPU,250193.5692800008,250349.59584000084
21,gpu_only,block_00_norm2,layer_norm,GPU,250349.59584000084,250371.7254400008
10,gpu_only,block_04_ffn_island,fused_ffn_island,GPU,250371.7254400008,251584.9379200008
16,gpu_only,block_02_attention,self_attention,GPU,251584.9379200008,251740.96448000084
12,gpu_only,block_03_ffn_island,fused_ffn_island,GPU,251740.96448000084,252954.17696000083
3,gpu_only,block_10_residual2,residual_add,GPU,252954.17696000083,252972.52416000082
24,gpu_only,token_embedding,token_and_position_embedding,GPU,252972.52416000082,252990.8713600008
18,gpu_only,block_01_residual1,residual_add,GPU,252990.8713600008,253009.2185600008
4,gpu_only,block_09_norm2,layer_norm,GPU,253009.2185600008,253031.34816000078
5,gpu_only,block_08_norm2,layer_norm,GPU,253031.34816000078,253053.47776000077
17,gpu_only,block_01_residual2,residual_add,GPU,253053.47776000077,253071.82496000075
14,gpu_only,block_03_norm1,layer_norm,GPU,253071.82496000075,253093.9545600007
8,gpu_only,block_06_qkv,linear_qkv,GPU,253093.9545600007,253536.68704000072
11,gpu_only,block_04_proj,linear_projection,GPU,253536.68704000072,253688.9312000007
20,gpu_only,block_01_norm1,layer_norm,GPU,253688.9312000007,253711.06080000068
9,gpu_only,block_05_residual1,residual_add,GPU,253711.06080000068,253729.40800000067
6,gpu_only,block_07_norm2,layer_norm,GPU,253729.40800000067,253751.53760000062
22,gpu_only,block_00_residual1,residual_add,GPU,253751.53760000062,253769.8848000006
15,gpu_only,block_02_norm2,layer_norm,GPU,253769.8848000006,253792.0144000006
13,gpu_only,block_03_residual1,residual_add,GPU,253792.0144000006,253810.3616000006
7,gpu_only,block_06_residual2,residual_add,GPU,253810.3616000006,253828.70880000058
25,gpu_only,patch_embedding,patch_embedding,GPU,253828.70880000058,253980.21568000058
23,gpu_only,block_00_attention,self_attention,GPU,253980.21568000058,254136.24224000057
19,gpu_only,block_01_proj,linear_projection,GPU,254136.24224000057,254288.48640000058
21,gpu_only,block_00_ffn_island,fused_ffn_island,GPU,254288.48640000058,255501.69888000056
10,gpu_only,block_04_residual2,residual_add,GPU,255501.69888000056,255520.04608000055
16,gpu_only,block_02_proj,linear_projection,GPU,255520.04608000055,255672.29024000056
12,gpu_only,block_03_residual2,residual_add,GPU,255672.29024000056,255690.63744000054
3,gpu_only,block_11_norm1,layer_norm,GPU,255690.63744000054,255712.7670400005
24,gpu_only,block_00_norm1,layer_norm,GPU,255712.7670400005,255734.8966400005
18,gpu_only,block_01_norm2,layer_norm,GPU,255734.8966400005,255757.02624000047
4,gpu_only,block_09_ffn_island,fused_ffn_island,GPU,255757.02624000047,256970.23872000046
5,gpu_only,block_08_ffn_island,fused_ffn_island,GPU,256970.23872000046,258183.45120000048
17,gpu_only,block_02_norm1,layer_norm,GPU,258183.45120000048,258205.58080000043
14,gpu_only,block_03_qkv,linear_qkv,GPU,258205.58080000043,258648.31328000044
8,gpu_only,block_06_attention,self_attention,GPU,258648.31328000044,258804.33984000047
11,gpu_only,block_04_residual1,residual_add,GPU,258804.33984000047,258822.68704000046
20,gpu_only,block_01_qkv,linear_qkv,GPU,258822.68704000046,259265.41952000043
9,gpu_only,block_05_norm2,layer_norm,GPU,259265.41952000043,259287.54912000042
6,gpu_only,block_07_ffn_island,fused_ffn_island,GPU,259287.54912000042,260500.7616000004
22,gpu_only,block_00_norm2,layer_norm,GPU,260500.7616000004,260522.8912000004
15,gpu_only,block_02_ffn_island,fused_ffn_island,GPU,260522.8912000004,261736.10368000038
13,gpu_only,block_03_norm2,layer_norm,GPU,261736.10368000038,261758.23328000036
7,gpu_only,block_07_norm1,layer_norm,GPU,261758.23328000036,261780.36288000035
25,gpu_only,token_embedding,token_and_position_embedding,GPU,261780.36288000035,261798.71008000034
23,gpu_only,block_00_proj,linear_projection,GPU,261798.71008000034,261950.9542400003
19,gpu_only,block_01_residual1,residual_add,GPU,261950.9542400003,261969.3014400003
21,gpu_only,block_00_residual2,residual_add,GPU,261969.3014400003,261987.6486400003
10,gpu_only,block_05_norm1,layer_norm,GPU,261987.6486400003,262009.77824000028
16,gpu_only,block_02_residual1,residual_add,GPU,262009.77824000028,262028.12544000027
12,gpu_only,block_04_norm1,layer_norm,GPU,262028.12544000027,262050.25504000022
3,gpu_only,block_11_qkv,linear_qkv,GPU,262050.25504000022,262492.9875200002
24,gpu_only,block_00_qkv,linear_qkv,GPU,262492.9875200002,262935.7200000002
18,gpu_only,block_01_ffn_island,fused_ffn_island,GPU,262935.7200000002,264148.9324800002
4,gpu_only,block_09_residual2,residual_add,GPU,264148.9324800002,264167.2796800002
5,gpu_only,block_08_residual2,residual_add,GPU,264167.2796800002,264185.62688000017
17,gpu_only,block_02_qkv,linear_qkv,GPU,264185.62688000017,264628.3593600002
14,gpu_only,block_03_attention,self_attention,GPU,264628.3593600002,264784.3859200002
8,gpu_only,block_06_proj,linear_projection,GPU,264784.3859200002,264936.6300800002
11,gpu_only,block_04_norm2,layer_norm,GPU,264936.6300800002,264958.75968000013
20,gpu_only,block_01_attention,self_attention,GPU,264958.75968000013,265114.78624000016
9,gpu_only,block_05_ffn_island,fused_ffn_island,GPU,265114.78624000016,266327.9987200002
26,gpu_only,patch_embedding,patch_embedding,GPU,266327.9987200002,266479.50560000015
6,gpu_only,block_07_residual2,residual_add,GPU,266479.50560000015,266497.85280000017
22,gpu_only,block_00_ffn_island,fused_ffn_island,GPU,266497.85280000017,267711.06528000016
15,gpu_only,block_02_residual2,residual_add,GPU,267711.06528000016,267729.4124800002
13,gpu_only,block_03_ffn_island,fused_ffn_island,GPU,267729.4124800002,268942.62496000016
7,gpu_only,block_07_qkv,linear_qkv,GPU,268942.62496000016,269385.35744000017
25,gpu_only,block_00_norm1,layer_norm,GPU,269385.35744000017,269407.4870400001
23,gpu_only,block_00_residual1,residual_add,GPU,269407.4870400001,269425.8342400001
19,gpu_only,block_01_norm2,layer_norm,GPU,269425.8342400001,269447.9638400001
21,gpu_only,block_01_norm1,layer_norm,GPU,269447.9638400001,269470.0934400001
10,gpu_only,block_05_qkv,linear_qkv,GPU,269470.0934400001,269912.82592000003
16,gpu_only,block_02_norm2,layer_norm,GPU,269912.82592000003,269934.95552
12,gpu_only,block_04_qkv,linear_qkv,GPU,269934.95552,270377.688
3,gpu_only,block_11_attention,self_attention,GPU,270377.688,270533.71456000005
24,gpu_only,block_00_attention,self_attention,GPU,270533.71456000005,270689.74112
18,gpu_only,block_01_residual2,residual_add,GPU,270689.74112,270708.08832000004
4,gpu_only,block_10_norm1,layer_norm,GPU,270708.08832000004,270730.21792
5,gpu_only,block_09_norm1,layer_norm,GPU,270730.21792,270752.34752
17,gpu_only,block_02_attention,self_attention,GPU,270752.34752,270908.37408000004
14,gpu_only,block_03_proj,linear_projection,GPU,270908.37408000004,271060.61824
8,gpu_only,block_06_residual1,residual_add,GPU,271060.61824,271078.96544
11,gpu_only,block_04_ffn_island,fused_ffn_island,GPU,271078.96544,272292.17792
20,gpu_only,block_01_proj,linear_projection,GPU,272292.17792,272444.42208
9,gpu_only,block_05_residual2,residual_add,GPU,272444.42208,272462.76927999995
26,gpu_only,token_embedding,token_and_position_embedding,GPU,272462.76927999995,272481.11647999997
6,gpu_only,block_08_norm1,layer_norm,GPU,272481.11647999997,272503.24607999995
22,gpu_only,block_00_residual2,residual_add,GPU,272503.24607999995,272521.5932799999
15,gpu_only,block_03_norm1,layer_norm,GPU,272521.5932799999,272543.7228799999
13,gpu_only,block_03_residual2,residual_add,GPU,272543.7228799999,272562.07007999986
7,gpu_only,block_07_attention,self_attention,GPU,272562.07007999986,272718.0966399999
25,gpu_only,block_00_qkv,linear_qkv,GPU,272718.0966399999,273160.8291199999
23,gpu_only,block_00_norm2,layer_norm,GPU,273160.8291199999,273182.9587199999
19,gpu_only,block_01_ffn_island,fused_ffn_island,GPU,273182.9587199999,274396.17119999987
21,gpu_only,block_01_qkv,linear_qkv,GPU,274396.17119999987,274838.9036799999
10,gpu_only,block_05_attention,self_attention,GPU,274838.9036799999,274994.9302399999
16,gpu_only,block_02_ffn_island,fused_ffn_island,GPU,274994.9302399999,276208.1427199999
27,gpu_only,patch_embedding,patch_embedding,GPU,276208.1427199999,276359.6495999999
12,gpu_only,block_04_attention,self_attention,GPU,276359.6495999999,276515.6761599999
3,gpu_only,block_11_proj,linear_projection,GPU,276515.6761599999,276667.92031999986
24,gpu_only,block_00_proj,linear_projection,GPU,276667.92031999986,276820.16447999986
18,gpu_only,block_02_norm1,layer_norm,GPU,276820.16447999986,276842.29407999985
4,gpu_only,block_10_qkv,linear_qkv,GPU,276842.29407999985,277285.0265599998
5,gpu_only,block_09_qkv,linear_qkv,GPU,277285.0265599998,277727.7590399998
17,gpu_only,block_02_proj,linear_projection,GPU,277727.7590399998,277880.0031999998
14,gpu_only,block_03_residual1,residual_add,GPU,277880.0031999998,277898.35039999976
8,gpu_only,block_06_norm2,layer_norm,GPU,277898.35039999976,277920.47999999975
11,gpu_only,block_04_residual2,residual_add,GPU,277920.47999999975,277938.82719999977
20,gpu_only,block_01_residual1,residual_add,GPU,277938.82719999977,277957.1743999997
9,gpu_only,block_06_norm1,layer_norm,GPU,277957.1743999997,277979.3039999997
26,gpu_only,block_00_norm1,layer_norm,GPU,277979.3039999997,278001.4335999997
6,gpu_only,block_08_qkv,linear_qkv,GPU,278001.4335999997,278444.16607999965
22,gpu_only,block_01_norm1,layer_norm,GPU,278444.16607999965,278466.29567999963
15,gpu_only,block_03_qkv,linear_qkv,GPU,278466.29567999963,278909.02815999964
13,gpu_only,block_04_norm1,layer_norm,GPU,278909.02815999964,278931.1577599996
7,gpu_only,block_07_proj,linear_projection,GPU,278931.1577599996,279083.40191999957
25,gpu_only,block_00_attention,self_attention,GPU,279083.40191999957,279239.4284799996
23,gpu_only,block_00_ffn_island,fused_ffn_island,GPU,279239.4284799996,280452.6409599996
19,gpu_only,block_01_residual2,residual_add,GPU,280452.6409599996,280470.9881599996
21,gpu_only,block_01_attention,self_attention,GPU,280470.9881599996,280627.0147199996
10,gpu_only,block_05_proj,linear_projection,GPU,280627.0147199996,280779.25887999963
16,gpu_only,block_02_residual2,residual_add,GPU,280779.25887999963,280797.6060799996
27,gpu_only,token_embedding,token_and_position_embedding,GPU,280797.6060799996,280815.9532799996
12,gpu_only,block_04_proj,linear_projection,GPU,280815.9532799996,280968.19743999955
3,gpu_only,block_11_residual1,residual_add,GPU,280968.19743999955,280986.54463999957
24,gpu_only,block_00_residual1,residual_add,GPU,280986.54463999957,281004.89183999953
18,gpu_only,block_02_qkv,linear_qkv,GPU,281004.89183999953,281447.62431999954
4,gpu_only,block_10_attention,self_attention,GPU,281447.62431999954,281603.65087999956
5,gpu_only,block_09_attention,self_attention,GPU,281603.65087999956,281759.6774399996
17,gpu_only,block_02_residual1,residual_add,GPU,281759.6774399996,281778.02463999955
14,gpu_only,block_03_norm2,layer_norm,GPU,281778.02463999955,281800.15423999954
8,gpu_only,block_06_ffn_island,fused_ffn_island,GPU,281800.15423999954,283013.3667199995
11,gpu_only,block_05_norm1,layer_norm,GPU,283013.3667199995,283035.4963199995
20,gpu_only,block_01_norm2,layer_norm,GPU,283035.4963199995,283057.6259199995
9,gpu_only,block_06_qkv,linear_qkv,GPU,283057.6259199995,283500.3583999995
26,gpu_only,block_00_qkv,linear_qkv,GPU,283500.3583999995,283943.09087999945
6,gpu_only,block_08_attention,self_attention,GPU,283943.09087999945,284099.1174399995
22,gpu_only,block_01_qkv,linear_qkv,GPU,284099.1174399995,284541.8499199995
15,gpu_only,block_03_attention,self_attention,GPU,284541.8499199995,284697.8764799995
13,gpu_only,block_04_qkv,linear_qkv,GPU,284697.8764799995,285140.60895999946
7,gpu_only,block_07_residual1,residual_add,GPU,285140.60895999946,285158.9561599995
25,gpu_only,block_00_proj,linear_projection,GPU,285158.9561599995,285311.2003199995
28,gpu_only,patch_embedding,patch_embedding,GPU,285311.2003199995,285462.7071999994
23,gpu_only,block_00_residual2,residual_add,GPU,285462.7071999994,285481.05439999944
19,gpu_only,block_02_norm1,layer_norm,GPU,285481.05439999944,285503.1839999994
21,gpu_only,block_01_proj,linear_projection,GPU,285503.1839999994,285655.42815999937
10,gpu_only,block_05_residual1,residual_add,GPU,285655.42815999937,285673.7753599994
16,gpu_only,block_03_norm1,layer_norm,GPU,285673.7753599994,285695.9049599994
27,gpu_only,block_00_norm1,layer_norm,GPU,285695.9049599994,285718.03455999936
12,gpu_only,block_04_residual1,residual_add,GPU,285718.03455999936,285736.3817599993
3,gpu_only,block_11_norm2,layer_norm,GPU,285736.3817599993,285758.5113599993
24,gpu_only,block_00_norm2,layer_norm,GPU,285758.5113599993,285780.6409599993
18,gpu_only,block_02_attention,self_attention,GPU,285780.6409599993,285936.6675199993
4,gpu_only,block_10_proj,linear_projection,GPU,285936.6675199993,286088.91167999926
5,gpu_only,block_09_proj,linear_projection,GPU,286088.91167999926,286241.15583999926
17,gpu_only,block_02_norm2,layer_norm,GPU,286241.15583999926,286263.28543999925
14,gpu_only,block_03_ffn_island,fused_ffn_island,GPU,286263.28543999925,287476.49791999924
8,gpu_only,block_06_residual2,residual_add,GPU,287476.49791999924,287494.84511999926
11,gpu_only,block_05_qkv,linear_qkv,GPU,287494.84511999926,287937.5775999992
20,gpu_only,block_01_ffn_island,fused_ffn_island,GPU,287937.5775999992,289150.79007999925
9,gpu_only,block_06_attention,self_attention,GPU,289150.79007999925,289306.8166399992
26,gpu_only,block_00_attention,self_attention,GPU,289306.8166399992,289462.84319999925
6,gpu_only,block_08_proj,linear_projection,GPU,289462.84319999925,289615.08735999925
22,gpu_only,block_01_attention,self_attention,GPU,289615.08735999925,289771.1139199993
15,gpu_only,block_03_proj,linear_projection,GPU,289771.1139199993,289923.3580799993
13,gpu_only,block_04_attention,self_attention,GPU,289923.3580799993,290079.38463999925
7,gpu_only,block_07_norm2,layer_norm,GPU,290079.38463999925,290101.51423999923
25,gpu_only,block_00_residual1,residual_add,GPU,290101.51423999923,290119.86143999925
28,gpu_only,token_embedding,token_and_position_embedding,GPU,290119.86143999925,290138.2086399992
23,gpu_only,block_01_norm1,layer_norm,GPU,290138.2086399992,290160.3382399992
19,gpu_only,block_02_qkv,linear_qkv,GPU,290160.3382399992,290603.0707199992
21,gpu_only,block_01_residual1,residual_add,GPU,290603.0707199992,290621.41791999916
10,gpu_only,block_05_norm2,layer_norm,GPU,290621.41791999916,290643.54751999915
16,gpu_only,block_03_qkv,linear_qkv,GPU,290643.54751999915,291086.27999999915
27,gpu_only,block_00_qkv,linear_qkv,GPU,291086.27999999915,291529.0124799991
12,gpu_only,block_04_norm2,layer_norm,GPU,291529.0124799991,291551.1420799991
3,gpu_only,block_11_ffn_island,fused_ffn_island,GPU,291551.1420799991,292764.35455999913
24,gpu_only,block_00_ffn_island,fused_ffn_island,GPU,292764.35455999913,293977.5670399991
18,gpu_only,block_02_proj,linear_projection,GPU,293977.5670399991,294129.81119999907
4,gpu_only,block_10_residual1,residual_add,GPU,294129.81119999907,294148.1583999991
5,gpu_only,block_09_residual1,residual_add,GPU,294148.1583999991,294166.5055999991
17,gpu_only,block_02_ffn_island,fused_ffn_island,GPU,294166.5055999991,295379.7180799991
14,gpu_only,block_03_residual2,residual_add,GPU,295379.7180799991,295398.06527999905
8,gpu_only,block_07_norm1,layer_norm,GPU,295398.06527999905,295420.19487999904
11,gpu_only,block_05_attention,self_attention,GPU,295420.19487999904,295576.22143999906
20,gpu_only,block_01_residual2,residual_add,GPU,295576.22143999906,295594.5686399991
9,gpu_only,block_06_proj,linear_projection,GPU,295594.5686399991,295746.812799999
26,gpu_only,block_00_proj,linear_projection,GPU,295746.812799999,295899.056959999
6,gpu_only,block_08_residual1,residual_add,GPU,295899.056959999,295917.404159999
22,gpu_only,block_01_proj,linear_projection,GPU,295917.404159999,296069.648319999
15,gpu_only,block_03_residual1,residual_add,GPU,296069.648319999,296087.995519999
29,gpu_only,patch_embedding,patch_embedding,GPU,296087.995519999,296239.50239999895
13,gpu_only,block_04_proj,linear_projection,GPU,296239.50239999895,296391.74655999895
7,gpu_only,block_07_ffn_island,fused_ffn_island,GPU,296391.74655999895,297604.95903999894
25,gpu_only,block_00_norm2,layer_norm,GPU,297604.95903999894,297627.0886399989
28,gpu_only,block_00_norm1,layer_norm,GPU,297627.0886399989,297649.2182399989
23,gpu_only,block_01_qkv,linear_qkv,GPU,297649.2182399989,298091.9507199989
19,gpu_only,block_02_attention,self_attention,GPU,298091.9507199989,298247.9772799989
21,gpu_only,block_01_norm2,layer_norm,GPU,298247.9772799989,298270.1068799989
10,gpu_only,block_05_ffn_island,fused_ffn_island,GPU,298270.1068799989,299483.3193599989
16,gpu_only,block_03_attention,self_attention,GPU,299483.3193599989,299639.3459199989
27,gpu_only,block_00_attention,self_attention,GPU,299639.3459199989,299795.3724799989
12,gpu_only,block_04_ffn_island,fused_ffn_island,GPU,299795.3724799989,301008.58495999896
3,gpu_only,block_11_residual2,residual_add,GPU,301008.58495999896,301026.9321599989
24,gpu_only,block_00_residual2,residual_add,GPU,301026.9321599989,301045.27935999894
18,gpu_only,block_02_residual1,residual_add,GPU,301045.27935999894,301063.6265599989
4,gpu_only,block_10_norm2,layer_norm,GPU,301063.6265599989,301085.7561599989
5,gpu_only,block_09_norm2,layer_norm,GPU,301085.7561599989,301107.88575999887
17,gpu_only,block_02_residual2,residual_add,GPU,301107.88575999887,301126.23295999883
14,gpu_only,block_04_norm1,layer_norm,GPU,301126.23295999883,301148.3625599988
8,gpu_only,block_07_qkv,linear_qkv,GPU,301148.3625599988,301591.0950399988
11,gpu_only,block_05_proj,linear_projection,GPU,301591.0950399988,301743.3391999988
20,gpu_only,block_02_norm1,layer_norm,GPU,301743.3391999988,301765.46879999875
9,gpu_only,block_06_residual1,residual_add,GPU,301765.46879999875,301783.81599999877
26,gpu_only,block_00_residual1,residual_add,GPU,301783.81599999877,301802.16319999873
6,gpu_only,block_08_norm2,layer_norm,GPU,301802.16319999873,301824.2927999987
22,gpu_only,block_01_residual1,residual_add,GPU,301824.2927999987,301842.63999999873
15,gpu_only,block_03_norm2,layer_norm,GPU,301842.63999999873,301864.7695999987
29,gpu_only,token_embedding,token_and_position_embedding,GPU,301864.7695999987,301883.1167999987
13,gpu_only,block_04_residual1,residual_add,GPU,301883.1167999987,301901.4639999987
7,gpu_only,block_07_residual2,residual_add,GPU,301901.4639999987,301919.81119999866
25,gpu_only,block_00_ffn_island,fused_ffn_island,GPU,301919.81119999866,303133.02367999865
28,gpu_only,block_00_qkv,linear_qkv,GPU,303133.02367999865,303575.75615999865
23,gpu_only,block_01_attention,self_attention,GPU,303575.75615999865,303731.7827199987
19,gpu_only,block_02_proj,linear_projection,GPU,303731.7827199987,303884.0268799987
21,gpu_only,block_01_ffn_island,fused_ffn_island,GPU,303884.0268799987,305097.23935999867
10,gpu_only,block_05_residual2,residual_add,GPU,305097.23935999867,305115.5865599986
16,gpu_only,block_03_proj,linear_projection,GPU,305115.5865599986,305267.83071999863
27,gpu_only,block_00_proj,linear_projection,GPU,305267.83071999863,305420.07487999863
30,gpu_only,patch_embedding,patch_embedding,GPU,305420.07487999863,305571.5817599986
12,gpu_only,block_04_residual2,residual_add,GPU,305571.5817599986,305589.9289599986
3,gpu_only,final_norm,layer_norm,GPU,305589.9289599986,305612.0585599986
24,gpu_only,block_01_norm1,layer_norm,GPU,305612.0585599986,305634.18815999856
18,gpu_only,block_02_norm2,layer_norm,GPU,305634.18815999856,305656.3177599985
4,gpu_only,block_10_ffn_island,fused_ffn_island,GPU,305656.3177599985,306869.53023999854
5,gpu_only,block_09_ffn_island,fused_ffn_island,GPU,306869.53023999854,308082.7427199985
17,gpu_only,block_03_norm1,layer_norm,GPU,308082.7427199985,308104.8723199985
14,gpu_only,block_04_qkv,linear_qkv,GPU,308104.8723199985,308547.60479999846
8,gpu_only,block_07_attention,self_attention,GPU,308547.60479999846,308703.6313599985
11,gpu_only,block_05_residual1,residual_add,GPU,308703.6313599985,308721.9785599985
20,gpu_only,block_02_qkv,linear_qkv,GPU,308721.9785599985,309164.7110399985
9,gpu_only,block_06_norm2,layer_norm,GPU,309164.7110399985,309186.84063999844
26,gpu_only,block_00_norm2,layer_norm,GPU,309186.84063999844,309208.9702399984
6,gpu_only,block_08_ffn_island,fused_ffn_island,GPU,309208.9702399984,310422.18271999847
22,gpu_only,block_01_norm2,layer_norm,GPU,310422.18271999847,310444.3123199984
15,gpu_only,block_03_ffn_island,fused_ffn_island,GPU,310444.3123199984,311657.52479999844
29,gpu_only,block_00_norm1,layer_norm,GPU,311657.52479999844,311679.65439999837
13,gpu_only,block_04_norm2,layer_norm,GPU,311679.65439999837,311701.78399999836
7,gpu_only,block_08_norm1,layer_norm,GPU,311701.78399999836,311723.91359999834
25,gpu_only,block_00_residual2,residual_add,GPU,311723.91359999834,311742.26079999836
28,gpu_only,block_00_attention,self_attention,GPU,311742.26079999836,311898.2873599984
23,gpu_only,block_01_proj,linear_projection,GPU,311898.2873599984,312050.53151999833
19,gpu_only,block_02_residual1,residual_add,GPU,312050.53151999833,312068.87871999835
21,gpu_only,block_01_residual2,residual_add,GPU,312068.87871999835,312087.2259199983
10,gpu_only,block_06_norm1,layer_norm,GPU,312087.2259199983,312109.3555199983
16,gpu_only,block_03_residual1,residual_add,GPU,312109.3555199983,312127.7027199983
27,gpu_only,block_00_residual1,residual_add,GPU,312127.7027199983,312146.0499199983
30,gpu_only,token_embedding,token_and_position_embedding,GPU,312146.0499199983,312164.3971199983
12,gpu_only,block_05_norm1,layer_norm,GPU,312164.3971199983,312186.5267199982
3,gpu_only,class_token_select,class_token_select,GPU,312186.5267199982,312193.56511999824
24,gpu_only,block_01_qkv,linear_qkv,GPU,312193.56511999824,312636.29759999824
18,gpu_only,block_02_ffn_island,fused_ffn_island,GPU,312636.29759999824,313849.51007999823
4,gpu_only,block_10_residual2,residual_add,GPU,313849.51007999823,313867.8572799982
5,gpu_only,block_09_residual2,residual_add,GPU,313867.8572799982,313886.2044799982
17,gpu_only,block_03_qkv,linear_qkv,GPU,313886.2044799982,314328.9369599982
14,gpu_only,block_04_attention,self_attention,GPU,314328.9369599982,314484.96351999824
8,gpu_only,block_07_proj,linear_projection,GPU,314484.96351999824,314637.2076799982
11,gpu_only,block_05_norm2,layer_norm,GPU,314637.2076799982,314659.3372799982
20,gpu_only,block_02_attention,self_attention,GPU,314659.3372799982,314815.3638399982
9,gpu_only,block_06_ffn_island,fused_ffn_island,GPU,314815.3638399982,316028.5763199982
26,gpu_only,block_00_ffn_island,fused_ffn_island,GPU,316028.5763199982,317241.7887999982
31,gpu_only,patch_embedding,patch_embedding,GPU,317241.7887999982,317393.2956799982
6,gpu_only,block_08_residual2,residual_add,GPU,317393.2956799982,317411.6428799982
22,gpu_only,block_01_ffn_island,fused_ffn_island,GPU,317411.6428799982,318624.8553599982
15,gpu_only,block_03_residual2,residual_add,GPU,318624.8553599982,318643.2025599982
29,gpu_only,block_00_qkv,linear_qkv,GPU,318643.2025599982,319085.93503999815
13,gpu_only,block_04_ffn_island,fused_ffn_island,GPU,319085.93503999815,320299.14751999814
7,gpu_only,block_08_qkv,linear_qkv,GPU,320299.14751999814,320741.87999999814
25,gpu_only,block_01_norm1,layer_norm,GPU,320741.87999999814,320764.0095999981
28,gpu_only,block_00_proj,linear_projection,GPU,320764.0095999981,320916.25375999813
23,gpu_only,block_01_residual1,residual_add,GPU,320916.25375999813,320934.6009599981
19,gpu_only,block_02_norm2,layer_norm,GPU,320934.6009599981,320956.7305599981
21,gpu_only,block_02_norm1,layer_norm,GPU,320956.7305599981,320978.86015999806
10,gpu_only,block_06_qkv,linear_qkv,GPU,320978.86015999806,321421.592639998
16,gpu_only,block_03_norm2,layer_norm,GPU,321421.592639998,321443.722239998
27,gpu_only,block_00_norm2,layer_norm,GPU,321443.722239998,321465.851839998
30,gpu_only,block_00_norm1,layer_norm,GPU,321465.851839998,321487.98143999797
12,gpu_only,block_05_qkv,linear_qkv,GPU,321487.98143999797,321930.713919998
3,gpu_only,classifier,linear_classifier,GPU,321930.713919998,321938.67391999793
24,gpu_only,block_01_attention,self_attention,GPU,321938.67391999793,322094.70047999796
18,gpu_only,block_02_residual2,residual_add,GPU,322094.70047999796,322113.0476799979
4,gpu_only,block_11_norm1,layer_norm,GPU,322113.0476799979,322135.1772799979
5,gpu_only,block_10_norm1,layer_norm,GPU,322135.1772799979,322157.3068799979
17,gpu_only,block_03_attention,self_attention,GPU,322157.3068799979,322313.3334399979
14,gpu_only,block_04_proj,linear_projection,GPU,322313.3334399979,322465.57759999787
8,gpu_only,block_07_residual1,residual_add,GPU,322465.57759999787,322483.9247999979
11,gpu_only,block_05_ffn_island,fused_ffn_island,GPU,322483.9247999979,323697.13727999787
20,gpu_only,block_02_proj,linear_projection,GPU,323697.13727999787,323849.3814399979
9,gpu_only,block_06_residual2,residual_add,GPU,323849.3814399979,323867.72863999783
26,gpu_only,block_00_residual2,residual_add,GPU,323867.72863999783,323886.07583999785
31,gpu_only,token_embedding,token_and_position_embedding,GPU,323886.07583999785,323904.4230399978
6,gpu_only,block_09_norm1,layer_norm,GPU,323904.4230399978,323926.5526399978
22,gpu_only,block_01_residual2,residual_add,GPU,323926.5526399978,323944.8998399978
15,gpu_only,block_04_norm1,layer_norm,GPU,323944.8998399978,323967.0294399978
29,gpu_only,block_00_attention,self_attention,GPU,323967.0294399978,324123.0559999978
32,gpu_only,patch_embedding,patch_embedding,GPU,324123.0559999978,324274.5628799978
13,gpu_only,block_04_residual2,residual_add,GPU,324274.5628799978,324292.9100799978
7,gpu_only,block_08_attention,self_attention,GPU,324292.9100799978,324448.9366399978
25,gpu_only,block_01_qkv,linear_qkv,GPU,324448.9366399978,324891.66911999776
28,gpu_only,block_00_residual1,residual_add,GPU,324891.66911999776,324910.0163199978
23,gpu_only,block_01_norm2,layer_norm,GPU,324910.0163199978,324932.14591999777
19,gpu_only,block_02_ffn_island,fused_ffn_island,GPU,324932.14591999777,326145.35839999776
21,gpu_only,block_02_qkv,linear_qkv,GPU,326145.35839999776,326588.09087999776
10,gpu_only,block_06_attention,self_attention,GPU,326588.09087999776,326744.1174399978
16,gpu_only,block_03_ffn_island,fused_ffn_island,GPU,326744.1174399978,327957.3299199978
27,gpu_only,block_00_ffn_island,fused_ffn_island,GPU,327957.3299199978,329170.54239999776
30,gpu_only,block_00_qkv,linear_qkv,GPU,329170.54239999776,329613.27487999777
12,gpu_only,block_05_attention,self_attention,GPU,329613.27487999777,329769.3014399978
24,gpu_only,block_01_proj,linear_projection,GPU,329769.3014399978,329921.54559999774
18,gpu_only,block_03_norm1,layer_norm,GPU,329921.54559999774,329943.6751999977
4,gpu_only,block_11_qkv,linear_qkv,GPU,329943.6751999977,330386.40767999773
5,gpu_only,block_10_qkv,linear_qkv,GPU,330386.40767999773,330829.1401599977
17,gpu_only,block_03_proj,linear_projection,GPU,330829.1401599977,330981.3843199977
14,gpu_only,block_04_residual1,residual_add,GPU,330981.3843199977,330999.7315199977
8,gpu_only,block_07_norm2,layer_norm,GPU,330999.7315199977,331021.86111999763
11,gpu_only,block_05_residual2,residual_add,GPU,331021.86111999763,331040.20831999765
20,gpu_only,block_02_residual1,residual_add,GPU,331040.20831999765,331058.5555199976
9,gpu_only,block_07_norm1,layer_norm,GPU,331058.5555199976,331080.6851199976
26,gpu_only,block_01_norm1,layer_norm,GPU,331080.6851199976,331102.8147199976
31,gpu_only,block_00_norm1,layer_norm,GPU,331102.8147199976,331124.94431999756
6,gpu_only,block_09_qkv,linear_qkv,GPU,331124.94431999756,331567.6767999976
22,gpu_only,block_02_norm1,layer_norm,GPU,331567.6767999976,331589.8063999975
15,gpu_only,block_04_qkv,linear_qkv,GPU,331589.8063999975,332032.5388799975
29,gpu_only,block_00_proj,linear_projection,GPU,332032.5388799975,332184.7830399975
32,gpu_only,token_embedding,token_and_position_embedding,GPU,332184.7830399975,332203.13023999747
13,gpu_only,block_05_norm1,layer_norm,GPU,332203.13023999747,332225.25983999745
7,gpu_only,block_08_proj,linear_projection,GPU,332225.25983999745,332377.50399999745
25,gpu_only,block_01_attention,self_attention,GPU,332377.50399999745,332533.5305599975
28,gpu_only,block_00_norm2,layer_norm,GPU,332533.5305599975,332555.6601599974
23,gpu_only,block_01_ffn_island,fused_ffn_island,GPU,332555.6601599974,333768.87263999745
19,gpu_only,block_02_residual2,residual_add,GPU,333768.87263999745,333787.2198399974
21,gpu_only,block_02_attention,self_attention,GPU,333787.2198399974,333943.24639999744
10,gpu_only,block_06_proj,linear_projection,GPU,333943.24639999744,334095.49055999744
16,gpu_only,block_03_residual2,residual_add,GPU,334095.49055999744,334113.8377599974
27,gpu_only,block_00_residual2,residual_add,GPU,334113.8377599974,334132.1849599974
30,gpu_only,block_00_attention,self_attention,GPU,334132.1849599974,334288.21151999745
12,gpu_only,block_05_proj,linear_projection,GPU,334288.21151999745,334440.4556799974
24,gpu_only,block_01_residual1,residual_add,GPU,334440.4556799974,334458.8028799974
18,gpu_only,block_03_qkv,linear_qkv,GPU,334458.8028799974,334901.5353599974
33,gpu_only,patch_embedding,patch_embedding,GPU,334901.5353599974,335053.04223999736
4,gpu_only,block_11_attention,self_attention,GPU,335053.04223999736,335209.0687999974
5,gpu_only,block_10_attention,self_attention,GPU,335209.0687999974,335365.0953599974
17,gpu_only,block_03_residual1,residual_add,GPU,335365.0953599974,335383.44255999743
14,gpu_only,block_04_norm2,layer_norm,GPU,335383.44255999743,335405.57215999736
8,gpu_only,block_07_ffn_island,fused_ffn_island,GPU,335405.57215999736,336618.7846399974
11,gpu_only,block_06_norm1,layer_norm,GPU,336618.7846399974,336640.9142399974
20,gpu_only,block_02_norm2,layer_norm,GPU,336640.9142399974,336663.0438399973
9,gpu_only,block_07_qkv,linear_qkv,GPU,336663.0438399973,337105.7763199973
26,gpu_only,block_01_qkv,linear_qkv,GPU,337105.7763199973,337548.50879999733
31,gpu_only,block_00_qkv,linear_qkv,GPU,337548.50879999733,337991.2412799973
6,gpu_only,block_09_attention,self_attention,GPU,337991.2412799973,338147.2678399973
22,gpu_only,block_02_qkv,linear_qkv,GPU,338147.2678399973,338590.0003199973
15,gpu_only,block_04_attention,self_attention,GPU,338590.0003199973,338746.02687999734
29,gpu_only,block_00_residual1,residual_add,GPU,338746.02687999734,338764.3740799973
32,gpu_only,block_00_norm1,layer_norm,GPU,338764.3740799973,338786.5036799973
13,gpu_only,block_05_qkv,linear_qkv,GPU,338786.5036799973,339229.2361599973
7,gpu_only,block_08_residual1,residual_add,GPU,339229.2361599973,339247.58335999725
25,gpu_only,block_01_proj,linear_projection,GPU,339247.58335999725,339399.82751999726
28,gpu_only,block_00_ffn_island,fused_ffn_island,GPU,339399.82751999726,340613.03999999724
23,gpu_only,block_01_residual2,residual_add,GPU,340613.03999999724,340631.38719999726
19,gpu_only,block_03_norm1,layer_norm,GPU,340631.38719999726,340653.51679999725
21,gpu_only,block_02_proj,linear_projection,GPU,340653.51679999725,340805.7609599972
10,gpu_only,block_06_residual1,residual_add,GPU,340805.7609599972,340824.1081599972
16,gpu_only,block_04_norm1,layer_norm,GPU,340824.1081599972,340846.2377599972
27,gpu_only,block_01_norm1,layer_norm,GPU,340846.2377599972,340868.3673599971
30,gpu_only,block_00_proj,linear_projection,GPU,340868.3673599971,341020.6115199971
12,gpu_only,block_05_residual1,residual_add,GPU,341020.6115199971,341038.95871999714
24,gpu_only,block_01_norm2,layer_norm,GPU,341038.95871999714,341061.08831999707
18,gpu_only,block_03_attention,self_attention,GPU,341061.08831999707,341217.1148799971
33,gpu_only,token_embedding,token_and_position_embedding,GPU,341217.1148799971,341235.4620799971
4,gpu_only,block_11_proj,linear_projection,GPU,341235.4620799971,341387.7062399971
5,gpu_only,block_10_proj,linear_projection,GPU,341387.7062399971,341539.95039999706
17,gpu_only,block_03_norm2,layer_norm,GPU,341539.95039999706,341562.07999999705
14,gpu_only,block_04_ffn_island,fused_ffn_island,GPU,341562.07999999705,342775.29247999704
8,gpu_only,block_07_residual2,residual_add,GPU,342775.29247999704,342793.63967999705
11,gpu_only,block_06_qkv,linear_qkv,GPU,342793.63967999705,343236.372159997
20,gpu_only,block_02_ffn_island,fused_ffn_island,GPU,343236.372159997,344449.58463999705
9,gpu_only,block_07_attention,self_attention,GPU,344449.58463999705,344605.6111999971
26,gpu_only,block_01_attention,self_attention,GPU,344605.6111999971,344761.6377599971
31,gpu_only,block_00_attention,self_attention,GPU,344761.6377599971,344917.6643199971
6,gpu_only,block_09_proj,linear_projection,GPU,344917.6643199971,345069.9084799971
22,gpu_only,block_02_attention,self_attention,GPU,345069.9084799971,345225.9350399971
15,gpu_only,block_04_proj,linear_projection,GPU,345225.9350399971,345378.1791999971
29,gpu_only,block_00_norm2,layer_norm,GPU,345378.1791999971,345400.30879999703
32,gpu_only,block_00_qkv,linear_qkv,GPU,345400.30879999703,345843.04127999704
13,gpu_only,block_05_attention,self_attention,GPU,345843.04127999704,345999.06783999706
7,gpu_only,block_08_norm2,layer_norm,GPU,345999.06783999706,346021.19743999705
25,gpu_only,block_01_residual1,residual_add,GPU,346021.19743999705,346039.544639997
34,gpu_only,patch_embedding,patch_embedding,GPU,346039.544639997,346191.051519997
28,gpu_only,block_00_residual2,residual_add,GPU,346191.051519997,346209.398719997
23,gpu_only,block_02_norm1,layer_norm,GPU,346209.398719997,346231.52831999696
19,gpu_only,block_03_qkv,linear_qkv,GPU,346231.52831999696,346674.26079999696
21,gpu_only,block_02_residual1,residual_add,GPU,346674.26079999696,346692.607999997
10,gpu_only,block_06_norm2,layer_norm,GPU,346692.607999997,346714.7375999969
16,gpu_only,block_04_qkv,linear_qkv,GPU,346714.7375999969,347157.4700799969
27,gpu_only,block_01_qkv,linear_qkv,GPU,347157.4700799969,347600.2025599969
30,gpu_only,block_00_residual1,residual_add,GPU,347600.2025599969,347618.5497599969
12,gpu_only,block_05_norm2,layer_norm,GPU,347618.5497599969,347640.67935999687
24,gpu_only,block_01_ffn_island,fused_ffn_island,GPU,347640.67935999687,348853.89183999685
18,gpu_only,block_03_proj,linear_projection,GPU,348853.89183999685,349006.13599999686
33,gpu_only,block_00_norm1,layer_norm,GPU,349006.13599999686,349028.26559999684
4,gpu_only,block_11_residual1,residual_add,GPU,349028.26559999684,349046.6127999968
5,gpu_only,block_10_residual1,residual_add,GPU,349046.6127999968,349064.9599999968
17,gpu_only,block_03_ffn_island,fused_ffn_island,GPU,349064.9599999968,350278.1724799968
14,gpu_only,block_04_residual2,residual_add,GPU,350278.1724799968,350296.5196799968
8,gpu_only,block_08_norm1,layer_norm,GPU,350296.5196799968,350318.6492799968
11,gpu_only,block_06_attention,self_attention,GPU,350318.6492799968,350474.6758399968
20,gpu_only,block_02_residual2,residual_add,GPU,350474.6758399968,350493.0230399968
9,gpu_only,block_07_proj,linear_projection,GPU,350493.0230399968,350645.2671999968
26,gpu_only,block_01_proj,linear_projection,GPU,350645.2671999968,350797.51135999674
31,gpu_only,block_00_proj,linear_projection,GPU,350797.51135999674,350949.75551999675
6,gpu_only,block_09_residual1,residual_add,GPU,350949.75551999675,350968.1027199967
22,gpu_only,block_02_proj,linear_projection,GPU,350968.1027199967,351120.3468799967
15,gpu_only,block_04_residual1,residual_add,GPU,351120.3468799967,351138.6940799967
29,gpu_only,block_00_ffn_island,fused_ffn_island,GPU,351138.6940799967,352351.9065599967
32,gpu_only,block_00_attention,self_attention,GPU,352351.9065599967,352507.93311999674
13,gpu_only,block_05_proj,linear_projection,GPU,352507.93311999674,352660.1772799967
7,gpu_only,block_08_ffn_island,fused_ffn_island,GPU,352660.1772799967,353873.38975999673
25,gpu_only,block_01_norm2,layer_norm,GPU,353873.38975999673,353895.5193599967
34,gpu_only,token_embedding,token_and_position_embedding,GPU,353895.5193599967,353913.8665599967
28,gpu_only,block_01_norm1,layer_norm,GPU,353913.8665599967,353935.99615999666
23,gpu_only,block_02_qkv,linear_qkv,GPU,353935.99615999666,354378.72863999667
19,gpu_only,block_03_attention,self_attention,GPU,354378.72863999667,354534.75519999664
21,gpu_only,block_02_norm2,layer_norm,GPU,354534.75519999664,354556.8847999966
10,gpu_only,block_06_ffn_island,fused_ffn_island,GPU,354556.8847999966,355770.09727999667
16,gpu_only,block_04_attention,self_attention,GPU,355770.09727999667,355926.12383999664
27,gpu_only,block_01_attention,self_attention,GPU,355926.12383999664,356082.15039999667
30,gpu_only,block_00_norm2,layer_norm,GPU,356082.15039999667,356104.27999999665
12,gpu_only,block_05_ffn_island,fused_ffn_island,GPU,356104.27999999665,357317.49247999664
24,gpu_only,block_01_residual2,residual_add,GPU,357317.49247999664,357335.83967999666
18,gpu_only,block_03_residual1,residual_add,GPU,357335.83967999666,357354.1868799967
33,gpu_only,block_00_qkv,linear_qkv,GPU,357354.1868799967,357796.9193599966
4,gpu_only,block_11_norm2,layer_norm,GPU,357796.9193599966,357819.0489599966
5,gpu_only,block_10_norm2,layer_norm,GPU,357819.0489599966,357841.1785599966
35,gpu_only,patch_embedding,patch_embedding,GPU,357841.1785599966,357992.6854399966
17,gpu_only,block_03_residual2,residual_add,GPU,357992.6854399966,358011.03263999656
14,gpu_only,block_05_norm1,layer_norm,GPU,358011.03263999656,358033.16223999654
8,gpu_only,block_08_qkv,linear_qkv,GPU,358033.16223999654,358475.89471999655
11,gpu_only,block_06_proj,linear_projection,GPU,358475.89471999655,358628.1388799965
20,gpu_only,block_03_norm1,layer_norm,GPU,358628.1388799965,358650.2684799965
9,gpu_only,block_07_residual1,residual_add,GPU,358650.2684799965,358668.6156799965
26,gpu_only,block_01_residual1,residual_add,GPU,358668.6156799965,358686.96287999646
31,gpu_only,block_00_residual1,residual_add,GPU,358686.96287999646,358705.3100799965
6,gpu_only,block_09_norm2,layer_norm,GPU,358705.3100799965,358727.4396799964
22,gpu_only,block_02_residual1,residual_add,GPU,358727.4396799964,358745.7868799964
15,gpu_only,block_04_norm2,layer_norm,GPU,358745.7868799964,358767.9164799964
29,gpu_only,block_00_residual2,residual_add,GPU,358767.9164799964,358786.26367999637
32,gpu_only,block_00_proj,linear_projection,GPU,358786.26367999637,358938.50783999637
13,gpu_only,block_05_residual1,residual_add,GPU,358938.50783999637,358956.8550399964
7,gpu_only,block_08_residual2,residual_add,GPU,358956.8550399964,358975.20223999635
25,gpu_only,block_01_ffn_island,fused_ffn_island,GPU,358975.20223999635,360188.41471999633
34,gpu_only,block_00_norm1,layer_norm,GPU,360188.41471999633,360210.5443199963
28,gpu_only,block_01_qkv,linear_qkv,GPU,360210.5443199963,360653.2767999963
23,gpu_only,block_02_attention,self_attention,GPU,360653.2767999963,360809.30335999635
19,gpu_only,block_03_proj,linear_projection,GPU,360809.30335999635,360961.5475199963
21,gpu_only,block_02_ffn_island,fused_ffn_island,GPU,360961.5475199963,362174.75999999634
10,gpu_only,block_06_residual2,residual_add,GPU,362174.75999999634,362193.1071999963
16,gpu_only,block_04_proj,linear_projection,GPU,362193.1071999963,362345.3513599963
27,gpu_only,block_01_proj,linear_projection,GPU,362345.3513599963,362497.59551999625
30,gpu_only,block_00_ffn_island,fused_ffn_island,GPU,362497.59551999625,363710.8079999963
12,gpu_only,block_05_residual2,residual_add,GPU,363710.8079999963,363729.15519999625
24,gpu_only,block_02_norm1,layer_norm,GPU,363729.15519999625,363751.28479999624
18,gpu_only,block_03_norm2,layer_norm,GPU,363751.28479999624,363773.4143999962
33,gpu_only,block_00_attention,self_attention,GPU,363773.4143999962,363929.44095999625
4,gpu_only,block_11_ffn_island,fused_ffn_island,GPU,363929.44095999625,365142.65343999624
5,gpu_only,block_10_ffn_island,fused_ffn_island,GPU,365142.65343999624,366355.8659199962
35,gpu_only,token_embedding,token_and_position_embedding,GPU,366355.8659199962,366374.21311999625
17,gpu_only,block_04_norm1,layer_norm,GPU,366374.21311999625,366396.34271999623
14,gpu_only,block_05_qkv,linear_qkv,GPU,366396.34271999623,366839.0751999962
8,gpu_only,block_08_attention,self_attention,GPU,366839.0751999962,366995.1017599962
11,gpu_only,block_06_residual1,residual_add,GPU,366995.1017599962,367013.4489599962
20,gpu_only,block_03_qkv,linear_qkv,GPU,367013.4489599962,367456.1814399962
9,gpu_only,block_07_norm2,layer_norm,GPU,367456.1814399962,367478.31103999616
26,gpu_only,block_01_norm2,layer_norm,GPU,367478.31103999616,367500.44063999614
31,gpu_only,block_00_norm2,layer_norm,GPU,367500.44063999614,367522.57023999613
6,gpu_only,block_09_ffn_island,fused_ffn_island,GPU,367522.57023999613,368735.7827199961
22,gpu_only,block_02_norm2,layer_norm,GPU,368735.7827199961,368757.9123199961
15,gpu_only,block_04_ffn_island,fused_ffn_island,GPU,368757.9123199961,369971.1247999961
29,gpu_only,block_01_norm1,layer_norm,GPU,369971.1247999961,369993.2543999961
32,gpu_only,block_00_residual1,residual_add,GPU,369993.2543999961,370011.6015999961
13,gpu_only,block_05_norm2,layer_norm,GPU,370011.6015999961,370033.7311999961
7,gpu_only,block_09_norm1,layer_norm,GPU,370033.7311999961,370055.860799996
36,gpu_only,patch_embedding,patch_embedding,GPU,370055.860799996,370207.367679996
25,gpu_only,block_01_residual2,residual_add,GPU,370207.367679996,370225.714879996
34,gpu_only,block_00_qkv,linear_qkv,GPU,370225.714879996,370668.447359996
28,gpu_only,block_01_attention,self_attention,GPU,370668.447359996,370824.473919996
23,gpu_only,block_02_proj,linear_projection,GPU,370824.473919996,370976.718079996
19,gpu_only,block_03_residual1,residual_add,GPU,370976.718079996,370995.06527999596
21,gpu_only,block_02_residual2,residual_add,GPU,370995.06527999596,371013.412479996
10,gpu_only,block_07_norm1,layer_norm,GPU,371013.412479996,371035.54207999597
16,gpu_only,block_04_residual1,residual_add,GPU,371035.54207999597,371053.8892799959
27,gpu_only,block_01_residual1,residual_add,GPU,371053.8892799959,371072.23647999595
30,gpu_only,block_00_residual2,residual_add,GPU,371072.23647999595,371090.5836799959
12,gpu_only,block_06_norm1,layer_norm,GPU,371090.5836799959,371112.7132799959
24,gpu_only,block_02_qkv,linear_qkv,GPU,371112.7132799959,371555.4457599959
18,gpu_only,block_03_ffn_island,fused_ffn_island,GPU,371555.4457599959,372768.6582399959
33,gpu_only,block_00_proj,linear_projection,GPU,372768.6582399959,372920.9023999959
4,gpu_only,block_11_residual2,residual_add,GPU,372920.9023999959,372939.24959999585
5,gpu_only,block_10_residual2,residual_add,GPU,372939.24959999585,372957.59679999587
35,gpu_only,block_00_norm1,layer_norm,GPU,372957.59679999587,372979.72639999585
17,gpu_only,block_04_qkv,linear_qkv,GPU,372979.72639999585,373422.4588799958
14,gpu_only,block_05_attention,self_attention,GPU,373422.4588799958,373578.4854399958
8,gpu_only,block_08_proj,linear_projection,GPU,373578.4854399958,373730.72959999583
11,gpu_only,block_06_norm2,layer_norm,GPU,373730.72959999583,373752.8591999958
20,gpu_only,block_03_attention,self_attention,GPU,373752.8591999958,373908.8857599958
9,gpu_only,block_07_ffn_island,fused_ffn_island,GPU,373908.8857599958,375122.09823999583
26,gpu_only,block_01_ffn_island,fused_ffn_island,GPU,375122.09823999583,376335.3107199958
31,gpu_only,block_00_ffn_island,fused_ffn_island,GPU,376335.3107199958,377548.5231999958
6,gpu_only,block_09_residual2,residual_add,GPU,377548.5231999958,377566.8703999958
22,gpu_only,block_02_ffn_island,fused_ffn_island,GPU,377566.8703999958,378780.0828799958
15,gpu_only,block_04_residual2,residual_add,GPU,378780.0828799958,378798.43007999583
29,gpu_only,block_01_qkv,linear_qkv,GPU,378798.43007999583,379241.1625599958
37,gpu_only,patch_embedding,patch_embedding,GPU,379241.1625599958,379392.6694399958
32,gpu_only,block_00_norm2,layer_norm,GPU,379392.6694399958,379414.79903999576
13,gpu_only,block_05_ffn_island,fused_ffn_island,GPU,379414.79903999576,380628.01151999575
7,gpu_only,block_09_qkv,linear_qkv,GPU,380628.01151999575,381070.74399999576
36,gpu_only,token_embedding,token_and_position_embedding,GPU,381070.74399999576,381089.0911999957
25,gpu_only,block_02_norm1,layer_norm,GPU,381089.0911999957,381111.2207999957
34,gpu_only,block_00_attention,self_attention,GPU,381111.2207999957,381267.24735999573
28,gpu_only,block_01_proj,linear_projection,GPU,381267.24735999573,381419.49151999573
23,gpu_only,block_02_residual1,residual_add,GPU,381419.49151999573,381437.8387199957
19,gpu_only,block_03_norm2,layer_norm,GPU,381437.8387199957,381459.9683199957
21,gpu_only,block_03_norm1,layer_norm,GPU,381459.9683199957,381482.09791999566
10,gpu_only,block_07_qkv,linear_qkv,GPU,381482.09791999566,381924.83039999567
16,gpu_only,block_04_norm2,layer_norm,GPU,381924.83039999567,381946.9599999956
27,gpu_only,block_01_norm2,layer_norm,GPU,381946.9599999956,381969.0895999956
30,gpu_only,block_01_norm1,layer_norm,GPU,381969.0895999956,381991.21919999557
12,gpu_only,block_06_qkv,linear_qkv,GPU,381991.21919999557,382433.9516799956
24,gpu_only,block_02_attention,self_attention,GPU,382433.9516799956,382589.9782399956
18,gpu_only,block_03_residual2,residual_add,GPU,382589.9782399956,382608.32543999556
33,gpu_only,block_00_residual1,residual_add,GPU,382608.32543999556,382626.6726399956
4,gpu_only,final_norm,layer_norm,GPU,382626.6726399956,382648.8022399955
5,gpu_only,block_11_norm1,layer_norm,GPU,382648.8022399955,382670.9318399955
35,gpu_only,block_00_qkv,linear_qkv,GPU,382670.9318399955,383113.6643199955
17,gpu_only,block_04_attention,self_attention,GPU,383113.6643199955,383269.6908799955
14,gpu_only,block_05_proj,linear_projection,GPU,383269.6908799955,383421.9350399955
8,gpu_only,block_08_residual1,residual_add,GPU,383421.9350399955,383440.2822399955
11,gpu_only,block_06_ffn_island,fused_ffn_island,GPU,383440.2822399955,384653.4947199955
20,gpu_only,block_03_proj,linear_projection,GPU,384653.4947199955,384805.7388799955
9,gpu_only,block_07_residual2,residual_add,GPU,384805.7388799955,384824.08607999544
26,gpu_only,block_01_residual2,residual_add,GPU,384824.08607999544,384842.43327999546
31,gpu_only,block_00_residual2,residual_add,GPU,384842.43327999546,384860.7804799954
6,gpu_only,block_10_norm1,layer_norm,GPU,384860.7804799954,384882.9100799954
22,gpu_only,block_02_residual2,residual_add,GPU,384882.9100799954,384901.2572799954
15,gpu_only,block_05_norm1,layer_norm,GPU,384901.2572799954,384923.3868799954
29,gpu_only,block_01_attention,self_attention,GPU,384923.3868799954,385079.41343999543
37,gpu_only,token_embedding,token_and_position_embedding,GPU,385079.41343999543,385097.7606399954
32,gpu_only,block_00_ffn_island,fused_ffn_island,GPU,385097.7606399954,386310.9731199954
38,gpu_only,patch_embedding,patch_embedding,GPU,386310.9731199954,386462.4799999954
13,gpu_only,block_05_residual2,residual_add,GPU,386462.4799999954,386480.8271999954
7,gpu_only,block_09_attention,self_attention,GPU,386480.8271999954,386636.8537599954
36,gpu_only,block_00_norm1,layer_norm,GPU,386636.8537599954,386658.98335999536
25,gpu_only,block_02_qkv,linear_qkv,GPU,386658.98335999536,387101.71583999536
34,gpu_only,block_00_proj,linear_projection,GPU,387101.71583999536,387253.95999999536
28,gpu_only,block_01_residual1,residual_add,GPU,387253.95999999536,387272.3071999953
23,gpu_only,block_02_norm2,layer_norm,GPU,387272.3071999953,387294.4367999953
19,gpu_only,block_03_ffn_island,fused_ffn_island,GPU,387294.4367999953,388507.6492799953
21,gpu_only,block_03_qkv,linear_qkv,GPU,388507.6492799953,388950.3817599953
10,gpu_only,block_07_attention,self_attention,GPU,388950.3817599953,389106.40831999533
16,gpu_only,block_04_ffn_island,fused_ffn_island,GPU,389106.40831999533,390319.6207999953
27,gpu_only,block_01_ffn_island,fused_ffn_island,GPU,390319.6207999953,391532.8332799953
30,gpu_only,block_01_qkv,linear_qkv,GPU,391532.8332799953,391975.5657599953
12,gpu_only,block_06_attention,self_attention,GPU,391975.5657599953,392131.59231999534
24,gpu_only,block_02_proj,linear_projection,GPU,392131.59231999534,392283.83647999534
18,gpu_only,block_04_norm1,layer_norm,GPU,392283.83647999534,392305.96607999527
33,gpu_only,block_00_norm2,layer_norm,GPU,392305.96607999527,392328.09567999525
4,gpu_only,class_token_select,class_token_select,GPU,392328.09567999525,392335.1340799953
5,gpu_only,block_11_qkv,linear_qkv,GPU,392335.1340799953,392777.8665599952
35,gpu_only,block_00_attention,self_attention,GPU,392777.8665599952,392933.89311999525
17,gpu_only,block_04_proj,linear_projection,GPU,392933.89311999525,393086.13727999525
14,gpu_only,block_05_residual1,residual_add,GPU,393086.13727999525,393104.48447999527
8,gpu_only,block_08_norm2,layer_norm,GPU,393104.48447999527,393126.6140799952
11,gpu_only,block_06_residual2,residual_add,GPU,393126.6140799952,393144.9612799952
20,gpu_only,block_03_residual1,residual_add,GPU,393144.9612799952,393163.3084799952
9,gpu_only,block_08_norm1,layer_norm,GPU,393163.3084799952,393185.43807999516
26,gpu_only,block_02_norm1,layer_norm,GPU,393185.43807999516,393207.56767999515
31,gpu_only,block_01_norm1,layer_norm,GPU,393207.56767999515,393229.69727999513
6,gpu_only,block_10_qkv,linear_qkv,GPU,393229.69727999513,393672.42975999514
22,gpu_only,block_03_norm1,layer_norm,GPU,393672.42975999514,393694.55935999507
15,gpu_only,block_05_qkv,linear_qkv,GPU,393694.55935999507,394137.2918399951
29,gpu_only,block_01_proj,linear_projection,GPU,394137.2918399951,394289.5359999951
37,gpu_only,block_00_norm1,layer_norm,GPU,394289.5359999951,394311.66559999506
32,gpu_only,block_00_residual2,residual_add,GPU,394311.66559999506,394330.012799995
38,gpu_only,token_embedding,token_and_position_embedding,GPU,394330.012799995,394348.35999999504
13,gpu_only,block_06_norm1,layer_norm,GPU,394348.35999999504,394370.48959999497
7,gpu_only,block_09_proj,linear_projection,GPU,394370.48959999497,394522.73375999497
36,gpu_only,block_00_qkv,linear_qkv,GPU,394522.73375999497,394965.466239995
25,gpu_only,block_02_attention,self_attention,GPU,394965.466239995,395121.492799995
34,gpu_only,block_00_residual1,residual_add,GPU,395121.492799995,395139.83999999496
28,gpu_only,block_01_norm2,layer_norm,GPU,395139.83999999496,395161.96959999495
23,gpu_only,block_02_ffn_island,fused_ffn_island,GPU,395161.96959999495,396375.18207999493
19,gpu_only,block_03_residual2,residual_add,GPU,396375.18207999493,396393.52927999495
21,gpu_only,block_03_attention,self_attention,GPU,396393.52927999495,396549.555839995
10,gpu_only,block_07_proj,linear_projection,GPU,396549.555839995,396701.7999999949
39,gpu_only,patch_embedding,patch_embedding,GPU,396701.7999999949,396853.3068799949
16,gpu_only,block_04_residual2,residual_add,GPU,396853.3068799949,396871.65407999494
27,gpu_only,block_01_residual2,residual_add,GPU,396871.65407999494,396890.0012799949
30,gpu_only,block_01_attention,self_attention,GPU,396890.0012799949,397046.02783999493
12,gpu_only,block_06_proj,linear_projection,GPU,397046.02783999493,397198.27199999493
24,gpu_only,block_02_residual1,residual_add,GPU,397198.27199999493,397216.6191999949
18,gpu_only,block_04_qkv,linear_qkv,GPU,397216.6191999949,397659.3516799949
33,gpu_only,block_00_ffn_island,fused_ffn_island,GPU,397659.3516799949,398872.5641599949
4,gpu_only,classifier,linear_classifier,GPU,398872.5641599949,398880.52415999485
5,gpu_only,block_11_attention,self_attention,GPU,398880.52415999485,399036.5507199949
35,gpu_only,block_00_proj,linear_projection,GPU,399036.5507199949,399188.7948799949
17,gpu_only,block_04_residual1,residual_add,GPU,399188.7948799949,399207.14207999484
14,gpu_only,block_05_norm2,layer_norm,GPU,399207.14207999484,399229.2716799948
8,gpu_only,block_08_ffn_island,fused_ffn_island,GPU,399229.2716799948,400442.4841599948
11,gpu_only,block_07_norm1,layer_norm,GPU,400442.4841599948,400464.6137599948
20,gpu_only,block_03_norm2,layer_norm,GPU,400464.6137599948,400486.7433599948
9,gpu_only,block_08_qkv,linear_qkv,GPU,400486.7433599948,400929.4758399948
26,gpu_only,block_02_qkv,linear_qkv,GPU,400929.4758399948,401372.20831999474
31,gpu_only,block_01_qkv,linear_qkv,GPU,401372.20831999474,401814.94079999474
6,gpu_only,block_10_attention,self_attention,GPU,401814.94079999474,401970.9673599948
22,gpu_only,block_03_qkv,linear_qkv,GPU,401970.9673599948,402413.6998399948
15,gpu_only,block_05_attention,self_attention,GPU,402413.6998399948,402569.7263999948
29,gpu_only,block_01_residual1,residual_add,GPU,402569.7263999948,402588.07359999476
37,gpu_only,block_00_qkv,linear_qkv,GPU,402588.07359999476,403030.80607999477
32,gpu_only,block_01_norm1,layer_norm,GPU,403030.80607999477,403052.93567999476
38,gpu_only,block_00_norm1,layer_norm,GPU,403052.93567999476,403075.0652799947
13,gpu_only,block_06_qkv,linear_qkv,GPU,403075.0652799947,403517.7977599947
7,gpu_only,block_09_residual1,residual_add,GPU,403517.7977599947,403536.1449599947
36,gpu_only,block_00_attention,self_attention,GPU,403536.1449599947,403692.1715199947
25,gpu_only,block_02_proj,linear_projection,GPU,403692.1715199947,403844.4156799947
34,gpu_only,block_00_norm2,layer_norm,GPU,403844.4156799947,403866.54527999467
28,gpu_only,block_01_ffn_island,fused_ffn_island,GPU,403866.54527999467,405079.75775999465
23,gpu_only,block_02_residual2,residual_add,GPU,405079.75775999465,405098.1049599947
19,gpu_only,block_04_norm1,layer_norm,GPU,405098.1049599947,405120.23455999466
21,gpu_only,block_03_proj,linear_projection,GPU,405120.23455999466,405272.4787199946
10,gpu_only,block_07_residual1,residual_add,GPU,405272.4787199946,405290.8259199946
39,gpu_only,token_embedding,token_and_position_embedding,GPU,405290.8259199946,405309.1731199946
16,gpu_only,block_05_norm1,layer_norm,GPU,405309.1731199946,405331.30271999456
27,gpu_only,block_02_norm1,layer_norm,GPU,405331.30271999456,405353.43231999455
30,gpu_only,block_01_proj,linear_projection,GPU,405353.43231999455,405505.67647999455
12,gpu_only,block_06_residual1,residual_add,GPU,405505.67647999455,405524.0236799945
24,gpu_only,block_02_norm2,layer_norm,GPU,405524.0236799945,405546.1532799945
18,gpu_only,block_04_attention,self_attention,GPU,405546.1532799945,405702.1798399945
33,gpu_only,block_00_residual2,residual_add,GPU,405702.1798399945,405720.5270399945
5,gpu_only,block_11_proj,linear_projection,GPU,405720.5270399945,405872.7711999945
35,gpu_only,block_00_residual1,residual_add,GPU,405872.7711999945,405891.1183999945
17,gpu_only,block_04_norm2,layer_norm,GPU,405891.1183999945,405913.24799999443
14,gpu_only,block_05_ffn_island,fused_ffn_island,GPU,405913.24799999443,407126.4604799945
40,gpu_only,patch_embedding,patch_embedding,GPU,407126.4604799945,407277.9673599944
8,gpu_only,block_08_residual2,residual_add,GPU,407277.9673599944,407296.31455999444
11,gpu_only,block_07_qkv,linear_qkv,GPU,407296.31455999444,407739.04703999445
20,gpu_only,block_03_ffn_island,fused_ffn_island,GPU,407739.04703999445,408952.25951999443
9,gpu_only,block_08_attention,self_attention,GPU,408952.25951999443,409108.28607999446
26,gpu_only,block_02_attention,self_attention,GPU,409108.28607999446,409264.3126399945
31,gpu_only,block_01_attention,self_attention,GPU,409264.3126399945,409420.3391999945
6,gpu_only,block_10_proj,linear_projection,GPU,409420.3391999945,409572.58335999446
22,gpu_only,block_03_attention,self_attention,GPU,409572.58335999446,409728.6099199945
15,gpu_only,block_05_proj,linear_projection,GPU,409728.6099199945,409880.8540799945
29,gpu_only,block_01_norm2,layer_norm,GPU,409880.8540799945,409902.9836799945
37,gpu_only,block_00_attention,self_attention,GPU,409902.9836799945,410059.01023999444
32,gpu_only,block_01_qkv,linear_qkv,GPU,410059.01023999444,410501.74271999445
38,gpu_only,block_00_qkv,linear_qkv,GPU,410501.74271999445,410944.47519999446
13,gpu_only,block_06_attention,self_attention,GPU,410944.47519999446,411100.5017599945
7,gpu_only,block_09_norm2,layer_norm,GPU,411100.5017599945,411122.6313599944
36,gpu_only,block_00_proj,linear_projection,GPU,411122.6313599944,411274.8755199944
25,gpu_only,block_02_residual1,residual_add,GPU,411274.8755199944,411293.22271999443
34,gpu_only,block_00_ffn_island,fused_ffn_island,GPU,411293.22271999443,412506.4351999944
28,gpu_only,block_01_residual2,residual_add,GPU,412506.4351999944,412524.7823999944
23,gpu_only,block_03_norm1,layer_norm,GPU,412524.7823999944,412546.91199999437
19,gpu_only,block_04_qkv,linear_qkv,GPU,412546.91199999437,412989.6444799944
21,gpu_only,block_03_residual1,residual_add,GPU,412989.6444799944,413007.99167999433
10,gpu_only,block_07_norm2,layer_norm,GPU,413007.99167999433,413030.1212799943
39,gpu_only,block_00_norm1,layer_norm,GPU,413030.1212799943,413052.2508799943
16,gpu_only,block_05_qkv,linear_qkv,GPU,413052.2508799943,413494.9833599943
27,gpu_only,block_02_qkv,linear_qkv,GPU,413494.9833599943,413937.71583999426
30,gpu_only,block_01_residual1,residual_add,GPU,413937.71583999426,413956.0630399943
12,gpu_only,block_06_norm2,layer_norm,GPU,413956.0630399943,413978.19263999426
24,gpu_only,block_02_ffn_island,fused_ffn_island,GPU,413978.19263999426,415191.40511999425
18,gpu_only,block_04_proj,linear_projection,GPU,415191.40511999425,415343.64927999425
33,gpu_only,block_01_norm1,layer_norm,GPU,415343.64927999425,415365.77887999424
5,gpu_only,block_11_residual1,residual_add,GPU,415365.77887999424,415384.1260799942
35,gpu_only,block_00_norm2,layer_norm,GPU,415384.1260799942,415406.2556799942
17,gpu_only,block_04_ffn_island,fused_ffn_island,GPU,415406.2556799942,416619.46815999417
14,gpu_only,block_05_residual2,residual_add,GPU,416619.46815999417,416637.8153599942
40,gpu_only,token_embedding,token_and_position_embedding,GPU,416637.8153599942,416656.16255999415
8,gpu_only,block_09_norm1,layer_norm,GPU,416656.16255999415,416678.29215999413
11,gpu_only,block_07_attention,self_attention,GPU,416678.29215999413,416834.31871999416
20,gpu_only,block_03_residual2,residual_add,GPU,416834.31871999416,416852.6659199941
9,gpu_only,block_08_proj,linear_projection,GPU,416852.6659199941,417004.9100799941
26,gpu_only,block_02_proj,linear_projection,GPU,417004.9100799941,417157.1542399941
31,gpu_only,block_01_proj,linear_projection,GPU,417157.1542399941,417309.39839999407
6,gpu_only,block_10_residual1,residual_add,GPU,417309.39839999407,417327.7455999941
22,gpu_only,block_03_proj,linear_projection,GPU,417327.7455999941,417479.9897599941
15,gpu_only,block_05_residual1,residual_add,GPU,417479.9897599941,417498.33695999405
29,gpu_only,block_01_ffn_island,fused_ffn_island,GPU,417498.33695999405,418711.54943999404
41,gpu_only,patch_embedding,patch_embedding,GPU,418711.54943999404,418863.05631999404
37,gpu_only,block_00_proj,linear_projection,GPU,418863.05631999404,419015.30047999404
32,gpu_only,block_01_attention,self_attention,GPU,419015.30047999404,419171.32703999407
38,gpu_only,block_00_attention,self_attention,GPU,419171.32703999407,419327.3535999941
13,gpu_only,block_06_proj,linear_projection,GPU,419327.3535999941,419479.59775999404
7,gpu_only,block_09_ffn_island,fused_ffn_island,GPU,419479.59775999404,420692.810239994
36,gpu_only,block_00_residual1,residual_add,GPU,420692.810239994,420711.15743999404
25,gpu_only,block_02_norm2,layer_norm,GPU,420711.15743999404,420733.28703999403
34,gpu_only,block_00_residual2,residual_add,GPU,420733.28703999403,420751.634239994
28,gpu_only,block_02_norm1,layer_norm,GPU,420751.634239994,420773.763839994
23,gpu_only,block_03_qkv,linear_qkv,GPU,420773.763839994,421216.496319994
19,gpu_only,block_04_attention,self_attention,GPU,421216.496319994,421372.522879994
21,gpu_only,block_03_norm2,layer_norm,GPU,421372.522879994,421394.652479994
10,gpu_only,block_07_ffn_island,fused_ffn_island,GPU,421394.652479994,422607.864959994
39,gpu_only,block_00_qkv,linear_qkv,GPU,422607.864959994,423050.59743999393
16,gpu_only,block_05_attention,self_attention,GPU,423050.59743999393,423206.62399999396
27,gpu_only,block_02_attention,self_attention,GPU,423206.62399999396,423362.650559994
30,gpu_only,block_01_norm2,layer_norm,GPU,423362.650559994,423384.78015999397
12,gpu_only,block_06_ffn_island,fused_ffn_island,GPU,423384.78015999397,424597.99263999396
24,gpu_only,block_02_residual2,residual_add,GPU,424597.99263999396,424616.339839994
18,gpu_only,block_04_residual1,residual_add,GPU,424616.339839994,424634.68703999394
33,gpu_only,block_01_qkv,linear_qkv,GPU,424634.68703999394,425077.41951999394
5,gpu_only,block_11_norm2,layer_norm,GPU,425077.41951999394,425099.5491199939
35,gpu_only,block_00_ffn_island,fused_ffn_island,GPU,425099.5491199939,426312.7615999939
17,gpu_only,block_04_residual2,residual_add,GPU,426312.7615999939,426331.10879999393
14,gpu_only,block_06_norm1,layer_norm,GPU,426331.10879999393,426353.2383999939
40,gpu_only,block_00_norm1,layer_norm,GPU,426353.2383999939,426375.36799999385
8,gpu_only,block_09_qkv,linear_qkv,GPU,426375.36799999385,426818.10047999385
11,gpu_only,block_07_proj,linear_projection,GPU,426818.10047999385,426970.34463999385
20,gpu_only,block_04_norm1,layer_norm,GPU,426970.34463999385,426992.47423999384
9,gpu_only,block_08_residual1,residual_add,GPU,426992.47423999384,427010.8214399938
26,gpu_only,block_02_residual1,residual_add,GPU,427010.8214399938,427029.1686399938
31,gpu_only,block_01_residual1,residual_add,GPU,427029.1686399938,427047.5158399938
6,gpu_only,block_10_norm2,layer_norm,GPU,427047.5158399938,427069.64543999376
22,gpu_only,block_03_residual1,residual_add,GPU,427069.64543999376,427087.9926399937
15,gpu_only,block_05_norm2,layer_norm,GPU,427087.9926399937,427110.1222399937
29,gpu_only,block_01_residual2,residual_add,GPU,427110.1222399937,427128.4694399937
41,gpu_only,token_embedding,token_and_position_embedding,GPU,427128.4694399937,427146.8166399937
37,gpu_only,block_00_residual1,residual_add,GPU,427146.8166399937,427165.1638399937
32,gpu_only,block_01_proj,linear_projection,GPU,427165.1638399937,427317.4079999937
38,gpu_only,block_00_proj,linear_projection,GPU,427317.4079999937,427469.65215999365
13,gpu_only,block_06_residual1,residual_add,GPU,427469.65215999365,427487.9993599937
42,gpu_only,patch_embedding,patch_embedding,GPU,427487.9993599937,427639.5062399936
7,gpu_only,block_09_residual2,residual_add,GPU,427639.5062399936,427657.85343999363
36,gpu_only,block_00_norm2,layer_norm,GPU,427657.85343999363,427679.9830399936
25,gpu_only,block_02_ffn_island,fused_ffn_island,GPU,427679.9830399936,428893.1955199936
34,gpu_only,block_01_norm1,layer_norm,GPU,428893.1955199936,428915.3251199936
28,gpu_only,block_02_qkv,linear_qkv,GPU,428915.3251199936,429358.0575999936
23,gpu_only,block_03_attention,self_attention,GPU,429358.0575999936,429514.08415999357
19,gpu_only,block_04_proj,linear_projection,GPU,429514.08415999357,429666.32831999357
21,gpu_only,block_03_ffn_island,fused_ffn_island,GPU,429666.32831999357,430879.54079999356
10,gpu_only,block_07_residual2,residual_add,GPU,430879.54079999356,430897.8879999936
39,gpu_only,block_00_attention,self_attention,GPU,430897.8879999936,431053.9145599936
16,gpu_only,block_05_proj,linear_projection,GPU,431053.9145599936,431206.15871999355
27,gpu_only,block_02_proj,linear_projection,GPU,431206.15871999355,431358.40287999355
30,gpu_only,block_01_ffn_island,fused_ffn_island,GPU,431358.40287999355,432571.61535999354
12,gpu_only,block_06_residual2,residual_add,GPU,432571.61535999354,432589.96255999355
24,gpu_only,block_03_norm1,layer_norm,GPU,432589.96255999355,432612.09215999354
18,gpu_only,block_04_norm2,layer_norm,GPU,432612.09215999354,432634.2217599935
33,gpu_only,block_01_attention,self_attention,GPU,432634.2217599935,432790.2483199935
5,gpu_only,block_11_ffn_island,fused_ffn_island,GPU,432790.2483199935,434003.46079999354
35,gpu_only,block_00_residual2,residual_add,GPU,434003.46079999354,434021.8079999935
17,gpu_only,block_05_norm1,layer_norm,GPU,434021.8079999935,434043.9375999935
14,gpu_only,block_06_qkv,linear_qkv,GPU,434043.9375999935,434486.6700799935
40,gpu_only,block_00_qkv,linear_qkv,GPU,434486.6700799935,434929.40255999344
8,gpu_only,block_09_attention,self_attention,GPU,434929.40255999344,435085.42911999347
11,gpu_only,block_07_residual1,residual_add,GPU,435085.42911999347,435103.7763199935
20,gpu_only,block_04_qkv,linear_qkv,GPU,435103.7763199935,435546.50879999343
9,gpu_only,block_08_norm2,layer_norm,GPU,435546.50879999343,435568.6383999934
26,gpu_only,block_02_norm2,layer_norm,GPU,435568.6383999934,435590.7679999934
31,gpu_only,block_01_norm2,layer_norm,GPU,435590.7679999934,435612.8975999934
6,gpu_only,block_10_ffn_island,fused_ffn_island,GPU,435612.8975999934,436826.1100799934
22,gpu_only,block_03_norm2,layer_norm,GPU,436826.1100799934,436848.23967999336
15,gpu_only,block_05_ffn_island,fused_ffn_island,GPU,436848.23967999336,438061.45215999335
29,gpu_only,block_02_norm1,layer_norm,GPU,438061.45215999335,438083.58175999334
41,gpu_only,block_00_norm1,layer_norm,GPU,438083.58175999334,438105.7113599933
37,gpu_only,block_00_norm2,layer_norm,GPU,438105.7113599933,438127.8409599933
32,gpu_only,block_01_residual1,residual_add,GPU,438127.8409599933,438146.18815999327
38,gpu_only,block_00_residual1,residual_add,GPU,438146.18815999327,438164.5353599933
13,gpu_only,block_06_norm2,layer_norm,GPU,438164.5353599933,438186.6649599933
42,gpu_only,token_embedding,token_and_position_embedding,GPU,438186.6649599933,438205.01215999323
7,gpu_only,block_10_norm1,layer_norm,GPU,438205.01215999323,438227.1417599932
36,gpu_only,block_00_ffn_island,fused_ffn_island,GPU,438227.1417599932,439440.3542399932
25,gpu_only,block_02_residual2,residual_add,GPU,439440.3542399932,439458.7014399932
34,gpu_only,block_01_qkv,linear_qkv,GPU,439458.7014399932,439901.43391999323
28,gpu_only,block_02_attention,self_attention,GPU,439901.43391999323,440057.4604799932
23,gpu_only,block_03_proj,linear_projection,GPU,440057.4604799932,440209.7046399932
19,gpu_only,block_04_residual1,residual_add,GPU,440209.7046399932,440228.0518399932
43,gpu_only,patch_embedding,patch_embedding,GPU,440228.0518399932,440379.55871999316
21,gpu_only,block_03_residual2,residual_add,GPU,440379.55871999316,440397.9059199932
10,gpu_only,block_08_norm1,layer_norm,GPU,440397.9059199932,440420.03551999317
39,gpu_only,block_00_proj,linear_projection,GPU,440420.03551999317,440572.2796799931
16,gpu_only,block_05_residual1,residual_add,GPU,440572.2796799931,440590.6268799931
27,gpu_only,block_02_residual1,residual_add,GPU,440590.6268799931,440608.9740799931
30,gpu_only,block_01_residual2,residual_add,GPU,440608.9740799931,440627.3212799931
12,gpu_only,block_07_norm1,layer_norm,GPU,440627.3212799931,440649.4508799931
24,gpu_only,block_03_qkv,linear_qkv,GPU,440649.4508799931,441092.18335999304
18,gpu_only,block_04_ffn_island,fused_ffn_island,GPU,441092.18335999304,442305.3958399931
33,gpu_only,block_01_proj,linear_projection,GPU,442305.3958399931,442457.639999993
5,gpu_only,block_11_residual2,residual_add,GPU,442457.639999993,442475.98719999305
35,gpu_only,block_01_norm1,layer_norm,GPU,442475.98719999305,442498.11679999303
17,gpu_only,block_05_qkv,linear_qkv,GPU,442498.11679999303,442940.849279993
14,gpu_only,block_06_attention,self_attention,GPU,442940.849279993,443096.875839993
40,gpu_only,block_00_attention,self_attention,GPU,443096.875839993,443252.90239999304
8,gpu_only,block_09_proj,linear_projection,GPU,443252.90239999304,443405.14655999304
11,gpu_only,block_07_norm2,layer_norm,GPU,443405.14655999304,443427.276159993
20,gpu_only,block_04_attention,self_attention,GPU,443427.276159993,443583.30271999305
9,gpu_only,block_08_ffn_island,fused_ffn_island,GPU,443583.30271999305,444796.51519999304
26,gpu_only,block_02_ffn_island,fused_ffn_island,GPU,444796.51519999304,446009.727679993
31,gpu_only,block_01_ffn_island,fused_ffn_island,GPU,446009.727679993,447222.940159993
6,gpu_only,block_10_residual2,residual_add,GPU,447222.940159993,447241.28735999303
22,gpu_only,block_03_ffn_island,fused_ffn_island,GPU,447241.28735999303,448454.499839993
15,gpu_only,block_05_residual2,residual_add,GPU,448454.499839993,448472.84703999304
29,gpu_only,block_02_qkv,linear_qkv,GPU,448472.84703999304,448915.579519993
41,gpu_only,block_00_qkv,linear_qkv,GPU,448915.579519993,449358.311999993
37,gpu_only,block_00_ffn_island,fused_ffn_island,GPU,449358.311999993,450571.524479993
32,gpu_only,block_01_norm2,layer_norm,GPU,450571.524479993,450593.65407999296
38,gpu_only,block_00_norm2,layer_norm,GPU,450593.65407999296,450615.78367999295
13,gpu_only,block_06_ffn_island,fused_ffn_island,GPU,450615.78367999295,451828.99615999294
42,gpu_only,block_00_norm1,layer_norm,GPU,451828.99615999294,451851.1257599929
7,gpu_only,block_10_qkv,linear_qkv,GPU,451851.1257599929,452293.85823999293
36,gpu_only,block_00_residual2,residual_add,GPU,452293.85823999293,452312.2054399929
25,gpu_only,block_03_norm1,layer_norm,GPU,452312.2054399929,452334.3350399929
34,gpu_only,block_01_attention,self_attention,GPU,452334.3350399929,452490.3615999929
44,gpu_only,patch_embedding,patch_embedding,GPU,452490.3615999929,452641.8684799929
28,gpu_only,block_02_proj,linear_projection,GPU,452641.8684799929,452794.11263999285
23,gpu_only,block_03_residual1,residual_add,GPU,452794.11263999285,452812.45983999287
19,gpu_only,block_04_norm2,layer_norm,GPU,452812.45983999287,452834.58943999285
43,gpu_only,token_embedding,token_and_position_embedding,GPU,452834.58943999285,452852.9366399928
21,gpu_only,block_04_norm1,layer_norm,GPU,452852.9366399928,452875.0662399928
10,gpu_only,block_08_qkv,linear_qkv,GPU,452875.0662399928,453317.7987199928
39,gpu_only,block_00_residual1,residual_add,GPU,453317.7987199928,453336.14591999276
16,gpu_only,block_05_norm2,layer_norm,GPU,453336.14591999276,453358.27551999275
27,gpu_only,block_02_norm2,layer_norm,GPU,453358.27551999275,453380.40511999273
30,gpu_only,block_02_norm1,layer_norm,GPU,453380.40511999273,453402.5347199927
12,gpu_only,block_07_qkv,linear_qkv,GPU,453402.5347199927,453845.26719999267
24,gpu_only,block_03_attention,self_attention,GPU,453845.26719999267,454001.2937599927
18,gpu_only,block_04_residual2,residual_add,GPU,454001.2937599927,454019.6409599927
33,gpu_only,block_01_residual1,residual_add,GPU,454019.6409599927,454037.9881599927
5,gpu_only,final_norm,layer_norm,GPU,454037.9881599927,454060.11775999266
35,gpu_only,block_01_qkv,linear_qkv,GPU,454060.11775999266,454502.85023999267
17,gpu_only,block_05_attention,self_attention,GPU,454502.85023999267,454658.8767999927
14,gpu_only,block_06_proj,linear_projection,GPU,454658.8767999927,454811.12095999264
40,gpu_only,block_00_proj,linear_projection,GPU,454811.12095999264,454963.36511999264
8,gpu_only,block_09_residual1,residual_add,GPU,454963.36511999264,454981.7123199926
11,gpu_only,block_07_ffn_island,fused_ffn_island,GPU,454981.7123199926,456194.92479999264
20,gpu_only,block_04_proj,linear_projection,GPU,456194.92479999264,456347.1689599926
9,gpu_only,block_08_residual2,residual_add,GPU,456347.1689599926,456365.5161599926
26,gpu_only,block_02_residual2,residual_add,GPU,456365.5161599926,456383.86335999257
31,gpu_only,block_01_residual2,residual_add,GPU,456383.86335999257,456402.2105599926
6,gpu_only,block_11_norm1,layer_norm,GPU,456402.2105599926,456424.3401599926
22,gpu_only,block_03_residual2,residual_add,GPU,456424.3401599926,456442.68735999253
15,gpu_only,block_06_norm1,layer_norm,GPU,456442.68735999253,456464.8169599925
29,gpu_only,block_02_attention,self_attention,GPU,456464.8169599925,456620.84351999254
41,gpu_only,block_00_attention,self_attention,GPU,456620.84351999254,456776.8700799926
45,gpu_only,patch_embedding,patch_embedding,GPU,456776.8700799926,456928.3769599926
37,gpu_only,block_00_residual2,residual_add,GPU,456928.3769599926,456946.72415999253
32,gpu_only,block_01_ffn_island,fused_ffn_island,GPU,456946.72415999253,458159.9366399925
38,gpu_only,block_00_ffn_island,fused_ffn_island,GPU,458159.9366399925,459373.14911999257
13,gpu_only,block_06_residual2,residual_add,GPU,459373.14911999257,459391.4963199925
42,gpu_only,block_00_qkv,linear_qkv,GPU,459391.4963199925,459834.22879999253
7,gpu_only,block_10_attention,self_attention,GPU,459834.22879999253,459990.25535999256
36,gpu_only,block_01_norm1,layer_norm,GPU,459990.25535999256,460012.38495999255
25,gpu_only,block_03_qkv,linear_qkv,GPU,460012.38495999255,460455.1174399925
34,gpu_only,block_01_proj,linear_projection,GPU,460455.1174399925,460607.3615999925
44,gpu_only,token_embedding,token_and_position_embedding,GPU,460607.3615999925,460625.70879999246
28,gpu_only,block_02_residual1,residual_add,GPU,460625.70879999246,460644.0559999925
23,gpu_only,block_03_norm2,layer_norm,GPU,460644.0559999925,460666.18559999246
19,gpu_only,block_04_ffn_island,fused_ffn_island,GPU,460666.18559999246,461879.39807999245
43,gpu_only,block_00_norm1,layer_norm,GPU,461879.39807999245,461901.52767999243
21,gpu_only,block_04_qkv,linear_qkv,GPU,461901.52767999243,462344.26015999244
10,gpu_only,block_08_attention,self_attention,GPU,462344.26015999244,462500.28671999247
39,gpu_only,block_00_norm2,layer_norm,GPU,462500.28671999247,462522.4163199924
16,gpu_only,block_05_ffn_island,fused_ffn_island,GPU,462522.4163199924,463735.62879999244
27,gpu_only,block_02_ffn_island,fused_ffn_island,GPU,463735.62879999244,464948.8412799924
30,gpu_only,block_02_qkv,linear_qkv,GPU,464948.8412799924,465391.57375999243
12,gpu_only,block_07_attention,self_attention,GPU,465391.57375999243,465547.6003199924
24,gpu_only,block_03_proj,linear_projection,GPU,465547.6003199924,465699.8444799924
18,gpu_only,block_05_norm1,layer_norm,GPU,465699.8444799924,465721.9740799924
33,gpu_only,block_01_norm2,layer_norm,GPU,465721.9740799924,465744.1036799924
5,gpu_only,class_token_select,class_token_select,GPU,465744.1036799924,465751.14207999234
35,gpu_only,block_01_attention,self_attention,GPU,465751.14207999234,465907.16863999236
17,gpu_only,block_05_proj,linear_projection,GPU,465907.16863999236,466059.41279999237
14,gpu_only,block_06_residual1,residual_add,GPU,466059.41279999237,466077.7599999923
40,gpu_only,block_00_residual1,residual_add,GPU,466077.7599999923,466096.10719999234
8,gpu_only,block_09_norm2,layer_norm,GPU,466096.10719999234,466118.23679999233
11,gpu_only,block_07_residual2,residual_add,GPU,466118.23679999233,466136.5839999923
20,gpu_only,block_04_residual1,residual_add,GPU,466136.5839999923,466154.9311999923
9,gpu_only,block_09_norm1,layer_norm,GPU,466154.9311999923,466177.0607999923
26,gpu_only,block_03_norm1,layer_norm,GPU,466177.0607999923,466199.1903999922
31,gpu_only,block_02_norm1,layer_norm,GPU,466199.1903999922,466221.3199999922
6,gpu_only,block_11_qkv,linear_qkv,GPU,466221.3199999922,466664.0524799922
22,gpu_only,block_04_norm1,layer_norm,GPU,466664.0524799922,466686.1820799922
15,gpu_only,block_06_qkv,linear_qkv,GPU,466686.1820799922,467128.91455999215
29,gpu_only,block_02_proj,linear_projection,GPU,467128.91455999215,467281.15871999215
41,gpu_only,block_00_proj,linear_projection,GPU,467281.15871999215,467433.40287999215
45,gpu_only,token_embedding,token_and_position_embedding,GPU,467433.40287999215,467451.7500799921
37,gpu_only,block_01_norm1,layer_norm,GPU,467451.7500799921,467473.8796799921
32,gpu_only,block_01_residual2,residual_add,GPU,467473.8796799921,467492.2268799921
38,gpu_only,block_00_residual2,residual_add,GPU,467492.2268799921,467510.5740799921
13,gpu_only,block_07_norm1,layer_norm,GPU,467510.5740799921,467532.70367999206
42,gpu_only,block_00_attention,self_attention,GPU,467532.70367999206,467688.7302399921
7,gpu_only,block_10_proj,linear_projection,GPU,467688.7302399921,467840.97439999203
46,gpu_only,patch_embedding,patch_embedding,GPU,467840.97439999203,467992.48127999203
36,gpu_only,block_01_qkv,linear_qkv,GPU,467992.48127999203,468435.21375999204
25,gpu_only,block_03_attention,self_attention,GPU,468435.21375999204,468591.24031999207
34,gpu_only,block_01_residual1,residual_add,GPU,468591.24031999207,468609.587519992
44,gpu_only,block_00_norm1,layer_norm,GPU,468609.587519992,468631.717119992
28,gpu_only,block_02_norm2,layer_norm,GPU,468631.717119992,468653.846719992
23,gpu_only,block_03_ffn_island,fused_ffn_island,GPU,468653.846719992,469867.059199992
19,gpu_only,block_04_residual2,residual_add,GPU,469867.059199992,469885.406399992
43,gpu_only,block_00_qkv,linear_qkv,GPU,469885.406399992,470328.13887999195
21,gpu_only,block_04_attention,self_attention,GPU,470328.13887999195,470484.165439992
10,gpu_only,block_08_proj,linear_projection,GPU,470484.165439992,470636.409599992
39,gpu_only,block_00_ffn_island,fused_ffn_island,GPU,470636.409599992,471849.62207999197
16,gpu_only,block_05_residual2,residual_add,GPU,471849.62207999197,471867.969279992
27,gpu_only,block_02_residual2,residual_add,GPU,471867.969279992,471886.31647999195
30,gpu_only,block_02_attention,self_attention,GPU,471886.31647999195,472042.343039992
12,gpu_only,block_07_proj,linear_projection,GPU,472042.343039992,472194.587199992
24,gpu_only,block_03_residual1,residual_add,GPU,472194.587199992,472212.93439999194
18,gpu_only,block_05_qkv,linear_qkv,GPU,472212.93439999194,472655.66687999194
33,gpu_only,block_01_ffn_island,fused_ffn_island,GPU,472655.66687999194,473868.87935999193
5,gpu_only,classifier,linear_classifier,GPU,473868.87935999193,473876.8393599919
35,gpu_only,block_01_proj,linear_projection,GPU,473876.8393599919,474029.0835199919
17,gpu_only,block_05_residual1,residual_add,GPU,474029.0835199919,474047.4307199919
14,gpu_only,block_06_norm2,layer_norm,GPU,474047.4307199919,474069.56031999184
40,gpu_only,block_00_norm2,layer_norm,GPU,474069.56031999184,474091.6899199918
8,gpu_only,block_09_ffn_island,fused_ffn_island,GPU,474091.6899199918,475304.9023999919
11,gpu_only,block_08_norm1,layer_norm,GPU,475304.9023999919,475327.0319999918
20,gpu_only,block_04_norm2,layer_norm,GPU,475327.0319999918,475349.1615999918
9,gpu_only,block_09_qkv,linear_qkv,GPU,475349.1615999918,475791.8940799918
26,gpu_only,block_03_qkv,linear_qkv,GPU,475791.8940799918,476234.6265599918
31,gpu_only,block_02_qkv,linear_qkv,GPU,476234.6265599918,476677.35903999174
6,gpu_only,block_11_attention,self_attention,GPU,476677.35903999174,476833.3855999918
22,gpu_only,block_04_qkv,linear_qkv,GPU,476833.3855999918,477276.1180799918
15,gpu_only,block_06_attention,self_attention,GPU,477276.1180799918,477432.1446399918
29,gpu_only,block_02_residual1,residual_add,GPU,477432.1446399918,477450.49183999177
41,gpu_only,block_00_residual1,residual_add,GPU,477450.49183999177,477468.8390399918
45,gpu_only,block_00_norm1,layer_norm,GPU,477468.8390399918,477490.96863999177
37,gpu_only,block_01_qkv,linear_qkv,GPU,477490.96863999177,477933.7011199917
32,gpu_only,block_02_norm1,layer_norm,GPU,477933.7011199917,477955.8307199917
38,gpu_only,block_01_norm1,layer_norm,GPU,477955.8307199917,477977.9603199917
13,gpu_only,block_07_qkv,linear_qkv,GPU,477977.9603199917,478420.69279999164
42,gpu_only,block_00_proj,linear_projection,GPU,478420.69279999164,478572.93695999164
7,gpu_only,block_10_residual1,residual_add,GPU,478572.93695999164,478591.28415999166
46,gpu_only,token_embedding,token_and_position_embedding,GPU,478591.28415999166,478609.6313599916
36,gpu_only,block_01_attention,self_attention,GPU,478609.6313599916,478765.65791999165
25,gpu_only,block_03_proj,linear_projection,GPU,478765.65791999165,478917.90207999165
34,gpu_only,block_01_norm2,layer_norm,GPU,478917.90207999165,478940.03167999163
44,gpu_only,block_00_qkv,linear_qkv,GPU,478940.03167999163,479382.7641599916
28,gpu_only,block_02_ffn_island,fused_ffn_island,GPU,479382.7641599916,480595.97663999157
23,gpu_only,block_03_residual2,residual_add,GPU,480595.97663999157,480614.3238399916
19,gpu_only,block_05_norm1,layer_norm,GPU,480614.3238399916,480636.4534399916
47,gpu_only,patch_embedding,patch_embedding,GPU,480636.4534399916,480787.9603199916
43,gpu_only,block_00_attention,self_attention,GPU,480787.9603199916,480943.98687999154
21,gpu_only,block_04_proj,linear_projection,GPU,480943.98687999154,481096.23103999154
10,gpu_only,block_08_residual1,residual_add,GPU,481096.23103999154,481114.57823999156
39,gpu_only,block_00_residual2,residual_add,GPU,481114.57823999156,481132.9254399915
16,gpu_only,block_06_norm1,layer_norm,GPU,481132.9254399915,481155.0550399915
27,gpu_only,block_03_norm1,layer_norm,GPU,481155.0550399915,481177.1846399915
30,gpu_only,block_02_proj,linear_projection,GPU,481177.1846399915,481329.42879999144
12,gpu_only,block_07_residual1,residual_add,GPU,481329.42879999144,481347.77599999146
24,gpu_only,block_03_norm2,layer_norm,GPU,481347.77599999146,481369.90559999144
18,gpu_only,block_05_attention,self_attention,GPU,481369.90559999144,481525.93215999147
33,gpu_only,block_01_residual2,residual_add,GPU,481525.93215999147,481544.27935999143
35,gpu_only,block_01_residual1,residual_add,GPU,481544.27935999143,481562.62655999145
17,gpu_only,block_05_norm2,layer_norm,GPU,481562.62655999145,481584.75615999143
14,gpu_only,block_06_ffn_island,fused_ffn_island,GPU,481584.75615999143,482797.9686399914
40,gpu_only,block_00_ffn_island,fused_ffn_island,GPU,482797.9686399914,484011.1811199914
8,gpu_only,block_09_residual2,residual_add,GPU,484011.1811199914,484029.5283199914
11,gpu_only,block_08_qkv,linear_qkv,GPU,484029.5283199914,484472.2607999914
20,gpu_only,block_04_ffn_island,fused_ffn_island,GPU,484472.2607999914,485685.4732799914
9,gpu_only,block_09_attention,self_attention,GPU,485685.4732799914,485841.49983999145
26,gpu_only,block_03_attention,self_attention,GPU,485841.49983999145,485997.5263999914
31,gpu_only,block_02_attention,self_attention,GPU,485997.5263999914,486153.55295999144
6,gpu_only,block_11_proj,linear_projection,GPU,486153.55295999144,486305.79711999145
22,gpu_only,block_04_attention,self_attention,GPU,486305.79711999145,486461.8236799915
15,gpu_only,block_06_proj,linear_projection,GPU,486461.8236799915,486614.0678399915
29,gpu_only,block_02_norm2,layer_norm,GPU,486614.0678399915,486636.1974399914
41,gpu_only,block_00_norm2,layer_norm,GPU,486636.1974399914,486658.3270399914
45,gpu_only,block_00_qkv,linear_qkv,GPU,486658.3270399914,487101.0595199914
37,gpu_only,block_01_attention,self_attention,GPU,487101.0595199914,487257.0860799914
32,gpu_only,block_02_qkv,linear_qkv,GPU,487257.0860799914,487699.81855999137
38,gpu_only,block_01_qkv,linear_qkv,GPU,487699.81855999137,488142.5510399914
13,gpu_only,block_07_attention,self_attention,GPU,488142.5510399914,488298.5775999914
42,gpu_only,block_00_residual1,residual_add,GPU,488298.5775999914,488316.92479999136
7,gpu_only,block_10_norm2,layer_norm,GPU,488316.92479999136,488339.05439999135
46,gpu_only,block_00_norm1,layer_norm,GPU,488339.05439999135,488361.18399999134
36,gpu_only,block_01_proj,linear_projection,GPU,488361.18399999134,488513.42815999134
25,gpu_only,block_03_residual1,residual_add,GPU,488513.42815999134,488531.7753599913
34,gpu_only,block_01_ffn_island,fused_ffn_island,GPU,488531.7753599913,489744.98783999134
44,gpu_only,block_00_attention,self_attention,GPU,489744.98783999134,489901.0143999913
48,gpu_only,patch_embedding,patch_embedding,GPU,489901.0143999913,490052.5212799913
28,gpu_only,block_02_residual2,residual_add,GPU,490052.5212799913,490070.86847999133
23,gpu_only,block_04_norm1,layer_norm,GPU,490070.86847999133,490092.9980799913
19,gpu_only,block_05_qkv,linear_qkv,GPU,490092.9980799913,490535.73055999127
47,gpu_only,token_embedding,token_and_position_embedding,GPU,490535.73055999127,490554.0777599913
43,gpu_only,block_00_proj,linear_projection,GPU,490554.0777599913,490706.3219199912
21,gpu_only,block_04_residual1,residual_add,GPU,490706.3219199912,490724.66911999125
10,gpu_only,block_08_norm2,layer_norm,GPU,490724.66911999125,490746.79871999123
39,gpu_only,block_01_norm1,layer_norm,GPU,490746.79871999123,490768.9283199912
16,gpu_only,block_06_qkv,linear_qkv,GPU,490768.9283199912,491211.66079999116
27,gpu_only,block_03_qkv,linear_qkv,GPU,491211.66079999116,491654.39327999117
30,gpu_only,block_02_residual1,residual_add,GPU,491654.39327999117,491672.74047999113
12,gpu_only,block_07_norm2,layer_norm,GPU,491672.74047999113,491694.8700799911
24,gpu_only,block_03_ffn_island,fused_ffn_island,GPU,491694.8700799911,492908.08255999116
18,gpu_only,block_05_proj,linear_projection,GPU,492908.08255999116,493060.3267199911
33,gpu_only,block_02_norm1,layer_norm,GPU,493060.3267199911,493082.4563199911
35,gpu_only,block_01_norm2,layer_norm,GPU,493082.4563199911,493104.5859199911
17,gpu_only,block_05_ffn_island,fused_ffn_island,GPU,493104.5859199911,494317.79839999106
14,gpu_only,block_06_residual2,residual_add,GPU,494317.79839999106,494336.1455999911
40,gpu_only,block_00_residual2,residual_add,GPU,494336.1455999911,494354.49279999104
8,gpu_only,block_10_norm1,layer_norm,GPU,494354.49279999104,494376.622399991
11,gpu_only,block_08_attention,self_attention,GPU,494376.622399991,494532.64895999106
20,gpu_only,block_04_residual2,residual_add,GPU,494532.64895999106,494550.996159991
9,gpu_only,block_09_proj,linear_projection,GPU,494550.996159991,494703.240319991
26,gpu_only,block_03_proj,linear_projection,GPU,494703.240319991,494855.484479991
31,gpu_only,block_02_proj,linear_projection,GPU,494855.484479991,495007.72863999096
6,gpu_only,block_11_residual1,residual_add,GPU,495007.72863999096,495026.075839991
22,gpu_only,block_04_proj,linear_projection,GPU,495026.075839991,495178.319999991
15,gpu_only,block_06_residual1,residual_add,GPU,495178.319999991,495196.66719999094
29,gpu_only,block_02_ffn_island,fused_ffn_island,GPU,495196.66719999094,496409.87967999093
41,gpu_only,block_00_ffn_island,fused_ffn_island,GPU,496409.87967999093,497623.092159991
45,gpu_only,block_00_attention,self_attention,GPU,497623.092159991,497779.11871999095
37,gpu_only,block_01_proj,linear_projection,GPU,497779.11871999095,497931.36287999095
32,gpu_only,block_02_attention,self_attention,GPU,497931.36287999095,498087.389439991
38,gpu_only,block_01_attention,self_attention,GPU,498087.389439991,498243.415999991
13,gpu_only,block_07_proj,linear_projection,GPU,498243.415999991,498395.660159991
42,gpu_only,block_00_norm2,layer_norm,GPU,498395.660159991,498417.78975999093
7,gpu_only,block_10_ffn_island,fused_ffn_island,GPU,498417.78975999093,499631.002239991
46,gpu_only,block_00_qkv,linear_qkv,GPU,499631.002239991,500073.7347199909
36,gpu_only,block_01_residual1,residual_add,GPU,500073.7347199909,500092.081919991
25,gpu_only,block_03_norm2,layer_norm,GPU,500092.081919991,500114.21151999105
34,gpu_only,block_01_residual2,residual_add,GPU,500114.21151999105,500132.55871999107
44,gpu_only,block_00_proj,linear_projection,GPU,500132.55871999107,500284.8028799911
49,gpu_only,patch_embedding,patch_embedding,GPU,500284.8028799911,500436.30975999107
48,gpu_only,token_embedding,token_and_position_embedding,GPU,500436.30975999107,500454.65695999115
28,gpu_only,block_03_norm1,layer_norm,GPU,500454.65695999115,500476.7865599912
23,gpu_only,block_04_qkv,linear_qkv,GPU,500476.7865599912,500919.5190399912
19,gpu_only,block_05_attention,self_attention,GPU,500919.5190399912,501075.5455999912
47,gpu_only,block_00_norm1,layer_norm,GPU,501075.5455999912,501097.67519999127
43,gpu_only,block_00_residual1,residual_add,GPU,501097.67519999127,501116.0223999913
21,gpu_only,block_04_norm2,layer_norm,GPU,501116.0223999913,501138.1519999913
10,gpu_only,block_08_ffn_island,fused_ffn_island,GPU,501138.1519999913,502351.3644799913
39,gpu_only,block_01_qkv,linear_qkv,GPU,502351.3644799913,502794.0969599913
16,gpu_only,block_06_attention,self_attention,GPU,502794.0969599913,502950.12351999135
27,gpu_only,block_03_attention,self_attention,GPU,502950.12351999135,503106.1500799914
30,gpu_only,block_02_norm2,layer_norm,GPU,503106.1500799914,503128.2796799914
12,gpu_only,block_07_ffn_island,fused_ffn_island,GPU,503128.2796799914,504341.49215999135
24,gpu_only,block_03_residual2,residual_add,GPU,504341.49215999135,504359.8393599914
18,gpu_only,block_05_residual1,residual_add,GPU,504359.8393599914,504378.18655999145
33,gpu_only,block_02_qkv,linear_qkv,GPU,504378.18655999145,504820.9190399915
35,gpu_only,block_01_ffn_island,fused_ffn_island,GPU,504820.9190399915,506034.13151999144
17,gpu_only,block_05_residual2,residual_add,GPU,506034.13151999144,506052.47871999146
14,gpu_only,block_07_norm1,layer_norm,GPU,506052.47871999146,506074.6083199915
40,gpu_only,block_01_norm1,layer_norm,GPU,506074.6083199915,506096.73791999154
8,gpu_only,block_10_qkv,linear_qkv,GPU,506096.73791999154,506539.4703999916
11,gpu_only,block_08_proj,linear_projection,GPU,506539.4703999916,506691.7145599916
20,gpu_only,block_05_norm1,layer_norm,GPU,506691.7145599916,506713.84415999166
9,gpu_only,block_09_residual1,residual_add,GPU,506713.84415999166,506732.1913599917
26,gpu_only,block_03_residual1,residual_add,GPU,506732.1913599917,506750.53855999175
31,gpu_only,block_02_residual1,residual_add,GPU,506750.53855999175,506768.88575999177
6,gpu_only,block_11_norm2,layer_norm,GPU,506768.88575999177,506791.0153599918
22,gpu_only,block_04_residual1,residual_add,GPU,506791.0153599918,506809.3625599919
15,gpu_only,block_06_norm2,layer_norm,GPU,506809.3625599919,506831.4921599919
29,gpu_only,block_02_residual2,residual_add,GPU,506831.4921599919,506849.83935999195
41,gpu_only,block_00_residual2,residual_add,GPU,506849.83935999195,506868.18655999197
45,gpu_only,block_00_proj,linear_projection,GPU,506868.18655999197,507020.43071999203
37,gpu_only,block_01_residual1,residual_add,GPU,507020.43071999203,507038.7779199921
32,gpu_only,block_02_proj,linear_projection,GPU,507038.7779199921,507191.0220799921
38,gpu_only,block_01_proj,linear_projection,GPU,507191.0220799921,507343.26623999217
13,gpu_only,block_07_residual1,residual_add,GPU,507343.26623999217,507361.6134399922
42,gpu_only,block_00_ffn_island,fused_ffn_island,GPU,507361.6134399922,508574.8259199922
7,gpu_only,block_10_residual2,residual_add,GPU,508574.8259199922,508593.1731199922
50,gpu_only,patch_embedding,patch_embedding,GPU,508593.1731199922,508744.6799999922
46,gpu_only,block_00_attention,self_attention,GPU,508744.6799999922,508900.7065599922
36,gpu_only,block_01_norm2,layer_norm,GPU,508900.7065599922,508922.8361599922
25,gpu_only,block_03_ffn_island,fused_ffn_island,GPU,508922.8361599922,510136.0486399922
34,gpu_only,block_02_norm1,layer_norm,GPU,510136.0486399922,510158.17823999224
44,gpu_only,block_00_residual1,residual_add,GPU,510158.17823999224,510176.52543999226
49,gpu_only,token_embedding,token_and_position_embedding,GPU,510176.52543999226,510194.8726399923
48,gpu_only,block_00_norm1,layer_norm,GPU,510194.8726399923,510217.0022399923
28,gpu_only,block_03_qkv,linear_qkv,GPU,510217.0022399923,510659.7347199924
23,gpu_only,block_04_attention,self_attention,GPU,510659.7347199924,510815.7612799924
19,gpu_only,block_05_proj,linear_projection,GPU,510815.7612799924,510968.0054399924
47,gpu_only,block_00_qkv,linear_qkv,GPU,510968.0054399924,511410.7379199925
43,gpu_only,block_00_norm2,layer_norm,GPU,511410.7379199925,511432.8675199925
21,gpu_only,block_04_ffn_island,fused_ffn_island,GPU,511432.8675199925,512646.07999999245
10,gpu_only,block_08_residual2,residual_add,GPU,512646.07999999245,512664.4271999925
39,gpu_only,block_01_attention,self_attention,GPU,512664.4271999925,512820.4537599925
16,gpu_only,block_06_proj,linear_projection,GPU,512820.4537599925,512972.69791999256
27,gpu_only,block_03_proj,linear_projection,GPU,512972.69791999256,513124.9420799926
30,gpu_only,block_02_ffn_island,fused_ffn_island,GPU,513124.9420799926,514338.15455999254
12,gpu_only,block_07_residual2,residual_add,GPU,514338.15455999254,514356.50175999256
24,gpu_only,block_04_norm1,layer_norm,GPU,514356.50175999256,514378.6313599926
18,gpu_only,block_05_norm2,layer_norm,GPU,514378.6313599926,514400.76095999265
33,gpu_only,block_02_attention,self_attention,GPU,514400.76095999265,514556.7875199927
35,gpu_only,block_01_residual2,residual_add,GPU,514556.7875199927,514575.1347199927
17,gpu_only,block_06_norm1,layer_norm,GPU,514575.1347199927,514597.26431999274
14,gpu_only,block_07_qkv,linear_qkv,GPU,514597.26431999274,515039.9967999928
40,gpu_only,block_01_qkv,linear_qkv,GPU,515039.9967999928,515482.7292799928
8,gpu_only,block_10_attention,self_attention,GPU,515482.7292799928,515638.75583999284
11,gpu_only,block_08_residual1,residual_add,GPU,515638.75583999284,515657.1030399929
20,gpu_only,block_05_qkv,linear_qkv,GPU,515657.1030399929,516099.8355199929
9,gpu_only,block_09_norm2,layer_norm,GPU,516099.8355199929,516121.96511999296
26,gpu_only,block_03_norm2,layer_norm,GPU,516121.96511999296,516144.094719993
31,gpu_only,block_02_norm2,layer_norm,GPU,516144.094719993,516166.22431999305
6,gpu_only,block_11_ffn_island,fused_ffn_island,GPU,516166.22431999305,517379.436799993
22,gpu_only,block_04_norm2,layer_norm,GPU,517379.436799993,517401.566399993
15,gpu_only,block_06_ffn_island,fused_ffn_island,GPU,517401.566399993,518614.77887999295
29,gpu_only,block_03_norm1,layer_norm,GPU,518614.77887999295,518636.908479993
41,gpu_only,block_01_norm1,layer_norm,GPU,518636.908479993,518659.03807999304
45,gpu_only,block_00_residual1,residual_add,GPU,518659.03807999304,518677.38527999306
37,gpu_only,block_01_norm2,layer_norm,GPU,518677.38527999306,518699.5148799931
32,gpu_only,block_02_residual1,residual_add,GPU,518699.5148799931,518717.8620799932
38,gpu_only,block_01_residual1,residual_add,GPU,518717.8620799932,518736.2092799932
13,gpu_only,block_07_norm2,layer_norm,GPU,518736.2092799932,518758.33887999324
42,gpu_only,block_00_residual2,residual_add,GPU,518758.33887999324,518776.68607999326
7,gpu_only,block_11_norm1,layer_norm,GPU,518776.68607999326,518798.8156799933
50,gpu_only,token_embedding,token_and_position_embedding,GPU,518798.8156799933,518817.1628799934
46,gpu_only,block_00_proj,linear_projection,GPU,518817.1628799934,518969.4070399934
36,gpu_only,block_01_ffn_island,fused_ffn_island,GPU,518969.4070399934,520182.6195199933
51,gpu_only,patch_embedding,patch_embedding,GPU,520182.6195199933,520334.1263999933
25,gpu_only,block_03_residual2,residual_add,GPU,520334.1263999933,520352.4735999934
34,gpu_only,block_02_qkv,linear_qkv,GPU,520352.4735999934,520795.2060799934
44,gpu_only,block_00_norm2,layer_norm,GPU,520795.2060799934,520817.33567999344
49,gpu_only,block_00_norm1,layer_norm,GPU,520817.33567999344,520839.4652799935
48,gpu_only,block_00_qkv,linear_qkv,GPU,520839.4652799935,521282.1977599935
28,gpu_only,block_03_attention,self_attention,GPU,521282.1977599935,521438.2243199935
23,gpu_only,block_04_proj,linear_projection,GPU,521438.2243199935,521590.4684799936
19,gpu_only,block_05_residual1,residual_add,GPU,521590.4684799936,521608.8156799936
47,gpu_only,block_00_attention,self_attention,GPU,521608.8156799936,521764.8422399936
43,gpu_only,block_00_ffn_island,fused_ffn_island,GPU,521764.8422399936,522978.0547199936
21,gpu_only,block_04_residual2,residual_add,GPU,522978.0547199936,522996.40191999363
10,gpu_only,block_09_norm1,layer_norm,GPU,522996.40191999363,523018.5315199937
39,gpu_only,block_01_proj,linear_projection,GPU,523018.5315199937,523170.7756799937
16,gpu_only,block_06_residual1,residual_add,GPU,523170.7756799937,523189.12287999375
27,gpu_only,block_03_residual1,residual_add,GPU,523189.12287999375,523207.4700799938
30,gpu_only,block_02_residual2,residual_add,GPU,523207.4700799938,523225.81727999385
12,gpu_only,block_08_norm1,layer_norm,GPU,523225.81727999385,523247.9468799939
24,gpu_only,block_04_qkv,linear_qkv,GPU,523247.9468799939,523690.6793599939
18,gpu_only,block_05_ffn_island,fused_ffn_island,GPU,523690.6793599939,524903.8918399939
33,gpu_only,block_02_proj,linear_projection,GPU,524903.8918399939,525056.1359999939
35,gpu_only,block_02_norm1,layer_norm,GPU,525056.1359999939,525078.265599994
17,gpu_only,block_06_qkv,linear_qkv,GPU,525078.265599994,525520.998079994
14,gpu_only,block_07_attention,self_attention,GPU,525520.998079994,525677.024639994
40,gpu_only,block_01_attention,self_attention,GPU,525677.024639994,525833.051199994
8,gpu_only,block_10_proj,linear_projection,GPU,525833.051199994,525985.295359994
11,gpu_only,block_08_norm2,layer_norm,GPU,525985.295359994,526007.424959994
20,gpu_only,block_05_attention,self_attention,GPU,526007.424959994,526163.4515199941
9,gpu_only,block_09_ffn_island,fused_ffn_island,GPU,526163.4515199941,527376.663999994
26,gpu_only,block_03_ffn_island,fused_ffn_island,GPU,527376.663999994,528589.876479994
31,gpu_only,block_02_ffn_island,fused_ffn_island,GPU,528589.876479994,529803.0889599939
6,gpu_only,block_11_residual2,residual_add,GPU,529803.0889599939,529821.436159994
22,gpu_only,block_04_ffn_island,fused_ffn_island,GPU,529821.436159994,531034.648639994
15,gpu_only,block_06_residual2,residual_add,GPU,531034.648639994,531052.9958399939
29,gpu_only,block_03_qkv,linear_qkv,GPU,531052.9958399939,531495.728319994
41,gpu_only,block_01_qkv,linear_qkv,GPU,531495.728319994,531938.4607999941
45,gpu_only,block_00_norm2,layer_norm,GPU,531938.4607999941,531960.590399994
37,gpu_only,block_01_ffn_island,fused_ffn_island,GPU,531960.590399994,533173.802879994
32,gpu_only,block_02_norm2,layer_norm,GPU,533173.802879994,533195.9324799941
38,gpu_only,block_01_norm2,layer_norm,GPU,533195.9324799941,533218.0620799941
13,gpu_only,block_07_ffn_island,fused_ffn_island,GPU,533218.0620799941,534431.2745599941
42,gpu_only,block_01_norm1,layer_norm,GPU,534431.2745599941,534453.4041599941
7,gpu_only,block_11_qkv,linear_qkv,GPU,534453.4041599941,534896.1366399941
50,gpu_only,block_00_norm1,layer_norm,GPU,534896.1366399941,534918.2662399942
46,gpu_only,block_00_residual1,residual_add,GPU,534918.2662399942,534936.6134399942
52,gpu_only,patch_embedding,patch_embedding,GPU,534936.6134399942,535088.1203199942
36,gpu_only,block_01_residual2,residual_add,GPU,535088.1203199942,535106.4675199942
51,gpu_only,token_embedding,token_and_position_embedding,GPU,535106.4675199942,535124.8147199943
25,gpu_only,block_04_norm1,layer_norm,GPU,535124.8147199943,535146.9443199943
34,gpu_only,block_02_attention,self_attention,GPU,535146.9443199943,535302.9708799943
44,gpu_only,block_00_ffn_island,fused_ffn_island,GPU,535302.9708799943,536516.1833599943
49,gpu_only,block_00_qkv,linear_qkv,GPU,536516.1833599943,536958.9158399943
48,gpu_only,block_00_attention,self_attention,GPU,536958.9158399943,537114.9423999944
28,gpu_only,block_03_proj,linear_projection,GPU,537114.9423999944,537267.1865599944
23,gpu_only,block_04_residual1,residual_add,GPU,537267.1865599944,537285.5337599944
19,gpu_only,block_05_norm2,layer_norm,GPU,537285.5337599944,537307.6633599944
47,gpu_only,block_00_proj,linear_projection,GPU,537307.6633599944,537459.9075199945
43,gpu_only,block_00_residual2,residual_add,GPU,537459.9075199945,537478.2547199945
21,gpu_only,block_05_norm1,layer_norm,GPU,537478.2547199945,537500.3843199946
10,gpu_only,block_09_qkv,linear_qkv,GPU,537500.3843199946,537943.1167999946
39,gpu_only,block_01_residual1,residual_add,GPU,537943.1167999946,537961.4639999947
16,gpu_only,block_06_norm2,layer_norm,GPU,537961.4639999947,537983.5935999947
27,gpu_only,block_03_norm2,layer_norm,GPU,537983.5935999947,538005.7231999948
30,gpu_only,block_03_norm1,layer_norm,GPU,538005.7231999948,538027.8527999948
12,gpu_only,block_08_qkv,linear_qkv,GPU,538027.8527999948,538470.5852799948
24,gpu_only,block_04_attention,self_attention,GPU,538470.5852799948,538626.6118399948
18,gpu_only,block_05_residual2,residual_add,GPU,538626.6118399948,538644.9590399949
33,gpu_only,block_02_residual1,residual_add,GPU,538644.9590399949,538663.3062399949
35,gpu_only,block_02_qkv,linear_qkv,GPU,538663.3062399949,539106.038719995
17,gpu_only,block_06_attention,self_attention,GPU,539106.038719995,539262.065279995
14,gpu_only,block_07_proj,linear_projection,GPU,539262.065279995,539414.309439995
40,gpu_only,block_01_proj,linear_projection,GPU,539414.309439995,539566.5535999951
8,gpu_only,block_10_residual1,residual_add,GPU,539566.5535999951,539584.900799995
11,gpu_only,block_08_ffn_island,fused_ffn_island,GPU,539584.900799995,540798.113279995
20,gpu_only,block_05_proj,linear_projection,GPU,540798.113279995,540950.357439995
9,gpu_only,block_09_residual2,residual_add,GPU,540950.357439995,540968.7046399951
26,gpu_only,block_03_residual2,residual_add,GPU,540968.7046399951,540987.0518399952
31,gpu_only,block_02_residual2,residual_add,GPU,540987.0518399952,541005.3990399953
6,gpu_only,final_norm,layer_norm,GPU,541005.3990399953,541027.5286399953
53,gpu_only,patch_embedding,patch_embedding,GPU,541027.5286399953,541179.0355199953
22,gpu_only,block_04_residual2,residual_add,GPU,541179.0355199953,541197.3827199953
15,gpu_only,block_07_norm1,layer_norm,GPU,541197.3827199953,541219.5123199953
29,gpu_only,block_03_attention,self_attention,GPU,541219.5123199953,541375.5388799954
41,gpu_only,block_01_attention,self_attention,GPU,541375.5388799954,541531.5654399954
45,gpu_only,block_00_ffn_island,fused_ffn_island,GPU,541531.5654399954,542744.7779199954
37,gpu_only,block_01_residual2,residual_add,GPU,542744.7779199954,542763.1251199953
32,gpu_only,block_02_ffn_island,fused_ffn_island,GPU,542763.1251199953,543976.3375999953
38,gpu_only,block_01_ffn_island,fused_ffn_island,GPU,543976.3375999953,545189.5500799953
13,gpu_only,block_07_residual2,residual_add,GPU,545189.5500799953,545207.8972799953
42,gpu_only,block_01_qkv,linear_qkv,GPU,545207.8972799953,545650.6297599954
7,gpu_only,block_11_attention,self_attention,GPU,545650.6297599954,545806.6563199954
50,gpu_only,block_00_qkv,linear_qkv,GPU,545806.6563199954,546249.3887999954
46,gpu_only,block_00_norm2,layer_norm,GPU,546249.3887999954,546271.5183999954
52,gpu_only,token_embedding,token_and_position_embedding,GPU,546271.5183999954,546289.8655999955
36,gpu_only,block_02_norm1,layer_norm,GPU,546289.8655999955,546311.9951999955
51,gpu_only,block_00_norm1,layer_norm,GPU,546311.9951999955,546334.1247999956
25,gpu_only,block_04_qkv,linear_qkv,GPU,546334.1247999956,546776.8572799956
34,gpu_only,block_02_proj,linear_projection,GPU,546776.8572799956,546929.1014399956
44,gpu_only,block_00_residual2,residual_add,GPU,546929.1014399956,546947.4486399957
49,gpu_only,block_00_attention,self_attention,GPU,546947.4486399957,547103.4751999957
48,gpu_only,block_00_proj,linear_projection,GPU,547103.4751999957,547255.7193599957
28,gpu_only,block_03_residual1,residual_add,GPU,547255.7193599957,547274.0665599958
23,gpu_only,block_04_norm2,layer_norm,GPU,547274.0665599958,547296.1961599959
19,gpu_only,block_05_ffn_island,fused_ffn_island,GPU,547296.1961599959,548509.4086399957
47,gpu_only,block_00_residual1,residual_add,GPU,548509.4086399957,548527.7558399958
43,gpu_only,block_01_norm1,layer_norm,GPU,548527.7558399958,548549.8854399958
21,gpu_only,block_05_qkv,linear_qkv,GPU,548549.8854399958,548992.6179199959
10,gpu_only,block_09_attention,self_attention,GPU,548992.6179199959,549148.644479996
39,gpu_only,block_01_norm2,layer_norm,GPU,549148.644479996,549170.7740799959
16,gpu_only,block_06_ffn_island,fused_ffn_island,GPU,549170.7740799959,550383.9865599959
27,gpu_only,block_03_ffn_island,fused_ffn_island,GPU,550383.9865599959,551597.1990399958
30,gpu_only,block_03_qkv,linear_qkv,GPU,551597.1990399958,552039.9315199959
12,gpu_only,block_08_attention,self_attention,GPU,552039.9315199959,552195.9580799959
24,gpu_only,block_04_proj,linear_projection,GPU,552195.9580799959,552348.2022399959
18,gpu_only,block_06_norm1,layer_norm,GPU,552348.2022399959,552370.3318399959
33,gpu_only,block_02_norm2,layer_norm,GPU,552370.3318399959,552392.461439996
35,gpu_only,block_02_attention,self_attention,GPU,552392.461439996,552548.487999996
17,gpu_only,block_06_proj,linear_projection,GPU,552548.487999996,552700.732159996
14,gpu_only,block_07_residual1,residual_add,GPU,552700.732159996,552719.0793599961
40,gpu_only,block_01_residual1,residual_add,GPU,552719.0793599961,552737.4265599961
8,gpu_only,block_10_norm2,layer_norm,GPU,552737.4265599961,552759.5561599962
54,gpu_only,patch_embedding,patch_embedding,GPU,552759.5561599962,552911.0630399962
11,gpu_only,block_08_residual2,residual_add,GPU,552911.0630399962,552929.4102399962
20,gpu_only,block_05_residual1,residual_add,GPU,552929.4102399962,552947.7574399962
9,gpu_only,block_10_norm1,layer_norm,GPU,552947.7574399962,552969.8870399963
26,gpu_only,block_04_norm1,layer_norm,GPU,552969.8870399963,552992.0166399963
31,gpu_only,block_03_norm1,layer_norm,GPU,552992.0166399963,553014.1462399963
6,gpu_only,class_token_select,class_token_select,GPU,553014.1462399963,553021.1846399964
53,gpu_only,token_embedding,token_and_position_embedding,GPU,553021.1846399964,553039.5318399965
22,gpu_only,block_05_norm1,layer_norm,GPU,553039.5318399965,553061.6614399964
15,gpu_only,block_07_qkv,linear_qkv,GPU,553061.6614399964,553504.3939199965
29,gpu_only,block_03_proj,linear_projection,GPU,553504.3939199965,553656.6380799966
41,gpu_only,block_01_proj,linear_projection,GPU,553656.6380799966,553808.8822399966
45,gpu_only,block_00_residual2,residual_add,GPU,553808.8822399966,553827.2294399966
37,gpu_only,block_02_norm1,layer_norm,GPU,553827.2294399966,553849.3590399966
32,gpu_only,block_02_residual2,residual_add,GPU,553849.3590399966,553867.7062399967
38,gpu_only,block_01_residual2,residual_add,GPU,553867.7062399967,553886.0534399968
13,gpu_only,block_08_norm1,layer_norm,GPU,553886.0534399968,553908.1830399968
42,gpu_only,block_01_attention,self_attention,GPU,553908.1830399968,554064.2095999968
7,gpu_only,block_11_proj,linear_projection,GPU,554064.2095999968,554216.4537599968
50,gpu_only,block_00_attention,self_attention,GPU,554216.4537599968,554372.4803199968
46,gpu_only,block_00_ffn_island,fused_ffn_island,GPU,554372.4803199968,555585.6927999968
52,gpu_only,block_00_norm1,layer_norm,GPU,555585.6927999968,555607.8223999968
36,gpu_only,block_02_qkv,linear_qkv,GPU,555607.8223999968,556050.5548799969
51,gpu_only,block_00_qkv,linear_qkv,GPU,556050.5548799969,556493.2873599969
25,gpu_only,block_04_attention,self_attention,GPU,556493.2873599969,556649.313919997
34,gpu_only,block_02_residual1,residual_add,GPU,556649.313919997,556667.661119997
44,gpu_only,block_01_norm1,layer_norm,GPU,556667.661119997,556689.790719997
49,gpu_only,block_00_proj,linear_projection,GPU,556689.790719997,556842.034879997
48,gpu_only,block_00_residual1,residual_add,GPU,556842.034879997,556860.3820799971
28,gpu_only,block_03_norm2,layer_norm,GPU,556860.3820799971,556882.5116799971
23,gpu_only,block_04_ffn_island,fused_ffn_island,GPU,556882.5116799971,558095.7241599971
19,gpu_only,block_05_residual2,residual_add,GPU,558095.7241599971,558114.0713599971
47,gpu_only,block_00_norm2,layer_norm,GPU,558114.0713599971,558136.2009599971
43,gpu_only,block_01_qkv,linear_qkv,GPU,558136.2009599971,558578.9334399973
21,gpu_only,block_05_attention,self_attention,GPU,558578.9334399973,558734.9599999973
10,gpu_only,block_09_proj,linear_projection,GPU,558734.9599999973,558887.2041599973
39,gpu_only,block_01_ffn_island,fused_ffn_island,GPU,558887.2041599973,560100.4166399972
55,gpu_only,patch_embedding,patch_embedding,GPU,560100.4166399972,560251.9235199972
16,gpu_only,block_06_residual2,residual_add,GPU,560251.9235199972,560270.2707199972
27,gpu_only,block_03_residual2,residual_add,GPU,560270.2707199972,560288.6179199973
30,gpu_only,block_03_attention,self_attention,GPU,560288.6179199973,560444.6444799973
12,gpu_only,block_08_proj,linear_projection,GPU,560444.6444799973,560596.8886399973
24,gpu_only,block_04_residual1,residual_add,GPU,560596.8886399973,560615.2358399974
18,gpu_only,block_06_qkv,linear_qkv,GPU,560615.2358399974,561057.9683199974
33,gpu_only,block_02_ffn_island,fused_ffn_island,GPU,561057.9683199974,562271.1807999974
35,gpu_only,block_02_proj,linear_projection,GPU,562271.1807999974,562423.4249599974
17,gpu_only,block_06_residual1,residual_add,GPU,562423.4249599974,562441.7721599975
14,gpu_only,block_07_norm2,layer_norm,GPU,562441.7721599975,562463.9017599975
40,gpu_only,block_01_norm2,layer_norm,GPU,562463.9017599975,562486.0313599976
8,gpu_only,block_10_ffn_island,fused_ffn_island,GPU,562486.0313599976,563699.2438399974
54,gpu_only,token_embedding,token_and_position_embedding,GPU,563699.2438399974,563717.5910399975
11,gpu_only,block_09_norm1,layer_norm,GPU,563717.5910399975,563739.7206399975
20,gpu_only,block_05_norm2,layer_norm,GPU,563739.7206399975,563761.8502399976
9,gpu_only,block_10_qkv,linear_qkv,GPU,563761.8502399976,564204.5827199976
26,gpu_only,block_04_qkv,linear_qkv,GPU,564204.5827199976,564647.3151999976
31,gpu_only,block_03_qkv,linear_qkv,GPU,564647.3151999976,565090.0476799977
6,gpu_only,classifier,linear_classifier,GPU,565090.0476799977,565098.0076799977
53,gpu_only,block_00_norm1,layer_norm,GPU,565098.0076799977,565120.1372799978
22,gpu_only,block_05_qkv,linear_qkv,GPU,565120.1372799978,565562.8697599978
15,gpu_only,block_07_attention,self_attention,GPU,565562.8697599978,565718.8963199978
29,gpu_only,block_03_residual1,residual_add,GPU,565718.8963199978,565737.2435199979
41,gpu_only,block_01_residual1,residual_add,GPU,565737.2435199979,565755.5907199979
45,gpu_only,block_01_norm1,layer_norm,GPU,565755.5907199979,565777.720319998
37,gpu_only,block_02_qkv,linear_qkv,GPU,565777.720319998,566220.452799998
32,gpu_only,block_03_norm1,layer_norm,GPU,566220.452799998,566242.582399998
38,gpu_only,block_02_norm1,layer_norm,GPU,566242.582399998,566264.7119999981
13,gpu_only,block_08_qkv,linear_qkv,GPU,566264.7119999981,566707.4444799981
42,gpu_only,block_01_proj,linear_projection,GPU,566707.4444799981,566859.6886399981
7,gpu_only,block_11_residual1,residual_add,GPU,566859.6886399981,566878.0358399982
50,gpu_only,block_00_proj,linear_projection,GPU,566878.0358399982,567030.2799999982
46,gpu_only,block_00_residual2,residual_add,GPU,567030.2799999982,567048.6271999982
52,gpu_only,block_00_qkv,linear_qkv,GPU,567048.6271999982,567491.3596799984
36,gpu_only,block_02_attention,self_attention,GPU,567491.3596799984,567647.3862399983
51,gpu_only,block_00_attention,self_attention,GPU,567647.3862399983,567803.4127999983
25,gpu_only,block_04_proj,linear_projection,GPU,567803.4127999983,567955.6569599984
34,gpu_only,block_02_norm2,layer_norm,GPU,567955.6569599984,567977.7865599984
44,gpu_only,block_01_qkv,linear_qkv,GPU,567977.7865599984,568420.5190399984
49,gpu_only,block_00_residual1,residual_add,GPU,568420.5190399984,568438.8662399985
48,gpu_only,block_00_norm2,layer_norm,GPU,568438.8662399985,568460.9958399986
28,gpu_only,block_03_ffn_island,fused_ffn_island,GPU,568460.9958399986,569674.2083199985
23,gpu_only,block_04_residual2,residual_add,GPU,569674.2083199985,569692.5555199985
19,gpu_only,block_06_norm1,layer_norm,GPU,569692.5555199985,569714.6851199985
47,gpu_only,block_00_ffn_island,fused_ffn_island,GPU,569714.6851199985,570927.8975999985
43,gpu_only,block_01_attention,self_attention,GPU,570927.8975999985,571083.9241599985
21,gpu_only,block_05_proj,linear_projection,GPU,571083.9241599985,571236.1683199985
10,gpu_only,block_09_residual1,residual_add,GPU,571236.1683199985,571254.5155199986
56,gpu_only,patch_embedding,patch_embedding,GPU,571254.5155199986,571406.0223999986
39,gpu_only,block_01_residual2,residual_add,GPU,571406.0223999986,571424.3695999987
55,gpu_only,token_embedding,token_and_position_embedding,GPU,571424.3695999987,571442.7167999987
16,gpu_only,block_07_norm1,layer_norm,GPU,571442.7167999987,571464.8463999988
27,gpu_only,block_04_norm1,layer_norm,GPU,571464.8463999988,571486.9759999987
30,gpu_only,block_03_proj,linear_projection,GPU,571486.9759999987,571639.2201599987
12,gpu_only,block_08_residual1,residual_add,GPU,571639.2201599987,571657.5673599988
24,gpu_only,block_04_norm2,layer_norm,GPU,571657.5673599988,571679.6969599989
18,gpu_only,block_06_attention,self_attention,GPU,571679.6969599989,571835.723519999
33,gpu_only,block_02_residual2,residual_add,GPU,571835.723519999,571854.0707199989
35,gpu_only,block_02_residual1,residual_add,GPU,571854.0707199989,571872.417919999
17,gpu_only,block_06_norm2,layer_norm,GPU,571872.417919999,571894.547519999
14,gpu_only,block_07_ffn_island,fused_ffn_island,GPU,571894.547519999,573107.759999999
40,gpu_only,block_01_ffn_island,fused_ffn_island,GPU,573107.759999999,574320.972479999
8,gpu_only,block_10_residual2,residual_add,GPU,574320.972479999,574339.3196799989
54,gpu_only,block_00_norm1,layer_norm,GPU,574339.3196799989,574361.449279999
11,gpu_only,block_09_qkv,linear_qkv,GPU,574361.449279999,574804.181759999
20,gpu_only,block_05_ffn_island,fused_ffn_island,GPU,574804.181759999,576017.394239999
9,gpu_only,block_10_attention,self_attention,GPU,576017.394239999,576173.420799999
26,gpu_only,block_04_attention,self_attention,GPU,576173.420799999,576329.4473599991
31,gpu_only,block_03_attention,self_attention,GPU,576329.4473599991,576485.4739199991
53,gpu_only,block_00_qkv,linear_qkv,GPU,576485.4739199991,576928.2063999991
22,gpu_only,block_05_attention,self_attention,GPU,576928.2063999991,577084.2329599991
15,gpu_only,block_07_proj,linear_projection,GPU,577084.2329599991,577236.4771199991
29,gpu_only,block_03_norm2,layer_norm,GPU,577236.4771199991,577258.6067199992
41,gpu_only,block_01_norm2,layer_norm,GPU,577258.6067199992,577280.7363199992
45,gpu_only,block_01_qkv,linear_qkv,GPU,577280.7363199992,577723.4687999992
37,gpu_only,block_02_attention,self_attention,GPU,577723.4687999992,577879.4953599992
32,gpu_only,block_03_qkv,linear_qkv,GPU,577879.4953599992,578322.2278399994
38,gpu_only,block_02_qkv,linear_qkv,GPU,578322.2278399994,578764.9603199994
13,gpu_only,block_08_attention,self_attention,GPU,578764.9603199994,578920.9868799994
42,gpu_only,block_01_residual1,residual_add,GPU,578920.9868799994,578939.3340799995
7,gpu_only,block_11_norm2,layer_norm,GPU,578939.3340799995,578961.4636799995
50,gpu_only,block_00_residual1,residual_add,GPU,578961.4636799995,578979.8108799995
46,gpu_only,block_01_norm1,layer_norm,GPU,578979.8108799995,579001.9404799995
52,gpu_only,block_00_attention,self_attention,GPU,579001.9404799995,579157.9670399996
36,gpu_only,block_02_proj,linear_projection,GPU,579157.9670399996,579310.2111999996
51,gpu_only,block_00_proj,linear_projection,GPU,579310.2111999996,579462.4553599997
25,gpu_only,block_04_residual1,residual_add,GPU,579462.4553599997,579480.8025599996
34,gpu_only,block_02_ffn_island,fused_ffn_island,GPU,579480.8025599996,580694.0150399996
44,gpu_only,block_01_attention,self_attention,GPU,580694.0150399996,580850.0415999996
49,gpu_only,block_00_norm2,layer_norm,GPU,580850.0415999996,580872.1711999996
48,gpu_only,block_00_ffn_island,fused_ffn_island,GPU,580872.1711999996,582085.3836799996
28,gpu_only,block_03_residual2,residual_add,GPU,582085.3836799996,582103.7308799997
23,gpu_only,block_05_norm1,layer_norm,GPU,582103.7308799997,582125.8604799997
19,gpu_only,block_06_qkv,linear_qkv,GPU,582125.8604799997,582568.5929599997
57,gpu_only,patch_embedding,patch_embedding,GPU,582568.5929599997,582720.0998399997
47,gpu_only,block_00_residual2,residual_add,GPU,582720.0998399997,582738.4470399998
43,gpu_only,block_01_proj,linear_projection,GPU,582738.4470399998,582890.6911999998
21,gpu_only,block_05_residual1,residual_add,GPU,582890.6911999998,582909.0383999998
10,gpu_only,block_09_norm2,layer_norm,GPU,582909.0383999998,582931.1679999998
56,gpu_only,token_embedding,token_and_position_embedding,GPU,582931.1679999998,582949.5151999999
39,gpu_only,block_02_norm1,layer_norm,GPU,582949.5151999999,582971.6448
55,gpu_only,block_00_norm1,layer_norm,GPU,582971.6448,582993.7744
16,gpu_only,block_07_qkv,linear_qkv,GPU,582993.7744,583436.50688
27,gpu_only,block_04_qkv,linear_qkv,GPU,583436.50688,583879.2393600001
30,gpu_only,block_03_residual1,residual_add,GPU,583879.2393600001,583897.5865600001
12,gpu_only,block_08_norm2,layer_norm,GPU,583897.5865600001,583919.7161600002
24,gpu_only,block_04_ffn_island,fused_ffn_island,GPU,583919.7161600002,585132.92864
18,gpu_only,block_06_proj,linear_projection,GPU,585132.92864,585285.1728000002
33,gpu_only,block_03_norm1,layer_norm,GPU,585285.1728000002,585307.3024000002
35,gpu_only,block_02_norm2,layer_norm,GPU,585307.3024000002,585329.4320000003
17,gpu_only,block_06_ffn_island,fused_ffn_island,GPU,585329.4320000003,586542.6444800001
14,gpu_only,block_07_residual2,residual_add,GPU,586542.6444800001,586560.9916800002
40,gpu_only,block_01_residual2,residual_add,GPU,586560.9916800002,586579.3388800003
8,gpu_only,block_11_norm1,layer_norm,GPU,586579.3388800003,586601.4684800003
54,gpu_only,block_00_qkv,linear_qkv,GPU,586601.4684800003,587044.2009600003
11,gpu_only,block_09_attention,self_attention,GPU,587044.2009600003,587200.2275200003
20,gpu_only,block_05_residual2,residual_add,GPU,587200.2275200003,587218.5747200004
9,gpu_only,block_10_proj,linear_projection,GPU,587218.5747200004,587370.8188800004
26,gpu_only,block_04_proj,linear_projection,GPU,587370.8188800004,587523.0630400005
31,gpu_only,block_03_proj,linear_projection,GPU,587523.0630400005,587675.3072000005
53,gpu_only,block_00_attention,self_attention,GPU,587675.3072000005,587831.3337600005
22,gpu_only,block_05_proj,linear_projection,GPU,587831.3337600005,587983.5779200005
15,gpu_only,block_07_residual1,residual_add,GPU,587983.5779200005,588001.9251200006
29,gpu_only,block_03_ffn_island,fused_ffn_island,GPU,588001.9251200006,589215.1376000006
41,gpu_only,block_01_ffn_island,fused_ffn_island,GPU,589215.1376000006,590428.3500800005
45,gpu_only,block_01_attention,self_attention,GPU,590428.3500800005,590584.3766400005
37,gpu_only,block_02_proj,linear_projection,GPU,590584.3766400005,590736.6208000005
32,gpu_only,block_03_attention,self_attention,GPU,590736.6208000005,590892.6473600005
38,gpu_only,block_02_attention,self_attention,GPU,590892.6473600005,591048.6739200006
13,gpu_only,block_08_proj,linear_projection,GPU,591048.6739200006,591200.9180800007
42,gpu_only,block_01_norm2,layer_norm,GPU,591200.9180800007,591223.0476800007
7,gpu_only,block_11_ffn_island,fused_ffn_island,GPU,591223.0476800007,592436.2601600006
50,gpu_only,block_00_norm2,layer_norm,GPU,592436.2601600006,592458.3897600006
46,gpu_only,block_01_qkv,linear_qkv,GPU,592458.3897600006,592901.1222400006
52,gpu_only,block_00_proj,linear_projection,GPU,592901.1222400006,593053.3664000008
36,gpu_only,block_02_residual1,residual_add,GPU,593053.3664000008,593071.7136000007
51,gpu_only,block_00_residual1,residual_add,GPU,593071.7136000007,593090.0608000008
25,gpu_only,block_04_norm2,layer_norm,GPU,593090.0608000008,593112.1904000009
58,gpu_only,patch_embedding,patch_embedding,GPU,593112.1904000009,593263.6972800008
34,gpu_only,block_02_residual2,residual_add,GPU,593263.6972800008,593282.0444800009
44,gpu_only,block_01_proj,linear_projection,GPU,593282.0444800009,593434.288640001
49,gpu_only,block_00_ffn_island,fused_ffn_island,GPU,593434.288640001,594647.5011200008
48,gpu_only,block_00_residual2,residual_add,GPU,594647.5011200008,594665.8483200009
28,gpu_only,block_04_norm1,layer_norm,GPU,594665.8483200009,594687.9779200009
23,gpu_only,block_05_qkv,linear_qkv,GPU,594687.9779200009,595130.710400001
19,gpu_only,block_06_attention,self_attention,GPU,595130.710400001,595286.736960001
57,gpu_only,token_embedding,token_and_position_embedding,GPU,595286.736960001,595305.084160001
47,gpu_only,block_01_norm1,layer_norm,GPU,595305.084160001,595327.2137600011
43,gpu_only,block_01_residual1,residual_add,GPU,595327.2137600011,595345.5609600011
21,gpu_only,block_05_norm2,layer_norm,GPU,595345.5609600011,595367.6905600012
10,gpu_only,block_09_ffn_island,fused_ffn_island,GPU,595367.6905600012,596580.903040001
56,gpu_only,block_00_norm1,layer_norm,GPU,596580.903040001,596603.0326400012
39,gpu_only,block_02_qkv,linear_qkv,GPU,596603.0326400012,597045.7651200012
55,gpu_only,block_00_qkv,linear_qkv,GPU,597045.7651200012,597488.4976000012
16,gpu_only,block_07_attention,self_attention,GPU,597488.4976000012,597644.5241600012
27,gpu_only,block_04_attention,self_attention,GPU,597644.5241600012,597800.5507200012
30,gpu_only,block_03_norm2,layer_norm,GPU,597800.5507200012,597822.6803200013
12,gpu_only,block_08_ffn_island,fused_ffn_island,GPU,597822.6803200013,599035.8928000012
24,gpu_only,block_04_residual2,residual_add,GPU,599035.8928000012,599054.2400000013
18,gpu_only,block_06_residual1,residual_add,GPU,599054.2400000013,599072.5872000013
33,gpu_only,block_03_qkv,linear_qkv,GPU,599072.5872000013,599515.3196800014
35,gpu_only,block_02_ffn_island,fused_ffn_island,GPU,599515.3196800014,600728.5321600013
17,gpu_only,block_06_residual2,residual_add,GPU,600728.5321600013,600746.8793600014
14,gpu_only,block_08_norm1,layer_norm,GPU,600746.8793600014,600769.0089600014
40,gpu_only,block_02_norm1,layer_norm,GPU,600769.0089600014,600791.1385600014
8,gpu_only,block_11_qkv,linear_qkv,GPU,600791.1385600014,601233.8710400015
54,gpu_only,block_00_attention,self_attention,GPU,601233.8710400015,601389.8976000015
11,gpu_only,block_09_proj,linear_projection,GPU,601389.8976000015,601542.1417600015
20,gpu_only,block_06_norm1,layer_norm,GPU,601542.1417600015,601564.2713600015
9,gpu_only,block_10_residual1,residual_add,GPU,601564.2713600015,601582.6185600016
26,gpu_only,block_04_residual1,residual_add,GPU,601582.6185600016,601600.9657600017
31,gpu_only,block_03_residual1,residual_add,GPU,601600.9657600017,601619.3129600018
53,gpu_only,block_00_proj,linear_projection,GPU,601619.3129600018,601771.5571200018
22,gpu_only,block_05_residual1,residual_add,GPU,601771.5571200018,601789.9043200018
15,gpu_only,block_07_norm2,layer_norm,GPU,601789.9043200018,601812.0339200018
29,gpu_only,block_03_residual2,residual_add,GPU,601812.0339200018,601830.3811200019
59,gpu_only,patch_embedding,patch_embedding,GPU,601830.3811200019,601981.8880000019
41,gpu_only,block_01_residual2,residual_add,GPU,601981.8880000019,602000.2352000019
45,gpu_only,block_01_proj,linear_projection,GPU,602000.2352000019,602152.479360002
37,gpu_only,block_02_residual1,residual_add,GPU,602152.479360002,602170.8265600019
32,gpu_only,block_03_proj,linear_projection,GPU,602170.8265600019,602323.070720002
38,gpu_only,block_02_proj,linear_projection,GPU,602323.070720002,602475.314880002
13,gpu_only,block_08_residual1,residual_add,GPU,602475.314880002,602493.6620800021
42,gpu_only,block_01_ffn_island,fused_ffn_island,GPU,602493.6620800021,603706.874560002
7,gpu_only,block_11_residual2,residual_add,GPU,603706.874560002,603725.2217600021
50,gpu_only,block_00_ffn_island,fused_ffn_island,GPU,603725.2217600021,604938.4342400021
46,gpu_only,block_01_attention,self_attention,GPU,604938.4342400021,605094.4608000021
52,gpu_only,block_00_residual1,residual_add,GPU,605094.4608000021,605112.808000002
36,gpu_only,block_02_norm2,layer_norm,GPU,605112.808000002,605134.9376000022
51,gpu_only,block_00_norm2,layer_norm,GPU,605134.9376000022,605157.0672000021
25,gpu_only,block_04_ffn_island,fused_ffn_island,GPU,605157.0672000021,606370.2796800021
58,gpu_only,token_embedding,token_and_position_embedding,GPU,606370.2796800021,606388.6268800022
34,gpu_only,block_03_norm1,layer_norm,GPU,606388.6268800022,606410.7564800022
44,gpu_only,block_01_residual1,residual_add,GPU,606410.7564800022,606429.1036800023
49,gpu_only,block_00_residual2,residual_add,GPU,606429.1036800023,606447.4508800023
48,gpu_only,block_01_norm1,layer_norm,GPU,606447.4508800023,606469.5804800023
28,gpu_only,block_04_qkv,linear_qkv,GPU,606469.5804800023,606912.3129600023
23,gpu_only,block_05_attention,self_attention,GPU,606912.3129600023,607068.3395200024
19,gpu_only,block_06_proj,linear_projection,GPU,607068.3395200024,607220.5836800024
57,gpu_only,block_00_norm1,layer_norm,GPU,607220.5836800024,607242.7132800025
47,gpu_only,block_01_qkv,linear_qkv,GPU,607242.7132800025,607685.4457600025
43,gpu_only,block_01_norm2,layer_norm,GPU,607685.4457600025,607707.5753600026
21,gpu_only,block_05_ffn_island,fused_ffn_island,GPU,607707.5753600026,608920.7878400024
10,gpu_only,block_09_residual2,residual_add,GPU,608920.7878400024,608939.1350400025
56,gpu_only,block_00_qkv,linear_qkv,GPU,608939.1350400025,609381.8675200025
39,gpu_only,block_02_attention,self_attention,GPU,609381.8675200025,609537.8940800026
55,gpu_only,block_00_attention,self_attention,GPU,609537.8940800026,609693.9206400026
16,gpu_only,block_07_proj,linear_projection,GPU,609693.9206400026,609846.1648000026
27,gpu_only,block_04_proj,linear_projection,GPU,609846.1648000026,609998.4089600027
30,gpu_only,block_03_ffn_island,fused_ffn_island,GPU,609998.4089600027,611211.6214400026
12,gpu_only,block_08_residual2,residual_add,GPU,611211.6214400026,611229.9686400027
24,gpu_only,block_05_norm1,layer_norm,GPU,611229.9686400027,611252.0982400028
18,gpu_only,block_06_norm2,layer_norm,GPU,611252.0982400028,611274.2278400027
33,gpu_only,block_03_attention,self_attention,GPU,611274.2278400027,611430.2544000028
60,gpu_only,patch_embedding,patch_embedding,GPU,611430.2544000028,611581.7612800028
35,gpu_only,block_02_residual2,residual_add,GPU,611581.7612800028,611600.1084800028
17,gpu_only,block_07_norm1,layer_norm,GPU,611600.1084800028,611622.2380800028
14,gpu_only,block_08_qkv,linear_qkv,GPU,611622.2380800028,612064.9705600028
40,gpu_only,block_02_qkv,linear_qkv,GPU,612064.9705600028,612507.703040003
8,gpu_only,block_11_attention,self_attention,GPU,612507.703040003,612663.7296000029
54,gpu_only,block_00_proj,linear_projection,GPU,612663.7296000029,612815.973760003
11,gpu_only,block_09_residual1,residual_add,GPU,612815.973760003,612834.320960003
20,gpu_only,block_06_qkv,linear_qkv,GPU,612834.320960003,613277.0534400031
9,gpu_only,block_10_norm2,layer_norm,GPU,613277.0534400031,613299.1830400031
26,gpu_only,block_04_norm2,layer_norm,GPU,613299.1830400031,613321.3126400032
31,gpu_only,block_03_norm2,layer_norm,GPU,613321.3126400032,613343.4422400031
53,gpu_only,block_00_residual1,residual_add,GPU,613343.4422400031,613361.7894400032
22,gpu_only,block_05_norm2,layer_norm,GPU,613361.7894400032,613383.9190400032
15,gpu_only,block_07_ffn_island,fused_ffn_island,GPU,613383.9190400032,614597.1315200032
29,gpu_only,block_04_norm1,layer_norm,GPU,614597.1315200032,614619.2611200032
59,gpu_only,token_embedding,token_and_position_embedding,GPU,614619.2611200032,614637.6083200033
41,gpu_only,block_02_norm1,layer_norm,GPU,614637.6083200033,614659.7379200032
45,gpu_only,block_01_residual1,residual_add,GPU,614659.7379200032,614678.0851200033
37,gpu_only,block_02_norm2,layer_norm,GPU,614678.0851200033,614700.2147200033
32,gpu_only,block_03_residual1,residual_add,GPU,614700.2147200033,614718.5619200034
38,gpu_only,block_02_residual1,residual_add,GPU,614718.5619200034,614736.9091200035
13,gpu_only,block_08_norm2,layer_norm,GPU,614736.9091200035,614759.0387200034
42,gpu_only,block_01_residual2,residual_add,GPU,614759.0387200034,614777.3859200035
7,gpu_only,final_norm,layer_norm,GPU,614777.3859200035,614799.5155200035
50,gpu_only,block_00_residual2,residual_add,GPU,614799.5155200035,614817.8627200036
46,gpu_only,block_01_proj,linear_projection,GPU,614817.8627200036,614970.1068800036
52,gpu_only,block_00_norm2,layer_norm,GPU,614970.1068800036,614992.2364800037
36,gpu_only,block_02_ffn_island,fused_ffn_island,GPU,614992.2364800037,616205.4489600037
51,gpu_only,block_00_ffn_island,fused_ffn_island,GPU,616205.4489600037,617418.6614400035
25,gpu_only,block_04_residual2,residual_add,GPU,617418.6614400035,617437.0086400036
58,gpu_only,block_00_norm1,layer_norm,GPU,617437.0086400036,617459.1382400036
34,gpu_only,block_03_qkv,linear_qkv,GPU,617459.1382400036,617901.8707200037
44,gpu_only,block_01_norm2,layer_norm,GPU,617901.8707200037,617924.0003200037
49,gpu_only,block_01_norm1,layer_norm,GPU,617924.0003200037,617946.1299200037
48,gpu_only,block_01_qkv,linear_qkv,GPU,617946.1299200037,618388.8624000038
28,gpu_only,block_04_attention,self_attention,GPU,618388.8624000038,618544.8889600039
23,gpu_only,block_05_proj,linear_projection,GPU,618544.8889600039,618697.1331200039
19,gpu_only,block_06_residual1,residual_add,GPU,618697.1331200039,618715.4803200039
57,gpu_only,block_00_qkv,linear_qkv,GPU,618715.4803200039,619158.2128000039
47,gpu_only,block_01_attention,self_attention,GPU,619158.2128000039,619314.239360004
43,gpu_only,block_01_ffn_island,fused_ffn_island,GPU,619314.239360004,620527.451840004
21,gpu_only,block_05_residual2,residual_add,GPU,620527.451840004,620545.7990400039
10,gpu_only,block_10_norm1,layer_norm,GPU,620545.7990400039,620567.928640004
56,gpu_only,block_00_attention,self_attention,GPU,620567.928640004,620723.955200004
39,gpu_only,block_02_proj,linear_projection,GPU,620723.955200004,620876.199360004
55,gpu_only,block_00_proj,linear_projection,GPU,620876.199360004,621028.443520004
16,gpu_only,block_07_residual1,residual_add,GPU,621028.443520004,621046.7907200041
27,gpu_only,block_04_residual1,residual_add,GPU,621046.7907200041,621065.1379200042
61,gpu_only,patch_embedding,patch_embedding,GPU,621065.1379200042,621216.6448000042
30,gpu_only,block_03_residual2,residual_add,GPU,621216.6448000042,621234.9920000042
12,gpu_only,block_09_norm1,layer_norm,GPU,621234.9920000042,621257.1216000043
24,gpu_only,block_05_qkv,linear_qkv,GPU,621257.1216000043,621699.8540800043
18,gpu_only,block_06_ffn_island,fused_ffn_island,GPU,621699.8540800043,622913.0665600043
33,gpu_only,block_03_proj,linear_projection,GPU,622913.0665600043,623065.3107200043
60,gpu_only,token_embedding,token_and_position_embedding,GPU,623065.3107200043,623083.6579200043
35,gpu_only,block_03_norm1,layer_norm,GPU,623083.6579200043,623105.7875200043
17,gpu_only,block_07_qkv,linear_qkv,GPU,623105.7875200043,623548.5200000043
14,gpu_only,block_08_attention,self_attention,GPU,623548.5200000043,623704.5465600044
40,gpu_only,block_02_attention,self_attention,GPU,623704.5465600044,623860.5731200044
8,gpu_only,block_11_proj,linear_projection,GPU,623860.5731200044,624012.8172800045
54,gpu_only,block_00_residual1,residual_add,GPU,624012.8172800045,624031.1644800045
11,gpu_only,block_09_norm2,layer_norm,GPU,624031.1644800045,624053.2940800046
20,gpu_only,block_06_attention,self_attention,GPU,624053.2940800046,624209.3206400046
9,gpu_only,block_10_ffn_island,fused_ffn_island,GPU,624209.3206400046,625422.5331200045
26,gpu_only,block_04_ffn_island,fused_ffn_island,GPU,625422.5331200045,626635.7456000044
31,gpu_only,block_03_ffn_island,fused_ffn_island,GPU,626635.7456000044,627848.9580800044
53,gpu_only,block_00_norm2,layer_norm,GPU,627848.9580800044,627871.0876800044
22,gpu_only,block_05_ffn_island,fused_ffn_island,GPU,627871.0876800044,629084.3001600044
15,gpu_only,block_07_residual2,residual_add,GPU,629084.3001600044,629102.6473600045
29,gpu_only,block_04_qkv,linear_qkv,GPU,629102.6473600045,629545.3798400045
59,gpu_only,block_00_norm1,layer_norm,GPU,629545.3798400045,629567.5094400045
41,gpu_only,block_02_qkv,linear_qkv,GPU,629567.5094400045,630010.2419200046
45,gpu_only,block_01_norm2,layer_norm,GPU,630010.2419200046,630032.3715200046
37,gpu_only,block_02_ffn_island,fused_ffn_island,GPU,630032.3715200046,631245.5840000046
32,gpu_only,block_03_norm2,layer_norm,GPU,631245.5840000046,631267.7136000046
38,gpu_only,block_02_norm2,layer_norm,GPU,631267.7136000046,631289.8432000045
13,gpu_only,block_08_ffn_island,fused_ffn_island,GPU,631289.8432000045,632503.0556800045
42,gpu_only,block_02_norm1,layer_norm,GPU,632503.0556800045,632525.1852800045
7,gpu_only,class_token_select,class_token_select,GPU,632525.1852800045,632532.2236800046
50,gpu_only,block_01_norm1,layer_norm,GPU,632532.2236800046,632554.3532800047
46,gpu_only,block_01_residual1,residual_add,GPU,632554.3532800047,632572.7004800047
52,gpu_only,block_00_ffn_island,fused_ffn_island,GPU,632572.7004800047,633785.9129600046
36,gpu_only,block_02_residual2,residual_add,GPU,633785.9129600046,633804.2601600047
51,gpu_only,block_00_residual2,residual_add,GPU,633804.2601600047,633822.6073600047
25,gpu_only,block_05_norm1,layer_norm,GPU,633822.6073600047,633844.7369600048
58,gpu_only,block_00_qkv,linear_qkv,GPU,633844.7369600048,634287.4694400048
34,gpu_only,block_03_attention,self_attention,GPU,634287.4694400048,634443.4960000048
44,gpu_only,block_01_ffn_island,fused_ffn_island,GPU,634443.4960000048,635656.7084800048
49,gpu_only,block_01_qkv,linear_qkv,GPU,635656.7084800048,636099.4409600048
48,gpu_only,block_01_attention,self_attention,GPU,636099.4409600048,636255.4675200048
28,gpu_only,block_04_proj,linear_projection,GPU,636255.4675200048,636407.7116800048
23,gpu_only,block_05_residual1,residual_add,GPU,636407.7116800048,636426.0588800049
19,gpu_only,block_06_norm2,layer_norm,GPU,636426.0588800049,636448.1884800049
57,gpu_only,block_00_attention,self_attention,GPU,636448.1884800049,636604.2150400049
47,gpu_only,block_01_proj,linear_projection,GPU,636604.2150400049,636756.459200005
62,gpu_only,patch_embedding,patch_embedding,GPU,636756.459200005,636907.966080005
43,gpu_only,block_01_residual2,residual_add,GPU,636907.966080005,636926.313280005
21,gpu_only,block_06_norm1,layer_norm,GPU,636926.313280005,636948.4428800051
10,gpu_only,block_10_qkv,linear_qkv,GPU,636948.4428800051,637391.1753600051
56,gpu_only,block_00_proj,linear_projection,GPU,637391.1753600051,637543.4195200051
39,gpu_only,block_02_residual1,residual_add,GPU,637543.4195200051,637561.7667200052
55,gpu_only,block_00_residual1,residual_add,GPU,637561.7667200052,637580.1139200053
16,gpu_only,block_07_norm2,layer_norm,GPU,637580.1139200053,637602.2435200053
27,gpu_only,block_04_norm2,layer_norm,GPU,637602.2435200053,637624.3731200054
61,gpu_only,token_embedding,token_and_position_embedding,GPU,637624.3731200054,637642.7203200053
30,gpu_only,block_04_norm1,layer_norm,GPU,637642.7203200053,637664.8499200054
12,gpu_only,block_09_qkv,linear_qkv,GPU,637664.8499200054,638107.5824000054
24,gpu_only,block_05_attention,self_attention,GPU,638107.5824000054,638263.6089600055
18,gpu_only,block_06_residual2,residual_add,GPU,638263.6089600055,638281.9561600055
33,gpu_only,block_03_residual1,residual_add,GPU,638281.9561600055,638300.3033600055
60,gpu_only,block_00_norm1,layer_norm,GPU,638300.3033600055,638322.4329600056
35,gpu_only,block_03_qkv,linear_qkv,GPU,638322.4329600056,638765.1654400056
17,gpu_only,block_07_attention,self_attention,GPU,638765.1654400056,638921.1920000056
14,gpu_only,block_08_proj,linear_projection,GPU,638921.1920000056,639073.4361600056
40,gpu_only,block_02_proj,linear_projection,GPU,639073.4361600056,639225.6803200057
8,gpu_only,block_11_residual1,residual_add,GPU,639225.6803200057,639244.0275200057
54,gpu_only,block_00_norm2,layer_norm,GPU,639244.0275200057,639266.1571200058
11,gpu_only,block_09_ffn_island,fused_ffn_island,GPU,639266.1571200058,640479.3696000057
20,gpu_only,block_06_proj,linear_projection,GPU,640479.3696000057,640631.6137600058
9,gpu_only,block_10_residual2,residual_add,GPU,640631.6137600058,640649.9609600058
26,gpu_only,block_04_residual2,residual_add,GPU,640649.9609600058,640668.3081600058
31,gpu_only,block_03_residual2,residual_add,GPU,640668.3081600058,640686.6553600059
53,gpu_only,block_00_ffn_island,fused_ffn_island,GPU,640686.6553600059,641899.8678400059
22,gpu_only,block_05_residual2,residual_add,GPU,641899.8678400059,641918.2150400059
15,gpu_only,block_08_norm1,layer_norm,GPU,641918.2150400059,641940.344640006
29,gpu_only,block_04_attention,self_attention,GPU,641940.344640006,642096.371200006
59,gpu_only,block_00_qkv,linear_qkv,GPU,642096.371200006,642539.103680006
63,gpu_only,patch_embedding,patch_embedding,GPU,642539.103680006,642690.610560006
41,gpu_only,block_02_attention,self_attention,GPU,642690.610560006,642846.637120006
45,gpu_only,block_01_ffn_island,fused_ffn_island,GPU,642846.637120006,644059.8496000059
37,gpu_only,block_02_residual2,residual_add,GPU,644059.8496000059,644078.196800006
32,gpu_only,block_03_ffn_island,fused_ffn_island,GPU,644078.196800006,645291.409280006
38,gpu_only,block_02_ffn_island,fused_ffn_island,GPU,645291.409280006,646504.621760006
13,gpu_only,block_08_residual2,residual_add,GPU,646504.621760006,646522.9689600059
42,gpu_only,block_02_qkv,linear_qkv,GPU,646522.9689600059,646965.701440006
7,gpu_only,classifier,linear_classifier,GPU,646965.701440006,646973.661440006
50,gpu_only,block_01_qkv,linear_qkv,GPU,646973.661440006,647416.393920006
46,gpu_only,block_01_norm2,layer_norm,GPU,647416.393920006,647438.5235200061
52,gpu_only,block_00_residual2,residual_add,GPU,647438.5235200061,647456.8707200062
36,gpu_only,block_03_norm1,layer_norm,GPU,647456.8707200062,647479.0003200062
51,gpu_only,block_01_norm1,layer_norm,GPU,647479.0003200062,647501.1299200061
25,gpu_only,block_05_qkv,linear_qkv,GPU,647501.1299200061,647943.8624000063
58,gpu_only,block_00_attention,self_attention,GPU,647943.8624000063,648099.8889600063
34,gpu_only,block_03_proj,linear_projection,GPU,648099.8889600063,648252.1331200063
44,gpu_only,block_01_residual2,residual_add,GPU,648252.1331200063,648270.4803200064
49,gpu_only,block_01_attention,self_attention,GPU,648270.4803200064,648426.5068800064
48,gpu_only,block_01_proj,linear_projection,GPU,648426.5068800064,648578.7510400064
28,gpu_only,block_04_residual1,residual_add,GPU,648578.7510400064,648597.0982400065
23,gpu_only,block_05_norm2,layer_norm,GPU,648597.0982400065,648619.2278400065
19,gpu_only,block_06_ffn_island,fused_ffn_island,GPU,648619.2278400065,649832.4403200065
57,gpu_only,block_00_proj,linear_projection,GPU,649832.4403200065,649984.6844800065
47,gpu_only,block_01_residual1,residual_add,GPU,649984.6844800065,650003.0316800065
62,gpu_only,token_embedding,token_and_position_embedding,GPU,650003.0316800065,650021.3788800065
43,gpu_only,block_02_norm1,layer_norm,GPU,650021.3788800065,650043.5084800066
21,gpu_only,block_06_qkv,linear_qkv,GPU,650043.5084800066,650486.2409600066
10,gpu_only,block_10_attention,self_attention,GPU,650486.2409600066,650642.2675200066
56,gpu_only,block_00_residual1,residual_add,GPU,650642.2675200066,650660.6147200067
39,gpu_only,block_02_norm2,layer_norm,GPU,650660.6147200067,650682.7443200067
55,gpu_only,block_00_norm2,layer_norm,GPU,650682.7443200067,650704.8739200068
16,gpu_only,block_07_ffn_island,fused_ffn_island,GPU,650704.8739200068,651918.0864000067
27,gpu_only,block_04_ffn_island,fused_ffn_island,GPU,651918.0864000067,653131.2988800067
61,gpu_only,block_00_norm1,layer_norm,GPU,653131.2988800067,653153.4284800066
30,gpu_only,block_04_qkv,linear_qkv,GPU,653153.4284800066,653596.1609600068
12,gpu_only,block_09_attention,self_attention,GPU,653596.1609600068,653752.1875200068
24,gpu_only,block_05_proj,linear_projection,GPU,653752.1875200068,653904.4316800068
18,gpu_only,block_07_norm1,layer_norm,GPU,653904.4316800068,653926.5612800068
33,gpu_only,block_03_norm2,layer_norm,GPU,653926.5612800068,653948.6908800069
60,gpu_only,block_00_qkv,linear_qkv,GPU,653948.6908800069,654391.4233600069
35,gpu_only,block_03_attention,self_attention,GPU,654391.4233600069,654547.4499200069
17,gpu_only,block_07_proj,linear_projection,GPU,654547.4499200069,654699.6940800069
14,gpu_only,block_08_residual1,residual_add,GPU,654699.6940800069,654718.041280007
40,gpu_only,block_02_residual1,residual_add,GPU,654718.041280007,654736.3884800071
8,gpu_only,block_11_norm2,layer_norm,GPU,654736.3884800071,654758.518080007
54,gpu_only,block_00_ffn_island,fused_ffn_island,GPU,654758.518080007,655971.730560007
11,gpu_only,block_09_residual2,residual_add,GPU,655971.730560007,655990.0777600071
20,gpu_only,block_06_residual1,residual_add,GPU,655990.0777600071,656008.4249600071
9,gpu_only,block_11_norm1,layer_norm,GPU,656008.4249600071,656030.5545600072
26,gpu_only,block_05_norm1,layer_norm,GPU,656030.5545600072,656052.6841600072
31,gpu_only,block_04_norm1,layer_norm,GPU,656052.6841600072,656074.8137600071
53,gpu_only,block_00_residual2,residual_add,GPU,656074.8137600071,656093.1609600072
22,gpu_only,block_06_norm1,layer_norm,GPU,656093.1609600072,656115.2905600073
15,gpu_only,block_08_qkv,linear_qkv,GPU,656115.2905600073,656558.0230400073
29,gpu_only,block_04_proj,linear_projection,GPU,656558.0230400073,656710.2672000073
59,gpu_only,block_00_attention,self_attention,GPU,656710.2672000073,656866.2937600074
63,gpu_only,token_embedding,token_and_position_embedding,GPU,656866.2937600074,656884.6409600074
41,gpu_only,block_02_proj,linear_projection,GPU,656884.6409600074,657036.8851200074
45,gpu_only,block_01_residual2,residual_add,GPU,657036.8851200074,657055.2323200075
37,gpu_only,block_03_norm1,layer_norm,GPU,657055.2323200075,657077.3619200075
32,gpu_only,block_03_residual2,residual_add,GPU,657077.3619200075,657095.7091200076
38,gpu_only,block_02_residual2,residual_add,GPU,657095.7091200076,657114.0563200077
13,gpu_only,block_09_norm1,layer_norm,GPU,657114.0563200077,657136.1859200076
42,gpu_only,block_02_attention,self_attention,GPU,657136.1859200076,657292.2124800077
50,gpu_only,block_01_attention,self_attention,GPU,657292.2124800077,657448.2390400077
46,gpu_only,block_01_ffn_island,fused_ffn_island,GPU,657448.2390400077,658661.4515200077
52,gpu_only,block_01_norm1,layer_norm,GPU,658661.4515200077,658683.5811200077
36,gpu_only,block_03_qkv,linear_qkv,GPU,658683.5811200077,659126.3136000077
51,gpu_only,block_01_qkv,linear_qkv,GPU,659126.3136000077,659569.0460800078
25,gpu_only,block_05_attention,self_attention,GPU,659569.0460800078,659725.0726400078
58,gpu_only,block_00_proj,linear_projection,GPU,659725.0726400078,659877.3168000078
34,gpu_only,block_03_residual1,residual_add,GPU,659877.3168000078,659895.6640000079
44,gpu_only,block_02_norm1,layer_norm,GPU,659895.6640000079,659917.7936000079
49,gpu_only,block_01_proj,linear_projection,GPU,659917.7936000079,660070.0377600079
48,gpu_only,block_01_residual1,residual_add,GPU,660070.0377600079,660088.384960008
28,gpu_only,block_04_norm2,layer_norm,GPU,660088.384960008,660110.5145600081
23,gpu_only,block_05_ffn_island,fused_ffn_island,GPU,660110.5145600081,661323.727040008
19,gpu_only,block_06_residual2,residual_add,GPU,661323.727040008,661342.074240008
57,gpu_only,block_00_residual1,residual_add,GPU,661342.074240008,661360.4214400081
47,gpu_only,block_01_norm2,layer_norm,GPU,661360.4214400081,661382.5510400081
62,gpu_only,block_00_norm1,layer_norm,GPU,661382.5510400081,661404.6806400081
43,gpu_only,block_02_qkv,linear_qkv,GPU,661404.6806400081,661847.4131200082
21,gpu_only,block_06_attention,self_attention,GPU,661847.4131200082,662003.4396800082
10,gpu_only,block_10_proj,linear_projection,GPU,662003.4396800082,662155.6838400082
56,gpu_only,block_00_norm2,layer_norm,GPU,662155.6838400082,662177.8134400082
39,gpu_only,block_02_ffn_island,fused_ffn_island,GPU,662177.8134400082,663391.0259200082
55,gpu_only,block_00_ffn_island,fused_ffn_island,GPU,663391.0259200082,664604.2384000082
16,gpu_only,block_07_residual2,residual_add,GPU,664604.2384000082,664622.5856000081
27,gpu_only,block_04_residual2,residual_add,GPU,664622.5856000081,664640.9328000082
61,gpu_only,block_00_qkv,linear_qkv,GPU,664640.9328000082,665083.6652800083
30,gpu_only,block_04_attention,self_attention,GPU,665083.6652800083,665239.6918400083
12,gpu_only,block_09_proj,linear_projection,GPU,665239.6918400083,665391.9360000084
24,gpu_only,block_05_residual1,residual_add,GPU,665391.9360000084,665410.2832000084
18,gpu_only,block_07_qkv,linear_qkv,GPU,665410.2832000084,665853.0156800085
33,gpu_only,block_03_ffn_island,fused_ffn_island,GPU,665853.0156800085,667066.2281600083
60,gpu_only,block_00_attention,self_attention,GPU,667066.2281600083,667222.2547200083
35,gpu_only,block_03_proj,linear_projection,GPU,667222.2547200083,667374.4988800085
17,gpu_only,block_07_residual1,residual_add,GPU,667374.4988800085,667392.8460800084
14,gpu_only,block_08_norm2,layer_norm,GPU,667392.8460800084,667414.9756800085
40,gpu_only,block_02_norm2,layer_norm,GPU,667414.9756800085,667437.1052800085
8,gpu_only,block_11_ffn_island,fused_ffn_island,GPU,667437.1052800085,668650.3177600085
54,gpu_only,block_00_residual2,residual_add,GPU,668650.3177600085,668668.6649600086
11,gpu_only,block_10_norm1,layer_norm,GPU,668668.6649600086,668690.7945600086
20,gpu_only,block_06_norm2,layer_norm,GPU,668690.7945600086,668712.9241600086
9,gpu_only,block_11_qkv,linear_qkv,GPU,668712.9241600086,669155.6566400087
26,gpu_only,block_05_qkv,linear_qkv,GPU,669155.6566400087,669598.3891200087
31,gpu_only,block_04_qkv,linear_qkv,GPU,669598.3891200087,670041.1216000087
53,gpu_only,block_01_norm1,layer_norm,GPU,670041.1216000087,670063.2512000088
22,gpu_only,block_06_qkv,linear_qkv,GPU,670063.2512000088,670505.9836800088
15,gpu_only,block_08_attention,self_attention,GPU,670505.9836800088,670662.0102400088
29,gpu_only,block_04_residual1,residual_add,GPU,670662.0102400088,670680.3574400089
59,gpu_only,block_00_proj,linear_projection,GPU,670680.3574400089,670832.6016000089
63,gpu_only,block_00_norm1,layer_norm,GPU,670832.6016000089,670854.7312000089
41,gpu_only,block_02_residual1,residual_add,GPU,670854.7312000089,670873.078400009
45,gpu_only,block_02_norm1,layer_norm,GPU,670873.078400009,670895.2080000091
37,gpu_only,block_03_qkv,linear_qkv,GPU,670895.2080000091,671337.9404800091
32,gpu_only,block_04_norm1,layer_norm,GPU,671337.9404800091,671360.070080009
38,gpu_only,block_03_norm1,layer_norm,GPU,671360.070080009,671382.1996800092
13,gpu_only,block_09_qkv,linear_qkv,GPU,671382.1996800092,671824.9321600092
42,gpu_only,block_02_proj,linear_projection,GPU,671824.9321600092,671977.1763200092
50,gpu_only,block_01_proj,linear_projection,GPU,671977.1763200092,672129.4204800093
46,gpu_only,block_01_residual2,residual_add,GPU,672129.4204800093,672147.7676800092
52,gpu_only,block_01_qkv,linear_qkv,GPU,672147.7676800092,672590.5001600094
36,gpu_only,block_03_attention,self_attention,GPU,672590.5001600094,672746.5267200094
51,gpu_only,block_01_attention,self_attention,GPU,672746.5267200094,672902.5532800093
25,gpu_only,block_05_proj,linear_projection,GPU,672902.5532800093,673054.7974400094
58,gpu_only,block_00_residual1,residual_add,GPU,673054.7974400094,673073.1446400095
34,gpu_only,block_03_norm2,layer_norm,GPU,673073.1446400095,673095.2742400095
44,gpu_only,block_02_qkv,linear_qkv,GPU,673095.2742400095,673538.0067200095
49,gpu_only,block_01_residual1,residual_add,GPU,673538.0067200095,673556.3539200096
48,gpu_only,block_01_norm2,layer_norm,GPU,673556.3539200096,673578.4835200096
28,gpu_only,block_04_ffn_island,fused_ffn_island,GPU,673578.4835200096,674791.6960000095
23,gpu_only,block_05_residual2,residual_add,GPU,674791.6960000095,674810.0432000096
19,gpu_only,block_07_norm1,layer_norm,GPU,674810.0432000096,674832.1728000096
57,gpu_only,block_00_norm2,layer_norm,GPU,674832.1728000096,674854.3024000097
47,gpu_only,block_01_ffn_island,fused_ffn_island,GPU,674854.3024000097,676067.5148800096
62,gpu_only,block_00_qkv,linear_qkv,GPU,676067.5148800096,676510.2473600097
43,gpu_only,block_02_attention,self_attention,GPU,676510.2473600097,676666.2739200096
21,gpu_only,block_06_proj,linear_projection,GPU,676666.2739200096,676818.5180800097
10,gpu_only,block_10_residual1,residual_add,GPU,676818.5180800097,676836.8652800097
56,gpu_only,block_00_ffn_island,fused_ffn_island,GPU,676836.8652800097,678050.0777600097
39,gpu_only,block_02_residual2,residual_add,GPU,678050.0777600097,678068.4249600098
55,gpu_only,block_00_residual2,residual_add,GPU,678068.4249600098,678086.7721600098
16,gpu_only,block_08_norm1,layer_norm,GPU,678086.7721600098,678108.9017600098
27,gpu_only,block_05_norm1,layer_norm,GPU,678108.9017600098,678131.0313600098
61,gpu_only,block_00_attention,self_attention,GPU,678131.0313600098,678287.0579200098
30,gpu_only,block_04_proj,linear_projection,GPU,678287.0579200098,678439.30208001
12,gpu_only,block_09_residual1,residual_add,GPU,678439.30208001,678457.6492800099
24,gpu_only,block_05_norm2,layer_norm,GPU,678457.6492800099,678479.77888001
18,gpu_only,block_07_attention,self_attention,GPU,678479.77888001,678635.80544001
33,gpu_only,block_03_residual2,residual_add,GPU,678635.80544001,678654.15264001
60,gpu_only,block_00_proj,linear_projection,GPU,678654.15264001,678806.3968000101
35,gpu_only,block_03_residual1,residual_add,GPU,678806.3968000101,678824.7440000102
17,gpu_only,block_07_norm2,layer_norm,GPU,678824.7440000102,678846.8736000102
14,gpu_only,block_08_ffn_island,fused_ffn_island,GPU,678846.8736000102,680060.0860800102
40,gpu_only,block_02_ffn_island,fused_ffn_island,GPU,680060.0860800102,681273.29856001
8,gpu_only,block_11_residual2,residual_add,GPU,681273.29856001,681291.6457600101
54,gpu_only,block_01_norm1,layer_norm,GPU,681291.6457600101,681313.7753600101
11,gpu_only,block_10_qkv,linear_qkv,GPU,681313.7753600101,681756.5078400102
20,gpu_only,block_06_ffn_island,fused_ffn_island,GPU,681756.5078400102,682969.7203200101
9,gpu_only,block_11_attention,self_attention,GPU,682969.7203200101,683125.7468800101
26,gpu_only,block_05_attention,self_attention,GPU,683125.7468800101,683281.7734400101
31,gpu_only,block_04_attention,self_attention,GPU,683281.7734400101,683437.8000000102
53,gpu_only,block_01_qkv,linear_qkv,GPU,683437.8000000102,683880.5324800103
22,gpu_only,block_06_attention,self_attention,GPU,683880.5324800103,684036.5590400102
15,gpu_only,block_08_proj,linear_projection,GPU,684036.5590400102,684188.8032000103
29,gpu_only,block_04_norm2,layer_norm,GPU,684188.8032000103,684210.9328000103
59,gpu_only,block_00_residual1,residual_add,GPU,684210.9328000103,684229.2800000104
63,gpu_only,block_00_qkv,linear_qkv,GPU,684229.2800000104,684672.0124800104
41,gpu_only,block_02_norm2,layer_norm,GPU,684672.0124800104,684694.1420800105
45,gpu_only,block_02_qkv,linear_qkv,GPU,684694.1420800105,685136.8745600105
37,gpu_only,block_03_attention,self_attention,GPU,685136.8745600105,685292.9011200105
32,gpu_only,block_04_qkv,linear_qkv,GPU,685292.9011200105,685735.6336000105
38,gpu_only,block_03_qkv,linear_qkv,GPU,685735.6336000105,686178.3660800105
13,gpu_only,block_09_attention,self_attention,GPU,686178.3660800105,686334.3926400106
42,gpu_only,block_02_residual1,residual_add,GPU,686334.3926400106,686352.7398400106
50,gpu_only,block_01_residual1,residual_add,GPU,686352.7398400106,686371.0870400107
46,gpu_only,block_02_norm1,layer_norm,GPU,686371.0870400107,686393.2166400107
52,gpu_only,block_01_attention,self_attention,GPU,686393.2166400107,686549.2432000107
36,gpu_only,block_03_proj,linear_projection,GPU,686549.2432000107,686701.4873600109
51,gpu_only,block_01_proj,linear_projection,GPU,686701.4873600109,686853.7315200109
25,gpu_only,block_05_residual1,residual_add,GPU,686853.7315200109,686872.0787200109
58,gpu_only,block_00_norm2,layer_norm,GPU,686872.0787200109,686894.2083200109
34,gpu_only,block_03_ffn_island,fused_ffn_island,GPU,686894.2083200109,688107.4208000109
44,gpu_only,block_02_attention,self_attention,GPU,688107.4208000109,688263.4473600109
49,gpu_only,block_01_norm2,layer_norm,GPU,688263.4473600109,688285.5769600109
48,gpu_only,block_01_ffn_island,fused_ffn_island,GPU,688285.5769600109,689498.7894400109
28,gpu_only,block_04_residual2,residual_add,GPU,689498.7894400109,689517.1366400109
23,gpu_only,block_06_norm1,layer_norm,GPU,689517.1366400109,689539.266240011
19,gpu_only,block_07_qkv,linear_qkv,GPU,689539.266240011,689981.998720011
57,gpu_only,block_00_ffn_island,fused_ffn_island,GPU,689981.998720011,691195.211200011
47,gpu_only,block_01_residual2,residual_add,GPU,691195.211200011,691213.5584000109
62,gpu_only,block_00_attention,self_attention,GPU,691213.5584000109,691369.584960011
43,gpu_only,block_02_proj,linear_projection,GPU,691369.584960011,691521.8291200111
21,gpu_only,block_06_residual1,residual_add,GPU,691521.8291200111,691540.176320011
10,gpu_only,block_10_norm2,layer_norm,GPU,691540.176320011,691562.3059200111
56,gpu_only,block_00_residual2,residual_add,GPU,691562.3059200111,691580.6531200112
39,gpu_only,block_03_norm1,layer_norm,GPU,691580.6531200112,691602.7827200112
55,gpu_only,block_01_norm1,layer_norm,GPU,691602.7827200112,691624.9123200112
16,gpu_only,block_08_qkv,linear_qkv,GPU,691624.9123200112,692067.6448000113
27,gpu_only,block_05_qkv,linear_qkv,GPU,692067.6448000113,692510.3772800113
61,gpu_only,block_00_proj,linear_projection,GPU,692510.3772800113,692662.6214400113
30,gpu_only,block_04_residual1,residual_add,GPU,692662.6214400113,692680.9686400114
12,gpu_only,block_09_norm2,layer_norm,GPU,692680.9686400114,692703.0982400114
24,gpu_only,block_05_ffn_island,fused_ffn_island,GPU,692703.0982400114,693916.3107200114
18,gpu_only,block_07_proj,linear_projection,GPU,693916.3107200114,694068.5548800114
33,gpu_only,block_04_norm1,layer_norm,GPU,694068.5548800114,694090.6844800115
60,gpu_only,block_00_residual1,residual_add,GPU,694090.6844800115,694109.0316800114
35,gpu_only,block_03_norm2,layer_norm,GPU,694109.0316800114,694131.1612800115
17,gpu_only,block_07_ffn_island,fused_ffn_island,GPU,694131.1612800115,695344.3737600115
14,gpu_only,block_08_residual2,residual_add,GPU,695344.3737600115,695362.7209600115
40,gpu_only,block_02_residual2,residual_add,GPU,695362.7209600115,695381.0681600115
8,gpu_only,final_norm,layer_norm,GPU,695381.0681600115,695403.1977600115
54,gpu_only,block_01_qkv,linear_qkv,GPU,695403.1977600115,695845.9302400117
11,gpu_only,block_10_attention,self_attention,GPU,695845.9302400117,696001.9568000117
20,gpu_only,block_06_residual2,residual_add,GPU,696001.9568000117,696020.3040000116
9,gpu_only,block_11_proj,linear_projection,GPU,696020.3040000116,696172.5481600118
26,gpu_only,block_05_proj,linear_projection,GPU,696172.5481600118,696324.7923200118
31,gpu_only,block_04_proj,linear_projection,GPU,696324.7923200118,696477.0364800118
53,gpu_only,block_01_attention,self_attention,GPU,696477.0364800118,696633.0630400118
22,gpu_only,block_06_proj,linear_projection,GPU,696633.0630400118,696785.3072000119
15,gpu_only,block_08_residual1,residual_add,GPU,696785.3072000119,696803.6544000119
29,gpu_only,block_04_ffn_island,fused_ffn_island,GPU,696803.6544000119,698016.8668800119
59,gpu_only,block_00_norm2,layer_norm,GPU,698016.8668800119,698038.9964800118
63,gpu_only,block_00_attention,self_attention,GPU,698038.9964800118,698195.0230400119
41,gpu_only,block_02_ffn_island,fused_ffn_island,GPU,698195.0230400119,699408.2355200119
45,gpu_only,block_02_attention,self_attention,GPU,699408.2355200119,699564.2620800119
37,gpu_only,block_03_proj,linear_projection,GPU,699564.2620800119,699716.5062400119
32,gpu_only,block_04_attention,self_attention,GPU,699716.5062400119,699872.5328000119
38,gpu_only,block_03_attention,self_attention,GPU,699872.5328000119,700028.559360012
13,gpu_only,block_09_proj,linear_projection,GPU,700028.559360012,700180.803520012
42,gpu_only,block_02_norm2,layer_norm,GPU,700180.803520012,700202.933120012
50,gpu_only,block_01_norm2,layer_norm,GPU,700202.933120012,700225.062720012
46,gpu_only,block_02_qkv,linear_qkv,GPU,700225.062720012,700667.795200012
52,gpu_only,block_01_proj,linear_projection,GPU,700667.795200012,700820.0393600122
36,gpu_only,block_03_residual1,residual_add,GPU,700820.0393600122,700838.3865600122
51,gpu_only,block_01_residual1,residual_add,GPU,700838.3865600122,700856.7337600122
25,gpu_only,block_05_norm2,layer_norm,GPU,700856.7337600122,700878.8633600123
58,gpu_only,block_00_ffn_island,fused_ffn_island,GPU,700878.8633600123,702092.0758400122
34,gpu_only,block_03_residual2,residual_add,GPU,702092.0758400122,702110.4230400122
44,gpu_only,block_02_proj,linear_projection,GPU,702110.4230400122,702262.6672000122
49,gpu_only,block_01_ffn_island,fused_ffn_island,GPU,702262.6672000122,703475.8796800122
48,gpu_only,block_01_residual2,residual_add,GPU,703475.8796800122,703494.2268800123
28,gpu_only,block_05_norm1,layer_norm,GPU,703494.2268800123,703516.3564800123
23,gpu_only,block_06_qkv,linear_qkv,GPU,703516.3564800123,703959.0889600123
19,gpu_only,block_07_attention,self_attention,GPU,703959.0889600123,704115.1155200123
57,gpu_only,block_00_residual2,residual_add,GPU,704115.1155200123,704133.4627200124
47,gpu_only,block_02_norm1,layer_norm,GPU,704133.4627200124,704155.5923200125
62,gpu_only,block_00_proj,linear_projection,GPU,704155.5923200125,704307.8364800125
43,gpu_only,block_02_residual1,residual_add,GPU,704307.8364800125,704326.1836800126
21,gpu_only,block_06_norm2,layer_norm,GPU,704326.1836800126,704348.3132800126
10,gpu_only,block_10_ffn_island,fused_ffn_island,GPU,704348.3132800126,705561.5257600126
56,gpu_only,block_01_norm1,layer_norm,GPU,705561.5257600126,705583.6553600125
39,gpu_only,block_03_qkv,linear_qkv,GPU,705583.6553600125,706026.3878400126
55,gpu_only,block_01_qkv,linear_qkv,GPU,706026.3878400126,706469.1203200127
16,gpu_only,block_08_attention,self_attention,GPU,706469.1203200127,706625.1468800127
27,gpu_only,block_05_attention,self_attention,GPU,706625.1468800127,706781.1734400127
61,gpu_only,block_00_residual1,residual_add,GPU,706781.1734400127,706799.5206400127
30,gpu_only,block_04_norm2,layer_norm,GPU,706799.5206400127,706821.6502400128
12,gpu_only,block_09_ffn_island,fused_ffn_island,GPU,706821.6502400128,708034.8627200127
24,gpu_only,block_05_residual2,residual_add,GPU,708034.8627200127,708053.2099200127
18,gpu_only,block_07_residual1,residual_add,GPU,708053.2099200127,708071.5571200128
33,gpu_only,block_04_qkv,linear_qkv,GPU,708071.5571200128,708514.2896000128
60,gpu_only,block_00_norm2,layer_norm,GPU,708514.2896000128,708536.4192000129
35,gpu_only,block_03_ffn_island,fused_ffn_island,GPU,708536.4192000129,709749.6316800128
17,gpu_only,block_07_residual2,residual_add,GPU,709749.6316800128,709767.9788800129
14,gpu_only,block_09_norm1,layer_norm,GPU,709767.9788800129,709790.1084800129
40,gpu_only,block_03_norm1,layer_norm,GPU,709790.1084800129,709812.238080013
8,gpu_only,class_token_select,class_token_select,GPU,709812.238080013,709819.2764800129
54,gpu_only,block_01_attention,self_attention,GPU,709819.2764800129,709975.303040013
11,gpu_only,block_10_proj,linear_projection,GPU,709975.303040013,710127.5472000131
20,gpu_only,block_07_norm1,layer_norm,GPU,710127.5472000131,710149.676800013
9,gpu_only,block_11_residual1,residual_add,GPU,710149.676800013,710168.0240000131
26,gpu_only,block_05_residual1,residual_add,GPU,710168.0240000131,710186.3712000132
31,gpu_only,block_04_residual1,residual_add,GPU,710186.3712000132,710204.7184000132
53,gpu_only,block_01_proj,linear_projection,GPU,710204.7184000132,710356.9625600133
22,gpu_only,block_06_residual1,residual_add,GPU,710356.9625600133,710375.3097600132
15,gpu_only,block_08_norm2,layer_norm,GPU,710375.3097600132,710397.4393600133
29,gpu_only,block_04_residual2,residual_add,GPU,710397.4393600133,710415.7865600133
59,gpu_only,block_00_ffn_island,fused_ffn_island,GPU,710415.7865600133,711628.9990400133
63,gpu_only,block_00_proj,linear_projection,GPU,711628.9990400133,711781.2432000133
41,gpu_only,block_02_residual2,residual_add,GPU,711781.2432000133,711799.5904000134
45,gpu_only,block_02_proj,linear_projection,GPU,711799.5904000134,711951.8345600134
37,gpu_only,block_03_residual1,residual_add,GPU,711951.8345600134,711970.1817600135
32,gpu_only,block_04_proj,linear_projection,GPU,711970.1817600135,712122.4259200136
38,gpu_only,block_03_proj,linear_projection,GPU,712122.4259200136,712274.6700800136
13,gpu_only,block_09_residual1,residual_add,GPU,712274.6700800136,712293.0172800136
42,gpu_only,block_02_ffn_island,fused_ffn_island,GPU,712293.0172800136,713506.2297600135
50,gpu_only,block_01_ffn_island,fused_ffn_island,GPU,713506.2297600135,714719.4422400135
46,gpu_only,block_02_attention,self_attention,GPU,714719.4422400135,714875.4688000135
52,gpu_only,block_01_residual1,residual_add,GPU,714875.4688000135,714893.8160000136
36,gpu_only,block_03_norm2,layer_norm,GPU,714893.8160000136,714915.9456000136
51,gpu_only,block_01_norm2,layer_norm,GPU,714915.9456000136,714938.0752000136
25,gpu_only,block_05_ffn_island,fused_ffn_island,GPU,714938.0752000136,716151.2876800136
58,gpu_only,block_00_residual2,residual_add,GPU,716151.2876800136,716169.6348800136
34,gpu_only,block_04_norm1,layer_norm,GPU,716169.6348800136,716191.7644800136
44,gpu_only,block_02_residual1,residual_add,GPU,716191.7644800136,716210.1116800137
49,gpu_only,block_01_residual2,residual_add,GPU,716210.1116800137,716228.4588800138
48,gpu_only,block_02_norm1,layer_norm,GPU,716228.4588800138,716250.5884800138
28,gpu_only,block_05_qkv,linear_qkv,GPU,716250.5884800138,716693.3209600138
23,gpu_only,block_06_attention,self_attention,GPU,716693.3209600138,716849.3475200138
19,gpu_only,block_07_proj,linear_projection,GPU,716849.3475200138,717001.5916800139
57,gpu_only,block_01_norm1,layer_norm,GPU,717001.5916800139,717023.7212800139
47,gpu_only,block_02_qkv,linear_qkv,GPU,717023.7212800139,717466.4537600139
62,gpu_only,block_00_residual1,residual_add,GPU,717466.4537600139,717484.800960014
43,gpu_only,block_02_norm2,layer_norm,GPU,717484.800960014,717506.930560014
21,gpu_only,block_06_ffn_island,fused_ffn_island,GPU,717506.930560014,718720.143040014
10,gpu_only,block_10_residual2,residual_add,GPU,718720.143040014,718738.490240014
56,gpu_only,block_01_qkv,linear_qkv,GPU,718738.490240014,719181.222720014
39,gpu_only,block_03_attention,self_attention,GPU,719181.222720014,719337.2492800141
55,gpu_only,block_01_attention,self_attention,GPU,719337.2492800141,719493.2758400141
16,gpu_only,block_08_proj,linear_projection,GPU,719493.2758400141,719645.5200000141
27,gpu_only,block_05_proj,linear_projection,GPU,719645.5200000141,719797.7641600142
61,gpu_only,block_00_norm2,layer_norm,GPU,719797.7641600142,719819.8937600142
30,gpu_only,block_04_ffn_island,fused_ffn_island,GPU,719819.8937600142,721033.1062400142
12,gpu_only,block_09_residual2,residual_add,GPU,721033.1062400142,721051.4534400142
24,gpu_only,block_06_norm1,layer_norm,GPU,721051.4534400142,721073.5830400143
18,gpu_only,block_07_norm2,layer_norm,GPU,721073.5830400143,721095.7126400142
33,gpu_only,block_04_attention,self_attention,GPU,721095.7126400142,721251.7392000143
60,gpu_only,block_00_ffn_island,fused_ffn_island,GPU,721251.7392000143,722464.9516800143
35,gpu_only,block_03_residual2,residual_add,GPU,722464.9516800143,722483.2988800143
17,gpu_only,block_08_norm1,layer_norm,GPU,722483.2988800143,722505.4284800143
14,gpu_only,block_09_qkv,linear_qkv,GPU,722505.4284800143,722948.1609600143
40,gpu_only,block_03_qkv,linear_qkv,GPU,722948.1609600143,723390.8934400144
8,gpu_only,classifier,linear_classifier,GPU,723390.8934400144,723398.8534400144
54,gpu_only,block_01_proj,linear_projection,GPU,723398.8534400144,723551.0976000144
11,gpu_only,block_10_residual1,residual_add,GPU,723551.0976000144,723569.4448000145
20,gpu_only,block_07_qkv,linear_qkv,GPU,723569.4448000145,724012.1772800145
9,gpu_only,block_11_norm2,layer_norm,GPU,724012.1772800145,724034.3068800146
26,gpu_only,block_05_norm2,layer_norm,GPU,724034.3068800146,724056.4364800146
31,gpu_only,block_04_norm2,layer_norm,GPU,724056.4364800146,724078.5660800147
53,gpu_only,block_01_residual1,residual_add,GPU,724078.5660800147,724096.9132800146
22,gpu_only,block_06_norm2,layer_norm,GPU,724096.9132800146,724119.0428800147
15,gpu_only,block_08_ffn_island,fused_ffn_island,GPU,724119.0428800147,725332.2553600146
29,gpu_only,block_05_norm1,layer_norm,GPU,725332.2553600146,725354.3849600147
59,gpu_only,block_00_residual2,residual_add,GPU,725354.3849600147,725372.7321600148
63,gpu_only,block_00_residual1,residual_add,GPU,725372.7321600148,725391.0793600148
41,gpu_only,block_03_norm1,layer_norm,GPU,725391.0793600148,725413.2089600149
45,gpu_only,block_02_residual1,residual_add,GPU,725413.2089600149,725431.5561600148
37,gpu_only,block_03_norm2,layer_norm,GPU,725431.5561600148,725453.6857600149
32,gpu_only,block_04_residual1,residual_add,GPU,725453.6857600149,725472.032960015
38,gpu_only,block_03_residual1,residual_add,GPU,725472.032960015,725490.380160015
13,gpu_only,block_09_norm2,layer_norm,GPU,725490.380160015,725512.5097600151
42,gpu_only,block_02_residual2,residual_add,GPU,725512.5097600151,725530.856960015
50,gpu_only,block_01_residual2,residual_add,GPU,725530.856960015,725549.2041600151
46,gpu_only,block_02_proj,linear_projection,GPU,725549.2041600151,725701.4483200151
52,gpu_only,block_01_norm2,layer_norm,GPU,725701.4483200151,725723.5779200152
36,gpu_only,block_03_ffn_island,fused_ffn_island,GPU,725723.5779200152,726936.7904000151
51,gpu_only,block_01_ffn_island,fused_ffn_island,GPU,726936.7904000151,728150.0028800151
25,gpu_only,block_05_residual2,residual_add,GPU,728150.0028800151,728168.3500800151
58,gpu_only,block_01_norm1,layer_norm,GPU,728168.3500800151,728190.4796800151
34,gpu_only,block_04_qkv,linear_qkv,GPU,728190.4796800151,728633.2121600152
44,gpu_only,block_02_norm2,layer_norm,GPU,728633.2121600152,728655.3417600152
49,gpu_only,block_02_norm1,layer_norm,GPU,728655.3417600152,728677.4713600152
48,gpu_only,block_02_qkv,linear_qkv,GPU,728677.4713600152,729120.2038400153
28,gpu_only,block_05_attention,self_attention,GPU,729120.2038400153,729276.2304000154
23,gpu_only,block_06_proj,linear_projection,GPU,729276.2304000154,729428.4745600154
19,gpu_only,block_07_residual1,residual_add,GPU,729428.4745600154,729446.8217600154
57,gpu_only,block_01_qkv,linear_qkv,GPU,729446.8217600154,729889.5542400155
47,gpu_only,block_02_attention,self_attention,GPU,729889.5542400155,730045.5808000155
62,gpu_only,block_00_norm2,layer_norm,GPU,730045.5808000155,730067.7104000155
43,gpu_only,block_02_ffn_island,fused_ffn_island,GPU,730067.7104000155,731280.9228800155
21,gpu_only,block_06_residual2,residual_add,GPU,731280.9228800155,731299.2700800155
10,gpu_only,block_11_norm1,layer_norm,GPU,731299.2700800155,731321.3996800155
56,gpu_only,block_01_attention,self_attention,GPU,731321.3996800155,731477.4262400155
39,gpu_only,block_03_proj,linear_projection,GPU,731477.4262400155,731629.6704000155
55,gpu_only,block_01_proj,linear_projection,GPU,731629.6704000155,731781.9145600157
16,gpu_only,block_08_residual1,residual_add,GPU,731781.9145600157,731800.2617600156
27,gpu_only,block_05_residual1,residual_add,GPU,731800.2617600156,731818.6089600157
61,gpu_only,block_00_ffn_island,fused_ffn_island,GPU,731818.6089600157,733031.8214400157
30,gpu_only,block_04_residual2,residual_add,GPU,733031.8214400157,733050.1686400158
12,gpu_only,block_10_norm1,layer_norm,GPU,733050.1686400158,733072.2982400157
24,gpu_only,block_06_qkv,linear_qkv,GPU,733072.2982400157,733515.0307200158
18,gpu_only,block_07_ffn_island,fused_ffn_island,GPU,733515.0307200158,734728.2432000157
33,gpu_only,block_04_proj,linear_projection,GPU,734728.2432000157,734880.4873600157
60,gpu_only,block_00_residual2,residual_add,GPU,734880.4873600157,734898.8345600158
35,gpu_only,block_04_norm1,layer_norm,GPU,734898.8345600158,734920.9641600158
17,gpu_only,block_08_qkv,linear_qkv,GPU,734920.9641600158,735363.6966400159
14,gpu_only,block_09_attention,self_attention,GPU,735363.6966400159,735519.723200016
40,gpu_only,block_03_attention,self_attention,GPU,735519.723200016,735675.749760016
54,gpu_only,block_01_residual1,residual_add,GPU,735675.749760016,735694.096960016
11,gpu_only,block_10_norm2,layer_norm,GPU,735694.096960016,735716.226560016
20,gpu_only,block_07_attention,self_attention,GPU,735716.226560016,735872.2531200161
9,gpu_only,block_11_ffn_island,fused_ffn_island,GPU,735872.2531200161,737085.465600016
26,gpu_only,block_05_ffn_island,fused_ffn_island,GPU,737085.465600016,738298.6780800159
31,gpu_only,block_04_ffn_island,fused_ffn_island,GPU,738298.6780800159,739511.8905600159
53,gpu_only,block_01_norm2,layer_norm,GPU,739511.8905600159,739534.0201600159
22,gpu_only,block_06_ffn_island,fused_ffn_island,GPU,739534.0201600159,740747.2326400159
15,gpu_only,block_08_residual2,residual_add,GPU,740747.2326400159,740765.5798400159
29,gpu_only,block_05_qkv,linear_qkv,GPU,740765.5798400159,741208.312320016
59,gpu_only,block_01_norm1,layer_norm,GPU,741208.312320016,741230.441920016
63,gpu_only,block_00_norm2,layer_norm,GPU,741230.441920016,741252.571520016
41,gpu_only,block_03_qkv,linear_qkv,GPU,741252.571520016,741695.3040000161
45,gpu_only,block_02_norm2,layer_norm,GPU,741695.3040000161,741717.433600016
37,gpu_only,block_03_ffn_island,fused_ffn_island,GPU,741717.433600016,742930.646080016
32,gpu_only,block_04_norm2,layer_norm,GPU,742930.646080016,742952.775680016
38,gpu_only,block_03_norm2,layer_norm,GPU,742952.775680016,742974.9052800161
13,gpu_only,block_09_ffn_island,fused_ffn_island,GPU,742974.9052800161,744188.117760016
42,gpu_only,block_03_norm1,layer_norm,GPU,744188.117760016,744210.2473600161
50,gpu_only,block_02_norm1,layer_norm,GPU,744210.2473600161,744232.3769600161
46,gpu_only,block_02_residual1,residual_add,GPU,744232.3769600161,744250.7241600162
52,gpu_only,block_01_ffn_island,fused_ffn_island,GPU,744250.7241600162,745463.936640016
36,gpu_only,block_03_residual2,residual_add,GPU,745463.936640016,745482.2838400161
51,gpu_only,block_01_residual2,residual_add,GPU,745482.2838400161,745500.6310400162
25,gpu_only,block_06_norm1,layer_norm,GPU,745500.6310400162,745522.7606400162
58,gpu_only,block_01_qkv,linear_qkv,GPU,745522.7606400162,745965.4931200163
34,gpu_only,block_04_attention,self_attention,GPU,745965.4931200163,746121.5196800163
44,gpu_only,block_02_ffn_island,fused_ffn_island,GPU,746121.5196800163,747334.7321600162
49,gpu_only,block_02_qkv,linear_qkv,GPU,747334.7321600162,747777.4646400163
48,gpu_only,block_02_attention,self_attention,GPU,747777.4646400163,747933.4912000162
28,gpu_only,block_05_proj,linear_projection,GPU,747933.4912000162,748085.7353600163
23,gpu_only,block_06_residual1,residual_add,GPU,748085.7353600163,748104.0825600164
19,gpu_only,block_07_norm2,layer_norm,GPU,748104.0825600164,748126.2121600164
57,gpu_only,block_01_attention,self_attention,GPU,748126.2121600164,748282.2387200164
47,gpu_only,block_02_proj,linear_projection,GPU,748282.2387200164,748434.4828800164
62,gpu_only,block_00_ffn_island,fused_ffn_island,GPU,748434.4828800164,749647.6953600164
43,gpu_only,block_02_residual2,residual_add,GPU,749647.6953600164,749666.0425600165
21,gpu_only,block_07_norm1,layer_norm,GPU,749666.0425600165,749688.1721600165
10,gpu_only,block_11_qkv,linear_qkv,GPU,749688.1721600165,750130.9046400165
56,gpu_only,block_01_proj,linear_projection,GPU,750130.9046400165,750283.1488000166
39,gpu_only,block_03_residual1,residual_add,GPU,750283.1488000166,750301.4960000166
55,gpu_only,block_01_residual1,residual_add,GPU,750301.4960000166,750319.8432000167
16,gpu_only,block_08_norm2,layer_norm,GPU,750319.8432000167,750341.9728000166
27,gpu_only,block_05_norm2,layer_norm,GPU,750341.9728000166,750364.1024000167
61,gpu_only,block_00_residual2,residual_add,GPU,750364.1024000167,750382.4496000168
30,gpu_only,block_05_norm1,layer_norm,GPU,750382.4496000168,750404.5792000168
12,gpu_only,block_10_qkv,linear_qkv,GPU,750404.5792000168,750847.3116800168
24,gpu_only,block_06_attention,self_attention,GPU,750847.3116800168,751003.3382400168
18,gpu_only,block_07_residual2,residual_add,GPU,751003.3382400168,751021.6854400169
33,gpu_only,block_04_residual1,residual_add,GPU,751021.6854400169,751040.032640017
60,gpu_only,block_01_norm1,layer_norm,GPU,751040.032640017,751062.162240017
35,gpu_only,block_04_qkv,linear_qkv,GPU,751062.162240017,751504.894720017
17,gpu_only,block_08_attention,self_attention,GPU,751504.894720017,751660.921280017
14,gpu_only,block_09_proj,linear_projection,GPU,751660.921280017,751813.1654400171
40,gpu_only,block_03_proj,linear_projection,GPU,751813.1654400171,751965.4096000171
54,gpu_only,block_01_norm2,layer_norm,GPU,751965.4096000171,751987.5392000171
11,gpu_only,block_10_ffn_island,fused_ffn_island,GPU,751987.5392000171,753200.7516800171
20,gpu_only,block_07_proj,linear_projection,GPU,753200.7516800171,753352.9958400171
9,gpu_only,block_11_residual2,residual_add,GPU,753352.9958400171,753371.3430400172
26,gpu_only,block_05_residual2,residual_add,GPU,753371.3430400172,753389.6902400173
31,gpu_only,block_04_residual2,residual_add,GPU,753389.6902400173,753408.0374400173
53,gpu_only,block_01_ffn_island,fused_ffn_island,GPU,753408.0374400173,754621.2499200172
22,gpu_only,block_06_residual2,residual_add,GPU,754621.2499200172,754639.5971200173
15,gpu_only,block_09_norm1,layer_norm,GPU,754639.5971200173,754661.7267200173
29,gpu_only,block_05_attention,self_attention,GPU,754661.7267200173,754817.7532800173
59,gpu_only,block_01_qkv,linear_qkv,GPU,754817.7532800173,755260.4857600174
63,gpu_only,block_00_ffn_island,fused_ffn_island,GPU,755260.4857600174,756473.6982400173
41,gpu_only,block_03_attention,self_attention,GPU,756473.6982400173,756629.7248000173
45,gpu_only,block_02_ffn_island,fused_ffn_island,GPU,756629.7248000173,757842.9372800173
37,gpu_only,block_03_residual2,residual_add,GPU,757842.9372800173,757861.2844800174
32,gpu_only,block_04_ffn_island,fused_ffn_island,GPU,757861.2844800174,759074.4969600172
38,gpu_only,block_03_ffn_island,fused_ffn_island,GPU,759074.4969600172,760287.7094400172
13,gpu_only,block_09_residual2,residual_add,GPU,760287.7094400172,760306.0566400173
42,gpu_only,block_03_qkv,linear_qkv,GPU,760306.0566400173,760748.7891200173
50,gpu_only,block_02_qkv,linear_qkv,GPU,760748.7891200173,761191.5216000173
46,gpu_only,block_02_norm2,layer_norm,GPU,761191.5216000173,761213.6512000174
52,gpu_only,block_01_residual2,residual_add,GPU,761213.6512000174,761231.9984000174
36,gpu_only,block_04_norm1,layer_norm,GPU,761231.9984000174,761254.1280000175
51,gpu_only,block_02_norm1,layer_norm,GPU,761254.1280000175,761276.2576000175
25,gpu_only,block_06_qkv,linear_qkv,GPU,761276.2576000175,761718.9900800175
58,gpu_only,block_01_attention,self_attention,GPU,761718.9900800175,761875.0166400175
34,gpu_only,block_04_proj,linear_projection,GPU,761875.0166400175,762027.2608000176
44,gpu_only,block_02_residual2,residual_add,GPU,762027.2608000176,762045.6080000176
49,gpu_only,block_02_attention,self_attention,GPU,762045.6080000176,762201.6345600176
48,gpu_only,block_02_proj,linear_projection,GPU,762201.6345600176,762353.8787200177
28,gpu_only,block_05_residual1,residual_add,GPU,762353.8787200177,762372.2259200177
23,gpu_only,block_06_norm2,layer_norm,GPU,762372.2259200177,762394.3555200178
19,gpu_only,block_07_ffn_island,fused_ffn_island,GPU,762394.3555200178,763607.5680000177
57,gpu_only,block_01_proj,linear_projection,GPU,763607.5680000177,763759.8121600178
47,gpu_only,block_02_residual1,residual_add,GPU,763759.8121600178,763778.1593600179
62,gpu_only,block_00_residual2,residual_add,GPU,763778.1593600179,763796.5065600178
43,gpu_only,block_03_norm1,layer_norm,GPU,763796.5065600178,763818.6361600179
21,gpu_only,block_07_qkv,linear_qkv,GPU,763818.6361600179,764261.3686400179
10,gpu_only,block_11_attention,self_attention,GPU,764261.3686400179,764417.395200018
56,gpu_only,block_01_residual1,residual_add,GPU,764417.395200018,764435.742400018
39,gpu_only,block_03_norm2,layer_norm,GPU,764435.742400018,764457.872000018
55,gpu_only,block_01_norm2,layer_norm,GPU,764457.872000018,764480.001600018
16,gpu_only,block_08_ffn_island,fused_ffn_island,GPU,764480.001600018,765693.214080018
27,gpu_only,block_05_ffn_island,fused_ffn_island,GPU,765693.214080018,766906.426560018
61,gpu_only,block_01_norm1,layer_norm,GPU,766906.426560018,766928.556160018
30,gpu_only,block_05_qkv,linear_qkv,GPU,766928.556160018,767371.288640018
12,gpu_only,block_10_attention,self_attention,GPU,767371.288640018,767527.315200018
24,gpu_only,block_06_proj,linear_projection,GPU,767527.315200018,767679.5593600181
18,gpu_only,block_08_norm1,layer_norm,GPU,767679.5593600181,767701.6889600181
33,gpu_only,block_04_norm2,layer_norm,GPU,767701.6889600181,767723.8185600181
60,gpu_only,block_01_qkv,linear_qkv,GPU,767723.8185600181,768166.5510400182
35,gpu_only,block_04_attention,self_attention,GPU,768166.5510400182,768322.5776000182
17,gpu_only,block_08_proj,linear_projection,GPU,768322.5776000182,768474.8217600182
14,gpu_only,block_09_residual1,residual_add,GPU,768474.8217600182,768493.1689600183
40,gpu_only,block_03_residual1,residual_add,GPU,768493.1689600183,768511.5161600184
54,gpu_only,block_01_ffn_island,fused_ffn_island,GPU,768511.5161600184,769724.7286400183
11,gpu_only,block_10_residual2,residual_add,GPU,769724.7286400183,769743.0758400183
20,gpu_only,block_07_residual1,residual_add,GPU,769743.0758400183,769761.4230400184
9,gpu_only,final_norm,layer_norm,GPU,769761.4230400184,769783.5526400184
26,gpu_only,block_06_norm1,layer_norm,GPU,769783.5526400184,769805.6822400184
31,gpu_only,block_05_norm1,layer_norm,GPU,769805.6822400184,769827.8118400185
53,gpu_only,block_01_residual2,residual_add,GPU,769827.8118400185,769846.1590400186
22,gpu_only,block_07_norm1,layer_norm,GPU,769846.1590400186,769868.2886400186
15,gpu_only,block_09_qkv,linear_qkv,GPU,769868.2886400186,770311.0211200186
29,gpu_only,block_05_proj,linear_projection,GPU,770311.0211200186,770463.2652800187
59,gpu_only,block_01_attention,self_attention,GPU,770463.2652800187,770619.2918400187
63,gpu_only,block_00_residual2,residual_add,GPU,770619.2918400187,770637.6390400187
41,gpu_only,block_03_proj,linear_projection,GPU,770637.6390400187,770789.8832000188
45,gpu_only,block_02_residual2,residual_add,GPU,770789.8832000188,770808.2304000187
37,gpu_only,block_04_norm1,layer_norm,GPU,770808.2304000187,770830.3600000188
32,gpu_only,block_04_residual2,residual_add,GPU,770830.3600000188,770848.7072000188
38,gpu_only,block_03_residual2,residual_add,GPU,770848.7072000188,770867.0544000189
13,gpu_only,block_10_norm1,layer_norm,GPU,770867.0544000189,770889.184000019
42,gpu_only,block_03_attention,self_attention,GPU,770889.184000019,771045.210560019
50,gpu_only,block_02_attention,self_attention,GPU,771045.210560019,771201.2371200189
46,gpu_only,block_02_ffn_island,fused_ffn_island,GPU,771201.2371200189,772414.4496000189
52,gpu_only,block_02_norm1,layer_norm,GPU,772414.4496000189,772436.579200019
36,gpu_only,block_04_qkv,linear_qkv,GPU,772436.579200019,772879.311680019
51,gpu_only,block_02_qkv,linear_qkv,GPU,772879.311680019,773322.044160019
25,gpu_only,block_06_attention,self_attention,GPU,773322.044160019,773478.070720019
58,gpu_only,block_01_proj,linear_projection,GPU,773478.070720019,773630.314880019
34,gpu_only,block_04_residual1,residual_add,GPU,773630.314880019,773648.6620800191
44,gpu_only,block_03_norm1,layer_norm,GPU,773648.6620800191,773670.7916800192
49,gpu_only,block_02_proj,linear_projection,GPU,773670.7916800192,773823.0358400192
48,gpu_only,block_02_residual1,residual_add,GPU,773823.0358400192,773841.3830400193
28,gpu_only,block_05_norm2,layer_norm,GPU,773841.3830400193,773863.5126400193
23,gpu_only,block_06_ffn_island,fused_ffn_island,GPU,773863.5126400193,775076.7251200193
19,gpu_only,block_07_residual2,residual_add,GPU,775076.7251200193,775095.0723200192
57,gpu_only,block_01_residual1,residual_add,GPU,775095.0723200192,775113.4195200193
47,gpu_only,block_02_norm2,layer_norm,GPU,775113.4195200193,775135.5491200193
62,gpu_only,block_01_norm1,layer_norm,GPU,775135.5491200193,775157.6787200194
43,gpu_only,block_03_qkv,linear_qkv,GPU,775157.6787200194,775600.4112000194
21,gpu_only,block_07_attention,self_attention,GPU,775600.4112000194,775756.4377600194
10,gpu_only,block_11_proj,linear_projection,GPU,775756.4377600194,775908.6819200194
56,gpu_only,block_01_norm2,layer_norm,GPU,775908.6819200194,775930.8115200195
39,gpu_only,block_03_ffn_island,fused_ffn_island,GPU,775930.8115200195,777144.0240000194
55,gpu_only,block_01_ffn_island,fused_ffn_island,GPU,777144.0240000194,778357.2364800194
16,gpu_only,block_08_residual2,residual_add,GPU,778357.2364800194,778375.5836800195
27,gpu_only,block_05_residual2,residual_add,GPU,778375.5836800195,778393.9308800196
61,gpu_only,block_01_qkv,linear_qkv,GPU,778393.9308800196,778836.6633600196
30,gpu_only,block_05_attention,self_attention,GPU,778836.6633600196,778992.6899200196
12,gpu_only,block_10_proj,linear_projection,GPU,778992.6899200196,779144.9340800196
24,gpu_only,block_06_residual1,residual_add,GPU,779144.9340800196,779163.2812800197
18,gpu_only,block_08_qkv,linear_qkv,GPU,779163.2812800197,779606.0137600197
33,gpu_only,block_04_ffn_island,fused_ffn_island,GPU,779606.0137600197,780819.2262400197
60,gpu_only,block_01_attention,self_attention,GPU,780819.2262400197,780975.2528000197
35,gpu_only,block_04_proj,linear_projection,GPU,780975.2528000197,781127.4969600197
17,gpu_only,block_08_residual1,residual_add,GPU,781127.4969600197,781145.8441600198
14,gpu_only,block_09_norm2,layer_norm,GPU,781145.8441600198,781167.9737600198
40,gpu_only,block_03_norm2,layer_norm,GPU,781167.9737600198,781190.1033600199
54,gpu_only,block_01_residual2,residual_add,GPU,781190.1033600199,781208.4505600198
11,gpu_only,block_11_norm1,layer_norm,GPU,781208.4505600198,781230.5801600199
20,gpu_only,block_07_norm2,layer_norm,GPU,781230.5801600199,781252.7097600199
9,gpu_only,class_token_select,class_token_select,GPU,781252.7097600199,781259.74816002
26,gpu_only,block_06_qkv,linear_qkv,GPU,781259.74816002,781702.48064002
31,gpu_only,block_05_qkv,linear_qkv,GPU,781702.48064002,782145.2131200201
53,gpu_only,block_02_norm1,layer_norm,GPU,782145.2131200201,782167.3427200201
22,gpu_only,block_07_qkv,linear_qkv,GPU,782167.3427200201,782610.0752000201
15,gpu_only,block_09_attention,self_attention,GPU,782610.0752000201,782766.1017600201
29,gpu_only,block_05_residual1,residual_add,GPU,782766.1017600201,782784.4489600202
59,gpu_only,block_01_proj,linear_projection,GPU,782784.4489600202,782936.6931200202
63,gpu_only,block_01_norm1,layer_norm,GPU,782936.6931200202,782958.8227200203
41,gpu_only,block_03_residual1,residual_add,GPU,782958.8227200203,782977.1699200203
45,gpu_only,block_03_norm1,layer_norm,GPU,782977.1699200203,782999.2995200204
37,gpu_only,block_04_qkv,linear_qkv,GPU,782999.2995200204,783442.0320000204
32,gpu_only,block_05_norm1,layer_norm,GPU,783442.0320000204,783464.1616000204
38,gpu_only,block_04_norm1,layer_norm,GPU,783464.1616000204,783486.2912000205
13,gpu_only,block_10_qkv,linear_qkv,GPU,783486.2912000205,783929.0236800205
42,gpu_only,block_03_proj,linear_projection,GPU,783929.0236800205,784081.2678400205
50,gpu_only,block_02_proj,linear_projection,GPU,784081.2678400205,784233.5120000206
46,gpu_only,block_02_residual2,residual_add,GPU,784233.5120000206,784251.8592000206
52,gpu_only,block_02_qkv,linear_qkv,GPU,784251.8592000206,784694.5916800207
36,gpu_only,block_04_attention,self_attention,GPU,784694.5916800207,784850.6182400207
51,gpu_only,block_02_attention,self_attention,GPU,784850.6182400207,785006.6448000207
25,gpu_only,block_06_proj,linear_projection,GPU,785006.6448000207,785158.8889600207
58,gpu_only,block_01_residual1,residual_add,GPU,785158.8889600207,785177.2361600208
34,gpu_only,block_04_norm2,layer_norm,GPU,785177.2361600208,785199.3657600208
44,gpu_only,block_03_qkv,linear_qkv,GPU,785199.3657600208,785642.0982400208
49,gpu_only,block_02_residual1,residual_add,GPU,785642.0982400208,785660.4454400209
48,gpu_only,block_02_norm2,layer_norm,GPU,785660.4454400209,785682.575040021
28,gpu_only,block_05_ffn_island,fused_ffn_island,GPU,785682.575040021,786895.7875200209
23,gpu_only,block_06_residual2,residual_add,GPU,786895.7875200209,786914.1347200209
19,gpu_only,block_08_norm1,layer_norm,GPU,786914.1347200209,786936.2643200209
57,gpu_only,block_01_norm2,layer_norm,GPU,786936.2643200209,786958.393920021
47,gpu_only,block_02_ffn_island,fused_ffn_island,GPU,786958.393920021,788171.6064000209
62,gpu_only,block_01_qkv,linear_qkv,GPU,788171.6064000209,788614.338880021
43,gpu_only,block_03_attention,self_attention,GPU,788614.338880021,788770.365440021
21,gpu_only,block_07_proj,linear_projection,GPU,788770.365440021,788922.609600021
10,gpu_only,block_11_residual1,residual_add,GPU,788922.609600021,788940.9568000211
56,gpu_only,block_01_ffn_island,fused_ffn_island,GPU,788940.9568000211,790154.169280021
39,gpu_only,block_03_residual2,residual_add,GPU,790154.169280021,790172.5164800211
55,gpu_only,block_01_residual2,residual_add,GPU,790172.5164800211,790190.8636800211
16,gpu_only,block_09_norm1,layer_norm,GPU,790190.8636800211,790212.9932800211
27,gpu_only,block_06_norm1,layer_norm,GPU,790212.9932800211,790235.1228800212
61,gpu_only,block_01_attention,self_attention,GPU,790235.1228800212,790391.1494400213
30,gpu_only,block_05_proj,linear_projection,GPU,790391.1494400213,790543.3936000213
12,gpu_only,block_10_residual1,residual_add,GPU,790543.3936000213,790561.7408000213
24,gpu_only,block_06_norm2,layer_norm,GPU,790561.7408000213,790583.8704000213
18,gpu_only,block_08_attention,self_attention,GPU,790583.8704000213,790739.8969600213
33,gpu_only,block_04_residual2,residual_add,GPU,790739.8969600213,790758.2441600214
60,gpu_only,block_01_proj,linear_projection,GPU,790758.2441600214,790910.4883200214
35,gpu_only,block_04_residual1,residual_add,GPU,790910.4883200214,790928.8355200215
17,gpu_only,block_08_norm2,layer_norm,GPU,790928.8355200215,790950.9651200215
14,gpu_only,block_09_ffn_island,fused_ffn_island,GPU,790950.9651200215,792164.1776000215
40,gpu_only,block_03_ffn_island,fused_ffn_island,GPU,792164.1776000215,793377.3900800213
54,gpu_only,block_02_norm1,layer_norm,GPU,793377.3900800213,793399.5196800214
11,gpu_only,block_11_qkv,linear_qkv,GPU,793399.5196800214,793842.2521600215
20,gpu_only,block_07_ffn_island,fused_ffn_island,GPU,793842.2521600215,795055.4646400214
9,gpu_only,classifier,linear_classifier,GPU,795055.4646400214,795063.4246400214
26,gpu_only,block_06_attention,self_attention,GPU,795063.4246400214,795219.4512000214
31,gpu_only,block_05_attention,self_attention,GPU,795219.4512000214,795375.4777600215
53,gpu_only,block_02_qkv,linear_qkv,GPU,795375.4777600215,795818.2102400216
22,gpu_only,block_07_attention,self_attention,GPU,795818.2102400216,795974.2368000216
15,gpu_only,block_09_proj,linear_projection,GPU,795974.2368000216,796126.4809600216
29,gpu_only,block_05_norm2,layer_norm,GPU,796126.4809600216,796148.6105600216
59,gpu_only,block_01_residual1,residual_add,GPU,796148.6105600216,796166.9577600217
63,gpu_only,block_01_qkv,linear_qkv,GPU,796166.9577600217,796609.6902400217
41,gpu_only,block_03_norm2,layer_norm,GPU,796609.6902400217,796631.8198400218
45,gpu_only,block_03_qkv,linear_qkv,GPU,796631.8198400218,797074.5523200218
37,gpu_only,block_04_attention,self_attention,GPU,797074.5523200218,797230.5788800218
32,gpu_only,block_05_qkv,linear_qkv,GPU,797230.5788800218,797673.3113600218
38,gpu_only,block_04_qkv,linear_qkv,GPU,797673.3113600218,798116.0438400218
13,gpu_only,block_10_attention,self_attention,GPU,798116.0438400218,798272.0704000219
42,gpu_only,block_03_residual1,residual_add,GPU,798272.0704000219,798290.4176000219
50,gpu_only,block_02_residual1,residual_add,GPU,798290.4176000219,798308.764800022
46,gpu_only,block_03_norm1,layer_norm,GPU,798308.764800022,798330.894400022
52,gpu_only,block_02_attention,self_attention,GPU,798330.894400022,798486.920960022
36,gpu_only,block_04_proj,linear_projection,GPU,798486.920960022,798639.1651200221
51,gpu_only,block_02_proj,linear_projection,GPU,798639.1651200221,798791.4092800221
25,gpu_only,block_06_residual1,residual_add,GPU,798791.4092800221,798809.7564800222
58,gpu_only,block_01_norm2,layer_norm,GPU,798809.7564800222,798831.8860800222
34,gpu_only,block_04_ffn_island,fused_ffn_island,GPU,798831.8860800222,800045.0985600222
44,gpu_only,block_03_attention,self_attention,GPU,800045.0985600222,800201.1251200222
49,gpu_only,block_02_norm2,layer_norm,GPU,800201.1251200222,800223.2547200222
48,gpu_only,block_02_ffn_island,fused_ffn_island,GPU,800223.2547200222,801436.4672000222
28,gpu_only,block_05_residual2,residual_add,GPU,801436.4672000222,801454.8144000222
23,gpu_only,block_07_norm1,layer_norm,GPU,801454.8144000222,801476.9440000223
19,gpu_only,block_08_qkv,linear_qkv,GPU,801476.9440000223,801919.6764800223
57,gpu_only,block_01_ffn_island,fused_ffn_island,GPU,801919.6764800223,803132.8889600222
47,gpu_only,block_02_residual2,residual_add,GPU,803132.8889600222,803151.2361600222
62,gpu_only,block_01_attention,self_attention,GPU,803151.2361600222,803307.2627200222
43,gpu_only,block_03_proj,linear_projection,GPU,803307.2627200222,803459.5068800224
21,gpu_only,block_07_residual1,residual_add,GPU,803459.5068800224,803477.8540800223
10,gpu_only,block_11_norm2,layer_norm,GPU,803477.8540800223,803499.9836800224
56,gpu_only,block_01_residual2,residual_add,GPU,803499.9836800224,803518.3308800225
39,gpu_only,block_04_norm1,layer_norm,GPU,803518.3308800225,803540.4604800225
55,gpu_only,block_02_norm1,layer_norm,GPU,803540.4604800225,803562.5900800225
16,gpu_only,block_09_qkv,linear_qkv,GPU,803562.5900800225,804005.3225600226
27,gpu_only,block_06_qkv,linear_qkv,GPU,804005.3225600226,804448.0550400226
61,gpu_only,block_01_proj,linear_projection,GPU,804448.0550400226,804600.2992000226
30,gpu_only,block_05_residual1,residual_add,GPU,804600.2992000226,804618.6464000227
12,gpu_only,block_10_norm2,layer_norm,GPU,804618.6464000227,804640.7760000227
24,gpu_only,block_06_ffn_island,fused_ffn_island,GPU,804640.7760000227,805853.9884800226
18,gpu_only,block_08_proj,linear_projection,GPU,805853.9884800226,806006.2326400226
33,gpu_only,block_05_norm1,layer_norm,GPU,806006.2326400226,806028.3622400227
60,gpu_only,block_01_residual1,residual_add,GPU,806028.3622400227,806046.7094400228
35,gpu_only,block_04_norm2,layer_norm,GPU,806046.7094400228,806068.8390400228
17,gpu_only,block_08_ffn_island,fused_ffn_island,GPU,806068.8390400228,807282.0515200228
14,gpu_only,block_09_residual2,residual_add,GPU,807282.0515200228,807300.3987200228
40,gpu_only,block_03_residual2,residual_add,GPU,807300.3987200228,807318.7459200228
54,gpu_only,block_02_qkv,linear_qkv,GPU,807318.7459200228,807761.4784000228
11,gpu_only,block_11_attention,self_attention,GPU,807761.4784000228,807917.5049600229
20,gpu_only,block_07_residual2,residual_add,GPU,807917.5049600229,807935.852160023
26,gpu_only,block_06_proj,linear_projection,GPU,807935.852160023,808088.096320023
31,gpu_only,block_05_proj,linear_projection,GPU,808088.096320023,808240.3404800231
53,gpu_only,block_02_attention,self_attention,GPU,808240.3404800231,808396.3670400231
22,gpu_only,block_07_proj,linear_projection,GPU,808396.3670400231,808548.6112000231
15,gpu_only,block_09_residual1,residual_add,GPU,808548.6112000231,808566.9584000232
29,gpu_only,block_05_ffn_island,fused_ffn_island,GPU,808566.9584000232,809780.170880023
59,gpu_only,block_01_norm2,layer_norm,GPU,809780.170880023,809802.3004800231
63,gpu_only,block_01_attention,self_attention,GPU,809802.3004800231,809958.3270400232
41,gpu_only,block_03_ffn_island,fused_ffn_island,GPU,809958.3270400232,811171.539520023
45,gpu_only,block_03_attention,self_attention,GPU,811171.539520023,811327.5660800231
37,gpu_only,block_04_proj,linear_projection,GPU,811327.5660800231,811479.8102400232
32,gpu_only,block_05_attention,self_attention,GPU,811479.8102400232,811635.8368000232
38,gpu_only,block_04_attention,self_attention,GPU,811635.8368000232,811791.8633600231
13,gpu_only,block_10_proj,linear_projection,GPU,811791.8633600231,811944.1075200232
42,gpu_only,block_03_norm2,layer_norm,GPU,811944.1075200232,811966.2371200232
50,gpu_only,block_02_norm2,layer_norm,GPU,811966.2371200232,811988.3667200233
46,gpu_only,block_03_qkv,linear_qkv,GPU,811988.3667200233,812431.0992000233
52,gpu_only,block_02_proj,linear_projection,GPU,812431.0992000233,812583.3433600233
36,gpu_only,block_04_residual1,residual_add,GPU,812583.3433600233,812601.6905600234
51,gpu_only,block_02_residual1,residual_add,GPU,812601.6905600234,812620.0377600235
25,gpu_only,block_06_norm2,layer_norm,GPU,812620.0377600235,812642.1673600235
58,gpu_only,block_01_ffn_island,fused_ffn_island,GPU,812642.1673600235,813855.3798400235
34,gpu_only,block_04_residual2,residual_add,GPU,813855.3798400235,813873.7270400234
44,gpu_only,block_03_proj,linear_projection,GPU,813873.7270400234,814025.9712000235
49,gpu_only,block_02_ffn_island,fused_ffn_island,GPU,814025.9712000235,815239.1836800234
48,gpu_only,block_02_residual2,residual_add,GPU,815239.1836800234,815257.5308800235
28,gpu_only,block_06_norm1,layer_norm,GPU,815257.5308800235,815279.6604800236
23,gpu_only,block_07_qkv,linear_qkv,GPU,815279.6604800236,815722.3929600236
19,gpu_only,block_08_attention,self_attention,GPU,815722.3929600236,815878.4195200236
57,gpu_only,block_01_residual2,residual_add,GPU,815878.4195200236,815896.7667200237
47,gpu_only,block_03_norm1,layer_norm,GPU,815896.7667200237,815918.8963200237
62,gpu_only,block_01_proj,linear_projection,GPU,815918.8963200237,816071.1404800237
43,gpu_only,block_03_residual1,residual_add,GPU,816071.1404800237,816089.4876800238
21,gpu_only,block_07_norm2,layer_norm,GPU,816089.4876800238,816111.6172800238
10,gpu_only,block_11_ffn_island,fused_ffn_island,GPU,816111.6172800238,817324.8297600237
56,gpu_only,block_02_norm1,layer_norm,GPU,817324.8297600237,817346.9593600237
39,gpu_only,block_04_qkv,linear_qkv,GPU,817346.9593600237,817789.6918400239
55,gpu_only,block_02_qkv,linear_qkv,GPU,817789.6918400239,818232.4243200239
16,gpu_only,block_09_attention,self_attention,GPU,818232.4243200239,818388.4508800239
27,gpu_only,block_06_attention,self_attention,GPU,818388.4508800239,818544.4774400239
61,gpu_only,block_01_residual1,residual_add,GPU,818544.4774400239,818562.824640024
30,gpu_only,block_05_norm2,layer_norm,GPU,818562.824640024,818584.954240024
12,gpu_only,block_10_ffn_island,fused_ffn_island,GPU,818584.954240024,819798.166720024
24,gpu_only,block_06_residual2,residual_add,GPU,819798.166720024,819816.5139200239
18,gpu_only,block_08_residual1,residual_add,GPU,819816.5139200239,819834.861120024
33,gpu_only,block_05_qkv,linear_qkv,GPU,819834.861120024,820277.593600024
60,gpu_only,block_01_norm2,layer_norm,GPU,820277.593600024,820299.7232000241
35,gpu_only,block_04_ffn_island,fused_ffn_island,GPU,820299.7232000241,821512.9356800241
17,gpu_only,block_08_residual2,residual_add,GPU,821512.9356800241,821531.282880024
14,gpu_only,block_10_norm1,layer_norm,GPU,821531.282880024,821553.4124800242
40,gpu_only,block_04_norm1,layer_norm,GPU,821553.4124800242,821575.5420800241
54,gpu_only,block_02_attention,self_attention,GPU,821575.5420800241,821731.5686400242
11,gpu_only,block_11_proj,linear_projection,GPU,821731.5686400242,821883.8128000242
20,gpu_only,block_08_norm1,layer_norm,GPU,821883.8128000242,821905.9424000243
26,gpu_only,block_06_residual1,residual_add,GPU,821905.9424000243,821924.2896000242
31,gpu_only,block_05_residual1,residual_add,GPU,821924.2896000242,821942.6368000243
53,gpu_only,block_02_proj,linear_projection,GPU,821942.6368000243,822094.8809600243
22,gpu_only,block_07_residual1,residual_add,GPU,822094.8809600243,822113.2281600244
15,gpu_only,block_09_norm2,layer_norm,GPU,822113.2281600244,822135.3577600245
29,gpu_only,block_05_residual2,residual_add,GPU,822135.3577600245,822153.7049600244
59,gpu_only,block_01_ffn_island,fused_ffn_island,GPU,822153.7049600244,823366.9174400244
63,gpu_only,block_01_proj,linear_projection,GPU,823366.9174400244,823519.1616000244
41,gpu_only,block_03_residual2,residual_add,GPU,823519.1616000244,823537.5088000245
45,gpu_only,block_03_proj,linear_projection,GPU,823537.5088000245,823689.7529600245
37,gpu_only,block_04_residual1,residual_add,GPU,823689.7529600245,823708.1001600246
32,gpu_only,block_05_proj,linear_projection,GPU,823708.1001600246,823860.3443200246
38,gpu_only,block_04_proj,linear_projection,GPU,823860.3443200246,824012.5884800247
13,gpu_only,block_10_residual1,residual_add,GPU,824012.5884800247,824030.9356800247
42,gpu_only,block_03_ffn_island,fused_ffn_island,GPU,824030.9356800247,825244.1481600247
50,gpu_only,block_02_ffn_island,fused_ffn_island,GPU,825244.1481600247,826457.3606400246
46,gpu_only,block_03_attention,self_attention,GPU,826457.3606400246,826613.3872000247
52,gpu_only,block_02_residual1,residual_add,GPU,826613.3872000247,826631.7344000246
36,gpu_only,block_04_norm2,layer_norm,GPU,826631.7344000246,826653.8640000247
51,gpu_only,block_02_norm2,layer_norm,GPU,826653.8640000247,826675.9936000247
25,gpu_only,block_06_ffn_island,fused_ffn_island,GPU,826675.9936000247,827889.2060800247
58,gpu_only,block_01_residual2,residual_add,GPU,827889.2060800247,827907.5532800248
34,gpu_only,block_05_norm1,layer_norm,GPU,827907.5532800248,827929.6828800248
44,gpu_only,block_03_residual1,residual_add,GPU,827929.6828800248,827948.0300800249
49,gpu_only,block_02_residual2,residual_add,GPU,827948.0300800249,827966.3772800248
48,gpu_only,block_03_norm1,layer_norm,GPU,827966.3772800248,827988.5068800249
28,gpu_only,block_06_qkv,linear_qkv,GPU,827988.5068800249,828431.2393600249
23,gpu_only,block_07_attention,self_attention,GPU,828431.2393600249,828587.265920025
19,gpu_only,block_08_proj,linear_projection,GPU,828587.265920025,828739.510080025
57,gpu_only,block_02_norm1,layer_norm,GPU,828739.510080025,828761.639680025
47,gpu_only,block_03_qkv,linear_qkv,GPU,828761.639680025,829204.372160025
62,gpu_only,block_01_residual1,residual_add,GPU,829204.372160025,829222.7193600251
43,gpu_only,block_03_norm2,layer_norm,GPU,829222.7193600251,829244.8489600251
21,gpu_only,block_07_ffn_island,fused_ffn_island,GPU,829244.8489600251,830458.0614400251
10,gpu_only,block_11_residual2,residual_add,GPU,830458.0614400251,830476.4086400252
56,gpu_only,block_02_qkv,linear_qkv,GPU,830476.4086400252,830919.1411200252
39,gpu_only,block_04_attention,self_attention,GPU,830919.1411200252,831075.1676800252
55,gpu_only,block_02_attention,self_attention,GPU,831075.1676800252,831231.1942400252
16,gpu_only,block_09_proj,linear_projection,GPU,831231.1942400252,831383.4384000252
27,gpu_only,block_06_proj,linear_projection,GPU,831383.4384000252,831535.6825600252
61,gpu_only,block_01_norm2,layer_norm,GPU,831535.6825600252,831557.8121600254
30,gpu_only,block_05_ffn_island,fused_ffn_island,GPU,831557.8121600254,832771.0246400253
12,gpu_only,block_10_residual2,residual_add,GPU,832771.0246400253,832789.3718400253
24,gpu_only,block_07_norm1,layer_norm,GPU,832789.3718400253,832811.5014400254
18,gpu_only,block_08_norm2,layer_norm,GPU,832811.5014400254,832833.6310400254
33,gpu_only,block_05_attention,self_attention,GPU,832833.6310400254,832989.6576000254
60,gpu_only,block_01_ffn_island,fused_ffn_island,GPU,832989.6576000254,834202.8700800254
35,gpu_only,block_04_residual2,residual_add,GPU,834202.8700800254,834221.2172800254
17,gpu_only,block_09_norm1,layer_norm,GPU,834221.2172800254,834243.3468800255
14,gpu_only,block_10_qkv,linear_qkv,GPU,834243.3468800255,834686.0793600255
40,gpu_only,block_04_qkv,linear_qkv,GPU,834686.0793600255,835128.8118400255
54,gpu_only,block_02_proj,linear_projection,GPU,835128.8118400255,835281.0560000256
11,gpu_only,block_11_residual1,residual_add,GPU,835281.0560000256,835299.4032000256
20,gpu_only,block_08_qkv,linear_qkv,GPU,835299.4032000256,835742.1356800257
26,gpu_only,block_06_norm2,layer_norm,GPU,835742.1356800257,835764.2652800257
31,gpu_only,block_05_norm2,layer_norm,GPU,835764.2652800257,835786.3948800258
53,gpu_only,block_02_residual1,residual_add,GPU,835786.3948800258,835804.7420800257
22,gpu_only,block_07_norm2,layer_norm,GPU,835804.7420800257,835826.8716800258
15,gpu_only,block_09_ffn_island,fused_ffn_island,GPU,835826.8716800258,837040.0841600257
29,gpu_only,block_06_norm1,layer_norm,GPU,837040.0841600257,837062.2137600258
59,gpu_only,block_01_residual2,residual_add,GPU,837062.2137600258,837080.5609600258
63,gpu_only,block_01_residual1,residual_add,GPU,837080.5609600258,837098.9081600258
41,gpu_only,block_04_norm1,layer_norm,GPU,837098.9081600258,837121.0377600259
45,gpu_only,block_03_residual1,residual_add,GPU,837121.0377600259,837139.3849600259
37,gpu_only,block_04_norm2,layer_norm,GPU,837139.3849600259,837161.514560026
32,gpu_only,block_05_residual1,residual_add,GPU,837161.514560026,837179.861760026
38,gpu_only,block_04_residual1,residual_add,GPU,837179.861760026,837198.208960026
13,gpu_only,block_10_norm2,layer_norm,GPU,837198.208960026,837220.3385600261
42,gpu_only,block_03_residual2,residual_add,GPU,837220.3385600261,837238.6857600261
50,gpu_only,block_02_residual2,residual_add,GPU,837238.6857600261,837257.0329600262
46,gpu_only,block_03_proj,linear_projection,GPU,837257.0329600262,837409.2771200262
52,gpu_only,block_02_norm2,layer_norm,GPU,837409.2771200262,837431.4067200263
36,gpu_only,block_04_ffn_island,fused_ffn_island,GPU,837431.4067200263,838644.6192000262
51,gpu_only,block_02_ffn_island,fused_ffn_island,GPU,838644.6192000262,839857.8316800261
25,gpu_only,block_06_residual2,residual_add,GPU,839857.8316800261,839876.1788800262
58,gpu_only,block_02_norm1,layer_norm,GPU,839876.1788800262,839898.3084800262
34,gpu_only,block_05_qkv,linear_qkv,GPU,839898.3084800262,840341.0409600262
44,gpu_only,block_03_norm2,layer_norm,GPU,840341.0409600262,840363.1705600263
49,gpu_only,block_03_norm1,layer_norm,GPU,840363.1705600263,840385.3001600263
48,gpu_only,block_03_qkv,linear_qkv,GPU,840385.3001600263,840828.0326400264
28,gpu_only,block_06_attention,self_attention,GPU,840828.0326400264,840984.0592000264
23,gpu_only,block_07_proj,linear_projection,GPU,840984.0592000264,841136.3033600264
19,gpu_only,block_08_residual1,residual_add,GPU,841136.3033600264,841154.6505600265
57,gpu_only,block_02_qkv,linear_qkv,GPU,841154.6505600265,841597.3830400265
47,gpu_only,block_03_attention,self_attention,GPU,841597.3830400265,841753.4096000266
62,gpu_only,block_01_norm2,layer_norm,GPU,841753.4096000266,841775.5392000265
43,gpu_only,block_03_ffn_island,fused_ffn_island,GPU,841775.5392000265,842988.7516800265
21,gpu_only,block_07_residual2,residual_add,GPU,842988.7516800265,843007.0988800266
10,gpu_only,final_norm,layer_norm,GPU,843007.0988800266,843029.2284800266
56,gpu_only,block_02_attention,self_attention,GPU,843029.2284800266,843185.2550400266
39,gpu_only,block_04_proj,linear_projection,GPU,843185.2550400266,843337.4992000266
55,gpu_only,block_02_proj,linear_projection,GPU,843337.4992000266,843489.7433600267
16,gpu_only,block_09_residual1,residual_add,GPU,843489.7433600267,843508.0905600267
27,gpu_only,block_06_residual1,residual_add,GPU,843508.0905600267,843526.4377600268
61,gpu_only,block_01_ffn_island,fused_ffn_island,GPU,843526.4377600268,844739.6502400268
30,gpu_only,block_05_residual2,residual_add,GPU,844739.6502400268,844757.9974400267
12,gpu_only,block_11_norm1,layer_norm,GPU,844757.9974400267,844780.1270400268
24,gpu_only,block_07_qkv,linear_qkv,GPU,844780.1270400268,845222.8595200268
18,gpu_only,block_08_ffn_island,fused_ffn_island,GPU,845222.8595200268,846436.0720000268
33,gpu_only,block_05_proj,linear_projection,GPU,846436.0720000268,846588.3161600268
60,gpu_only,block_01_residual2,residual_add,GPU,846588.3161600268,846606.6633600269
35,gpu_only,block_05_norm1,layer_norm,GPU,846606.6633600269,846628.7929600269
17,gpu_only,block_09_qkv,linear_qkv,GPU,846628.7929600269,847071.525440027
14,gpu_only,block_10_attention,self_attention,GPU,847071.525440027,847227.5520000269
40,gpu_only,block_04_attention,self_attention,GPU,847227.5520000269,847383.578560027
54,gpu_only,block_02_residual1,residual_add,GPU,847383.578560027,847401.925760027
11,gpu_only,block_11_norm2,layer_norm,GPU,847401.925760027,847424.0553600271
20,gpu_only,block_08_attention,self_attention,GPU,847424.0553600271,847580.0819200272
26,gpu_only,block_06_ffn_island,fused_ffn_island,GPU,847580.0819200272,848793.294400027
31,gpu_only,block_05_ffn_island,fused_ffn_island,GPU,848793.294400027,850006.506880027
53,gpu_only,block_02_norm2,layer_norm,GPU,850006.506880027,850028.636480027
22,gpu_only,block_07_ffn_island,fused_ffn_island,GPU,850028.636480027,851241.848960027
15,gpu_only,block_09_residual2,residual_add,GPU,851241.848960027,851260.1961600271
29,gpu_only,block_06_qkv,linear_qkv,GPU,851260.1961600271,851702.9286400271
59,gpu_only,block_02_norm1,layer_norm,GPU,851702.9286400271,851725.058240027
63,gpu_only,block_01_norm2,layer_norm,GPU,851725.058240027,851747.1878400272
41,gpu_only,block_04_qkv,linear_qkv,GPU,851747.1878400272,852189.9203200272
45,gpu_only,block_03_norm2,layer_norm,GPU,852189.9203200272,852212.0499200271
37,gpu_only,block_04_ffn_island,fused_ffn_island,GPU,852212.0499200271,853425.2624000271
32,gpu_only,block_05_norm2,layer_norm,GPU,853425.2624000271,853447.3920000271
38,gpu_only,block_04_norm2,layer_norm,GPU,853447.3920000271,853469.5216000272
13,gpu_only,block_10_ffn_island,fused_ffn_island,GPU,853469.5216000272,854682.7340800272
42,gpu_only,block_04_norm1,layer_norm,GPU,854682.7340800272,854704.8636800272
50,gpu_only,block_03_norm1,layer_norm,GPU,854704.8636800272,854726.9932800272
46,gpu_only,block_03_residual1,residual_add,GPU,854726.9932800272,854745.3404800273
52,gpu_only,block_02_ffn_island,fused_ffn_island,GPU,854745.3404800273,855958.5529600272
36,gpu_only,block_04_residual2,residual_add,GPU,855958.5529600272,855976.9001600272
51,gpu_only,block_02_residual2,residual_add,GPU,855976.9001600272,855995.2473600273
25,gpu_only,block_07_norm1,layer_norm,GPU,855995.2473600273,856017.3769600274
58,gpu_only,block_02_qkv,linear_qkv,GPU,856017.3769600274,856460.1094400274
34,gpu_only,block_05_attention,self_attention,GPU,856460.1094400274,856616.1360000274
44,gpu_only,block_03_ffn_island,fused_ffn_island,GPU,856616.1360000274,857829.3484800273
49,gpu_only,block_03_qkv,linear_qkv,GPU,857829.3484800273,858272.0809600274
48,gpu_only,block_03_attention,self_attention,GPU,858272.0809600274,858428.1075200274
28,gpu_only,block_06_proj,linear_projection,GPU,858428.1075200274,858580.3516800274
23,gpu_only,block_07_residual1,residual_add,GPU,858580.3516800274,858598.6988800275
19,gpu_only,block_08_norm2,layer_norm,GPU,858598.6988800275,858620.8284800275
57,gpu_only,block_02_attention,self_attention,GPU,858620.8284800275,858776.8550400275
47,gpu_only,block_03_proj,linear_projection,GPU,858776.8550400275,858929.0992000275
62,gpu_only,block_01_ffn_island,fused_ffn_island,GPU,858929.0992000275,860142.3116800275
43,gpu_only,block_03_residual2,residual_add,GPU,860142.3116800275,860160.6588800276
21,gpu_only,block_08_norm1,layer_norm,GPU,860160.6588800276,860182.7884800276
10,gpu_only,class_token_select,class_token_select,GPU,860182.7884800276,860189.8268800277
56,gpu_only,block_02_proj,linear_projection,GPU,860189.8268800277,860342.0710400277
39,gpu_only,block_04_residual1,residual_add,GPU,860342.0710400277,860360.4182400277
55,gpu_only,block_02_residual1,residual_add,GPU,860360.4182400277,860378.7654400278
16,gpu_only,block_09_norm2,layer_norm,GPU,860378.7654400278,860400.8950400278
27,gpu_only,block_06_norm2,layer_norm,GPU,860400.8950400278,860423.0246400279
61,gpu_only,block_01_residual2,residual_add,GPU,860423.0246400279,860441.3718400279
30,gpu_only,block_06_norm1,layer_norm,GPU,860441.3718400279,860463.501440028
12,gpu_only,block_11_qkv,linear_qkv,GPU,860463.501440028,860906.233920028
24,gpu_only,block_07_attention,self_attention,GPU,860906.233920028,861062.260480028
18,gpu_only,block_08_residual2,residual_add,GPU,861062.260480028,861080.6076800281
33,gpu_only,block_05_residual1,residual_add,GPU,861080.6076800281,861098.954880028
60,gpu_only,block_02_norm1,layer_norm,GPU,861098.954880028,861121.0844800281
35,gpu_only,block_05_qkv,linear_qkv,GPU,861121.0844800281,861563.8169600281
17,gpu_only,block_09_attention,self_attention,GPU,861563.8169600281,861719.8435200282
14,gpu_only,block_10_proj,linear_projection,GPU,861719.8435200282,861872.0876800282
40,gpu_only,block_04_proj,linear_projection,GPU,861872.0876800282,862024.3318400283
54,gpu_only,block_02_norm2,layer_norm,GPU,862024.3318400283,862046.4614400283
11,gpu_only,block_11_ffn_island,fused_ffn_island,GPU,862046.4614400283,863259.6739200283
20,gpu_only,block_08_proj,linear_projection,GPU,863259.6739200283,863411.9180800283
26,gpu_only,block_06_residual2,residual_add,GPU,863411.9180800283,863430.2652800283
31,gpu_only,block_05_residual2,residual_add,GPU,863430.2652800283,863448.6124800283
53,gpu_only,block_02_ffn_island,fused_ffn_island,GPU,863448.6124800283,864661.8249600283
22,gpu_only,block_07_residual2,residual_add,GPU,864661.8249600283,864680.1721600284
15,gpu_only,block_10_norm1,layer_norm,GPU,864680.1721600284,864702.3017600283
29,gpu_only,block_06_attention,self_attention,GPU,864702.3017600283,864858.3283200284
59,gpu_only,block_02_qkv,linear_qkv,GPU,864858.3283200284,865301.0608000285
63,gpu_only,block_01_ffn_island,fused_ffn_island,GPU,865301.0608000285,866514.2732800284
41,gpu_only,block_04_attention,self_attention,GPU,866514.2732800284,866670.2998400284
45,gpu_only,block_03_ffn_island,fused_ffn_island,GPU,866670.2998400284,867883.5123200284
37,gpu_only,block_04_residual2,residual_add,GPU,867883.5123200284,867901.8595200285
32,gpu_only,block_05_ffn_island,fused_ffn_island,GPU,867901.8595200285,869115.0720000283
38,gpu_only,block_04_ffn_island,fused_ffn_island,GPU,869115.0720000283,870328.2844800283
13,gpu_only,block_10_residual2,residual_add,GPU,870328.2844800283,870346.6316800284
42,gpu_only,block_04_qkv,linear_qkv,GPU,870346.6316800284,870789.3641600284
50,gpu_only,block_03_qkv,linear_qkv,GPU,870789.3641600284,871232.0966400284
46,gpu_only,block_03_norm2,layer_norm,GPU,871232.0966400284,871254.2262400285
52,gpu_only,block_02_residual2,residual_add,GPU,871254.2262400285,871272.5734400285
36,gpu_only,block_05_norm1,layer_norm,GPU,871272.5734400285,871294.7030400286
51,gpu_only,block_03_norm1,layer_norm,GPU,871294.7030400286,871316.8326400286
25,gpu_only,block_07_qkv,linear_qkv,GPU,871316.8326400286,871759.5651200286
58,gpu_only,block_02_attention,self_attention,GPU,871759.5651200286,871915.5916800286
34,gpu_only,block_05_proj,linear_projection,GPU,871915.5916800286,872067.8358400287
44,gpu_only,block_03_residual2,residual_add,GPU,872067.8358400287,872086.1830400287
49,gpu_only,block_03_attention,self_attention,GPU,872086.1830400287,872242.2096000287
48,gpu_only,block_03_proj,linear_projection,GPU,872242.2096000287,872394.4537600288
28,gpu_only,block_06_residual1,residual_add,GPU,872394.4537600288,872412.8009600288
23,gpu_only,block_07_norm2,layer_norm,GPU,872412.8009600288,872434.9305600289
19,gpu_only,block_08_ffn_island,fused_ffn_island,GPU,872434.9305600289,873648.1430400287
57,gpu_only,block_02_proj,linear_projection,GPU,873648.1430400287,873800.3872000289
47,gpu_only,block_03_residual1,residual_add,GPU,873800.3872000289,873818.7344000288
62,gpu_only,block_01_residual2,residual_add,GPU,873818.7344000288,873837.0816000289
43,gpu_only,block_04_norm1,layer_norm,GPU,873837.0816000289,873859.211200029
21,gpu_only,block_08_qkv,linear_qkv,GPU,873859.211200029,874301.943680029
10,gpu_only,classifier,linear_classifier,GPU,874301.943680029,874309.903680029
56,gpu_only,block_02_residual1,residual_add,GPU,874309.903680029,874328.250880029
39,gpu_only,block_04_norm2,layer_norm,GPU,874328.250880029,874350.3804800292
55,gpu_only,block_02_norm2,layer_norm,GPU,874350.3804800292,874372.5100800291
16,gpu_only,block_09_ffn_island,fused_ffn_island,GPU,874372.5100800291,875585.7225600291
27,gpu_only,block_06_ffn_island,fused_ffn_island,GPU,875585.7225600291,876798.935040029
61,gpu_only,block_02_norm1,layer_norm,GPU,876798.935040029,876821.0646400291
30,gpu_only,block_06_qkv,linear_qkv,GPU,876821.0646400291,877263.7971200291
12,gpu_only,block_11_attention,self_attention,GPU,877263.7971200291,877419.8236800291
24,gpu_only,block_07_proj,linear_projection,GPU,877419.8236800291,877572.0678400291
18,gpu_only,block_09_norm1,layer_norm,GPU,877572.0678400291,877594.1974400292
33,gpu_only,block_05_norm2,layer_norm,GPU,877594.1974400292,877616.3270400292
60,gpu_only,block_02_qkv,linear_qkv,GPU,877616.3270400292,878059.0595200292
35,gpu_only,block_05_attention,self_attention,GPU,878059.0595200292,878215.0860800293
17,gpu_only,block_09_proj,linear_projection,GPU,878215.0860800293,878367.3302400294
14,gpu_only,block_10_residual1,residual_add,GPU,878367.3302400294,878385.6774400293
40,gpu_only,block_04_residual1,residual_add,GPU,878385.6774400293,878404.0246400294
54,gpu_only,block_02_ffn_island,fused_ffn_island,GPU,878404.0246400294,879617.2371200294
11,gpu_only,block_11_residual2,residual_add,GPU,879617.2371200294,879635.5843200294
20,gpu_only,block_08_residual1,residual_add,GPU,879635.5843200294,879653.9315200294
26,gpu_only,block_07_norm1,layer_norm,GPU,879653.9315200294,879676.0611200295
31,gpu_only,block_06_norm1,layer_norm,GPU,879676.0611200295,879698.1907200295
53,gpu_only,block_02_residual2,residual_add,GPU,879698.1907200295,879716.5379200296
22,gpu_only,block_08_norm1,layer_norm,GPU,879716.5379200296,879738.6675200296
15,gpu_only,block_10_qkv,linear_qkv,GPU,879738.6675200296,880181.4000000296
29,gpu_only,block_06_proj,linear_projection,GPU,880181.4000000296,880333.6441600297
59,gpu_only,block_02_attention,self_attention,GPU,880333.6441600297,880489.6707200297
63,gpu_only,block_01_residual2,residual_add,GPU,880489.6707200297,880508.0179200297
41,gpu_only,block_04_proj,linear_projection,GPU,880508.0179200297,880660.2620800298
45,gpu_only,block_03_residual2,residual_add,GPU,880660.2620800298,880678.6092800298
37,gpu_only,block_05_norm1,layer_norm,GPU,880678.6092800298,880700.7388800299
32,gpu_only,block_05_residual2,residual_add,GPU,880700.7388800299,880719.08608003
38,gpu_only,block_04_residual2,residual_add,GPU,880719.08608003,880737.4332800299
13,gpu_only,block_11_norm1,layer_norm,GPU,880737.4332800299,880759.56288003
42,gpu_only,block_04_attention,self_attention,GPU,880759.56288003,880915.58944003
50,gpu_only,block_03_attention,self_attention,GPU,880915.58944003,881071.6160000301
46,gpu_only,block_03_ffn_island,fused_ffn_island,GPU,881071.6160000301,882284.82848003
52,gpu_only,block_03_norm1,layer_norm,GPU,882284.82848003,882306.95808003
36,gpu_only,block_05_qkv,linear_qkv,GPU,882306.95808003,882749.69056003
51,gpu_only,block_03_qkv,linear_qkv,GPU,882749.69056003,883192.4230400301
25,gpu_only,block_07_attention,self_attention,GPU,883192.4230400301,883348.4496000301
58,gpu_only,block_02_proj,linear_projection,GPU,883348.4496000301,883500.6937600302
34,gpu_only,block_05_residual1,residual_add,GPU,883500.6937600302,883519.0409600302
44,gpu_only,block_04_norm1,layer_norm,GPU,883519.0409600302,883541.1705600303
49,gpu_only,block_03_proj,linear_projection,GPU,883541.1705600303,883693.4147200303
48,gpu_only,block_03_residual1,residual_add,GPU,883693.4147200303,883711.7619200303
28,gpu_only,block_06_norm2,layer_norm,GPU,883711.7619200303,883733.8915200303
23,gpu_only,block_07_ffn_island,fused_ffn_island,GPU,883733.8915200303,884947.1040000303
19,gpu_only,block_08_residual2,residual_add,GPU,884947.1040000303,884965.4512000304
57,gpu_only,block_02_residual1,residual_add,GPU,884965.4512000304,884983.7984000304
47,gpu_only,block_03_norm2,layer_norm,GPU,884983.7984000304,885005.9280000305
62,gpu_only,block_02_norm1,layer_norm,GPU,885005.9280000305,885028.0576000304
43,gpu_only,block_04_qkv,linear_qkv,GPU,885028.0576000304,885470.7900800304
21,gpu_only,block_08_attention,self_attention,GPU,885470.7900800304,885626.8166400305
56,gpu_only,block_02_norm2,layer_norm,GPU,885626.8166400305,885648.9462400306
39,gpu_only,block_04_ffn_island,fused_ffn_island,GPU,885648.9462400306,886862.1587200304
55,gpu_only,block_02_ffn_island,fused_ffn_island,GPU,886862.1587200304,888075.3712000304
16,gpu_only,block_09_residual2,residual_add,GPU,888075.3712000304,888093.7184000305
27,gpu_only,block_06_residual2,residual_add,GPU,888093.7184000305,888112.0656000305
61,gpu_only,block_02_qkv,linear_qkv,GPU,888112.0656000305,888554.7980800306
30,gpu_only,block_06_attention,self_attention,GPU,888554.7980800306,888710.8246400306
12,gpu_only,block_11_proj,linear_projection,GPU,888710.8246400306,888863.0688000306
24,gpu_only,block_07_residual1,residual_add,GPU,888863.0688000306,888881.4160000307
18,gpu_only,block_09_qkv,linear_qkv,GPU,888881.4160000307,889324.1484800307
33,gpu_only,block_05_ffn_island,fused_ffn_island,GPU,889324.1484800307,890537.3609600307
60,gpu_only,block_02_attention,self_attention,GPU,890537.3609600307,890693.3875200307
35,gpu_only,block_05_proj,linear_projection,GPU,890693.3875200307,890845.6316800307
17,gpu_only,block_09_residual1,residual_add,GPU,890845.6316800307,890863.9788800308
14,gpu_only,block_10_norm2,layer_norm,GPU,890863.9788800308,890886.1084800308
40,gpu_only,block_04_norm2,layer_norm,GPU,890886.1084800308,890908.2380800309
54,gpu_only,block_02_residual2,residual_add,GPU,890908.2380800309,890926.5852800308
11,gpu_only,final_norm,layer_norm,GPU,890926.5852800308,890948.714880031
20,gpu_only,block_08_norm2,layer_norm,GPU,890948.714880031,890970.8444800309
26,gpu_only,block_07_qkv,linear_qkv,GPU,890970.8444800309,891413.576960031
31,gpu_only,block_06_qkv,linear_qkv,GPU,891413.576960031,891856.3094400311
53,gpu_only,block_03_norm1,layer_norm,GPU,891856.3094400311,891878.439040031
22,gpu_only,block_08_qkv,linear_qkv,GPU,891878.439040031,892321.171520031
15,gpu_only,block_10_attention,self_attention,GPU,892321.171520031,892477.1980800311
29,gpu_only,block_06_residual1,residual_add,GPU,892477.1980800311,892495.5452800312
59,gpu_only,block_02_proj,linear_projection,GPU,892495.5452800312,892647.7894400312
63,gpu_only,block_02_norm1,layer_norm,GPU,892647.7894400312,892669.9190400313
41,gpu_only,block_04_residual1,residual_add,GPU,892669.9190400313,892688.2662400312
45,gpu_only,block_04_norm1,layer_norm,GPU,892688.2662400312,892710.3958400313
37,gpu_only,block_05_qkv,linear_qkv,GPU,892710.3958400313,893153.1283200313
32,gpu_only,block_06_norm1,layer_norm,GPU,893153.1283200313,893175.2579200314
38,gpu_only,block_05_norm1,layer_norm,GPU,893175.2579200314,893197.3875200314
13,gpu_only,block_11_qkv,linear_qkv,GPU,893197.3875200314,893640.1200000314
42,gpu_only,block_04_proj,linear_projection,GPU,893640.1200000314,893792.3641600315
50,gpu_only,block_03_proj,linear_projection,GPU,893792.3641600315,893944.6083200315
46,gpu_only,block_03_residual2,residual_add,GPU,893944.6083200315,893962.9555200316
52,gpu_only,block_03_qkv,linear_qkv,GPU,893962.9555200316,894405.6880000316
36,gpu_only,block_05_attention,self_attention,GPU,894405.6880000316,894561.7145600317
51,gpu_only,block_03_attention,self_attention,GPU,894561.7145600317,894717.7411200317
25,gpu_only,block_07_proj,linear_projection,GPU,894717.7411200317,894869.9852800317
58,gpu_only,block_02_residual1,residual_add,GPU,894869.9852800317,894888.3324800318
34,gpu_only,block_05_norm2,layer_norm,GPU,894888.3324800318,894910.4620800317
44,gpu_only,block_04_qkv,linear_qkv,GPU,894910.4620800317,895353.1945600319
49,gpu_only,block_03_residual1,residual_add,GPU,895353.1945600319,895371.5417600318
48,gpu_only,block_03_norm2,layer_norm,GPU,895371.5417600318,895393.6713600319
28,gpu_only,block_06_ffn_island,fused_ffn_island,GPU,895393.6713600319,896606.8838400318
23,gpu_only,block_07_residual2,residual_add,GPU,896606.8838400318,896625.2310400319
19,gpu_only,block_09_norm1,layer_norm,GPU,896625.2310400319,896647.3606400319
57,gpu_only,block_02_norm2,layer_norm,GPU,896647.3606400319,896669.490240032
47,gpu_only,block_03_ffn_island,fused_ffn_island,GPU,896669.490240032,897882.702720032
62,gpu_only,block_02_qkv,linear_qkv,GPU,897882.702720032,898325.435200032
43,gpu_only,block_04_attention,self_attention,GPU,898325.435200032,898481.461760032
21,gpu_only,block_08_proj,linear_projection,GPU,898481.461760032,898633.705920032
56,gpu_only,block_02_ffn_island,fused_ffn_island,GPU,898633.705920032,899846.918400032
39,gpu_only,block_04_residual2,residual_add,GPU,899846.918400032,899865.2656000319
55,gpu_only,block_02_residual2,residual_add,GPU,899865.2656000319,899883.612800032
16,gpu_only,block_10_norm1,layer_norm,GPU,899883.612800032,899905.7424000321
27,gpu_only,block_07_norm1,layer_norm,GPU,899905.7424000321,899927.8720000321
61,gpu_only,block_02_attention,self_attention,GPU,899927.8720000321,900083.8985600321
30,gpu_only,block_06_proj,linear_projection,GPU,900083.8985600321,900236.1427200321
12,gpu_only,block_11_residual1,residual_add,GPU,900236.1427200321,900254.4899200322
24,gpu_only,block_07_norm2,layer_norm,GPU,900254.4899200322,900276.6195200322
18,gpu_only,block_09_attention,self_attention,GPU,900276.6195200322,900432.6460800322
33,gpu_only,block_05_residual2,residual_add,GPU,900432.6460800322,900450.9932800323
60,gpu_only,block_02_proj,linear_projection,GPU,900450.9932800323,900603.2374400323
35,gpu_only,block_05_residual1,residual_add,GPU,900603.2374400323,900621.5846400324
17,gpu_only,block_09_norm2,layer_norm,GPU,900621.5846400324,900643.7142400324
14,gpu_only,block_10_ffn_island,fused_ffn_island,GPU,900643.7142400324,901856.9267200324
40,gpu_only,block_04_ffn_island,fused_ffn_island,GPU,901856.9267200324,903070.1392000323
54,gpu_only,block_03_norm1,layer_norm,GPU,903070.1392000323,903092.2688000323
11,gpu_only,class_token_select,class_token_select,GPU,903092.2688000323,903099.3072000324
20,gpu_only,block_08_ffn_island,fused_ffn_island,GPU,903099.3072000324,904312.5196800324
26,gpu_only,block_07_attention,self_attention,GPU,904312.5196800324,904468.5462400324
31,gpu_only,block_06_attention,self_attention,GPU,904468.5462400324,904624.5728000324
53,gpu_only,block_03_qkv,linear_qkv,GPU,904624.5728000324,905067.3052800325
22,gpu_only,block_08_attention,self_attention,GPU,905067.3052800325,905223.3318400325
15,gpu_only,block_10_proj,linear_projection,GPU,905223.3318400325,905375.5760000325
29,gpu_only,block_06_norm2,layer_norm,GPU,905375.5760000325,905397.7056000325
59,gpu_only,block_02_residual1,residual_add,GPU,905397.7056000325,905416.0528000325
63,gpu_only,block_02_qkv,linear_qkv,GPU,905416.0528000325,905858.7852800327
41,gpu_only,block_04_norm2,layer_norm,GPU,905858.7852800327,905880.9148800327
45,gpu_only,block_04_qkv,linear_qkv,GPU,905880.9148800327,906323.6473600327
37,gpu_only,block_05_attention,self_attention,GPU,906323.6473600327,906479.6739200327
32,gpu_only,block_06_qkv,linear_qkv,GPU,906479.6739200327,906922.4064000327
38,gpu_only,block_05_qkv,linear_qkv,GPU,906922.4064000327,907365.1388800328
13,gpu_only,block_11_attention,self_attention,GPU,907365.1388800328,907521.1654400328
42,gpu_only,block_04_residual1,residual_add,GPU,907521.1654400328,907539.5126400328
50,gpu_only,block_03_residual1,residual_add,GPU,907539.5126400328,907557.8598400329
46,gpu_only,block_04_norm1,layer_norm,GPU,907557.8598400329,907579.989440033
52,gpu_only,block_03_attention,self_attention,GPU,907579.989440033,907736.016000033
36,gpu_only,block_05_proj,linear_projection,GPU,907736.016000033,907888.260160033
51,gpu_only,block_03_proj,linear_projection,GPU,907888.260160033,908040.504320033
25,gpu_only,block_07_residual1,residual_add,GPU,908040.504320033,908058.8515200331
58,gpu_only,block_02_norm2,layer_norm,GPU,908058.8515200331,908080.9811200331
34,gpu_only,block_05_ffn_island,fused_ffn_island,GPU,908080.9811200331,909294.1936000331
44,gpu_only,block_04_attention,self_attention,GPU,909294.1936000331,909450.2201600331
49,gpu_only,block_03_norm2,layer_norm,GPU,909450.2201600331,909472.3497600331
48,gpu_only,block_03_ffn_island,fused_ffn_island,GPU,909472.3497600331,910685.5622400331
28,gpu_only,block_06_residual2,residual_add,GPU,910685.5622400331,910703.9094400331
23,gpu_only,block_08_norm1,layer_norm,GPU,910703.9094400331,910726.0390400331
19,gpu_only,block_09_qkv,linear_qkv,GPU,910726.0390400331,911168.7715200331
57,gpu_only,block_02_ffn_island,fused_ffn_island,GPU,911168.7715200331,912381.9840000331
47,gpu_only,block_03_residual2,residual_add,GPU,912381.9840000331,912400.3312000332
62,gpu_only,block_02_attention,self_attention,GPU,912400.3312000332,912556.3577600332
43,gpu_only,block_04_proj,linear_projection,GPU,912556.3577600332,912708.6019200332
21,gpu_only,block_08_residual1,residual_add,GPU,912708.6019200332,912726.9491200333
56,gpu_only,block_02_residual2,residual_add,GPU,912726.9491200333,912745.2963200333
39,gpu_only,block_05_norm1,layer_norm,GPU,912745.2963200333,912767.4259200334
55,gpu_only,block_03_norm1,layer_norm,GPU,912767.4259200334,912789.5555200333
16,gpu_only,block_10_qkv,linear_qkv,GPU,912789.5555200333,913232.2880000335
27,gpu_only,block_07_qkv,linear_qkv,GPU,913232.2880000335,913675.0204800335
61,gpu_only,block_02_proj,linear_projection,GPU,913675.0204800335,913827.2646400335
30,gpu_only,block_06_residual1,residual_add,GPU,913827.2646400335,913845.6118400336
12,gpu_only,block_11_norm2,layer_norm,GPU,913845.6118400336,913867.7414400335
24,gpu_only,block_07_ffn_island,fused_ffn_island,GPU,913867.7414400335,915080.9539200335
18,gpu_only,block_09_proj,linear_projection,GPU,915080.9539200335,915233.1980800335
33,gpu_only,block_06_norm1,layer_norm,GPU,915233.1980800335,915255.3276800336
60,gpu_only,block_02_residual1,residual_add,GPU,915255.3276800336,915273.6748800336
35,gpu_only,block_05_norm2,layer_norm,GPU,915273.6748800336,915295.8044800337
17,gpu_only,block_09_ffn_island,fused_ffn_island,GPU,915295.8044800337,916509.0169600336
14,gpu_only,block_10_residual2,residual_add,GPU,916509.0169600336,916527.3641600336
40,gpu_only,block_04_residual2,residual_add,GPU,916527.3641600336,916545.7113600337
54,gpu_only,block_03_qkv,linear_qkv,GPU,916545.7113600337,916988.4438400337
11,gpu_only,classifier,linear_classifier,GPU,916988.4438400337,916996.4038400338
20,gpu_only,block_08_residual2,residual_add,GPU,916996.4038400338,917014.7510400339
26,gpu_only,block_07_proj,linear_projection,GPU,917014.7510400339,917166.9952000339
31,gpu_only,block_06_proj,linear_projection,GPU,917166.9952000339,917319.2393600339
53,gpu_only,block_03_attention,self_attention,GPU,917319.2393600339,917475.2659200339
22,gpu_only,block_08_proj,linear_projection,GPU,917475.2659200339,917627.5100800339
15,gpu_only,block_10_residual1,residual_add,GPU,917627.5100800339,917645.857280034
29,gpu_only,block_06_ffn_island,fused_ffn_island,GPU,917645.857280034,918859.069760034
59,gpu_only,block_02_norm2,layer_norm,GPU,918859.069760034,918881.199360034
63,gpu_only,block_02_attention,self_attention,GPU,918881.199360034,919037.225920034
41,gpu_only,block_04_ffn_island,fused_ffn_island,GPU,919037.225920034,920250.438400034
45,gpu_only,block_04_attention,self_attention,GPU,920250.438400034,920406.464960034
37,gpu_only,block_05_proj,linear_projection,GPU,920406.464960034,920558.709120034
32,gpu_only,block_06_attention,self_attention,GPU,920558.709120034,920714.735680034
38,gpu_only,block_05_attention,self_attention,GPU,920714.735680034,920870.7622400341
13,gpu_only,block_11_proj,linear_projection,GPU,920870.7622400341,921023.0064000341
42,gpu_only,block_04_norm2,layer_norm,GPU,921023.0064000341,921045.1360000342
50,gpu_only,block_03_norm2,layer_norm,GPU,921045.1360000342,921067.2656000342
46,gpu_only,block_04_qkv,linear_qkv,GPU,921067.2656000342,921509.9980800342
52,gpu_only,block_03_proj,linear_projection,GPU,921509.9980800342,921662.2422400343
36,gpu_only,block_05_residual1,residual_add,GPU,921662.2422400343,921680.5894400342
51,gpu_only,block_03_residual1,residual_add,GPU,921680.5894400342,921698.9366400343
25,gpu_only,block_07_norm2,layer_norm,GPU,921698.9366400343,921721.0662400344
58,gpu_only,block_02_ffn_island,fused_ffn_island,GPU,921721.0662400344,922934.2787200343
34,gpu_only,block_05_residual2,residual_add,GPU,922934.2787200343,922952.6259200344
44,gpu_only,block_04_proj,linear_projection,GPU,922952.6259200344,923104.8700800344
49,gpu_only,block_03_ffn_island,fused_ffn_island,GPU,923104.8700800344,924318.0825600344
48,gpu_only,block_03_residual2,residual_add,GPU,924318.0825600344,924336.4297600344
28,gpu_only,block_07_norm1,layer_norm,GPU,924336.4297600344,924358.5593600344
23,gpu_only,block_08_qkv,linear_qkv,GPU,924358.5593600344,924801.2918400344
19,gpu_only,block_09_attention,self_attention,GPU,924801.2918400344,924957.3184000344
57,gpu_only,block_02_residual2,residual_add,GPU,924957.3184000344,924975.6656000345
47,gpu_only,block_04_norm1,layer_norm,GPU,924975.6656000345,924997.7952000345
62,gpu_only,block_02_proj,linear_projection,GPU,924997.7952000345,925150.0393600346
43,gpu_only,block_04_residual1,residual_add,GPU,925150.0393600346,925168.3865600346
21,gpu_only,block_08_norm2,layer_norm,GPU,925168.3865600346,925190.5161600347
56,gpu_only,block_03_norm1,layer_norm,GPU,925190.5161600347,925212.6457600347
39,gpu_only,block_05_qkv,linear_qkv,GPU,925212.6457600347,925655.3782400348
55,gpu_only,block_03_qkv,linear_qkv,GPU,925655.3782400348,926098.1107200348
16,gpu_only,block_10_attention,self_attention,GPU,926098.1107200348,926254.1372800348
27,gpu_only,block_07_attention,self_attention,GPU,926254.1372800348,926410.1638400349
61,gpu_only,block_02_residual1,residual_add,GPU,926410.1638400349,926428.5110400348
30,gpu_only,block_06_norm2,layer_norm,GPU,926428.5110400348,926450.6406400349
12,gpu_only,block_11_ffn_island,fused_ffn_island,GPU,926450.6406400349,927663.8531200349
24,gpu_only,block_07_residual2,residual_add,GPU,927663.8531200349,927682.2003200349
18,gpu_only,block_09_residual1,residual_add,GPU,927682.2003200349,927700.547520035
33,gpu_only,block_06_qkv,linear_qkv,GPU,927700.547520035,928143.280000035
60,gpu_only,block_02_norm2,layer_norm,GPU,928143.280000035,928165.409600035
35,gpu_only,block_05_ffn_island,fused_ffn_island,GPU,928165.409600035,929378.6220800349
17,gpu_only,block_09_residual2,residual_add,GPU,929378.6220800349,929396.969280035
14,gpu_only,block_11_norm1,layer_norm,GPU,929396.969280035,929419.098880035
40,gpu_only,block_05_norm1,layer_norm,GPU,929419.098880035,929441.2284800351
54,gpu_only,block_03_attention,self_attention,GPU,929441.2284800351,929597.2550400351
20,gpu_only,block_09_norm1,layer_norm,GPU,929597.2550400351,929619.3846400351
26,gpu_only,block_07_residual1,residual_add,GPU,929619.3846400351,929637.7318400352
31,gpu_only,block_06_residual1,residual_add,GPU,929637.7318400352,929656.0790400353
53,gpu_only,block_03_proj,linear_projection,GPU,929656.0790400353,929808.3232000353
22,gpu_only,block_08_residual1,residual_add,GPU,929808.3232000353,929826.6704000353
15,gpu_only,block_10_norm2,layer_norm,GPU,929826.6704000353,929848.8000000353
29,gpu_only,block_06_residual2,residual_add,GPU,929848.8000000353,929867.1472000354
59,gpu_only,block_02_ffn_island,fused_ffn_island,GPU,929867.1472000354,931080.3596800354
63,gpu_only,block_02_proj,linear_projection,GPU,931080.3596800354,931232.6038400354
41,gpu_only,block_04_residual2,residual_add,GPU,931232.6038400354,931250.9510400355
45,gpu_only,block_04_proj,linear_projection,GPU,931250.9510400355,931403.1952000355
37,gpu_only,block_05_residual1,residual_add,GPU,931403.1952000355,931421.5424000355
32,gpu_only,block_06_proj,linear_projection,GPU,931421.5424000355,931573.7865600355
38,gpu_only,block_05_proj,linear_projection,GPU,931573.7865600355,931726.0307200355
13,gpu_only,block_11_residual1,residual_add,GPU,931726.0307200355,931744.3779200356
42,gpu_only,block_04_ffn_island,fused_ffn_island,GPU,931744.3779200356,932957.5904000356
50,gpu_only,block_03_ffn_island,fused_ffn_island,GPU,932957.5904000356,934170.8028800355
46,gpu_only,block_04_attention,self_attention,GPU,934170.8028800355,934326.8294400355
52,gpu_only,block_03_residual1,residual_add,GPU,934326.8294400355,934345.1766400356
36,gpu_only,block_05_norm2,layer_norm,GPU,934345.1766400356,934367.3062400356
51,gpu_only,block_03_norm2,layer_norm,GPU,934367.3062400356,934389.4358400357
25,gpu_only,block_07_ffn_island,fused_ffn_island,GPU,934389.4358400357,935602.6483200355
58,gpu_only,block_02_residual2,residual_add,GPU,935602.6483200355,935620.9955200356
34,gpu_only,block_06_norm1,layer_norm,GPU,935620.9955200356,935643.1251200357
44,gpu_only,block_04_residual1,residual_add,GPU,935643.1251200357,935661.4723200357
49,gpu_only,block_03_residual2,residual_add,GPU,935661.4723200357,935679.8195200358
48,gpu_only,block_04_norm1,layer_norm,GPU,935679.8195200358,935701.9491200357
28,gpu_only,block_07_qkv,linear_qkv,GPU,935701.9491200357,936144.6816000359
23,gpu_only,block_08_attention,self_attention,GPU,936144.6816000359,936300.7081600359
19,gpu_only,block_09_proj,linear_projection,GPU,936300.7081600359,936452.9523200359
57,gpu_only,block_03_norm1,layer_norm,GPU,936452.9523200359,936475.0819200359
47,gpu_only,block_04_qkv,linear_qkv,GPU,936475.0819200359,936917.814400036
62,gpu_only,block_02_residual1,residual_add,GPU,936917.814400036,936936.161600036
43,gpu_only,block_04_norm2,layer_norm,GPU,936936.161600036,936958.2912000361
21,gpu_only,block_08_ffn_island,fused_ffn_island,GPU,936958.2912000361,938171.5036800359
56,gpu_only,block_03_qkv,linear_qkv,GPU,938171.5036800359,938614.2361600361
39,gpu_only,block_05_attention,self_attention,GPU,938614.2361600361,938770.2627200361
55,gpu_only,block_03_attention,self_attention,GPU,938770.2627200361,938926.2892800361
16,gpu_only,block_10_proj,linear_projection,GPU,938926.2892800361,939078.5334400361
27,gpu_only,block_07_proj,linear_projection,GPU,939078.5334400361,939230.7776000361
61,gpu_only,block_02_norm2,layer_norm,GPU,939230.7776000361,939252.9072000362
30,gpu_only,block_06_ffn_island,fused_ffn_island,GPU,939252.9072000362,940466.1196800361
12,gpu_only,block_11_residual2,residual_add,GPU,940466.1196800361,940484.4668800362
24,gpu_only,block_08_norm1,layer_norm,GPU,940484.4668800362,940506.5964800362
18,gpu_only,block_09_norm2,layer_norm,GPU,940506.5964800362,940528.7260800363
33,gpu_only,block_06_attention,self_attention,GPU,940528.7260800363,940684.7526400363
60,gpu_only,block_02_ffn_island,fused_ffn_island,GPU,940684.7526400363,941897.9651200362
35,gpu_only,block_05_residual2,residual_add,GPU,941897.9651200362,941916.3123200362
17,gpu_only,block_10_norm1,layer_norm,GPU,941916.3123200362,941938.4419200363
14,gpu_only,block_11_qkv,linear_qkv,GPU,941938.4419200363,942381.1744000363
40,gpu_only,block_05_qkv,linear_qkv,GPU,942381.1744000363,942823.9068800363
54,gpu_only,block_03_proj,linear_projection,GPU,942823.9068800363,942976.1510400363
20,gpu_only,block_09_qkv,linear_qkv,GPU,942976.1510400363,943418.8835200365
26,gpu_only,block_07_norm2,layer_norm,GPU,943418.8835200365,943441.0131200365
31,gpu_only,block_06_norm2,layer_norm,GPU,943441.0131200365,943463.1427200366
53,gpu_only,block_03_residual1,residual_add,GPU,943463.1427200366,943481.4899200365
22,gpu_only,block_08_norm2,layer_norm,GPU,943481.4899200365,943503.6195200366
15,gpu_only,block_10_ffn_island,fused_ffn_island,GPU,943503.6195200366,944716.8320000365
29,gpu_only,block_07_norm1,layer_norm,GPU,944716.8320000365,944738.9616000366
59,gpu_only,block_02_residual2,residual_add,GPU,944738.9616000366,944757.3088000366
63,gpu_only,block_02_residual1,residual_add,GPU,944757.3088000366,944775.6560000366
41,gpu_only,block_05_norm1,layer_norm,GPU,944775.6560000366,944797.7856000367
45,gpu_only,block_04_residual1,residual_add,GPU,944797.7856000367,944816.1328000367
37,gpu_only,block_05_norm2,layer_norm,GPU,944816.1328000367,944838.2624000368
32,gpu_only,block_06_residual1,residual_add,GPU,944838.2624000368,944856.6096000368
38,gpu_only,block_05_residual1,residual_add,GPU,944856.6096000368,944874.9568000368
13,gpu_only,block_11_norm2,layer_norm,GPU,944874.9568000368,944897.0864000369
42,gpu_only,block_04_residual2,residual_add,GPU,944897.0864000369,944915.4336000369
50,gpu_only,block_03_residual2,residual_add,GPU,944915.4336000369,944933.780800037
46,gpu_only,block_04_proj,linear_projection,GPU,944933.780800037,945086.024960037
52,gpu_only,block_03_norm2,layer_norm,GPU,945086.024960037,945108.1545600371
36,gpu_only,block_05_ffn_island,fused_ffn_island,GPU,945108.1545600371,946321.367040037
51,gpu_only,block_03_ffn_island,fused_ffn_island,GPU,946321.367040037,947534.5795200369
25,gpu_only,block_07_residual2,residual_add,GPU,947534.5795200369,947552.926720037
58,gpu_only,block_03_norm1,layer_norm,GPU,947552.926720037,947575.056320037
34,gpu_only,block_06_qkv,linear_qkv,GPU,947575.056320037,948017.7888000371
44,gpu_only,block_04_norm2,layer_norm,GPU,948017.7888000371,948039.9184000371
49,gpu_only,block_04_norm1,layer_norm,GPU,948039.9184000371,948062.0480000371
48,gpu_only,block_04_qkv,linear_qkv,GPU,948062.0480000371,948504.7804800372
28,gpu_only,block_07_attention,self_attention,GPU,948504.7804800372,948660.8070400372
23,gpu_only,block_08_proj,linear_projection,GPU,948660.8070400372,948813.0512000372
19,gpu_only,block_09_residual1,residual_add,GPU,948813.0512000372,948831.3984000373
57,gpu_only,block_03_qkv,linear_qkv,GPU,948831.3984000373,949274.1308800373
47,gpu_only,block_04_attention,self_attention,GPU,949274.1308800373,949430.1574400374
62,gpu_only,block_02_norm2,layer_norm,GPU,949430.1574400374,949452.2870400373
43,gpu_only,block_04_ffn_island,fused_ffn_island,GPU,949452.2870400373,950665.4995200373
21,gpu_only,block_08_residual2,residual_add,GPU,950665.4995200373,950683.8467200374
56,gpu_only,block_03_attention,self_attention,GPU,950683.8467200374,950839.8732800374
39,gpu_only,block_05_proj,linear_projection,GPU,950839.8732800374,950992.1174400374
55,gpu_only,block_03_proj,linear_projection,GPU,950992.1174400374,951144.3616000374
16,gpu_only,block_10_residual1,residual_add,GPU,951144.3616000374,951162.7088000375
27,gpu_only,block_07_residual1,residual_add,GPU,951162.7088000375,951181.0560000376
61,gpu_only,block_02_ffn_island,fused_ffn_island,GPU,951181.0560000376,952394.2684800375
30,gpu_only,block_06_residual2,residual_add,GPU,952394.2684800375,952412.6156800375
12,gpu_only,final_norm,layer_norm,GPU,952412.6156800375,952434.7452800375
24,gpu_only,block_08_qkv,linear_qkv,GPU,952434.7452800375,952877.4777600376
18,gpu_only,block_09_ffn_island,fused_ffn_island,GPU,952877.4777600376,954090.6902400375
33,gpu_only,block_06_proj,linear_projection,GPU,954090.6902400375,954242.9344000376
60,gpu_only,block_02_residual2,residual_add,GPU,954242.9344000376,954261.2816000376
35,gpu_only,block_06_norm1,layer_norm,GPU,954261.2816000376,954283.4112000377
17,gpu_only,block_10_qkv,linear_qkv,GPU,954283.4112000377,954726.1436800377
14,gpu_only,block_11_attention,self_attention,GPU,954726.1436800377,954882.1702400377
40,gpu_only,block_05_attention,self_attention,GPU,954882.1702400377,955038.1968000378
54,gpu_only,block_03_residual1,residual_add,GPU,955038.1968000378,955056.5440000378
20,gpu_only,block_09_attention,self_attention,GPU,955056.5440000378,955212.5705600379
26,gpu_only,block_07_ffn_island,fused_ffn_island,GPU,955212.5705600379,956425.7830400377
31,gpu_only,block_06_ffn_island,fused_ffn_island,GPU,956425.7830400377,957638.9955200377
53,gpu_only,block_03_norm2,layer_norm,GPU,957638.9955200377,957661.1251200378
22,gpu_only,block_08_ffn_island,fused_ffn_island,GPU,957661.1251200378,958874.3376000377
15,gpu_only,block_10_residual2,residual_add,GPU,958874.3376000377,958892.6848000378
29,gpu_only,block_07_qkv,linear_qkv,GPU,958892.6848000378,959335.4172800378
59,gpu_only,block_03_norm1,layer_norm,GPU,959335.4172800378,959357.5468800379
63,gpu_only,block_02_norm2,layer_norm,GPU,959357.5468800379,959379.6764800379
41,gpu_only,block_05_qkv,linear_qkv,GPU,959379.6764800379,959822.4089600379
45,gpu_only,block_04_norm2,layer_norm,GPU,959822.4089600379,959844.538560038
37,gpu_only,block_05_ffn_island,fused_ffn_island,GPU,959844.538560038,961057.7510400378
32,gpu_only,block_06_norm2,layer_norm,GPU,961057.7510400378,961079.8806400379
38,gpu_only,block_05_norm2,layer_norm,GPU,961079.8806400379,961102.0102400379
13,gpu_only,block_11_ffn_island,fused_ffn_island,GPU,961102.0102400379,962315.2227200379
42,gpu_only,block_05_norm1,layer_norm,GPU,962315.2227200379,962337.3523200379
50,gpu_only,block_04_norm1,layer_norm,GPU,962337.3523200379,962359.481920038
46,gpu_only,block_04_residual1,residual_add,GPU,962359.481920038,962377.829120038
52,gpu_only,block_03_ffn_island,fused_ffn_island,GPU,962377.829120038,963591.041600038
36,gpu_only,block_05_residual2,residual_add,GPU,963591.041600038,963609.388800038
51,gpu_only,block_03_residual2,residual_add,GPU,963609.388800038,963627.736000038
25,gpu_only,block_08_norm1,layer_norm,GPU,963627.736000038,963649.8656000381
58,gpu_only,block_03_qkv,linear_qkv,GPU,963649.8656000381,964092.5980800381
34,gpu_only,block_06_attention,self_attention,GPU,964092.5980800381,964248.6246400381
44,gpu_only,block_04_ffn_island,fused_ffn_island,GPU,964248.6246400381,965461.8371200381
49,gpu_only,block_04_qkv,linear_qkv,GPU,965461.8371200381,965904.5696000381
48,gpu_only,block_04_attention,self_attention,GPU,965904.5696000381,966060.5961600381
28,gpu_only,block_07_proj,linear_projection,GPU,966060.5961600381,966212.8403200381
23,gpu_only,block_08_residual1,residual_add,GPU,966212.8403200381,966231.1875200382
19,gpu_only,block_09_norm2,layer_norm,GPU,966231.1875200382,966253.3171200382
57,gpu_only,block_03_attention,self_attention,GPU,966253.3171200382,966409.3436800382
47,gpu_only,block_04_proj,linear_projection,GPU,966409.3436800382,966561.5878400384
62,gpu_only,block_02_ffn_island,fused_ffn_island,GPU,966561.5878400384,967774.8003200382
43,gpu_only,block_04_residual2,residual_add,GPU,967774.8003200382,967793.1475200383
21,gpu_only,block_09_norm1,layer_norm,GPU,967793.1475200383,967815.2771200383
56,gpu_only,block_03_proj,linear_projection,GPU,967815.2771200383,967967.5212800384
39,gpu_only,block_05_residual1,residual_add,GPU,967967.5212800384,967985.8684800385
55,gpu_only,block_03_residual1,residual_add,GPU,967985.8684800385,968004.2156800384
16,gpu_only,block_10_norm2,layer_norm,GPU,968004.2156800384,968026.3452800385
27,gpu_only,block_07_norm2,layer_norm,GPU,968026.3452800385,968048.4748800385
61,gpu_only,block_02_residual2,residual_add,GPU,968048.4748800385,968066.8220800386
30,gpu_only,block_07_norm1,layer_norm,GPU,968066.8220800386,968088.9516800386
12,gpu_only,class_token_select,class_token_select,GPU,968088.9516800386,968095.9900800387
24,gpu_only,block_08_attention,self_attention,GPU,968095.9900800387,968252.0166400387
18,gpu_only,block_09_residual2,residual_add,GPU,968252.0166400387,968270.3638400388
33,gpu_only,block_06_residual1,residual_add,GPU,968270.3638400388,968288.7110400387
60,gpu_only,block_03_norm1,layer_norm,GPU,968288.7110400387,968310.8406400388
35,gpu_only,block_06_qkv,linear_qkv,GPU,968310.8406400388,968753.5731200388
17,gpu_only,block_10_attention,self_attention,GPU,968753.5731200388,968909.5996800389
14,gpu_only,block_11_proj,linear_projection,GPU,968909.5996800389,969061.8438400389
40,gpu_only,block_05_proj,linear_projection,GPU,969061.8438400389,969214.088000039
54,gpu_only,block_03_norm2,layer_norm,GPU,969214.088000039,969236.217600039
20,gpu_only,block_09_proj,linear_projection,GPU,969236.217600039,969388.461760039
26,gpu_only,block_07_residual2,residual_add,GPU,969388.461760039,969406.808960039
31,gpu_only,block_06_residual2,residual_add,GPU,969406.808960039,969425.1561600391
53,gpu_only,block_03_ffn_island,fused_ffn_island,GPU,969425.1561600391,970638.368640039
22,gpu_only,block_08_residual2,residual_add,GPU,970638.368640039,970656.7158400391
15,gpu_only,block_11_norm1,layer_norm,GPU,970656.7158400391,970678.8454400392
29,gpu_only,block_07_attention,self_attention,GPU,970678.8454400392,970834.8720000392
59,gpu_only,block_03_qkv,linear_qkv,GPU,970834.8720000392,971277.6044800392
63,gpu_only,block_02_ffn_island,fused_ffn_island,GPU,971277.6044800392,972490.8169600391
41,gpu_only,block_05_attention,self_attention,GPU,972490.8169600391,972646.8435200391
45,gpu_only,block_04_ffn_island,fused_ffn_island,GPU,972646.8435200391,973860.0560000391
37,gpu_only,block_05_residual2,residual_add,GPU,973860.0560000391,973878.4032000392
32,gpu_only,block_06_ffn_island,fused_ffn_island,GPU,973878.4032000392,975091.615680039
38,gpu_only,block_05_ffn_island,fused_ffn_island,GPU,975091.615680039,976304.828160039
13,gpu_only,block_11_residual2,residual_add,GPU,976304.828160039,976323.1753600391
42,gpu_only,block_05_qkv,linear_qkv,GPU,976323.1753600391,976765.9078400391
50,gpu_only,block_04_qkv,linear_qkv,GPU,976765.9078400391,977208.6403200391
46,gpu_only,block_04_norm2,layer_norm,GPU,977208.6403200391,977230.7699200392
52,gpu_only,block_03_residual2,residual_add,GPU,977230.7699200392,977249.1171200393
36,gpu_only,block_06_norm1,layer_norm,GPU,977249.1171200393,977271.2467200393
51,gpu_only,block_04_norm1,layer_norm,GPU,977271.2467200393,977293.3763200393
25,gpu_only,block_08_qkv,linear_qkv,GPU,977293.3763200393,977736.1088000394
58,gpu_only,block_03_attention,self_attention,GPU,977736.1088000394,977892.1353600394
34,gpu_only,block_06_proj,linear_projection,GPU,977892.1353600394,978044.3795200394
44,gpu_only,block_04_residual2,residual_add,GPU,978044.3795200394,978062.7267200395
49,gpu_only,block_04_attention,self_attention,GPU,978062.7267200395,978218.7532800395
48,gpu_only,block_04_proj,linear_projection,GPU,978218.7532800395,978370.9974400395
28,gpu_only,block_07_residual1,residual_add,GPU,978370.9974400395,978389.3446400396
23,gpu_only,block_08_norm2,layer_norm,GPU,978389.3446400396,978411.4742400396
19,gpu_only,block_09_ffn_island,fused_ffn_island,GPU,978411.4742400396,979624.6867200396
57,gpu_only,block_03_proj,linear_projection,GPU,979624.6867200396,979776.9308800396
47,gpu_only,block_04_residual1,residual_add,GPU,979776.9308800396,979795.2780800397
62,gpu_only,block_02_residual2,residual_add,GPU,979795.2780800397,979813.6252800397
43,gpu_only,block_05_norm1,layer_norm,GPU,979813.6252800397,979835.7548800397
21,gpu_only,block_09_qkv,linear_qkv,GPU,979835.7548800397,980278.4873600397
56,gpu_only,block_03_residual1,residual_add,GPU,980278.4873600397,980296.8345600398
39,gpu_only,block_05_norm2,layer_norm,GPU,980296.8345600398,980318.9641600398
55,gpu_only,block_03_norm2,layer_norm,GPU,980318.9641600398,980341.0937600399
16,gpu_only,block_10_ffn_island,fused_ffn_island,GPU,980341.0937600399,981554.3062400398
27,gpu_only,block_07_ffn_island,fused_ffn_island,GPU,981554.3062400398,982767.5187200397
61,gpu_only,block_03_norm1,layer_norm,GPU,982767.5187200397,982789.6483200397
30,gpu_only,block_07_qkv,linear_qkv,GPU,982789.6483200397,983232.3808000399
12,gpu_only,classifier,linear_classifier,GPU,983232.3808000399,983240.3408000398
24,gpu_only,block_08_proj,linear_projection,GPU,983240.3408000398,983392.5849600399
18,gpu_only,block_10_norm1,layer_norm,GPU,983392.5849600399,983414.7145600399
33,gpu_only,block_06_norm2,layer_norm,GPU,983414.7145600399,983436.8441600399
60,gpu_only,block_03_qkv,linear_qkv,GPU,983436.8441600399,983879.57664004
35,gpu_only,block_06_attention,self_attention,GPU,983879.57664004,984035.6032000401
17,gpu_only,block_10_proj,linear_projection,GPU,984035.6032000401,984187.8473600401
14,gpu_only,block_11_residual1,residual_add,GPU,984187.8473600401,984206.1945600401
40,gpu_only,block_05_residual1,residual_add,GPU,984206.1945600401,984224.5417600401
54,gpu_only,block_03_ffn_island,fused_ffn_island,GPU,984224.5417600401,985437.7542400401
20,gpu_only,block_09_residual1,residual_add,GPU,985437.7542400401,985456.1014400402
26,gpu_only,block_08_norm1,layer_norm,GPU,985456.1014400402,985478.2310400401
31,gpu_only,block_07_norm1,layer_norm,GPU,985478.2310400401,985500.3606400402
53,gpu_only,block_03_residual2,residual_add,GPU,985500.3606400402,985518.7078400402
22,gpu_only,block_09_norm1,layer_norm,GPU,985518.7078400402,985540.8374400403
15,gpu_only,block_11_qkv,linear_qkv,GPU,985540.8374400403,985983.5699200403
29,gpu_only,block_07_proj,linear_projection,GPU,985983.5699200403,986135.8140800403
59,gpu_only,block_03_attention,self_attention,GPU,986135.8140800403,986291.8406400403
63,gpu_only,block_02_residual2,residual_add,GPU,986291.8406400403,986310.1878400404
41,gpu_only,block_05_proj,linear_projection,GPU,986310.1878400404,986462.4320000404
45,gpu_only,block_04_residual2,residual_add,GPU,986462.4320000404,986480.7792000405
37,gpu_only,block_06_norm1,layer_norm,GPU,986480.7792000405,986502.9088000405
32,gpu_only,block_06_residual2,residual_add,GPU,986502.9088000405,986521.2560000406
38,gpu_only,block_05_residual2,residual_add,GPU,986521.2560000406,986539.6032000406
13,gpu_only,final_norm,layer_norm,GPU,986539.6032000406,986561.7328000406
42,gpu_only,block_05_attention,self_attention,GPU,986561.7328000406,986717.7593600407
50,gpu_only,block_04_attention,self_attention,GPU,986717.7593600407,986873.7859200407
46,gpu_only,block_04_ffn_island,fused_ffn_island,GPU,986873.7859200407,988086.9984000407
52,gpu_only,block_04_norm1,layer_norm,GPU,988086.9984000407,988109.1280000407
36,gpu_only,block_06_qkv,linear_qkv,GPU,988109.1280000407,988551.8604800408
51,gpu_only,block_04_qkv,linear_qkv,GPU,988551.8604800408,988994.5929600408
25,gpu_only,block_08_attention,self_attention,GPU,988994.5929600408,989150.6195200408
58,gpu_only,block_03_proj,linear_projection,GPU,989150.6195200408,989302.8636800408
34,gpu_only,block_06_residual1,residual_add,GPU,989302.8636800408,989321.2108800409
44,gpu_only,block_05_norm1,layer_norm,GPU,989321.2108800409,989343.3404800409
49,gpu_only,block_04_proj,linear_projection,GPU,989343.3404800409,989495.584640041
48,gpu_only,block_04_residual1,residual_add,GPU,989495.584640041,989513.931840041
28,gpu_only,block_07_norm2,layer_norm,GPU,989513.931840041,989536.061440041
23,gpu_only,block_08_ffn_island,fused_ffn_island,GPU,989536.061440041,990749.2739200409
19,gpu_only,block_09_residual2,residual_add,GPU,990749.2739200409,990767.621120041
57,gpu_only,block_03_residual1,residual_add,GPU,990767.621120041,990785.9683200411
47,gpu_only,block_04_norm2,layer_norm,GPU,990785.9683200411,990808.0979200411
62,gpu_only,block_03_norm1,layer_norm,GPU,990808.0979200411,990830.2275200412
43,gpu_only,block_05_qkv,linear_qkv,GPU,990830.2275200412,991272.9600000412
21,gpu_only,block_09_attention,self_attention,GPU,991272.9600000412,991428.9865600412
56,gpu_only,block_03_norm2,layer_norm,GPU,991428.9865600412,991451.1161600412
39,gpu_only,block_05_ffn_island,fused_ffn_island,GPU,991451.1161600412,992664.3286400412
55,gpu_only,block_03_ffn_island,fused_ffn_island,GPU,992664.3286400412,993877.5411200412
16,gpu_only,block_10_residual2,residual_add,GPU,993877.5411200412,993895.8883200411
27,gpu_only,block_07_residual2,residual_add,GPU,993895.8883200411,993914.2355200412
61,gpu_only,block_03_qkv,linear_qkv,GPU,993914.2355200412,994356.9680000412
30,gpu_only,block_07_attention,self_attention,GPU,994356.9680000412,994512.9945600412
24,gpu_only,block_08_residual1,residual_add,GPU,994512.9945600412,994531.3417600413
18,gpu_only,block_10_qkv,linear_qkv,GPU,994531.3417600413,994974.0742400413
33,gpu_only,block_06_ffn_island,fused_ffn_island,GPU,994974.0742400413,996187.2867200413
60,gpu_only,block_03_attention,self_attention,GPU,996187.2867200413,996343.3132800413
35,gpu_only,block_06_proj,linear_projection,GPU,996343.3132800413,996495.5574400413
17,gpu_only,block_10_residual1,residual_add,GPU,996495.5574400413,996513.9046400414
14,gpu_only,block_11_norm2,layer_norm,GPU,996513.9046400414,996536.0342400414
40,gpu_only,block_05_norm2,layer_norm,GPU,996536.0342400414,996558.1638400415
54,gpu_only,block_03_residual2,residual_add,GPU,996558.1638400415,996576.5110400416
20,gpu_only,block_09_norm2,layer_norm,GPU,996576.5110400416,996598.6406400416
26,gpu_only,block_08_qkv,linear_qkv,GPU,996598.6406400416,997041.3731200416
31,gpu_only,block_07_qkv,linear_qkv,GPU,997041.3731200416,997484.1056000417
53,gpu_only,block_04_norm1,layer_norm,GPU,997484.1056000417,997506.2352000417
22,gpu_only,block_09_qkv,linear_qkv,GPU,997506.2352000417,997948.9676800417
15,gpu_only,block_11_attention,self_attention,GPU,997948.9676800417,998104.9942400417
29,gpu_only,block_07_residual1,residual_add,GPU,998104.9942400417,998123.3414400418
59,gpu_only,block_03_proj,linear_projection,GPU,998123.3414400418,998275.5856000418
63,gpu_only,block_03_norm1,layer_norm,GPU,998275.5856000418,998297.7152000419
41,gpu_only,block_05_residual1,residual_add,GPU,998297.7152000419,998316.0624000418
45,gpu_only,block_05_norm1,layer_norm,GPU,998316.0624000418,998338.192000042
37,gpu_only,block_06_qkv,linear_qkv,GPU,998338.192000042,998780.924480042
32,gpu_only,block_07_norm1,layer_norm,GPU,998780.924480042,998803.0540800419
38,gpu_only,block_06_norm1,layer_norm,GPU,998803.0540800419,998825.183680042
13,gpu_only,class_token_select,class_token_select,GPU,998825.183680042,998832.2220800421
42,gpu_only,block_05_proj,linear_projection,GPU,998832.2220800421,998984.4662400421
50,gpu_only,block_04_proj,linear_projection,GPU,998984.4662400421,999136.7104000421
46,gpu_only,block_04_residual2,residual_add,GPU,999136.7104000421,999155.0576000422
52,gpu_only,block_04_qkv,linear_qkv,GPU,999155.0576000422,999597.7900800422
36,gpu_only,block_06_attention,self_attention,GPU,999597.7900800422,999753.8166400422
51,gpu_only,block_04_attention,self_attention,GPU,999753.8166400422,999909.8432000423
25,gpu_only,block_08_proj,linear_projection,GPU,999909.8432000423,1000062.0873600423
58,gpu_only,block_03_residual1,residual_add,GPU,1000062.0873600423,1000080.4345600422
34,gpu_only,block_06_norm2,layer_norm,GPU,1000080.4345600422,1000102.5641600423
44,gpu_only,block_05_qkv,linear_qkv,GPU,1000102.5641600423,1000545.2966400423
49,gpu_only,block_04_residual1,residual_add,GPU,1000545.2966400423,1000563.6438400423
48,gpu_only,block_04_norm2,layer_norm,GPU,1000563.6438400423,1000585.7734400423
28,gpu_only,block_07_ffn_island,fused_ffn_island,GPU,1000585.7734400423,1001798.9859200423
23,gpu_only,block_08_residual2,residual_add,GPU,1001798.9859200423,1001817.3331200422
19,gpu_only,block_10_norm1,layer_norm,GPU,1001817.3331200422,1001839.4627200422
57,gpu_only,block_03_norm2,layer_norm,GPU,1001839.4627200422,1001861.5923200422
47,gpu_only,block_04_ffn_island,fused_ffn_island,GPU,1001861.5923200422,1003074.8048000422
62,gpu_only,block_03_qkv,linear_qkv,GPU,1003074.8048000422,1003517.5372800422
43,gpu_only,block_05_attention,self_attention,GPU,1003517.5372800422,1003673.5638400422
21,gpu_only,block_09_proj,linear_projection,GPU,1003673.5638400422,1003825.8080000422
56,gpu_only,block_03_ffn_island,fused_ffn_island,GPU,1003825.8080000422,1005039.0204800421
39,gpu_only,block_05_residual2,residual_add,GPU,1005039.0204800421,1005057.367680042
55,gpu_only,block_03_residual2,residual_add,GPU,1005057.367680042,1005075.714880042
16,gpu_only,block_11_norm1,layer_norm,GPU,1005075.714880042,1005097.844480042
27,gpu_only,block_08_norm1,layer_norm,GPU,1005097.844480042,1005119.9740800421
61,gpu_only,block_03_attention,self_attention,GPU,1005119.9740800421,1005276.0006400421
30,gpu_only,block_07_proj,linear_projection,GPU,1005276.0006400421,1005428.244800042
24,gpu_only,block_08_norm2,layer_norm,GPU,1005428.244800042,1005450.374400042
18,gpu_only,block_10_attention,self_attention,GPU,1005450.374400042,1005606.400960042
33,gpu_only,block_06_residual2,residual_add,GPU,1005606.400960042,1005624.748160042
60,gpu_only,block_03_proj,linear_projection,GPU,1005624.748160042,1005776.9923200419
35,gpu_only,block_06_residual1,residual_add,GPU,1005776.9923200419,1005795.3395200418
17,gpu_only,block_10_norm2,layer_norm,GPU,1005795.3395200418,1005817.4691200419
14,gpu_only,block_11_ffn_island,fused_ffn_island,GPU,1005817.4691200419,1007030.6816000418
40,gpu_only,block_05_ffn_island,fused_ffn_island,GPU,1007030.6816000418,1008243.8940800418
54,gpu_only,block_04_norm1,layer_norm,GPU,1008243.8940800418,1008266.0236800418
20,gpu_only,block_09_ffn_island,fused_ffn_island,GPU,1008266.0236800418,1009479.2361600418
26,gpu_only,block_08_attention,self_attention,GPU,1009479.2361600418,1009635.2627200418
31,gpu_only,block_07_attention,self_attention,GPU,1009635.2627200418,1009791.2892800418
53,gpu_only,block_04_qkv,linear_qkv,GPU,1009791.2892800418,1010234.0217600418
22,gpu_only,block_09_attention,self_attention,GPU,1010234.0217600418,1010390.0483200419
15,gpu_only,block_11_proj,linear_projection,GPU,1010390.0483200419,1010542.2924800417
29,gpu_only,block_07_norm2,layer_norm,GPU,1010542.2924800417,1010564.4220800418
59,gpu_only,block_03_residual1,residual_add,GPU,1010564.4220800418,1010582.7692800418
63,gpu_only,block_03_qkv,linear_qkv,GPU,1010582.7692800418,1011025.5017600418
41,gpu_only,block_05_norm2,layer_norm,GPU,1011025.5017600418,1011047.6313600418
45,gpu_only,block_05_qkv,linear_qkv,GPU,1011047.6313600418,1011490.3638400419
37,gpu_only,block_06_attention,self_attention,GPU,1011490.3638400419,1011646.390400042
32,gpu_only,block_07_qkv,linear_qkv,GPU,1011646.390400042,1012089.122880042
38,gpu_only,block_06_qkv,linear_qkv,GPU,1012089.122880042,1012531.855360042
13,gpu_only,classifier,linear_classifier,GPU,1012531.855360042,1012539.815360042
42,gpu_only,block_05_residual1,residual_add,GPU,1012539.815360042,1012558.162560042
50,gpu_only,block_04_residual1,residual_add,GPU,1012558.162560042,1012576.5097600418
46,gpu_only,block_05_norm1,layer_norm,GPU,1012576.5097600418,1012598.6393600419
52,gpu_only,block_04_attention,self_attention,GPU,1012598.6393600419,1012754.665920042
36,gpu_only,block_06_proj,linear_projection,GPU,1012754.665920042,1012906.9100800419
51,gpu_only,block_04_proj,linear_projection,GPU,1012906.9100800419,1013059.1542400417
25,gpu_only,block_08_residual1,residual_add,GPU,1013059.1542400417,1013077.5014400417
58,gpu_only,block_03_norm2,layer_norm,GPU,1013077.5014400417,1013099.6310400418
34,gpu_only,block_06_ffn_island,fused_ffn_island,GPU,1013099.6310400418,1014312.8435200417
44,gpu_only,block_05_attention,self_attention,GPU,1014312.8435200417,1014468.8700800417
49,gpu_only,block_04_norm2,layer_norm,GPU,1014468.8700800417,1014490.9996800418
48,gpu_only,block_04_ffn_island,fused_ffn_island,GPU,1014490.9996800418,1015704.2121600417
28,gpu_only,block_07_residual2,residual_add,GPU,1015704.2121600417,1015722.5593600416
23,gpu_only,block_09_norm1,layer_norm,GPU,1015722.5593600416,1015744.6889600416
19,gpu_only,block_10_qkv,linear_qkv,GPU,1015744.6889600416,1016187.4214400417
57,gpu_only,block_03_ffn_island,fused_ffn_island,GPU,1016187.4214400417,1017400.6339200416
47,gpu_only,block_04_residual2,residual_add,GPU,1017400.6339200416,1017418.9811200416
62,gpu_only,block_03_attention,self_attention,GPU,1017418.9811200416,1017575.0076800416
43,gpu_only,block_05_proj,linear_projection,GPU,1017575.0076800416,1017727.2518400415
21,gpu_only,block_09_residual1,residual_add,GPU,1017727.2518400415,1017745.5990400414
56,gpu_only,block_03_residual2,residual_add,GPU,1017745.5990400414,1017763.9462400414
39,gpu_only,block_06_norm1,layer_norm,GPU,1017763.9462400414,1017786.0758400414
55,gpu_only,block_04_norm1,layer_norm,GPU,1017786.0758400414,1017808.2054400415
16,gpu_only,block_11_qkv,linear_qkv,GPU,1017808.2054400415,1018250.9379200415
27,gpu_only,block_08_qkv,linear_qkv,GPU,1018250.9379200415,1018693.6704000415
61,gpu_only,block_03_proj,linear_projection,GPU,1018693.6704000415,1018845.9145600415
30,gpu_only,block_07_residual1,residual_add,GPU,1018845.9145600415,1018864.2617600415
24,gpu_only,block_08_ffn_island,fused_ffn_island,GPU,1018864.2617600415,1020077.4742400413
18,gpu_only,block_10_proj,linear_projection,GPU,1020077.4742400413,1020229.7184000413
33,gpu_only,block_07_norm1,layer_norm,GPU,1020229.7184000413,1020251.8480000413
60,gpu_only,block_03_residual1,residual_add,GPU,1020251.8480000413,1020270.1952000413
35,gpu_only,block_06_norm2,layer_norm,GPU,1020270.1952000413,1020292.3248000413
17,gpu_only,block_10_ffn_island,fused_ffn_island,GPU,1020292.3248000413,1021505.5372800413
14,gpu_only,block_11_residual2,residual_add,GPU,1021505.5372800413,1021523.8844800412
40,gpu_only,block_05_residual2,residual_add,GPU,1021523.8844800412,1021542.2316800411
54,gpu_only,block_04_qkv,linear_qkv,GPU,1021542.2316800411,1021984.9641600412
20,gpu_only,block_09_residual2,residual_add,GPU,1021984.9641600412,1022003.311360041
26,gpu_only,block_08_proj,linear_projection,GPU,1022003.311360041,1022155.555520041
31,gpu_only,block_07_proj,linear_projection,GPU,1022155.555520041,1022307.7996800409
53,gpu_only,block_04_attention,self_attention,GPU,1022307.7996800409,1022463.826240041
22,gpu_only,block_09_proj,linear_projection,GPU,1022463.826240041,1022616.0704000408
15,gpu_only,block_11_residual1,residual_add,GPU,1022616.0704000408,1022634.4176000408
29,gpu_only,block_07_ffn_island,fused_ffn_island,GPU,1022634.4176000408,1023847.6300800408
59,gpu_only,block_03_norm2,layer_norm,GPU,1023847.6300800408,1023869.7596800408
63,gpu_only,block_03_attention,self_attention,GPU,1023869.7596800408,1024025.7862400408
41,gpu_only,block_05_ffn_island,fused_ffn_island,GPU,1024025.7862400408,1025238.9987200408
45,gpu_only,block_05_attention,self_attention,GPU,1025238.9987200408,1025395.0252800408
37,gpu_only,block_06_proj,linear_projection,GPU,1025395.0252800408,1025547.2694400407
32,gpu_only,block_07_attention,self_attention,GPU,1025547.2694400407,1025703.2960000407
38,gpu_only,block_06_attention,self_attention,GPU,1025703.2960000407,1025859.3225600407
42,gpu_only,block_05_norm2,layer_norm,GPU,1025859.3225600407,1025881.4521600407
50,gpu_only,block_04_norm2,layer_norm,GPU,1025881.4521600407,1025903.5817600408
46,gpu_only,block_05_qkv,linear_qkv,GPU,1025903.5817600408,1026346.3142400408
52,gpu_only,block_04_proj,linear_projection,GPU,1026346.3142400408,1026498.5584000408
36,gpu_only,block_06_residual1,residual_add,GPU,1026498.5584000408,1026516.9056000407
51,gpu_only,block_04_residual1,residual_add,GPU,1026516.9056000407,1026535.2528000406
25,gpu_only,block_08_norm2,layer_norm,GPU,1026535.2528000406,1026557.3824000406
58,gpu_only,block_03_ffn_island,fused_ffn_island,GPU,1026557.3824000406,1027770.5948800406
34,gpu_only,block_06_residual2,residual_add,GPU,1027770.5948800406,1027788.9420800406
44,gpu_only,block_05_proj,linear_projection,GPU,1027788.9420800406,1027941.1862400405
49,gpu_only,block_04_ffn_island,fused_ffn_island,GPU,1027941.1862400405,1029154.3987200405
48,gpu_only,block_04_residual2,residual_add,GPU,1029154.3987200405,1029172.7459200404
28,gpu_only,block_08_norm1,layer_norm,GPU,1029172.7459200404,1029194.8755200404
23,gpu_only,block_09_qkv,linear_qkv,GPU,1029194.8755200404,1029637.6080000404
19,gpu_only,block_10_attention,self_attention,GPU,1029637.6080000404,1029793.6345600404
57,gpu_only,block_03_residual2,residual_add,GPU,1029793.6345600404,1029811.9817600404
47,gpu_only,block_05_norm1,layer_norm,GPU,1029811.9817600404,1029834.1113600405
62,gpu_only,block_03_proj,linear_projection,GPU,1029834.1113600405,1029986.3555200404
43,gpu_only,block_05_residual1,residual_add,GPU,1029986.3555200404,1030004.7027200403
21,gpu_only,block_09_norm2,layer_norm,GPU,1030004.7027200403,1030026.8323200403
56,gpu_only,block_04_norm1,layer_norm,GPU,1030026.8323200403,1030048.9619200403
39,gpu_only,block_06_qkv,linear_qkv,GPU,1030048.9619200403,1030491.6944000404
55,gpu_only,block_04_qkv,linear_qkv,GPU,1030491.6944000404,1030934.4268800404
16,gpu_only,block_11_attention,self_attention,GPU,1030934.4268800404,1031090.4534400405
27,gpu_only,block_08_attention,self_attention,GPU,1031090.4534400405,1031246.4800000405
61,gpu_only,block_03_residual1,residual_add,GPU,1031246.4800000405,1031264.8272000405
30,gpu_only,block_07_norm2,layer_norm,GPU,1031264.8272000405,1031286.9568000404
24,gpu_only,block_08_residual2,residual_add,GPU,1031286.9568000404,1031305.3040000404
18,gpu_only,block_10_residual1,residual_add,GPU,1031305.3040000404,1031323.6512000404
33,gpu_only,block_07_qkv,linear_qkv,GPU,1031323.6512000404,1031766.3836800404
60,gpu_only,block_03_norm2,layer_norm,GPU,1031766.3836800404,1031788.5132800404
35,gpu_only,block_06_ffn_island,fused_ffn_island,GPU,1031788.5132800404,1033001.7257600403
17,gpu_only,block_10_residual2,residual_add,GPU,1033001.7257600403,1033020.0729600403
14,gpu_only,final_norm,layer_norm,GPU,1033020.0729600403,1033042.2025600403
40,gpu_only,block_06_norm1,layer_norm,GPU,1033042.2025600403,1033064.3321600404
54,gpu_only,block_04_attention,self_attention,GPU,1033064.3321600404,1033220.3587200404
20,gpu_only,block_10_norm1,layer_norm,GPU,1033220.3587200404,1033242.4883200404
26,gpu_only,block_08_residual1,residual_add,GPU,1033242.4883200404,1033260.8355200404
31,gpu_only,block_07_residual1,residual_add,GPU,1033260.8355200404,1033279.1827200403
53,gpu_only,block_04_proj,linear_projection,GPU,1033279.1827200403,1033431.4268800402
22,gpu_only,block_09_residual1,residual_add,GPU,1033431.4268800402,1033449.7740800402
15,gpu_only,block_11_norm2,layer_norm,GPU,1033449.7740800402,1033471.9036800402
29,gpu_only,block_07_residual2,residual_add,GPU,1033471.9036800402,1033490.2508800401
59,gpu_only,block_03_ffn_island,fused_ffn_island,GPU,1033490.2508800401,1034703.4633600401
63,gpu_only,block_03_proj,linear_projection,GPU,1034703.4633600401,1034855.70752004
41,gpu_only,block_05_residual2,residual_add,GPU,1034855.70752004,1034874.05472004
45,gpu_only,block_05_proj,linear_projection,GPU,1034874.05472004,1035026.2988800398
37,gpu_only,block_06_residual1,residual_add,GPU,1035026.2988800398,1035044.6460800398
32,gpu_only,block_07_proj,linear_projection,GPU,1035044.6460800398,1035196.8902400397
38,gpu_only,block_06_proj,linear_projection,GPU,1035196.8902400397,1035349.1344000396
42,gpu_only,block_05_ffn_island,fused_ffn_island,GPU,1035349.1344000396,1036562.3468800395
50,gpu_only,block_04_ffn_island,fused_ffn_island,GPU,1036562.3468800395,1037775.5593600395
46,gpu_only,block_05_attention,self_attention,GPU,1037775.5593600395,1037931.5859200396
52,gpu_only,block_04_residual1,residual_add,GPU,1037931.5859200396,1037949.9331200395
36,gpu_only,block_06_norm2,layer_norm,GPU,1037949.9331200395,1037972.0627200395
51,gpu_only,block_04_norm2,layer_norm,GPU,1037972.0627200395,1037994.1923200395
25,gpu_only,block_08_ffn_island,fused_ffn_island,GPU,1037994.1923200395,1039207.4048000395
58,gpu_only,block_03_residual2,residual_add,GPU,1039207.4048000395,1039225.7520000394
34,gpu_only,block_07_norm1,layer_norm,GPU,1039225.7520000394,1039247.8816000394
44,gpu_only,block_05_residual1,residual_add,GPU,1039247.8816000394,1039266.2288000394
49,gpu_only,block_04_residual2,residual_add,GPU,1039266.2288000394,1039284.5760000393
48,gpu_only,block_05_norm1,layer_norm,GPU,1039284.5760000393,1039306.7056000393
28,gpu_only,block_08_qkv,linear_qkv,GPU,1039306.7056000393,1039749.4380800393
23,gpu_only,block_09_attention,self_attention,GPU,1039749.4380800393,1039905.4646400394
19,gpu_only,block_10_proj,linear_projection,GPU,1039905.4646400394,1040057.7088000394
57,gpu_only,block_04_norm1,layer_norm,GPU,1040057.7088000394,1040079.8384000394
47,gpu_only,block_05_qkv,linear_qkv,GPU,1040079.8384000394,1040522.5708800394
62,gpu_only,block_03_residual1,residual_add,GPU,1040522.5708800394,1040540.9180800393
43,gpu_only,block_05_norm2,layer_norm,GPU,1040540.9180800393,1040563.0476800394
21,gpu_only,block_09_ffn_island,fused_ffn_island,GPU,1040563.0476800394,1041776.2601600393
56,gpu_only,block_04_qkv,linear_qkv,GPU,1041776.2601600393,1042218.9926400394
39,gpu_only,block_06_attention,self_attention,GPU,1042218.9926400394,1042375.0192000394
55,gpu_only,block_04_attention,self_attention,GPU,1042375.0192000394,1042531.0457600394
16,gpu_only,block_11_proj,linear_projection,GPU,1042531.0457600394,1042683.2899200394
27,gpu_only,block_08_proj,linear_projection,GPU,1042683.2899200394,1042835.5340800392
61,gpu_only,block_03_norm2,layer_norm,GPU,1042835.5340800392,1042857.6636800393
30,gpu_only,block_07_ffn_island,fused_ffn_island,GPU,1042857.6636800393,1044070.8761600392
24,gpu_only,block_09_norm1,layer_norm,GPU,1044070.8761600392,1044093.0057600393
18,gpu_only,block_10_norm2,layer_norm,GPU,1044093.0057600393,1044115.1353600393
33,gpu_only,block_07_attention,self_attention,GPU,1044115.1353600393,1044271.1619200393
60,gpu_only,block_03_ffn_island,fused_ffn_island,GPU,1044271.1619200393,1045484.3744000393
35,gpu_only,block_06_residual2,residual_add,GPU,1045484.3744000393,1045502.7216000392
17,gpu_only,block_11_norm1,layer_norm,GPU,1045502.7216000392,1045524.8512000393
14,gpu_only,class_token_select,class_token_select,GPU,1045524.8512000393,1045531.8896000392
40,gpu_only,block_06_qkv,linear_qkv,GPU,1045531.8896000392,1045974.6220800392
54,gpu_only,block_04_proj,linear_projection,GPU,1045974.6220800392,1046126.8662400391
20,gpu_only,block_10_qkv,linear_qkv,GPU,1046126.8662400391,1046569.5987200392
26,gpu_only,block_08_norm2,layer_norm,GPU,1046569.5987200392,1046591.7283200392
31,gpu_only,block_07_norm2,layer_norm,GPU,1046591.7283200392,1046613.8579200392
53,gpu_only,block_04_residual1,residual_add,GPU,1046613.8579200392,1046632.2051200392
22,gpu_only,block_09_norm2,layer_norm,GPU,1046632.2051200392,1046654.3347200392
15,gpu_only,block_11_ffn_island,fused_ffn_island,GPU,1046654.3347200392,1047867.5472000391
29,gpu_only,block_08_norm1,layer_norm,GPU,1047867.5472000391,1047889.6768000392
59,gpu_only,block_03_residual2,residual_add,GPU,1047889.6768000392,1047908.0240000391
63,gpu_only,block_03_residual1,residual_add,GPU,1047908.0240000391,1047926.371200039
41,gpu_only,block_06_norm1,layer_norm,GPU,1047926.371200039,1047948.5008000392
45,gpu_only,block_05_residual1,residual_add,GPU,1047948.5008000392,1047966.848000039
37,gpu_only,block_06_norm2,layer_norm,GPU,1047966.848000039,1047988.9776000391
32,gpu_only,block_07_residual1,residual_add,GPU,1047988.9776000391,1048007.324800039
38,gpu_only,block_06_residual1,residual_add,GPU,1048007.324800039,1048025.6720000389
42,gpu_only,block_05_residual2,residual_add,GPU,1048025.6720000389,1048044.0192000389
50,gpu_only,block_04_residual2,residual_add,GPU,1048044.0192000389,1048062.3664000388
46,gpu_only,block_05_proj,linear_projection,GPU,1048062.3664000388,1048214.6105600387
52,gpu_only,block_04_norm2,layer_norm,GPU,1048214.6105600387,1048236.7401600388
36,gpu_only,block_06_ffn_island,fused_ffn_island,GPU,1048236.7401600388,1049449.9526400387
51,gpu_only,block_04_ffn_island,fused_ffn_island,GPU,1049449.9526400387,1050663.1651200387
25,gpu_only,block_08_residual2,residual_add,GPU,1050663.1651200387,1050681.5123200386
58,gpu_only,block_04_norm1,layer_norm,GPU,1050681.5123200386,1050703.6419200387
34,gpu_only,block_07_qkv,linear_qkv,GPU,1050703.6419200387,1051146.3744000387
44,gpu_only,block_05_norm2,layer_norm,GPU,1051146.3744000387,1051168.5040000386
49,gpu_only,block_05_norm1,layer_norm,GPU,1051168.5040000386,1051190.6336000387
48,gpu_only,block_05_qkv,linear_qkv,GPU,1051190.6336000387,1051633.3660800387
28,gpu_only,block_08_attention,self_attention,GPU,1051633.3660800387,1051789.3926400389
23,gpu_only,block_09_proj,linear_projection,GPU,1051789.3926400389,1051941.6368000386
19,gpu_only,block_10_residual1,residual_add,GPU,1051941.6368000386,1051959.9840000386
57,gpu_only,block_04_qkv,linear_qkv,GPU,1051959.9840000386,1052402.7164800386
47,gpu_only,block_05_attention,self_attention,GPU,1052402.7164800386,1052558.7430400387
62,gpu_only,block_03_norm2,layer_norm,GPU,1052558.7430400387,1052580.8726400388
43,gpu_only,block_05_ffn_island,fused_ffn_island,GPU,1052580.8726400388,1053794.0851200386
21,gpu_only,block_09_residual2,residual_add,GPU,1053794.0851200386,1053812.4323200386
56,gpu_only,block_04_attention,self_attention,GPU,1053812.4323200386,1053968.4588800387
39,gpu_only,block_06_proj,linear_projection,GPU,1053968.4588800387,1054120.7030400385
55,gpu_only,block_04_proj,linear_projection,GPU,1054120.7030400385,1054272.9472000385
16,gpu_only,block_11_residual1,residual_add,GPU,1054272.9472000385,1054291.2944000384
27,gpu_only,block_08_residual1,residual_add,GPU,1054291.2944000384,1054309.6416000384
61,gpu_only,block_03_ffn_island,fused_ffn_island,GPU,1054309.6416000384,1055522.8540800384
30,gpu_only,block_07_residual2,residual_add,GPU,1055522.8540800384,1055541.2012800383
24,gpu_only,block_09_qkv,linear_qkv,GPU,1055541.2012800383,1055983.9337600383
18,gpu_only,block_10_ffn_island,fused_ffn_island,GPU,1055983.9337600383,1057197.1462400383
33,gpu_only,block_07_proj,linear_projection,GPU,1057197.1462400383,1057349.390400038
60,gpu_only,block_03_residual2,residual_add,GPU,1057349.390400038,1057367.737600038
35,gpu_only,block_07_norm1,layer_norm,GPU,1057367.737600038,1057389.8672000382
17,gpu_only,block_11_qkv,linear_qkv,GPU,1057389.8672000382,1057832.5996800382
14,gpu_only,classifier,linear_classifier,GPU,1057832.5996800382,1057840.5596800381
40,gpu_only,block_06_attention,self_attention,GPU,1057840.5596800381,1057996.5862400383
54,gpu_only,block_04_residual1,residual_add,GPU,1057996.5862400383,1058014.9334400382
20,gpu_only,block_10_attention,self_attention,GPU,1058014.9334400382,1058170.9600000381
26,gpu_only,block_08_ffn_island,fused_ffn_island,GPU,1058170.9600000381,1059384.1724800381
31,gpu_only,block_07_ffn_island,fused_ffn_island,GPU,1059384.1724800381,1060597.3849600381
53,gpu_only,block_04_norm2,layer_norm,GPU,1060597.3849600381,1060619.5145600382
22,gpu_only,block_09_ffn_island,fused_ffn_island,GPU,1060619.5145600382,1061832.727040038
15,gpu_only,block_11_residual2,residual_add,GPU,1061832.727040038,1061851.074240038
29,gpu_only,block_08_qkv,linear_qkv,GPU,1061851.074240038,1062293.806720038
59,gpu_only,block_04_norm1,layer_norm,GPU,1062293.806720038,1062315.936320038
63,gpu_only,block_03_norm2,layer_norm,GPU,1062315.936320038,1062338.0659200381
41,gpu_only,block_06_qkv,linear_qkv,GPU,1062338.0659200381,1062780.7984000382
45,gpu_only,block_05_norm2,layer_norm,GPU,1062780.7984000382,1062802.9280000383
37,gpu_only,block_06_ffn_island,fused_ffn_island,GPU,1062802.9280000383,1064016.140480038
32,gpu_only,block_07_norm2,layer_norm,GPU,1064016.140480038,1064038.270080038
38,gpu_only,block_06_norm2,layer_norm,GPU,1064038.270080038,1064060.3996800382
42,gpu_only,block_06_norm1,layer_norm,GPU,1064060.3996800382,1064082.5292800383
50,gpu_only,block_05_norm1,layer_norm,GPU,1064082.5292800383,1064104.6588800382
46,gpu_only,block_05_residual1,residual_add,GPU,1064104.6588800382,1064123.0060800381
52,gpu_only,block_04_ffn_island,fused_ffn_island,GPU,1064123.0060800381,1065336.2185600381
36,gpu_only,block_06_residual2,residual_add,GPU,1065336.2185600381,1065354.565760038
51,gpu_only,block_04_residual2,residual_add,GPU,1065354.565760038,1065372.912960038
25,gpu_only,block_09_norm1,layer_norm,GPU,1065372.912960038,1065395.042560038
58,gpu_only,block_04_qkv,linear_qkv,GPU,1065395.042560038,1065837.7750400382
34,gpu_only,block_07_attention,self_attention,GPU,1065837.7750400382,1065993.801600038
44,gpu_only,block_05_ffn_island,fused_ffn_island,GPU,1065993.801600038,1067207.014080038
49,gpu_only,block_05_qkv,linear_qkv,GPU,1067207.014080038,1067649.746560038
48,gpu_only,block_05_attention,self_attention,GPU,1067649.746560038,1067805.7731200382
28,gpu_only,block_08_proj,linear_projection,GPU,1067805.7731200382,1067958.017280038
23,gpu_only,block_09_residual1,residual_add,GPU,1067958.017280038,1067976.364480038
19,gpu_only,block_10_norm2,layer_norm,GPU,1067976.364480038,1067998.494080038
57,gpu_only,block_04_attention,self_attention,GPU,1067998.494080038,1068154.520640038
47,gpu_only,block_05_proj,linear_projection,GPU,1068154.520640038,1068306.764800038
62,gpu_only,block_03_ffn_island,fused_ffn_island,GPU,1068306.764800038,1069519.977280038
43,gpu_only,block_05_residual2,residual_add,GPU,1069519.977280038,1069538.324480038
21,gpu_only,block_10_norm1,layer_norm,GPU,1069538.324480038,1069560.4540800378
56,gpu_only,block_04_proj,linear_projection,GPU,1069560.4540800378,1069712.6982400378
39,gpu_only,block_06_residual1,residual_add,GPU,1069712.6982400378,1069731.0454400377
55,gpu_only,block_04_residual1,residual_add,GPU,1069731.0454400377,1069749.3926400377
16,gpu_only,block_11_norm2,layer_norm,GPU,1069749.3926400377,1069771.5222400378
27,gpu_only,block_08_norm2,layer_norm,GPU,1069771.5222400378,1069793.6518400377
61,gpu_only,block_03_residual2,residual_add,GPU,1069793.6518400377,1069811.9990400376
30,gpu_only,block_08_norm1,layer_norm,GPU,1069811.9990400376,1069834.1286400377
24,gpu_only,block_09_attention,self_attention,GPU,1069834.1286400377,1069990.1552000376
18,gpu_only,block_10_residual2,residual_add,GPU,1069990.1552000376,1070008.5024000376
33,gpu_only,block_07_residual1,residual_add,GPU,1070008.5024000376,1070026.8496000376
60,gpu_only,block_04_norm1,layer_norm,GPU,1070026.8496000376,1070048.9792000377
35,gpu_only,block_07_qkv,linear_qkv,GPU,1070048.9792000377,1070491.7116800377
17,gpu_only,block_11_attention,self_attention,GPU,1070491.7116800377,1070647.7382400376
40,gpu_only,block_06_proj,linear_projection,GPU,1070647.7382400376,1070799.9824000376
54,gpu_only,block_04_norm2,layer_norm,GPU,1070799.9824000376,1070822.1120000377
20,gpu_only,block_10_proj,linear_projection,GPU,1070822.1120000377,1070974.3561600375
26,gpu_only,block_08_residual2,residual_add,GPU,1070974.3561600375,1070992.7033600374
31,gpu_only,block_07_residual2,residual_add,GPU,1070992.7033600374,1071011.0505600374
53,gpu_only,block_04_ffn_island,fused_ffn_island,GPU,1071011.0505600374,1072224.2630400374
22,gpu_only,block_09_residual2,residual_add,GPU,1072224.2630400374,1072242.6102400373
15,gpu_only,final_norm,layer_norm,GPU,1072242.6102400373,1072264.7398400374
29,gpu_only,block_08_attention,self_attention,GPU,1072264.7398400374,1072420.7664000373
59,gpu_only,block_04_qkv,linear_qkv,GPU,1072420.7664000373,1072863.4988800373
63,gpu_only,block_03_ffn_island,fused_ffn_island,GPU,1072863.4988800373,1074076.7113600373
41,gpu_only,block_06_attention,self_attention,GPU,1074076.7113600373,1074232.7379200375
45,gpu_only,block_05_ffn_island,fused_ffn_island,GPU,1074232.7379200375,1075445.9504000372
37,gpu_only,block_06_residual2,residual_add,GPU,1075445.9504000372,1075464.2976000372
32,gpu_only,block_07_ffn_island,fused_ffn_island,GPU,1075464.2976000372,1076677.5100800372
38,gpu_only,block_06_ffn_island,fused_ffn_island,GPU,1076677.5100800372,1077890.7225600372
42,gpu_only,block_06_qkv,linear_qkv,GPU,1077890.7225600372,1078333.4550400372
50,gpu_only,block_05_qkv,linear_qkv,GPU,1078333.4550400372,1078776.1875200372
46,gpu_only,block_05_norm2,layer_norm,GPU,1078776.1875200372,1078798.3171200373
52,gpu_only,block_04_residual2,residual_add,GPU,1078798.3171200373,1078816.6643200372
36,gpu_only,block_07_norm1,layer_norm,GPU,1078816.6643200372,1078838.7939200373
51,gpu_only,block_05_norm1,layer_norm,GPU,1078838.7939200373,1078860.9235200372
25,gpu_only,block_09_qkv,linear_qkv,GPU,1078860.9235200372,1079303.6560000372
58,gpu_only,block_04_attention,self_attention,GPU,1079303.6560000372,1079459.6825600374
34,gpu_only,block_07_proj,linear_projection,GPU,1079459.6825600374,1079611.9267200374
44,gpu_only,block_05_residual2,residual_add,GPU,1079611.9267200374,1079630.273920037
49,gpu_only,block_05_attention,self_attention,GPU,1079630.273920037,1079786.3004800372
48,gpu_only,block_05_proj,linear_projection,GPU,1079786.3004800372,1079938.5446400372
28,gpu_only,block_08_residual1,residual_add,GPU,1079938.5446400372,1079956.891840037
23,gpu_only,block_09_norm2,layer_norm,GPU,1079956.891840037,1079979.021440037
19,gpu_only,block_10_ffn_island,fused_ffn_island,GPU,1079979.021440037,1081192.233920037
57,gpu_only,block_04_proj,linear_projection,GPU,1081192.233920037,1081344.478080037
47,gpu_only,block_05_residual1,residual_add,GPU,1081344.478080037,1081362.825280037
62,gpu_only,block_03_residual2,residual_add,GPU,1081362.825280037,1081381.1724800367
43,gpu_only,block_06_norm1,layer_norm,GPU,1081381.1724800367,1081403.3020800368
21,gpu_only,block_10_qkv,linear_qkv,GPU,1081403.3020800368,1081846.0345600368
56,gpu_only,block_04_residual1,residual_add,GPU,1081846.0345600368,1081864.3817600368
39,gpu_only,block_06_norm2,layer_norm,GPU,1081864.3817600368,1081886.511360037
55,gpu_only,block_04_norm2,layer_norm,GPU,1081886.511360037,1081908.640960037
16,gpu_only,block_11_ffn_island,fused_ffn_island,GPU,1081908.640960037,1083121.8534400368
27,gpu_only,block_08_ffn_island,fused_ffn_island,GPU,1083121.8534400368,1084335.0659200368
61,gpu_only,block_04_norm1,layer_norm,GPU,1084335.0659200368,1084357.1955200369
30,gpu_only,block_08_qkv,linear_qkv,GPU,1084357.1955200369,1084799.9280000369
24,gpu_only,block_09_proj,linear_projection,GPU,1084799.9280000369,1084952.1721600369
18,gpu_only,block_11_norm1,layer_norm,GPU,1084952.1721600369,1084974.3017600367
33,gpu_only,block_07_norm2,layer_norm,GPU,1084974.3017600367,1084996.4313600368
60,gpu_only,block_04_qkv,linear_qkv,GPU,1084996.4313600368,1085439.1638400368
35,gpu_only,block_07_attention,self_attention,GPU,1085439.1638400368,1085595.190400037
17,gpu_only,block_11_proj,linear_projection,GPU,1085595.190400037,1085747.4345600368
40,gpu_only,block_06_residual1,residual_add,GPU,1085747.4345600368,1085765.7817600367
54,gpu_only,block_04_ffn_island,fused_ffn_island,GPU,1085765.7817600367,1086978.9942400367
20,gpu_only,block_10_residual1,residual_add,GPU,1086978.9942400367,1086997.3414400367
26,gpu_only,block_09_norm1,layer_norm,GPU,1086997.3414400367,1087019.4710400368
31,gpu_only,block_08_norm1,layer_norm,GPU,1087019.4710400368,1087041.6006400366
53,gpu_only,block_04_residual2,residual_add,GPU,1087041.6006400366,1087059.9478400366
22,gpu_only,block_10_norm1,layer_norm,GPU,1087059.9478400366,1087082.0774400367
15,gpu_only,class_token_select,class_token_select,GPU,1087082.0774400367,1087089.1158400367
29,gpu_only,block_08_proj,linear_projection,GPU,1087089.1158400367,1087241.3600000367
59,gpu_only,block_04_attention,self_attention,GPU,1087241.3600000367,1087397.3865600366
63,gpu_only,block_03_residual2,residual_add,GPU,1087397.3865600366,1087415.7337600365
41,gpu_only,block_06_proj,linear_projection,GPU,1087415.7337600365,1087567.9779200365
45,gpu_only,block_05_residual2,residual_add,GPU,1087567.9779200365,1087586.3251200365
37,gpu_only,block_07_norm1,layer_norm,GPU,1087586.3251200365,1087608.4547200364
32,gpu_only,block_07_residual2,residual_add,GPU,1087608.4547200364,1087626.8019200363
38,gpu_only,block_06_residual2,residual_add,GPU,1087626.8019200363,1087645.1491200363
42,gpu_only,block_06_attention,self_attention,GPU,1087645.1491200363,1087801.1756800364
50,gpu_only,block_05_attention,self_attention,GPU,1087801.1756800364,1087957.2022400363
46,gpu_only,block_05_ffn_island,fused_ffn_island,GPU,1087957.2022400363,1089170.4147200363
52,gpu_only,block_05_norm1,layer_norm,GPU,1089170.4147200363,1089192.5443200364
36,gpu_only,block_07_qkv,linear_qkv,GPU,1089192.5443200364,1089635.2768000364
51,gpu_only,block_05_qkv,linear_qkv,GPU,1089635.2768000364,1090078.0092800364
25,gpu_only,block_09_attention,self_attention,GPU,1090078.0092800364,1090234.0358400363
58,gpu_only,block_04_proj,linear_projection,GPU,1090234.0358400363,1090386.2800000363
34,gpu_only,block_07_residual1,residual_add,GPU,1090386.2800000363,1090404.6272000363
44,gpu_only,block_06_norm1,layer_norm,GPU,1090404.6272000363,1090426.7568000364
49,gpu_only,block_05_proj,linear_projection,GPU,1090426.7568000364,1090579.0009600362
48,gpu_only,block_05_residual1,residual_add,GPU,1090579.0009600362,1090597.3481600361
28,gpu_only,block_08_norm2,layer_norm,GPU,1090597.3481600361,1090619.4777600362
23,gpu_only,block_09_ffn_island,fused_ffn_island,GPU,1090619.4777600362,1091832.6902400362
19,gpu_only,block_10_residual2,residual_add,GPU,1091832.6902400362,1091851.0374400362
57,gpu_only,block_04_residual1,residual_add,GPU,1091851.0374400362,1091869.384640036
47,gpu_only,block_05_norm2,layer_norm,GPU,1091869.384640036,1091891.514240036
62,gpu_only,block_04_norm1,layer_norm,GPU,1091891.514240036,1091913.6438400361
43,gpu_only,block_06_qkv,linear_qkv,GPU,1091913.6438400361,1092356.3763200361
21,gpu_only,block_10_attention,self_attention,GPU,1092356.3763200361,1092512.402880036
56,gpu_only,block_04_norm2,layer_norm,GPU,1092512.402880036,1092534.5324800361
39,gpu_only,block_06_ffn_island,fused_ffn_island,GPU,1092534.5324800361,1093747.7449600361
55,gpu_only,block_04_ffn_island,fused_ffn_island,GPU,1093747.7449600361,1094960.957440036
16,gpu_only,block_11_residual2,residual_add,GPU,1094960.957440036,1094979.304640036
27,gpu_only,block_08_residual2,residual_add,GPU,1094979.304640036,1094997.651840036
61,gpu_only,block_04_qkv,linear_qkv,GPU,1094997.651840036,1095440.384320036
30,gpu_only,block_08_attention,self_attention,GPU,1095440.384320036,1095596.410880036
24,gpu_only,block_09_residual1,residual_add,GPU,1095596.410880036,1095614.758080036
18,gpu_only,block_11_qkv,linear_qkv,GPU,1095614.758080036,1096057.490560036
33,gpu_only,block_07_ffn_island,fused_ffn_island,GPU,1096057.490560036,1097270.703040036
60,gpu_only,block_04_attention,self_attention,GPU,1097270.703040036,1097426.729600036
35,gpu_only,block_07_proj,linear_projection,GPU,1097426.729600036,1097578.9737600358
17,gpu_only,block_11_residual1,residual_add,GPU,1097578.9737600358,1097597.3209600358
40,gpu_only,block_06_norm2,layer_norm,GPU,1097597.3209600358,1097619.4505600359
54,gpu_only,block_04_residual2,residual_add,GPU,1097619.4505600359,1097637.7977600358
20,gpu_only,block_10_norm2,layer_norm,GPU,1097637.7977600358,1097659.9273600357
26,gpu_only,block_09_qkv,linear_qkv,GPU,1097659.9273600357,1098102.659840036
31,gpu_only,block_08_qkv,linear_qkv,GPU,1098102.659840036,1098545.392320036
53,gpu_only,block_05_norm1,layer_norm,GPU,1098545.392320036,1098567.5219200358
22,gpu_only,block_10_qkv,linear_qkv,GPU,1098567.5219200358,1099010.254400036
15,gpu_only,classifier,linear_classifier,GPU,1099010.254400036,1099018.214400036
29,gpu_only,block_08_residual1,residual_add,GPU,1099018.214400036,1099036.561600036
59,gpu_only,block_04_proj,linear_projection,GPU,1099036.561600036,1099188.8057600358
63,gpu_only,block_04_norm1,layer_norm,GPU,1099188.8057600358,1099210.9353600359
41,gpu_only,block_06_residual1,residual_add,GPU,1099210.9353600359,1099229.2825600358
45,gpu_only,block_06_norm1,layer_norm,GPU,1099229.2825600358,1099251.412160036
37,gpu_only,block_07_qkv,linear_qkv,GPU,1099251.412160036,1099694.144640036
32,gpu_only,block_08_norm1,layer_norm,GPU,1099694.144640036,1099716.274240036
38,gpu_only,block_07_norm1,layer_norm,GPU,1099716.274240036,1099738.403840036
42,gpu_only,block_06_proj,linear_projection,GPU,1099738.403840036,1099890.648000036
50,gpu_only,block_05_proj,linear_projection,GPU,1099890.648000036,1100042.892160036
46,gpu_only,block_05_residual2,residual_add,GPU,1100042.892160036,1100061.2393600359
52,gpu_only,block_05_qkv,linear_qkv,GPU,1100061.2393600359,1100503.9718400359
36,gpu_only,block_07_attention,self_attention,GPU,1100503.9718400359,1100659.9984000358
51,gpu_only,block_05_attention,self_attention,GPU,1100659.9984000358,1100816.024960036
25,gpu_only,block_09_proj,linear_projection,GPU,1100816.024960036,1100968.2691200357
58,gpu_only,block_04_residual1,residual_add,GPU,1100968.2691200357,1100986.6163200357
34,gpu_only,block_07_norm2,layer_norm,GPU,1100986.6163200357,1101008.7459200358
44,gpu_only,block_06_qkv,linear_qkv,GPU,1101008.7459200358,1101451.4784000358
49,gpu_only,block_05_residual1,residual_add,GPU,1101451.4784000358,1101469.8256000357
48,gpu_only,block_05_norm2,layer_norm,GPU,1101469.8256000357,1101491.9552000358
28,gpu_only,block_08_ffn_island,fused_ffn_island,GPU,1101491.9552000358,1102705.1676800356
23,gpu_only,block_09_residual2,residual_add,GPU,1102705.1676800356,1102723.5148800355
19,gpu_only,block_11_norm1,layer_norm,GPU,1102723.5148800355,1102745.6444800356
57,gpu_only,block_04_norm2,layer_norm,GPU,1102745.6444800356,1102767.7740800357
47,gpu_only,block_05_ffn_island,fused_ffn_island,GPU,1102767.7740800357,1103980.9865600357
62,gpu_only,block_04_qkv,linear_qkv,GPU,1103980.9865600357,1104423.7190400357
43,gpu_only,block_06_attention,self_attention,GPU,1104423.7190400357,1104579.7456000356
21,gpu_only,block_10_proj,linear_projection,GPU,1104579.7456000356,1104731.9897600356
56,gpu_only,block_04_ffn_island,fused_ffn_island,GPU,1104731.9897600356,1105945.2022400356
39,gpu_only,block_06_residual2,residual_add,GPU,1105945.2022400356,1105963.5494400356
55,gpu_only,block_04_residual2,residual_add,GPU,1105963.5494400356,1105981.8966400353
16,gpu_only,final_norm,layer_norm,GPU,1105981.8966400353,1106004.0262400354
27,gpu_only,block_09_norm1,layer_norm,GPU,1106004.0262400354,1106026.1558400355
61,gpu_only,block_04_attention,self_attention,GPU,1106026.1558400355,1106182.1824000354
30,gpu_only,block_08_proj,linear_projection,GPU,1106182.1824000354,1106334.4265600354
24,gpu_only,block_09_norm2,layer_norm,GPU,1106334.4265600354,1106356.5561600355
18,gpu_only,block_11_attention,self_attention,GPU,1106356.5561600355,1106512.5827200355
33,gpu_only,block_07_residual2,residual_add,GPU,1106512.5827200355,1106530.9299200354
60,gpu_only,block_04_proj,linear_projection,GPU,1106530.9299200354,1106683.1740800354
35,gpu_only,block_07_residual1,residual_add,GPU,1106683.1740800354,1106701.5212800354
17,gpu_only,block_11_norm2,layer_norm,GPU,1106701.5212800354,1106723.6508800352
40,gpu_only,block_06_ffn_island,fused_ffn_island,GPU,1106723.6508800352,1107936.8633600352
54,gpu_only,block_05_norm1,layer_norm,GPU,1107936.8633600352,1107958.9929600353
20,gpu_only,block_10_ffn_island,fused_ffn_island,GPU,1107958.9929600353,1109172.2054400353
26,gpu_only,block_09_attention,self_attention,GPU,1109172.2054400353,1109328.2320000352
31,gpu_only,block_08_attention,self_attention,GPU,1109328.2320000352,1109484.2585600354
53,gpu_only,block_05_qkv,linear_qkv,GPU,1109484.2585600354,1109926.9910400354
22,gpu_only,block_10_attention,self_attention,GPU,1109926.9910400354,1110083.0176000353
29,gpu_only,block_08_norm2,layer_norm,GPU,1110083.0176000353,1110105.1472000354
59,gpu_only,block_04_residual1,residual_add,GPU,1110105.1472000354,1110123.4944000354
63,gpu_only,block_04_qkv,linear_qkv,GPU,1110123.4944000354,1110566.2268800354
41,gpu_only,block_06_norm2,layer_norm,GPU,1110566.2268800354,1110588.3564800355
45,gpu_only,block_06_qkv,linear_qkv,GPU,1110588.3564800355,1111031.0889600355
37,gpu_only,block_07_attention,self_attention,GPU,1111031.0889600355,1111187.1155200354
32,gpu_only,block_08_qkv,linear_qkv,GPU,1111187.1155200354,1111629.8480000354
38,gpu_only,block_07_qkv,linear_qkv,GPU,1111629.8480000354,1112072.5804800356
42,gpu_only,block_06_residual1,residual_add,GPU,1112072.5804800356,1112090.9276800356
50,gpu_only,block_05_residual1,residual_add,GPU,1112090.9276800356,1112109.2748800353
46,gpu_only,block_06_norm1,layer_norm,GPU,1112109.2748800353,1112131.4044800354
52,gpu_only,block_05_attention,self_attention,GPU,1112131.4044800354,1112287.4310400356
36,gpu_only,block_07_proj,linear_projection,GPU,1112287.4310400356,1112439.6752000353
51,gpu_only,block_05_proj,linear_projection,GPU,1112439.6752000353,1112591.9193600353
25,gpu_only,block_09_residual1,residual_add,GPU,1112591.9193600353,1112610.2665600353
58,gpu_only,block_04_norm2,layer_norm,GPU,1112610.2665600353,1112632.3961600354
34,gpu_only,block_07_ffn_island,fused_ffn_island,GPU,1112632.3961600354,1113845.6086400351
44,gpu_only,block_06_attention,self_attention,GPU,1113845.6086400351,1114001.6352000353
49,gpu_only,block_05_norm2,layer_norm,GPU,1114001.6352000353,1114023.7648000354
48,gpu_only,block_05_ffn_island,fused_ffn_island,GPU,1114023.7648000354,1115236.9772800351
28,gpu_only,block_08_residual2,residual_add,GPU,1115236.9772800351,1115255.324480035
23,gpu_only,block_10_norm1,layer_norm,GPU,1115255.324480035,1115277.4540800352
19,gpu_only,block_11_qkv,linear_qkv,GPU,1115277.4540800352,1115720.1865600352
57,gpu_only,block_04_ffn_island,fused_ffn_island,GPU,1115720.1865600352,1116933.3990400352
47,gpu_only,block_05_residual2,residual_add,GPU,1116933.3990400352,1116951.7462400352
62,gpu_only,block_04_attention,self_attention,GPU,1116951.7462400352,1117107.772800035
43,gpu_only,block_06_proj,linear_projection,GPU,1117107.772800035,1117260.016960035
21,gpu_only,block_10_residual1,residual_add,GPU,1117260.016960035,1117278.364160035
56,gpu_only,block_04_residual2,residual_add,GPU,1117278.364160035,1117296.711360035
39,gpu_only,block_07_norm1,layer_norm,GPU,1117296.711360035,1117318.8409600349
55,gpu_only,block_05_norm1,layer_norm,GPU,1117318.8409600349,1117340.970560035
16,gpu_only,class_token_select,class_token_select,GPU,1117340.970560035,1117348.008960035
27,gpu_only,block_09_qkv,linear_qkv,GPU,1117348.008960035,1117790.741440035
61,gpu_only,block_04_proj,linear_projection,GPU,1117790.741440035,1117942.985600035
30,gpu_only,block_08_residual1,residual_add,GPU,1117942.985600035,1117961.332800035
24,gpu_only,block_09_ffn_island,fused_ffn_island,GPU,1117961.332800035,1119174.545280035
18,gpu_only,block_11_proj,linear_projection,GPU,1119174.545280035,1119326.7894400347
33,gpu_only,block_08_norm1,layer_norm,GPU,1119326.7894400347,1119348.9190400348
60,gpu_only,block_04_residual1,residual_add,GPU,1119348.9190400348,1119367.2662400347
35,gpu_only,block_07_norm2,layer_norm,GPU,1119367.2662400347,1119389.3958400348
17,gpu_only,block_11_ffn_island,fused_ffn_island,GPU,1119389.3958400348,1120602.6083200346
40,gpu_only,block_06_residual2,residual_add,GPU,1120602.6083200346,1120620.9555200345
54,gpu_only,block_05_qkv,linear_qkv,GPU,1120620.9555200345,1121063.6880000345
20,gpu_only,block_10_residual2,residual_add,GPU,1121063.6880000345,1121082.0352000345
26,gpu_only,block_09_proj,linear_projection,GPU,1121082.0352000345,1121234.2793600345
31,gpu_only,block_08_proj,linear_projection,GPU,1121234.2793600345,1121386.5235200345
53,gpu_only,block_05_attention,self_attention,GPU,1121386.5235200345,1121542.5500800344
22,gpu_only,block_10_proj,linear_projection,GPU,1121542.5500800344,1121694.7942400344
29,gpu_only,block_08_ffn_island,fused_ffn_island,GPU,1121694.7942400344,1122908.0067200344
59,gpu_only,block_04_norm2,layer_norm,GPU,1122908.0067200344,1122930.1363200343
63,gpu_only,block_04_attention,self_attention,GPU,1122930.1363200343,1123086.1628800344
41,gpu_only,block_06_ffn_island,fused_ffn_island,GPU,1123086.1628800344,1124299.3753600344
45,gpu_only,block_06_attention,self_attention,GPU,1124299.3753600344,1124455.4019200343
37,gpu_only,block_07_proj,linear_projection,GPU,1124455.4019200343,1124607.6460800343
32,gpu_only,block_08_attention,self_attention,GPU,1124607.6460800343,1124763.6726400342
38,gpu_only,block_07_attention,self_attention,GPU,1124763.6726400342,1124919.6992000344
42,gpu_only,block_06_norm2,layer_norm,GPU,1124919.6992000344,1124941.8288000342
50,gpu_only,block_05_norm2,layer_norm,GPU,1124941.8288000342,1124963.9584000343
46,gpu_only,block_06_qkv,linear_qkv,GPU,1124963.9584000343,1125406.6908800344
52,gpu_only,block_05_proj,linear_projection,GPU,1125406.6908800344,1125558.9350400344
36,gpu_only,block_07_residual1,residual_add,GPU,1125558.9350400344,1125577.2822400343
51,gpu_only,block_05_residual1,residual_add,GPU,1125577.2822400343,1125595.6294400343
25,gpu_only,block_09_norm2,layer_norm,GPU,1125595.6294400343,1125617.7590400341
58,gpu_only,block_04_ffn_island,fused_ffn_island,GPU,1125617.7590400341,1126830.9715200341
34,gpu_only,block_07_residual2,residual_add,GPU,1126830.9715200341,1126849.318720034
44,gpu_only,block_06_proj,linear_projection,GPU,1126849.318720034,1127001.562880034
49,gpu_only,block_05_ffn_island,fused_ffn_island,GPU,1127001.562880034,1128214.775360034
48,gpu_only,block_05_residual2,residual_add,GPU,1128214.775360034,1128233.122560034
28,gpu_only,block_09_norm1,layer_norm,GPU,1128233.122560034,1128255.252160034
23,gpu_only,block_10_qkv,linear_qkv,GPU,1128255.252160034,1128697.984640034
19,gpu_only,block_11_attention,self_attention,GPU,1128697.984640034,1128854.011200034
57,gpu_only,block_04_residual2,residual_add,GPU,1128854.011200034,1128872.358400034
47,gpu_only,block_06_norm1,layer_norm,GPU,1128872.358400034,1128894.488000034
62,gpu_only,block_04_proj,linear_projection,GPU,1128894.488000034,1129046.732160034
43,gpu_only,block_06_residual1,residual_add,GPU,1129046.732160034,1129065.0793600339
21,gpu_only,block_10_norm2,layer_norm,GPU,1129065.0793600339,1129087.208960034
56,gpu_only,block_05_norm1,layer_norm,GPU,1129087.208960034,1129109.3385600338
39,gpu_only,block_07_qkv,linear_qkv,GPU,1129109.3385600338,1129552.071040034
55,gpu_only,block_05_qkv,linear_qkv,GPU,1129552.071040034,1129994.803520034
16,gpu_only,classifier,linear_classifier,GPU,1129994.803520034,1130002.763520034
27,gpu_only,block_09_attention,self_attention,GPU,1130002.763520034,1130158.7900800342
61,gpu_only,block_04_residual1,residual_add,GPU,1130158.7900800342,1130177.137280034
30,gpu_only,block_08_norm2,layer_norm,GPU,1130177.137280034,1130199.266880034
24,gpu_only,block_09_residual2,residual_add,GPU,1130199.266880034,1130217.614080034
18,gpu_only,block_11_residual1,residual_add,GPU,1130217.614080034,1130235.961280034
33,gpu_only,block_08_qkv,linear_qkv,GPU,1130235.961280034,1130678.693760034
60,gpu_only,block_04_norm2,layer_norm,GPU,1130678.693760034,1130700.823360034
35,gpu_only,block_07_ffn_island,fused_ffn_island,GPU,1130700.823360034,1131914.035840034
17,gpu_only,block_11_residual2,residual_add,GPU,1131914.035840034,1131932.3830400337
40,gpu_only,block_07_norm1,layer_norm,GPU,1131932.3830400337,1131954.5126400338
54,gpu_only,block_05_attention,self_attention,GPU,1131954.5126400338,1132110.539200034
20,gpu_only,block_11_norm1,layer_norm,GPU,1132110.539200034,1132132.6688000339
26,gpu_only,block_09_residual1,residual_add,GPU,1132132.6688000339,1132151.0160000338
31,gpu_only,block_08_residual1,residual_add,GPU,1132151.0160000338,1132169.3632000338
53,gpu_only,block_05_proj,linear_projection,GPU,1132169.3632000338,1132321.6073600338
22,gpu_only,block_10_residual1,residual_add,GPU,1132321.6073600338,1132339.9545600337
29,gpu_only,block_08_residual2,residual_add,GPU,1132339.9545600337,1132358.3017600337
59,gpu_only,block_04_ffn_island,fused_ffn_island,GPU,1132358.3017600337,1133571.5142400335
63,gpu_only,block_04_proj,linear_projection,GPU,1133571.5142400335,1133723.7584000335
41,gpu_only,block_06_residual2,residual_add,GPU,1133723.7584000335,1133742.1056000334
45,gpu_only,block_06_proj,linear_projection,GPU,1133742.1056000334,1133894.3497600334
37,gpu_only,block_07_residual1,residual_add,GPU,1133894.3497600334,1133912.6969600334
32,gpu_only,block_08_proj,linear_projection,GPU,1133912.6969600334,1134064.9411200332
38,gpu_only,block_07_proj,linear_projection,GPU,1134064.9411200332,1134217.1852800332
42,gpu_only,block_06_ffn_island,fused_ffn_island,GPU,1134217.1852800332,1135430.3977600331
50,gpu_only,block_05_ffn_island,fused_ffn_island,GPU,1135430.3977600331,1136643.6102400331
46,gpu_only,block_06_attention,self_attention,GPU,1136643.6102400331,1136799.636800033
52,gpu_only,block_05_residual1,residual_add,GPU,1136799.636800033,1136817.984000033
36,gpu_only,block_07_norm2,layer_norm,GPU,1136817.984000033,1136840.113600033
51,gpu_only,block_05_norm2,layer_norm,GPU,1136840.113600033,1136862.243200033
25,gpu_only,block_09_ffn_island,fused_ffn_island,GPU,1136862.243200033,1138075.455680033
58,gpu_only,block_04_residual2,residual_add,GPU,1138075.455680033,1138093.802880033
34,gpu_only,block_08_norm1,layer_norm,GPU,1138093.802880033,1138115.932480033
44,gpu_only,block_06_residual1,residual_add,GPU,1138115.932480033,1138134.279680033
49,gpu_only,block_05_residual2,residual_add,GPU,1138134.279680033,1138152.6268800327
48,gpu_only,block_06_norm1,layer_norm,GPU,1138152.6268800327,1138174.7564800328
28,gpu_only,block_09_qkv,linear_qkv,GPU,1138174.7564800328,1138617.4889600328
23,gpu_only,block_10_attention,self_attention,GPU,1138617.4889600328,1138773.515520033
19,gpu_only,block_11_proj,linear_projection,GPU,1138773.515520033,1138925.7596800327
57,gpu_only,block_05_norm1,layer_norm,GPU,1138925.7596800327,1138947.8892800328
47,gpu_only,block_06_qkv,linear_qkv,GPU,1138947.8892800328,1139390.6217600328
62,gpu_only,block_04_residual1,residual_add,GPU,1139390.6217600328,1139408.9689600328
43,gpu_only,block_06_norm2,layer_norm,GPU,1139408.9689600328,1139431.098560033
21,gpu_only,block_10_ffn_island,fused_ffn_island,GPU,1139431.098560033,1140644.311040033
56,gpu_only,block_05_qkv,linear_qkv,GPU,1140644.311040033,1141087.043520033
39,gpu_only,block_07_attention,self_attention,GPU,1141087.043520033,1141243.0700800328
55,gpu_only,block_05_attention,self_attention,GPU,1141243.0700800328,1141399.096640033
27,gpu_only,block_09_proj,linear_projection,GPU,1141399.096640033,1141551.340800033
61,gpu_only,block_04_norm2,layer_norm,GPU,1141551.340800033,1141573.4704000328
30,gpu_only,block_08_ffn_island,fused_ffn_island,GPU,1141573.4704000328,1142786.6828800328
24,gpu_only,block_10_norm1,layer_norm,GPU,1142786.6828800328,1142808.812480033
18,gpu_only,block_11_norm2,layer_norm,GPU,1142808.812480033,1142830.9420800328
33,gpu_only,block_08_attention,self_attention,GPU,1142830.9420800328,1142986.968640033
60,gpu_only,block_04_ffn_island,fused_ffn_island,GPU,1142986.968640033,1144200.181120033
35,gpu_only,block_07_residual2,residual_add,GPU,1144200.181120033,1144218.5283200329
17,gpu_only,final_norm,layer_norm,GPU,1144218.5283200329,1144240.6579200327
40,gpu_only,block_07_qkv,linear_qkv,GPU,1144240.6579200327,1144683.390400033
54,gpu_only,block_05_proj,linear_projection,GPU,1144683.390400033,1144835.6345600327
20,gpu_only,block_11_qkv,linear_qkv,GPU,1144835.6345600327,1145278.3670400328
26,gpu_only,block_09_norm2,layer_norm,GPU,1145278.3670400328,1145300.4966400329
31,gpu_only,block_08_norm2,layer_norm,GPU,1145300.4966400329,1145322.626240033
53,gpu_only,block_05_residual1,residual_add,GPU,1145322.626240033,1145340.973440033
22,gpu_only,block_10_norm2,layer_norm,GPU,1145340.973440033,1145363.1030400328
29,gpu_only,block_09_norm1,layer_norm,GPU,1145363.1030400328,1145385.232640033
59,gpu_only,block_04_residual2,residual_add,GPU,1145385.232640033,1145403.5798400328
63,gpu_only,block_04_residual1,residual_add,GPU,1145403.5798400328,1145421.9270400328
41,gpu_only,block_07_norm1,layer_norm,GPU,1145421.9270400328,1145444.0566400327
45,gpu_only,block_06_residual1,residual_add,GPU,1145444.0566400327,1145462.4038400326
37,gpu_only,block_07_norm2,layer_norm,GPU,1145462.4038400326,1145484.5334400327
32,gpu_only,block_08_residual1,residual_add,GPU,1145484.5334400327,1145502.8806400327
38,gpu_only,block_07_residual1,residual_add,GPU,1145502.8806400327,1145521.2278400327
42,gpu_only,block_06_residual2,residual_add,GPU,1145521.2278400327,1145539.5750400326
50,gpu_only,block_05_residual2,residual_add,GPU,1145539.5750400326,1145557.9222400326
46,gpu_only,block_06_proj,linear_projection,GPU,1145557.9222400326,1145710.1664000324
52,gpu_only,block_05_norm2,layer_norm,GPU,1145710.1664000324,1145732.2960000325
36,gpu_only,block_07_ffn_island,fused_ffn_island,GPU,1145732.2960000325,1146945.5084800324
51,gpu_only,block_05_ffn_island,fused_ffn_island,GPU,1146945.5084800324,1148158.7209600324
25,gpu_only,block_09_residual2,residual_add,GPU,1148158.7209600324,1148177.0681600324
58,gpu_only,block_05_norm1,layer_norm,GPU,1148177.0681600324,1148199.1977600323
34,gpu_only,block_08_qkv,linear_qkv,GPU,1148199.1977600323,1148641.9302400323
44,gpu_only,block_06_norm2,layer_norm,GPU,1148641.9302400323,1148664.0598400324
49,gpu_only,block_06_norm1,layer_norm,GPU,1148664.0598400324,1148686.1894400325
48,gpu_only,block_06_qkv,linear_qkv,GPU,1148686.1894400325,1149128.9219200325
28,gpu_only,block_09_attention,self_attention,GPU,1149128.9219200325,1149284.9484800324
23,gpu_only,block_10_proj,linear_projection,GPU,1149284.9484800324,1149437.1926400324
19,gpu_only,block_11_residual1,residual_add,GPU,1149437.1926400324,1149455.5398400323
57,gpu_only,block_05_qkv,linear_qkv,GPU,1149455.5398400323,1149898.2723200324
47,gpu_only,block_06_attention,self_attention,GPU,1149898.2723200324,1150054.2988800325
62,gpu_only,block_04_norm2,layer_norm,GPU,1150054.2988800325,1150076.4284800324
43,gpu_only,block_06_ffn_island,fused_ffn_island,GPU,1150076.4284800324,1151289.6409600324
21,gpu_only,block_10_residual2,residual_add,GPU,1151289.6409600324,1151307.9881600323
56,gpu_only,block_05_attention,self_attention,GPU,1151307.9881600323,1151464.0147200325
39,gpu_only,block_07_proj,linear_projection,GPU,1151464.0147200325,1151616.2588800322
55,gpu_only,block_05_proj,linear_projection,GPU,1151616.2588800322,1151768.5030400322
27,gpu_only,block_09_residual1,residual_add,GPU,1151768.5030400322,1151786.8502400322
61,gpu_only,block_04_ffn_island,fused_ffn_island,GPU,1151786.8502400322,1153000.0627200322
30,gpu_only,block_08_residual2,residual_add,GPU,1153000.0627200322,1153018.409920032
24,gpu_only,block_10_qkv,linear_qkv,GPU,1153018.409920032,1153461.1424000321
18,gpu_only,block_11_ffn_island,fused_ffn_island,GPU,1153461.1424000321,1154674.354880032
33,gpu_only,block_08_proj,linear_projection,GPU,1154674.354880032,1154826.599040032
60,gpu_only,block_04_residual2,residual_add,GPU,1154826.599040032,1154844.9462400319
35,gpu_only,block_08_norm1,layer_norm,GPU,1154844.9462400319,1154867.075840032
17,gpu_only,class_token_select,class_token_select,GPU,1154867.075840032,1154874.114240032
40,gpu_only,block_07_attention,self_attention,GPU,1154874.114240032,1155030.1408000318
54,gpu_only,block_05_residual1,residual_add,GPU,1155030.1408000318,1155048.4880000318
20,gpu_only,block_11_attention,self_attention,GPU,1155048.4880000318,1155204.5145600317
26,gpu_only,block_09_ffn_island,fused_ffn_island,GPU,1155204.5145600317,1156417.7270400317
31,gpu_only,block_08_ffn_island,fused_ffn_island,GPU,1156417.7270400317,1157630.9395200317
53,gpu_only,block_05_norm2,layer_norm,GPU,1157630.9395200317,1157653.0691200318
22,gpu_only,block_10_ffn_island,fused_ffn_island,GPU,1157653.0691200318,1158866.2816000318
29,gpu_only,block_09_qkv,linear_qkv,GPU,1158866.2816000318,1159309.0140800318
59,gpu_only,block_05_norm1,layer_norm,GPU,1159309.0140800318,1159331.1436800319
63,gpu_only,block_04_norm2,layer_norm,GPU,1159331.1436800319,1159353.2732800317
41,gpu_only,block_07_qkv,linear_qkv,GPU,1159353.2732800317,1159796.0057600318
45,gpu_only,block_06_norm2,layer_norm,GPU,1159796.0057600318,1159818.1353600319
37,gpu_only,block_07_ffn_island,fused_ffn_island,GPU,1159818.1353600319,1161031.3478400318
32,gpu_only,block_08_norm2,layer_norm,GPU,1161031.3478400318,1161053.477440032
38,gpu_only,block_07_norm2,layer_norm,GPU,1161053.477440032,1161075.6070400318
42,gpu_only,block_07_norm1,layer_norm,GPU,1161075.6070400318,1161097.736640032
50,gpu_only,block_06_norm1,layer_norm,GPU,1161097.736640032,1161119.866240032
46,gpu_only,block_06_residual1,residual_add,GPU,1161119.866240032,1161138.213440032
52,gpu_only,block_05_ffn_island,fused_ffn_island,GPU,1161138.213440032,1162351.4259200317
36,gpu_only,block_07_residual2,residual_add,GPU,1162351.4259200317,1162369.7731200317
51,gpu_only,block_05_residual2,residual_add,GPU,1162369.7731200317,1162388.1203200317
25,gpu_only,block_10_norm1,layer_norm,GPU,1162388.1203200317,1162410.2499200318
58,gpu_only,block_05_qkv,linear_qkv,GPU,1162410.2499200318,1162852.9824000318
34,gpu_only,block_08_attention,self_attention,GPU,1162852.9824000318,1163009.0089600317
44,gpu_only,block_06_ffn_island,fused_ffn_island,GPU,1163009.0089600317,1164222.2214400317
49,gpu_only,block_06_qkv,linear_qkv,GPU,1164222.2214400317,1164664.9539200317
48,gpu_only,block_06_attention,self_attention,GPU,1164664.9539200317,1164820.9804800318
28,gpu_only,block_09_proj,linear_projection,GPU,1164820.9804800318,1164973.2246400318
23,gpu_only,block_10_residual1,residual_add,GPU,1164973.2246400318,1164991.5718400318
19,gpu_only,block_11_norm2,layer_norm,GPU,1164991.5718400318,1165013.7014400316
57,gpu_only,block_05_attention,self_attention,GPU,1165013.7014400316,1165169.7280000318
47,gpu_only,block_06_proj,linear_projection,GPU,1165169.7280000318,1165321.9721600316
62,gpu_only,block_04_ffn_island,fused_ffn_island,GPU,1165321.9721600316,1166535.1846400315
43,gpu_only,block_06_residual2,residual_add,GPU,1166535.1846400315,1166553.5318400315
21,gpu_only,block_11_norm1,layer_norm,GPU,1166553.5318400315,1166575.6614400316
56,gpu_only,block_05_proj,linear_projection,GPU,1166575.6614400316,1166727.9056000314
39,gpu_only,block_07_residual1,residual_add,GPU,1166727.9056000314,1166746.2528000313
55,gpu_only,block_05_residual1,residual_add,GPU,1166746.2528000313,1166764.6000000313
27,gpu_only,block_09_norm2,layer_norm,GPU,1166764.6000000313,1166786.7296000314
61,gpu_only,block_04_residual2,residual_add,GPU,1166786.7296000314,1166805.0768000314
30,gpu_only,block_09_norm1,layer_norm,GPU,1166805.0768000314,1166827.2064000315
24,gpu_only,block_10_attention,self_attention,GPU,1166827.2064000315,1166983.2329600314
18,gpu_only,block_11_residual2,residual_add,GPU,1166983.2329600314,1167001.5801600313
33,gpu_only,block_08_residual1,residual_add,GPU,1167001.5801600313,1167019.9273600313
60,gpu_only,block_05_norm1,layer_norm,GPU,1167019.9273600313,1167042.0569600312
35,gpu_only,block_08_qkv,linear_qkv,GPU,1167042.0569600312,1167484.7894400314
17,gpu_only,classifier,linear_classifier,GPU,1167484.7894400314,1167492.7494400314
40,gpu_only,block_07_proj,linear_projection,GPU,1167492.7494400314,1167644.9936000314
54,gpu_only,block_05_norm2,layer_norm,GPU,1167644.9936000314,1167667.1232000312
20,gpu_only,block_11_proj,linear_projection,GPU,1167667.1232000312,1167819.3673600312
26,gpu_only,block_09_residual2,residual_add,GPU,1167819.3673600312,1167837.7145600312
31,gpu_only,block_08_residual2,residual_add,GPU,1167837.7145600312,1167856.0617600312
53,gpu_only,block_05_ffn_island,fused_ffn_island,GPU,1167856.0617600312,1169069.2742400311
22,gpu_only,block_10_residual2,residual_add,GPU,1169069.2742400311,1169087.6214400309
29,gpu_only,block_09_attention,self_attention,GPU,1169087.6214400309,1169243.648000031
59,gpu_only,block_05_qkv,linear_qkv,GPU,1169243.648000031,1169686.380480031
63,gpu_only,block_04_ffn_island,fused_ffn_island,GPU,1169686.380480031,1170899.592960031
41,gpu_only,block_07_attention,self_attention,GPU,1170899.592960031,1171055.619520031
45,gpu_only,block_06_ffn_island,fused_ffn_island,GPU,1171055.619520031,1172268.832000031
37,gpu_only,block_07_residual2,residual_add,GPU,1172268.832000031,1172287.1792000309
32,gpu_only,block_08_ffn_island,fused_ffn_island,GPU,1172287.1792000309,1173500.3916800309
38,gpu_only,block_07_ffn_island,fused_ffn_island,GPU,1173500.3916800309,1174713.6041600308
42,gpu_only,block_07_qkv,linear_qkv,GPU,1174713.6041600308,1175156.3366400308
50,gpu_only,block_06_qkv,linear_qkv,GPU,1175156.3366400308,1175599.0691200309
46,gpu_only,block_06_norm2,layer_norm,GPU,1175599.0691200309,1175621.198720031
52,gpu_only,block_05_residual2,residual_add,GPU,1175621.198720031,1175639.545920031
36,gpu_only,block_08_norm1,layer_norm,GPU,1175639.545920031,1175661.6755200308
51,gpu_only,block_06_norm1,layer_norm,GPU,1175661.6755200308,1175683.805120031
25,gpu_only,block_10_qkv,linear_qkv,GPU,1175683.805120031,1176126.537600031
58,gpu_only,block_05_attention,self_attention,GPU,1176126.537600031,1176282.564160031
34,gpu_only,block_08_proj,linear_projection,GPU,1176282.564160031,1176434.8083200308
44,gpu_only,block_06_residual2,residual_add,GPU,1176434.8083200308,1176453.1555200308
49,gpu_only,block_06_attention,self_attention,GPU,1176453.1555200308,1176609.182080031
48,gpu_only,block_06_proj,linear_projection,GPU,1176609.182080031,1176761.4262400307
28,gpu_only,block_09_residual1,residual_add,GPU,1176761.4262400307,1176779.7734400306
23,gpu_only,block_10_norm2,layer_norm,GPU,1176779.7734400306,1176801.9030400307
19,gpu_only,block_11_ffn_island,fused_ffn_island,GPU,1176801.9030400307,1178015.1155200307
57,gpu_only,block_05_proj,linear_projection,GPU,1178015.1155200307,1178167.3596800307
47,gpu_only,block_06_residual1,residual_add,GPU,1178167.3596800307,1178185.7068800305
62,gpu_only,block_04_residual2,residual_add,GPU,1178185.7068800305,1178204.0540800304
43,gpu_only,block_07_norm1,layer_norm,GPU,1178204.0540800304,1178226.1836800305
21,gpu_only,block_11_qkv,linear_qkv,GPU,1178226.1836800305,1178668.9161600305
56,gpu_only,block_05_residual1,residual_add,GPU,1178668.9161600305,1178687.2633600305
39,gpu_only,block_07_norm2,layer_norm,GPU,1178687.2633600305,1178709.3929600306
55,gpu_only,block_05_norm2,layer_norm,GPU,1178709.3929600306,1178731.5225600305
27,gpu_only,block_09_ffn_island,fused_ffn_island,GPU,1178731.5225600305,1179944.7350400304
61,gpu_only,block_05_norm1,layer_norm,GPU,1179944.7350400304,1179966.8646400305
30,gpu_only,block_09_qkv,linear_qkv,GPU,1179966.8646400305,1180409.5971200306
24,gpu_only,block_10_proj,linear_projection,GPU,1180409.5971200306,1180561.8412800306
18,gpu_only,final_norm,layer_norm,GPU,1180561.8412800306,1180583.9708800304
33,gpu_only,block_08_norm2,layer_norm,GPU,1180583.9708800304,1180606.1004800305
60,gpu_only,block_05_qkv,linear_qkv,GPU,1180606.1004800305,1181048.8329600305
35,gpu_only,block_08_attention,self_attention,GPU,1181048.8329600305,1181204.8595200307
40,gpu_only,block_07_residual1,residual_add,GPU,1181204.8595200307,1181223.2067200306
54,gpu_only,block_05_ffn_island,fused_ffn_island,GPU,1181223.2067200306,1182436.4192000306
20,gpu_only,block_11_residual1,residual_add,GPU,1182436.4192000306,1182454.7664000303
26,gpu_only,block_10_norm1,layer_norm,GPU,1182454.7664000303,1182476.8960000305
31,gpu_only,block_09_norm1,layer_norm,GPU,1182476.8960000305,1182499.0256000306
53,gpu_only,block_05_residual2,residual_add,GPU,1182499.0256000306,1182517.3728000305
22,gpu_only,block_11_norm1,layer_norm,GPU,1182517.3728000305,1182539.5024000304
29,gpu_only,block_09_proj,linear_projection,GPU,1182539.5024000304,1182691.7465600304
59,gpu_only,block_05_attention,self_attention,GPU,1182691.7465600304,1182847.7731200305
63,gpu_only,block_04_residual2,residual_add,GPU,1182847.7731200305,1182866.1203200303
41,gpu_only,block_07_proj,linear_projection,GPU,1182866.1203200303,1183018.3644800303
45,gpu_only,block_06_residual2,residual_add,GPU,1183018.3644800303,1183036.7116800302
37,gpu_only,block_08_norm1,layer_norm,GPU,1183036.7116800302,1183058.8412800303
32,gpu_only,block_08_residual2,residual_add,GPU,1183058.8412800303,1183077.1884800303
38,gpu_only,block_07_residual2,residual_add,GPU,1183077.1884800303,1183095.53568003
42,gpu_only,block_07_attention,self_attention,GPU,1183095.53568003,1183251.5622400302
50,gpu_only,block_06_attention,self_attention,GPU,1183251.5622400302,1183407.58880003
46,gpu_only,block_06_ffn_island,fused_ffn_island,GPU,1183407.58880003,1184620.80128003
52,gpu_only,block_06_norm1,layer_norm,GPU,1184620.80128003,1184642.9308800302
36,gpu_only,block_08_qkv,linear_qkv,GPU,1184642.9308800302,1185085.6633600302
51,gpu_only,block_06_qkv,linear_qkv,GPU,1185085.6633600302,1185528.3958400302
25,gpu_only,block_10_attention,self_attention,GPU,1185528.3958400302,1185684.4224000303
58,gpu_only,block_05_proj,linear_projection,GPU,1185684.4224000303,1185836.66656003
34,gpu_only,block_08_residual1,residual_add,GPU,1185836.66656003,1185855.01376003
44,gpu_only,block_07_norm1,layer_norm,GPU,1185855.01376003,1185877.1433600301
49,gpu_only,block_06_proj,linear_projection,GPU,1185877.1433600301,1186029.3875200301
48,gpu_only,block_06_residual1,residual_add,GPU,1186029.3875200301,1186047.73472003
28,gpu_only,block_09_norm2,layer_norm,GPU,1186047.73472003,1186069.86432003
23,gpu_only,block_10_ffn_island,fused_ffn_island,GPU,1186069.86432003,1187283.07680003
19,gpu_only,block_11_residual2,residual_add,GPU,1187283.07680003,1187301.42400003
57,gpu_only,block_05_residual1,residual_add,GPU,1187301.42400003,1187319.7712000299
47,gpu_only,block_06_norm2,layer_norm,GPU,1187319.7712000299,1187341.90080003
62,gpu_only,block_05_norm1,layer_norm,GPU,1187341.90080003,1187364.0304000298
43,gpu_only,block_07_qkv,linear_qkv,GPU,1187364.0304000298,1187806.7628800299
21,gpu_only,block_11_attention,self_attention,GPU,1187806.7628800299,1187962.78944003
56,gpu_only,block_05_norm2,layer_norm,GPU,1187962.78944003,1187984.91904003
39,gpu_only,block_07_ffn_island,fused_ffn_island,GPU,1187984.91904003,1189198.1315200299
55,gpu_only,block_05_ffn_island,fused_ffn_island,GPU,1189198.1315200299,1190411.3440000298
27,gpu_only,block_09_residual2,residual_add,GPU,1190411.3440000298,1190429.6912000298
61,gpu_only,block_05_qkv,linear_qkv,GPU,1190429.6912000298,1190872.4236800298
30,gpu_only,block_09_attention,self_attention,GPU,1190872.4236800298,1191028.45024003
24,gpu_only,block_10_residual1,residual_add,GPU,1191028.45024003,1191046.79744003
18,gpu_only,class_token_select,class_token_select,GPU,1191046.79744003,1191053.8358400299
33,gpu_only,block_08_ffn_island,fused_ffn_island,GPU,1191053.8358400299,1192267.0483200296
60,gpu_only,block_05_attention,self_attention,GPU,1192267.0483200296,1192423.0748800298
35,gpu_only,block_08_proj,linear_projection,GPU,1192423.0748800298,1192575.3190400298
40,gpu_only,block_07_norm2,layer_norm,GPU,1192575.3190400298,1192597.4486400296
54,gpu_only,block_05_residual2,residual_add,GPU,1192597.4486400296,1192615.7958400296
20,gpu_only,block_11_norm2,layer_norm,GPU,1192615.7958400296,1192637.9254400297
26,gpu_only,block_10_qkv,linear_qkv,GPU,1192637.9254400297,1193080.6579200297
31,gpu_only,block_09_qkv,linear_qkv,GPU,1193080.6579200297,1193523.3904000297
53,gpu_only,block_06_norm1,layer_norm,GPU,1193523.3904000297,1193545.5200000298
22,gpu_only,block_11_qkv,linear_qkv,GPU,1193545.5200000298,1193988.2524800298
29,gpu_only,block_09_residual1,residual_add,GPU,1193988.2524800298,1194006.5996800298
59,gpu_only,block_05_proj,linear_projection,GPU,1194006.5996800298,1194158.8438400298
63,gpu_only,block_05_norm1,layer_norm,GPU,1194158.8438400298,1194180.9734400297
41,gpu_only,block_07_residual1,residual_add,GPU,1194180.9734400297,1194199.3206400296
45,gpu_only,block_07_norm1,layer_norm,GPU,1194199.3206400296,1194221.4502400297
37,gpu_only,block_08_qkv,linear_qkv,GPU,1194221.4502400297,1194664.1827200297
32,gpu_only,block_09_norm1,layer_norm,GPU,1194664.1827200297,1194686.3123200298
38,gpu_only,block_08_norm1,layer_norm,GPU,1194686.3123200298,1194708.4419200297
42,gpu_only,block_07_proj,linear_projection,GPU,1194708.4419200297,1194860.6860800297
50,gpu_only,block_06_proj,linear_projection,GPU,1194860.6860800297,1195012.9302400297
46,gpu_only,block_06_residual2,residual_add,GPU,1195012.9302400297,1195031.2774400297
52,gpu_only,block_06_qkv,linear_qkv,GPU,1195031.2774400297,1195474.0099200297
36,gpu_only,block_08_attention,self_attention,GPU,1195474.0099200297,1195630.0364800296
51,gpu_only,block_06_attention,self_attention,GPU,1195630.0364800296,1195786.0630400297
25,gpu_only,block_10_proj,linear_projection,GPU,1195786.0630400297,1195938.3072000295
58,gpu_only,block_05_residual1,residual_add,GPU,1195938.3072000295,1195956.6544000295
34,gpu_only,block_08_norm2,layer_norm,GPU,1195956.6544000295,1195978.7840000296
44,gpu_only,block_07_qkv,linear_qkv,GPU,1195978.7840000296,1196421.5164800296
49,gpu_only,block_06_residual1,residual_add,GPU,1196421.5164800296,1196439.8636800295
48,gpu_only,block_06_norm2,layer_norm,GPU,1196439.8636800295,1196461.9932800296
28,gpu_only,block_09_ffn_island,fused_ffn_island,GPU,1196461.9932800296,1197675.2057600296
23,gpu_only,block_10_residual2,residual_add,GPU,1197675.2057600296,1197693.5529600293
19,gpu_only,final_norm,layer_norm,GPU,1197693.5529600293,1197715.6825600294
57,gpu_only,block_05_norm2,layer_norm,GPU,1197715.6825600294,1197737.8121600295
47,gpu_only,block_06_ffn_island,fused_ffn_island,GPU,1197737.8121600295,1198951.0246400295
62,gpu_only,block_05_qkv,linear_qkv,GPU,1198951.0246400295,1199393.7571200295
43,gpu_only,block_07_attention,self_attention,GPU,1199393.7571200295,1199549.7836800294
21,gpu_only,block_11_proj,linear_projection,GPU,1199549.7836800294,1199702.0278400294
56,gpu_only,block_05_ffn_island,fused_ffn_island,GPU,1199702.0278400294,1200915.2403200294
39,gpu_only,block_07_residual2,residual_add,GPU,1200915.2403200294,1200933.5875200294
55,gpu_only,block_05_residual2,residual_add,GPU,1200933.5875200294,1200951.9347200294
27,gpu_only,block_10_norm1,layer_norm,GPU,1200951.9347200294,1200974.0643200292
61,gpu_only,block_05_attention,self_attention,GPU,1200974.0643200292,1201130.0908800294
30,gpu_only,block_09_proj,linear_projection,GPU,1201130.0908800294,1201282.3350400291
24,gpu_only,block_10_norm2,layer_norm,GPU,1201282.3350400291,1201304.4646400292
18,gpu_only,classifier,linear_classifier,GPU,1201304.4646400292,1201312.4246400292
33,gpu_only,block_08_residual2,residual_add,GPU,1201312.4246400292,1201330.7718400292
60,gpu_only,block_05_proj,linear_projection,GPU,1201330.7718400292,1201483.0160000292
35,gpu_only,block_08_residual1,residual_add,GPU,1201483.0160000292,1201501.3632000291
40,gpu_only,block_07_ffn_island,fused_ffn_island,GPU,1201501.3632000291,1202714.575680029
54,gpu_only,block_06_norm1,layer_norm,GPU,1202714.575680029,1202736.705280029
20,gpu_only,block_11_ffn_island,fused_ffn_island,GPU,1202736.705280029,1203949.917760029
26,gpu_only,block_10_attention,self_attention,GPU,1203949.917760029,1204105.944320029
31,gpu_only,block_09_attention,self_attention,GPU,1204105.944320029,1204261.970880029
53,gpu_only,block_06_qkv,linear_qkv,GPU,1204261.970880029,1204704.703360029
22,gpu_only,block_11_attention,self_attention,GPU,1204704.703360029,1204860.7299200292
29,gpu_only,block_09_norm2,layer_norm,GPU,1204860.7299200292,1204882.859520029
59,gpu_only,block_05_residual1,residual_add,GPU,1204882.859520029,1204901.206720029
63,gpu_only,block_05_qkv,linear_qkv,GPU,1204901.206720029,1205343.9392000292
41,gpu_only,block_07_norm2,layer_norm,GPU,1205343.9392000292,1205366.068800029
45,gpu_only,block_07_qkv,linear_qkv,GPU,1205366.068800029,1205808.8012800291
37,gpu_only,block_08_attention,self_attention,GPU,1205808.8012800291,1205964.8278400293
32,gpu_only,block_09_qkv,linear_qkv,GPU,1205964.8278400293,1206407.5603200293
38,gpu_only,block_08_qkv,linear_qkv,GPU,1206407.5603200293,1206850.2928000293
42,gpu_only,block_07_residual1,residual_add,GPU,1206850.2928000293,1206868.6400000292
50,gpu_only,block_06_residual1,residual_add,GPU,1206868.6400000292,1206886.9872000292
46,gpu_only,block_07_norm1,layer_norm,GPU,1206886.9872000292,1206909.1168000293
52,gpu_only,block_06_attention,self_attention,GPU,1206909.1168000293,1207065.1433600292
36,gpu_only,block_08_proj,linear_projection,GPU,1207065.1433600292,1207217.3875200292
51,gpu_only,block_06_proj,linear_projection,GPU,1207217.3875200292,1207369.631680029
25,gpu_only,block_10_residual1,residual_add,GPU,1207369.631680029,1207387.978880029
58,gpu_only,block_05_norm2,layer_norm,GPU,1207387.978880029,1207410.108480029
34,gpu_only,block_08_ffn_island,fused_ffn_island,GPU,1207410.108480029,1208623.320960029
44,gpu_only,block_07_attention,self_attention,GPU,1208623.320960029,1208779.347520029
49,gpu_only,block_06_norm2,layer_norm,GPU,1208779.347520029,1208801.477120029
48,gpu_only,block_06_ffn_island,fused_ffn_island,GPU,1208801.477120029,1210014.689600029
28,gpu_only,block_09_residual2,residual_add,GPU,1210014.689600029,1210033.036800029
23,gpu_only,block_11_norm1,layer_norm,GPU,1210033.036800029,1210055.1664000289
19,gpu_only,class_token_select,class_token_select,GPU,1210055.1664000289,1210062.2048000288
57,gpu_only,block_05_ffn_island,fused_ffn_island,GPU,1210062.2048000288,1211275.4172800288
47,gpu_only,block_06_residual2,residual_add,GPU,1211275.4172800288,1211293.7644800288
62,gpu_only,block_05_attention,self_attention,GPU,1211293.7644800288,1211449.791040029
43,gpu_only,block_07_proj,linear_projection,GPU,1211449.791040029,1211602.0352000287
21,gpu_only,block_11_residual1,residual_add,GPU,1211602.0352000287,1211620.3824000286
56,gpu_only,block_05_residual2,residual_add,GPU,1211620.3824000286,1211638.7296000286
39,gpu_only,block_08_norm1,layer_norm,GPU,1211638.7296000286,1211660.8592000287
55,gpu_only,block_06_norm1,layer_norm,GPU,1211660.8592000287,1211682.9888000286
27,gpu_only,block_10_qkv,linear_qkv,GPU,1211682.9888000286,1212125.7212800288
61,gpu_only,block_05_proj,linear_projection,GPU,1212125.7212800288,1212277.9654400286
30,gpu_only,block_09_residual1,residual_add,GPU,1212277.9654400286,1212296.3126400285
24,gpu_only,block_10_ffn_island,fused_ffn_island,GPU,1212296.3126400285,1213509.5251200285
33,gpu_only,block_09_norm1,layer_norm,GPU,1213509.5251200285,1213531.6547200286
60,gpu_only,block_05_residual1,residual_add,GPU,1213531.6547200286,1213550.0019200286
35,gpu_only,block_08_norm2,layer_norm,GPU,1213550.0019200286,1213572.1315200285
40,gpu_only,block_07_residual2,residual_add,GPU,1213572.1315200285,1213590.4787200284
54,gpu_only,block_06_qkv,linear_qkv,GPU,1213590.4787200284,1214033.2112000284
20,gpu_only,block_11_residual2,residual_add,GPU,1214033.2112000284,1214051.5584000284
26,gpu_only,block_10_proj,linear_projection,GPU,1214051.5584000284,1214203.8025600284
31,gpu_only,block_09_proj,linear_projection,GPU,1214203.8025600284,1214356.0467200284
53,gpu_only,block_06_attention,self_attention,GPU,1214356.0467200284,1214512.0732800283
22,gpu_only,block_11_proj,linear_projection,GPU,1214512.0732800283,1214664.3174400283
29,gpu_only,block_09_ffn_island,fused_ffn_island,GPU,1214664.3174400283,1215877.5299200283
59,gpu_only,block_05_norm2,layer_norm,GPU,1215877.5299200283,1215899.6595200282
63,gpu_only,block_05_attention,self_attention,GPU,1215899.6595200282,1216055.6860800283
41,gpu_only,block_07_ffn_island,fused_ffn_island,GPU,1216055.6860800283,1217268.8985600283
45,gpu_only,block_07_attention,self_attention,GPU,1217268.8985600283,1217424.9251200282
37,gpu_only,block_08_proj,linear_projection,GPU,1217424.9251200282,1217577.1692800282
32,gpu_only,block_09_attention,self_attention,GPU,1217577.1692800282,1217733.195840028
38,gpu_only,block_08_attention,self_attention,GPU,1217733.195840028,1217889.2224000283
42,gpu_only,block_07_norm2,layer_norm,GPU,1217889.2224000283,1217911.3520000281
50,gpu_only,block_06_norm2,layer_norm,GPU,1217911.3520000281,1217933.4816000282
46,gpu_only,block_07_qkv,linear_qkv,GPU,1217933.4816000282,1218376.2140800282
52,gpu_only,block_06_proj,linear_projection,GPU,1218376.2140800282,1218528.4582400282
36,gpu_only,block_08_residual1,residual_add,GPU,1218528.4582400282,1218546.8054400282
51,gpu_only,block_06_residual1,residual_add,GPU,1218546.8054400282,1218565.1526400282
25,gpu_only,block_10_norm2,layer_norm,GPU,1218565.1526400282,1218587.282240028
58,gpu_only,block_05_ffn_island,fused_ffn_island,GPU,1218587.282240028,1219800.494720028
34,gpu_only,block_08_residual2,residual_add,GPU,1219800.494720028,1219818.841920028
44,gpu_only,block_07_proj,linear_projection,GPU,1219818.841920028,1219971.086080028
49,gpu_only,block_06_ffn_island,fused_ffn_island,GPU,1219971.086080028,1221184.298560028
48,gpu_only,block_06_residual2,residual_add,GPU,1221184.298560028,1221202.6457600277
28,gpu_only,block_10_norm1,layer_norm,GPU,1221202.6457600277,1221224.7753600278
23,gpu_only,block_11_qkv,linear_qkv,GPU,1221224.7753600278,1221667.5078400278
19,gpu_only,classifier,linear_classifier,GPU,1221667.5078400278,1221675.467840028
57,gpu_only,block_05_residual2,residual_add,GPU,1221675.467840028,1221693.8150400277
47,gpu_only,block_07_norm1,layer_norm,GPU,1221693.8150400277,1221715.9446400278
62,gpu_only,block_05_proj,linear_projection,GPU,1221715.9446400278,1221868.1888000278
43,gpu_only,block_07_residual1,residual_add,GPU,1221868.1888000278,1221886.5360000278
21,gpu_only,block_11_norm2,layer_norm,GPU,1221886.5360000278,1221908.6656000277
56,gpu_only,block_06_norm1,layer_norm,GPU,1221908.6656000277,1221930.7952000278
39,gpu_only,block_08_qkv,linear_qkv,GPU,1221930.7952000278,1222373.5276800278
55,gpu_only,block_06_qkv,linear_qkv,GPU,1222373.5276800278,1222816.2601600278
27,gpu_only,block_10_attention,self_attention,GPU,1222816.2601600278,1222972.286720028
61,gpu_only,block_05_residual1,residual_add,GPU,1222972.286720028,1222990.6339200279
30,gpu_only,block_09_norm2,layer_norm,GPU,1222990.6339200279,1223012.7635200277
24,gpu_only,block_10_residual2,residual_add,GPU,1223012.7635200277,1223031.1107200277
33,gpu_only,block_09_qkv,linear_qkv,GPU,1223031.1107200277,1223473.843200028
60,gpu_only,block_05_norm2,layer_norm,GPU,1223473.843200028,1223495.9728000278
35,gpu_only,block_08_ffn_island,fused_ffn_island,GPU,1223495.9728000278,1224709.1852800278
40,gpu_only,block_08_norm1,layer_norm,GPU,1224709.1852800278,1224731.314880028
54,gpu_only,block_06_attention,self_attention,GPU,1224731.314880028,1224887.3414400278
20,gpu_only,final_norm,layer_norm,GPU,1224887.3414400278,1224909.471040028
26,gpu_only,block_10_residual1,residual_add,GPU,1224909.471040028,1224927.8182400279
31,gpu_only,block_09_residual1,residual_add,GPU,1224927.8182400279,1224946.1654400278
53,gpu_only,block_06_proj,linear_projection,GPU,1224946.1654400278,1225098.4096000276
22,gpu_only,block_11_residual1,residual_add,GPU,1225098.4096000276,1225116.7568000276
29,gpu_only,block_09_residual2,residual_add,GPU,1225116.7568000276,1225135.1040000275
59,gpu_only,block_05_ffn_island,fused_ffn_island,GPU,1225135.1040000275,1226348.3164800275
63,gpu_only,block_05_proj,linear_projection,GPU,1226348.3164800275,1226500.5606400275
41,gpu_only,block_07_residual2,residual_add,GPU,1226500.5606400275,1226518.9078400275
45,gpu_only,block_07_proj,linear_projection,GPU,1226518.9078400275,1226671.1520000272
37,gpu_only,block_08_residual1,residual_add,GPU,1226671.1520000272,1226689.4992000272
32,gpu_only,block_09_proj,linear_projection,GPU,1226689.4992000272,1226841.7433600272
38,gpu_only,block_08_proj,linear_projection,GPU,1226841.7433600272,1226993.987520027
42,gpu_only,block_07_ffn_island,fused_ffn_island,GPU,1226993.987520027,1228207.200000027
50,gpu_only,block_06_ffn_island,fused_ffn_island,GPU,1228207.200000027,1229420.412480027
46,gpu_only,block_07_attention,self_attention,GPU,1229420.412480027,1229576.439040027
52,gpu_only,block_06_residual1,residual_add,GPU,1229576.439040027,1229594.786240027
36,gpu_only,block_08_norm2,layer_norm,GPU,1229594.786240027,1229616.915840027
51,gpu_only,block_06_norm2,layer_norm,GPU,1229616.915840027,1229639.045440027
25,gpu_only,block_10_ffn_island,fused_ffn_island,GPU,1229639.045440027,1230852.257920027
58,gpu_only,block_05_residual2,residual_add,GPU,1230852.257920027,1230870.605120027
34,gpu_only,block_09_norm1,layer_norm,GPU,1230870.605120027,1230892.7347200268
44,gpu_only,block_07_residual1,residual_add,GPU,1230892.7347200268,1230911.0819200268
49,gpu_only,block_06_residual2,residual_add,GPU,1230911.0819200268,1230929.4291200268
48,gpu_only,block_07_norm1,layer_norm,GPU,1230929.4291200268,1230951.5587200269
28,gpu_only,block_10_qkv,linear_qkv,GPU,1230951.5587200269,1231394.2912000269
23,gpu_only,block_11_attention,self_attention,GPU,1231394.2912000269,1231550.3177600268
57,gpu_only,block_06_norm1,layer_norm,GPU,1231550.3177600268,1231572.4473600269
47,gpu_only,block_07_qkv,linear_qkv,GPU,1231572.4473600269,1232015.179840027
62,gpu_only,block_05_residual1,residual_add,GPU,1232015.179840027,1232033.5270400268
43,gpu_only,block_07_norm2,layer_norm,GPU,1232033.5270400268,1232055.656640027
21,gpu_only,block_11_ffn_island,fused_ffn_island,GPU,1232055.656640027,1233268.869120027
56,gpu_only,block_06_qkv,linear_qkv,GPU,1233268.869120027,1233711.601600027
39,gpu_only,block_08_attention,self_attention,GPU,1233711.601600027,1233867.6281600269
55,gpu_only,block_06_attention,self_attention,GPU,1233867.6281600269,1234023.654720027
27,gpu_only,block_10_proj,linear_projection,GPU,1234023.654720027,1234175.8988800268
61,gpu_only,block_05_norm2,layer_norm,GPU,1234175.8988800268,1234198.0284800269
30,gpu_only,block_09_ffn_island,fused_ffn_island,GPU,1234198.0284800269,1235411.2409600269
24,gpu_only,block_11_norm1,layer_norm,GPU,1235411.2409600269,1235433.370560027
33,gpu_only,block_09_attention,self_attention,GPU,1235433.370560027,1235589.3971200269
60,gpu_only,block_05_ffn_island,fused_ffn_island,GPU,1235589.3971200269,1236802.6096000269
35,gpu_only,block_08_residual2,residual_add,GPU,1236802.6096000269,1236820.9568000268
40,gpu_only,block_08_qkv,linear_qkv,GPU,1236820.9568000268,1237263.6892800268
54,gpu_only,block_06_proj,linear_projection,GPU,1237263.6892800268,1237415.9334400268
20,gpu_only,class_token_select,class_token_select,GPU,1237415.9334400268,1237422.9718400268
26,gpu_only,block_10_norm2,layer_norm,GPU,1237422.9718400268,1237445.1014400267
31,gpu_only,block_09_norm2,layer_norm,GPU,1237445.1014400267,1237467.2310400268
53,gpu_only,block_06_residual1,residual_add,GPU,1237467.2310400268,1237485.5782400267
22,gpu_only,block_11_norm2,layer_norm,GPU,1237485.5782400267,1237507.7078400268
29,gpu_only,block_10_norm1,layer_norm,GPU,1237507.7078400268,1237529.8374400267
59,gpu_only,block_05_residual2,residual_add,GPU,1237529.8374400267,1237548.1846400267
63,gpu_only,block_05_residual1,residual_add,GPU,1237548.1846400267,1237566.5318400266
41,gpu_only,block_08_norm1,layer_norm,GPU,1237566.5318400266,1237588.6614400267
45,gpu_only,block_07_residual1,residual_add,GPU,1237588.6614400267,1237607.0086400267
37,gpu_only,block_08_norm2,layer_norm,GPU,1237607.0086400267,1237629.1382400265
32,gpu_only,block_09_residual1,residual_add,GPU,1237629.1382400265,1237647.4854400265
38,gpu_only,block_08_residual1,residual_add,GPU,1237647.4854400265,1237665.8326400265
42,gpu_only,block_07_residual2,residual_add,GPU,1237665.8326400265,1237684.1798400264
50,gpu_only,block_06_residual2,residual_add,GPU,1237684.1798400264,1237702.5270400264
46,gpu_only,block_07_proj,linear_projection,GPU,1237702.5270400264,1237854.7712000264
52,gpu_only,block_06_norm2,layer_norm,GPU,1237854.7712000264,1237876.9008000263
36,gpu_only,block_08_ffn_island,fused_ffn_island,GPU,1237876.9008000263,1239090.1132800262
51,gpu_only,block_06_ffn_island,fused_ffn_island,GPU,1239090.1132800262,1240303.3257600262
25,gpu_only,block_10_residual2,residual_add,GPU,1240303.3257600262,1240321.6729600262
58,gpu_only,block_06_norm1,layer_norm,GPU,1240321.6729600262,1240343.8025600263
34,gpu_only,block_09_qkv,linear_qkv,GPU,1240343.8025600263,1240786.5350400263
44,gpu_only,block_07_norm2,layer_norm,GPU,1240786.5350400263,1240808.6646400262
49,gpu_only,block_07_norm1,layer_norm,GPU,1240808.6646400262,1240830.7942400263
48,gpu_only,block_07_qkv,linear_qkv,GPU,1240830.7942400263,1241273.5267200263
28,gpu_only,block_10_attention,self_attention,GPU,1241273.5267200263,1241429.5532800264
23,gpu_only,block_11_proj,linear_projection,GPU,1241429.5532800264,1241581.7974400262
57,gpu_only,block_06_qkv,linear_qkv,GPU,1241581.7974400262,1242024.5299200264
47,gpu_only,block_07_attention,self_attention,GPU,1242024.5299200264,1242180.5564800263
62,gpu_only,block_05_norm2,layer_norm,GPU,1242180.5564800263,1242202.6860800264
43,gpu_only,block_07_ffn_island,fused_ffn_island,GPU,1242202.6860800264,1243415.8985600264
21,gpu_only,block_11_residual2,residual_add,GPU,1243415.8985600264,1243434.2457600262
56,gpu_only,block_06_attention,self_attention,GPU,1243434.2457600262,1243590.2723200263
39,gpu_only,block_08_proj,linear_projection,GPU,1243590.2723200263,1243742.5164800263
55,gpu_only,block_06_proj,linear_projection,GPU,1243742.5164800263,1243894.760640026
27,gpu_only,block_10_residual1,residual_add,GPU,1243894.760640026,1243913.107840026
61,gpu_only,block_05_ffn_island,fused_ffn_island,GPU,1243913.107840026,1245126.320320026
30,gpu_only,block_09_residual2,residual_add,GPU,1245126.320320026,1245144.667520026
24,gpu_only,block_11_qkv,linear_qkv,GPU,1245144.667520026,1245587.400000026
33,gpu_only,block_09_proj,linear_projection,GPU,1245587.400000026,1245739.644160026
60,gpu_only,block_05_residual2,residual_add,GPU,1245739.644160026,1245757.991360026
35,gpu_only,block_09_norm1,layer_norm,GPU,1245757.991360026,1245780.1209600258
40,gpu_only,block_08_attention,self_attention,GPU,1245780.1209600258,1245936.147520026
54,gpu_only,block_06_residual1,residual_add,GPU,1245936.147520026,1245954.494720026
20,gpu_only,classifier,linear_classifier,GPU,1245954.494720026,1245962.4547200259
26,gpu_only,block_10_ffn_island,fused_ffn_island,GPU,1245962.4547200259,1247175.6672000259
31,gpu_only,block_09_ffn_island,fused_ffn_island,GPU,1247175.6672000259,1248388.8796800259
53,gpu_only,block_06_norm2,layer_norm,GPU,1248388.8796800259,1248411.0092800257
22,gpu_only,block_11_ffn_island,fused_ffn_island,GPU,1248411.0092800257,1249624.2217600257
29,gpu_only,block_10_qkv,linear_qkv,GPU,1249624.2217600257,1250066.9542400257
59,gpu_only,block_06_norm1,layer_norm,GPU,1250066.9542400257,1250089.0838400258
63,gpu_only,block_05_norm2,layer_norm,GPU,1250089.0838400258,1250111.213440026
41,gpu_only,block_08_qkv,linear_qkv,GPU,1250111.213440026,1250553.945920026
45,gpu_only,block_07_norm2,layer_norm,GPU,1250553.945920026,1250576.075520026
37,gpu_only,block_08_ffn_island,fused_ffn_island,GPU,1250576.075520026,1251789.2880000258
32,gpu_only,block_09_norm2,layer_norm,GPU,1251789.2880000258,1251811.417600026
38,gpu_only,block_08_norm2,layer_norm,GPU,1251811.417600026,1251833.547200026
42,gpu_only,block_08_norm1,layer_norm,GPU,1251833.547200026,1251855.6768000259
50,gpu_only,block_07_norm1,layer_norm,GPU,1251855.6768000259,1251877.806400026
46,gpu_only,block_07_residual1,residual_add,GPU,1251877.806400026,1251896.153600026
52,gpu_only,block_06_ffn_island,fused_ffn_island,GPU,1251896.153600026,1253109.366080026
36,gpu_only,block_08_residual2,residual_add,GPU,1253109.366080026,1253127.7132800259
51,gpu_only,block_06_residual2,residual_add,GPU,1253127.7132800259,1253146.0604800258
25,gpu_only,block_11_norm1,layer_norm,GPU,1253146.0604800258,1253168.1900800257
58,gpu_only,block_06_qkv,linear_qkv,GPU,1253168.1900800257,1253610.9225600257
34,gpu_only,block_09_attention,self_attention,GPU,1253610.9225600257,1253766.9491200258
44,gpu_only,block_07_ffn_island,fused_ffn_island,GPU,1253766.9491200258,1254980.1616000258
49,gpu_only,block_07_qkv,linear_qkv,GPU,1254980.1616000258,1255422.8940800258
48,gpu_only,block_07_attention,self_attention,GPU,1255422.8940800258,1255578.9206400258
28,gpu_only,block_10_proj,linear_projection,GPU,1255578.9206400258,1255731.1648000258
23,gpu_only,block_11_residual1,residual_add,GPU,1255731.1648000258,1255749.5120000257
57,gpu_only,block_06_attention,self_attention,GPU,1255749.5120000257,1255905.5385600256
47,gpu_only,block_07_proj,linear_projection,GPU,1255905.5385600256,1256057.7827200256
62,gpu_only,block_05_ffn_island,fused_ffn_island,GPU,1256057.7827200256,1257270.9952000256
43,gpu_only,block_07_residual2,residual_add,GPU,1257270.9952000256,1257289.3424000256
21,gpu_only,final_norm,layer_norm,GPU,1257289.3424000256,1257311.4720000257
56,gpu_only,block_06_proj,linear_projection,GPU,1257311.4720000257,1257463.7161600254
39,gpu_only,block_08_residual1,residual_add,GPU,1257463.7161600254,1257482.0633600254
55,gpu_only,block_06_residual1,residual_add,GPU,1257482.0633600254,1257500.4105600254
27,gpu_only,block_10_norm2,layer_norm,GPU,1257500.4105600254,1257522.5401600255
61,gpu_only,block_05_residual2,residual_add,GPU,1257522.5401600255,1257540.8873600254
30,gpu_only,block_10_norm1,layer_norm,GPU,1257540.8873600254,1257563.0169600253
24,gpu_only,block_11_attention,self_attention,GPU,1257563.0169600253,1257719.0435200254
33,gpu_only,block_09_residual1,residual_add,GPU,1257719.0435200254,1257737.3907200254
60,gpu_only,block_06_norm1,layer_norm,GPU,1257737.3907200254,1257759.5203200253
35,gpu_only,block_09_qkv,linear_qkv,GPU,1257759.5203200253,1258202.2528000255
40,gpu_only,block_08_proj,linear_projection,GPU,1258202.2528000255,1258354.4969600253
54,gpu_only,block_06_norm2,layer_norm,GPU,1258354.4969600253,1258376.6265600254
26,gpu_only,block_10_residual2,residual_add,GPU,1258376.6265600254,1258394.9737600253
31,gpu_only,block_09_residual2,residual_add,GPU,1258394.9737600253,1258413.3209600253
53,gpu_only,block_06_ffn_island,fused_ffn_island,GPU,1258413.3209600253,1259626.5334400253
22,gpu_only,block_11_residual2,residual_add,GPU,1259626.5334400253,1259644.880640025
29,gpu_only,block_10_attention,self_attention,GPU,1259644.880640025,1259800.9072000252
59,gpu_only,block_06_qkv,linear_qkv,GPU,1259800.9072000252,1260243.6396800252
63,gpu_only,block_05_ffn_island,fused_ffn_island,GPU,1260243.6396800252,1261456.8521600252
41,gpu_only,block_08_attention,self_attention,GPU,1261456.8521600252,1261612.878720025
45,gpu_only,block_07_ffn_island,fused_ffn_island,GPU,1261612.878720025,1262826.091200025
37,gpu_only,block_08_residual2,residual_add,GPU,1262826.091200025,1262844.438400025
32,gpu_only,block_09_ffn_island,fused_ffn_island,GPU,1262844.438400025,1264057.650880025
38,gpu_only,block_08_ffn_island,fused_ffn_island,GPU,1264057.650880025,1265270.863360025
42,gpu_only,block_08_qkv,linear_qkv,GPU,1265270.863360025,1265713.595840025
50,gpu_only,block_07_qkv,linear_qkv,GPU,1265713.595840025,1266156.328320025
46,gpu_only,block_07_norm2,layer_norm,GPU,1266156.328320025,1266178.457920025
52,gpu_only,block_06_residual2,residual_add,GPU,1266178.457920025,1266196.805120025
36,gpu_only,block_09_norm1,layer_norm,GPU,1266196.805120025,1266218.934720025
51,gpu_only,block_07_norm1,layer_norm,GPU,1266218.934720025,1266241.064320025
25,gpu_only,block_11_qkv,linear_qkv,GPU,1266241.064320025,1266683.796800025
58,gpu_only,block_06_attention,self_attention,GPU,1266683.796800025,1266839.8233600252
34,gpu_only,block_09_proj,linear_projection,GPU,1266839.8233600252,1266992.067520025
44,gpu_only,block_07_residual2,residual_add,GPU,1266992.067520025,1267010.414720025
49,gpu_only,block_07_attention,self_attention,GPU,1267010.414720025,1267166.441280025
48,gpu_only,block_07_proj,linear_projection,GPU,1267166.441280025,1267318.6854400248
28,gpu_only,block_10_residual1,residual_add,GPU,1267318.6854400248,1267337.0326400248
23,gpu_only,block_11_norm2,layer_norm,GPU,1267337.0326400248,1267359.162240025
57,gpu_only,block_06_proj,linear_projection,GPU,1267359.162240025,1267511.406400025
47,gpu_only,block_07_residual1,residual_add,GPU,1267511.406400025,1267529.7536000246
62,gpu_only,block_05_residual2,residual_add,GPU,1267529.7536000246,1267548.1008000246
43,gpu_only,block_08_norm1,layer_norm,GPU,1267548.1008000246,1267570.2304000247
21,gpu_only,class_token_select,class_token_select,GPU,1267570.2304000247,1267577.2688000246
56,gpu_only,block_06_residual1,residual_add,GPU,1267577.2688000246,1267595.6160000246
39,gpu_only,block_08_norm2,layer_norm,GPU,1267595.6160000246,1267617.7456000247
55,gpu_only,block_06_norm2,layer_norm,GPU,1267617.7456000247,1267639.8752000246
27,gpu_only,block_10_ffn_island,fused_ffn_island,GPU,1267639.8752000246,1268853.0876800246
61,gpu_only,block_06_norm1,layer_norm,GPU,1268853.0876800246,1268875.2172800247
30,gpu_only,block_10_qkv,linear_qkv,GPU,1268875.2172800247,1269317.9497600247
24,gpu_only,block_11_proj,linear_projection,GPU,1269317.9497600247,1269470.1939200247
33,gpu_only,block_09_norm2,layer_norm,GPU,1269470.1939200247,1269492.3235200245
60,gpu_only,block_06_qkv,linear_qkv,GPU,1269492.3235200245,1269935.0560000245
35,gpu_only,block_09_attention,self_attention,GPU,1269935.0560000245,1270091.0825600247
40,gpu_only,block_08_residual1,residual_add,GPU,1270091.0825600247,1270109.4297600247
54,gpu_only,block_06_ffn_island,fused_ffn_island,GPU,1270109.4297600247,1271322.6422400246
26,gpu_only,block_11_norm1,layer_norm,GPU,1271322.6422400246,1271344.7718400245
31,gpu_only,block_10_norm1,layer_norm,GPU,1271344.7718400245,1271366.9014400246
53,gpu_only,block_06_residual2,residual_add,GPU,1271366.9014400246,1271385.2486400246
22,gpu_only,final_norm,layer_norm,GPU,1271385.2486400246,1271407.3782400247
29,gpu_only,block_10_proj,linear_projection,GPU,1271407.3782400247,1271559.6224000244
59,gpu_only,block_06_attention,self_attention,GPU,1271559.6224000244,1271715.6489600246
63,gpu_only,block_05_residual2,residual_add,GPU,1271715.6489600246,1271733.9961600245
41,gpu_only,block_08_proj,linear_projection,GPU,1271733.9961600245,1271886.2403200243
45,gpu_only,block_07_residual2,residual_add,GPU,1271886.2403200243,1271904.5875200243
37,gpu_only,block_09_norm1,layer_norm,GPU,1271904.5875200243,1271926.7171200244
32,gpu_only,block_09_residual2,residual_add,GPU,1271926.7171200244,1271945.0643200243
38,gpu_only,block_08_residual2,residual_add,GPU,1271945.0643200243,1271963.4115200243
42,gpu_only,block_08_attention,self_attention,GPU,1271963.4115200243,1272119.4380800242
50,gpu_only,block_07_attention,self_attention,GPU,1272119.4380800242,1272275.4646400244
46,gpu_only,block_07_ffn_island,fused_ffn_island,GPU,1272275.4646400244,1273488.6771200243
52,gpu_only,block_07_norm1,layer_norm,GPU,1273488.6771200243,1273510.8067200242
36,gpu_only,block_09_qkv,linear_qkv,GPU,1273510.8067200242,1273953.5392000242
51,gpu_only,block_07_qkv,linear_qkv,GPU,1273953.5392000242,1274396.2716800245
25,gpu_only,block_11_attention,self_attention,GPU,1274396.2716800245,1274552.2982400244
58,gpu_only,block_06_proj,linear_projection,GPU,1274552.2982400244,1274704.5424000244
34,gpu_only,block_09_residual1,residual_add,GPU,1274704.5424000244,1274722.8896000243
44,gpu_only,block_08_norm1,layer_norm,GPU,1274722.8896000243,1274745.0192000242
49,gpu_only,block_07_proj,linear_projection,GPU,1274745.0192000242,1274897.2633600242
48,gpu_only,block_07_residual1,residual_add,GPU,1274897.2633600242,1274915.6105600242
28,gpu_only,block_10_norm2,layer_norm,GPU,1274915.6105600242,1274937.7401600243
23,gpu_only,block_11_ffn_island,fused_ffn_island,GPU,1274937.7401600243,1276150.952640024
57,gpu_only,block_06_residual1,residual_add,GPU,1276150.952640024,1276169.299840024
47,gpu_only,block_07_norm2,layer_norm,GPU,1276169.299840024,1276191.429440024
62,gpu_only,block_06_norm1,layer_norm,GPU,1276191.429440024,1276213.5590400242
43,gpu_only,block_08_qkv,linear_qkv,GPU,1276213.5590400242,1276656.2915200242
21,gpu_only,classifier,linear_classifier,GPU,1276656.2915200242,1276664.2515200241
56,gpu_only,block_06_norm2,layer_norm,GPU,1276664.2515200241,1276686.3811200242
39,gpu_only,block_08_ffn_island,fused_ffn_island,GPU,1276686.3811200242,1277899.5936000242
55,gpu_only,block_06_ffn_island,fused_ffn_island,GPU,1277899.5936000242,1279112.806080024
27,gpu_only,block_10_residual2,residual_add,GPU,1279112.806080024,1279131.153280024
61,gpu_only,block_06_qkv,linear_qkv,GPU,1279131.153280024,1279573.885760024
30,gpu_only,block_10_attention,self_attention,GPU,1279573.885760024,1279729.912320024
24,gpu_only,block_11_residual1,residual_add,GPU,1279729.912320024,1279748.259520024
33,gpu_only,block_09_ffn_island,fused_ffn_island,GPU,1279748.259520024,1280961.472000024
60,gpu_only,block_06_attention,self_attention,GPU,1280961.472000024,1281117.498560024
35,gpu_only,block_09_proj,linear_projection,GPU,1281117.498560024,1281269.742720024
40,gpu_only,block_08_norm2,layer_norm,GPU,1281269.742720024,1281291.872320024
54,gpu_only,block_06_residual2,residual_add,GPU,1281291.872320024,1281310.2195200238
26,gpu_only,block_11_qkv,linear_qkv,GPU,1281310.2195200238,1281752.952000024
31,gpu_only,block_10_qkv,linear_qkv,GPU,1281752.952000024,1282195.684480024
53,gpu_only,block_07_norm1,layer_norm,GPU,1282195.684480024,1282217.814080024
22,gpu_only,class_token_select,class_token_select,GPU,1282217.814080024,1282224.8524800239
29,gpu_only,block_10_residual1,residual_add,GPU,1282224.8524800239,1282243.1996800238
59,gpu_only,block_06_proj,linear_projection,GPU,1282243.1996800238,1282395.4438400238
63,gpu_only,block_06_norm1,layer_norm,GPU,1282395.4438400238,1282417.573440024
41,gpu_only,block_08_residual1,residual_add,GPU,1282417.573440024,1282435.9206400237
45,gpu_only,block_08_norm1,layer_norm,GPU,1282435.9206400237,1282458.0502400238
37,gpu_only,block_09_qkv,linear_qkv,GPU,1282458.0502400238,1282900.7827200238
32,gpu_only,block_10_norm1,layer_norm,GPU,1282900.7827200238,1282922.9123200239
38,gpu_only,block_09_norm1,layer_norm,GPU,1282922.9123200239,1282945.041920024
42,gpu_only,block_08_proj,linear_projection,GPU,1282945.041920024,1283097.2860800237
50,gpu_only,block_07_proj,linear_projection,GPU,1283097.2860800237,1283249.5302400237
46,gpu_only,block_07_residual2,residual_add,GPU,1283249.5302400237,1283267.8774400237
52,gpu_only,block_07_qkv,linear_qkv,GPU,1283267.8774400237,1283710.6099200237
36,gpu_only,block_09_attention,self_attention,GPU,1283710.6099200237,1283866.6364800239
51,gpu_only,block_07_attention,self_attention,GPU,1283866.6364800239,1284022.6630400238
25,gpu_only,block_11_proj,linear_projection,GPU,1284022.6630400238,1284174.9072000238
58,gpu_only,block_06_residual1,residual_add,GPU,1284174.9072000238,1284193.2544000237
34,gpu_only,block_09_norm2,layer_norm,GPU,1284193.2544000237,1284215.3840000236
44,gpu_only,block_08_qkv,linear_qkv,GPU,1284215.3840000236,1284658.1164800236
49,gpu_only,block_07_residual1,residual_add,GPU,1284658.1164800236,1284676.4636800236
48,gpu_only,block_07_norm2,layer_norm,GPU,1284676.4636800236,1284698.5932800237
28,gpu_only,block_10_ffn_island,fused_ffn_island,GPU,1284698.5932800237,1285911.8057600236
23,gpu_only,block_11_residual2,residual_add,GPU,1285911.8057600236,1285930.1529600236
57,gpu_only,block_06_norm2,layer_norm,GPU,1285930.1529600236,1285952.2825600235
47,gpu_only,block_07_ffn_island,fused_ffn_island,GPU,1285952.2825600235,1287165.4950400235
62,gpu_only,block_06_qkv,linear_qkv,GPU,1287165.4950400235,1287608.2275200235
43,gpu_only,block_08_attention,self_attention,GPU,1287608.2275200235,1287764.2540800236
56,gpu_only,block_06_ffn_island,fused_ffn_island,GPU,1287764.2540800236,1288977.4665600236
39,gpu_only,block_08_residual2,residual_add,GPU,1288977.4665600236,1288995.8137600236
55,gpu_only,block_06_residual2,residual_add,GPU,1288995.8137600236,1289014.1609600235
27,gpu_only,block_11_norm1,layer_norm,GPU,1289014.1609600235,1289036.2905600234
61,gpu_only,block_06_attention,self_attention,GPU,1289036.2905600234,1289192.3171200235
30,gpu_only,block_10_proj,linear_projection,GPU,1289192.3171200235,1289344.5612800233
24,gpu_only,block_11_norm2,layer_norm,GPU,1289344.5612800233,1289366.6908800234
33,gpu_only,block_09_residual2,residual_add,GPU,1289366.6908800234,1289385.0380800234
60,gpu_only,block_06_proj,linear_projection,GPU,1289385.0380800234,1289537.2822400234
35,gpu_only,block_09_residual1,residual_add,GPU,1289537.2822400234,1289555.6294400233
40,gpu_only,block_08_ffn_island,fused_ffn_island,GPU,1289555.6294400233,1290768.841920023
54,gpu_only,block_07_norm1,layer_norm,GPU,1290768.841920023,1290790.9715200232
26,gpu_only,block_11_attention,self_attention,GPU,1290790.9715200232,1290946.9980800233
31,gpu_only,block_10_attention,self_attention,GPU,1290946.9980800233,1291103.0246400232
53,gpu_only,block_07_qkv,linear_qkv,GPU,1291103.0246400232,1291545.7571200232
22,gpu_only,classifier,linear_classifier,GPU,1291545.7571200232,1291553.7171200232
29,gpu_only,block_10_norm2,layer_norm,GPU,1291553.7171200232,1291575.8467200233
59,gpu_only,block_06_residual1,residual_add,GPU,1291575.8467200233,1291594.1939200233
63,gpu_only,block_06_qkv,linear_qkv,GPU,1291594.1939200233,1292036.9264000233
41,gpu_only,block_08_norm2,layer_norm,GPU,1292036.9264000233,1292059.0560000234
45,gpu_only,block_08_qkv,linear_qkv,GPU,1292059.0560000234,1292501.7884800234
37,gpu_only,block_09_attention,self_attention,GPU,1292501.7884800234,1292657.8150400235
32,gpu_only,block_10_qkv,linear_qkv,GPU,1292657.8150400235,1293100.5475200235
38,gpu_only,block_09_qkv,linear_qkv,GPU,1293100.5475200235,1293543.2800000235
42,gpu_only,block_08_residual1,residual_add,GPU,1293543.2800000235,1293561.6272000235
50,gpu_only,block_07_residual1,residual_add,GPU,1293561.6272000235,1293579.9744000235
46,gpu_only,block_08_norm1,layer_norm,GPU,1293579.9744000235,1293602.1040000233
52,gpu_only,block_07_attention,self_attention,GPU,1293602.1040000233,1293758.1305600235
36,gpu_only,block_09_proj,linear_projection,GPU,1293758.1305600235,1293910.3747200232
51,gpu_only,block_07_proj,linear_projection,GPU,1293910.3747200232,1294062.6188800232
25,gpu_only,block_11_residual1,residual_add,GPU,1294062.6188800232,1294080.9660800232
58,gpu_only,block_06_norm2,layer_norm,GPU,1294080.9660800232,1294103.0956800233
34,gpu_only,block_09_ffn_island,fused_ffn_island,GPU,1294103.0956800233,1295316.3081600233
44,gpu_only,block_08_attention,self_attention,GPU,1295316.3081600233,1295472.3347200232
49,gpu_only,block_07_norm2,layer_norm,GPU,1295472.3347200232,1295494.4643200233
48,gpu_only,block_07_ffn_island,fused_ffn_island,GPU,1295494.4643200233,1296707.6768000233
28,gpu_only,block_10_residual2,residual_add,GPU,1296707.6768000233,1296726.024000023
23,gpu_only,final_norm,layer_norm,GPU,1296726.024000023,1296748.1536000231
57,gpu_only,block_06_ffn_island,fused_ffn_island,GPU,1296748.1536000231,1297961.366080023
47,gpu_only,block_07_residual2,residual_add,GPU,1297961.366080023,1297979.713280023
62,gpu_only,block_06_attention,self_attention,GPU,1297979.713280023,1298135.739840023
43,gpu_only,block_08_proj,linear_projection,GPU,1298135.739840023,1298287.984000023
56,gpu_only,block_06_residual2,residual_add,GPU,1298287.984000023,1298306.331200023
39,gpu_only,block_09_norm1,layer_norm,GPU,1298306.331200023,1298328.460800023
55,gpu_only,block_07_norm1,layer_norm,GPU,1298328.460800023,1298350.590400023
27,gpu_only,block_11_qkv,linear_qkv,GPU,1298350.590400023,1298793.322880023
61,gpu_only,block_06_proj,linear_projection,GPU,1298793.322880023,1298945.567040023
30,gpu_only,block_10_residual1,residual_add,GPU,1298945.567040023,1298963.914240023
24,gpu_only,block_11_ffn_island,fused_ffn_island,GPU,1298963.914240023,1300177.1267200229
33,gpu_only,block_10_norm1,layer_norm,GPU,1300177.1267200229,1300199.256320023
60,gpu_only,block_06_residual1,residual_add,GPU,1300199.256320023,1300217.6035200227
35,gpu_only,block_09_norm2,layer_norm,GPU,1300217.6035200227,1300239.7331200228
40,gpu_only,block_08_residual2,residual_add,GPU,1300239.7331200228,1300258.0803200228
54,gpu_only,block_07_qkv,linear_qkv,GPU,1300258.0803200228,1300700.8128000228
26,gpu_only,block_11_proj,linear_projection,GPU,1300700.8128000228,1300853.0569600228
31,gpu_only,block_10_proj,linear_projection,GPU,1300853.0569600228,1301005.3011200228
53,gpu_only,block_07_attention,self_attention,GPU,1301005.3011200228,1301161.3276800227
29,gpu_only,block_10_ffn_island,fused_ffn_island,GPU,1301161.3276800227,1302374.5401600227
59,gpu_only,block_06_norm2,layer_norm,GPU,1302374.5401600227,1302396.6697600228
63,gpu_only,block_06_attention,self_attention,GPU,1302396.6697600228,1302552.6963200227
41,gpu_only,block_08_ffn_island,fused_ffn_island,GPU,1302552.6963200227,1303765.9088000227
45,gpu_only,block_08_attention,self_attention,GPU,1303765.9088000227,1303921.9353600226
37,gpu_only,block_09_proj,linear_projection,GPU,1303921.9353600226,1304074.1795200226
32,gpu_only,block_10_attention,self_attention,GPU,1304074.1795200226,1304230.2060800225
38,gpu_only,block_09_attention,self_attention,GPU,1304230.2060800225,1304386.2326400226
42,gpu_only,block_08_norm2,layer_norm,GPU,1304386.2326400226,1304408.3622400227
50,gpu_only,block_07_norm2,layer_norm,GPU,1304408.3622400227,1304430.4918400226
46,gpu_only,block_08_qkv,linear_qkv,GPU,1304430.4918400226,1304873.2243200226
52,gpu_only,block_07_proj,linear_projection,GPU,1304873.2243200226,1305025.4684800226
36,gpu_only,block_09_residual1,residual_add,GPU,1305025.4684800226,1305043.8156800226
51,gpu_only,block_07_residual1,residual_add,GPU,1305043.8156800226,1305062.1628800225
25,gpu_only,block_11_norm2,layer_norm,GPU,1305062.1628800225,1305084.2924800226
58,gpu_only,block_06_ffn_island,fused_ffn_island,GPU,1305084.2924800226,1306297.5049600224
34,gpu_only,block_09_residual2,residual_add,GPU,1306297.5049600224,1306315.8521600224
44,gpu_only,block_08_proj,linear_projection,GPU,1306315.8521600224,1306468.0963200224
49,gpu_only,block_07_ffn_island,fused_ffn_island,GPU,1306468.0963200224,1307681.3088000224
48,gpu_only,block_07_residual2,residual_add,GPU,1307681.3088000224,1307699.6560000223
28,gpu_only,block_11_norm1,layer_norm,GPU,1307699.6560000223,1307721.7856000222
23,gpu_only,class_token_select,class_token_select,GPU,1307721.7856000222,1307728.8240000221
57,gpu_only,block_06_residual2,residual_add,GPU,1307728.8240000221,1307747.171200022
47,gpu_only,block_08_norm1,layer_norm,GPU,1307747.171200022,1307769.3008000222
62,gpu_only,block_06_proj,linear_projection,GPU,1307769.3008000222,1307921.5449600222
43,gpu_only,block_08_residual1,residual_add,GPU,1307921.5449600222,1307939.892160022
56,gpu_only,block_07_norm1,layer_norm,GPU,1307939.892160022,1307962.021760022
39,gpu_only,block_09_qkv,linear_qkv,GPU,1307962.021760022,1308404.754240022
55,gpu_only,block_07_qkv,linear_qkv,GPU,1308404.754240022,1308847.486720022
27,gpu_only,block_11_attention,self_attention,GPU,1308847.486720022,1309003.5132800222
61,gpu_only,block_06_residual1,residual_add,GPU,1309003.5132800222,1309021.8604800222
30,gpu_only,block_10_norm2,layer_norm,GPU,1309021.8604800222,1309043.9900800223
24,gpu_only,block_11_residual2,residual_add,GPU,1309043.9900800223,1309062.337280022
33,gpu_only,block_10_qkv,linear_qkv,GPU,1309062.337280022,1309505.0697600222
60,gpu_only,block_06_norm2,layer_norm,GPU,1309505.0697600222,1309527.199360022
35,gpu_only,block_09_ffn_island,fused_ffn_island,GPU,1309527.199360022,1310740.411840022
40,gpu_only,block_09_norm1,layer_norm,GPU,1310740.411840022,1310762.5414400222
54,gpu_only,block_07_attention,self_attention,GPU,1310762.5414400222,1310918.568000022
26,gpu_only,block_11_residual1,residual_add,GPU,1310918.568000022,1310936.915200022
31,gpu_only,block_10_residual1,residual_add,GPU,1310936.915200022,1310955.262400022
53,gpu_only,block_07_proj,linear_projection,GPU,1310955.262400022,1311107.506560022
29,gpu_only,block_10_residual2,residual_add,GPU,1311107.506560022,1311125.853760022
59,gpu_only,block_06_ffn_island,fused_ffn_island,GPU,1311125.853760022,1312339.0662400217
63,gpu_only,block_06_proj,linear_projection,GPU,1312339.0662400217,1312491.3104000217
41,gpu_only,block_08_residual2,residual_add,GPU,1312491.3104000217,1312509.6576000217
45,gpu_only,block_08_proj,linear_projection,GPU,1312509.6576000217,1312661.9017600217
37,gpu_only,block_09_residual1,residual_add,GPU,1312661.9017600217,1312680.2489600217
32,gpu_only,block_10_proj,linear_projection,GPU,1312680.2489600217,1312832.4931200214
38,gpu_only,block_09_proj,linear_projection,GPU,1312832.4931200214,1312984.7372800214
42,gpu_only,block_08_ffn_island,fused_ffn_island,GPU,1312984.7372800214,1314197.9497600214
50,gpu_only,block_07_ffn_island,fused_ffn_island,GPU,1314197.9497600214,1315411.1622400214
46,gpu_only,block_08_attention,self_attention,GPU,1315411.1622400214,1315567.1888000213
52,gpu_only,block_07_residual1,residual_add,GPU,1315567.1888000213,1315585.5360000213
36,gpu_only,block_09_norm2,layer_norm,GPU,1315585.5360000213,1315607.6656000214
51,gpu_only,block_07_norm2,layer_norm,GPU,1315607.6656000214,1315629.7952000212
25,gpu_only,block_11_ffn_island,fused_ffn_island,GPU,1315629.7952000212,1316843.0076800212
58,gpu_only,block_06_residual2,residual_add,GPU,1316843.0076800212,1316861.3548800212
34,gpu_only,block_10_norm1,layer_norm,GPU,1316861.3548800212,1316883.4844800213
44,gpu_only,block_08_residual1,residual_add,GPU,1316883.4844800213,1316901.8316800212
49,gpu_only,block_07_residual2,residual_add,GPU,1316901.8316800212,1316920.1788800212
48,gpu_only,block_08_norm1,layer_norm,GPU,1316920.1788800212,1316942.308480021
28,gpu_only,block_11_qkv,linear_qkv,GPU,1316942.308480021,1317385.040960021
23,gpu_only,classifier,linear_classifier,GPU,1317385.040960021,1317393.0009600213
57,gpu_only,block_07_norm1,layer_norm,GPU,1317393.0009600213,1317415.1305600211
47,gpu_only,block_08_qkv,linear_qkv,GPU,1317415.1305600211,1317857.8630400214
62,gpu_only,block_06_residual1,residual_add,GPU,1317857.8630400214,1317876.210240021
43,gpu_only,block_08_norm2,layer_norm,GPU,1317876.210240021,1317898.3398400212
56,gpu_only,block_07_qkv,linear_qkv,GPU,1317898.3398400212,1318341.0723200212
39,gpu_only,block_09_attention,self_attention,GPU,1318341.0723200212,1318497.0988800214
55,gpu_only,block_07_attention,self_attention,GPU,1318497.0988800214,1318653.1254400213
27,gpu_only,block_11_proj,linear_projection,GPU,1318653.1254400213,1318805.3696000213
61,gpu_only,block_06_norm2,layer_norm,GPU,1318805.3696000213,1318827.4992000214
30,gpu_only,block_10_ffn_island,fused_ffn_island,GPU,1318827.4992000214,1320040.7116800211
24,gpu_only,final_norm,layer_norm,GPU,1320040.7116800211,1320062.8412800212
33,gpu_only,block_10_attention,self_attention,GPU,1320062.8412800212,1320218.8678400214
60,gpu_only,block_06_ffn_island,fused_ffn_island,GPU,1320218.8678400214,1321432.0803200211
35,gpu_only,block_09_residual2,residual_add,GPU,1321432.0803200211,1321450.427520021
40,gpu_only,block_09_qkv,linear_qkv,GPU,1321450.427520021,1321893.160000021
54,gpu_only,block_07_proj,linear_projection,GPU,1321893.160000021,1322045.404160021
26,gpu_only,block_11_norm2,layer_norm,GPU,1322045.404160021,1322067.5337600212
31,gpu_only,block_10_norm2,layer_norm,GPU,1322067.5337600212,1322089.6633600213
53,gpu_only,block_07_residual1,residual_add,GPU,1322089.6633600213,1322108.010560021
29,gpu_only,block_11_norm1,layer_norm,GPU,1322108.010560021,1322130.1401600211
59,gpu_only,block_06_residual2,residual_add,GPU,1322130.1401600211,1322148.487360021
63,gpu_only,block_06_residual1,residual_add,GPU,1322148.487360021,1322166.834560021
41,gpu_only,block_09_norm1,layer_norm,GPU,1322166.834560021,1322188.9641600212
45,gpu_only,block_08_residual1,residual_add,GPU,1322188.9641600212,1322207.3113600211
37,gpu_only,block_09_norm2,layer_norm,GPU,1322207.3113600211,1322229.440960021
32,gpu_only,block_10_residual1,residual_add,GPU,1322229.440960021,1322247.788160021
38,gpu_only,block_09_residual1,residual_add,GPU,1322247.788160021,1322266.135360021
42,gpu_only,block_08_residual2,residual_add,GPU,1322266.135360021,1322284.4825600209
50,gpu_only,block_07_residual2,residual_add,GPU,1322284.4825600209,1322302.8297600208
46,gpu_only,block_08_proj,linear_projection,GPU,1322302.8297600208,1322455.0739200206
52,gpu_only,block_07_norm2,layer_norm,GPU,1322455.0739200206,1322477.2035200207
36,gpu_only,block_09_ffn_island,fused_ffn_island,GPU,1322477.2035200207,1323690.4160000207
51,gpu_only,block_07_ffn_island,fused_ffn_island,GPU,1323690.4160000207,1324903.6284800207
25,gpu_only,block_11_residual2,residual_add,GPU,1324903.6284800207,1324921.9756800206
58,gpu_only,block_07_norm1,layer_norm,GPU,1324921.9756800206,1324944.1052800205
34,gpu_only,block_10_qkv,linear_qkv,GPU,1324944.1052800205,1325386.8377600207
44,gpu_only,block_08_norm2,layer_norm,GPU,1325386.8377600207,1325408.9673600206
49,gpu_only,block_08_norm1,layer_norm,GPU,1325408.9673600206,1325431.0969600207
48,gpu_only,block_08_qkv,linear_qkv,GPU,1325431.0969600207,1325873.8294400207
28,gpu_only,block_11_attention,self_attention,GPU,1325873.8294400207,1326029.8560000209
57,gpu_only,block_07_qkv,linear_qkv,GPU,1326029.8560000209,1326472.5884800209
47,gpu_only,block_08_attention,self_attention,GPU,1326472.5884800209,1326628.6150400208
62,gpu_only,block_06_norm2,layer_norm,GPU,1326628.6150400208,1326650.744640021
43,gpu_only,block_08_ffn_island,fused_ffn_island,GPU,1326650.744640021,1327863.9571200209
56,gpu_only,block_07_attention,self_attention,GPU,1327863.9571200209,1328019.9836800208
39,gpu_only,block_09_proj,linear_projection,GPU,1328019.9836800208,1328172.2278400208
55,gpu_only,block_07_proj,linear_projection,GPU,1328172.2278400208,1328324.4720000208
27,gpu_only,block_11_residual1,residual_add,GPU,1328324.4720000208,1328342.8192000205
61,gpu_only,block_06_ffn_island,fused_ffn_island,GPU,1328342.8192000205,1329556.0316800205
30,gpu_only,block_10_residual2,residual_add,GPU,1329556.0316800205,1329574.3788800205
24,gpu_only,class_token_select,class_token_select,GPU,1329574.3788800205,1329581.4172800204
33,gpu_only,block_10_proj,linear_projection,GPU,1329581.4172800204,1329733.6614400204
60,gpu_only,block_06_residual2,residual_add,GPU,1329733.6614400204,1329752.0086400204
35,gpu_only,block_10_norm1,layer_norm,GPU,1329752.0086400204,1329774.1382400203
40,gpu_only,block_09_attention,self_attention,GPU,1329774.1382400203,1329930.1648000204
54,gpu_only,block_07_residual1,residual_add,GPU,1329930.1648000204,1329948.5120000204
26,gpu_only,block_11_ffn_island,fused_ffn_island,GPU,1329948.5120000204,1331161.7244800203
31,gpu_only,block_10_ffn_island,fused_ffn_island,GPU,1331161.7244800203,1332374.93696002
53,gpu_only,block_07_norm2,layer_norm,GPU,1332374.93696002,1332397.0665600202
29,gpu_only,block_11_qkv,linear_qkv,GPU,1332397.0665600202,1332839.7990400202
59,gpu_only,block_07_norm1,layer_norm,GPU,1332839.7990400202,1332861.9286400203
63,gpu_only,block_06_norm2,layer_norm,GPU,1332861.9286400203,1332884.0582400204
41,gpu_only,block_09_qkv,linear_qkv,GPU,1332884.0582400204,1333326.7907200204
45,gpu_only,block_08_norm2,layer_norm,GPU,1333326.7907200204,1333348.9203200203
37,gpu_only,block_09_ffn_island,fused_ffn_island,GPU,1333348.9203200203,1334562.1328000203
32,gpu_only,block_10_norm2,layer_norm,GPU,1334562.1328000203,1334584.2624000204
38,gpu_only,block_09_norm2,layer_norm,GPU,1334584.2624000204,1334606.3920000205
42,gpu_only,block_09_norm1,layer_norm,GPU,1334606.3920000205,1334628.5216000204
50,gpu_only,block_08_norm1,layer_norm,GPU,1334628.5216000204,1334650.6512000205
46,gpu_only,block_08_residual1,residual_add,GPU,1334650.6512000205,1334668.9984000204
52,gpu_only,block_07_ffn_island,fused_ffn_island,GPU,1334668.9984000204,1335882.2108800204
36,gpu_only,block_09_residual2,residual_add,GPU,1335882.2108800204,1335900.5580800204
51,gpu_only,block_07_residual2,residual_add,GPU,1335900.5580800204,1335918.9052800203
25,gpu_only,final_norm,layer_norm,GPU,1335918.9052800203,1335941.0348800202
58,gpu_only,block_07_qkv,linear_qkv,GPU,1335941.0348800202,1336383.7673600202
34,gpu_only,block_10_attention,self_attention,GPU,1336383.7673600202,1336539.7939200203
44,gpu_only,block_08_ffn_island,fused_ffn_island,GPU,1336539.7939200203,1337753.0064000203
49,gpu_only,block_08_qkv,linear_qkv,GPU,1337753.0064000203,1338195.7388800203
48,gpu_only,block_08_attention,self_attention,GPU,1338195.7388800203,1338351.7654400202
28,gpu_only,block_11_proj,linear_projection,GPU,1338351.7654400202,1338504.0096000202
57,gpu_only,block_07_attention,self_attention,GPU,1338504.0096000202,1338660.0361600202
47,gpu_only,block_08_proj,linear_projection,GPU,1338660.0361600202,1338812.2803200202
62,gpu_only,block_06_ffn_island,fused_ffn_island,GPU,1338812.2803200202,1340025.4928000201
43,gpu_only,block_08_residual2,residual_add,GPU,1340025.4928000201,1340043.84000002
56,gpu_only,block_07_proj,linear_projection,GPU,1340043.84000002,1340196.08416002
39,gpu_only,block_09_residual1,residual_add,GPU,1340196.08416002,1340214.4313600198
55,gpu_only,block_07_residual1,residual_add,GPU,1340214.4313600198,1340232.7785600198
27,gpu_only,block_11_norm2,layer_norm,GPU,1340232.7785600198,1340254.90816002
61,gpu_only,block_06_residual2,residual_add,GPU,1340254.90816002,1340273.2553600199
30,gpu_only,block_11_norm1,layer_norm,GPU,1340273.2553600199,1340295.38496002
24,gpu_only,classifier,linear_classifier,GPU,1340295.38496002,1340303.34496002
33,gpu_only,block_10_residual1,residual_add,GPU,1340303.34496002,1340321.69216002
60,gpu_only,block_07_norm1,layer_norm,GPU,1340321.69216002,1340343.82176002
35,gpu_only,block_10_qkv,linear_qkv,GPU,1340343.82176002,1340786.55424002
40,gpu_only,block_09_proj,linear_projection,GPU,1340786.55424002,1340938.7984000198
54,gpu_only,block_07_norm2,layer_norm,GPU,1340938.7984000198,1340960.9280000199
26,gpu_only,block_11_residual2,residual_add,GPU,1340960.9280000199,1340979.2752000198
31,gpu_only,block_10_residual2,residual_add,GPU,1340979.2752000198,1340997.6224000198
53,gpu_only,block_07_ffn_island,fused_ffn_island,GPU,1340997.6224000198,1342210.8348800198
29,gpu_only,block_11_attention,self_attention,GPU,1342210.8348800198,1342366.8614400197
59,gpu_only,block_07_qkv,linear_qkv,GPU,1342366.8614400197,1342809.5939200197
63,gpu_only,block_06_ffn_island,fused_ffn_island,GPU,1342809.5939200197,1344022.8064000197
41,gpu_only,block_09_attention,self_attention,GPU,1344022.8064000197,1344178.8329600198
45,gpu_only,block_08_ffn_island,fused_ffn_island,GPU,1344178.8329600198,1345392.0454400196
37,gpu_only,block_09_residual2,residual_add,GPU,1345392.0454400196,1345410.3926400195
32,gpu_only,block_10_ffn_island,fused_ffn_island,GPU,1345410.3926400195,1346623.6051200195
38,gpu_only,block_09_ffn_island,fused_ffn_island,GPU,1346623.6051200195,1347836.8176000195
42,gpu_only,block_09_qkv,linear_qkv,GPU,1347836.8176000195,1348279.5500800195
50,gpu_only,block_08_qkv,linear_qkv,GPU,1348279.5500800195,1348722.2825600195
46,gpu_only,block_08_norm2,layer_norm,GPU,1348722.2825600195,1348744.4121600196
52,gpu_only,block_07_residual2,residual_add,GPU,1348744.4121600196,1348762.7593600196
36,gpu_only,block_10_norm1,layer_norm,GPU,1348762.7593600196,1348784.8889600197
51,gpu_only,block_08_norm1,layer_norm,GPU,1348784.8889600197,1348807.0185600196
25,gpu_only,class_token_select,class_token_select,GPU,1348807.0185600196,1348814.0569600195
58,gpu_only,block_07_attention,self_attention,GPU,1348814.0569600195,1348970.0835200197
34,gpu_only,block_10_proj,linear_projection,GPU,1348970.0835200197,1349122.3276800194
44,gpu_only,block_08_residual2,residual_add,GPU,1349122.3276800194,1349140.6748800194
49,gpu_only,block_08_attention,self_attention,GPU,1349140.6748800194,1349296.7014400195
48,gpu_only,block_08_proj,linear_projection,GPU,1349296.7014400195,1349448.9456000193
28,gpu_only,block_11_residual1,residual_add,GPU,1349448.9456000193,1349467.2928000193
57,gpu_only,block_07_proj,linear_projection,GPU,1349467.2928000193,1349619.5369600193
47,gpu_only,block_08_residual1,residual_add,GPU,1349619.5369600193,1349637.8841600192
62,gpu_only,block_06_residual2,residual_add,GPU,1349637.8841600192,1349656.2313600192
43,gpu_only,block_09_norm1,layer_norm,GPU,1349656.2313600192,1349678.360960019
56,gpu_only,block_07_residual1,residual_add,GPU,1349678.360960019,1349696.708160019
39,gpu_only,block_09_norm2,layer_norm,GPU,1349696.708160019,1349718.837760019
55,gpu_only,block_07_norm2,layer_norm,GPU,1349718.837760019,1349740.9673600192
27,gpu_only,block_11_ffn_island,fused_ffn_island,GPU,1349740.9673600192,1350954.179840019
61,gpu_only,block_07_norm1,layer_norm,GPU,1350954.179840019,1350976.309440019
30,gpu_only,block_11_qkv,linear_qkv,GPU,1350976.309440019,1351419.041920019
33,gpu_only,block_10_norm2,layer_norm,GPU,1351419.041920019,1351441.1715200192
60,gpu_only,block_07_qkv,linear_qkv,GPU,1351441.1715200192,1351883.9040000192
35,gpu_only,block_10_attention,self_attention,GPU,1351883.9040000192,1352039.9305600193
40,gpu_only,block_09_residual1,residual_add,GPU,1352039.9305600193,1352058.2777600193
54,gpu_only,block_07_ffn_island,fused_ffn_island,GPU,1352058.2777600193,1353271.490240019
26,gpu_only,final_norm,layer_norm,GPU,1353271.490240019,1353293.6198400191
31,gpu_only,block_11_norm1,layer_norm,GPU,1353293.6198400191,1353315.7494400193
53,gpu_only,block_07_residual2,residual_add,GPU,1353315.7494400193,1353334.0966400192
29,gpu_only,block_11_proj,linear_projection,GPU,1353334.0966400192,1353486.340800019
59,gpu_only,block_07_attention,self_attention,GPU,1353486.340800019,1353642.3673600191
63,gpu_only,block_06_residual2,residual_add,GPU,1353642.3673600191,1353660.714560019
41,gpu_only,block_09_proj,linear_projection,GPU,1353660.714560019,1353812.9587200189
45,gpu_only,block_08_residual2,residual_add,GPU,1353812.9587200189,1353831.3059200188
37,gpu_only,block_10_norm1,layer_norm,GPU,1353831.3059200188,1353853.435520019
32,gpu_only,block_10_residual2,residual_add,GPU,1353853.435520019,1353871.7827200189
38,gpu_only,block_09_residual2,residual_add,GPU,1353871.7827200189,1353890.1299200188
42,gpu_only,block_09_attention,self_attention,GPU,1353890.1299200188,1354046.1564800187
50,gpu_only,block_08_attention,self_attention,GPU,1354046.1564800187,1354202.183040019
46,gpu_only,block_08_ffn_island,fused_ffn_island,GPU,1354202.183040019,1355415.3955200189
52,gpu_only,block_08_norm1,layer_norm,GPU,1355415.3955200189,1355437.5251200187
36,gpu_only,block_10_qkv,linear_qkv,GPU,1355437.5251200187,1355880.2576000188
51,gpu_only,block_08_qkv,linear_qkv,GPU,1355880.2576000188,1356322.990080019
25,gpu_only,classifier,linear_classifier,GPU,1356322.990080019,1356330.950080019
58,gpu_only,block_07_proj,linear_projection,GPU,1356330.950080019,1356483.1942400187
34,gpu_only,block_10_residual1,residual_add,GPU,1356483.1942400187,1356501.5414400187
44,gpu_only,block_09_norm1,layer_norm,GPU,1356501.5414400187,1356523.6710400188
49,gpu_only,block_08_proj,linear_projection,GPU,1356523.6710400188,1356675.9152000188
48,gpu_only,block_08_residual1,residual_add,GPU,1356675.9152000188,1356694.2624000187
28,gpu_only,block_11_norm2,layer_norm,GPU,1356694.2624000187,1356716.3920000186
57,gpu_only,block_07_residual1,residual_add,GPU,1356716.3920000186,1356734.7392000186
47,gpu_only,block_08_norm2,layer_norm,GPU,1356734.7392000186,1356756.8688000187
62,gpu_only,block_07_norm1,layer_norm,GPU,1356756.8688000187,1356778.9984000188
43,gpu_only,block_09_qkv,linear_qkv,GPU,1356778.9984000188,1357221.7308800188
56,gpu_only,block_07_norm2,layer_norm,GPU,1357221.7308800188,1357243.8604800187
39,gpu_only,block_09_ffn_island,fused_ffn_island,GPU,1357243.8604800187,1358457.0729600186
55,gpu_only,block_07_ffn_island,fused_ffn_island,GPU,1358457.0729600186,1359670.2854400186
27,gpu_only,block_11_residual2,residual_add,GPU,1359670.2854400186,1359688.6326400186
61,gpu_only,block_07_qkv,linear_qkv,GPU,1359688.6326400186,1360131.3651200186
30,gpu_only,block_11_attention,self_attention,GPU,1360131.3651200186,1360287.3916800187
33,gpu_only,block_10_ffn_island,fused_ffn_island,GPU,1360287.3916800187,1361500.6041600185
60,gpu_only,block_07_attention,self_attention,GPU,1361500.6041600185,1361656.6307200186
35,gpu_only,block_10_proj,linear_projection,GPU,1361656.6307200186,1361808.8748800186
40,gpu_only,block_09_norm2,layer_norm,GPU,1361808.8748800186,1361831.0044800185
54,gpu_only,block_07_residual2,residual_add,GPU,1361831.0044800185,1361849.3516800185
26,gpu_only,class_token_select,class_token_select,GPU,1361849.3516800185,1361856.3900800184
31,gpu_only,block_11_qkv,linear_qkv,GPU,1361856.3900800184,1362299.1225600184
53,gpu_only,block_08_norm1,layer_norm,GPU,1362299.1225600184,1362321.2521600185
29,gpu_only,block_11_residual1,residual_add,GPU,1362321.2521600185,1362339.5993600185
59,gpu_only,block_07_proj,linear_projection,GPU,1362339.5993600185,1362491.8435200185
63,gpu_only,block_07_norm1,layer_norm,GPU,1362491.8435200185,1362513.9731200184
41,gpu_only,block_09_residual1,residual_add,GPU,1362513.9731200184,1362532.3203200183
45,gpu_only,block_09_norm1,layer_norm,GPU,1362532.3203200183,1362554.4499200184
37,gpu_only,block_10_qkv,linear_qkv,GPU,1362554.4499200184,1362997.1824000184
32,gpu_only,block_11_norm1,layer_norm,GPU,1362997.1824000184,1363019.3120000185
38,gpu_only,block_10_norm1,layer_norm,GPU,1363019.3120000185,1363041.4416000184
42,gpu_only,block_09_proj,linear_projection,GPU,1363041.4416000184,1363193.6857600184
50,gpu_only,block_08_proj,linear_projection,GPU,1363193.6857600184,1363345.9299200184
46,gpu_only,block_08_residual2,residual_add,GPU,1363345.9299200184,1363364.2771200184
52,gpu_only,block_08_qkv,linear_qkv,GPU,1363364.2771200184,1363807.0096000184
36,gpu_only,block_10_attention,self_attention,GPU,1363807.0096000184,1363963.0361600183
51,gpu_only,block_08_attention,self_attention,GPU,1363963.0361600183,1364119.0627200184
58,gpu_only,block_07_residual1,residual_add,GPU,1364119.0627200184,1364137.4099200184
34,gpu_only,block_10_norm2,layer_norm,GPU,1364137.4099200184,1364159.5395200183
44,gpu_only,block_09_qkv,linear_qkv,GPU,1364159.5395200183,1364602.2720000183
49,gpu_only,block_08_residual1,residual_add,GPU,1364602.2720000183,1364620.6192000182
48,gpu_only,block_08_norm2,layer_norm,GPU,1364620.6192000182,1364642.7488000183
28,gpu_only,block_11_ffn_island,fused_ffn_island,GPU,1364642.7488000183,1365855.9612800183
57,gpu_only,block_07_norm2,layer_norm,GPU,1365855.9612800183,1365878.0908800184
47,gpu_only,block_08_ffn_island,fused_ffn_island,GPU,1365878.0908800184,1367091.3033600182
62,gpu_only,block_07_qkv,linear_qkv,GPU,1367091.3033600182,1367534.0358400184
43,gpu_only,block_09_attention,self_attention,GPU,1367534.0358400184,1367690.0624000183
56,gpu_only,block_07_ffn_island,fused_ffn_island,GPU,1367690.0624000183,1368903.2748800183
39,gpu_only,block_09_residual2,residual_add,GPU,1368903.2748800183,1368921.6220800183
55,gpu_only,block_07_residual2,residual_add,GPU,1368921.6220800183,1368939.9692800182
27,gpu_only,final_norm,layer_norm,GPU,1368939.9692800182,1368962.098880018
61,gpu_only,block_07_attention,self_attention,GPU,1368962.098880018,1369118.1254400183
30,gpu_only,block_11_proj,linear_projection,GPU,1369118.1254400183,1369270.369600018
33,gpu_only,block_10_residual2,residual_add,GPU,1369270.369600018,1369288.716800018
60,gpu_only,block_07_proj,linear_projection,GPU,1369288.716800018,1369440.960960018
35,gpu_only,block_10_residual1,residual_add,GPU,1369440.960960018,1369459.308160018
40,gpu_only,block_09_ffn_island,fused_ffn_island,GPU,1369459.308160018,1370672.520640018
54,gpu_only,block_08_norm1,layer_norm,GPU,1370672.520640018,1370694.6502400178
26,gpu_only,classifier,linear_classifier,GPU,1370694.6502400178,1370702.610240018
31,gpu_only,block_11_attention,self_attention,GPU,1370702.610240018,1370858.636800018
53,gpu_only,block_08_qkv,linear_qkv,GPU,1370858.636800018,1371301.369280018
29,gpu_only,block_11_norm2,layer_norm,GPU,1371301.369280018,1371323.498880018
59,gpu_only,block_07_residual1,residual_add,GPU,1371323.498880018,1371341.846080018
63,gpu_only,block_07_qkv,linear_qkv,GPU,1371341.846080018,1371784.578560018
41,gpu_only,block_09_norm2,layer_norm,GPU,1371784.578560018,1371806.708160018
45,gpu_only,block_09_qkv,linear_qkv,GPU,1371806.708160018,1372249.440640018
37,gpu_only,block_10_attention,self_attention,GPU,1372249.440640018,1372405.467200018
32,gpu_only,block_11_qkv,linear_qkv,GPU,1372405.467200018,1372848.1996800182
38,gpu_only,block_10_qkv,linear_qkv,GPU,1372848.1996800182,1373290.9321600182
42,gpu_only,block_09_residual1,residual_add,GPU,1373290.9321600182,1373309.2793600182
50,gpu_only,block_08_residual1,residual_add,GPU,1373309.2793600182,1373327.6265600182
46,gpu_only,block_09_norm1,layer_norm,GPU,1373327.6265600182,1373349.756160018
52,gpu_only,block_08_attention,self_attention,GPU,1373349.756160018,1373505.7827200182
36,gpu_only,block_10_proj,linear_projection,GPU,1373505.7827200182,1373658.026880018
51,gpu_only,block_08_proj,linear_projection,GPU,1373658.026880018,1373810.271040018
58,gpu_only,block_07_norm2,layer_norm,GPU,1373810.271040018,1373832.400640018
34,gpu_only,block_10_ffn_island,fused_ffn_island,GPU,1373832.400640018,1375045.613120018
44,gpu_only,block_09_attention,self_attention,GPU,1375045.613120018,1375201.639680018
49,gpu_only,block_08_norm2,layer_norm,GPU,1375201.639680018,1375223.769280018
48,gpu_only,block_08_ffn_island,fused_ffn_island,GPU,1375223.769280018,1376436.981760018
28,gpu_only,block_11_residual2,residual_add,GPU,1376436.981760018,1376455.3289600178
57,gpu_only,block_07_ffn_island,fused_ffn_island,GPU,1376455.3289600178,1377668.5414400178
47,gpu_only,block_08_residual2,residual_add,GPU,1377668.5414400178,1377686.8886400177
62,gpu_only,block_07_attention,self_attention,GPU,1377686.8886400177,1377842.9152000179
43,gpu_only,block_09_proj,linear_projection,GPU,1377842.9152000179,1377995.1593600176
56,gpu_only,block_07_residual2,residual_add,GPU,1377995.1593600176,1378013.5065600176
39,gpu_only,block_10_norm1,layer_norm,GPU,1378013.5065600176,1378035.6361600177
55,gpu_only,block_08_norm1,layer_norm,GPU,1378035.6361600177,1378057.7657600178
27,gpu_only,class_token_select,class_token_select,GPU,1378057.7657600178,1378064.8041600178
61,gpu_only,block_07_proj,linear_projection,GPU,1378064.8041600178,1378217.0483200175
30,gpu_only,block_11_residual1,residual_add,GPU,1378217.0483200175,1378235.3955200175
33,gpu_only,block_11_norm1,layer_norm,GPU,1378235.3955200175,1378257.5251200176
60,gpu_only,block_07_residual1,residual_add,GPU,1378257.5251200176,1378275.8723200175
35,gpu_only,block_10_norm2,layer_norm,GPU,1378275.8723200175,1378298.0019200174
40,gpu_only,block_09_residual2,residual_add,GPU,1378298.0019200174,1378316.3491200174
54,gpu_only,block_08_qkv,linear_qkv,GPU,1378316.3491200174,1378759.0816000174
31,gpu_only,block_11_proj,linear_projection,GPU,1378759.0816000174,1378911.3257600174
53,gpu_only,block_08_attention,self_attention,GPU,1378911.3257600174,1379067.3523200175
29,gpu_only,block_11_ffn_island,fused_ffn_island,GPU,1379067.3523200175,1380280.5648000173
59,gpu_only,block_07_norm2,layer_norm,GPU,1380280.5648000173,1380302.6944000174
63,gpu_only,block_07_attention,self_attention,GPU,1380302.6944000174,1380458.7209600175
41,gpu_only,block_09_ffn_island,fused_ffn_island,GPU,1380458.7209600175,1381671.9334400173
45,gpu_only,block_09_attention,self_attention,GPU,1381671.9334400173,1381827.9600000174
37,gpu_only,block_10_proj,linear_projection,GPU,1381827.9600000174,1381980.2041600174
32,gpu_only,block_11_attention,self_attention,GPU,1381980.2041600174,1382136.2307200173
38,gpu_only,block_10_attention,self_attention,GPU,1382136.2307200173,1382292.2572800175
42,gpu_only,block_09_norm2,layer_norm,GPU,1382292.2572800175,1382314.3868800174
50,gpu_only,block_08_norm2,layer_norm,GPU,1382314.3868800174,1382336.5164800175
46,gpu_only,block_09_qkv,linear_qkv,GPU,1382336.5164800175,1382779.2489600175
52,gpu_only,block_08_proj,linear_projection,GPU,1382779.2489600175,1382931.4931200175
36,gpu_only,block_10_residual1,residual_add,GPU,1382931.4931200175,1382949.8403200174
51,gpu_only,block_08_residual1,residual_add,GPU,1382949.8403200174,1382968.1875200174
58,gpu_only,block_07_ffn_island,fused_ffn_island,GPU,1382968.1875200174,1384181.4000000171
34,gpu_only,block_10_residual2,residual_add,GPU,1384181.4000000171,1384199.747200017
44,gpu_only,block_09_proj,linear_projection,GPU,1384199.747200017,1384351.991360017
49,gpu_only,block_08_ffn_island,fused_ffn_island,GPU,1384351.991360017,1385565.203840017
48,gpu_only,block_08_residual2,residual_add,GPU,1385565.203840017,1385583.551040017
28,gpu_only,final_norm,layer_norm,GPU,1385583.551040017,1385605.680640017
57,gpu_only,block_07_residual2,residual_add,GPU,1385605.680640017,1385624.0278400169
47,gpu_only,block_09_norm1,layer_norm,GPU,1385624.0278400169,1385646.157440017
62,gpu_only,block_07_proj,linear_projection,GPU,1385646.157440017,1385798.401600017
43,gpu_only,block_09_residual1,residual_add,GPU,1385798.401600017,1385816.7488000167
56,gpu_only,block_08_norm1,layer_norm,GPU,1385816.7488000167,1385838.8784000168
39,gpu_only,block_10_qkv,linear_qkv,GPU,1385838.8784000168,1386281.6108800168
55,gpu_only,block_08_qkv,linear_qkv,GPU,1386281.6108800168,1386724.3433600168
27,gpu_only,classifier,linear_classifier,GPU,1386724.3433600168,1386732.303360017
61,gpu_only,block_07_residual1,residual_add,GPU,1386732.303360017,1386750.650560017
30,gpu_only,block_11_norm2,layer_norm,GPU,1386750.650560017,1386772.7801600168
33,gpu_only,block_11_qkv,linear_qkv,GPU,1386772.7801600168,1387215.5126400169
60,gpu_only,block_07_norm2,layer_norm,GPU,1387215.5126400169,1387237.642240017
35,gpu_only,block_10_ffn_island,fused_ffn_island,GPU,1387237.642240017,1388450.854720017
40,gpu_only,block_10_norm1,layer_norm,GPU,1388450.854720017,1388472.984320017
54,gpu_only,block_08_attention,self_attention,GPU,1388472.984320017,1388629.010880017
31,gpu_only,block_11_residual1,residual_add,GPU,1388629.010880017,1388647.358080017
53,gpu_only,block_08_proj,linear_projection,GPU,1388647.358080017,1388799.602240017
29,gpu_only,block_11_residual2,residual_add,GPU,1388799.602240017,1388817.9494400169
59,gpu_only,block_07_ffn_island,fused_ffn_island,GPU,1388817.9494400169,1390031.1619200166
63,gpu_only,block_07_proj,linear_projection,GPU,1390031.1619200166,1390183.4060800166
41,gpu_only,block_09_residual2,residual_add,GPU,1390183.4060800166,1390201.7532800166
45,gpu_only,block_09_proj,linear_projection,GPU,1390201.7532800166,1390353.9974400166
37,gpu_only,block_10_residual1,residual_add,GPU,1390353.9974400166,1390372.3446400166
32,gpu_only,block_11_proj,linear_projection,GPU,1390372.3446400166,1390524.5888000163
38,gpu_only,block_10_proj,linear_projection,GPU,1390524.5888000163,1390676.8329600163
42,gpu_only,block_09_ffn_island,fused_ffn_island,GPU,1390676.8329600163,1391890.0454400163
50,gpu_only,block_08_ffn_island,fused_ffn_island,GPU,1391890.0454400163,1393103.2579200163
46,gpu_only,block_09_attention,self_attention,GPU,1393103.2579200163,1393259.2844800162
52,gpu_only,block_08_residual1,residual_add,GPU,1393259.2844800162,1393277.6316800162
36,gpu_only,block_10_norm2,layer_norm,GPU,1393277.6316800162,1393299.7612800163
51,gpu_only,block_08_norm2,layer_norm,GPU,1393299.7612800163,1393321.8908800161
58,gpu_only,block_07_residual2,residual_add,GPU,1393321.8908800161,1393340.238080016
34,gpu_only,block_11_norm1,layer_norm,GPU,1393340.238080016,1393362.3676800162
44,gpu_only,block_09_residual1,residual_add,GPU,1393362.3676800162,1393380.7148800162
49,gpu_only,block_08_residual2,residual_add,GPU,1393380.7148800162,1393399.0620800161
48,gpu_only,block_09_norm1,layer_norm,GPU,1393399.0620800161,1393421.191680016
28,gpu_only,class_token_select,class_token_select,GPU,1393421.191680016,1393428.230080016
57,gpu_only,block_08_norm1,layer_norm,GPU,1393428.230080016,1393450.359680016
47,gpu_only,block_09_qkv,linear_qkv,GPU,1393450.359680016,1393893.092160016
62,gpu_only,block_07_residual1,residual_add,GPU,1393893.092160016,1393911.439360016
43,gpu_only,block_09_norm2,layer_norm,GPU,1393911.439360016,1393933.5689600161
56,gpu_only,block_08_qkv,linear_qkv,GPU,1393933.5689600161,1394376.3014400161
39,gpu_only,block_10_attention,self_attention,GPU,1394376.3014400161,1394532.328000016
55,gpu_only,block_08_attention,self_attention,GPU,1394532.328000016,1394688.3545600162
61,gpu_only,block_07_norm2,layer_norm,GPU,1394688.3545600162,1394710.4841600163
30,gpu_only,block_11_ffn_island,fused_ffn_island,GPU,1394710.4841600163,1395923.696640016
33,gpu_only,block_11_attention,self_attention,GPU,1395923.696640016,1396079.7232000162
60,gpu_only,block_07_ffn_island,fused_ffn_island,GPU,1396079.7232000162,1397292.9356800162
35,gpu_only,block_10_residual2,residual_add,GPU,1397292.9356800162,1397311.2828800161
40,gpu_only,block_10_qkv,linear_qkv,GPU,1397311.2828800161,1397754.0153600161
54,gpu_only,block_08_proj,linear_projection,GPU,1397754.0153600161,1397906.259520016
31,gpu_only,block_11_norm2,layer_norm,GPU,1397906.259520016,1397928.389120016
53,gpu_only,block_08_residual1,residual_add,GPU,1397928.389120016,1397946.736320016
29,gpu_only,final_norm,layer_norm,GPU,1397946.736320016,1397968.865920016
59,gpu_only,block_07_residual2,residual_add,GPU,1397968.865920016,1397987.213120016
63,gpu_only,block_07_residual1,residual_add,GPU,1397987.213120016,1398005.560320016
41,gpu_only,block_10_norm1,layer_norm,GPU,1398005.560320016,1398027.6899200159
45,gpu_only,block_09_residual1,residual_add,GPU,1398027.6899200159,1398046.0371200158
37,gpu_only,block_10_norm2,layer_norm,GPU,1398046.0371200158,1398068.166720016
32,gpu_only,block_11_residual1,residual_add,GPU,1398068.166720016,1398086.513920016
38,gpu_only,block_10_residual1,residual_add,GPU,1398086.513920016,1398104.8611200158
42,gpu_only,block_09_residual2,residual_add,GPU,1398104.8611200158,1398123.2083200156
50,gpu_only,block_08_residual2,residual_add,GPU,1398123.2083200156,1398141.5555200155
46,gpu_only,block_09_proj,linear_projection,GPU,1398141.5555200155,1398293.7996800155
52,gpu_only,block_08_norm2,layer_norm,GPU,1398293.7996800155,1398315.9292800156
36,gpu_only,block_10_ffn_island,fused_ffn_island,GPU,1398315.9292800156,1399529.1417600156
51,gpu_only,block_08_ffn_island,fused_ffn_island,GPU,1399529.1417600156,1400742.3542400154
58,gpu_only,block_08_norm1,layer_norm,GPU,1400742.3542400154,1400764.4838400155
34,gpu_only,block_11_qkv,linear_qkv,GPU,1400764.4838400155,1401207.2163200155
44,gpu_only,block_09_norm2,layer_norm,GPU,1401207.2163200155,1401229.3459200156
49,gpu_only,block_09_norm1,layer_norm,GPU,1401229.3459200156,1401251.4755200157
48,gpu_only,block_09_qkv,linear_qkv,GPU,1401251.4755200157,1401694.2080000157
28,gpu_only,classifier,linear_classifier,GPU,1401694.2080000157,1401702.1680000157
57,gpu_only,block_08_qkv,linear_qkv,GPU,1401702.1680000157,1402144.9004800157
47,gpu_only,block_09_attention,self_attention,GPU,1402144.9004800157,1402300.9270400158
62,gpu_only,block_07_norm2,layer_norm,GPU,1402300.9270400158,1402323.0566400157
43,gpu_only,block_09_ffn_island,fused_ffn_island,GPU,1402323.0566400157,1403536.2691200157
56,gpu_only,block_08_attention,self_attention,GPU,1403536.2691200157,1403692.2956800158
39,gpu_only,block_10_proj,linear_projection,GPU,1403692.2956800158,1403844.5398400156
55,gpu_only,block_08_proj,linear_projection,GPU,1403844.5398400156,1403996.7840000156
61,gpu_only,block_07_ffn_island,fused_ffn_island,GPU,1403996.7840000156,1405209.9964800156
30,gpu_only,block_11_residual2,residual_add,GPU,1405209.9964800156,1405228.3436800155
33,gpu_only,block_11_proj,linear_projection,GPU,1405228.3436800155,1405380.5878400153
60,gpu_only,block_07_residual2,residual_add,GPU,1405380.5878400153,1405398.9350400153
35,gpu_only,block_11_norm1,layer_norm,GPU,1405398.9350400153,1405421.0646400154
40,gpu_only,block_10_attention,self_attention,GPU,1405421.0646400154,1405577.0912000155
54,gpu_only,block_08_residual1,residual_add,GPU,1405577.0912000155,1405595.4384000152
31,gpu_only,block_11_ffn_island,fused_ffn_island,GPU,1405595.4384000152,1406808.6508800152
53,gpu_only,block_08_norm2,layer_norm,GPU,1406808.6508800152,1406830.7804800153
29,gpu_only,class_token_select,class_token_select,GPU,1406830.7804800153,1406837.8188800153
59,gpu_only,block_08_norm1,layer_norm,GPU,1406837.8188800153,1406859.9484800154
63,gpu_only,block_07_norm2,layer_norm,GPU,1406859.9484800154,1406882.0780800153
41,gpu_only,block_10_qkv,linear_qkv,GPU,1406882.0780800153,1407324.8105600153
45,gpu_only,block_09_norm2,layer_norm,GPU,1407324.8105600153,1407346.9401600154
37,gpu_only,block_10_ffn_island,fused_ffn_island,GPU,1407346.9401600154,1408560.1526400154
32,gpu_only,block_11_norm2,layer_norm,GPU,1408560.1526400154,1408582.2822400155
38,gpu_only,block_10_norm2,layer_norm,GPU,1408582.2822400155,1408604.4118400153
42,gpu_only,block_10_norm1,layer_norm,GPU,1408604.4118400153,1408626.5414400154
50,gpu_only,block_09_norm1,layer_norm,GPU,1408626.5414400154,1408648.6710400155
46,gpu_only,block_09_residual1,residual_add,GPU,1408648.6710400155,1408667.0182400155
52,gpu_only,block_08_ffn_island,fused_ffn_island,GPU,1408667.0182400155,1409880.2307200152
36,gpu_only,block_10_residual2,residual_add,GPU,1409880.2307200152,1409898.5779200152
51,gpu_only,block_08_residual2,residual_add,GPU,1409898.5779200152,1409916.9251200152
58,gpu_only,block_08_qkv,linear_qkv,GPU,1409916.9251200152,1410359.6576000152
34,gpu_only,block_11_attention,self_attention,GPU,1410359.6576000152,1410515.6841600153
44,gpu_only,block_09_ffn_island,fused_ffn_island,GPU,1410515.6841600153,1411728.8966400153
49,gpu_only,block_09_qkv,linear_qkv,GPU,1411728.8966400153,1412171.6291200153
48,gpu_only,block_09_attention,self_attention,GPU,1412171.6291200153,1412327.6556800152
57,gpu_only,block_08_attention,self_attention,GPU,1412327.6556800152,1412483.6822400154
47,gpu_only,block_09_proj,linear_projection,GPU,1412483.6822400154,1412635.9264000151
62,gpu_only,block_07_ffn_island,fused_ffn_island,GPU,1412635.9264000151,1413849.1388800151
43,gpu_only,block_09_residual2,residual_add,GPU,1413849.1388800151,1413867.486080015
56,gpu_only,block_08_proj,linear_projection,GPU,1413867.486080015,1414019.730240015
39,gpu_only,block_10_residual1,residual_add,GPU,1414019.730240015,1414038.077440015
55,gpu_only,block_08_residual1,residual_add,GPU,1414038.077440015,1414056.424640015
61,gpu_only,block_07_residual2,residual_add,GPU,1414056.424640015,1414074.7718400147
30,gpu_only,final_norm,layer_norm,GPU,1414074.7718400147,1414096.9014400148
33,gpu_only,block_11_residual1,residual_add,GPU,1414096.9014400148,1414115.2486400148
60,gpu_only,block_08_norm1,layer_norm,GPU,1414115.2486400148,1414137.378240015
35,gpu_only,block_11_qkv,linear_qkv,GPU,1414137.378240015,1414580.110720015
40,gpu_only,block_10_proj,linear_projection,GPU,1414580.110720015,1414732.354880015
54,gpu_only,block_08_norm2,layer_norm,GPU,1414732.354880015,1414754.4844800148
31,gpu_only,block_11_residual2,residual_add,GPU,1414754.4844800148,1414772.8316800147
53,gpu_only,block_08_ffn_island,fused_ffn_island,GPU,1414772.8316800147,1415986.0441600147
29,gpu_only,classifier,linear_classifier,GPU,1415986.0441600147,1415994.0041600147
59,gpu_only,block_08_qkv,linear_qkv,GPU,1415994.0041600147,1416436.7366400147
63,gpu_only,block_07_ffn_island,fused_ffn_island,GPU,1416436.7366400147,1417649.9491200147
41,gpu_only,block_10_attention,self_attention,GPU,1417649.9491200147,1417805.9756800148
45,gpu_only,block_09_ffn_island,fused_ffn_island,GPU,1417805.9756800148,1419019.1881600148
37,gpu_only,block_10_residual2,residual_add,GPU,1419019.1881600148,1419037.5353600145
32,gpu_only,block_11_ffn_island,fused_ffn_island,GPU,1419037.5353600145,1420250.7478400145
38,gpu_only,block_10_ffn_island,fused_ffn_island,GPU,1420250.7478400145,1421463.9603200145
42,gpu_only,block_10_qkv,linear_qkv,GPU,1421463.9603200145,1421906.6928000145
50,gpu_only,block_09_qkv,linear_qkv,GPU,1421906.6928000145,1422349.4252800145
46,gpu_only,block_09_norm2,layer_norm,GPU,1422349.4252800145,1422371.5548800146
52,gpu_only,block_08_residual2,residual_add,GPU,1422371.5548800146,1422389.9020800146
36,gpu_only,block_11_norm1,layer_norm,GPU,1422389.9020800146,1422412.0316800147
51,gpu_only,block_09_norm1,layer_norm,GPU,1422412.0316800147,1422434.1612800146
58,gpu_only,block_08_attention,self_attention,GPU,1422434.1612800146,1422590.1878400147
34,gpu_only,block_11_proj,linear_projection,GPU,1422590.1878400147,1422742.4320000147
44,gpu_only,block_09_residual2,residual_add,GPU,1422742.4320000147,1422760.7792000144
49,gpu_only,block_09_attention,self_attention,GPU,1422760.7792000144,1422916.8057600146
48,gpu_only,block_09_proj,linear_projection,GPU,1422916.8057600146,1423069.0499200146
57,gpu_only,block_08_proj,linear_projection,GPU,1423069.0499200146,1423221.2940800143
47,gpu_only,block_09_residual1,residual_add,GPU,1423221.2940800143,1423239.6412800143
62,gpu_only,block_07_residual2,residual_add,GPU,1423239.6412800143,1423257.9884800143
43,gpu_only,block_10_norm1,layer_norm,GPU,1423257.9884800143,1423280.1180800144
56,gpu_only,block_08_residual1,residual_add,GPU,1423280.1180800144,1423298.4652800143
39,gpu_only,block_10_norm2,layer_norm,GPU,1423298.4652800143,1423320.5948800142
55,gpu_only,block_08_norm2,layer_norm,GPU,1423320.5948800142,1423342.7244800143
61,gpu_only,block_08_norm1,layer_norm,GPU,1423342.7244800143,1423364.8540800144
30,gpu_only,class_token_select,class_token_select,GPU,1423364.8540800144,1423371.8924800144
33,gpu_only,block_11_norm2,layer_norm,GPU,1423371.8924800144,1423394.0220800142
60,gpu_only,block_08_qkv,linear_qkv,GPU,1423394.0220800142,1423836.7545600145
35,gpu_only,block_11_attention,self_attention,GPU,1423836.7545600145,1423992.7811200144
40,gpu_only,block_10_residual1,residual_add,GPU,1423992.7811200144,1424011.1283200143
54,gpu_only,block_08_ffn_island,fused_ffn_island,GPU,1424011.1283200143,1425224.3408000143
31,gpu_only,final_norm,layer_norm,GPU,1425224.3408000143,1425246.4704000142
53,gpu_only,block_08_residual2,residual_add,GPU,1425246.4704000142,1425264.8176000142
59,gpu_only,block_08_attention,self_attention,GPU,1425264.8176000142,1425420.8441600143
63,gpu_only,block_07_residual2,residual_add,GPU,1425420.8441600143,1425439.1913600143
41,gpu_only,block_10_proj,linear_projection,GPU,1425439.1913600143,1425591.435520014
45,gpu_only,block_09_residual2,residual_add,GPU,1425591.435520014,1425609.782720014
37,gpu_only,block_11_norm1,layer_norm,GPU,1425609.782720014,1425631.912320014
32,gpu_only,block_11_residual2,residual_add,GPU,1425631.912320014,1425650.259520014
38,gpu_only,block_10_residual2,residual_add,GPU,1425650.259520014,1425668.606720014
42,gpu_only,block_10_attention,self_attention,GPU,1425668.606720014,1425824.633280014
50,gpu_only,block_09_attention,self_attention,GPU,1425824.633280014,1425980.659840014
46,gpu_only,block_09_ffn_island,fused_ffn_island,GPU,1425980.659840014,1427193.8723200138
52,gpu_only,block_09_norm1,layer_norm,GPU,1427193.8723200138,1427216.001920014
36,gpu_only,block_11_qkv,linear_qkv,GPU,1427216.001920014,1427658.734400014
51,gpu_only,block_09_qkv,linear_qkv,GPU,1427658.734400014,1428101.466880014
58,gpu_only,block_08_proj,linear_projection,GPU,1428101.466880014,1428253.711040014
34,gpu_only,block_11_residual1,residual_add,GPU,1428253.711040014,1428272.058240014
44,gpu_only,block_10_norm1,layer_norm,GPU,1428272.058240014,1428294.187840014
49,gpu_only,block_09_proj,linear_projection,GPU,1428294.187840014,1428446.4320000138
48,gpu_only,block_09_residual1,residual_add,GPU,1428446.4320000138,1428464.7792000137
57,gpu_only,block_08_residual1,residual_add,GPU,1428464.7792000137,1428483.1264000137
47,gpu_only,block_09_norm2,layer_norm,GPU,1428483.1264000137,1428505.2560000138
62,gpu_only,block_08_norm1,layer_norm,GPU,1428505.2560000138,1428527.385600014
43,gpu_only,block_10_qkv,linear_qkv,GPU,1428527.385600014,1428970.118080014
56,gpu_only,block_08_norm2,layer_norm,GPU,1428970.118080014,1428992.2476800138
39,gpu_only,block_10_ffn_island,fused_ffn_island,GPU,1428992.2476800138,1430205.4601600138
55,gpu_only,block_08_ffn_island,fused_ffn_island,GPU,1430205.4601600138,1431418.6726400137
61,gpu_only,block_08_qkv,linear_qkv,GPU,1431418.6726400137,1431861.4051200137
30,gpu_only,classifier,linear_classifier,GPU,1431861.4051200137,1431869.365120014
33,gpu_only,block_11_ffn_island,fused_ffn_island,GPU,1431869.365120014,1433082.5776000137
60,gpu_only,block_08_attention,self_attention,GPU,1433082.5776000137,1433238.6041600138
35,gpu_only,block_11_proj,linear_projection,GPU,1433238.6041600138,1433390.8483200138
40,gpu_only,block_10_norm2,layer_norm,GPU,1433390.8483200138,1433412.9779200137
54,gpu_only,block_08_residual2,residual_add,GPU,1433412.9779200137,1433431.3251200137
31,gpu_only,class_token_select,class_token_select,GPU,1433431.3251200137,1433438.3635200136
53,gpu_only,block_09_norm1,layer_norm,GPU,1433438.3635200136,1433460.4931200137
59,gpu_only,block_08_proj,linear_projection,GPU,1433460.4931200137,1433612.7372800135
63,gpu_only,block_08_norm1,layer_norm,GPU,1433612.7372800135,1433634.8668800136
41,gpu_only,block_10_residual1,residual_add,GPU,1433634.8668800136,1433653.2140800136
45,gpu_only,block_10_norm1,layer_norm,GPU,1433653.2140800136,1433675.3436800137
37,gpu_only,block_11_qkv,linear_qkv,GPU,1433675.3436800137,1434118.0761600137
32,gpu_only,final_norm,layer_norm,GPU,1434118.0761600137,1434140.2057600138
38,gpu_only,block_11_norm1,layer_norm,GPU,1434140.2057600138,1434162.3353600136
42,gpu_only,block_10_proj,linear_projection,GPU,1434162.3353600136,1434314.5795200136
50,gpu_only,block_09_proj,linear_projection,GPU,1434314.5795200136,1434466.8236800137
46,gpu_only,block_09_residual2,residual_add,GPU,1434466.8236800137,1434485.1708800134
52,gpu_only,block_09_qkv,linear_qkv,GPU,1434485.1708800134,1434927.9033600136
36,gpu_only,block_11_attention,self_attention,GPU,1434927.9033600136,1435083.9299200135
51,gpu_only,block_09_attention,self_attention,GPU,1435083.9299200135,1435239.9564800137
58,gpu_only,block_08_residual1,residual_add,GPU,1435239.9564800137,1435258.3036800134
34,gpu_only,block_11_norm2,layer_norm,GPU,1435258.3036800134,1435280.4332800135
44,gpu_only,block_10_qkv,linear_qkv,GPU,1435280.4332800135,1435723.1657600135
49,gpu_only,block_09_residual1,residual_add,GPU,1435723.1657600135,1435741.5129600135
48,gpu_only,block_09_norm2,layer_norm,GPU,1435741.5129600135,1435763.6425600136
57,gpu_only,block_08_norm2,layer_norm,GPU,1435763.6425600136,1435785.7721600137
47,gpu_only,block_09_ffn_island,fused_ffn_island,GPU,1435785.7721600137,1436998.9846400134
62,gpu_only,block_08_qkv,linear_qkv,GPU,1436998.9846400134,1437441.7171200137
43,gpu_only,block_10_attention,self_attention,GPU,1437441.7171200137,1437597.7436800136
56,gpu_only,block_08_ffn_island,fused_ffn_island,GPU,1437597.7436800136,1438810.9561600136
39,gpu_only,block_10_residual2,residual_add,GPU,1438810.9561600136,1438829.3033600135
55,gpu_only,block_08_residual2,residual_add,GPU,1438829.3033600135,1438847.6505600135
61,gpu_only,block_08_attention,self_attention,GPU,1438847.6505600135,1439003.6771200134
33,gpu_only,block_11_residual2,residual_add,GPU,1439003.6771200134,1439022.0243200134
60,gpu_only,block_08_proj,linear_projection,GPU,1439022.0243200134,1439174.2684800134
35,gpu_only,block_11_residual1,residual_add,GPU,1439174.2684800134,1439192.6156800133
40,gpu_only,block_10_ffn_island,fused_ffn_island,GPU,1439192.6156800133,1440405.828160013
54,gpu_only,block_09_norm1,layer_norm,GPU,1440405.828160013,1440427.9577600132
31,gpu_only,classifier,linear_classifier,GPU,1440427.9577600132,1440435.9177600131
53,gpu_only,block_09_qkv,linear_qkv,GPU,1440435.9177600131,1440878.6502400134
59,gpu_only,block_08_residual1,residual_add,GPU,1440878.6502400134,1440896.997440013
63,gpu_only,block_08_qkv,linear_qkv,GPU,1440896.997440013,1441339.7299200133
41,gpu_only,block_10_norm2,layer_norm,GPU,1441339.7299200133,1441361.8595200132
45,gpu_only,block_10_qkv,linear_qkv,GPU,1441361.8595200132,1441804.5920000132
37,gpu_only,block_11_attention,self_attention,GPU,1441804.5920000132,1441960.6185600134
32,gpu_only,class_token_select,class_token_select,GPU,1441960.6185600134,1441967.6569600133
38,gpu_only,block_11_qkv,linear_qkv,GPU,1441967.6569600133,1442410.3894400133
42,gpu_only,block_10_residual1,residual_add,GPU,1442410.3894400133,1442428.7366400133
50,gpu_only,block_09_residual1,residual_add,GPU,1442428.7366400133,1442447.0838400132
46,gpu_only,block_10_norm1,layer_norm,GPU,1442447.0838400132,1442469.2134400131
52,gpu_only,block_09_attention,self_attention,GPU,1442469.2134400131,1442625.2400000133
36,gpu_only,block_11_proj,linear_projection,GPU,1442625.2400000133,1442777.4841600133
51,gpu_only,block_09_proj,linear_projection,GPU,1442777.4841600133,1442929.728320013
58,gpu_only,block_08_norm2,layer_norm,GPU,1442929.728320013,1442951.8579200131
34,gpu_only,block_11_ffn_island,fused_ffn_island,GPU,1442951.8579200131,1444165.0704000131
44,gpu_only,block_10_attention,self_attention,GPU,1444165.0704000131,1444321.096960013
49,gpu_only,block_09_norm2,layer_norm,GPU,1444321.096960013,1444343.2265600131
48,gpu_only,block_09_ffn_island,fused_ffn_island,GPU,1444343.2265600131,1445556.4390400131
57,gpu_only,block_08_ffn_island,fused_ffn_island,GPU,1445556.4390400131,1446769.651520013
47,gpu_only,block_09_residual2,residual_add,GPU,1446769.651520013,1446787.998720013
62,gpu_only,block_08_attention,self_attention,GPU,1446787.998720013,1446944.025280013
43,gpu_only,block_10_proj,linear_projection,GPU,1446944.025280013,1447096.269440013
56,gpu_only,block_08_residual2,residual_add,GPU,1447096.269440013,1447114.616640013
39,gpu_only,block_11_norm1,layer_norm,GPU,1447114.616640013,1447136.7462400128
55,gpu_only,block_09_norm1,layer_norm,GPU,1447136.7462400128,1447158.875840013
61,gpu_only,block_08_proj,linear_projection,GPU,1447158.875840013,1447311.120000013
33,gpu_only,final_norm,layer_norm,GPU,1447311.120000013,1447333.2496000128
60,gpu_only,block_08_residual1,residual_add,GPU,1447333.2496000128,1447351.5968000127
35,gpu_only,block_11_norm2,layer_norm,GPU,1447351.5968000127,1447373.7264000128
40,gpu_only,block_10_residual2,residual_add,GPU,1447373.7264000128,1447392.0736000128
54,gpu_only,block_09_qkv,linear_qkv,GPU,1447392.0736000128,1447834.8060800128
53,gpu_only,block_09_attention,self_attention,GPU,1447834.8060800128,1447990.8326400127
59,gpu_only,block_08_norm2,layer_norm,GPU,1447990.8326400127,1448012.9622400128
63,gpu_only,block_08_attention,self_attention,GPU,1448012.9622400128,1448168.988800013
41,gpu_only,block_10_ffn_island,fused_ffn_island,GPU,1448168.988800013,1449382.2012800127
45,gpu_only,block_10_attention,self_attention,GPU,1449382.2012800127,1449538.2278400129
37,gpu_only,block_11_proj,linear_projection,GPU,1449538.2278400129,1449690.4720000129
32,gpu_only,classifier,linear_classifier,GPU,1449690.4720000129,1449698.4320000128
38,gpu_only,block_11_attention,self_attention,GPU,1449698.4320000128,1449854.4585600127
42,gpu_only,block_10_norm2,layer_norm,GPU,1449854.4585600127,1449876.5881600128
50,gpu_only,block_09_norm2,layer_norm,GPU,1449876.5881600128,1449898.717760013
46,gpu_only,block_10_qkv,linear_qkv,GPU,1449898.717760013,1450341.450240013
52,gpu_only,block_09_proj,linear_projection,GPU,1450341.450240013,1450493.694400013
36,gpu_only,block_11_residual1,residual_add,GPU,1450493.694400013,1450512.0416000127
51,gpu_only,block_09_residual1,residual_add,GPU,1450512.0416000127,1450530.3888000126
58,gpu_only,block_08_ffn_island,fused_ffn_island,GPU,1450530.3888000126,1451743.6012800126
34,gpu_only,block_11_residual2,residual_add,GPU,1451743.6012800126,1451761.9484800126
44,gpu_only,block_10_proj,linear_projection,GPU,1451761.9484800126,1451914.1926400126
49,gpu_only,block_09_ffn_island,fused_ffn_island,GPU,1451914.1926400126,1453127.4051200126
48,gpu_only,block_09_residual2,residual_add,GPU,1453127.4051200126,1453145.7523200123
57,gpu_only,block_08_residual2,residual_add,GPU,1453145.7523200123,1453164.0995200123
47,gpu_only,block_10_norm1,layer_norm,GPU,1453164.0995200123,1453186.2291200124
62,gpu_only,block_08_proj,linear_projection,GPU,1453186.2291200124,1453338.4732800124
43,gpu_only,block_10_residual1,residual_add,GPU,1453338.4732800124,1453356.8204800123
56,gpu_only,block_09_norm1,layer_norm,GPU,1453356.8204800123,1453378.9500800122
39,gpu_only,block_11_qkv,linear_qkv,GPU,1453378.9500800122,1453821.6825600122
55,gpu_only,block_09_qkv,linear_qkv,GPU,1453821.6825600122,1454264.4150400124
61,gpu_only,block_08_residual1,residual_add,GPU,1454264.4150400124,1454282.7622400124
33,gpu_only,class_token_select,class_token_select,GPU,1454282.7622400124,1454289.8006400121
60,gpu_only,block_08_norm2,layer_norm,GPU,1454289.8006400121,1454311.9302400122
35,gpu_only,block_11_ffn_island,fused_ffn_island,GPU,1454311.9302400122,1455525.1427200122
40,gpu_only,block_11_norm1,layer_norm,GPU,1455525.1427200122,1455547.2723200123
54,gpu_only,block_09_attention,self_attention,GPU,1455547.2723200123,1455703.2988800122
53,gpu_only,block_09_proj,linear_projection,GPU,1455703.2988800122,1455855.5430400122
59,gpu_only,block_08_ffn_island,fused_ffn_island,GPU,1455855.5430400122,1457068.7555200122
63,gpu_only,block_08_proj,linear_projection,GPU,1457068.7555200122,1457220.999680012
41,gpu_only,block_10_residual2,residual_add,GPU,1457220.999680012,1457239.346880012
45,gpu_only,block_10_proj,linear_projection,GPU,1457239.346880012,1457391.591040012
37,gpu_only,block_11_residual1,residual_add,GPU,1457391.591040012,1457409.938240012
38,gpu_only,block_11_proj,linear_projection,GPU,1457409.938240012,1457562.1824000117
42,gpu_only,block_10_ffn_island,fused_ffn_island,GPU,1457562.1824000117,1458775.3948800117
50,gpu_only,block_09_ffn_island,fused_ffn_island,GPU,1458775.3948800117,1459988.6073600117
46,gpu_only,block_10_attention,self_attention,GPU,1459988.6073600117,1460144.6339200118
52,gpu_only,block_09_residual1,residual_add,GPU,1460144.6339200118,1460162.9811200115
36,gpu_only,block_11_norm2,layer_norm,GPU,1460162.9811200115,1460185.1107200116
51,gpu_only,block_09_norm2,layer_norm,GPU,1460185.1107200116,1460207.2403200117
58,gpu_only,block_08_residual2,residual_add,GPU,1460207.2403200117,1460225.5875200117
34,gpu_only,final_norm,layer_norm,GPU,1460225.5875200117,1460247.7171200116
44,gpu_only,block_10_residual1,residual_add,GPU,1460247.7171200116,1460266.0643200115
49,gpu_only,block_09_residual2,residual_add,GPU,1460266.0643200115,1460284.4115200115
48,gpu_only,block_10_norm1,layer_norm,GPU,1460284.4115200115,1460306.5411200116
57,gpu_only,block_09_norm1,layer_norm,GPU,1460306.5411200116,1460328.6707200117
47,gpu_only,block_10_qkv,linear_qkv,GPU,1460328.6707200117,1460771.4032000117
62,gpu_only,block_08_residual1,residual_add,GPU,1460771.4032000117,1460789.7504000117
43,gpu_only,block_10_norm2,layer_norm,GPU,1460789.7504000117,1460811.8800000115
56,gpu_only,block_09_qkv,linear_qkv,GPU,1460811.8800000115,1461254.6124800115
39,gpu_only,block_11_attention,self_attention,GPU,1461254.6124800115,1461410.6390400117
55,gpu_only,block_09_attention,self_attention,GPU,1461410.6390400117,1461566.6656000116
61,gpu_only,block_08_norm2,layer_norm,GPU,1461566.6656000116,1461588.7952000117
33,gpu_only,classifier,linear_classifier,GPU,1461588.7952000117,1461596.7552000117
60,gpu_only,block_08_ffn_island,fused_ffn_island,GPU,1461596.7552000117,1462809.9676800116
35,gpu_only,block_11_residual2,residual_add,GPU,1462809.9676800116,1462828.3148800116
40,gpu_only,block_11_qkv,linear_qkv,GPU,1462828.3148800116,1463271.0473600116
54,gpu_only,block_09_proj,linear_projection,GPU,1463271.0473600116,1463423.2915200116
53,gpu_only,block_09_residual1,residual_add,GPU,1463423.2915200116,1463441.6387200116
59,gpu_only,block_08_residual2,residual_add,GPU,1463441.6387200116,1463459.9859200115
63,gpu_only,block_08_residual1,residual_add,GPU,1463459.9859200115,1463478.3331200115
41,gpu_only,block_11_norm1,layer_norm,GPU,1463478.3331200115,1463500.4627200114
45,gpu_only,block_10_residual1,residual_add,GPU,1463500.4627200114,1463518.8099200113
37,gpu_only,block_11_norm2,layer_norm,GPU,1463518.8099200113,1463540.9395200114
38,gpu_only,block_11_residual1,residual_add,GPU,1463540.9395200114,1463559.2867200114
42,gpu_only,block_10_residual2,residual_add,GPU,1463559.2867200114,1463577.6339200113
50,gpu_only,block_09_residual2,residual_add,GPU,1463577.6339200113,1463595.9811200113
46,gpu_only,block_10_proj,linear_projection,GPU,1463595.9811200113,1463748.225280011
52,gpu_only,block_09_norm2,layer_norm,GPU,1463748.225280011,1463770.3548800112
36,gpu_only,block_11_ffn_island,fused_ffn_island,GPU,1463770.3548800112,1464983.5673600112
51,gpu_only,block_09_ffn_island,fused_ffn_island,GPU,1464983.5673600112,1466196.7798400111
58,gpu_only,block_09_norm1,layer_norm,GPU,1466196.7798400111,1466218.909440011
34,gpu_only,class_token_select,class_token_select,GPU,1466218.909440011,1466225.947840011
44,gpu_only,block_10_norm2,layer_norm,GPU,1466225.947840011,1466248.077440011
49,gpu_only,block_10_norm1,layer_norm,GPU,1466248.077440011,1466270.2070400112
48,gpu_only,block_10_qkv,linear_qkv,GPU,1466270.2070400112,1466712.9395200112
57,gpu_only,block_09_qkv,linear_qkv,GPU,1466712.9395200112,1467155.6720000112
47,gpu_only,block_10_attention,self_attention,GPU,1467155.6720000112,1467311.698560011
62,gpu_only,block_08_norm2,layer_norm,GPU,1467311.698560011,1467333.8281600112
43,gpu_only,block_10_ffn_island,fused_ffn_island,GPU,1467333.8281600112,1468547.0406400112
56,gpu_only,block_09_attention,self_attention,GPU,1468547.0406400112,1468703.067200011
39,gpu_only,block_11_proj,linear_projection,GPU,1468703.067200011,1468855.311360011
55,gpu_only,block_09_proj,linear_projection,GPU,1468855.311360011,1469007.555520011
61,gpu_only,block_08_ffn_island,fused_ffn_island,GPU,1469007.555520011,1470220.768000011
60,gpu_only,block_08_residual2,residual_add,GPU,1470220.768000011,1470239.1152000108
35,gpu_only,final_norm,layer_norm,GPU,1470239.1152000108,1470261.244800011
40,gpu_only,block_11_attention,self_attention,GPU,1470261.244800011,1470417.271360011
54,gpu_only,block_09_residual1,residual_add,GPU,1470417.271360011,1470435.618560011
53,gpu_only,block_09_norm2,layer_norm,GPU,1470435.618560011,1470457.748160011
59,gpu_only,block_09_norm1,layer_norm,GPU,1470457.748160011,1470479.877760011
63,gpu_only,block_08_norm2,layer_norm,GPU,1470479.877760011,1470502.007360011
41,gpu_only,block_11_qkv,linear_qkv,GPU,1470502.007360011,1470944.739840011
45,gpu_only,block_10_norm2,layer_norm,GPU,1470944.739840011,1470966.869440011
37,gpu_only,block_11_ffn_island,fused_ffn_island,GPU,1470966.869440011,1472180.081920011
38,gpu_only,block_11_norm2,layer_norm,GPU,1472180.081920011,1472202.211520011
42,gpu_only,block_11_norm1,layer_norm,GPU,1472202.211520011,1472224.3411200112
50,gpu_only,block_10_norm1,layer_norm,GPU,1472224.3411200112,1472246.470720011
46,gpu_only,block_10_residual1,residual_add,GPU,1472246.470720011,1472264.817920011
52,gpu_only,block_09_ffn_island,fused_ffn_island,GPU,1472264.817920011,1473478.030400011
36,gpu_only,block_11_residual2,residual_add,GPU,1473478.030400011,1473496.377600011
51,gpu_only,block_09_residual2,residual_add,GPU,1473496.377600011,1473514.724800011
58,gpu_only,block_09_qkv,linear_qkv,GPU,1473514.724800011,1473957.457280011
34,gpu_only,classifier,linear_classifier,GPU,1473957.457280011,1473965.4172800109
44,gpu_only,block_10_ffn_island,fused_ffn_island,GPU,1473965.4172800109,1475178.6297600109
49,gpu_only,block_10_qkv,linear_qkv,GPU,1475178.6297600109,1475621.3622400109
48,gpu_only,block_10_attention,self_attention,GPU,1475621.3622400109,1475777.388800011
57,gpu_only,block_09_attention,self_attention,GPU,1475777.388800011,1475933.415360011
47,gpu_only,block_10_proj,linear_projection,GPU,1475933.415360011,1476085.659520011
62,gpu_only,block_08_ffn_island,fused_ffn_island,GPU,1476085.659520011,1477298.872000011
43,gpu_only,block_10_residual2,residual_add,GPU,1477298.872000011,1477317.2192000109
56,gpu_only,block_09_proj,linear_projection,GPU,1477317.2192000109,1477469.4633600106
39,gpu_only,block_11_residual1,residual_add,GPU,1477469.4633600106,1477487.8105600106
55,gpu_only,block_09_residual1,residual_add,GPU,1477487.8105600106,1477506.1577600106
61,gpu_only,block_08_residual2,residual_add,GPU,1477506.1577600106,1477524.5049600105
60,gpu_only,block_09_norm1,layer_norm,GPU,1477524.5049600105,1477546.6345600106
35,gpu_only,class_token_select,class_token_select,GPU,1477546.6345600106,1477553.6729600106
40,gpu_only,block_11_proj,linear_projection,GPU,1477553.6729600106,1477705.9171200104
54,gpu_only,block_09_norm2,layer_norm,GPU,1477705.9171200104,1477728.0467200105
53,gpu_only,block_09_ffn_island,fused_ffn_island,GPU,1477728.0467200105,1478941.2592000104
59,gpu_only,block_09_qkv,linear_qkv,GPU,1478941.2592000104,1479383.9916800105
63,gpu_only,block_08_ffn_island,fused_ffn_island,GPU,1479383.9916800105,1480597.2041600104
41,gpu_only,block_11_attention,self_attention,GPU,1480597.2041600104,1480753.2307200104
45,gpu_only,block_10_ffn_island,fused_ffn_island,GPU,1480753.2307200104,1481966.4432000103
37,gpu_only,block_11_residual2,residual_add,GPU,1481966.4432000103,1481984.7904000103
38,gpu_only,block_11_ffn_island,fused_ffn_island,GPU,1481984.7904000103,1483198.0028800103
42,gpu_only,block_11_qkv,linear_qkv,GPU,1483198.0028800103,1483640.7353600103
50,gpu_only,block_10_qkv,linear_qkv,GPU,1483640.7353600103,1484083.4678400103
46,gpu_only,block_10_norm2,layer_norm,GPU,1484083.4678400103,1484105.5974400104
52,gpu_only,block_09_residual2,residual_add,GPU,1484105.5974400104,1484123.9446400104
36,gpu_only,final_norm,layer_norm,GPU,1484123.9446400104,1484146.0742400102
51,gpu_only,block_10_norm1,layer_norm,GPU,1484146.0742400102,1484168.2038400103
58,gpu_only,block_09_attention,self_attention,GPU,1484168.2038400103,1484324.2304000105
44,gpu_only,block_10_residual2,residual_add,GPU,1484324.2304000105,1484342.5776000102
49,gpu_only,block_10_attention,self_attention,GPU,1484342.5776000102,1484498.6041600103
48,gpu_only,block_10_proj,linear_projection,GPU,1484498.6041600103,1484650.8483200104
57,gpu_only,block_09_proj,linear_projection,GPU,1484650.8483200104,1484803.0924800101
47,gpu_only,block_10_residual1,residual_add,GPU,1484803.0924800101,1484821.43968001
62,gpu_only,block_08_residual2,residual_add,GPU,1484821.43968001,1484839.78688001
43,gpu_only,block_11_norm1,layer_norm,GPU,1484839.78688001,1484861.9164800101
56,gpu_only,block_09_residual1,residual_add,GPU,1484861.9164800101,1484880.26368001
39,gpu_only,block_11_norm2,layer_norm,GPU,1484880.26368001,1484902.39328001
55,gpu_only,block_09_norm2,layer_norm,GPU,1484902.39328001,1484924.52288001
61,gpu_only,block_09_norm1,layer_norm,GPU,1484924.52288001,1484946.6524800102
60,gpu_only,block_09_qkv,linear_qkv,GPU,1484946.6524800102,1485389.3849600102
35,gpu_only,classifier,linear_classifier,GPU,1485389.3849600102,1485397.3449600101
40,gpu_only,block_11_residual1,residual_add,GPU,1485397.3449600101,1485415.69216001
54,gpu_only,block_09_ffn_island,fused_ffn_island,GPU,1485415.69216001,1486628.90464001
53,gpu_only,block_09_residual2,residual_add,GPU,1486628.90464001,1486647.25184001
59,gpu_only,block_09_attention,self_attention,GPU,1486647.25184001,1486803.27840001
63,gpu_only,block_08_residual2,residual_add,GPU,1486803.27840001,1486821.62560001
41,gpu_only,block_11_proj,linear_projection,GPU,1486821.62560001,1486973.86976001
45,gpu_only,block_10_residual2,residual_add,GPU,1486973.86976001,1486992.21696001
37,gpu_only,final_norm,layer_norm,GPU,1486992.21696001,1487014.3465600098
38,gpu_only,block_11_residual2,residual_add,GPU,1487014.3465600098,1487032.6937600097
42,gpu_only,block_11_attention,self_attention,GPU,1487032.6937600097,1487188.7203200099
50,gpu_only,block_10_attention,self_attention,GPU,1487188.7203200099,1487344.7468800098
46,gpu_only,block_10_ffn_island,fused_ffn_island,GPU,1487344.7468800098,1488557.9593600098
52,gpu_only,block_10_norm1,layer_norm,GPU,1488557.9593600098,1488580.0889600099
36,gpu_only,class_token_select,class_token_select,GPU,1488580.0889600099,1488587.1273600098
51,gpu_only,block_10_qkv,linear_qkv,GPU,1488587.1273600098,1489029.8598400098
58,gpu_only,block_09_proj,linear_projection,GPU,1489029.8598400098,1489182.1040000098
44,gpu_only,block_11_norm1,layer_norm,GPU,1489182.1040000098,1489204.2336000097
49,gpu_only,block_10_proj,linear_projection,GPU,1489204.2336000097,1489356.4777600097
48,gpu_only,block_10_residual1,residual_add,GPU,1489356.4777600097,1489374.8249600097
57,gpu_only,block_09_residual1,residual_add,GPU,1489374.8249600097,1489393.1721600096
47,gpu_only,block_10_norm2,layer_norm,GPU,1489393.1721600096,1489415.3017600095
62,gpu_only,block_09_norm1,layer_norm,GPU,1489415.3017600095,1489437.4313600096
43,gpu_only,block_11_qkv,linear_qkv,GPU,1489437.4313600096,1489880.1638400096
56,gpu_only,block_09_norm2,layer_norm,GPU,1489880.1638400096,1489902.2934400097
39,gpu_only,block_11_ffn_island,fused_ffn_island,GPU,1489902.2934400097,1491115.5059200097
55,gpu_only,block_09_ffn_island,fused_ffn_island,GPU,1491115.5059200097,1492328.7184000097
61,gpu_only,block_09_qkv,linear_qkv,GPU,1492328.7184000097,1492771.4508800097
60,gpu_only,block_09_attention,self_attention,GPU,1492771.4508800097,1492927.4774400096
40,gpu_only,block_11_norm2,layer_norm,GPU,1492927.4774400096,1492949.6070400097
54,gpu_only,block_09_residual2,residual_add,GPU,1492949.6070400097,1492967.9542400097
53,gpu_only,block_10_norm1,layer_norm,GPU,1492967.9542400097,1492990.0838400098
59,gpu_only,block_09_proj,linear_projection,GPU,1492990.0838400098,1493142.3280000095
63,gpu_only,block_09_norm1,layer_norm,GPU,1493142.3280000095,1493164.4576000096
41,gpu_only,block_11_residual1,residual_add,GPU,1493164.4576000096,1493182.8048000096
45,gpu_only,block_11_norm1,layer_norm,GPU,1493182.8048000096,1493204.9344000095
37,gpu_only,class_token_select,class_token_select,GPU,1493204.9344000095,1493211.9728000094
38,gpu_only,final_norm,layer_norm,GPU,1493211.9728000094,1493234.1024000095
42,gpu_only,block_11_proj,linear_projection,GPU,1493234.1024000095,1493386.3465600095
50,gpu_only,block_10_proj,linear_projection,GPU,1493386.3465600095,1493538.5907200093
46,gpu_only,block_10_residual2,residual_add,GPU,1493538.5907200093,1493556.9379200093
52,gpu_only,block_10_qkv,linear_qkv,GPU,1493556.9379200093,1493999.6704000093
36,gpu_only,classifier,linear_classifier,GPU,1493999.6704000093,1494007.6304000095
51,gpu_only,block_10_attention,self_attention,GPU,1494007.6304000095,1494163.6569600094
58,gpu_only,block_09_residual1,residual_add,GPU,1494163.6569600094,1494182.0041600093
44,gpu_only,block_11_qkv,linear_qkv,GPU,1494182.0041600093,1494624.7366400093
49,gpu_only,block_10_residual1,residual_add,GPU,1494624.7366400093,1494643.0838400093
48,gpu_only,block_10_norm2,layer_norm,GPU,1494643.0838400093,1494665.2134400094
57,gpu_only,block_09_norm2,layer_norm,GPU,1494665.2134400094,1494687.3430400095
47,gpu_only,block_10_ffn_island,fused_ffn_island,GPU,1494687.3430400095,1495900.5555200092
62,gpu_only,block_09_qkv,linear_qkv,GPU,1495900.5555200092,1496343.2880000095
43,gpu_only,block_11_attention,self_attention,GPU,1496343.2880000095,1496499.3145600094
56,gpu_only,block_09_ffn_island,fused_ffn_island,GPU,1496499.3145600094,1497712.5270400094
39,gpu_only,block_11_residual2,residual_add,GPU,1497712.5270400094,1497730.8742400093
55,gpu_only,block_09_residual2,residual_add,GPU,1497730.8742400093,1497749.2214400093
61,gpu_only,block_09_attention,self_attention,GPU,1497749.2214400093,1497905.2480000092
60,gpu_only,block_09_proj,linear_projection,GPU,1497905.2480000092,1498057.4921600092
40,gpu_only,block_11_ffn_island,fused_ffn_island,GPU,1498057.4921600092,1499270.7046400092
54,gpu_only,block_10_norm1,layer_norm,GPU,1499270.7046400092,1499292.834240009
53,gpu_only,block_10_qkv,linear_qkv,GPU,1499292.834240009,1499735.566720009
59,gpu_only,block_09_residual1,residual_add,GPU,1499735.566720009,1499753.913920009
63,gpu_only,block_09_qkv,linear_qkv,GPU,1499753.913920009,1500196.646400009
41,gpu_only,block_11_norm2,layer_norm,GPU,1500196.646400009,1500218.7760000092
45,gpu_only,block_11_qkv,linear_qkv,GPU,1500218.7760000092,1500661.5084800092
37,gpu_only,classifier,linear_classifier,GPU,1500661.5084800092,1500669.4684800094
38,gpu_only,class_token_select,class_token_select,GPU,1500669.4684800094,1500676.5068800093
42,gpu_only,block_11_residual1,residual_add,GPU,1500676.5068800093,1500694.854080009
50,gpu_only,block_10_residual1,residual_add,GPU,1500694.854080009,1500713.201280009
46,gpu_only,block_11_norm1,layer_norm,GPU,1500713.201280009,1500735.330880009
52,gpu_only,block_10_attention,self_attention,GPU,1500735.330880009,1500891.357440009
51,gpu_only,block_10_proj,linear_projection,GPU,1500891.357440009,1501043.601600009
58,gpu_only,block_09_norm2,layer_norm,GPU,1501043.601600009,1501065.7312000091
44,gpu_only,block_11_attention,self_attention,GPU,1501065.7312000091,1501221.757760009
49,gpu_only,block_10_norm2,layer_norm,GPU,1501221.757760009,1501243.8873600091
48,gpu_only,block_10_ffn_island,fused_ffn_island,GPU,1501243.8873600091,1502457.0998400091
57,gpu_only,block_09_ffn_island,fused_ffn_island,GPU,1502457.0998400091,1503670.312320009
47,gpu_only,block_10_residual2,residual_add,GPU,1503670.312320009,1503688.659520009
62,gpu_only,block_09_attention,self_attention,GPU,1503688.659520009,1503844.686080009
43,gpu_only,block_11_proj,linear_projection,GPU,1503844.686080009,1503996.930240009
56,gpu_only,block_09_residual2,residual_add,GPU,1503996.930240009,1504015.277440009
39,gpu_only,final_norm,layer_norm,GPU,1504015.277440009,1504037.4070400088
55,gpu_only,block_10_norm1,layer_norm,GPU,1504037.4070400088,1504059.536640009
61,gpu_only,block_09_proj,linear_projection,GPU,1504059.536640009,1504211.780800009
60,gpu_only,block_09_residual1,residual_add,GPU,1504211.780800009,1504230.1280000089
40,gpu_only,block_11_residual2,residual_add,GPU,1504230.1280000089,1504248.4752000086
54,gpu_only,block_10_qkv,linear_qkv,GPU,1504248.4752000086,1504691.2076800088
53,gpu_only,block_10_attention,self_attention,GPU,1504691.2076800088,1504847.2342400088
59,gpu_only,block_09_norm2,layer_norm,GPU,1504847.2342400088,1504869.3638400089
63,gpu_only,block_09_attention,self_attention,GPU,1504869.3638400089,1505025.3904000088
41,gpu_only,block_11_ffn_island,fused_ffn_island,GPU,1505025.3904000088,1506238.6028800088
45,gpu_only,block_11_attention,self_attention,GPU,1506238.6028800088,1506394.629440009
38,gpu_only,classifier,linear_classifier,GPU,1506394.629440009,1506402.5894400089
42,gpu_only,block_11_norm2,layer_norm,GPU,1506402.5894400089,1506424.719040009
50,gpu_only,block_10_norm2,layer_norm,GPU,1506424.719040009,1506446.8486400088
46,gpu_only,block_11_qkv,linear_qkv,GPU,1506446.8486400088,1506889.5811200088
52,gpu_only,block_10_proj,linear_projection,GPU,1506889.5811200088,1507041.8252800088
51,gpu_only,block_10_residual1,residual_add,GPU,1507041.8252800088,1507060.1724800088
58,gpu_only,block_09_ffn_island,fused_ffn_island,GPU,1507060.1724800088,1508273.3849600088
44,gpu_only,block_11_proj,linear_projection,GPU,1508273.3849600088,1508425.6291200086
49,gpu_only,block_10_ffn_island,fused_ffn_island,GPU,1508425.6291200086,1509638.8416000085
48,gpu_only,block_10_residual2,residual_add,GPU,1509638.8416000085,1509657.1888000085
57,gpu_only,block_09_residual2,residual_add,GPU,1509657.1888000085,1509675.5360000085
47,gpu_only,block_11_norm1,layer_norm,GPU,1509675.5360000085,1509697.6656000086
62,gpu_only,block_09_proj,linear_projection,GPU,1509697.6656000086,1509849.9097600083
43,gpu_only,block_11_residual1,residual_add,GPU,1509849.9097600083,1509868.2569600083
56,gpu_only,block_10_norm1,layer_norm,GPU,1509868.2569600083,1509890.3865600084
39,gpu_only,class_token_select,class_token_select,GPU,1509890.3865600084,1509897.4249600084
55,gpu_only,block_10_qkv,linear_qkv,GPU,1509897.4249600084,1510340.1574400084
61,gpu_only,block_09_residual1,residual_add,GPU,1510340.1574400084,1510358.5046400083
60,gpu_only,block_09_norm2,layer_norm,GPU,1510358.5046400083,1510380.6342400084
40,gpu_only,final_norm,layer_norm,GPU,1510380.6342400084,1510402.7638400083
54,gpu_only,block_10_attention,self_attention,GPU,1510402.7638400083,1510558.7904000084
53,gpu_only,block_10_proj,linear_projection,GPU,1510558.7904000084,1510711.0345600084
59,gpu_only,block_09_ffn_island,fused_ffn_island,GPU,1510711.0345600084,1511924.2470400082
63,gpu_only,block_09_proj,linear_projection,GPU,1511924.2470400082,1512076.4912000082
41,gpu_only,block_11_residual2,residual_add,GPU,1512076.4912000082,1512094.8384000082
45,gpu_only,block_11_proj,linear_projection,GPU,1512094.8384000082,1512247.0825600082
42,gpu_only,block_11_ffn_island,fused_ffn_island,GPU,1512247.0825600082,1513460.295040008
50,gpu_only,block_10_ffn_island,fused_ffn_island,GPU,1513460.295040008,1514673.507520008
46,gpu_only,block_11_attention,self_attention,GPU,1514673.507520008,1514829.534080008
52,gpu_only,block_10_residual1,residual_add,GPU,1514829.534080008,1514847.881280008
51,gpu_only,block_10_norm2,layer_norm,GPU,1514847.881280008,1514870.0108800079
58,gpu_only,block_09_residual2,residual_add,GPU,1514870.0108800079,1514888.3580800078
44,gpu_only,block_11_residual1,residual_add,GPU,1514888.3580800078,1514906.7052800078
49,gpu_only,block_10_residual2,residual_add,GPU,1514906.7052800078,1514925.0524800078
48,gpu_only,block_11_norm1,layer_norm,GPU,1514925.0524800078,1514947.1820800079
57,gpu_only,block_10_norm1,layer_norm,GPU,1514947.1820800079,1514969.3116800077
47,gpu_only,block_11_qkv,linear_qkv,GPU,1514969.3116800077,1515412.044160008
62,gpu_only,block_09_residual1,residual_add,GPU,1515412.044160008,1515430.3913600077
43,gpu_only,block_11_norm2,layer_norm,GPU,1515430.3913600077,1515452.5209600078
56,gpu_only,block_10_qkv,linear_qkv,GPU,1515452.5209600078,1515895.2534400078
39,gpu_only,classifier,linear_classifier,GPU,1515895.2534400078,1515903.213440008
55,gpu_only,block_10_attention,self_attention,GPU,1515903.213440008,1516059.240000008
61,gpu_only,block_09_norm2,layer_norm,GPU,1516059.240000008,1516081.369600008
60,gpu_only,block_09_ffn_island,fused_ffn_island,GPU,1516081.369600008,1517294.582080008
40,gpu_only,class_token_select,class_token_select,GPU,1517294.582080008,1517301.6204800077
54,gpu_only,block_10_proj,linear_projection,GPU,1517301.6204800077,1517453.8646400077
53,gpu_only,block_10_residual1,residual_add,GPU,1517453.8646400077,1517472.2118400077
59,gpu_only,block_09_residual2,residual_add,GPU,1517472.2118400077,1517490.5590400076
63,gpu_only,block_09_residual1,residual_add,GPU,1517490.5590400076,1517508.9062400076
41,gpu_only,final_norm,layer_norm,GPU,1517508.9062400076,1517531.0358400075
45,gpu_only,block_11_residual1,residual_add,GPU,1517531.0358400075,1517549.3830400074
42,gpu_only,block_11_residual2,residual_add,GPU,1517549.3830400074,1517567.7302400074
50,gpu_only,block_10_residual2,residual_add,GPU,1517567.7302400074,1517586.0774400074
46,gpu_only,block_11_proj,linear_projection,GPU,1517586.0774400074,1517738.3216000074
52,gpu_only,block_10_norm2,layer_norm,GPU,1517738.3216000074,1517760.4512000075
51,gpu_only,block_10_ffn_island,fused_ffn_island,GPU,1517760.4512000075,1518973.6636800072
58,gpu_only,block_10_norm1,layer_norm,GPU,1518973.6636800072,1518995.7932800073
44,gpu_only,block_11_norm2,layer_norm,GPU,1518995.7932800073,1519017.9228800074
49,gpu_only,block_11_norm1,layer_norm,GPU,1519017.9228800074,1519040.0524800073
48,gpu_only,block_11_qkv,linear_qkv,GPU,1519040.0524800073,1519482.7849600075
57,gpu_only,block_10_qkv,linear_qkv,GPU,1519482.7849600075,1519925.5174400075
47,gpu_only,block_11_attention,self_attention,GPU,1519925.5174400075,1520081.5440000074
62,gpu_only,block_09_norm2,layer_norm,GPU,1520081.5440000074,1520103.6736000075
43,gpu_only,block_11_ffn_island,fused_ffn_island,GPU,1520103.6736000075,1521316.8860800075
56,gpu_only,block_10_attention,self_attention,GPU,1521316.8860800075,1521472.9126400074
55,gpu_only,block_10_proj,linear_projection,GPU,1521472.9126400074,1521625.1568000074
61,gpu_only,block_09_ffn_island,fused_ffn_island,GPU,1521625.1568000074,1522838.3692800074
60,gpu_only,block_09_residual2,residual_add,GPU,1522838.3692800074,1522856.7164800074
40,gpu_only,classifier,linear_classifier,GPU,1522856.7164800074,1522864.6764800074
54,gpu_only,block_10_residual1,residual_add,GPU,1522864.6764800074,1522883.0236800073
53,gpu_only,block_10_norm2,layer_norm,GPU,1522883.0236800073,1522905.1532800074
59,gpu_only,block_10_norm1,layer_norm,GPU,1522905.1532800074,1522927.2828800073
63,gpu_only,block_09_norm2,layer_norm,GPU,1522927.2828800073,1522949.4124800074
41,gpu_only,class_token_select,class_token_select,GPU,1522949.4124800074,1522956.4508800074
45,gpu_only,block_11_norm2,layer_norm,GPU,1522956.4508800074,1522978.5804800072
42,gpu_only,final_norm,layer_norm,GPU,1522978.5804800072,1523000.7100800073
50,gpu_only,block_11_norm1,layer_norm,GPU,1523000.7100800073,1523022.8396800074
46,gpu_only,block_11_residual1,residual_add,GPU,1523022.8396800074,1523041.1868800074
52,gpu_only,block_10_ffn_island,fused_ffn_island,GPU,1523041.1868800074,1524254.3993600074
51,gpu_only,block_10_residual2,residual_add,GPU,1524254.3993600074,1524272.7465600073
58,gpu_only,block_10_qkv,linear_qkv,GPU,1524272.7465600073,1524715.4790400073
44,gpu_only,block_11_ffn_island,fused_ffn_island,GPU,1524715.4790400073,1525928.691520007
49,gpu_only,block_11_qkv,linear_qkv,GPU,1525928.691520007,1526371.4240000073
48,gpu_only,block_11_attention,self_attention,GPU,1526371.4240000073,1526527.4505600072
57,gpu_only,block_10_attention,self_attention,GPU,1526527.4505600072,1526683.4771200074
47,gpu_only,block_11_proj,linear_projection,GPU,1526683.4771200074,1526835.7212800072
62,gpu_only,block_09_ffn_island,fused_ffn_island,GPU,1526835.7212800072,1528048.9337600071
43,gpu_only,block_11_residual2,residual_add,GPU,1528048.9337600071,1528067.280960007
56,gpu_only,block_10_proj,linear_projection,GPU,1528067.280960007,1528219.525120007
55,gpu_only,block_10_residual1,residual_add,GPU,1528219.525120007,1528237.872320007
61,gpu_only,block_09_residual2,residual_add,GPU,1528237.872320007,1528256.2195200068
60,gpu_only,block_10_norm1,layer_norm,GPU,1528256.2195200068,1528278.349120007
54,gpu_only,block_10_norm2,layer_norm,GPU,1528278.349120007,1528300.478720007
53,gpu_only,block_10_ffn_island,fused_ffn_island,GPU,1528300.478720007,1529513.691200007
59,gpu_only,block_10_qkv,linear_qkv,GPU,1529513.691200007,1529956.423680007
63,gpu_only,block_09_ffn_island,fused_ffn_island,GPU,1529956.423680007,1531169.636160007
41,gpu_only,classifier,linear_classifier,GPU,1531169.636160007,1531177.596160007
45,gpu_only,block_11_ffn_island,fused_ffn_island,GPU,1531177.596160007,1532390.808640007
42,gpu_only,class_token_select,class_token_select,GPU,1532390.808640007,1532397.847040007
50,gpu_only,block_11_qkv,linear_qkv,GPU,1532397.847040007,1532840.579520007
46,gpu_only,block_11_norm2,layer_norm,GPU,1532840.579520007,1532862.709120007
52,gpu_only,block_10_residual2,residual_add,GPU,1532862.709120007,1532881.0563200067
51,gpu_only,block_11_norm1,layer_norm,GPU,1532881.0563200067,1532903.1859200068
58,gpu_only,block_10_attention,self_attention,GPU,1532903.1859200068,1533059.212480007
44,gpu_only,block_11_residual2,residual_add,GPU,1533059.212480007,1533077.5596800067
49,gpu_only,block_11_attention,self_attention,GPU,1533077.5596800067,1533233.5862400068
48,gpu_only,block_11_proj,linear_projection,GPU,1533233.5862400068,1533385.8304000068
57,gpu_only,block_10_proj,linear_projection,GPU,1533385.8304000068,1533538.0745600066
47,gpu_only,block_11_residual1,residual_add,GPU,1533538.0745600066,1533556.4217600066
62,gpu_only,block_09_residual2,residual_add,GPU,1533556.4217600066,1533574.7689600065
43,gpu_only,final_norm,layer_norm,GPU,1533574.7689600065,1533596.8985600066
56,gpu_only,block_10_residual1,residual_add,GPU,1533596.8985600066,1533615.2457600066
55,gpu_only,block_10_norm2,layer_norm,GPU,1533615.2457600066,1533637.3753600065
61,gpu_only,block_10_norm1,layer_norm,GPU,1533637.3753600065,1533659.5049600066
60,gpu_only,block_10_qkv,linear_qkv,GPU,1533659.5049600066,1534102.2374400066
54,gpu_only,block_10_ffn_island,fused_ffn_island,GPU,1534102.2374400066,1535315.4499200066
53,gpu_only,block_10_residual2,residual_add,GPU,1535315.4499200066,1535333.7971200065
59,gpu_only,block_10_attention,self_attention,GPU,1535333.7971200065,1535489.8236800064
63,gpu_only,block_09_residual2,residual_add,GPU,1535489.8236800064,1535508.1708800064
45,gpu_only,block_11_residual2,residual_add,GPU,1535508.1708800064,1535526.5180800064
42,gpu_only,classifier,linear_classifier,GPU,1535526.5180800064,1535534.4780800063
50,gpu_only,block_11_attention,self_attention,GPU,1535534.4780800063,1535690.5046400065
46,gpu_only,block_11_ffn_island,fused_ffn_island,GPU,1535690.5046400065,1536903.7171200064
52,gpu_only,block_11_norm1,layer_norm,GPU,1536903.7171200064,1536925.8467200063
51,gpu_only,block_11_qkv,linear_qkv,GPU,1536925.8467200063,1537368.5792000066
58,gpu_only,block_10_proj,linear_projection,GPU,1537368.5792000066,1537520.8233600063
44,gpu_only,final_norm,layer_norm,GPU,1537520.8233600063,1537542.9529600064
49,gpu_only,block_11_proj,linear_projection,GPU,1537542.9529600064,1537695.1971200064
48,gpu_only,block_11_residual1,residual_add,GPU,1537695.1971200064,1537713.5443200064
57,gpu_only,block_10_residual1,residual_add,GPU,1537713.5443200064,1537731.8915200061
47,gpu_only,block_11_norm2,layer_norm,GPU,1537731.8915200061,1537754.0211200062
62,gpu_only,block_10_norm1,layer_norm,GPU,1537754.0211200062,1537776.1507200063
43,gpu_only,class_token_select,class_token_select,GPU,1537776.1507200063,1537783.1891200063
56,gpu_only,block_10_norm2,layer_norm,GPU,1537783.1891200063,1537805.3187200062
55,gpu_only,block_10_ffn_island,fused_ffn_island,GPU,1537805.3187200062,1539018.5312000061
61,gpu_only,block_10_qkv,linear_qkv,GPU,1539018.5312000061,1539461.2636800061
60,gpu_only,block_10_attention,self_attention,GPU,1539461.2636800061,1539617.2902400063
54,gpu_only,block_10_residual2,residual_add,GPU,1539617.2902400063,1539635.6374400062
53,gpu_only,block_11_norm1,layer_norm,GPU,1539635.6374400062,1539657.7670400061
59,gpu_only,block_10_proj,linear_projection,GPU,1539657.7670400061,1539810.0112000061
63,gpu_only,block_10_norm1,layer_norm,GPU,1539810.0112000061,1539832.1408000062
45,gpu_only,final_norm,layer_norm,GPU,1539832.1408000062,1539854.2704000063
50,gpu_only,block_11_proj,linear_projection,GPU,1539854.2704000063,1540006.514560006
46,gpu_only,block_11_residual2,residual_add,GPU,1540006.514560006,1540024.861760006
52,gpu_only,block_11_qkv,linear_qkv,GPU,1540024.861760006,1540467.594240006
51,gpu_only,block_11_attention,self_attention,GPU,1540467.594240006,1540623.6208000062
58,gpu_only,block_10_residual1,residual_add,GPU,1540623.6208000062,1540641.9680000062
44,gpu_only,class_token_select,class_token_select,GPU,1540641.9680000062,1540649.0064000061
49,gpu_only,block_11_residual1,residual_add,GPU,1540649.0064000061,1540667.3536000059
48,gpu_only,block_11_norm2,layer_norm,GPU,1540667.3536000059,1540689.483200006
57,gpu_only,block_10_norm2,layer_norm,GPU,1540689.483200006,1540711.612800006
47,gpu_only,block_11_ffn_island,fused_ffn_island,GPU,1540711.612800006,1541924.825280006
62,gpu_only,block_10_qkv,linear_qkv,GPU,1541924.825280006,1542367.557760006
43,gpu_only,classifier,linear_classifier,GPU,1542367.557760006,1542375.517760006
56,gpu_only,block_10_ffn_island,fused_ffn_island,GPU,1542375.517760006,1543588.730240006
55,gpu_only,block_10_residual2,residual_add,GPU,1543588.730240006,1543607.077440006
61,gpu_only,block_10_attention,self_attention,GPU,1543607.077440006,1543763.1040000059
60,gpu_only,block_10_proj,linear_projection,GPU,1543763.1040000059,1543915.3481600059
54,gpu_only,block_11_norm1,layer_norm,GPU,1543915.3481600059,1543937.477760006
53,gpu_only,block_11_qkv,linear_qkv,GPU,1543937.477760006,1544380.210240006
59,gpu_only,block_10_residual1,residual_add,GPU,1544380.210240006,1544398.557440006
63,gpu_only,block_10_qkv,linear_qkv,GPU,1544398.557440006,1544841.289920006
45,gpu_only,class_token_select,class_token_select,GPU,1544841.289920006,1544848.328320006
50,gpu_only,block_11_residual1,residual_add,GPU,1544848.328320006,1544866.6755200059
46,gpu_only,final_norm,layer_norm,GPU,1544866.6755200059,1544888.8051200057
52,gpu_only,block_11_attention,self_attention,GPU,1544888.8051200057,1545044.8316800059
51,gpu_only,block_11_proj,linear_projection,GPU,1545044.8316800059,1545197.0758400057
58,gpu_only,block_10_norm2,layer_norm,GPU,1545197.0758400057,1545219.2054400058
44,gpu_only,classifier,linear_classifier,GPU,1545219.2054400058,1545227.1654400057
49,gpu_only,block_11_norm2,layer_norm,GPU,1545227.1654400057,1545249.2950400058
48,gpu_only,block_11_ffn_island,fused_ffn_island,GPU,1545249.2950400058,1546462.5075200058
57,gpu_only,block_10_ffn_island,fused_ffn_island,GPU,1546462.5075200058,1547675.7200000058
47,gpu_only,block_11_residual2,residual_add,GPU,1547675.7200000058,1547694.0672000058
62,gpu_only,block_10_attention,self_attention,GPU,1547694.0672000058,1547850.0937600057
56,gpu_only,block_10_residual2,residual_add,GPU,1547850.0937600057,1547868.4409600056
55,gpu_only,block_11_norm1,layer_norm,GPU,1547868.4409600056,1547890.5705600057
61,gpu_only,block_10_proj,linear_projection,GPU,1547890.5705600057,1548042.8147200055
60,gpu_only,block_10_residual1,residual_add,GPU,1548042.8147200055,1548061.1619200055
54,gpu_only,block_11_qkv,linear_qkv,GPU,1548061.1619200055,1548503.8944000055
53,gpu_only,block_11_attention,self_attention,GPU,1548503.8944000055,1548659.9209600056
59,gpu_only,block_10_norm2,layer_norm,GPU,1548659.9209600056,1548682.0505600057
63,gpu_only,block_10_attention,self_attention,GPU,1548682.0505600057,1548838.0771200056
45,gpu_only,classifier,linear_classifier,GPU,1548838.0771200056,1548846.0371200056
50,gpu_only,block_11_norm2,layer_norm,GPU,1548846.0371200056,1548868.1667200057
46,gpu_only,class_token_select,class_token_select,GPU,1548868.1667200057,1548875.2051200056
52,gpu_only,block_11_proj,linear_projection,GPU,1548875.2051200056,1549027.4492800056
51,gpu_only,block_11_residual1,residual_add,GPU,1549027.4492800056,1549045.7964800056
58,gpu_only,block_10_ffn_island,fused_ffn_island,GPU,1549045.7964800056,1550259.0089600054
49,gpu_only,block_11_ffn_island,fused_ffn_island,GPU,1550259.0089600054,1551472.2214400053
48,gpu_only,block_11_residual2,residual_add,GPU,1551472.2214400053,1551490.5686400053
57,gpu_only,block_10_residual2,residual_add,GPU,1551490.5686400053,1551508.9158400053
47,gpu_only,final_norm,layer_norm,GPU,1551508.9158400053,1551531.0454400054
62,gpu_only,block_10_proj,linear_projection,GPU,1551531.0454400054,1551683.2896000051
56,gpu_only,block_11_norm1,layer_norm,GPU,1551683.2896000051,1551705.4192000052
55,gpu_only,block_11_qkv,linear_qkv,GPU,1551705.4192000052,1552148.1516800052
61,gpu_only,block_10_residual1,residual_add,GPU,1552148.1516800052,1552166.4988800052
60,gpu_only,block_10_norm2,layer_norm,GPU,1552166.4988800052,1552188.6284800053
54,gpu_only,block_11_attention,self_attention,GPU,1552188.6284800053,1552344.6550400052
53,gpu_only,block_11_proj,linear_projection,GPU,1552344.6550400052,1552496.8992000052
59,gpu_only,block_10_ffn_island,fused_ffn_island,GPU,1552496.8992000052,1553710.1116800052
63,gpu_only,block_10_proj,linear_projection,GPU,1553710.1116800052,1553862.355840005
50,gpu_only,block_11_ffn_island,fused_ffn_island,GPU,1553862.355840005,1555075.568320005
46,gpu_only,classifier,linear_classifier,GPU,1555075.568320005,1555083.5283200052
52,gpu_only,block_11_residual1,residual_add,GPU,1555083.5283200052,1555101.875520005
51,gpu_only,block_11_norm2,layer_norm,GPU,1555101.875520005,1555124.005120005
58,gpu_only,block_10_residual2,residual_add,GPU,1555124.005120005,1555142.352320005
49,gpu_only,block_11_residual2,residual_add,GPU,1555142.352320005,1555160.699520005
48,gpu_only,final_norm,layer_norm,GPU,1555160.699520005,1555182.829120005
57,gpu_only,block_11_norm1,layer_norm,GPU,1555182.829120005,1555204.958720005
47,gpu_only,class_token_select,class_token_select,GPU,1555204.958720005,1555211.9971200048
62,gpu_only,block_10_residual1,residual_add,GPU,1555211.9971200048,1555230.3443200048
56,gpu_only,block_11_qkv,linear_qkv,GPU,1555230.3443200048,1555673.0768000048
55,gpu_only,block_11_attention,self_attention,GPU,1555673.0768000048,1555829.103360005
61,gpu_only,block_10_norm2,layer_norm,GPU,1555829.103360005,1555851.2329600048
60,gpu_only,block_10_ffn_island,fused_ffn_island,GPU,1555851.2329600048,1557064.4454400048
54,gpu_only,block_11_proj,linear_projection,GPU,1557064.4454400048,1557216.6896000048
53,gpu_only,block_11_residual1,residual_add,GPU,1557216.6896000048,1557235.0368000048
59,gpu_only,block_10_residual2,residual_add,GPU,1557235.0368000048,1557253.3840000047
63,gpu_only,block_10_residual1,residual_add,GPU,1557253.3840000047,1557271.7312000047
50,gpu_only,block_11_residual2,residual_add,GPU,1557271.7312000047,1557290.0784000047
52,gpu_only,block_11_norm2,layer_norm,GPU,1557290.0784000047,1557312.2080000045
51,gpu_only,block_11_ffn_island,fused_ffn_island,GPU,1557312.2080000045,1558525.4204800045
58,gpu_only,block_11_norm1,layer_norm,GPU,1558525.4204800045,1558547.5500800046
49,gpu_only,final_norm,layer_norm,GPU,1558547.5500800046,1558569.6796800045
48,gpu_only,class_token_select,class_token_select,GPU,1558569.6796800045,1558576.7180800044
57,gpu_only,block_11_qkv,linear_qkv,GPU,1558576.7180800044,1559019.4505600047
47,gpu_only,classifier,linear_classifier,GPU,1559019.4505600047,1559027.4105600046
62,gpu_only,block_10_norm2,layer_norm,GPU,1559027.4105600046,1559049.5401600047
56,gpu_only,block_11_attention,self_attention,GPU,1559049.5401600047,1559205.5667200047
55,gpu_only,block_11_proj,linear_projection,GPU,1559205.5667200047,1559357.8108800047
61,gpu_only,block_10_ffn_island,fused_ffn_island,GPU,1559357.8108800047,1560571.0233600044
60,gpu_only,block_10_residual2,residual_add,GPU,1560571.0233600044,1560589.3705600044
54,gpu_only,block_11_residual1,residual_add,GPU,1560589.3705600044,1560607.7177600043
53,gpu_only,block_11_norm2,layer_norm,GPU,1560607.7177600043,1560629.8473600044
59,gpu_only,block_11_norm1,layer_norm,GPU,1560629.8473600044,1560651.9769600045
63,gpu_only,block_10_norm2,layer_norm,GPU,1560651.9769600045,1560674.1065600044
50,gpu_only,final_norm,layer_norm,GPU,1560674.1065600044,1560696.2361600045
52,gpu_only,block_11_ffn_island,fused_ffn_island,GPU,1560696.2361600045,1561909.4486400045
51,gpu_only,block_11_residual2,residual_add,GPU,1561909.4486400045,1561927.7958400045
58,gpu_only,block_11_qkv,linear_qkv,GPU,1561927.7958400045,1562370.5283200045
49,gpu_only,class_token_select,class_token_select,GPU,1562370.5283200045,1562377.5667200044
48,gpu_only,classifier,linear_classifier,GPU,1562377.5667200044,1562385.5267200044
57,gpu_only,block_11_attention,self_attention,GPU,1562385.5267200044,1562541.5532800045
62,gpu_only,block_10_ffn_island,fused_ffn_island,GPU,1562541.5532800045,1563754.7657600043
56,gpu_only,block_11_proj,linear_projection,GPU,1563754.7657600043,1563907.0099200043
55,gpu_only,block_11_residual1,residual_add,GPU,1563907.0099200043,1563925.3571200042
61,gpu_only,block_10_residual2,residual_add,GPU,1563925.3571200042,1563943.7043200042
60,gpu_only,block_11_norm1,layer_norm,GPU,1563943.7043200042,1563965.8339200043
54,gpu_only,block_11_norm2,layer_norm,GPU,1563965.8339200043,1563987.9635200042
53,gpu_only,block_11_ffn_island,fused_ffn_island,GPU,1563987.9635200042,1565201.1760000042
59,gpu_only,block_11_qkv,linear_qkv,GPU,1565201.1760000042,1565643.9084800042
63,gpu_only,block_10_ffn_island,fused_ffn_island,GPU,1565643.9084800042,1566857.1209600042
50,gpu_only,class_token_select,class_token_select,GPU,1566857.1209600042,1566864.1593600041
52,gpu_only,block_11_residual2,residual_add,GPU,1566864.1593600041,1566882.506560004
51,gpu_only,final_norm,layer_norm,GPU,1566882.506560004,1566904.6361600042
58,gpu_only,block_11_attention,self_attention,GPU,1566904.6361600042,1567060.662720004
49,gpu_only,classifier,linear_classifier,GPU,1567060.662720004,1567068.622720004
57,gpu_only,block_11_proj,linear_projection,GPU,1567068.622720004,1567220.866880004
62,gpu_only,block_10_residual2,residual_add,GPU,1567220.866880004,1567239.214080004
56,gpu_only,block_11_residual1,residual_add,GPU,1567239.214080004,1567257.561280004
55,gpu_only,block_11_norm2,layer_norm,GPU,1567257.561280004,1567279.6908800039
61,gpu_only,block_11_norm1,layer_norm,GPU,1567279.6908800039,1567301.820480004
60,gpu_only,block_11_qkv,linear_qkv,GPU,1567301.820480004,1567744.552960004
54,gpu_only,block_11_ffn_island,fused_ffn_island,GPU,1567744.552960004,1568957.765440004
53,gpu_only,block_11_residual2,residual_add,GPU,1568957.765440004,1568976.112640004
59,gpu_only,block_11_attention,self_attention,GPU,1568976.112640004,1569132.139200004
63,gpu_only,block_10_residual2,residual_add,GPU,1569132.139200004,1569150.4864000038
50,gpu_only,classifier,linear_classifier,GPU,1569150.4864000038,1569158.446400004
52,gpu_only,final_norm,layer_norm,GPU,1569158.446400004,1569180.5760000038
51,gpu_only,class_token_select,class_token_select,GPU,1569180.5760000038,1569187.6144000038
58,gpu_only,block_11_proj,linear_projection,GPU,1569187.6144000038,1569339.8585600038
57,gpu_only,block_11_residual1,residual_add,GPU,1569339.8585600038,1569358.2057600038
62,gpu_only,block_11_norm1,layer_norm,GPU,1569358.2057600038,1569380.3353600039
56,gpu_only,block_11_norm2,layer_norm,GPU,1569380.3353600039,1569402.4649600037
55,gpu_only,block_11_ffn_island,fused_ffn_island,GPU,1569402.4649600037,1570615.6774400037
61,gpu_only,block_11_qkv,linear_qkv,GPU,1570615.6774400037,1571058.4099200037
60,gpu_only,block_11_attention,self_attention,GPU,1571058.4099200037,1571214.4364800039
54,gpu_only,block_11_residual2,residual_add,GPU,1571214.4364800039,1571232.7836800038
53,gpu_only,final_norm,layer_norm,GPU,1571232.7836800038,1571254.9132800037
59,gpu_only,block_11_proj,linear_projection,GPU,1571254.9132800037,1571407.1574400037
63,gpu_only,block_11_norm1,layer_norm,GPU,1571407.1574400037,1571429.2870400038
52,gpu_only,class_token_select,class_token_select,GPU,1571429.2870400038,1571436.3254400038
51,gpu_only,classifier,linear_classifier,GPU,1571436.3254400038,1571444.2854400037
58,gpu_only,block_11_residual1,residual_add,GPU,1571444.2854400037,1571462.6326400037
57,gpu_only,block_11_norm2,layer_norm,GPU,1571462.6326400037,1571484.7622400036
62,gpu_only,block_11_qkv,linear_qkv,GPU,1571484.7622400036,1571927.4947200038
56,gpu_only,block_11_ffn_island,fused_ffn_island,GPU,1571927.4947200038,1573140.7072000036
55,gpu_only,block_11_residual2,residual_add,GPU,1573140.7072000036,1573159.0544000035
61,gpu_only,block_11_attention,self_attention,GPU,1573159.0544000035,1573315.0809600037
60,gpu_only,block_11_proj,linear_projection,GPU,1573315.0809600037,1573467.3251200034
54,gpu_only,final_norm,layer_norm,GPU,1573467.3251200034,1573489.4547200035
53,gpu_only,class_token_select,class_token_select,GPU,1573489.4547200035,1573496.4931200035
59,gpu_only,block_11_residual1,residual_add,GPU,1573496.4931200035,1573514.8403200035
63,gpu_only,block_11_qkv,linear_qkv,GPU,1573514.8403200035,1573957.5728000035
52,gpu_only,classifier,linear_classifier,GPU,1573957.5728000035,1573965.5328000034
58,gpu_only,block_11_norm2,layer_norm,GPU,1573965.5328000034,1573987.6624000035
57,gpu_only,block_11_ffn_island,fused_ffn_island,GPU,1573987.6624000035,1575200.8748800035
62,gpu_only,block_11_attention,self_attention,GPU,1575200.8748800035,1575356.9014400034
56,gpu_only,block_11_residual2,residual_add,GPU,1575356.9014400034,1575375.2486400034
55,gpu_only,final_norm,layer_norm,GPU,1575375.2486400034,1575397.3782400035
61,gpu_only,block_11_proj,linear_projection,GPU,1575397.3782400035,1575549.6224000035
60,gpu_only,block_11_residual1,residual_add,GPU,1575549.6224000035,1575567.9696000034
54,gpu_only,class_token_select,class_token_select,GPU,1575567.9696000034,1575575.0080000032
53,gpu_only,classifier,linear_classifier,GPU,1575575.0080000032,1575582.9680000034
59,gpu_only,block_11_norm2,layer_norm,GPU,1575582.9680000034,1575605.0976000032
63,gpu_only,block_11_attention,self_attention,GPU,1575605.0976000032,1575761.1241600034
58,gpu_only,block_11_ffn_island,fused_ffn_island,GPU,1575761.1241600034,1576974.3366400034
57,gpu_only,block_11_residual2,residual_add,GPU,1576974.3366400034,1576992.6838400033
62,gpu_only,block_11_proj,linear_projection,GPU,1576992.6838400033,1577144.928000003
56,gpu_only,final_norm,layer_norm,GPU,1577144.928000003,1577167.0576000032
55,gpu_only,class_token_select,class_token_select,GPU,1577167.0576000032,1577174.0960000032
61,gpu_only,block_11_residual1,residual_add,GPU,1577174.0960000032,1577192.4432000031
60,gpu_only,block_11_norm2,layer_norm,GPU,1577192.4432000031,1577214.572800003
54,gpu_only,classifier,linear_classifier,GPU,1577214.572800003,1577222.5328000032
59,gpu_only,block_11_ffn_island,fused_ffn_island,GPU,1577222.5328000032,1578435.7452800032
63,gpu_only,block_11_proj,linear_projection,GPU,1578435.7452800032,1578587.989440003
58,gpu_only,block_11_residual2,residual_add,GPU,1578587.989440003,1578606.336640003
57,gpu_only,final_norm,layer_norm,GPU,1578606.336640003,1578628.466240003
62,gpu_only,block_11_residual1,residual_add,GPU,1578628.466240003,1578646.813440003
56,gpu_only,class_token_select,class_token_select,GPU,1578646.813440003,1578653.851840003
55,gpu_only,classifier,linear_classifier,GPU,1578653.851840003,1578661.811840003
61,gpu_only,block_11_norm2,layer_norm,GPU,1578661.811840003,1578683.941440003
60,gpu_only,block_11_ffn_island,fused_ffn_island,GPU,1578683.941440003,1579897.1539200027
59,gpu_only,block_11_residual2,residual_add,GPU,1579897.1539200027,1579915.5011200027
63,gpu_only,block_11_residual1,residual_add,GPU,1579915.5011200027,1579933.8483200027
58,gpu_only,final_norm,layer_norm,GPU,1579933.8483200027,1579955.9779200028
57,gpu_only,class_token_select,class_token_select,GPU,1579955.9779200028,1579963.0163200027
62,gpu_only,block_11_norm2,layer_norm,GPU,1579963.0163200027,1579985.1459200028
56,gpu_only,classifier,linear_classifier,GPU,1579985.1459200028,1579993.1059200028
61,gpu_only,block_11_ffn_island,fused_ffn_island,GPU,1579993.1059200028,1581206.3184000028
60,gpu_only,block_11_residual2,residual_add,GPU,1581206.3184000028,1581224.6656000027
59,gpu_only,final_norm,layer_norm,GPU,1581224.6656000027,1581246.7952000026
63,gpu_only,block_11_norm2,layer_norm,GPU,1581246.7952000026,1581268.9248000027
58,gpu_only,class_token_select,class_token_select,GPU,1581268.9248000027,1581275.9632000027
57,gpu_only,classifier,linear_classifier,GPU,1581275.9632000027,1581283.9232000026
62,gpu_only,block_11_ffn_island,fused_ffn_island,GPU,1581283.9232000026,1582497.1356800026
61,gpu_only,block_11_residual2,residual_add,GPU,1582497.1356800026,1582515.4828800026
60,gpu_only,final_norm,layer_norm,GPU,1582515.4828800026,1582537.6124800027
59,gpu_only,class_token_select,class_token_select,GPU,1582537.6124800027,1582544.6508800024
63,gpu_only,block_11_ffn_island,fused_ffn_island,GPU,1582544.6508800024,1583757.8633600024
58,gpu_only,classifier,linear_classifier,GPU,1583757.8633600024,1583765.8233600026
62,gpu_only,block_11_residual2,residual_add,GPU,1583765.8233600026,1583784.1705600023
61,gpu_only,final_norm,layer_norm,GPU,1583784.1705600023,1583806.3001600024
60,gpu_only,class_token_select,class_token_select,GPU,1583806.3001600024,1583813.3385600024
59,gpu_only,classifier,linear_classifier,GPU,1583813.3385600024,1583821.2985600024
63,gpu_only,block_11_residual2,residual_add,GPU,1583821.2985600024,1583839.6457600023
62,gpu_only,final_norm,layer_norm,GPU,1583839.6457600023,1583861.7753600024
61,gpu_only,class_token_select,class_token_select,GPU,1583861.7753600024,1583868.8137600024
60,gpu_only,classifier,linear_classifier,GPU,1583868.8137600024,1583876.7737600023
63,gpu_only,final_norm,layer_norm,GPU,1583876.7737600023,1583898.9033600024
62,gpu_only,class_token_select,class_token_select,GPU,1583898.9033600024,1583905.9417600024
61,gpu_only,classifier,linear_classifier,GPU,1583905.9417600024,1583913.9017600024
63,gpu_only,class_token_select,class_token_select,GPU,1583913.9017600024,1583920.9401600023
62,gpu_only,classifier,linear_classifier,GPU,1583920.9401600023,1583928.9001600023
63,gpu_only,classifier,linear_classifier,GPU,1583928.9001600023,1583936.8601600023
