request_id,selected_mode,task_id,task_type,device,start_us,finish_us
0,fixed_manifest,patch_embedding,patch_embedding,GPU,0.0,151.50688000000002
0,fixed_manifest,token_embedding,token_and_position_embedding,GPU,151.50688000000002,169.85408
0,fixed_manifest,block_00_norm1,layer_norm,GPU,169.85408,191.98368000000002
0,fixed_manifest,block_00_qkv,linear_qkv,GPU,191.98368000000002,634.7161600000001
0,fixed_manifest,block_00_attention,self_attention,GPU,634.7161600000001,790.7427200000001
0,fixed_manifest,block_00_proj,linear_projection,GPU,790.7427200000001,942.98688
0,fixed_manifest,block_00_residual1,residual_add,GPU,942.98688,961.33408
0,fixed_manifest,block_00_norm2,layer_norm,GPU,961.33408,983.4636800000001
0,fixed_manifest,block_00_ffn_island,fused_ffn_island,FPGA,1142.2284800000002,1474.9760000000003
0,fixed_manifest,block_00_residual2,residual_add,GPU,1633.7408000000003,1652.0880000000004
0,fixed_manifest,block_01_norm1,layer_norm,GPU,1652.0880000000004,1674.2176000000004
0,fixed_manifest,block_01_qkv,linear_qkv,GPU,1674.2176000000004,2116.9500800000005
0,fixed_manifest,block_01_attention,self_attention,GPU,2116.9500800000005,2272.9766400000003
0,fixed_manifest,block_01_proj,linear_projection,GPU,2272.9766400000003,2425.2208000000005
0,fixed_manifest,block_01_residual1,residual_add,GPU,2425.2208000000005,2443.568
0,fixed_manifest,block_01_norm2,layer_norm,GPU,2443.568,2465.6976
0,fixed_manifest,block_01_ffn_island,fused_ffn_island,FPGA,2624.4624,2957.20992
0,fixed_manifest,block_01_residual2,residual_add,GPU,3115.9747199999997,3134.3219199999994
0,fixed_manifest,block_02_norm1,layer_norm,GPU,3134.3219199999994,3156.4515199999996
0,fixed_manifest,block_02_qkv,linear_qkv,GPU,3156.4515199999996,3599.1839999999993
0,fixed_manifest,block_02_attention,self_attention,GPU,3599.1839999999993,3755.210559999999
0,fixed_manifest,block_02_proj,linear_projection,GPU,3755.210559999999,3907.4547199999993
0,fixed_manifest,block_02_residual1,residual_add,GPU,3907.4547199999993,3925.8019199999994
0,fixed_manifest,block_02_norm2,layer_norm,GPU,3925.8019199999994,3947.9315199999996
0,fixed_manifest,block_02_ffn_island,fused_ffn_island,FPGA,4106.69632,4439.443840000001
0,fixed_manifest,block_02_residual2,residual_add,GPU,4598.208640000002,4616.555840000002
0,fixed_manifest,block_03_norm1,layer_norm,GPU,4616.555840000002,4638.685440000002
0,fixed_manifest,block_03_qkv,linear_qkv,GPU,4638.685440000002,5081.417920000002
0,fixed_manifest,block_03_attention,self_attention,GPU,5081.417920000002,5237.444480000002
0,fixed_manifest,block_03_proj,linear_projection,GPU,5237.444480000002,5389.688640000002
0,fixed_manifest,block_03_residual1,residual_add,GPU,5389.688640000002,5408.035840000002
0,fixed_manifest,block_03_norm2,layer_norm,GPU,5408.035840000002,5430.1654400000025
0,fixed_manifest,block_03_ffn_island,fused_ffn_island,FPGA,5588.930240000003,5921.677760000003
0,fixed_manifest,block_03_residual2,residual_add,GPU,6080.442560000004,6098.789760000004
0,fixed_manifest,block_04_norm1,layer_norm,GPU,6098.789760000004,6120.919360000004
0,fixed_manifest,block_04_qkv,linear_qkv,GPU,6120.919360000004,6563.651840000005
0,fixed_manifest,block_04_attention,self_attention,GPU,6563.651840000005,6719.678400000004
0,fixed_manifest,block_04_proj,linear_projection,GPU,6719.678400000004,6871.9225600000045
0,fixed_manifest,block_04_residual1,residual_add,GPU,6871.9225600000045,6890.269760000005
0,fixed_manifest,block_04_norm2,layer_norm,GPU,6890.269760000005,6912.399360000005
0,fixed_manifest,block_04_ffn_island,fused_ffn_island,FPGA,7071.164160000006,7403.911680000006
0,fixed_manifest,block_04_residual2,residual_add,GPU,7562.676480000006,7581.023680000007
0,fixed_manifest,block_05_norm1,layer_norm,GPU,7581.023680000007,7603.153280000007
0,fixed_manifest,block_05_qkv,linear_qkv,GPU,7603.153280000007,8045.8857600000065
0,fixed_manifest,block_05_attention,self_attention,GPU,8045.8857600000065,8201.912320000007
0,fixed_manifest,block_05_proj,linear_projection,GPU,8201.912320000007,8354.156480000007
0,fixed_manifest,block_05_residual1,residual_add,GPU,8354.156480000007,8372.503680000005
0,fixed_manifest,block_05_norm2,layer_norm,GPU,8372.503680000005,8394.633280000005
0,fixed_manifest,block_05_ffn_island,fused_ffn_island,FPGA,8553.398080000004,8886.145600000003
0,fixed_manifest,block_05_residual2,residual_add,GPU,9044.910400000002,9063.257600000003
0,fixed_manifest,block_06_norm1,layer_norm,GPU,9063.257600000003,9085.387200000003
0,fixed_manifest,block_06_qkv,linear_qkv,GPU,9085.387200000003,9528.119680000002
0,fixed_manifest,block_06_attention,self_attention,GPU,9528.119680000002,9684.146240000002
0,fixed_manifest,block_06_proj,linear_projection,GPU,9684.146240000002,9836.390400000002
0,fixed_manifest,block_06_residual1,residual_add,GPU,9836.390400000002,9854.737600000002
0,fixed_manifest,block_06_norm2,layer_norm,GPU,9854.737600000002,9876.867200000002
0,fixed_manifest,block_06_ffn_island,fused_ffn_island,FPGA,10035.632000000001,10368.37952
0,fixed_manifest,block_06_residual2,residual_add,GPU,10527.14432,10545.491519999998
0,fixed_manifest,block_07_norm1,layer_norm,GPU,10545.491519999998,10567.621119999998
0,fixed_manifest,block_07_qkv,linear_qkv,GPU,10567.621119999998,11010.353599999999
0,fixed_manifest,block_07_attention,self_attention,GPU,11010.353599999999,11166.380159999997
0,fixed_manifest,block_07_proj,linear_projection,GPU,11166.380159999997,11318.624319999997
0,fixed_manifest,block_07_residual1,residual_add,GPU,11318.624319999997,11336.971519999997
0,fixed_manifest,block_07_norm2,layer_norm,GPU,11336.971519999997,11359.101119999998
0,fixed_manifest,block_07_ffn_island,fused_ffn_island,FPGA,11517.865919999997,11850.613439999996
0,fixed_manifest,block_07_residual2,residual_add,GPU,12009.378239999995,12027.725439999995
0,fixed_manifest,block_08_norm1,layer_norm,GPU,12027.725439999995,12049.855039999995
0,fixed_manifest,block_08_qkv,linear_qkv,GPU,12049.855039999995,12492.587519999994
0,fixed_manifest,block_08_attention,self_attention,GPU,12492.587519999994,12648.614079999994
0,fixed_manifest,block_08_proj,linear_projection,GPU,12648.614079999994,12800.858239999994
0,fixed_manifest,block_08_residual1,residual_add,GPU,12800.858239999994,12819.205439999992
0,fixed_manifest,block_08_norm2,layer_norm,GPU,12819.205439999992,12841.335039999993
0,fixed_manifest,block_08_ffn_island,fused_ffn_island,FPGA,13000.099839999992,13332.847359999992
0,fixed_manifest,block_08_residual2,residual_add,GPU,13491.612159999991,13509.95935999999
0,fixed_manifest,block_09_norm1,layer_norm,GPU,13509.95935999999,13532.08895999999
0,fixed_manifest,block_09_qkv,linear_qkv,GPU,13532.08895999999,13974.821439999989
0,fixed_manifest,block_09_attention,self_attention,GPU,13974.821439999989,14130.847999999989
0,fixed_manifest,block_09_proj,linear_projection,GPU,14130.847999999989,14283.09215999999
0,fixed_manifest,block_09_residual1,residual_add,GPU,14283.09215999999,14301.43935999999
0,fixed_manifest,block_09_norm2,layer_norm,GPU,14301.43935999999,14323.56895999999
0,fixed_manifest,block_09_ffn_island,fused_ffn_island,FPGA,14482.333759999989,14815.081279999988
0,fixed_manifest,block_09_residual2,residual_add,GPU,14973.846079999987,14992.193279999987
0,fixed_manifest,block_10_norm1,layer_norm,GPU,14992.193279999987,15014.322879999987
0,fixed_manifest,block_10_qkv,linear_qkv,GPU,15014.322879999987,15457.055359999986
0,fixed_manifest,block_10_attention,self_attention,GPU,15457.055359999986,15613.081919999984
0,fixed_manifest,block_10_proj,linear_projection,GPU,15613.081919999984,15765.326079999986
0,fixed_manifest,block_10_residual1,residual_add,GPU,15765.326079999986,15783.673279999986
0,fixed_manifest,block_10_norm2,layer_norm,GPU,15783.673279999986,15805.802879999987
0,fixed_manifest,block_10_ffn_island,fused_ffn_island,FPGA,15964.56767999999,16297.315199999988
0,fixed_manifest,block_10_residual2,residual_add,GPU,16456.07999999999,16474.42719999999
0,fixed_manifest,block_11_norm1,layer_norm,GPU,16474.42719999999,16496.55679999999
0,fixed_manifest,block_11_qkv,linear_qkv,GPU,16496.55679999999,16939.28927999999
1,fixed_manifest,patch_embedding,patch_embedding,GPU,16939.28927999999,17090.79615999999
0,fixed_manifest,block_11_attention,self_attention,GPU,17090.79615999999,17246.822719999993
1,fixed_manifest,token_embedding,token_and_position_embedding,GPU,17246.822719999993,17265.169919999993
0,fixed_manifest,block_11_proj,linear_projection,GPU,17265.169919999993,17417.41407999999
1,fixed_manifest,block_00_norm1,layer_norm,GPU,17417.41407999999,17439.54367999999
0,fixed_manifest,block_11_residual1,residual_add,GPU,17439.54367999999,17457.89087999999
1,fixed_manifest,block_00_qkv,linear_qkv,GPU,17457.89087999999,17900.623359999994
0,fixed_manifest,block_11_norm2,layer_norm,GPU,17900.623359999994,17922.752959999994
1,fixed_manifest,block_00_attention,self_attention,GPU,17922.752959999994,18078.779519999993
1,fixed_manifest,block_00_proj,linear_projection,GPU,18078.779519999993,18231.02367999999
0,fixed_manifest,block_11_ffn_island,fused_ffn_island,FPGA,18081.517759999995,18414.265279999996
1,fixed_manifest,block_00_residual1,residual_add,GPU,18231.02367999999,18249.370879999995
1,fixed_manifest,block_00_norm2,layer_norm,GPU,18249.370879999995,18271.500479999995
1,fixed_manifest,block_00_ffn_island,fused_ffn_island,FPGA,18430.265279999996,18763.012799999997
0,fixed_manifest,block_11_residual2,residual_add,GPU,18573.030079999997,18591.377279999997
0,fixed_manifest,final_norm,layer_norm,GPU,18591.377279999997,18613.506879999997
0,fixed_manifest,class_token_select,class_token_select,GPU,18613.506879999997,18620.54528
0,fixed_manifest,classifier,linear_classifier,GPU,18620.54528,18628.505279999998
1,fixed_manifest,block_00_residual2,residual_add,GPU,18921.777599999998,18940.124799999998
1,fixed_manifest,block_01_norm1,layer_norm,GPU,18940.124799999998,18962.254399999998
1,fixed_manifest,block_01_qkv,linear_qkv,GPU,18962.254399999998,19404.98688
1,fixed_manifest,block_01_attention,self_attention,GPU,19404.98688,19561.01344
1,fixed_manifest,block_01_proj,linear_projection,GPU,19561.01344,19713.257599999997
1,fixed_manifest,block_01_residual1,residual_add,GPU,19713.257599999997,19731.6048
1,fixed_manifest,block_01_norm2,layer_norm,GPU,19731.6048,19753.7344
1,fixed_manifest,block_01_ffn_island,fused_ffn_island,FPGA,19912.499200000002,20245.246720000003
1,fixed_manifest,block_01_residual2,residual_add,GPU,20404.011520000004,20422.358720000004
1,fixed_manifest,block_02_norm1,layer_norm,GPU,20422.358720000004,20444.488320000008
1,fixed_manifest,block_02_qkv,linear_qkv,GPU,20444.488320000008,20887.220800000006
1,fixed_manifest,block_02_attention,self_attention,GPU,20887.220800000006,21043.247360000005
1,fixed_manifest,block_02_proj,linear_projection,GPU,21043.247360000005,21195.491520000007
1,fixed_manifest,block_02_residual1,residual_add,GPU,21195.491520000007,21213.838720000007
1,fixed_manifest,block_02_norm2,layer_norm,GPU,21213.838720000007,21235.968320000007
1,fixed_manifest,block_02_ffn_island,fused_ffn_island,FPGA,21394.733120000008,21727.48064000001
1,fixed_manifest,block_02_residual2,residual_add,GPU,21886.24544000001,21904.592640000013
1,fixed_manifest,block_03_norm1,layer_norm,GPU,21904.592640000013,21926.722240000014
1,fixed_manifest,block_03_qkv,linear_qkv,GPU,21926.722240000014,22369.454720000012
1,fixed_manifest,block_03_attention,self_attention,GPU,22369.454720000012,22525.481280000015
1,fixed_manifest,block_03_proj,linear_projection,GPU,22525.481280000015,22677.725440000013
1,fixed_manifest,block_03_residual1,residual_add,GPU,22677.725440000013,22696.072640000013
1,fixed_manifest,block_03_norm2,layer_norm,GPU,22696.072640000013,22718.202240000013
1,fixed_manifest,block_03_ffn_island,fused_ffn_island,FPGA,22876.967040000014,23209.714560000015
1,fixed_manifest,block_03_residual2,residual_add,GPU,23368.479360000016,23386.82656000002
1,fixed_manifest,block_04_norm1,layer_norm,GPU,23386.82656000002,23408.95616000002
1,fixed_manifest,block_04_qkv,linear_qkv,GPU,23408.95616000002,23851.68864000002
1,fixed_manifest,block_04_attention,self_attention,GPU,23851.68864000002,24007.71520000002
1,fixed_manifest,block_04_proj,linear_projection,GPU,24007.71520000002,24159.95936000002
1,fixed_manifest,block_04_residual1,residual_add,GPU,24159.95936000002,24178.30656000002
1,fixed_manifest,block_04_norm2,layer_norm,GPU,24178.30656000002,24200.43616000002
1,fixed_manifest,block_04_ffn_island,fused_ffn_island,FPGA,24359.20096000002,24691.94848000002
1,fixed_manifest,block_04_residual2,residual_add,GPU,24850.71328000002,24869.060480000026
1,fixed_manifest,block_05_norm1,layer_norm,GPU,24869.060480000026,24891.190080000026
1,fixed_manifest,block_05_qkv,linear_qkv,GPU,24891.190080000026,25333.922560000025
1,fixed_manifest,block_05_attention,self_attention,GPU,25333.922560000025,25489.949120000027
1,fixed_manifest,block_05_proj,linear_projection,GPU,25489.949120000027,25642.193280000025
1,fixed_manifest,block_05_residual1,residual_add,GPU,25642.193280000025,25660.540480000025
1,fixed_manifest,block_05_norm2,layer_norm,GPU,25660.540480000025,25682.670080000025
1,fixed_manifest,block_05_ffn_island,fused_ffn_island,FPGA,25841.434880000026,26174.182400000027
1,fixed_manifest,block_05_residual2,residual_add,GPU,26332.947200000028,26351.29440000003
1,fixed_manifest,block_06_norm1,layer_norm,GPU,26351.29440000003,26373.42400000003
1,fixed_manifest,block_06_qkv,linear_qkv,GPU,26373.42400000003,26816.15648000003
1,fixed_manifest,block_06_attention,self_attention,GPU,26816.15648000003,26972.183040000033
1,fixed_manifest,block_06_proj,linear_projection,GPU,26972.183040000033,27124.42720000003
1,fixed_manifest,block_06_residual1,residual_add,GPU,27124.42720000003,27142.77440000003
1,fixed_manifest,block_06_norm2,layer_norm,GPU,27142.77440000003,27164.90400000003
1,fixed_manifest,block_06_ffn_island,fused_ffn_island,FPGA,27323.668800000032,27656.416320000033
1,fixed_manifest,block_06_residual2,residual_add,GPU,27815.181120000034,27833.528320000038
1,fixed_manifest,block_07_norm1,layer_norm,GPU,27833.528320000038,27855.657920000038
1,fixed_manifest,block_07_qkv,linear_qkv,GPU,27855.657920000038,28298.390400000037
1,fixed_manifest,block_07_attention,self_attention,GPU,28298.390400000037,28454.41696000004
1,fixed_manifest,block_07_proj,linear_projection,GPU,28454.41696000004,28606.661120000037
1,fixed_manifest,block_07_residual1,residual_add,GPU,28606.661120000037,28625.008320000037
1,fixed_manifest,block_07_norm2,layer_norm,GPU,28625.008320000037,28647.137920000037
1,fixed_manifest,block_07_ffn_island,fused_ffn_island,FPGA,28805.90272000004,29138.65024000004
1,fixed_manifest,block_07_residual2,residual_add,GPU,29297.415040000044,29315.762240000044
1,fixed_manifest,block_08_norm1,layer_norm,GPU,29315.762240000044,29337.891840000044
1,fixed_manifest,block_08_qkv,linear_qkv,GPU,29337.891840000044,29780.624320000043
1,fixed_manifest,block_08_attention,self_attention,GPU,29780.624320000043,29936.650880000045
1,fixed_manifest,block_08_proj,linear_projection,GPU,29936.650880000045,30088.895040000043
1,fixed_manifest,block_08_residual1,residual_add,GPU,30088.895040000043,30107.242240000043
1,fixed_manifest,block_08_norm2,layer_norm,GPU,30107.242240000043,30129.371840000043
1,fixed_manifest,block_08_ffn_island,fused_ffn_island,FPGA,30288.136640000048,30620.884160000045
1,fixed_manifest,block_08_residual2,residual_add,GPU,30779.64896000005,30797.99616000005
1,fixed_manifest,block_09_norm1,layer_norm,GPU,30797.99616000005,30820.12576000005
1,fixed_manifest,block_09_qkv,linear_qkv,GPU,30820.12576000005,31262.858240000052
1,fixed_manifest,block_09_attention,self_attention,GPU,31262.858240000052,31418.884800000054
1,fixed_manifest,block_09_proj,linear_projection,GPU,31418.884800000054,31571.128960000056
1,fixed_manifest,block_09_residual1,residual_add,GPU,31571.128960000056,31589.476160000053
1,fixed_manifest,block_09_norm2,layer_norm,GPU,31589.476160000053,31611.60576000005
1,fixed_manifest,block_09_ffn_island,fused_ffn_island,FPGA,31770.370560000054,32103.118080000055
1,fixed_manifest,block_09_residual2,residual_add,GPU,32261.88288000006,32280.230080000056
1,fixed_manifest,block_10_norm1,layer_norm,GPU,32280.230080000056,32302.359680000052
1,fixed_manifest,block_10_qkv,linear_qkv,GPU,32302.359680000052,32745.09216000005
1,fixed_manifest,block_10_attention,self_attention,GPU,32745.09216000005,32901.11872000005
1,fixed_manifest,block_10_proj,linear_projection,GPU,32901.11872000005,33053.36288000005
1,fixed_manifest,block_10_residual1,residual_add,GPU,33053.36288000005,33071.710080000055
1,fixed_manifest,block_10_norm2,layer_norm,GPU,33071.710080000055,33093.83968000005
1,fixed_manifest,block_10_ffn_island,fused_ffn_island,FPGA,33252.60448000005,33585.35200000006
2,fixed_manifest,patch_embedding,patch_embedding,GPU,33333.333333333336,33484.84021333333
2,fixed_manifest,token_embedding,token_and_position_embedding,GPU,33484.84021333333,33503.18741333333
2,fixed_manifest,block_00_norm1,layer_norm,GPU,33503.18741333333,33525.317013333326
2,fixed_manifest,block_00_qkv,linear_qkv,GPU,33525.317013333326,33968.049493333325
1,fixed_manifest,block_10_residual2,residual_add,GPU,33968.049493333325,33986.39669333332
2,fixed_manifest,block_00_attention,self_attention,GPU,33986.39669333332,34142.42325333333
1,fixed_manifest,block_11_norm1,layer_norm,GPU,34142.42325333333,34164.55285333332
2,fixed_manifest,block_00_proj,linear_projection,GPU,34164.55285333332,34316.79701333332
1,fixed_manifest,block_11_qkv,linear_qkv,GPU,34316.79701333332,34759.52949333332
2,fixed_manifest,block_00_residual1,residual_add,GPU,34759.52949333332,34777.87669333332
1,fixed_manifest,block_11_attention,self_attention,GPU,34777.87669333332,34933.90325333332
2,fixed_manifest,block_00_norm2,layer_norm,GPU,34933.90325333332,34956.032853333316
1,fixed_manifest,block_11_proj,linear_projection,GPU,34956.032853333316,35108.27701333332
1,fixed_manifest,block_11_residual1,residual_add,GPU,35108.27701333332,35126.62421333332
2,fixed_manifest,block_00_ffn_island,fused_ffn_island,FPGA,35114.79765333332,35447.545173333325
1,fixed_manifest,block_11_norm2,layer_norm,GPU,35126.62421333332,35148.753813333315
1,fixed_manifest,block_11_ffn_island,fused_ffn_island,FPGA,35447.545173333325,35780.29269333333
2,fixed_manifest,block_00_residual2,residual_add,GPU,35606.30997333333,35624.657173333326
2,fixed_manifest,block_01_norm1,layer_norm,GPU,35624.657173333326,35646.78677333332
2,fixed_manifest,block_01_qkv,linear_qkv,GPU,35646.78677333332,36089.51925333332
1,fixed_manifest,block_11_residual2,residual_add,GPU,36089.51925333332,36107.86645333332
2,fixed_manifest,block_01_attention,self_attention,GPU,36107.86645333332,36263.89301333332
1,fixed_manifest,final_norm,layer_norm,GPU,36263.89301333332,36286.02261333331
2,fixed_manifest,block_01_proj,linear_projection,GPU,36286.02261333331,36438.266773333315
1,fixed_manifest,class_token_select,class_token_select,GPU,36438.266773333315,36445.30517333332
2,fixed_manifest,block_01_residual1,residual_add,GPU,36445.30517333332,36463.652373333316
1,fixed_manifest,classifier,linear_classifier,GPU,36463.652373333316,36471.612373333315
2,fixed_manifest,block_01_norm2,layer_norm,GPU,36471.612373333315,36493.741973333315
2,fixed_manifest,block_01_ffn_island,fused_ffn_island,FPGA,36652.50677333331,36985.25429333332
2,fixed_manifest,block_01_residual2,residual_add,GPU,37144.01909333332,37162.36629333332
2,fixed_manifest,block_02_norm1,layer_norm,GPU,37162.36629333332,37184.49589333332
2,fixed_manifest,block_02_qkv,linear_qkv,GPU,37184.49589333332,37627.22837333332
2,fixed_manifest,block_02_attention,self_attention,GPU,37627.22837333332,37783.254933333315
2,fixed_manifest,block_02_proj,linear_projection,GPU,37783.254933333315,37935.49909333332
2,fixed_manifest,block_02_residual1,residual_add,GPU,37935.49909333332,37953.846293333314
2,fixed_manifest,block_02_norm2,layer_norm,GPU,37953.846293333314,37975.975893333314
2,fixed_manifest,block_02_ffn_island,fused_ffn_island,FPGA,38134.74069333331,38467.488213333316
2,fixed_manifest,block_02_residual2,residual_add,GPU,38626.25301333332,38644.60021333332
2,fixed_manifest,block_03_norm1,layer_norm,GPU,38644.60021333332,38666.72981333332
2,fixed_manifest,block_03_qkv,linear_qkv,GPU,38666.72981333332,39109.462293333316
2,fixed_manifest,block_03_attention,self_attention,GPU,39109.462293333316,39265.488853333314
2,fixed_manifest,block_03_proj,linear_projection,GPU,39265.488853333314,39417.733013333316
2,fixed_manifest,block_03_residual1,residual_add,GPU,39417.733013333316,39436.08021333331
2,fixed_manifest,block_03_norm2,layer_norm,GPU,39436.08021333331,39458.20981333331
2,fixed_manifest,block_03_ffn_island,fused_ffn_island,FPGA,39616.97461333332,39949.722133333315
2,fixed_manifest,block_03_residual2,residual_add,GPU,40108.48693333332,40126.834133333316
2,fixed_manifest,block_04_norm1,layer_norm,GPU,40126.834133333316,40148.963733333316
2,fixed_manifest,block_04_qkv,linear_qkv,GPU,40148.963733333316,40591.696213333315
2,fixed_manifest,block_04_attention,self_attention,GPU,40591.696213333315,40747.72277333331
2,fixed_manifest,block_04_proj,linear_projection,GPU,40747.72277333331,40899.966933333315
2,fixed_manifest,block_04_residual1,residual_add,GPU,40899.966933333315,40918.31413333331
2,fixed_manifest,block_04_norm2,layer_norm,GPU,40918.31413333331,40940.44373333331
2,fixed_manifest,block_04_ffn_island,fused_ffn_island,FPGA,41099.208533333316,41431.95605333331
2,fixed_manifest,block_04_residual2,residual_add,GPU,41590.72085333332,41609.068053333314
2,fixed_manifest,block_05_norm1,layer_norm,GPU,41609.068053333314,41631.197653333315
2,fixed_manifest,block_05_qkv,linear_qkv,GPU,41631.197653333315,42073.93013333331
2,fixed_manifest,block_05_attention,self_attention,GPU,42073.93013333331,42229.95669333331
2,fixed_manifest,block_05_proj,linear_projection,GPU,42229.95669333331,42382.200853333314
2,fixed_manifest,block_05_residual1,residual_add,GPU,42382.200853333314,42400.54805333331
2,fixed_manifest,block_05_norm2,layer_norm,GPU,42400.54805333331,42422.67765333331
2,fixed_manifest,block_05_ffn_island,fused_ffn_island,FPGA,42581.442453333315,42914.18997333331
2,fixed_manifest,block_05_residual2,residual_add,GPU,43072.95477333332,43091.30197333331
2,fixed_manifest,block_06_norm1,layer_norm,GPU,43091.30197333331,43113.43157333331
2,fixed_manifest,block_06_qkv,linear_qkv,GPU,43113.43157333331,43556.16405333331
2,fixed_manifest,block_06_attention,self_attention,GPU,43556.16405333331,43712.19061333331
2,fixed_manifest,block_06_proj,linear_projection,GPU,43712.19061333331,43864.43477333331
2,fixed_manifest,block_06_residual1,residual_add,GPU,43864.43477333331,43882.78197333331
2,fixed_manifest,block_06_norm2,layer_norm,GPU,43882.78197333331,43904.91157333331
2,fixed_manifest,block_06_ffn_island,fused_ffn_island,FPGA,44063.676373333314,44396.42389333331
2,fixed_manifest,block_06_residual2,residual_add,GPU,44555.188693333315,44573.53589333331
2,fixed_manifest,block_07_norm1,layer_norm,GPU,44573.53589333331,44595.66549333331
2,fixed_manifest,block_07_qkv,linear_qkv,GPU,44595.66549333331,45038.39797333331
2,fixed_manifest,block_07_attention,self_attention,GPU,45038.39797333331,45194.42453333331
2,fixed_manifest,block_07_proj,linear_projection,GPU,45194.42453333331,45346.66869333331
2,fixed_manifest,block_07_residual1,residual_add,GPU,45346.66869333331,45365.015893333315
2,fixed_manifest,block_07_norm2,layer_norm,GPU,45365.015893333315,45387.14549333331
2,fixed_manifest,block_07_ffn_island,fused_ffn_island,FPGA,45545.91029333331,45878.65781333332
2,fixed_manifest,block_07_residual2,residual_add,GPU,46037.422613333314,46055.76981333331
2,fixed_manifest,block_08_norm1,layer_norm,GPU,46055.76981333331,46077.89941333331
2,fixed_manifest,block_08_qkv,linear_qkv,GPU,46077.89941333331,46520.63189333331
2,fixed_manifest,block_08_attention,self_attention,GPU,46520.63189333331,46676.65845333331
2,fixed_manifest,block_08_proj,linear_projection,GPU,46676.65845333331,46828.90261333331
2,fixed_manifest,block_08_residual1,residual_add,GPU,46828.90261333331,46847.249813333314
2,fixed_manifest,block_08_norm2,layer_norm,GPU,46847.249813333314,46869.37941333331
2,fixed_manifest,block_08_ffn_island,fused_ffn_island,FPGA,47028.14421333331,47360.891733333316
2,fixed_manifest,block_08_residual2,residual_add,GPU,47519.65653333331,47538.00373333332
2,fixed_manifest,block_09_norm1,layer_norm,GPU,47538.00373333332,47560.13333333331
2,fixed_manifest,block_09_qkv,linear_qkv,GPU,47560.13333333331,48002.86581333331
2,fixed_manifest,block_09_attention,self_attention,GPU,48002.86581333331,48158.892373333314
2,fixed_manifest,block_09_proj,linear_projection,GPU,48158.892373333314,48311.136533333316
2,fixed_manifest,block_09_residual1,residual_add,GPU,48311.136533333316,48329.48373333331
2,fixed_manifest,block_09_norm2,layer_norm,GPU,48329.48373333331,48351.613333333305
2,fixed_manifest,block_09_ffn_island,fused_ffn_island,FPGA,48510.37813333331,48843.125653333314
2,fixed_manifest,block_09_residual2,residual_add,GPU,49001.89045333331,49020.237653333315
2,fixed_manifest,block_10_norm1,layer_norm,GPU,49020.237653333315,49042.36725333331
2,fixed_manifest,block_10_qkv,linear_qkv,GPU,49042.36725333331,49485.09973333331
2,fixed_manifest,block_10_attention,self_attention,GPU,49485.09973333331,49641.12629333331
2,fixed_manifest,block_10_proj,linear_projection,GPU,49641.12629333331,49793.370453333315
2,fixed_manifest,block_10_residual1,residual_add,GPU,49793.370453333315,49811.71765333331
2,fixed_manifest,block_10_norm2,layer_norm,GPU,49811.71765333331,49833.847253333304
2,fixed_manifest,block_10_ffn_island,fused_ffn_island,FPGA,49992.61205333331,50325.35957333331
3,fixed_manifest,patch_embedding,patch_embedding,GPU,50000.0,50151.50688
3,fixed_manifest,token_embedding,token_and_position_embedding,GPU,50151.50688,50169.85408
3,fixed_manifest,block_00_norm1,layer_norm,GPU,50169.85408,50191.98368
3,fixed_manifest,block_00_qkv,linear_qkv,GPU,50191.98368,50634.716159999996
2,fixed_manifest,block_10_residual2,residual_add,GPU,50634.716159999996,50653.06335999999
3,fixed_manifest,block_00_attention,self_attention,GPU,50653.06335999999,50809.08991999999
2,fixed_manifest,block_11_norm1,layer_norm,GPU,50809.08991999999,50831.21951999999
3,fixed_manifest,block_00_proj,linear_projection,GPU,50831.21951999999,50983.46367999999
2,fixed_manifest,block_11_qkv,linear_qkv,GPU,50983.46367999999,51426.19615999999
3,fixed_manifest,block_00_residual1,residual_add,GPU,51426.19615999999,51444.54335999999
2,fixed_manifest,block_11_attention,self_attention,GPU,51444.54335999999,51600.569919999994
3,fixed_manifest,block_00_norm2,layer_norm,GPU,51600.569919999994,51622.69951999999
2,fixed_manifest,block_11_proj,linear_projection,GPU,51622.69951999999,51774.94367999999
2,fixed_manifest,block_11_residual1,residual_add,GPU,51774.94367999999,51793.290879999986
3,fixed_manifest,block_00_ffn_island,fused_ffn_island,FPGA,51781.46431999999,52114.211839999996
2,fixed_manifest,block_11_norm2,layer_norm,GPU,51793.290879999986,51815.420479999986
2,fixed_manifest,block_11_ffn_island,fused_ffn_island,FPGA,52114.211839999996,52446.95935999999
3,fixed_manifest,block_00_residual2,residual_add,GPU,52272.97663999999,52291.32384
3,fixed_manifest,block_01_norm1,layer_norm,GPU,52291.32384,52313.45343999999
3,fixed_manifest,block_01_qkv,linear_qkv,GPU,52313.45343999999,52756.18591999999
2,fixed_manifest,block_11_residual2,residual_add,GPU,52756.18591999999,52774.533119999986
3,fixed_manifest,block_01_attention,self_attention,GPU,52774.533119999986,52930.55967999999
2,fixed_manifest,final_norm,layer_norm,GPU,52930.55967999999,52952.689279999984
3,fixed_manifest,block_01_proj,linear_projection,GPU,52952.689279999984,53104.933439999986
2,fixed_manifest,class_token_select,class_token_select,GPU,53104.933439999986,53111.971839999984
3,fixed_manifest,block_01_residual1,residual_add,GPU,53111.971839999984,53130.31903999999
2,fixed_manifest,classifier,linear_classifier,GPU,53130.31903999999,53138.27903999999
3,fixed_manifest,block_01_norm2,layer_norm,GPU,53138.27903999999,53160.40863999998
3,fixed_manifest,block_01_ffn_island,fused_ffn_island,FPGA,53319.173439999984,53651.92095999999
3,fixed_manifest,block_01_residual2,residual_add,GPU,53810.68575999999,53829.03295999999
3,fixed_manifest,block_02_norm1,layer_norm,GPU,53829.03295999999,53851.16255999998
3,fixed_manifest,block_02_qkv,linear_qkv,GPU,53851.16255999998,54293.89503999998
3,fixed_manifest,block_02_attention,self_attention,GPU,54293.89503999998,54449.92159999999
3,fixed_manifest,block_02_proj,linear_projection,GPU,54449.92159999999,54602.16575999999
3,fixed_manifest,block_02_residual1,residual_add,GPU,54602.16575999999,54620.512959999985
3,fixed_manifest,block_02_norm2,layer_norm,GPU,54620.512959999985,54642.642559999986
3,fixed_manifest,block_02_ffn_island,fused_ffn_island,FPGA,54801.40735999998,55134.15487999999
3,fixed_manifest,block_02_residual2,residual_add,GPU,55292.91967999999,55311.26687999999
3,fixed_manifest,block_03_norm1,layer_norm,GPU,55311.26687999999,55333.39647999998
3,fixed_manifest,block_03_qkv,linear_qkv,GPU,55333.39647999998,55776.12895999998
3,fixed_manifest,block_03_attention,self_attention,GPU,55776.12895999998,55932.155519999986
3,fixed_manifest,block_03_proj,linear_projection,GPU,55932.155519999986,56084.39967999999
3,fixed_manifest,block_03_residual1,residual_add,GPU,56084.39967999999,56102.746879999984
3,fixed_manifest,block_03_norm2,layer_norm,GPU,56102.746879999984,56124.876479999984
3,fixed_manifest,block_03_ffn_island,fused_ffn_island,FPGA,56283.64127999998,56616.388799999986
3,fixed_manifest,block_03_residual2,residual_add,GPU,56775.15359999999,56793.50079999999
3,fixed_manifest,block_04_norm1,layer_norm,GPU,56793.50079999999,56815.63039999998
3,fixed_manifest,block_04_qkv,linear_qkv,GPU,56815.63039999998,57258.362879999986
3,fixed_manifest,block_04_attention,self_attention,GPU,57258.362879999986,57414.389439999984
3,fixed_manifest,block_04_proj,linear_projection,GPU,57414.389439999984,57566.63359999999
3,fixed_manifest,block_04_residual1,residual_add,GPU,57566.63359999999,57584.98079999998
3,fixed_manifest,block_04_norm2,layer_norm,GPU,57584.98079999998,57607.11039999998
3,fixed_manifest,block_04_ffn_island,fused_ffn_island,FPGA,57765.87519999998,58098.622719999985
3,fixed_manifest,block_04_residual2,residual_add,GPU,58257.38751999999,58275.734719999986
3,fixed_manifest,block_05_norm1,layer_norm,GPU,58275.734719999986,58297.864319999986
3,fixed_manifest,block_05_qkv,linear_qkv,GPU,58297.864319999986,58740.596799999985
3,fixed_manifest,block_05_attention,self_attention,GPU,58740.596799999985,58896.62335999998
3,fixed_manifest,block_05_proj,linear_projection,GPU,58896.62335999998,59048.867519999985
3,fixed_manifest,block_05_residual1,residual_add,GPU,59048.867519999985,59067.21471999998
3,fixed_manifest,block_05_norm2,layer_norm,GPU,59067.21471999998,59089.34431999998
3,fixed_manifest,block_05_ffn_island,fused_ffn_island,FPGA,59248.10911999998,59580.85663999998
3,fixed_manifest,block_05_residual2,residual_add,GPU,59739.62143999999,59757.968639999985
3,fixed_manifest,block_06_norm1,layer_norm,GPU,59757.968639999985,59780.098239999985
3,fixed_manifest,block_06_qkv,linear_qkv,GPU,59780.098239999985,60222.83071999998
3,fixed_manifest,block_06_attention,self_attention,GPU,60222.83071999998,60378.85727999998
3,fixed_manifest,block_06_proj,linear_projection,GPU,60378.85727999998,60531.101439999984
3,fixed_manifest,block_06_residual1,residual_add,GPU,60531.101439999984,60549.44863999998
3,fixed_manifest,block_06_norm2,layer_norm,GPU,60549.44863999998,60571.57823999998
3,fixed_manifest,block_06_ffn_island,fused_ffn_island,FPGA,60730.343039999985,61063.09055999998
3,fixed_manifest,block_06_residual2,residual_add,GPU,61221.85535999999,61240.20255999998
3,fixed_manifest,block_07_norm1,layer_norm,GPU,61240.20255999998,61262.33215999998
3,fixed_manifest,block_07_qkv,linear_qkv,GPU,61262.33215999998,61705.06463999998
3,fixed_manifest,block_07_attention,self_attention,GPU,61705.06463999998,61861.09119999998
3,fixed_manifest,block_07_proj,linear_projection,GPU,61861.09119999998,62013.33535999998
3,fixed_manifest,block_07_residual1,residual_add,GPU,62013.33535999998,62031.68255999998
3,fixed_manifest,block_07_norm2,layer_norm,GPU,62031.68255999998,62053.81215999998
3,fixed_manifest,block_07_ffn_island,fused_ffn_island,FPGA,62212.576959999984,62545.32447999998
3,fixed_manifest,block_07_residual2,residual_add,GPU,62704.08927999997,62722.436479999975
3,fixed_manifest,block_08_norm1,layer_norm,GPU,62722.436479999975,62744.56607999998
3,fixed_manifest,block_08_qkv,linear_qkv,GPU,62744.56607999998,63187.29855999998
3,fixed_manifest,block_08_attention,self_attention,GPU,63187.29855999998,63343.32511999997
3,fixed_manifest,block_08_proj,linear_projection,GPU,63343.32511999997,63495.56927999997
3,fixed_manifest,block_08_residual1,residual_add,GPU,63495.56927999997,63513.91647999997
3,fixed_manifest,block_08_norm2,layer_norm,GPU,63513.91647999997,63536.04607999998
3,fixed_manifest,block_08_ffn_island,fused_ffn_island,FPGA,63694.81087999997,64027.558399999965
3,fixed_manifest,block_08_residual2,residual_add,GPU,64186.32319999995,64204.67039999995
3,fixed_manifest,block_09_norm1,layer_norm,GPU,64204.67039999995,64226.79999999996
3,fixed_manifest,block_09_qkv,linear_qkv,GPU,64226.79999999996,64669.53247999996
3,fixed_manifest,block_09_attention,self_attention,GPU,64669.53247999996,64825.55903999995
3,fixed_manifest,block_09_proj,linear_projection,GPU,64825.55903999995,64977.80319999995
3,fixed_manifest,block_09_residual1,residual_add,GPU,64977.80319999995,64996.150399999955
3,fixed_manifest,block_09_norm2,layer_norm,GPU,64996.150399999955,65018.279999999955
3,fixed_manifest,block_09_ffn_island,fused_ffn_island,FPGA,65177.044799999945,65509.79231999994
3,fixed_manifest,block_09_residual2,residual_add,GPU,65668.55711999992,65686.90431999993
3,fixed_manifest,block_10_norm1,layer_norm,GPU,65686.90431999993,65709.03391999994
3,fixed_manifest,block_10_qkv,linear_qkv,GPU,65709.03391999994,66151.76639999993
3,fixed_manifest,block_10_attention,self_attention,GPU,66151.76639999993,66307.79295999993
3,fixed_manifest,block_10_proj,linear_projection,GPU,66307.79295999993,66460.03711999992
3,fixed_manifest,block_10_residual1,residual_add,GPU,66460.03711999992,66478.38431999992
3,fixed_manifest,block_10_norm2,layer_norm,GPU,66478.38431999992,66500.51391999994
3,fixed_manifest,block_10_ffn_island,fused_ffn_island,FPGA,66659.27871999993,66992.02623999992
4,fixed_manifest,patch_embedding,patch_embedding,GPU,66666.66666666667,66818.17354666666
4,fixed_manifest,token_embedding,token_and_position_embedding,GPU,66818.17354666666,66836.52074666668
4,fixed_manifest,block_00_norm1,layer_norm,GPU,66836.52074666668,66858.65034666668
4,fixed_manifest,block_00_qkv,linear_qkv,GPU,66858.65034666668,67301.38282666667
3,fixed_manifest,block_10_residual2,residual_add,GPU,67301.38282666667,67319.73002666667
4,fixed_manifest,block_00_attention,self_attention,GPU,67319.73002666667,67475.75658666667
3,fixed_manifest,block_11_norm1,layer_norm,GPU,67475.75658666667,67497.88618666667
4,fixed_manifest,block_00_proj,linear_projection,GPU,67497.88618666667,67650.13034666667
3,fixed_manifest,block_11_qkv,linear_qkv,GPU,67650.13034666667,68092.86282666666
4,fixed_manifest,block_00_residual1,residual_add,GPU,68092.86282666666,68111.21002666667
3,fixed_manifest,block_11_attention,self_attention,GPU,68111.21002666667,68267.23658666667
4,fixed_manifest,block_00_norm2,layer_norm,GPU,68267.23658666667,68289.36618666667
3,fixed_manifest,block_11_proj,linear_projection,GPU,68289.36618666667,68441.61034666667
3,fixed_manifest,block_11_residual1,residual_add,GPU,68441.61034666667,68459.95754666667
4,fixed_manifest,block_00_ffn_island,fused_ffn_island,FPGA,68448.13098666666,68780.87850666666
3,fixed_manifest,block_11_norm2,layer_norm,GPU,68459.95754666667,68482.08714666667
3,fixed_manifest,block_11_ffn_island,fused_ffn_island,FPGA,68780.87850666666,69113.62602666665
4,fixed_manifest,block_00_residual2,residual_add,GPU,68939.64330666665,68957.99050666665
4,fixed_manifest,block_01_norm1,layer_norm,GPU,68957.99050666665,68980.12010666665
4,fixed_manifest,block_01_qkv,linear_qkv,GPU,68980.12010666665,69422.85258666665
3,fixed_manifest,block_11_residual2,residual_add,GPU,69422.85258666665,69441.19978666666
4,fixed_manifest,block_01_attention,self_attention,GPU,69441.19978666666,69597.22634666665
3,fixed_manifest,final_norm,layer_norm,GPU,69597.22634666665,69619.35594666665
4,fixed_manifest,block_01_proj,linear_projection,GPU,69619.35594666665,69771.60010666665
3,fixed_manifest,class_token_select,class_token_select,GPU,69771.60010666665,69778.63850666666
4,fixed_manifest,block_01_residual1,residual_add,GPU,69778.63850666666,69796.98570666666
3,fixed_manifest,classifier,linear_classifier,GPU,69796.98570666666,69804.94570666667
4,fixed_manifest,block_01_norm2,layer_norm,GPU,69804.94570666667,69827.07530666667
4,fixed_manifest,block_01_ffn_island,fused_ffn_island,FPGA,69985.84010666666,70318.58762666665
4,fixed_manifest,block_01_residual2,residual_add,GPU,70477.35242666664,70495.69962666664
4,fixed_manifest,block_02_norm1,layer_norm,GPU,70495.69962666664,70517.82922666665
4,fixed_manifest,block_02_qkv,linear_qkv,GPU,70517.82922666665,70960.56170666665
4,fixed_manifest,block_02_attention,self_attention,GPU,70960.56170666665,71116.58826666664
4,fixed_manifest,block_02_proj,linear_projection,GPU,71116.58826666664,71268.83242666663
4,fixed_manifest,block_02_residual1,residual_add,GPU,71268.83242666663,71287.17962666664
4,fixed_manifest,block_02_norm2,layer_norm,GPU,71287.17962666664,71309.30922666665
4,fixed_manifest,block_02_ffn_island,fused_ffn_island,FPGA,71468.07402666664,71800.82154666663
4,fixed_manifest,block_02_residual2,residual_add,GPU,71959.58634666662,71977.93354666662
4,fixed_manifest,block_03_norm1,layer_norm,GPU,71977.93354666662,72000.06314666662
4,fixed_manifest,block_03_qkv,linear_qkv,GPU,72000.06314666662,72442.79562666663
4,fixed_manifest,block_03_attention,self_attention,GPU,72442.79562666663,72598.82218666661
4,fixed_manifest,block_03_proj,linear_projection,GPU,72598.82218666661,72751.06634666662
4,fixed_manifest,block_03_residual1,residual_add,GPU,72751.06634666662,72769.41354666662
4,fixed_manifest,block_03_norm2,layer_norm,GPU,72769.41354666662,72791.54314666662
4,fixed_manifest,block_03_ffn_island,fused_ffn_island,FPGA,72950.30794666661,73283.05546666661
4,fixed_manifest,block_03_residual2,residual_add,GPU,73441.82026666659,73460.16746666661
4,fixed_manifest,block_04_norm1,layer_norm,GPU,73460.16746666661,73482.29706666661
4,fixed_manifest,block_04_qkv,linear_qkv,GPU,73482.29706666661,73925.0295466666
4,fixed_manifest,block_04_attention,self_attention,GPU,73925.0295466666,74081.0561066666
4,fixed_manifest,block_04_proj,linear_projection,GPU,74081.0561066666,74233.3002666666
4,fixed_manifest,block_04_residual1,residual_add,GPU,74233.3002666666,74251.6474666666
4,fixed_manifest,block_04_norm2,layer_norm,GPU,74251.6474666666,74273.7770666666
4,fixed_manifest,block_04_ffn_island,fused_ffn_island,FPGA,74432.5418666666,74765.28938666658
4,fixed_manifest,block_04_residual2,residual_add,GPU,74924.05418666657,74942.40138666658
4,fixed_manifest,block_05_norm1,layer_norm,GPU,74942.40138666658,74964.53098666658
4,fixed_manifest,block_05_qkv,linear_qkv,GPU,74964.53098666658,75407.26346666658
4,fixed_manifest,block_05_attention,self_attention,GPU,75407.26346666658,75563.29002666658
4,fixed_manifest,block_05_proj,linear_projection,GPU,75563.29002666658,75715.53418666657
4,fixed_manifest,block_05_residual1,residual_add,GPU,75715.53418666657,75733.88138666657
4,fixed_manifest,block_05_norm2,layer_norm,GPU,75733.88138666657,75756.01098666657
4,fixed_manifest,block_05_ffn_island,fused_ffn_island,FPGA,75914.77578666656,76247.52330666657
4,fixed_manifest,block_05_residual2,residual_add,GPU,76406.28810666656,76424.63530666656
4,fixed_manifest,block_06_norm1,layer_norm,GPU,76424.63530666656,76446.76490666656
4,fixed_manifest,block_06_qkv,linear_qkv,GPU,76446.76490666656,76889.49738666657
4,fixed_manifest,block_06_attention,self_attention,GPU,76889.49738666657,77045.52394666655
4,fixed_manifest,block_06_proj,linear_projection,GPU,77045.52394666655,77197.76810666655
4,fixed_manifest,block_06_residual1,residual_add,GPU,77197.76810666655,77216.11530666656
4,fixed_manifest,block_06_norm2,layer_norm,GPU,77216.11530666656,77238.24490666656
4,fixed_manifest,block_06_ffn_island,fused_ffn_island,FPGA,77397.00970666655,77729.75722666654
4,fixed_manifest,block_06_residual2,residual_add,GPU,77888.52202666653,77906.86922666653
4,fixed_manifest,block_07_norm1,layer_norm,GPU,77906.86922666653,77928.99882666655
4,fixed_manifest,block_07_qkv,linear_qkv,GPU,77928.99882666655,78371.73130666654
4,fixed_manifest,block_07_attention,self_attention,GPU,78371.73130666654,78527.75786666654
4,fixed_manifest,block_07_proj,linear_projection,GPU,78527.75786666654,78680.00202666652
4,fixed_manifest,block_07_residual1,residual_add,GPU,78680.00202666652,78698.34922666653
4,fixed_manifest,block_07_norm2,layer_norm,GPU,78698.34922666653,78720.47882666654
4,fixed_manifest,block_07_ffn_island,fused_ffn_island,FPGA,78879.24362666653,79211.99114666652
4,fixed_manifest,block_07_residual2,residual_add,GPU,79370.75594666651,79389.10314666652
4,fixed_manifest,block_08_norm1,layer_norm,GPU,79389.10314666652,79411.23274666652
4,fixed_manifest,block_08_qkv,linear_qkv,GPU,79411.23274666652,79853.96522666652
4,fixed_manifest,block_08_attention,self_attention,GPU,79853.96522666652,80009.9917866665
4,fixed_manifest,block_08_proj,linear_projection,GPU,80009.9917866665,80162.23594666651
4,fixed_manifest,block_08_residual1,residual_add,GPU,80162.23594666651,80180.58314666651
4,fixed_manifest,block_08_norm2,layer_norm,GPU,80180.58314666651,80202.71274666651
4,fixed_manifest,block_08_ffn_island,fused_ffn_island,FPGA,80361.4775466665,80694.2250666665
4,fixed_manifest,block_08_residual2,residual_add,GPU,80852.9898666665,80871.3370666665
4,fixed_manifest,block_09_norm1,layer_norm,GPU,80871.3370666665,80893.4666666665
4,fixed_manifest,block_09_qkv,linear_qkv,GPU,80893.4666666665,81336.19914666649
4,fixed_manifest,block_09_attention,self_attention,GPU,81336.19914666649,81492.22570666649
4,fixed_manifest,block_09_proj,linear_projection,GPU,81492.22570666649,81644.46986666649
4,fixed_manifest,block_09_residual1,residual_add,GPU,81644.46986666649,81662.8170666665
4,fixed_manifest,block_09_norm2,layer_norm,GPU,81662.8170666665,81684.9466666665
4,fixed_manifest,block_09_ffn_island,fused_ffn_island,FPGA,81843.71146666649,82176.45898666648
4,fixed_manifest,block_09_residual2,residual_add,GPU,82335.22378666647,82353.57098666647
4,fixed_manifest,block_10_norm1,layer_norm,GPU,82353.57098666647,82375.70058666647
4,fixed_manifest,block_10_qkv,linear_qkv,GPU,82375.70058666647,82818.43306666648
4,fixed_manifest,block_10_attention,self_attention,GPU,82818.43306666648,82974.45962666647
4,fixed_manifest,block_10_proj,linear_projection,GPU,82974.45962666647,83126.70378666646
4,fixed_manifest,block_10_residual1,residual_add,GPU,83126.70378666646,83145.05098666647
4,fixed_manifest,block_10_norm2,layer_norm,GPU,83145.05098666647,83167.18058666647
4,fixed_manifest,block_10_ffn_island,fused_ffn_island,FPGA,83325.94538666646,83658.69290666646
5,fixed_manifest,patch_embedding,patch_embedding,GPU,83333.33333333334,83484.84021333334
5,fixed_manifest,token_embedding,token_and_position_embedding,GPU,83484.84021333334,83503.18741333335
5,fixed_manifest,block_00_norm1,layer_norm,GPU,83503.18741333335,83525.31701333335
5,fixed_manifest,block_00_qkv,linear_qkv,GPU,83525.31701333335,83968.04949333335
4,fixed_manifest,block_10_residual2,residual_add,GPU,83968.04949333335,83986.39669333336
5,fixed_manifest,block_00_attention,self_attention,GPU,83986.39669333336,84142.42325333334
4,fixed_manifest,block_11_norm1,layer_norm,GPU,84142.42325333334,84164.55285333336
5,fixed_manifest,block_00_proj,linear_projection,GPU,84164.55285333336,84316.79701333334
4,fixed_manifest,block_11_qkv,linear_qkv,GPU,84316.79701333334,84759.52949333335
5,fixed_manifest,block_00_residual1,residual_add,GPU,84759.52949333335,84777.87669333335
4,fixed_manifest,block_11_attention,self_attention,GPU,84777.87669333335,84933.90325333335
5,fixed_manifest,block_00_norm2,layer_norm,GPU,84933.90325333335,84956.03285333335
4,fixed_manifest,block_11_proj,linear_projection,GPU,84956.03285333335,85108.27701333334
4,fixed_manifest,block_11_residual1,residual_add,GPU,85108.27701333334,85126.62421333334
5,fixed_manifest,block_00_ffn_island,fused_ffn_island,FPGA,85114.79765333334,85447.54517333333
4,fixed_manifest,block_11_norm2,layer_norm,GPU,85126.62421333334,85148.75381333336
4,fixed_manifest,block_11_ffn_island,fused_ffn_island,FPGA,85447.54517333333,85780.29269333334
5,fixed_manifest,block_00_residual2,residual_add,GPU,85606.30997333332,85624.65717333333
5,fixed_manifest,block_01_norm1,layer_norm,GPU,85624.65717333333,85646.78677333333
5,fixed_manifest,block_01_qkv,linear_qkv,GPU,85646.78677333333,86089.51925333333
4,fixed_manifest,block_11_residual2,residual_add,GPU,86089.51925333333,86107.86645333334
5,fixed_manifest,block_01_attention,self_attention,GPU,86107.86645333334,86263.89301333333
4,fixed_manifest,final_norm,layer_norm,GPU,86263.89301333333,86286.02261333333
5,fixed_manifest,block_01_proj,linear_projection,GPU,86286.02261333333,86438.26677333332
4,fixed_manifest,class_token_select,class_token_select,GPU,86438.26677333332,86445.30517333333
5,fixed_manifest,block_01_residual1,residual_add,GPU,86445.30517333333,86463.65237333335
4,fixed_manifest,classifier,linear_classifier,GPU,86463.65237333335,86471.61237333334
5,fixed_manifest,block_01_norm2,layer_norm,GPU,86471.61237333334,86493.74197333334
5,fixed_manifest,block_01_ffn_island,fused_ffn_island,FPGA,86652.50677333333,86985.25429333333
5,fixed_manifest,block_01_residual2,residual_add,GPU,87144.01909333332,87162.36629333333
5,fixed_manifest,block_02_norm1,layer_norm,GPU,87162.36629333333,87184.49589333333
5,fixed_manifest,block_02_qkv,linear_qkv,GPU,87184.49589333333,87627.22837333332
5,fixed_manifest,block_02_attention,self_attention,GPU,87627.22837333332,87783.25493333332
5,fixed_manifest,block_02_proj,linear_projection,GPU,87783.25493333332,87935.49909333332
5,fixed_manifest,block_02_residual1,residual_add,GPU,87935.49909333332,87953.84629333332
5,fixed_manifest,block_02_norm2,layer_norm,GPU,87953.84629333332,87975.97589333332
5,fixed_manifest,block_02_ffn_island,fused_ffn_island,FPGA,88134.74069333331,88467.4882133333
5,fixed_manifest,block_02_residual2,residual_add,GPU,88626.25301333329,88644.6002133333
5,fixed_manifest,block_03_norm1,layer_norm,GPU,88644.6002133333,88666.72981333331
5,fixed_manifest,block_03_qkv,linear_qkv,GPU,88666.72981333331,89109.4622933333
5,fixed_manifest,block_03_attention,self_attention,GPU,89109.4622933333,89265.4888533333
5,fixed_manifest,block_03_proj,linear_projection,GPU,89265.4888533333,89417.73301333329
5,fixed_manifest,block_03_residual1,residual_add,GPU,89417.73301333329,89436.08021333329
5,fixed_manifest,block_03_norm2,layer_norm,GPU,89436.08021333329,89458.2098133333
5,fixed_manifest,block_03_ffn_island,fused_ffn_island,FPGA,89616.9746133333,89949.72213333329
5,fixed_manifest,block_03_residual2,residual_add,GPU,90108.48693333328,90126.83413333328
5,fixed_manifest,block_04_norm1,layer_norm,GPU,90126.83413333328,90148.96373333328
5,fixed_manifest,block_04_qkv,linear_qkv,GPU,90148.96373333328,90591.69621333329
5,fixed_manifest,block_04_attention,self_attention,GPU,90591.69621333329,90747.72277333327
5,fixed_manifest,block_04_proj,linear_projection,GPU,90747.72277333327,90899.96693333327
5,fixed_manifest,block_04_residual1,residual_add,GPU,90899.96693333327,90918.31413333328
5,fixed_manifest,block_04_norm2,layer_norm,GPU,90918.31413333328,90940.44373333328
5,fixed_manifest,block_04_ffn_island,fused_ffn_island,FPGA,91099.20853333327,91431.95605333327
5,fixed_manifest,block_04_residual2,residual_add,GPU,91590.72085333325,91609.06805333326
5,fixed_manifest,block_05_norm1,layer_norm,GPU,91609.06805333326,91631.19765333326
5,fixed_manifest,block_05_qkv,linear_qkv,GPU,91631.19765333326,92073.93013333326
5,fixed_manifest,block_05_attention,self_attention,GPU,92073.93013333326,92229.95669333325
5,fixed_manifest,block_05_proj,linear_projection,GPU,92229.95669333325,92382.20085333326
5,fixed_manifest,block_05_residual1,residual_add,GPU,92382.20085333326,92400.54805333326
5,fixed_manifest,block_05_norm2,layer_norm,GPU,92400.54805333326,92422.67765333326
5,fixed_manifest,block_05_ffn_island,fused_ffn_island,FPGA,92581.44245333325,92914.18997333324
5,fixed_manifest,block_05_residual2,residual_add,GPU,93072.95477333323,93091.30197333323
5,fixed_manifest,block_06_norm1,layer_norm,GPU,93091.30197333323,93113.43157333323
5,fixed_manifest,block_06_qkv,linear_qkv,GPU,93113.43157333323,93556.16405333324
5,fixed_manifest,block_06_attention,self_attention,GPU,93556.16405333324,93712.19061333324
5,fixed_manifest,block_06_proj,linear_projection,GPU,93712.19061333324,93864.43477333323
5,fixed_manifest,block_06_residual1,residual_add,GPU,93864.43477333323,93882.78197333323
5,fixed_manifest,block_06_norm2,layer_norm,GPU,93882.78197333323,93904.91157333323
5,fixed_manifest,block_06_ffn_island,fused_ffn_island,FPGA,94063.67637333322,94396.42389333322
5,fixed_manifest,block_06_residual2,residual_add,GPU,94555.18869333321,94573.53589333322
5,fixed_manifest,block_07_norm1,layer_norm,GPU,94573.53589333322,94595.66549333322
5,fixed_manifest,block_07_qkv,linear_qkv,GPU,94595.66549333322,95038.39797333322
5,fixed_manifest,block_07_attention,self_attention,GPU,95038.39797333322,95194.42453333321
5,fixed_manifest,block_07_proj,linear_projection,GPU,95194.42453333321,95346.66869333321
5,fixed_manifest,block_07_residual1,residual_add,GPU,95346.66869333321,95365.01589333321
5,fixed_manifest,block_07_norm2,layer_norm,GPU,95365.01589333321,95387.14549333321
5,fixed_manifest,block_07_ffn_island,fused_ffn_island,FPGA,95545.9102933332,95878.6578133332
5,fixed_manifest,block_07_residual2,residual_add,GPU,96037.42261333318,96055.76981333319
5,fixed_manifest,block_08_norm1,layer_norm,GPU,96055.76981333319,96077.8994133332
5,fixed_manifest,block_08_qkv,linear_qkv,GPU,96077.8994133332,96520.6318933332
5,fixed_manifest,block_08_attention,self_attention,GPU,96520.6318933332,96676.65845333319
5,fixed_manifest,block_08_proj,linear_projection,GPU,96676.65845333319,96828.90261333318
5,fixed_manifest,block_08_residual1,residual_add,GPU,96828.90261333318,96847.24981333318
5,fixed_manifest,block_08_norm2,layer_norm,GPU,96847.24981333318,96869.3794133332
5,fixed_manifest,block_08_ffn_island,fused_ffn_island,FPGA,97028.14421333319,97360.89173333318
5,fixed_manifest,block_08_residual2,residual_add,GPU,97519.65653333317,97538.00373333317
5,fixed_manifest,block_09_norm1,layer_norm,GPU,97538.00373333317,97560.13333333317
5,fixed_manifest,block_09_qkv,linear_qkv,GPU,97560.13333333317,98002.86581333318
5,fixed_manifest,block_09_attention,self_attention,GPU,98002.86581333318,98158.89237333316
5,fixed_manifest,block_09_proj,linear_projection,GPU,98158.89237333316,98311.13653333316
5,fixed_manifest,block_09_residual1,residual_add,GPU,98311.13653333316,98329.48373333317
5,fixed_manifest,block_09_norm2,layer_norm,GPU,98329.48373333317,98351.61333333317
5,fixed_manifest,block_09_ffn_island,fused_ffn_island,FPGA,98510.37813333316,98843.12565333316
5,fixed_manifest,block_09_residual2,residual_add,GPU,99001.89045333314,99020.23765333316
5,fixed_manifest,block_10_norm1,layer_norm,GPU,99020.23765333316,99042.36725333316
5,fixed_manifest,block_10_qkv,linear_qkv,GPU,99042.36725333316,99485.09973333315
5,fixed_manifest,block_10_attention,self_attention,GPU,99485.09973333315,99641.12629333315
5,fixed_manifest,block_10_proj,linear_projection,GPU,99641.12629333315,99793.37045333315
5,fixed_manifest,block_10_residual1,residual_add,GPU,99793.37045333315,99811.71765333315
5,fixed_manifest,block_10_norm2,layer_norm,GPU,99811.71765333315,99833.84725333315
5,fixed_manifest,block_10_ffn_island,fused_ffn_island,FPGA,99992.61205333314,100325.35957333313
6,fixed_manifest,patch_embedding,patch_embedding,GPU,100000.0,100151.50688
6,fixed_manifest,token_embedding,token_and_position_embedding,GPU,100151.50688,100169.85408
6,fixed_manifest,block_00_norm1,layer_norm,GPU,100169.85408,100191.98368000002
6,fixed_manifest,block_00_qkv,linear_qkv,GPU,100191.98368000002,100634.71616000001
5,fixed_manifest,block_10_residual2,residual_add,GPU,100634.71616000001,100653.06336000001
6,fixed_manifest,block_00_attention,self_attention,GPU,100653.06336000001,100809.08992000001
5,fixed_manifest,block_11_norm1,layer_norm,GPU,100809.08992000001,100831.21952000001
6,fixed_manifest,block_00_proj,linear_projection,GPU,100831.21952000001,100983.46368000002
5,fixed_manifest,block_11_qkv,linear_qkv,GPU,100983.46368000002,101426.19616
6,fixed_manifest,block_00_residual1,residual_add,GPU,101426.19616,101444.54336000001
5,fixed_manifest,block_11_attention,self_attention,GPU,101444.54336000001,101600.56992000001
6,fixed_manifest,block_00_norm2,layer_norm,GPU,101600.56992000001,101622.69952000001
5,fixed_manifest,block_11_proj,linear_projection,GPU,101622.69952000001,101774.94368000001
5,fixed_manifest,block_11_residual1,residual_add,GPU,101774.94368000001,101793.29088000002
6,fixed_manifest,block_00_ffn_island,fused_ffn_island,FPGA,101781.46432,102114.21184
5,fixed_manifest,block_11_norm2,layer_norm,GPU,101793.29088000002,101815.42048000002
5,fixed_manifest,block_11_ffn_island,fused_ffn_island,FPGA,102114.21184,102446.95936
6,fixed_manifest,block_00_residual2,residual_add,GPU,102272.97663999998,102291.32383999998
6,fixed_manifest,block_01_norm1,layer_norm,GPU,102291.32383999998,102313.45344
6,fixed_manifest,block_01_qkv,linear_qkv,GPU,102313.45344,102756.18591999999
5,fixed_manifest,block_11_residual2,residual_add,GPU,102756.18591999999,102774.53312
6,fixed_manifest,block_01_attention,self_attention,GPU,102774.53312,102930.55967999999
5,fixed_manifest,final_norm,layer_norm,GPU,102930.55967999999,102952.68927999999
6,fixed_manifest,block_01_proj,linear_projection,GPU,102952.68927999999,103104.93344
5,fixed_manifest,class_token_select,class_token_select,GPU,103104.93344,103111.97184
6,fixed_manifest,block_01_residual1,residual_add,GPU,103111.97184,103130.31904
5,fixed_manifest,classifier,linear_classifier,GPU,103130.31904,103138.27904000001
6,fixed_manifest,block_01_norm2,layer_norm,GPU,103138.27904000001,103160.40864000001
6,fixed_manifest,block_01_ffn_island,fused_ffn_island,FPGA,103319.17344,103651.92095999999
6,fixed_manifest,block_01_residual2,residual_add,GPU,103810.68575999998,103829.03295999998
6,fixed_manifest,block_02_norm1,layer_norm,GPU,103829.03295999998,103851.16255999998
6,fixed_manifest,block_02_qkv,linear_qkv,GPU,103851.16255999998,104293.89503999999
6,fixed_manifest,block_02_attention,self_attention,GPU,104293.89503999999,104449.92159999999
6,fixed_manifest,block_02_proj,linear_projection,GPU,104449.92159999999,104602.16575999997
6,fixed_manifest,block_02_residual1,residual_add,GPU,104602.16575999997,104620.51295999998
6,fixed_manifest,block_02_norm2,layer_norm,GPU,104620.51295999998,104642.64255999998
6,fixed_manifest,block_02_ffn_island,fused_ffn_island,FPGA,104801.40735999997,105134.15487999997
6,fixed_manifest,block_02_residual2,residual_add,GPU,105292.91967999996,105311.26687999997
6,fixed_manifest,block_03_norm1,layer_norm,GPU,105311.26687999997,105333.39647999997
6,fixed_manifest,block_03_qkv,linear_qkv,GPU,105333.39647999997,105776.12895999997
6,fixed_manifest,block_03_attention,self_attention,GPU,105776.12895999997,105932.15551999996
6,fixed_manifest,block_03_proj,linear_projection,GPU,105932.15551999996,106084.39967999996
6,fixed_manifest,block_03_residual1,residual_add,GPU,106084.39967999996,106102.74687999996
6,fixed_manifest,block_03_norm2,layer_norm,GPU,106102.74687999996,106124.87647999996
6,fixed_manifest,block_03_ffn_island,fused_ffn_island,FPGA,106283.64127999995,106616.38879999994
6,fixed_manifest,block_03_residual2,residual_add,GPU,106775.15359999993,106793.50079999994
6,fixed_manifest,block_04_norm1,layer_norm,GPU,106793.50079999994,106815.63039999995
6,fixed_manifest,block_04_qkv,linear_qkv,GPU,106815.63039999995,107258.36287999994
6,fixed_manifest,block_04_attention,self_attention,GPU,107258.36287999994,107414.38943999994
6,fixed_manifest,block_04_proj,linear_projection,GPU,107414.38943999994,107566.63359999993
6,fixed_manifest,block_04_residual1,residual_add,GPU,107566.63359999993,107584.98079999993
6,fixed_manifest,block_04_norm2,layer_norm,GPU,107584.98079999993,107607.11039999995
6,fixed_manifest,block_04_ffn_island,fused_ffn_island,FPGA,107765.87519999994,108098.62271999993
6,fixed_manifest,block_04_residual2,residual_add,GPU,108257.38751999992,108275.73471999992
6,fixed_manifest,block_05_norm1,layer_norm,GPU,108275.73471999992,108297.86431999992
6,fixed_manifest,block_05_qkv,linear_qkv,GPU,108297.86431999992,108740.59679999993
6,fixed_manifest,block_05_attention,self_attention,GPU,108740.59679999993,108896.62335999991
6,fixed_manifest,block_05_proj,linear_projection,GPU,108896.62335999991,109048.86751999991
6,fixed_manifest,block_05_residual1,residual_add,GPU,109048.86751999991,109067.21471999992
6,fixed_manifest,block_05_norm2,layer_norm,GPU,109067.21471999992,109089.34431999992
6,fixed_manifest,block_05_ffn_island,fused_ffn_island,FPGA,109248.1091199999,109580.85663999991
6,fixed_manifest,block_05_residual2,residual_add,GPU,109739.62143999989,109757.9686399999
6,fixed_manifest,block_06_norm1,layer_norm,GPU,109757.9686399999,109780.0982399999
6,fixed_manifest,block_06_qkv,linear_qkv,GPU,109780.0982399999,110222.8307199999
6,fixed_manifest,block_06_attention,self_attention,GPU,110222.8307199999,110378.8572799999
6,fixed_manifest,block_06_proj,linear_projection,GPU,110378.8572799999,110531.1014399999
6,fixed_manifest,block_06_residual1,residual_add,GPU,110531.1014399999,110549.4486399999
6,fixed_manifest,block_06_norm2,layer_norm,GPU,110549.4486399999,110571.5782399999
6,fixed_manifest,block_06_ffn_island,fused_ffn_island,FPGA,110730.34303999989,111063.09055999988
6,fixed_manifest,block_06_residual2,residual_add,GPU,111221.85535999987,111240.20255999987
6,fixed_manifest,block_07_norm1,layer_norm,GPU,111240.20255999987,111262.33215999987
6,fixed_manifest,block_07_qkv,linear_qkv,GPU,111262.33215999987,111705.06463999988
6,fixed_manifest,block_07_attention,self_attention,GPU,111705.06463999988,111861.09119999988
6,fixed_manifest,block_07_proj,linear_projection,GPU,111861.09119999988,112013.33535999987
6,fixed_manifest,block_07_residual1,residual_add,GPU,112013.33535999987,112031.68255999987
6,fixed_manifest,block_07_norm2,layer_norm,GPU,112031.68255999987,112053.81215999987
6,fixed_manifest,block_07_ffn_island,fused_ffn_island,FPGA,112212.57695999986,112545.32447999986
6,fixed_manifest,block_07_residual2,residual_add,GPU,112704.08927999985,112722.43647999986
6,fixed_manifest,block_08_norm1,layer_norm,GPU,112722.43647999986,112744.56607999986
6,fixed_manifest,block_08_qkv,linear_qkv,GPU,112744.56607999986,113187.29855999986
6,fixed_manifest,block_08_attention,self_attention,GPU,113187.29855999986,113343.32511999985
6,fixed_manifest,block_08_proj,linear_projection,GPU,113343.32511999985,113495.56927999985
6,fixed_manifest,block_08_residual1,residual_add,GPU,113495.56927999985,113513.91647999985
6,fixed_manifest,block_08_norm2,layer_norm,GPU,113513.91647999985,113536.04607999985
6,fixed_manifest,block_08_ffn_island,fused_ffn_island,FPGA,113694.81087999984,114027.55839999983
6,fixed_manifest,block_08_residual2,residual_add,GPU,114186.32319999982,114204.67039999983
6,fixed_manifest,block_09_norm1,layer_norm,GPU,114204.67039999983,114226.79999999984
6,fixed_manifest,block_09_qkv,linear_qkv,GPU,114226.79999999984,114669.53247999983
6,fixed_manifest,block_09_attention,self_attention,GPU,114669.53247999983,114825.55903999983
6,fixed_manifest,block_09_proj,linear_projection,GPU,114825.55903999983,114977.80319999982
6,fixed_manifest,block_09_residual1,residual_add,GPU,114977.80319999982,114996.15039999982
6,fixed_manifest,block_09_norm2,layer_norm,GPU,114996.15039999982,115018.27999999984
6,fixed_manifest,block_09_ffn_island,fused_ffn_island,FPGA,115177.04479999983,115509.79231999982
6,fixed_manifest,block_09_residual2,residual_add,GPU,115668.55711999981,115686.90431999981
6,fixed_manifest,block_10_norm1,layer_norm,GPU,115686.90431999981,115709.03391999981
6,fixed_manifest,block_10_qkv,linear_qkv,GPU,115709.03391999981,116151.76639999982
6,fixed_manifest,block_10_attention,self_attention,GPU,116151.76639999982,116307.7929599998
6,fixed_manifest,block_10_proj,linear_projection,GPU,116307.7929599998,116460.0371199998
6,fixed_manifest,block_10_residual1,residual_add,GPU,116460.0371199998,116478.38431999981
6,fixed_manifest,block_10_norm2,layer_norm,GPU,116478.38431999981,116500.51391999981
6,fixed_manifest,block_10_ffn_island,fused_ffn_island,FPGA,116659.2787199998,116992.0262399998
7,fixed_manifest,patch_embedding,patch_embedding,GPU,116666.66666666667,116818.17354666667
7,fixed_manifest,token_embedding,token_and_position_embedding,GPU,116818.17354666667,116836.52074666668
7,fixed_manifest,block_00_norm1,layer_norm,GPU,116836.52074666668,116858.65034666668
7,fixed_manifest,block_00_qkv,linear_qkv,GPU,116858.65034666668,117301.38282666668
6,fixed_manifest,block_10_residual2,residual_add,GPU,117301.38282666668,117319.73002666669
7,fixed_manifest,block_00_attention,self_attention,GPU,117319.73002666669,117475.75658666667
6,fixed_manifest,block_11_norm1,layer_norm,GPU,117475.75658666667,117497.88618666668
7,fixed_manifest,block_00_proj,linear_projection,GPU,117497.88618666668,117650.13034666667
6,fixed_manifest,block_11_qkv,linear_qkv,GPU,117650.13034666667,118092.86282666668
7,fixed_manifest,block_00_residual1,residual_add,GPU,118092.86282666668,118111.21002666668
6,fixed_manifest,block_11_attention,self_attention,GPU,118111.21002666668,118267.23658666667
7,fixed_manifest,block_00_norm2,layer_norm,GPU,118267.23658666667,118289.36618666668
6,fixed_manifest,block_11_proj,linear_projection,GPU,118289.36618666668,118441.61034666667
6,fixed_manifest,block_11_residual1,residual_add,GPU,118441.61034666667,118459.95754666667
7,fixed_manifest,block_00_ffn_island,fused_ffn_island,FPGA,118448.13098666667,118780.87850666666
6,fixed_manifest,block_11_norm2,layer_norm,GPU,118459.95754666667,118482.08714666667
6,fixed_manifest,block_11_ffn_island,fused_ffn_island,FPGA,118780.87850666666,119113.62602666665
7,fixed_manifest,block_00_residual2,residual_add,GPU,118939.64330666665,118957.99050666665
7,fixed_manifest,block_01_norm1,layer_norm,GPU,118957.99050666665,118980.12010666665
7,fixed_manifest,block_01_qkv,linear_qkv,GPU,118980.12010666665,119422.85258666666
6,fixed_manifest,block_11_residual2,residual_add,GPU,119422.85258666666,119441.19978666666
7,fixed_manifest,block_01_attention,self_attention,GPU,119441.19978666666,119597.22634666665
6,fixed_manifest,final_norm,layer_norm,GPU,119597.22634666665,119619.35594666666
7,fixed_manifest,block_01_proj,linear_projection,GPU,119619.35594666666,119771.60010666665
6,fixed_manifest,class_token_select,class_token_select,GPU,119771.60010666665,119778.63850666666
7,fixed_manifest,block_01_residual1,residual_add,GPU,119778.63850666666,119796.98570666666
6,fixed_manifest,classifier,linear_classifier,GPU,119796.98570666666,119804.94570666667
7,fixed_manifest,block_01_norm2,layer_norm,GPU,119804.94570666667,119827.07530666667
7,fixed_manifest,block_01_ffn_island,fused_ffn_island,FPGA,119985.84010666666,120318.58762666666
7,fixed_manifest,block_01_residual2,residual_add,GPU,120477.35242666664,120495.69962666665
7,fixed_manifest,block_02_norm1,layer_norm,GPU,120495.69962666665,120517.82922666665
7,fixed_manifest,block_02_qkv,linear_qkv,GPU,120517.82922666665,120960.56170666665
7,fixed_manifest,block_02_attention,self_attention,GPU,120960.56170666665,121116.58826666664
7,fixed_manifest,block_02_proj,linear_projection,GPU,121116.58826666664,121268.83242666665
7,fixed_manifest,block_02_residual1,residual_add,GPU,121268.83242666665,121287.17962666665
7,fixed_manifest,block_02_norm2,layer_norm,GPU,121287.17962666665,121309.30922666665
7,fixed_manifest,block_02_ffn_island,fused_ffn_island,FPGA,121468.07402666664,121800.82154666663
7,fixed_manifest,block_02_residual2,residual_add,GPU,121959.58634666662,121977.93354666662
7,fixed_manifest,block_03_norm1,layer_norm,GPU,121977.93354666662,122000.06314666662
7,fixed_manifest,block_03_qkv,linear_qkv,GPU,122000.06314666662,122442.79562666663
7,fixed_manifest,block_03_attention,self_attention,GPU,122442.79562666663,122598.82218666663
7,fixed_manifest,block_03_proj,linear_projection,GPU,122598.82218666663,122751.06634666662
7,fixed_manifest,block_03_residual1,residual_add,GPU,122751.06634666662,122769.41354666662
7,fixed_manifest,block_03_norm2,layer_norm,GPU,122769.41354666662,122791.54314666662
7,fixed_manifest,block_03_ffn_island,fused_ffn_island,FPGA,122950.30794666661,123283.05546666661
7,fixed_manifest,block_03_residual2,residual_add,GPU,123441.8202666666,123460.16746666661
7,fixed_manifest,block_04_norm1,layer_norm,GPU,123460.16746666661,123482.29706666661
7,fixed_manifest,block_04_qkv,linear_qkv,GPU,123482.29706666661,123925.02954666661
7,fixed_manifest,block_04_attention,self_attention,GPU,123925.02954666661,124081.0561066666
7,fixed_manifest,block_04_proj,linear_projection,GPU,124081.0561066666,124233.3002666666
7,fixed_manifest,block_04_residual1,residual_add,GPU,124233.3002666666,124251.6474666666
7,fixed_manifest,block_04_norm2,layer_norm,GPU,124251.6474666666,124273.7770666666
7,fixed_manifest,block_04_ffn_island,fused_ffn_island,FPGA,124432.5418666666,124765.28938666658
7,fixed_manifest,block_04_residual2,residual_add,GPU,124924.05418666657,124942.40138666658
7,fixed_manifest,block_05_norm1,layer_norm,GPU,124942.40138666658,124964.53098666659
7,fixed_manifest,block_05_qkv,linear_qkv,GPU,124964.53098666659,125407.26346666658
7,fixed_manifest,block_05_attention,self_attention,GPU,125407.26346666658,125563.29002666658
7,fixed_manifest,block_05_proj,linear_projection,GPU,125563.29002666658,125715.53418666658
7,fixed_manifest,block_05_residual1,residual_add,GPU,125715.53418666658,125733.88138666657
7,fixed_manifest,block_05_norm2,layer_norm,GPU,125733.88138666657,125756.01098666659
7,fixed_manifest,block_05_ffn_island,fused_ffn_island,FPGA,125914.77578666659,126247.52330666661
7,fixed_manifest,block_05_residual2,residual_add,GPU,126406.28810666663,126424.63530666662
7,fixed_manifest,block_06_norm1,layer_norm,GPU,126424.63530666662,126446.76490666662
7,fixed_manifest,block_06_qkv,linear_qkv,GPU,126446.76490666662,126889.49738666663
7,fixed_manifest,block_06_attention,self_attention,GPU,126889.49738666663,127045.52394666662
7,fixed_manifest,block_06_proj,linear_projection,GPU,127045.52394666662,127197.76810666664
7,fixed_manifest,block_06_residual1,residual_add,GPU,127197.76810666664,127216.11530666663
7,fixed_manifest,block_06_norm2,layer_norm,GPU,127216.11530666663,127238.24490666663
7,fixed_manifest,block_06_ffn_island,fused_ffn_island,FPGA,127397.00970666665,127729.75722666665
7,fixed_manifest,block_06_residual2,residual_add,GPU,127888.52202666667,127906.86922666666
7,fixed_manifest,block_07_norm1,layer_norm,GPU,127906.86922666666,127928.99882666666
7,fixed_manifest,block_07_qkv,linear_qkv,GPU,127928.99882666666,128371.73130666668
7,fixed_manifest,block_07_attention,self_attention,GPU,128371.73130666668,128527.75786666668
7,fixed_manifest,block_07_proj,linear_projection,GPU,128527.75786666668,128680.00202666668
7,fixed_manifest,block_07_residual1,residual_add,GPU,128680.00202666668,128698.34922666667
7,fixed_manifest,block_07_norm2,layer_norm,GPU,128698.34922666667,128720.47882666667
7,fixed_manifest,block_07_ffn_island,fused_ffn_island,FPGA,128879.24362666669,129211.99114666671
7,fixed_manifest,block_07_residual2,residual_add,GPU,129370.75594666672,129389.10314666672
7,fixed_manifest,block_08_norm1,layer_norm,GPU,129389.10314666672,129411.23274666672
7,fixed_manifest,block_08_qkv,linear_qkv,GPU,129411.23274666672,129853.96522666673
7,fixed_manifest,block_08_attention,self_attention,GPU,129853.96522666673,130009.99178666672
7,fixed_manifest,block_08_proj,linear_projection,GPU,130009.99178666672,130162.23594666673
7,fixed_manifest,block_08_residual1,residual_add,GPU,130162.23594666673,130180.58314666673
7,fixed_manifest,block_08_norm2,layer_norm,GPU,130180.58314666673,130202.71274666673
7,fixed_manifest,block_08_ffn_island,fused_ffn_island,FPGA,130361.47754666675,130694.22506666675
7,fixed_manifest,block_08_residual2,residual_add,GPU,130852.98986666677,130871.33706666676
7,fixed_manifest,block_09_norm1,layer_norm,GPU,130871.33706666676,130893.46666666676
7,fixed_manifest,block_09_qkv,linear_qkv,GPU,130893.46666666676,131336.19914666677
7,fixed_manifest,block_09_attention,self_attention,GPU,131336.19914666677,131492.22570666677
7,fixed_manifest,block_09_proj,linear_projection,GPU,131492.22570666677,131644.46986666677
7,fixed_manifest,block_09_residual1,residual_add,GPU,131644.46986666677,131662.81706666676
7,fixed_manifest,block_09_norm2,layer_norm,GPU,131662.81706666676,131684.94666666677
7,fixed_manifest,block_09_ffn_island,fused_ffn_island,FPGA,131843.71146666678,132176.4589866668
7,fixed_manifest,block_09_residual2,residual_add,GPU,132335.22378666681,132353.5709866668
7,fixed_manifest,block_10_norm1,layer_norm,GPU,132353.5709866668,132375.70058666682
7,fixed_manifest,block_10_qkv,linear_qkv,GPU,132375.70058666682,132818.43306666682
7,fixed_manifest,block_10_attention,self_attention,GPU,132818.43306666682,132974.45962666682
7,fixed_manifest,block_10_proj,linear_projection,GPU,132974.45962666682,133126.70378666683
7,fixed_manifest,block_10_residual1,residual_add,GPU,133126.70378666683,133145.0509866668
7,fixed_manifest,block_10_norm2,layer_norm,GPU,133145.0509866668,133167.18058666683
7,fixed_manifest,block_10_ffn_island,fused_ffn_island,FPGA,133325.94538666683,133658.69290666684
8,fixed_manifest,patch_embedding,patch_embedding,GPU,133333.33333333334,133484.84021333334
8,fixed_manifest,token_embedding,token_and_position_embedding,GPU,133484.84021333334,133503.18741333333
8,fixed_manifest,block_00_norm1,layer_norm,GPU,133503.18741333333,133525.31701333335
8,fixed_manifest,block_00_qkv,linear_qkv,GPU,133525.31701333335,133968.04949333335
7,fixed_manifest,block_10_residual2,residual_add,GPU,133968.04949333335,133986.39669333334
8,fixed_manifest,block_00_attention,self_attention,GPU,133986.39669333334,134142.42325333334
7,fixed_manifest,block_11_norm1,layer_norm,GPU,134142.42325333334,134164.55285333333
8,fixed_manifest,block_00_proj,linear_projection,GPU,134164.55285333333,134316.79701333336
7,fixed_manifest,block_11_qkv,linear_qkv,GPU,134316.79701333336,134759.52949333336
8,fixed_manifest,block_00_residual1,residual_add,GPU,134759.52949333336,134777.87669333335
7,fixed_manifest,block_11_attention,self_attention,GPU,134777.87669333335,134933.90325333335
8,fixed_manifest,block_00_norm2,layer_norm,GPU,134933.90325333335,134956.03285333334
7,fixed_manifest,block_11_proj,linear_projection,GPU,134956.03285333334,135108.27701333337
7,fixed_manifest,block_11_residual1,residual_add,GPU,135108.27701333337,135126.62421333336
8,fixed_manifest,block_00_ffn_island,fused_ffn_island,FPGA,135114.79765333337,135447.54517333338
7,fixed_manifest,block_11_norm2,layer_norm,GPU,135126.62421333336,135148.75381333334
7,fixed_manifest,block_11_ffn_island,fused_ffn_island,FPGA,135447.54517333338,135780.29269333338
8,fixed_manifest,block_00_residual2,residual_add,GPU,135606.30997333338,135624.6571733334
8,fixed_manifest,block_01_norm1,layer_norm,GPU,135624.6571733334,135646.78677333338
8,fixed_manifest,block_01_qkv,linear_qkv,GPU,135646.78677333338,136089.5192533334
7,fixed_manifest,block_11_residual2,residual_add,GPU,136089.5192533334,136107.86645333338
8,fixed_manifest,block_01_attention,self_attention,GPU,136107.86645333338,136263.89301333338
7,fixed_manifest,final_norm,layer_norm,GPU,136263.89301333338,136286.0226133334
8,fixed_manifest,block_01_proj,linear_projection,GPU,136286.0226133334,136438.2667733334
7,fixed_manifest,class_token_select,class_token_select,GPU,136438.2667733334,136445.30517333339
8,fixed_manifest,block_01_residual1,residual_add,GPU,136445.30517333339,136463.65237333337
7,fixed_manifest,classifier,linear_classifier,GPU,136463.65237333337,136471.6123733334
8,fixed_manifest,block_01_norm2,layer_norm,GPU,136471.6123733334,136493.74197333338
8,fixed_manifest,block_01_ffn_island,fused_ffn_island,FPGA,136652.5067733334,136985.25429333342
8,fixed_manifest,block_01_residual2,residual_add,GPU,137144.01909333342,137162.3662933334
8,fixed_manifest,block_02_norm1,layer_norm,GPU,137162.3662933334,137184.49589333343
8,fixed_manifest,block_02_qkv,linear_qkv,GPU,137184.49589333343,137627.22837333343
8,fixed_manifest,block_02_attention,self_attention,GPU,137627.22837333343,137783.25493333343
8,fixed_manifest,block_02_proj,linear_projection,GPU,137783.25493333343,137935.49909333343
8,fixed_manifest,block_02_residual1,residual_add,GPU,137935.49909333343,137953.84629333342
8,fixed_manifest,block_02_norm2,layer_norm,GPU,137953.84629333342,137975.97589333344
8,fixed_manifest,block_02_ffn_island,fused_ffn_island,FPGA,138134.74069333344,138467.48821333348
8,fixed_manifest,block_02_residual2,residual_add,GPU,138626.25301333348,138644.60021333347
8,fixed_manifest,block_03_norm1,layer_norm,GPU,138644.60021333347,138666.72981333348
8,fixed_manifest,block_03_qkv,linear_qkv,GPU,138666.72981333348,139109.4622933335
8,fixed_manifest,block_03_attention,self_attention,GPU,139109.4622933335,139265.4888533335
8,fixed_manifest,block_03_proj,linear_projection,GPU,139265.4888533335,139417.7330133335
8,fixed_manifest,block_03_residual1,residual_add,GPU,139417.7330133335,139436.08021333348
8,fixed_manifest,block_03_norm2,layer_norm,GPU,139436.08021333348,139458.2098133335
8,fixed_manifest,block_03_ffn_island,fused_ffn_island,FPGA,139616.9746133335,139949.7221333335
8,fixed_manifest,block_03_residual2,residual_add,GPU,140108.48693333354,140126.83413333353
8,fixed_manifest,block_04_norm1,layer_norm,GPU,140126.83413333353,140148.9637333335
8,fixed_manifest,block_04_qkv,linear_qkv,GPU,140148.9637333335,140591.69621333355
8,fixed_manifest,block_04_attention,self_attention,GPU,140591.69621333355,140747.72277333352
8,fixed_manifest,block_04_proj,linear_projection,GPU,140747.72277333352,140899.96693333355
8,fixed_manifest,block_04_residual1,residual_add,GPU,140899.96693333355,140918.31413333354
8,fixed_manifest,block_04_norm2,layer_norm,GPU,140918.31413333354,140940.44373333352
8,fixed_manifest,block_04_ffn_island,fused_ffn_island,FPGA,141099.20853333356,141431.95605333356
8,fixed_manifest,block_04_residual2,residual_add,GPU,141590.72085333357,141609.06805333355
8,fixed_manifest,block_05_norm1,layer_norm,GPU,141609.06805333355,141631.19765333357
8,fixed_manifest,block_05_qkv,linear_qkv,GPU,141631.19765333357,142073.93013333358
8,fixed_manifest,block_05_attention,self_attention,GPU,142073.93013333358,142229.95669333357
8,fixed_manifest,block_05_proj,linear_projection,GPU,142229.95669333357,142382.20085333358
8,fixed_manifest,block_05_residual1,residual_add,GPU,142382.20085333358,142400.54805333356
8,fixed_manifest,block_05_norm2,layer_norm,GPU,142400.54805333356,142422.67765333358
8,fixed_manifest,block_05_ffn_island,fused_ffn_island,FPGA,142581.44245333358,142914.18997333362
8,fixed_manifest,block_05_residual2,residual_add,GPU,143072.95477333362,143091.3019733336
8,fixed_manifest,block_06_norm1,layer_norm,GPU,143091.3019733336,143113.43157333363
8,fixed_manifest,block_06_qkv,linear_qkv,GPU,143113.43157333363,143556.16405333363
8,fixed_manifest,block_06_attention,self_attention,GPU,143556.16405333363,143712.19061333363
8,fixed_manifest,block_06_proj,linear_projection,GPU,143712.19061333363,143864.43477333363
8,fixed_manifest,block_06_residual1,residual_add,GPU,143864.43477333363,143882.78197333362
8,fixed_manifest,block_06_norm2,layer_norm,GPU,143882.78197333362,143904.91157333364
8,fixed_manifest,block_06_ffn_island,fused_ffn_island,FPGA,144063.67637333364,144396.42389333365
8,fixed_manifest,block_06_residual2,residual_add,GPU,144555.18869333368,144573.53589333367
8,fixed_manifest,block_07_norm1,layer_norm,GPU,144573.53589333367,144595.66549333365
8,fixed_manifest,block_07_qkv,linear_qkv,GPU,144595.66549333365,145038.3979733337
8,fixed_manifest,block_07_attention,self_attention,GPU,145038.3979733337,145194.42453333366
8,fixed_manifest,block_07_proj,linear_projection,GPU,145194.42453333366,145346.6686933337
8,fixed_manifest,block_07_residual1,residual_add,GPU,145346.6686933337,145365.01589333368
8,fixed_manifest,block_07_norm2,layer_norm,GPU,145365.01589333368,145387.14549333366
8,fixed_manifest,block_07_ffn_island,fused_ffn_island,FPGA,145545.9102933337,145878.6578133337
8,fixed_manifest,block_07_residual2,residual_add,GPU,146037.4226133337,146055.7698133337
8,fixed_manifest,block_08_norm1,layer_norm,GPU,146055.7698133337,146077.8994133337
8,fixed_manifest,block_08_qkv,linear_qkv,GPU,146077.8994133337,146520.63189333372
8,fixed_manifest,block_08_attention,self_attention,GPU,146520.63189333372,146676.65845333372
8,fixed_manifest,block_08_proj,linear_projection,GPU,146676.65845333372,146828.90261333372
8,fixed_manifest,block_08_residual1,residual_add,GPU,146828.90261333372,146847.2498133337
8,fixed_manifest,block_08_norm2,layer_norm,GPU,146847.2498133337,146869.37941333372
8,fixed_manifest,block_08_ffn_island,fused_ffn_island,FPGA,147028.14421333373,147360.89173333376
8,fixed_manifest,block_08_residual2,residual_add,GPU,147519.65653333376,147538.00373333375
8,fixed_manifest,block_09_norm1,layer_norm,GPU,147538.00373333375,147560.13333333377
8,fixed_manifest,block_09_qkv,linear_qkv,GPU,147560.13333333377,148002.86581333377
8,fixed_manifest,block_09_attention,self_attention,GPU,148002.86581333377,148158.89237333377
8,fixed_manifest,block_09_proj,linear_projection,GPU,148158.89237333377,148311.13653333377
8,fixed_manifest,block_09_residual1,residual_add,GPU,148311.13653333377,148329.48373333376
8,fixed_manifest,block_09_norm2,layer_norm,GPU,148329.48373333376,148351.61333333378
8,fixed_manifest,block_09_ffn_island,fused_ffn_island,FPGA,148510.37813333378,148843.1256533338
8,fixed_manifest,block_09_residual2,residual_add,GPU,149001.89045333382,149020.2376533338
8,fixed_manifest,block_10_norm1,layer_norm,GPU,149020.2376533338,149042.3672533338
8,fixed_manifest,block_10_qkv,linear_qkv,GPU,149042.3672533338,149485.09973333383
8,fixed_manifest,block_10_attention,self_attention,GPU,149485.09973333383,149641.12629333383
8,fixed_manifest,block_10_proj,linear_projection,GPU,149641.12629333383,149793.37045333383
8,fixed_manifest,block_10_residual1,residual_add,GPU,149793.37045333383,149811.71765333382
8,fixed_manifest,block_10_norm2,layer_norm,GPU,149811.71765333382,149833.8472533338
8,fixed_manifest,block_10_ffn_island,fused_ffn_island,FPGA,149992.61205333384,150325.35957333384
9,fixed_manifest,patch_embedding,patch_embedding,GPU,150000.0,150151.50688
9,fixed_manifest,token_embedding,token_and_position_embedding,GPU,150151.50688,150169.85408
9,fixed_manifest,block_00_norm1,layer_norm,GPU,150169.85408,150191.98368
9,fixed_manifest,block_00_qkv,linear_qkv,GPU,150191.98368,150634.71616
8,fixed_manifest,block_10_residual2,residual_add,GPU,150634.71616,150653.06336
9,fixed_manifest,block_00_attention,self_attention,GPU,150653.06336,150809.08992
8,fixed_manifest,block_11_norm1,layer_norm,GPU,150809.08992,150831.21952
9,fixed_manifest,block_00_proj,linear_projection,GPU,150831.21952,150983.46368000002
8,fixed_manifest,block_11_qkv,linear_qkv,GPU,150983.46368000002,151426.19616000002
9,fixed_manifest,block_00_residual1,residual_add,GPU,151426.19616000002,151444.54336
8,fixed_manifest,block_11_attention,self_attention,GPU,151444.54336,151600.56992
9,fixed_manifest,block_00_norm2,layer_norm,GPU,151600.56992,151622.69952000002
8,fixed_manifest,block_11_proj,linear_projection,GPU,151622.69952000002,151774.94368000003
8,fixed_manifest,block_11_residual1,residual_add,GPU,151774.94368000003,151793.29088000002
9,fixed_manifest,block_00_ffn_island,fused_ffn_island,FPGA,151781.46432000003,152114.21184000003
8,fixed_manifest,block_11_norm2,layer_norm,GPU,151793.29088000002,151815.42048000003
8,fixed_manifest,block_11_ffn_island,fused_ffn_island,FPGA,152114.21184000003,152446.95936000004
9,fixed_manifest,block_00_residual2,residual_add,GPU,152272.97664000007,152291.32384000006
9,fixed_manifest,block_01_norm1,layer_norm,GPU,152291.32384000006,152313.45344000004
9,fixed_manifest,block_01_qkv,linear_qkv,GPU,152313.45344000004,152756.18592000008
8,fixed_manifest,block_11_residual2,residual_add,GPU,152756.18592000008,152774.53312000007
9,fixed_manifest,block_01_attention,self_attention,GPU,152774.53312000007,152930.55968000006
8,fixed_manifest,final_norm,layer_norm,GPU,152930.55968000006,152952.68928000005
9,fixed_manifest,block_01_proj,linear_projection,GPU,152952.68928000005,153104.93344000005
8,fixed_manifest,class_token_select,class_token_select,GPU,153104.93344000005,153111.97184000004
9,fixed_manifest,block_01_residual1,residual_add,GPU,153111.97184000004,153130.31904000006
8,fixed_manifest,classifier,linear_classifier,GPU,153130.31904000006,153138.27904000005
9,fixed_manifest,block_01_norm2,layer_norm,GPU,153138.27904000005,153160.40864000004
9,fixed_manifest,block_01_ffn_island,fused_ffn_island,FPGA,153319.17344000007,153651.92096000008
9,fixed_manifest,block_01_residual2,residual_add,GPU,153810.68576000008,153829.03296000007
9,fixed_manifest,block_02_norm1,layer_norm,GPU,153829.03296000007,153851.16256000008
9,fixed_manifest,block_02_qkv,linear_qkv,GPU,153851.16256000008,154293.8950400001
9,fixed_manifest,block_02_attention,self_attention,GPU,154293.8950400001,154449.9216000001
9,fixed_manifest,block_02_proj,linear_projection,GPU,154449.9216000001,154602.1657600001
9,fixed_manifest,block_02_residual1,residual_add,GPU,154602.1657600001,154620.5129600001
9,fixed_manifest,block_02_norm2,layer_norm,GPU,154620.5129600001,154642.6425600001
9,fixed_manifest,block_02_ffn_island,fused_ffn_island,FPGA,154801.40736000013,155134.15488000013
9,fixed_manifest,block_02_residual2,residual_add,GPU,155292.91968000014,155311.26688000013
9,fixed_manifest,block_03_norm1,layer_norm,GPU,155311.26688000013,155333.39648000014
9,fixed_manifest,block_03_qkv,linear_qkv,GPU,155333.39648000014,155776.12896000015
9,fixed_manifest,block_03_attention,self_attention,GPU,155776.12896000015,155932.15552000015
9,fixed_manifest,block_03_proj,linear_projection,GPU,155932.15552000015,156084.39968000015
9,fixed_manifest,block_03_residual1,residual_add,GPU,156084.39968000015,156102.74688000014
9,fixed_manifest,block_03_norm2,layer_norm,GPU,156102.74688000014,156124.87648000015
9,fixed_manifest,block_03_ffn_island,fused_ffn_island,FPGA,156283.64128000016,156616.38880000016
9,fixed_manifest,block_03_residual2,residual_add,GPU,156775.1536000002,156793.50080000018
9,fixed_manifest,block_04_norm1,layer_norm,GPU,156793.50080000018,156815.63040000017
9,fixed_manifest,block_04_qkv,linear_qkv,GPU,156815.63040000017,157258.3628800002
9,fixed_manifest,block_04_attention,self_attention,GPU,157258.3628800002,157414.3894400002
9,fixed_manifest,block_04_proj,linear_projection,GPU,157414.3894400002,157566.6336000002
9,fixed_manifest,block_04_residual1,residual_add,GPU,157566.6336000002,157584.9808000002
9,fixed_manifest,block_04_norm2,layer_norm,GPU,157584.9808000002,157607.1104000002
9,fixed_manifest,block_04_ffn_island,fused_ffn_island,FPGA,157765.8752000002,158098.62272000022
9,fixed_manifest,block_04_residual2,residual_add,GPU,158257.38752000022,158275.73472000024
9,fixed_manifest,block_05_norm1,layer_norm,GPU,158275.73472000024,158297.86432000023
9,fixed_manifest,block_05_qkv,linear_qkv,GPU,158297.86432000023,158740.59680000023
9,fixed_manifest,block_05_attention,self_attention,GPU,158740.59680000023,158896.62336000023
9,fixed_manifest,block_05_proj,linear_projection,GPU,158896.62336000023,159048.86752000026
9,fixed_manifest,block_05_residual1,residual_add,GPU,159048.86752000026,159067.21472000025
9,fixed_manifest,block_05_norm2,layer_norm,GPU,159067.21472000025,159089.34432000024
9,fixed_manifest,block_05_ffn_island,fused_ffn_island,FPGA,159248.10912000027,159580.85664000027
9,fixed_manifest,block_05_residual2,residual_add,GPU,159739.62144000028,159757.96864000027
9,fixed_manifest,block_06_norm1,layer_norm,GPU,159757.96864000027,159780.09824000028
9,fixed_manifest,block_06_qkv,linear_qkv,GPU,159780.09824000028,160222.8307200003
9,fixed_manifest,block_06_attention,self_attention,GPU,160222.8307200003,160378.8572800003
9,fixed_manifest,block_06_proj,linear_projection,GPU,160378.8572800003,160531.1014400003
9,fixed_manifest,block_06_residual1,residual_add,GPU,160531.1014400003,160549.44864000028
9,fixed_manifest,block_06_norm2,layer_norm,GPU,160549.44864000028,160571.5782400003
9,fixed_manifest,block_06_ffn_island,fused_ffn_island,FPGA,160730.3430400003,161063.0905600003
9,fixed_manifest,block_06_residual2,residual_add,GPU,161221.85536000034,161240.20256000033
9,fixed_manifest,block_07_norm1,layer_norm,GPU,161240.20256000033,161262.33216000034
9,fixed_manifest,block_07_qkv,linear_qkv,GPU,161262.33216000034,161705.06464000035
9,fixed_manifest,block_07_attention,self_attention,GPU,161705.06464000035,161861.09120000034
9,fixed_manifest,block_07_proj,linear_projection,GPU,161861.09120000034,162013.33536000035
9,fixed_manifest,block_07_residual1,residual_add,GPU,162013.33536000035,162031.68256000034
9,fixed_manifest,block_07_norm2,layer_norm,GPU,162031.68256000034,162053.81216000035
9,fixed_manifest,block_07_ffn_island,fused_ffn_island,FPGA,162212.57696000036,162545.32448000036
9,fixed_manifest,block_07_residual2,residual_add,GPU,162704.0892800004,162722.43648000038
9,fixed_manifest,block_08_norm1,layer_norm,GPU,162722.43648000038,162744.56608000037
9,fixed_manifest,block_08_qkv,linear_qkv,GPU,162744.56608000037,163187.29856000037
9,fixed_manifest,block_08_attention,self_attention,GPU,163187.29856000037,163343.32512000037
9,fixed_manifest,block_08_proj,linear_projection,GPU,163343.32512000037,163495.5692800004
9,fixed_manifest,block_08_residual1,residual_add,GPU,163495.5692800004,163513.9164800004
9,fixed_manifest,block_08_norm2,layer_norm,GPU,163513.9164800004,163536.04608000038
9,fixed_manifest,block_08_ffn_island,fused_ffn_island,FPGA,163694.8108800004,164027.55840000042
9,fixed_manifest,block_08_residual2,residual_add,GPU,164186.32320000042,164204.6704000004
9,fixed_manifest,block_09_norm1,layer_norm,GPU,164204.6704000004,164226.80000000042
9,fixed_manifest,block_09_qkv,linear_qkv,GPU,164226.80000000042,164669.53248000043
9,fixed_manifest,block_09_attention,self_attention,GPU,164669.53248000043,164825.55904000043
9,fixed_manifest,block_09_proj,linear_projection,GPU,164825.55904000043,164977.80320000043
9,fixed_manifest,block_09_residual1,residual_add,GPU,164977.80320000043,164996.15040000042
9,fixed_manifest,block_09_norm2,layer_norm,GPU,164996.15040000042,165018.28000000044
9,fixed_manifest,block_09_ffn_island,fused_ffn_island,FPGA,165177.04480000044,165509.79232000047
9,fixed_manifest,block_09_residual2,residual_add,GPU,165668.55712000048,165686.90432000047
9,fixed_manifest,block_10_norm1,layer_norm,GPU,165686.90432000047,165709.03392000048
9,fixed_manifest,block_10_qkv,linear_qkv,GPU,165709.03392000048,166151.7664000005
9,fixed_manifest,block_10_attention,self_attention,GPU,166151.7664000005,166307.7929600005
9,fixed_manifest,block_10_proj,linear_projection,GPU,166307.7929600005,166460.0371200005
9,fixed_manifest,block_10_residual1,residual_add,GPU,166460.0371200005,166478.38432000048
9,fixed_manifest,block_10_norm2,layer_norm,GPU,166478.38432000048,166500.5139200005
9,fixed_manifest,block_10_ffn_island,fused_ffn_island,FPGA,166659.2787200005,166992.0262400005
10,fixed_manifest,patch_embedding,patch_embedding,GPU,166666.6666666667,166818.1735466667
10,fixed_manifest,token_embedding,token_and_position_embedding,GPU,166818.1735466667,166836.52074666668
10,fixed_manifest,block_00_norm1,layer_norm,GPU,166836.52074666668,166858.6503466667
10,fixed_manifest,block_00_qkv,linear_qkv,GPU,166858.6503466667,167301.3828266667
9,fixed_manifest,block_10_residual2,residual_add,GPU,167301.3828266667,167319.7300266667
10,fixed_manifest,block_00_attention,self_attention,GPU,167319.7300266667,167475.75658666668
9,fixed_manifest,block_11_norm1,layer_norm,GPU,167475.75658666668,167497.8861866667
10,fixed_manifest,block_00_proj,linear_projection,GPU,167497.8861866667,167650.1303466667
9,fixed_manifest,block_11_qkv,linear_qkv,GPU,167650.1303466667,168092.8628266667
10,fixed_manifest,block_00_residual1,residual_add,GPU,168092.8628266667,168111.2100266667
9,fixed_manifest,block_11_attention,self_attention,GPU,168111.2100266667,168267.2365866667
10,fixed_manifest,block_00_norm2,layer_norm,GPU,168267.2365866667,168289.3661866667
9,fixed_manifest,block_11_proj,linear_projection,GPU,168289.3661866667,168441.6103466667
9,fixed_manifest,block_11_residual1,residual_add,GPU,168441.6103466667,168459.9575466667
10,fixed_manifest,block_00_ffn_island,fused_ffn_island,FPGA,168448.1309866667,168780.87850666672
9,fixed_manifest,block_11_norm2,layer_norm,GPU,168459.9575466667,168482.08714666672
9,fixed_manifest,block_11_ffn_island,fused_ffn_island,FPGA,168780.87850666672,169113.62602666675
10,fixed_manifest,block_00_residual2,residual_add,GPU,168939.64330666675,168957.99050666674
10,fixed_manifest,block_01_norm1,layer_norm,GPU,168957.99050666674,168980.12010666676
10,fixed_manifest,block_01_qkv,linear_qkv,GPU,168980.12010666676,169422.85258666676
9,fixed_manifest,block_11_residual2,residual_add,GPU,169422.85258666676,169441.19978666675
10,fixed_manifest,block_01_attention,self_attention,GPU,169441.19978666675,169597.22634666675
9,fixed_manifest,final_norm,layer_norm,GPU,169597.22634666675,169619.35594666674
10,fixed_manifest,block_01_proj,linear_projection,GPU,169619.35594666674,169771.60010666677
9,fixed_manifest,class_token_select,class_token_select,GPU,169771.60010666677,169778.63850666676
10,fixed_manifest,block_01_residual1,residual_add,GPU,169778.63850666676,169796.98570666675
9,fixed_manifest,classifier,linear_classifier,GPU,169796.98570666675,169804.94570666674
10,fixed_manifest,block_01_norm2,layer_norm,GPU,169804.94570666674,169827.07530666675
10,fixed_manifest,block_01_ffn_island,fused_ffn_island,FPGA,169985.84010666676,170318.58762666676
10,fixed_manifest,block_01_residual2,residual_add,GPU,170477.3524266668,170495.69962666678
10,fixed_manifest,block_02_norm1,layer_norm,GPU,170495.69962666678,170517.82922666677
10,fixed_manifest,block_02_qkv,linear_qkv,GPU,170517.82922666677,170960.5617066668
10,fixed_manifest,block_02_attention,self_attention,GPU,170960.5617066668,171116.58826666677
10,fixed_manifest,block_02_proj,linear_projection,GPU,171116.58826666677,171268.8324266668
10,fixed_manifest,block_02_residual1,residual_add,GPU,171268.8324266668,171287.1796266668
10,fixed_manifest,block_02_norm2,layer_norm,GPU,171287.1796266668,171309.30922666678
10,fixed_manifest,block_02_ffn_island,fused_ffn_island,FPGA,171468.0740266668,171800.82154666682
10,fixed_manifest,block_02_residual2,residual_add,GPU,171959.58634666682,171977.9335466668
10,fixed_manifest,block_03_norm1,layer_norm,GPU,171977.9335466668,172000.06314666683
10,fixed_manifest,block_03_qkv,linear_qkv,GPU,172000.06314666683,172442.79562666683
10,fixed_manifest,block_03_attention,self_attention,GPU,172442.79562666683,172598.82218666683
10,fixed_manifest,block_03_proj,linear_projection,GPU,172598.82218666683,172751.06634666683
10,fixed_manifest,block_03_residual1,residual_add,GPU,172751.06634666683,172769.41354666682
10,fixed_manifest,block_03_norm2,layer_norm,GPU,172769.41354666682,172791.54314666684
10,fixed_manifest,block_03_ffn_island,fused_ffn_island,FPGA,172950.30794666684,173283.05546666688
10,fixed_manifest,block_03_residual2,residual_add,GPU,173441.82026666688,173460.16746666687
10,fixed_manifest,block_04_norm1,layer_norm,GPU,173460.16746666687,173482.29706666688
10,fixed_manifest,block_04_qkv,linear_qkv,GPU,173482.29706666688,173925.0295466669
10,fixed_manifest,block_04_attention,self_attention,GPU,173925.0295466669,174081.0561066669
10,fixed_manifest,block_04_proj,linear_projection,GPU,174081.0561066669,174233.3002666669
10,fixed_manifest,block_04_residual1,residual_add,GPU,174233.3002666669,174251.64746666688
10,fixed_manifest,block_04_norm2,layer_norm,GPU,174251.64746666688,174273.7770666669
10,fixed_manifest,block_04_ffn_island,fused_ffn_island,FPGA,174432.5418666669,174765.2893866669
10,fixed_manifest,block_04_residual2,residual_add,GPU,174924.05418666694,174942.40138666693
10,fixed_manifest,block_05_norm1,layer_norm,GPU,174942.40138666693,174964.5309866669
10,fixed_manifest,block_05_qkv,linear_qkv,GPU,174964.5309866669,175407.26346666695
10,fixed_manifest,block_05_attention,self_attention,GPU,175407.26346666695,175563.29002666692
10,fixed_manifest,block_05_proj,linear_projection,GPU,175563.29002666692,175715.53418666695
10,fixed_manifest,block_05_residual1,residual_add,GPU,175715.53418666695,175733.88138666694
10,fixed_manifest,block_05_norm2,layer_norm,GPU,175733.88138666694,175756.01098666692
10,fixed_manifest,block_05_ffn_island,fused_ffn_island,FPGA,175914.77578666696,176247.52330666696
10,fixed_manifest,block_05_residual2,residual_add,GPU,176406.28810666697,176424.63530666695
10,fixed_manifest,block_06_norm1,layer_norm,GPU,176424.63530666695,176446.76490666697
10,fixed_manifest,block_06_qkv,linear_qkv,GPU,176446.76490666697,176889.49738666698
10,fixed_manifest,block_06_attention,self_attention,GPU,176889.49738666698,177045.52394666697
10,fixed_manifest,block_06_proj,linear_projection,GPU,177045.52394666697,177197.76810666698
10,fixed_manifest,block_06_residual1,residual_add,GPU,177197.76810666698,177216.11530666696
10,fixed_manifest,block_06_norm2,layer_norm,GPU,177216.11530666696,177238.24490666698
10,fixed_manifest,block_06_ffn_island,fused_ffn_island,FPGA,177397.00970666698,177729.75722666702
10,fixed_manifest,block_06_residual2,residual_add,GPU,177888.52202666702,177906.869226667
10,fixed_manifest,block_07_norm1,layer_norm,GPU,177906.869226667,177928.99882666703
10,fixed_manifest,block_07_qkv,linear_qkv,GPU,177928.99882666703,178371.73130666703
10,fixed_manifest,block_07_attention,self_attention,GPU,178371.73130666703,178527.75786666703
10,fixed_manifest,block_07_proj,linear_projection,GPU,178527.75786666703,178680.00202666703
10,fixed_manifest,block_07_residual1,residual_add,GPU,178680.00202666703,178698.34922666702
10,fixed_manifest,block_07_norm2,layer_norm,GPU,178698.34922666702,178720.47882666704
10,fixed_manifest,block_07_ffn_island,fused_ffn_island,FPGA,178879.24362666704,179211.99114666705
10,fixed_manifest,block_07_residual2,residual_add,GPU,179370.75594666708,179389.10314666707
10,fixed_manifest,block_08_norm1,layer_norm,GPU,179389.10314666707,179411.23274666705
10,fixed_manifest,block_08_qkv,linear_qkv,GPU,179411.23274666705,179853.9652266671
10,fixed_manifest,block_08_attention,self_attention,GPU,179853.9652266671,180009.99178666706
10,fixed_manifest,block_08_proj,linear_projection,GPU,180009.99178666706,180162.2359466671
10,fixed_manifest,block_08_residual1,residual_add,GPU,180162.2359466671,180180.58314666708
10,fixed_manifest,block_08_norm2,layer_norm,GPU,180180.58314666708,180202.71274666706
10,fixed_manifest,block_08_ffn_island,fused_ffn_island,FPGA,180361.4775466671,180694.2250666671
10,fixed_manifest,block_08_residual2,residual_add,GPU,180852.9898666671,180871.3370666671
10,fixed_manifest,block_09_norm1,layer_norm,GPU,180871.3370666671,180893.4666666671
10,fixed_manifest,block_09_qkv,linear_qkv,GPU,180893.4666666671,181336.19914666712
10,fixed_manifest,block_09_attention,self_attention,GPU,181336.19914666712,181492.22570666712
10,fixed_manifest,block_09_proj,linear_projection,GPU,181492.22570666712,181644.46986666712
10,fixed_manifest,block_09_residual1,residual_add,GPU,181644.46986666712,181662.8170666671
10,fixed_manifest,block_09_norm2,layer_norm,GPU,181662.8170666671,181684.94666666712
10,fixed_manifest,block_09_ffn_island,fused_ffn_island,FPGA,181843.71146666716,182176.45898666716
10,fixed_manifest,block_09_residual2,residual_add,GPU,182335.22378666716,182353.57098666715
10,fixed_manifest,block_10_norm1,layer_norm,GPU,182353.57098666715,182375.70058666717
10,fixed_manifest,block_10_qkv,linear_qkv,GPU,182375.70058666717,182818.43306666717
10,fixed_manifest,block_10_attention,self_attention,GPU,182818.43306666717,182974.45962666717
10,fixed_manifest,block_10_proj,linear_projection,GPU,182974.45962666717,183126.70378666717
10,fixed_manifest,block_10_residual1,residual_add,GPU,183126.70378666717,183145.05098666716
10,fixed_manifest,block_10_norm2,layer_norm,GPU,183145.05098666716,183167.18058666718
10,fixed_manifest,block_10_ffn_island,fused_ffn_island,FPGA,183325.94538666718,183658.6929066672
11,fixed_manifest,patch_embedding,patch_embedding,GPU,183333.33333333334,183484.84021333337
11,fixed_manifest,token_embedding,token_and_position_embedding,GPU,183484.84021333337,183503.18741333336
11,fixed_manifest,block_00_norm1,layer_norm,GPU,183503.18741333336,183525.31701333335
11,fixed_manifest,block_00_qkv,linear_qkv,GPU,183525.31701333335,183968.04949333338
10,fixed_manifest,block_10_residual2,residual_add,GPU,183968.04949333338,183986.39669333337
11,fixed_manifest,block_00_attention,self_attention,GPU,183986.39669333337,184142.42325333334
10,fixed_manifest,block_11_norm1,layer_norm,GPU,184142.42325333334,184164.55285333336
11,fixed_manifest,block_00_proj,linear_projection,GPU,184164.55285333336,184316.79701333336
10,fixed_manifest,block_11_qkv,linear_qkv,GPU,184316.79701333336,184759.5294933334
11,fixed_manifest,block_00_residual1,residual_add,GPU,184759.5294933334,184777.87669333338
10,fixed_manifest,block_11_attention,self_attention,GPU,184777.87669333338,184933.90325333335
11,fixed_manifest,block_00_norm2,layer_norm,GPU,184933.90325333335,184956.03285333337
10,fixed_manifest,block_11_proj,linear_projection,GPU,184956.03285333337,185108.27701333337
10,fixed_manifest,block_11_residual1,residual_add,GPU,185108.27701333337,185126.62421333336
11,fixed_manifest,block_00_ffn_island,fused_ffn_island,FPGA,185114.79765333337,185447.5451733334
10,fixed_manifest,block_11_norm2,layer_norm,GPU,185126.62421333336,185148.75381333337
10,fixed_manifest,block_11_ffn_island,fused_ffn_island,FPGA,185447.5451733334,185780.2926933334
11,fixed_manifest,block_00_residual2,residual_add,GPU,185606.3099733334,185624.6571733334
11,fixed_manifest,block_01_norm1,layer_norm,GPU,185624.6571733334,185646.7867733334
11,fixed_manifest,block_01_qkv,linear_qkv,GPU,185646.7867733334,186089.51925333342
10,fixed_manifest,block_11_residual2,residual_add,GPU,186089.51925333342,186107.8664533334
11,fixed_manifest,block_01_attention,self_attention,GPU,186107.8664533334,186263.8930133334
10,fixed_manifest,final_norm,layer_norm,GPU,186263.8930133334,186286.02261333342
11,fixed_manifest,block_01_proj,linear_projection,GPU,186286.02261333342,186438.26677333342
10,fixed_manifest,class_token_select,class_token_select,GPU,186438.26677333342,186445.3051733334
11,fixed_manifest,block_01_residual1,residual_add,GPU,186445.3051733334,186463.6523733334
10,fixed_manifest,classifier,linear_classifier,GPU,186463.6523733334,186471.6123733334
11,fixed_manifest,block_01_norm2,layer_norm,GPU,186471.6123733334,186493.7419733334
11,fixed_manifest,block_01_ffn_island,fused_ffn_island,FPGA,186652.5067733334,186985.25429333342
11,fixed_manifest,block_01_residual2,residual_add,GPU,187144.01909333345,187162.36629333344
11,fixed_manifest,block_02_norm1,layer_norm,GPU,187162.36629333344,187184.49589333343
11,fixed_manifest,block_02_qkv,linear_qkv,GPU,187184.49589333343,187627.22837333346
11,fixed_manifest,block_02_attention,self_attention,GPU,187627.22837333346,187783.25493333346
11,fixed_manifest,block_02_proj,linear_projection,GPU,187783.25493333346,187935.49909333346
11,fixed_manifest,block_02_residual1,residual_add,GPU,187935.49909333346,187953.84629333345
11,fixed_manifest,block_02_norm2,layer_norm,GPU,187953.84629333345,187975.97589333344
11,fixed_manifest,block_02_ffn_island,fused_ffn_island,FPGA,188134.74069333347,188467.48821333348
11,fixed_manifest,block_02_residual2,residual_add,GPU,188626.25301333348,188644.6002133335
11,fixed_manifest,block_03_norm1,layer_norm,GPU,188644.6002133335,188666.72981333348
11,fixed_manifest,block_03_qkv,linear_qkv,GPU,188666.72981333348,189109.4622933335
11,fixed_manifest,block_03_attention,self_attention,GPU,189109.4622933335,189265.4888533335
11,fixed_manifest,block_03_proj,linear_projection,GPU,189265.4888533335,189417.73301333352
11,fixed_manifest,block_03_residual1,residual_add,GPU,189417.73301333352,189436.0802133335
11,fixed_manifest,block_03_norm2,layer_norm,GPU,189436.0802133335,189458.2098133335
11,fixed_manifest,block_03_ffn_island,fused_ffn_island,FPGA,189616.97461333353,189949.72213333353
11,fixed_manifest,block_03_residual2,residual_add,GPU,190108.48693333354,190126.83413333353
11,fixed_manifest,block_04_norm1,layer_norm,GPU,190126.83413333353,190148.96373333354
11,fixed_manifest,block_04_qkv,linear_qkv,GPU,190148.96373333354,190591.69621333355
11,fixed_manifest,block_04_attention,self_attention,GPU,190591.69621333355,190747.72277333355
11,fixed_manifest,block_04_proj,linear_projection,GPU,190747.72277333355,190899.96693333355
11,fixed_manifest,block_04_residual1,residual_add,GPU,190899.96693333355,190918.31413333354
11,fixed_manifest,block_04_norm2,layer_norm,GPU,190918.31413333354,190940.44373333355
11,fixed_manifest,block_04_ffn_island,fused_ffn_island,FPGA,191099.20853333356,191431.95605333356
11,fixed_manifest,block_04_residual2,residual_add,GPU,191590.7208533336,191609.06805333358
11,fixed_manifest,block_05_norm1,layer_norm,GPU,191609.06805333358,191631.1976533336
11,fixed_manifest,block_05_qkv,linear_qkv,GPU,191631.1976533336,192073.9301333336
11,fixed_manifest,block_05_attention,self_attention,GPU,192073.9301333336,192229.9566933336
11,fixed_manifest,block_05_proj,linear_projection,GPU,192229.9566933336,192382.2008533336
11,fixed_manifest,block_05_residual1,residual_add,GPU,192382.2008533336,192400.5480533336
11,fixed_manifest,block_05_norm2,layer_norm,GPU,192400.5480533336,192422.6776533336
11,fixed_manifest,block_05_ffn_island,fused_ffn_island,FPGA,192581.4424533336,192914.18997333362
11,fixed_manifest,block_05_residual2,residual_add,GPU,193072.95477333365,193091.30197333364
11,fixed_manifest,block_06_norm1,layer_norm,GPU,193091.30197333364,193113.43157333363
11,fixed_manifest,block_06_qkv,linear_qkv,GPU,193113.43157333363,193556.16405333363
11,fixed_manifest,block_06_attention,self_attention,GPU,193556.16405333363,193712.19061333363
11,fixed_manifest,block_06_proj,linear_projection,GPU,193712.19061333363,193864.43477333366
11,fixed_manifest,block_06_residual1,residual_add,GPU,193864.43477333366,193882.78197333365
11,fixed_manifest,block_06_norm2,layer_norm,GPU,193882.78197333365,193904.91157333364
11,fixed_manifest,block_06_ffn_island,fused_ffn_island,FPGA,194063.67637333367,194396.42389333367
11,fixed_manifest,block_06_residual2,residual_add,GPU,194555.18869333368,194573.53589333367
11,fixed_manifest,block_07_norm1,layer_norm,GPU,194573.53589333367,194595.66549333368
11,fixed_manifest,block_07_qkv,linear_qkv,GPU,194595.66549333368,195038.3979733337
11,fixed_manifest,block_07_attention,self_attention,GPU,195038.3979733337,195194.4245333337
11,fixed_manifest,block_07_proj,linear_projection,GPU,195194.4245333337,195346.6686933337
11,fixed_manifest,block_07_residual1,residual_add,GPU,195346.6686933337,195365.01589333368
11,fixed_manifest,block_07_norm2,layer_norm,GPU,195365.01589333368,195387.1454933337
11,fixed_manifest,block_07_ffn_island,fused_ffn_island,FPGA,195545.9102933337,195878.65781333373
11,fixed_manifest,block_07_residual2,residual_add,GPU,196037.42261333374,196055.76981333373
11,fixed_manifest,block_08_norm1,layer_norm,GPU,196055.76981333373,196077.89941333374
11,fixed_manifest,block_08_qkv,linear_qkv,GPU,196077.89941333374,196520.63189333375
11,fixed_manifest,block_08_attention,self_attention,GPU,196520.63189333375,196676.65845333374
11,fixed_manifest,block_08_proj,linear_projection,GPU,196676.65845333374,196828.90261333375
11,fixed_manifest,block_08_residual1,residual_add,GPU,196828.90261333375,196847.24981333374
11,fixed_manifest,block_08_norm2,layer_norm,GPU,196847.24981333374,196869.37941333375
11,fixed_manifest,block_08_ffn_island,fused_ffn_island,FPGA,197028.14421333376,197360.89173333376
11,fixed_manifest,block_08_residual2,residual_add,GPU,197519.6565333338,197538.00373333378
11,fixed_manifest,block_09_norm1,layer_norm,GPU,197538.00373333378,197560.13333333377
11,fixed_manifest,block_09_qkv,linear_qkv,GPU,197560.13333333377,198002.8658133338
11,fixed_manifest,block_09_attention,self_attention,GPU,198002.8658133338,198158.89237333377
11,fixed_manifest,block_09_proj,linear_projection,GPU,198158.89237333377,198311.1365333338
11,fixed_manifest,block_09_residual1,residual_add,GPU,198311.1365333338,198329.4837333338
11,fixed_manifest,block_09_norm2,layer_norm,GPU,198329.4837333338,198351.61333333378
11,fixed_manifest,block_09_ffn_island,fused_ffn_island,FPGA,198510.3781333338,198843.12565333382
11,fixed_manifest,block_09_residual2,residual_add,GPU,199001.89045333382,199020.2376533338
11,fixed_manifest,block_10_norm1,layer_norm,GPU,199020.2376533338,199042.36725333382
11,fixed_manifest,block_10_qkv,linear_qkv,GPU,199042.36725333382,199485.09973333383
11,fixed_manifest,block_10_attention,self_attention,GPU,199485.09973333383,199641.12629333383
11,fixed_manifest,block_10_proj,linear_projection,GPU,199641.12629333383,199793.37045333383
11,fixed_manifest,block_10_residual1,residual_add,GPU,199793.37045333383,199811.71765333382
11,fixed_manifest,block_10_norm2,layer_norm,GPU,199811.71765333382,199833.84725333384
11,fixed_manifest,block_10_ffn_island,fused_ffn_island,FPGA,199992.61205333384,200325.35957333387
12,fixed_manifest,patch_embedding,patch_embedding,GPU,200000.0,200151.50688000003
12,fixed_manifest,token_embedding,token_and_position_embedding,GPU,200151.50688000003,200169.85408000002
12,fixed_manifest,block_00_norm1,layer_norm,GPU,200169.85408000002,200191.98368
12,fixed_manifest,block_00_qkv,linear_qkv,GPU,200191.98368,200634.71616000004
11,fixed_manifest,block_10_residual2,residual_add,GPU,200634.71616000004,200653.06336000003
12,fixed_manifest,block_00_attention,self_attention,GPU,200653.06336000003,200809.08992000003
11,fixed_manifest,block_11_norm1,layer_norm,GPU,200809.08992000003,200831.21952
12,fixed_manifest,block_00_proj,linear_projection,GPU,200831.21952,200983.46368000002
11,fixed_manifest,block_11_qkv,linear_qkv,GPU,200983.46368000002,201426.19616000005
12,fixed_manifest,block_00_residual1,residual_add,GPU,201426.19616000005,201444.54336000004
11,fixed_manifest,block_11_attention,self_attention,GPU,201444.54336000004,201600.56992000004
12,fixed_manifest,block_00_norm2,layer_norm,GPU,201600.56992000004,201622.69952000002
11,fixed_manifest,block_11_proj,linear_projection,GPU,201622.69952000002,201774.94368000005
11,fixed_manifest,block_11_residual1,residual_add,GPU,201774.94368000005,201793.29088000004
12,fixed_manifest,block_00_ffn_island,fused_ffn_island,FPGA,201781.46432000006,202114.21184000006
11,fixed_manifest,block_11_norm2,layer_norm,GPU,201793.29088000004,201815.42048000003
11,fixed_manifest,block_11_ffn_island,fused_ffn_island,FPGA,202114.21184000006,202446.95936000007
12,fixed_manifest,block_00_residual2,residual_add,GPU,202272.97664000007,202291.32384000006
12,fixed_manifest,block_01_norm1,layer_norm,GPU,202291.32384000006,202313.45344000007
12,fixed_manifest,block_01_qkv,linear_qkv,GPU,202313.45344000007,202756.18592000008
11,fixed_manifest,block_11_residual2,residual_add,GPU,202756.18592000008,202774.53312000007
12,fixed_manifest,block_01_attention,self_attention,GPU,202774.53312000007,202930.55968000006
11,fixed_manifest,final_norm,layer_norm,GPU,202930.55968000006,202952.68928000008
12,fixed_manifest,block_01_proj,linear_projection,GPU,202952.68928000008,203104.93344000008
11,fixed_manifest,class_token_select,class_token_select,GPU,203104.93344000008,203111.97184000007
12,fixed_manifest,block_01_residual1,residual_add,GPU,203111.97184000007,203130.31904000006
11,fixed_manifest,classifier,linear_classifier,GPU,203130.31904000006,203138.27904000005
12,fixed_manifest,block_01_norm2,layer_norm,GPU,203138.27904000005,203160.40864000007
12,fixed_manifest,block_01_ffn_island,fused_ffn_island,FPGA,203319.17344000007,203651.9209600001
12,fixed_manifest,block_01_residual2,residual_add,GPU,203810.6857600001,203829.0329600001
12,fixed_manifest,block_02_norm1,layer_norm,GPU,203829.0329600001,203851.1625600001
12,fixed_manifest,block_02_qkv,linear_qkv,GPU,203851.1625600001,204293.89504000012
12,fixed_manifest,block_02_attention,self_attention,GPU,204293.89504000012,204449.92160000012
12,fixed_manifest,block_02_proj,linear_projection,GPU,204449.92160000012,204602.16576000012
12,fixed_manifest,block_02_residual1,residual_add,GPU,204602.16576000012,204620.5129600001
12,fixed_manifest,block_02_norm2,layer_norm,GPU,204620.5129600001,204642.64256000012
12,fixed_manifest,block_02_ffn_island,fused_ffn_island,FPGA,204801.40736000013,205134.15488000013
12,fixed_manifest,block_02_residual2,residual_add,GPU,205292.91968000017,205311.26688000016
12,fixed_manifest,block_03_norm1,layer_norm,GPU,205311.26688000016,205333.39648000014
12,fixed_manifest,block_03_qkv,linear_qkv,GPU,205333.39648000014,205776.12896000018
12,fixed_manifest,block_03_attention,self_attention,GPU,205776.12896000018,205932.15552000015
12,fixed_manifest,block_03_proj,linear_projection,GPU,205932.15552000015,206084.39968000018
12,fixed_manifest,block_03_residual1,residual_add,GPU,206084.39968000018,206102.74688000017
12,fixed_manifest,block_03_norm2,layer_norm,GPU,206102.74688000017,206124.87648000015
12,fixed_manifest,block_03_ffn_island,fused_ffn_island,FPGA,206283.64128000019,206616.3888000002
12,fixed_manifest,block_03_residual2,residual_add,GPU,206775.1536000002,206793.50080000018
12,fixed_manifest,block_04_norm1,layer_norm,GPU,206793.50080000018,206815.6304000002
12,fixed_manifest,block_04_qkv,linear_qkv,GPU,206815.6304000002,207258.3628800002
12,fixed_manifest,block_04_attention,self_attention,GPU,207258.3628800002,207414.3894400002
12,fixed_manifest,block_04_proj,linear_projection,GPU,207414.3894400002,207566.6336000002
12,fixed_manifest,block_04_residual1,residual_add,GPU,207566.6336000002,207584.9808000002
12,fixed_manifest,block_04_norm2,layer_norm,GPU,207584.9808000002,207607.1104000002
12,fixed_manifest,block_04_ffn_island,fused_ffn_island,FPGA,207765.8752000002,208098.62272000025
12,fixed_manifest,block_04_residual2,residual_add,GPU,208257.38752000025,208275.73472000024
12,fixed_manifest,block_05_norm1,layer_norm,GPU,208275.73472000024,208297.86432000026
12,fixed_manifest,block_05_qkv,linear_qkv,GPU,208297.86432000026,208740.59680000026
12,fixed_manifest,block_05_attention,self_attention,GPU,208740.59680000026,208896.62336000026
12,fixed_manifest,block_05_proj,linear_projection,GPU,208896.62336000026,209048.86752000026
12,fixed_manifest,block_05_residual1,residual_add,GPU,209048.86752000026,209067.21472000025
12,fixed_manifest,block_05_norm2,layer_norm,GPU,209067.21472000025,209089.34432000027
12,fixed_manifest,block_05_ffn_island,fused_ffn_island,FPGA,209248.10912000027,209580.85664000027
12,fixed_manifest,block_05_residual2,residual_add,GPU,209739.6214400003,209757.9686400003
12,fixed_manifest,block_06_norm1,layer_norm,GPU,209757.9686400003,209780.09824000028
12,fixed_manifest,block_06_qkv,linear_qkv,GPU,209780.09824000028,210222.83072000032
12,fixed_manifest,block_06_attention,self_attention,GPU,210222.83072000032,210378.85728000032
12,fixed_manifest,block_06_proj,linear_projection,GPU,210378.85728000032,210531.10144000032
12,fixed_manifest,block_06_residual1,residual_add,GPU,210531.10144000032,210549.4486400003
12,fixed_manifest,block_06_norm2,layer_norm,GPU,210549.4486400003,210571.5782400003
12,fixed_manifest,block_06_ffn_island,fused_ffn_island,FPGA,210730.34304000033,211063.09056000033
12,fixed_manifest,block_06_residual2,residual_add,GPU,211221.85536000034,211240.20256000033
12,fixed_manifest,block_07_norm1,layer_norm,GPU,211240.20256000033,211262.33216000034
12,fixed_manifest,block_07_qkv,linear_qkv,GPU,211262.33216000034,211705.06464000035
12,fixed_manifest,block_07_attention,self_attention,GPU,211705.06464000035,211861.09120000034
12,fixed_manifest,block_07_proj,linear_projection,GPU,211861.09120000034,212013.33536000035
12,fixed_manifest,block_07_residual1,residual_add,GPU,212013.33536000035,212031.68256000036
12,fixed_manifest,block_07_norm2,layer_norm,GPU,212031.68256000036,212053.81216000035
12,fixed_manifest,block_07_ffn_island,fused_ffn_island,FPGA,212212.57696000038,212545.3244800004
12,fixed_manifest,block_07_residual2,residual_add,GPU,212704.0892800004,212722.43648000038
12,fixed_manifest,block_08_norm1,layer_norm,GPU,212722.43648000038,212744.5660800004
12,fixed_manifest,block_08_qkv,linear_qkv,GPU,212744.5660800004,213187.2985600004
12,fixed_manifest,block_08_attention,self_attention,GPU,213187.2985600004,213343.3251200004
12,fixed_manifest,block_08_proj,linear_projection,GPU,213343.3251200004,213495.5692800004
12,fixed_manifest,block_08_residual1,residual_add,GPU,213495.5692800004,213513.9164800004
12,fixed_manifest,block_08_norm2,layer_norm,GPU,213513.9164800004,213536.0460800004
12,fixed_manifest,block_08_ffn_island,fused_ffn_island,FPGA,213694.8108800004,214027.55840000042
12,fixed_manifest,block_08_residual2,residual_add,GPU,214186.32320000045,214204.67040000044
12,fixed_manifest,block_09_norm1,layer_norm,GPU,214204.67040000044,214226.80000000042
12,fixed_manifest,block_09_qkv,linear_qkv,GPU,214226.80000000042,214669.53248000046
12,fixed_manifest,block_09_attention,self_attention,GPU,214669.53248000046,214825.55904000046
12,fixed_manifest,block_09_proj,linear_projection,GPU,214825.55904000046,214977.80320000046
12,fixed_manifest,block_09_residual1,residual_add,GPU,214977.80320000046,214996.15040000045
12,fixed_manifest,block_09_norm2,layer_norm,GPU,214996.15040000045,215018.28000000046
12,fixed_manifest,block_09_ffn_island,fused_ffn_island,FPGA,215177.04480000047,215509.79232000047
12,fixed_manifest,block_09_residual2,residual_add,GPU,215668.5571200005,215686.9043200005
12,fixed_manifest,block_10_norm1,layer_norm,GPU,215686.9043200005,215709.03392000048
12,fixed_manifest,block_10_qkv,linear_qkv,GPU,215709.03392000048,216151.7664000005
12,fixed_manifest,block_10_attention,self_attention,GPU,216151.7664000005,216307.7929600005
12,fixed_manifest,block_10_proj,linear_projection,GPU,216307.7929600005,216460.03712000052
12,fixed_manifest,block_10_residual1,residual_add,GPU,216460.03712000052,216478.3843200005
12,fixed_manifest,block_10_norm2,layer_norm,GPU,216478.3843200005,216500.5139200005
12,fixed_manifest,block_10_ffn_island,fused_ffn_island,FPGA,216659.27872000053,216992.02624000053
13,fixed_manifest,patch_embedding,patch_embedding,GPU,216666.6666666667,216818.1735466667
13,fixed_manifest,token_embedding,token_and_position_embedding,GPU,216818.1735466667,216836.52074666668
13,fixed_manifest,block_00_norm1,layer_norm,GPU,216836.52074666668,216858.6503466667
13,fixed_manifest,block_00_qkv,linear_qkv,GPU,216858.6503466667,217301.3828266667
12,fixed_manifest,block_10_residual2,residual_add,GPU,217301.3828266667,217319.7300266667
13,fixed_manifest,block_00_attention,self_attention,GPU,217319.7300266667,217475.75658666668
12,fixed_manifest,block_11_norm1,layer_norm,GPU,217475.75658666668,217497.88618666667
13,fixed_manifest,block_00_proj,linear_projection,GPU,217497.88618666667,217650.1303466667
12,fixed_manifest,block_11_qkv,linear_qkv,GPU,217650.1303466667,218092.8628266667
13,fixed_manifest,block_00_residual1,residual_add,GPU,218092.8628266667,218111.2100266667
12,fixed_manifest,block_11_attention,self_attention,GPU,218111.2100266667,218267.2365866667
13,fixed_manifest,block_00_norm2,layer_norm,GPU,218267.2365866667,218289.36618666668
12,fixed_manifest,block_11_proj,linear_projection,GPU,218289.36618666668,218441.6103466667
12,fixed_manifest,block_11_residual1,residual_add,GPU,218441.6103466667,218459.9575466667
13,fixed_manifest,block_00_ffn_island,fused_ffn_island,FPGA,218448.1309866667,218780.87850666672
12,fixed_manifest,block_11_norm2,layer_norm,GPU,218459.9575466667,218482.0871466667
12,fixed_manifest,block_11_ffn_island,fused_ffn_island,FPGA,218780.87850666672,219113.62602666672
13,fixed_manifest,block_00_residual2,residual_add,GPU,218939.64330666672,218957.99050666674
13,fixed_manifest,block_01_norm1,layer_norm,GPU,218957.99050666674,218980.12010666673
13,fixed_manifest,block_01_qkv,linear_qkv,GPU,218980.12010666673,219422.85258666673
12,fixed_manifest,block_11_residual2,residual_add,GPU,219422.85258666673,219441.19978666672
13,fixed_manifest,block_01_attention,self_attention,GPU,219441.19978666672,219597.22634666672
12,fixed_manifest,final_norm,layer_norm,GPU,219597.22634666672,219619.35594666674
13,fixed_manifest,block_01_proj,linear_projection,GPU,219619.35594666674,219771.60010666674
12,fixed_manifest,class_token_select,class_token_select,GPU,219771.60010666674,219778.63850666673
13,fixed_manifest,block_01_residual1,residual_add,GPU,219778.63850666673,219796.98570666672
12,fixed_manifest,classifier,linear_classifier,GPU,219796.98570666672,219804.94570666674
13,fixed_manifest,block_01_norm2,layer_norm,GPU,219804.94570666674,219827.07530666672
13,fixed_manifest,block_01_ffn_island,fused_ffn_island,FPGA,219985.84010666676,220318.58762666676
13,fixed_manifest,block_01_residual2,residual_add,GPU,220477.35242666677,220495.69962666676
13,fixed_manifest,block_02_norm1,layer_norm,GPU,220495.69962666676,220517.82922666677
13,fixed_manifest,block_02_qkv,linear_qkv,GPU,220517.82922666677,220960.56170666678
13,fixed_manifest,block_02_attention,self_attention,GPU,220960.56170666678,221116.58826666677
13,fixed_manifest,block_02_proj,linear_projection,GPU,221116.58826666677,221268.83242666678
13,fixed_manifest,block_02_residual1,residual_add,GPU,221268.83242666678,221287.17962666677
13,fixed_manifest,block_02_norm2,layer_norm,GPU,221287.17962666677,221309.30922666678
13,fixed_manifest,block_02_ffn_island,fused_ffn_island,FPGA,221468.07402666679,221800.8215466668
13,fixed_manifest,block_02_residual2,residual_add,GPU,221959.58634666682,221977.9335466668
13,fixed_manifest,block_03_norm1,layer_norm,GPU,221977.9335466668,222000.06314666683
13,fixed_manifest,block_03_qkv,linear_qkv,GPU,222000.06314666683,222442.79562666683
13,fixed_manifest,block_03_attention,self_attention,GPU,222442.79562666683,222598.82218666683
13,fixed_manifest,block_03_proj,linear_projection,GPU,222598.82218666683,222751.06634666683
13,fixed_manifest,block_03_residual1,residual_add,GPU,222751.06634666683,222769.41354666682
13,fixed_manifest,block_03_norm2,layer_norm,GPU,222769.41354666682,222791.54314666684
13,fixed_manifest,block_03_ffn_island,fused_ffn_island,FPGA,222950.30794666684,223283.05546666685
13,fixed_manifest,block_03_residual2,residual_add,GPU,223441.82026666688,223460.16746666687
13,fixed_manifest,block_04_norm1,layer_norm,GPU,223460.16746666687,223482.29706666686
13,fixed_manifest,block_04_qkv,linear_qkv,GPU,223482.29706666686,223925.0295466669
13,fixed_manifest,block_04_attention,self_attention,GPU,223925.0295466669,224081.05610666686
13,fixed_manifest,block_04_proj,linear_projection,GPU,224081.05610666686,224233.3002666669
13,fixed_manifest,block_04_residual1,residual_add,GPU,224233.3002666669,224251.64746666688
13,fixed_manifest,block_04_norm2,layer_norm,GPU,224251.64746666688,224273.77706666687
13,fixed_manifest,block_04_ffn_island,fused_ffn_island,FPGA,224432.5418666669,224765.2893866669
13,fixed_manifest,block_04_residual2,residual_add,GPU,224924.0541866669,224942.4013866669
13,fixed_manifest,block_05_norm1,layer_norm,GPU,224942.4013866669,224964.5309866669
13,fixed_manifest,block_05_qkv,linear_qkv,GPU,224964.5309866669,225407.26346666692
13,fixed_manifest,block_05_attention,self_attention,GPU,225407.26346666692,225563.29002666692
13,fixed_manifest,block_05_proj,linear_projection,GPU,225563.29002666692,225715.53418666692
13,fixed_manifest,block_05_residual1,residual_add,GPU,225715.53418666692,225733.8813866669
13,fixed_manifest,block_05_norm2,layer_norm,GPU,225733.8813866669,225756.01098666692
13,fixed_manifest,block_05_ffn_island,fused_ffn_island,FPGA,225914.77578666693,226247.52330666696
13,fixed_manifest,block_05_residual2,residual_add,GPU,226406.28810666697,226424.63530666695
13,fixed_manifest,block_06_norm1,layer_norm,GPU,226424.63530666695,226446.76490666697
13,fixed_manifest,block_06_qkv,linear_qkv,GPU,226446.76490666697,226889.49738666698
13,fixed_manifest,block_06_attention,self_attention,GPU,226889.49738666698,227045.52394666697
13,fixed_manifest,block_06_proj,linear_projection,GPU,227045.52394666697,227197.76810666698
13,fixed_manifest,block_06_residual1,residual_add,GPU,227197.76810666698,227216.11530666696
13,fixed_manifest,block_06_norm2,layer_norm,GPU,227216.11530666696,227238.24490666698
13,fixed_manifest,block_06_ffn_island,fused_ffn_island,FPGA,227397.00970666698,227729.757226667
13,fixed_manifest,block_06_residual2,residual_add,GPU,227888.52202666702,227906.869226667
13,fixed_manifest,block_07_norm1,layer_norm,GPU,227906.869226667,227928.998826667
13,fixed_manifest,block_07_qkv,linear_qkv,GPU,227928.998826667,228371.73130666703
13,fixed_manifest,block_07_attention,self_attention,GPU,228371.73130666703,228527.757866667
13,fixed_manifest,block_07_proj,linear_projection,GPU,228527.757866667,228680.00202666703
13,fixed_manifest,block_07_residual1,residual_add,GPU,228680.00202666703,228698.34922666702
13,fixed_manifest,block_07_norm2,layer_norm,GPU,228698.34922666702,228720.478826667
13,fixed_manifest,block_07_ffn_island,fused_ffn_island,FPGA,228879.24362666704,229211.99114666705
13,fixed_manifest,block_07_residual2,residual_add,GPU,229370.75594666705,229389.10314666704
13,fixed_manifest,block_08_norm1,layer_norm,GPU,229389.10314666704,229411.23274666705
13,fixed_manifest,block_08_qkv,linear_qkv,GPU,229411.23274666705,229853.96522666706
13,fixed_manifest,block_08_attention,self_attention,GPU,229853.96522666706,230009.99178666706
13,fixed_manifest,block_08_proj,linear_projection,GPU,230009.99178666706,230162.23594666706
13,fixed_manifest,block_08_residual1,residual_add,GPU,230162.23594666706,230180.58314666705
13,fixed_manifest,block_08_norm2,layer_norm,GPU,230180.58314666705,230202.71274666706
13,fixed_manifest,block_08_ffn_island,fused_ffn_island,FPGA,230361.47754666707,230694.2250666671
13,fixed_manifest,block_08_residual2,residual_add,GPU,230852.9898666671,230871.3370666671
13,fixed_manifest,block_09_norm1,layer_norm,GPU,230871.3370666671,230893.4666666671
13,fixed_manifest,block_09_qkv,linear_qkv,GPU,230893.4666666671,231336.19914666712
13,fixed_manifest,block_09_attention,self_attention,GPU,231336.19914666712,231492.22570666712
13,fixed_manifest,block_09_proj,linear_projection,GPU,231492.22570666712,231644.46986666712
13,fixed_manifest,block_09_residual1,residual_add,GPU,231644.46986666712,231662.8170666671
13,fixed_manifest,block_09_norm2,layer_norm,GPU,231662.8170666671,231684.94666666712
13,fixed_manifest,block_09_ffn_island,fused_ffn_island,FPGA,231843.71146666713,232176.45898666713
13,fixed_manifest,block_09_residual2,residual_add,GPU,232335.22378666716,232353.57098666715
13,fixed_manifest,block_10_norm1,layer_norm,GPU,232353.57098666715,232375.70058666714
13,fixed_manifest,block_10_qkv,linear_qkv,GPU,232375.70058666714,232818.43306666717
13,fixed_manifest,block_10_attention,self_attention,GPU,232818.43306666717,232974.45962666714
13,fixed_manifest,block_10_proj,linear_projection,GPU,232974.45962666714,233126.70378666717
13,fixed_manifest,block_10_residual1,residual_add,GPU,233126.70378666717,233145.05098666716
13,fixed_manifest,block_10_norm2,layer_norm,GPU,233145.05098666716,233167.18058666715
13,fixed_manifest,block_10_ffn_island,fused_ffn_island,FPGA,233325.94538666718,233658.6929066672
14,fixed_manifest,patch_embedding,patch_embedding,GPU,233333.33333333334,233484.84021333334
14,fixed_manifest,token_embedding,token_and_position_embedding,GPU,233484.84021333334,233503.18741333333
14,fixed_manifest,block_00_norm1,layer_norm,GPU,233503.18741333333,233525.31701333335
14,fixed_manifest,block_00_qkv,linear_qkv,GPU,233525.31701333335,233968.04949333335
13,fixed_manifest,block_10_residual2,residual_add,GPU,233968.04949333335,233986.39669333334
14,fixed_manifest,block_00_attention,self_attention,GPU,233986.39669333334,234142.42325333334
13,fixed_manifest,block_11_norm1,layer_norm,GPU,234142.42325333334,234164.55285333336
14,fixed_manifest,block_00_proj,linear_projection,GPU,234164.55285333336,234316.79701333336
13,fixed_manifest,block_11_qkv,linear_qkv,GPU,234316.79701333336,234759.52949333336
14,fixed_manifest,block_00_residual1,residual_add,GPU,234759.52949333336,234777.87669333335
13,fixed_manifest,block_11_attention,self_attention,GPU,234777.87669333335,234933.90325333335
14,fixed_manifest,block_00_norm2,layer_norm,GPU,234933.90325333335,234956.03285333337
13,fixed_manifest,block_11_proj,linear_projection,GPU,234956.03285333337,235108.27701333337
13,fixed_manifest,block_11_residual1,residual_add,GPU,235108.27701333337,235126.62421333336
14,fixed_manifest,block_00_ffn_island,fused_ffn_island,FPGA,235114.79765333337,235447.54517333338
13,fixed_manifest,block_11_norm2,layer_norm,GPU,235126.62421333336,235148.75381333337
13,fixed_manifest,block_11_ffn_island,fused_ffn_island,FPGA,235447.54517333338,235780.29269333338
14,fixed_manifest,block_00_residual2,residual_add,GPU,235606.3099733334,235624.6571733334
14,fixed_manifest,block_01_norm1,layer_norm,GPU,235624.6571733334,235646.78677333338
14,fixed_manifest,block_01_qkv,linear_qkv,GPU,235646.78677333338,236089.51925333342
13,fixed_manifest,block_11_residual2,residual_add,GPU,236089.51925333342,236107.8664533334
14,fixed_manifest,block_01_attention,self_attention,GPU,236107.8664533334,236263.8930133334
13,fixed_manifest,final_norm,layer_norm,GPU,236263.8930133334,236286.0226133334
14,fixed_manifest,block_01_proj,linear_projection,GPU,236286.0226133334,236438.2667733334
13,fixed_manifest,class_token_select,class_token_select,GPU,236438.2667733334,236445.30517333339
14,fixed_manifest,block_01_residual1,residual_add,GPU,236445.30517333339,236463.65237333337
13,fixed_manifest,classifier,linear_classifier,GPU,236463.65237333337,236471.6123733334
14,fixed_manifest,block_01_norm2,layer_norm,GPU,236471.6123733334,236493.74197333338
14,fixed_manifest,block_01_ffn_island,fused_ffn_island,FPGA,236652.5067733334,236985.25429333342
14,fixed_manifest,block_01_residual2,residual_add,GPU,237144.01909333342,237162.3662933334
14,fixed_manifest,block_02_norm1,layer_norm,GPU,237162.3662933334,237184.49589333343
14,fixed_manifest,block_02_qkv,linear_qkv,GPU,237184.49589333343,237627.22837333343
14,fixed_manifest,block_02_attention,self_attention,GPU,237627.22837333343,237783.25493333343
14,fixed_manifest,block_02_proj,linear_projection,GPU,237783.25493333343,237935.49909333343
14,fixed_manifest,block_02_residual1,residual_add,GPU,237935.49909333343,237953.84629333342
14,fixed_manifest,block_02_norm2,layer_norm,GPU,237953.84629333342,237975.97589333344
14,fixed_manifest,block_02_ffn_island,fused_ffn_island,FPGA,238134.74069333347,238467.48821333348
14,fixed_manifest,block_02_residual2,residual_add,GPU,238626.25301333348,238644.60021333347
14,fixed_manifest,block_03_norm1,layer_norm,GPU,238644.60021333347,238666.72981333348
14,fixed_manifest,block_03_qkv,linear_qkv,GPU,238666.72981333348,239109.4622933335
14,fixed_manifest,block_03_attention,self_attention,GPU,239109.4622933335,239265.4888533335
14,fixed_manifest,block_03_proj,linear_projection,GPU,239265.4888533335,239417.7330133335
14,fixed_manifest,block_03_residual1,residual_add,GPU,239417.7330133335,239436.08021333348
14,fixed_manifest,block_03_norm2,layer_norm,GPU,239436.08021333348,239458.2098133335
14,fixed_manifest,block_03_ffn_island,fused_ffn_island,FPGA,239616.9746133335,239949.7221333335
14,fixed_manifest,block_03_residual2,residual_add,GPU,240108.48693333354,240126.83413333353
14,fixed_manifest,block_04_norm1,layer_norm,GPU,240126.83413333353,240148.9637333335
14,fixed_manifest,block_04_qkv,linear_qkv,GPU,240148.9637333335,240591.69621333355
14,fixed_manifest,block_04_attention,self_attention,GPU,240591.69621333355,240747.72277333355
14,fixed_manifest,block_04_proj,linear_projection,GPU,240747.72277333355,240899.96693333355
14,fixed_manifest,block_04_residual1,residual_add,GPU,240899.96693333355,240918.31413333354
14,fixed_manifest,block_04_norm2,layer_norm,GPU,240918.31413333354,240940.44373333352
14,fixed_manifest,block_04_ffn_island,fused_ffn_island,FPGA,241099.20853333356,241431.95605333356
14,fixed_manifest,block_04_residual2,residual_add,GPU,241590.72085333357,241609.06805333358
14,fixed_manifest,block_05_norm1,layer_norm,GPU,241609.06805333358,241631.19765333357
14,fixed_manifest,block_05_qkv,linear_qkv,GPU,241631.19765333357,242073.93013333358
14,fixed_manifest,block_05_attention,self_attention,GPU,242073.93013333358,242229.95669333357
14,fixed_manifest,block_05_proj,linear_projection,GPU,242229.95669333357,242382.2008533336
14,fixed_manifest,block_05_residual1,residual_add,GPU,242382.2008533336,242400.5480533336
14,fixed_manifest,block_05_norm2,layer_norm,GPU,242400.5480533336,242422.67765333358
14,fixed_manifest,block_05_ffn_island,fused_ffn_island,FPGA,242581.4424533336,242914.18997333362
14,fixed_manifest,block_05_residual2,residual_add,GPU,243072.95477333362,243091.3019733336
14,fixed_manifest,block_06_norm1,layer_norm,GPU,243091.3019733336,243113.43157333363
14,fixed_manifest,block_06_qkv,linear_qkv,GPU,243113.43157333363,243556.16405333363
14,fixed_manifest,block_06_attention,self_attention,GPU,243556.16405333363,243712.19061333363
14,fixed_manifest,block_06_proj,linear_projection,GPU,243712.19061333363,243864.43477333363
14,fixed_manifest,block_06_residual1,residual_add,GPU,243864.43477333363,243882.78197333362
14,fixed_manifest,block_06_norm2,layer_norm,GPU,243882.78197333362,243904.91157333364
14,fixed_manifest,block_06_ffn_island,fused_ffn_island,FPGA,244063.67637333364,244396.42389333365
14,fixed_manifest,block_06_residual2,residual_add,GPU,244555.18869333368,244573.53589333367
14,fixed_manifest,block_07_norm1,layer_norm,GPU,244573.53589333367,244595.66549333368
14,fixed_manifest,block_07_qkv,linear_qkv,GPU,244595.66549333368,245038.3979733337
14,fixed_manifest,block_07_attention,self_attention,GPU,245038.3979733337,245194.4245333337
14,fixed_manifest,block_07_proj,linear_projection,GPU,245194.4245333337,245346.6686933337
14,fixed_manifest,block_07_residual1,residual_add,GPU,245346.6686933337,245365.01589333368
14,fixed_manifest,block_07_norm2,layer_norm,GPU,245365.01589333368,245387.1454933337
14,fixed_manifest,block_07_ffn_island,fused_ffn_island,FPGA,245545.9102933337,245878.6578133337
14,fixed_manifest,block_07_residual2,residual_add,GPU,246037.42261333374,246055.76981333373
14,fixed_manifest,block_08_norm1,layer_norm,GPU,246055.76981333373,246077.8994133337
14,fixed_manifest,block_08_qkv,linear_qkv,GPU,246077.8994133337,246520.63189333372
14,fixed_manifest,block_08_attention,self_attention,GPU,246520.63189333372,246676.65845333372
14,fixed_manifest,block_08_proj,linear_projection,GPU,246676.65845333372,246828.90261333375
14,fixed_manifest,block_08_residual1,residual_add,GPU,246828.90261333375,246847.24981333374
14,fixed_manifest,block_08_norm2,layer_norm,GPU,246847.24981333374,246869.37941333372
14,fixed_manifest,block_08_ffn_island,fused_ffn_island,FPGA,247028.14421333376,247360.89173333376
14,fixed_manifest,block_08_residual2,residual_add,GPU,247519.65653333376,247538.00373333375
14,fixed_manifest,block_09_norm1,layer_norm,GPU,247538.00373333375,247560.13333333377
14,fixed_manifest,block_09_qkv,linear_qkv,GPU,247560.13333333377,248002.86581333377
14,fixed_manifest,block_09_attention,self_attention,GPU,248002.86581333377,248158.89237333377
14,fixed_manifest,block_09_proj,linear_projection,GPU,248158.89237333377,248311.13653333377
14,fixed_manifest,block_09_residual1,residual_add,GPU,248311.13653333377,248329.48373333376
14,fixed_manifest,block_09_norm2,layer_norm,GPU,248329.48373333376,248351.61333333378
14,fixed_manifest,block_09_ffn_island,fused_ffn_island,FPGA,248510.37813333378,248843.12565333382
14,fixed_manifest,block_09_residual2,residual_add,GPU,249001.89045333382,249020.2376533338
14,fixed_manifest,block_10_norm1,layer_norm,GPU,249020.2376533338,249042.36725333382
14,fixed_manifest,block_10_qkv,linear_qkv,GPU,249042.36725333382,249485.09973333383
14,fixed_manifest,block_10_attention,self_attention,GPU,249485.09973333383,249641.12629333383
14,fixed_manifest,block_10_proj,linear_projection,GPU,249641.12629333383,249793.37045333383
14,fixed_manifest,block_10_residual1,residual_add,GPU,249793.37045333383,249811.71765333382
14,fixed_manifest,block_10_norm2,layer_norm,GPU,249811.71765333382,249833.84725333384
14,fixed_manifest,block_10_ffn_island,fused_ffn_island,FPGA,249992.61205333384,250325.35957333384
15,fixed_manifest,patch_embedding,patch_embedding,GPU,250000.00000000006,250151.50688000003
15,fixed_manifest,token_embedding,token_and_position_embedding,GPU,250151.50688000003,250169.85408000002
15,fixed_manifest,block_00_norm1,layer_norm,GPU,250169.85408000002,250191.98368
15,fixed_manifest,block_00_qkv,linear_qkv,GPU,250191.98368,250634.71615999998
14,fixed_manifest,block_10_residual2,residual_add,GPU,250634.71615999998,250653.06335999997
15,fixed_manifest,block_00_attention,self_attention,GPU,250653.06335999997,250809.08992
14,fixed_manifest,block_11_norm1,layer_norm,GPU,250809.08992,250831.21951999998
15,fixed_manifest,block_00_proj,linear_projection,GPU,250831.21951999998,250983.46367999996
14,fixed_manifest,block_11_qkv,linear_qkv,GPU,250983.46367999996,251426.19615999993
15,fixed_manifest,block_00_residual1,residual_add,GPU,251426.19615999993,251444.54335999995
14,fixed_manifest,block_11_attention,self_attention,GPU,251444.54335999995,251600.56991999995
15,fixed_manifest,block_00_norm2,layer_norm,GPU,251600.56991999995,251622.69951999994
14,fixed_manifest,block_11_proj,linear_projection,GPU,251622.69951999994,251774.9436799999
14,fixed_manifest,block_11_residual1,residual_add,GPU,251774.9436799999,251793.2908799999
15,fixed_manifest,block_00_ffn_island,fused_ffn_island,FPGA,251781.4643199999,252114.21183999995
14,fixed_manifest,block_11_norm2,layer_norm,GPU,251793.2908799999,251815.42047999988
14,fixed_manifest,block_11_ffn_island,fused_ffn_island,FPGA,252114.21183999995,252446.95935999995
15,fixed_manifest,block_00_residual2,residual_add,GPU,252272.97663999992,252291.3238399999
15,fixed_manifest,block_01_norm1,layer_norm,GPU,252291.3238399999,252313.4534399999
15,fixed_manifest,block_01_qkv,linear_qkv,GPU,252313.4534399999,252756.18591999987
14,fixed_manifest,block_11_residual2,residual_add,GPU,252756.18591999987,252774.53311999986
15,fixed_manifest,block_01_attention,self_attention,GPU,252774.53311999986,252930.5596799999
14,fixed_manifest,final_norm,layer_norm,GPU,252930.5596799999,252952.68927999987
15,fixed_manifest,block_01_proj,linear_projection,GPU,252952.68927999987,253104.93343999985
14,fixed_manifest,class_token_select,class_token_select,GPU,253104.93343999985,253111.97183999984
15,fixed_manifest,block_01_residual1,residual_add,GPU,253111.97183999984,253130.31903999983
14,fixed_manifest,classifier,linear_classifier,GPU,253130.31903999983,253138.2790399998
15,fixed_manifest,block_01_norm2,layer_norm,GPU,253138.2790399998,253160.40863999978
15,fixed_manifest,block_01_ffn_island,fused_ffn_island,FPGA,253319.17343999978,253651.92095999978
15,fixed_manifest,block_01_residual2,residual_add,GPU,253810.68575999976,253829.03295999975
15,fixed_manifest,block_02_norm1,layer_norm,GPU,253829.03295999975,253851.16255999974
15,fixed_manifest,block_02_qkv,linear_qkv,GPU,253851.16255999974,254293.8950399997
15,fixed_manifest,block_02_attention,self_attention,GPU,254293.8950399997,254449.92159999974
15,fixed_manifest,block_02_proj,linear_projection,GPU,254449.92159999974,254602.1657599997
15,fixed_manifest,block_02_residual1,residual_add,GPU,254602.1657599997,254620.5129599997
15,fixed_manifest,block_02_norm2,layer_norm,GPU,254620.5129599997,254642.6425599997
15,fixed_manifest,block_02_ffn_island,fused_ffn_island,FPGA,254801.40735999966,255134.1548799997
15,fixed_manifest,block_02_residual2,residual_add,GPU,255292.91967999967,255311.26687999966
15,fixed_manifest,block_03_norm1,layer_norm,GPU,255311.26687999966,255333.39647999965
15,fixed_manifest,block_03_qkv,linear_qkv,GPU,255333.39647999965,255776.12895999962
15,fixed_manifest,block_03_attention,self_attention,GPU,255776.12895999962,255932.15551999965
15,fixed_manifest,block_03_proj,linear_projection,GPU,255932.15551999965,256084.39967999962
15,fixed_manifest,block_03_residual1,residual_add,GPU,256084.39967999962,256102.7468799996
15,fixed_manifest,block_03_norm2,layer_norm,GPU,256102.7468799996,256124.8764799996
15,fixed_manifest,block_03_ffn_island,fused_ffn_island,FPGA,256283.64127999957,256616.3887999996
15,fixed_manifest,block_03_residual2,residual_add,GPU,256775.15359999958,256793.50079999957
15,fixed_manifest,block_04_norm1,layer_norm,GPU,256793.50079999957,256815.63039999956
15,fixed_manifest,block_04_qkv,linear_qkv,GPU,256815.63039999956,257258.36287999953
15,fixed_manifest,block_04_attention,self_attention,GPU,257258.36287999953,257414.38943999956
15,fixed_manifest,block_04_proj,linear_projection,GPU,257414.38943999956,257566.63359999954
15,fixed_manifest,block_04_residual1,residual_add,GPU,257566.63359999954,257584.98079999952
15,fixed_manifest,block_04_norm2,layer_norm,GPU,257584.98079999952,257607.1103999995
15,fixed_manifest,block_04_ffn_island,fused_ffn_island,FPGA,257765.8751999995,258098.6227199995
15,fixed_manifest,block_04_residual2,residual_add,GPU,258257.3875199995,258275.73471999948
15,fixed_manifest,block_05_norm1,layer_norm,GPU,258275.73471999948,258297.86431999947
15,fixed_manifest,block_05_qkv,linear_qkv,GPU,258297.86431999947,258740.59679999945
15,fixed_manifest,block_05_attention,self_attention,GPU,258740.59679999945,258896.62335999947
15,fixed_manifest,block_05_proj,linear_projection,GPU,258896.62335999947,259048.86751999945
15,fixed_manifest,block_05_residual1,residual_add,GPU,259048.86751999945,259067.21471999944
15,fixed_manifest,block_05_norm2,layer_norm,GPU,259067.21471999944,259089.34431999942
15,fixed_manifest,block_05_ffn_island,fused_ffn_island,FPGA,259248.1091199994,259580.8566399994
15,fixed_manifest,block_05_residual2,residual_add,GPU,259739.6214399994,259757.9686399994
15,fixed_manifest,block_06_norm1,layer_norm,GPU,259757.9686399994,259780.09823999938
15,fixed_manifest,block_06_qkv,linear_qkv,GPU,259780.09823999938,260222.83071999936
15,fixed_manifest,block_06_attention,self_attention,GPU,260222.83071999936,260378.85727999939
15,fixed_manifest,block_06_proj,linear_projection,GPU,260378.85727999939,260531.10143999936
15,fixed_manifest,block_06_residual1,residual_add,GPU,260531.10143999936,260549.44863999935
15,fixed_manifest,block_06_norm2,layer_norm,GPU,260549.44863999935,260571.57823999933
15,fixed_manifest,block_06_ffn_island,fused_ffn_island,FPGA,260730.3430399993,261063.0905599993
15,fixed_manifest,block_06_residual2,residual_add,GPU,261221.85535999932,261240.2025599993
15,fixed_manifest,block_07_norm1,layer_norm,GPU,261240.2025599993,261262.33215999926
15,fixed_manifest,block_07_qkv,linear_qkv,GPU,261262.33215999926,261705.06463999927
15,fixed_manifest,block_07_attention,self_attention,GPU,261705.06463999927,261861.0911999993
15,fixed_manifest,block_07_proj,linear_projection,GPU,261861.0911999993,262013.33535999927
15,fixed_manifest,block_07_residual1,residual_add,GPU,262013.33535999927,262031.68255999926
15,fixed_manifest,block_07_norm2,layer_norm,GPU,262031.68255999926,262053.81215999924
15,fixed_manifest,block_07_ffn_island,fused_ffn_island,FPGA,262212.5769599992,262545.32447999925
15,fixed_manifest,block_07_residual2,residual_add,GPU,262704.0892799992,262722.4364799992
15,fixed_manifest,block_08_norm1,layer_norm,GPU,262722.4364799992,262744.5660799992
15,fixed_manifest,block_08_qkv,linear_qkv,GPU,262744.5660799992,263187.29855999915
15,fixed_manifest,block_08_attention,self_attention,GPU,263187.29855999915,263343.3251199992
15,fixed_manifest,block_08_proj,linear_projection,GPU,263343.3251199992,263495.5692799992
15,fixed_manifest,block_08_residual1,residual_add,GPU,263495.5692799992,263513.91647999914
15,fixed_manifest,block_08_norm2,layer_norm,GPU,263513.91647999914,263536.0460799991
15,fixed_manifest,block_08_ffn_island,fused_ffn_island,FPGA,263694.81087999913,264027.55839999916
15,fixed_manifest,block_08_residual2,residual_add,GPU,264186.3231999991,264204.67039999913
15,fixed_manifest,block_09_norm1,layer_norm,GPU,264204.67039999913,264226.7999999991
15,fixed_manifest,block_09_qkv,linear_qkv,GPU,264226.7999999991,264669.53247999906
15,fixed_manifest,block_09_attention,self_attention,GPU,264669.53247999906,264825.5590399991
15,fixed_manifest,block_09_proj,linear_projection,GPU,264825.5590399991,264977.8031999991
15,fixed_manifest,block_09_residual1,residual_add,GPU,264977.8031999991,264996.15039999905
15,fixed_manifest,block_09_norm2,layer_norm,GPU,264996.15039999905,265018.27999999904
15,fixed_manifest,block_09_ffn_island,fused_ffn_island,FPGA,265177.04479999904,265509.7923199991
15,fixed_manifest,block_09_residual2,residual_add,GPU,265668.557119999,265686.90431999904
15,fixed_manifest,block_10_norm1,layer_norm,GPU,265686.90431999904,265709.033919999
15,fixed_manifest,block_10_qkv,linear_qkv,GPU,265709.033919999,266151.766399999
15,fixed_manifest,block_10_attention,self_attention,GPU,266151.766399999,266307.792959999
15,fixed_manifest,block_10_proj,linear_projection,GPU,266307.792959999,266460.037119999
15,fixed_manifest,block_10_residual1,residual_add,GPU,266460.037119999,266478.38431999896
15,fixed_manifest,block_10_norm2,layer_norm,GPU,266478.38431999896,266500.51391999895
15,fixed_manifest,block_10_ffn_island,fused_ffn_island,FPGA,266659.27871999895,266992.02623999893
16,fixed_manifest,patch_embedding,patch_embedding,GPU,266666.6666666667,266818.1735466666
16,fixed_manifest,token_embedding,token_and_position_embedding,GPU,266818.1735466666,266836.52074666665
16,fixed_manifest,block_00_norm1,layer_norm,GPU,266836.52074666665,266858.65034666663
16,fixed_manifest,block_00_qkv,linear_qkv,GPU,266858.65034666663,267301.3828266666
15,fixed_manifest,block_10_residual2,residual_add,GPU,267301.3828266666,267319.7300266666
16,fixed_manifest,block_00_attention,self_attention,GPU,267319.7300266666,267475.7565866666
15,fixed_manifest,block_11_norm1,layer_norm,GPU,267475.7565866666,267497.8861866666
16,fixed_manifest,block_00_proj,linear_projection,GPU,267497.8861866666,267650.13034666656
15,fixed_manifest,block_11_qkv,linear_qkv,GPU,267650.13034666656,268092.86282666656
16,fixed_manifest,block_00_residual1,residual_add,GPU,268092.86282666656,268111.2100266665
15,fixed_manifest,block_11_attention,self_attention,GPU,268111.2100266665,268267.23658666655
16,fixed_manifest,block_00_norm2,layer_norm,GPU,268267.23658666655,268289.36618666654
15,fixed_manifest,block_11_proj,linear_projection,GPU,268289.36618666654,268441.61034666654
15,fixed_manifest,block_11_residual1,residual_add,GPU,268441.61034666654,268459.9575466665
16,fixed_manifest,block_00_ffn_island,fused_ffn_island,FPGA,268448.13098666654,268780.8785066665
15,fixed_manifest,block_11_norm2,layer_norm,GPU,268459.9575466665,268482.0871466665
15,fixed_manifest,block_11_ffn_island,fused_ffn_island,FPGA,268780.8785066665,269113.62602666655
16,fixed_manifest,block_00_residual2,residual_add,GPU,268939.6433066665,268957.99050666654
16,fixed_manifest,block_01_norm1,layer_norm,GPU,268957.99050666654,268980.1201066665
16,fixed_manifest,block_01_qkv,linear_qkv,GPU,268980.1201066665,269422.8525866665
15,fixed_manifest,block_11_residual2,residual_add,GPU,269422.8525866665,269441.1997866665
16,fixed_manifest,block_01_attention,self_attention,GPU,269441.1997866665,269597.2263466665
15,fixed_manifest,final_norm,layer_norm,GPU,269597.2263466665,269619.35594666644
16,fixed_manifest,block_01_proj,linear_projection,GPU,269619.35594666644,269771.60010666645
15,fixed_manifest,class_token_select,class_token_select,GPU,269771.60010666645,269778.63850666647
16,fixed_manifest,block_01_residual1,residual_add,GPU,269778.63850666647,269796.9857066664
15,fixed_manifest,classifier,linear_classifier,GPU,269796.9857066664,269804.9457066664
16,fixed_manifest,block_01_norm2,layer_norm,GPU,269804.9457066664,269827.0753066664
16,fixed_manifest,block_01_ffn_island,fused_ffn_island,FPGA,269985.8401066664,270318.5876266664
16,fixed_manifest,block_01_residual2,residual_add,GPU,270477.35242666636,270495.6996266664
16,fixed_manifest,block_02_norm1,layer_norm,GPU,270495.6996266664,270517.82922666636
16,fixed_manifest,block_02_qkv,linear_qkv,GPU,270517.82922666636,270960.5617066663
16,fixed_manifest,block_02_attention,self_attention,GPU,270960.5617066663,271116.58826666634
16,fixed_manifest,block_02_proj,linear_projection,GPU,271116.58826666634,271268.83242666634
16,fixed_manifest,block_02_residual1,residual_add,GPU,271268.83242666634,271287.1796266663
16,fixed_manifest,block_02_norm2,layer_norm,GPU,271287.1796266663,271309.3092266663
16,fixed_manifest,block_02_ffn_island,fused_ffn_island,FPGA,271468.0740266663,271800.82154666627
16,fixed_manifest,block_02_residual2,residual_add,GPU,271959.58634666627,271977.9335466663
16,fixed_manifest,block_03_norm1,layer_norm,GPU,271977.9335466663,272000.0631466663
16,fixed_manifest,block_03_qkv,linear_qkv,GPU,272000.0631466663,272442.7956266662
16,fixed_manifest,block_03_attention,self_attention,GPU,272442.7956266662,272598.82218666625
16,fixed_manifest,block_03_proj,linear_projection,GPU,272598.82218666625,272751.06634666625
16,fixed_manifest,block_03_residual1,residual_add,GPU,272751.06634666625,272769.4135466662
16,fixed_manifest,block_03_norm2,layer_norm,GPU,272769.4135466662,272791.5431466662
16,fixed_manifest,block_03_ffn_island,fused_ffn_island,FPGA,272950.3079466662,273283.0554666662
16,fixed_manifest,block_03_residual2,residual_add,GPU,273441.8202666662,273460.1674666662
16,fixed_manifest,block_04_norm1,layer_norm,GPU,273460.1674666662,273482.2970666662
16,fixed_manifest,block_04_qkv,linear_qkv,GPU,273482.2970666662,273925.02954666613
16,fixed_manifest,block_04_attention,self_attention,GPU,273925.02954666613,274081.05610666616
16,fixed_manifest,block_04_proj,linear_projection,GPU,274081.05610666616,274233.30026666616
16,fixed_manifest,block_04_residual1,residual_add,GPU,274233.30026666616,274251.6474666661
16,fixed_manifest,block_04_norm2,layer_norm,GPU,274251.6474666661,274273.7770666661
16,fixed_manifest,block_04_ffn_island,fused_ffn_island,FPGA,274432.5418666661,274765.2893866661
16,fixed_manifest,block_04_residual2,residual_add,GPU,274924.0541866661,274942.4013866661
16,fixed_manifest,block_05_norm1,layer_norm,GPU,274942.4013866661,274964.53098666604
16,fixed_manifest,block_05_qkv,linear_qkv,GPU,274964.53098666604,275407.26346666605
16,fixed_manifest,block_05_attention,self_attention,GPU,275407.26346666605,275563.2900266661
16,fixed_manifest,block_05_proj,linear_projection,GPU,275563.2900266661,275715.5341866661
16,fixed_manifest,block_05_residual1,residual_add,GPU,275715.5341866661,275733.88138666603
16,fixed_manifest,block_05_norm2,layer_norm,GPU,275733.88138666603,275756.010986666
16,fixed_manifest,block_05_ffn_island,fused_ffn_island,FPGA,275914.775786666,276247.523306666
16,fixed_manifest,block_05_residual2,residual_add,GPU,276406.288106666,276424.635306666
16,fixed_manifest,block_06_norm1,layer_norm,GPU,276424.635306666,276446.76490666595
16,fixed_manifest,block_06_qkv,linear_qkv,GPU,276446.76490666595,276889.49738666596
16,fixed_manifest,block_06_attention,self_attention,GPU,276889.49738666596,277045.523946666
16,fixed_manifest,block_06_proj,linear_projection,GPU,277045.523946666,277197.768106666
16,fixed_manifest,block_06_residual1,residual_add,GPU,277197.768106666,277216.11530666595
16,fixed_manifest,block_06_norm2,layer_norm,GPU,277216.11530666595,277238.24490666593
16,fixed_manifest,block_06_ffn_island,fused_ffn_island,FPGA,277397.00970666594,277729.7572266659
16,fixed_manifest,block_06_residual2,residual_add,GPU,277888.5220266659,277906.86922666593
16,fixed_manifest,block_07_norm1,layer_norm,GPU,277906.86922666593,277928.99882666586
16,fixed_manifest,block_07_qkv,linear_qkv,GPU,277928.99882666586,278371.73130666587
16,fixed_manifest,block_07_attention,self_attention,GPU,278371.73130666587,278527.7578666659
16,fixed_manifest,block_07_proj,linear_projection,GPU,278527.7578666659,278680.0020266659
16,fixed_manifest,block_07_residual1,residual_add,GPU,278680.0020266659,278698.34922666586
16,fixed_manifest,block_07_norm2,layer_norm,GPU,278698.34922666586,278720.47882666584
16,fixed_manifest,block_07_ffn_island,fused_ffn_island,FPGA,278879.24362666585,279211.9911466658
16,fixed_manifest,block_07_residual2,residual_add,GPU,279370.7559466658,279389.10314666585
16,fixed_manifest,block_08_norm1,layer_norm,GPU,279389.10314666585,279411.2327466658
16,fixed_manifest,block_08_qkv,linear_qkv,GPU,279411.2327466658,279853.9652266658
16,fixed_manifest,block_08_attention,self_attention,GPU,279853.9652266658,280009.9917866658
16,fixed_manifest,block_08_proj,linear_projection,GPU,280009.9917866658,280162.2359466658
16,fixed_manifest,block_08_residual1,residual_add,GPU,280162.2359466658,280180.58314666577
16,fixed_manifest,block_08_norm2,layer_norm,GPU,280180.58314666577,280202.71274666575
16,fixed_manifest,block_08_ffn_island,fused_ffn_island,FPGA,280361.47754666576,280694.22506666573
16,fixed_manifest,block_08_residual2,residual_add,GPU,280852.98986666574,280871.3370666657
16,fixed_manifest,block_09_norm1,layer_norm,GPU,280871.3370666657,280893.4666666657
16,fixed_manifest,block_09_qkv,linear_qkv,GPU,280893.4666666657,281336.1991466657
16,fixed_manifest,block_09_attention,self_attention,GPU,281336.1991466657,281492.2257066657
16,fixed_manifest,block_09_proj,linear_projection,GPU,281492.2257066657,281644.4698666657
16,fixed_manifest,block_09_residual1,residual_add,GPU,281644.4698666657,281662.8170666657
16,fixed_manifest,block_09_norm2,layer_norm,GPU,281662.8170666657,281684.94666666567
16,fixed_manifest,block_09_ffn_island,fused_ffn_island,FPGA,281843.71146666567,282176.45898666565
16,fixed_manifest,block_09_residual2,residual_add,GPU,282335.22378666565,282353.5709866656
16,fixed_manifest,block_10_norm1,layer_norm,GPU,282353.5709866656,282375.7005866656
16,fixed_manifest,block_10_qkv,linear_qkv,GPU,282375.7005866656,282818.4330666656
16,fixed_manifest,block_10_attention,self_attention,GPU,282818.4330666656,282974.45962666563
16,fixed_manifest,block_10_proj,linear_projection,GPU,282974.45962666563,283126.7037866656
16,fixed_manifest,block_10_residual1,residual_add,GPU,283126.7037866656,283145.0509866656
16,fixed_manifest,block_10_norm2,layer_norm,GPU,283145.0509866656,283167.1805866656
16,fixed_manifest,block_10_ffn_island,fused_ffn_island,FPGA,283325.9453866656,283658.69290666556
17,fixed_manifest,patch_embedding,patch_embedding,GPU,283333.3333333334,283484.8402133334
17,fixed_manifest,token_embedding,token_and_position_embedding,GPU,283484.8402133334,283503.18741333333
17,fixed_manifest,block_00_norm1,layer_norm,GPU,283503.18741333333,283525.3170133333
17,fixed_manifest,block_00_qkv,linear_qkv,GPU,283525.3170133333,283968.0494933333
16,fixed_manifest,block_10_residual2,residual_add,GPU,283968.0494933333,283986.3966933333
17,fixed_manifest,block_00_attention,self_attention,GPU,283986.3966933333,284142.4232533333
16,fixed_manifest,block_11_norm1,layer_norm,GPU,284142.4232533333,284164.5528533333
17,fixed_manifest,block_00_proj,linear_projection,GPU,284164.5528533333,284316.7970133333
16,fixed_manifest,block_11_qkv,linear_qkv,GPU,284316.7970133333,284759.52949333325
17,fixed_manifest,block_00_residual1,residual_add,GPU,284759.52949333325,284777.87669333327
16,fixed_manifest,block_11_attention,self_attention,GPU,284777.87669333327,284933.9032533333
17,fixed_manifest,block_00_norm2,layer_norm,GPU,284933.9032533333,284956.0328533333
16,fixed_manifest,block_11_proj,linear_projection,GPU,284956.0328533333,285108.2770133332
16,fixed_manifest,block_11_residual1,residual_add,GPU,285108.2770133332,285126.62421333324
17,fixed_manifest,block_00_ffn_island,fused_ffn_island,FPGA,285114.7976533332,285447.54517333326
16,fixed_manifest,block_11_norm2,layer_norm,GPU,285126.62421333324,285148.7538133332
16,fixed_manifest,block_11_ffn_island,fused_ffn_island,FPGA,285447.54517333326,285780.2926933333
17,fixed_manifest,block_00_residual2,residual_add,GPU,285606.30997333326,285624.6571733332
17,fixed_manifest,block_01_norm1,layer_norm,GPU,285624.6571733332,285646.7867733332
17,fixed_manifest,block_01_qkv,linear_qkv,GPU,285646.7867733332,286089.5192533332
16,fixed_manifest,block_11_residual2,residual_add,GPU,286089.5192533332,286107.8664533332
17,fixed_manifest,block_01_attention,self_attention,GPU,286107.8664533332,286263.8930133332
16,fixed_manifest,final_norm,layer_norm,GPU,286263.8930133332,286286.0226133332
17,fixed_manifest,block_01_proj,linear_projection,GPU,286286.0226133332,286438.2667733332
16,fixed_manifest,class_token_select,class_token_select,GPU,286438.2667733332,286445.30517333315
17,fixed_manifest,block_01_residual1,residual_add,GPU,286445.30517333315,286463.65237333317
16,fixed_manifest,classifier,linear_classifier,GPU,286463.65237333317,286471.61237333313
17,fixed_manifest,block_01_norm2,layer_norm,GPU,286471.61237333313,286493.7419733331
17,fixed_manifest,block_01_ffn_island,fused_ffn_island,FPGA,286652.50677333307,286985.2542933331
17,fixed_manifest,block_01_residual2,residual_add,GPU,287144.0190933331,287162.36629333306
17,fixed_manifest,block_02_norm1,layer_norm,GPU,287162.36629333306,287184.49589333305
17,fixed_manifest,block_02_qkv,linear_qkv,GPU,287184.49589333305,287627.22837333306
17,fixed_manifest,block_02_attention,self_attention,GPU,287627.22837333306,287783.2549333331
17,fixed_manifest,block_02_proj,linear_projection,GPU,287783.2549333331,287935.499093333
17,fixed_manifest,block_02_residual1,residual_add,GPU,287935.499093333,287953.84629333304
17,fixed_manifest,block_02_norm2,layer_norm,GPU,287953.84629333304,287975.97589333303
17,fixed_manifest,block_02_ffn_island,fused_ffn_island,FPGA,288134.740693333,288467.488213333
17,fixed_manifest,block_02_residual2,residual_add,GPU,288626.253013333,288644.600213333
17,fixed_manifest,block_03_norm1,layer_norm,GPU,288644.600213333,288666.72981333296
17,fixed_manifest,block_03_qkv,linear_qkv,GPU,288666.72981333296,289109.46229333297
17,fixed_manifest,block_03_attention,self_attention,GPU,289109.46229333297,289265.488853333
17,fixed_manifest,block_03_proj,linear_projection,GPU,289265.488853333,289417.73301333294
17,fixed_manifest,block_03_residual1,residual_add,GPU,289417.73301333294,289436.08021333296
17,fixed_manifest,block_03_norm2,layer_norm,GPU,289436.08021333296,289458.20981333294
17,fixed_manifest,block_03_ffn_island,fused_ffn_island,FPGA,289616.9746133329,289949.7221333329
17,fixed_manifest,block_03_residual2,residual_add,GPU,290108.4869333329,290126.8341333329
17,fixed_manifest,block_04_norm1,layer_norm,GPU,290126.8341333329,290148.9637333329
17,fixed_manifest,block_04_qkv,linear_qkv,GPU,290148.9637333329,290591.6962133329
17,fixed_manifest,block_04_attention,self_attention,GPU,290591.6962133329,290747.7227733329
17,fixed_manifest,block_04_proj,linear_projection,GPU,290747.7227733329,290899.96693333285
17,fixed_manifest,block_04_residual1,residual_add,GPU,290899.96693333285,290918.31413333287
17,fixed_manifest,block_04_norm2,layer_norm,GPU,290918.31413333287,290940.44373333285
17,fixed_manifest,block_04_ffn_island,fused_ffn_island,FPGA,291099.2085333328,291431.95605333283
17,fixed_manifest,block_04_residual2,residual_add,GPU,291590.72085333284,291609.0680533328
17,fixed_manifest,block_05_norm1,layer_norm,GPU,291609.0680533328,291631.1976533328
17,fixed_manifest,block_05_qkv,linear_qkv,GPU,291631.1976533328,292073.9301333328
17,fixed_manifest,block_05_attention,self_attention,GPU,292073.9301333328,292229.9566933328
17,fixed_manifest,block_05_proj,linear_projection,GPU,292229.9566933328,292382.20085333276
17,fixed_manifest,block_05_residual1,residual_add,GPU,292382.20085333276,292400.5480533328
17,fixed_manifest,block_05_norm2,layer_norm,GPU,292400.5480533328,292422.67765333276
17,fixed_manifest,block_05_ffn_island,fused_ffn_island,FPGA,292581.4424533327,292914.18997333274
17,fixed_manifest,block_05_residual2,residual_add,GPU,293072.95477333275,293091.3019733327
17,fixed_manifest,block_06_norm1,layer_norm,GPU,293091.3019733327,293113.4315733327
17,fixed_manifest,block_06_qkv,linear_qkv,GPU,293113.4315733327,293556.1640533327
17,fixed_manifest,block_06_attention,self_attention,GPU,293556.1640533327,293712.1906133327
17,fixed_manifest,block_06_proj,linear_projection,GPU,293712.1906133327,293864.4347733327
17,fixed_manifest,block_06_residual1,residual_add,GPU,293864.4347733327,293882.7819733327
17,fixed_manifest,block_06_norm2,layer_norm,GPU,293882.7819733327,293904.9115733327
17,fixed_manifest,block_06_ffn_island,fused_ffn_island,FPGA,294063.6763733326,294396.42389333266
17,fixed_manifest,block_06_residual2,residual_add,GPU,294555.18869333266,294573.5358933326
17,fixed_manifest,block_07_norm1,layer_norm,GPU,294573.5358933326,294595.6654933326
17,fixed_manifest,block_07_qkv,linear_qkv,GPU,294595.6654933326,295038.3979733326
17,fixed_manifest,block_07_attention,self_attention,GPU,295038.3979733326,295194.42453333264
17,fixed_manifest,block_07_proj,linear_projection,GPU,295194.42453333264,295346.6686933326
17,fixed_manifest,block_07_residual1,residual_add,GPU,295346.6686933326,295365.0158933326
17,fixed_manifest,block_07_norm2,layer_norm,GPU,295365.0158933326,295387.1454933326
17,fixed_manifest,block_07_ffn_island,fused_ffn_island,FPGA,295545.91029333253,295878.65781333257
17,fixed_manifest,block_07_residual2,residual_add,GPU,296037.4226133326,296055.76981333253
17,fixed_manifest,block_08_norm1,layer_norm,GPU,296055.76981333253,296077.8994133325
17,fixed_manifest,block_08_qkv,linear_qkv,GPU,296077.8994133325,296520.6318933325
17,fixed_manifest,block_08_attention,self_attention,GPU,296520.6318933325,296676.6584533325
17,fixed_manifest,block_08_proj,linear_projection,GPU,296676.6584533325,296828.9026133325
17,fixed_manifest,block_08_residual1,residual_add,GPU,296828.9026133325,296847.2498133325
17,fixed_manifest,block_08_norm2,layer_norm,GPU,296847.2498133325,296869.37941333244
17,fixed_manifest,block_08_ffn_island,fused_ffn_island,FPGA,297028.14421333245,297360.8917333325
17,fixed_manifest,block_08_residual2,residual_add,GPU,297519.6565333325,297538.00373333244
17,fixed_manifest,block_09_norm1,layer_norm,GPU,297538.00373333244,297560.13333333243
17,fixed_manifest,block_09_qkv,linear_qkv,GPU,297560.13333333243,298002.86581333244
17,fixed_manifest,block_09_attention,self_attention,GPU,298002.86581333244,298158.8923733324
17,fixed_manifest,block_09_proj,linear_projection,GPU,298158.8923733324,298311.1365333324
17,fixed_manifest,block_09_residual1,residual_add,GPU,298311.1365333324,298329.4837333324
17,fixed_manifest,block_09_norm2,layer_norm,GPU,298329.4837333324,298351.61333333235
17,fixed_manifest,block_09_ffn_island,fused_ffn_island,FPGA,298510.37813333236,298843.1256533324
17,fixed_manifest,block_09_residual2,residual_add,GPU,299001.89045333234,299020.23765333235
17,fixed_manifest,block_10_norm1,layer_norm,GPU,299020.23765333235,299042.36725333234
17,fixed_manifest,block_10_qkv,linear_qkv,GPU,299042.36725333234,299485.0997333323
17,fixed_manifest,block_10_attention,self_attention,GPU,299485.0997333323,299641.1262933323
17,fixed_manifest,block_10_proj,linear_projection,GPU,299641.1262933323,299793.3704533323
17,fixed_manifest,block_10_residual1,residual_add,GPU,299793.3704533323,299811.71765333234
17,fixed_manifest,block_10_norm2,layer_norm,GPU,299811.71765333234,299833.84725333226
17,fixed_manifest,block_10_ffn_island,fused_ffn_island,FPGA,299992.61205333227,300325.3595733323
18,fixed_manifest,patch_embedding,patch_embedding,GPU,300000.0,300151.50688
18,fixed_manifest,token_embedding,token_and_position_embedding,GPU,300151.50688,300169.85407999996
18,fixed_manifest,block_00_norm1,layer_norm,GPU,300169.85407999996,300191.98367999995
18,fixed_manifest,block_00_qkv,linear_qkv,GPU,300191.98367999995,300634.71615999995
17,fixed_manifest,block_10_residual2,residual_add,GPU,300634.71615999995,300653.0633599999
18,fixed_manifest,block_00_attention,self_attention,GPU,300653.0633599999,300809.08991999994
17,fixed_manifest,block_11_norm1,layer_norm,GPU,300809.08991999994,300831.2195199999
18,fixed_manifest,block_00_proj,linear_projection,GPU,300831.2195199999,300983.46367999987
17,fixed_manifest,block_11_qkv,linear_qkv,GPU,300983.46367999987,301426.1961599999
18,fixed_manifest,block_00_residual1,residual_add,GPU,301426.1961599999,301444.5433599999
17,fixed_manifest,block_11_attention,self_attention,GPU,301444.5433599999,301600.5699199999
18,fixed_manifest,block_00_norm2,layer_norm,GPU,301600.5699199999,301622.69951999985
17,fixed_manifest,block_11_proj,linear_projection,GPU,301622.69951999985,301774.94367999985
17,fixed_manifest,block_11_residual1,residual_add,GPU,301774.94367999985,301793.29087999987
18,fixed_manifest,block_00_ffn_island,fused_ffn_island,FPGA,301781.46431999985,302114.2118399999
17,fixed_manifest,block_11_norm2,layer_norm,GPU,301793.29087999987,301815.4204799998
17,fixed_manifest,block_11_ffn_island,fused_ffn_island,FPGA,302114.2118399999,302446.95935999986
18,fixed_manifest,block_00_residual2,residual_add,GPU,302272.97663999983,302291.32383999985
18,fixed_manifest,block_01_norm1,layer_norm,GPU,302291.32383999985,302313.45343999984
18,fixed_manifest,block_01_qkv,linear_qkv,GPU,302313.45343999984,302756.1859199998
17,fixed_manifest,block_11_residual2,residual_add,GPU,302756.1859199998,302774.5331199998
18,fixed_manifest,block_01_attention,self_attention,GPU,302774.5331199998,302930.55967999983
17,fixed_manifest,final_norm,layer_norm,GPU,302930.55967999983,302952.6892799998
18,fixed_manifest,block_01_proj,linear_projection,GPU,302952.6892799998,303104.93343999976
17,fixed_manifest,class_token_select,class_token_select,GPU,303104.93343999976,303111.9718399998
18,fixed_manifest,block_01_residual1,residual_add,GPU,303111.9718399998,303130.31903999974
17,fixed_manifest,classifier,linear_classifier,GPU,303130.31903999974,303138.27903999976
18,fixed_manifest,block_01_norm2,layer_norm,GPU,303138.27903999976,303160.4086399997
18,fixed_manifest,block_01_ffn_island,fused_ffn_island,FPGA,303319.1734399997,303651.9209599997
18,fixed_manifest,block_01_residual2,residual_add,GPU,303810.6857599997,303829.0329599997
18,fixed_manifest,block_02_norm1,layer_norm,GPU,303829.0329599997,303851.1625599997
18,fixed_manifest,block_02_qkv,linear_qkv,GPU,303851.1625599997,304293.8950399996
18,fixed_manifest,block_02_attention,self_attention,GPU,304293.8950399996,304449.92159999965
18,fixed_manifest,block_02_proj,linear_projection,GPU,304449.92159999965,304602.16575999965
18,fixed_manifest,block_02_residual1,residual_add,GPU,304602.16575999965,304620.5129599997
18,fixed_manifest,block_02_norm2,layer_norm,GPU,304620.5129599997,304642.6425599996
18,fixed_manifest,block_02_ffn_island,fused_ffn_island,FPGA,304801.4073599996,305134.15487999964
18,fixed_manifest,block_02_residual2,residual_add,GPU,305292.9196799996,305311.2668799996
18,fixed_manifest,block_03_norm1,layer_norm,GPU,305311.2668799996,305333.3964799996
18,fixed_manifest,block_03_qkv,linear_qkv,GPU,305333.3964799996,305776.12895999954
18,fixed_manifest,block_03_attention,self_attention,GPU,305776.12895999954,305932.15551999956
18,fixed_manifest,block_03_proj,linear_projection,GPU,305932.15551999956,306084.39967999957
18,fixed_manifest,block_03_residual1,residual_add,GPU,306084.39967999957,306102.7468799995
18,fixed_manifest,block_03_norm2,layer_norm,GPU,306102.7468799995,306124.8764799995
18,fixed_manifest,block_03_ffn_island,fused_ffn_island,FPGA,306283.6412799995,306616.38879999955
18,fixed_manifest,block_03_residual2,residual_add,GPU,306775.1535999995,306793.5007999995
18,fixed_manifest,block_04_norm1,layer_norm,GPU,306793.5007999995,306815.6303999995
18,fixed_manifest,block_04_qkv,linear_qkv,GPU,306815.6303999995,307258.36287999945
18,fixed_manifest,block_04_attention,self_attention,GPU,307258.36287999945,307414.3894399995
18,fixed_manifest,block_04_proj,linear_projection,GPU,307414.3894399995,307566.6335999995
18,fixed_manifest,block_04_residual1,residual_add,GPU,307566.6335999995,307584.98079999944
18,fixed_manifest,block_04_norm2,layer_norm,GPU,307584.98079999944,307607.1103999994
18,fixed_manifest,block_04_ffn_island,fused_ffn_island,FPGA,307765.8751999994,308098.62271999946
18,fixed_manifest,block_04_residual2,residual_add,GPU,308257.3875199994,308275.7347199994
18,fixed_manifest,block_05_norm1,layer_norm,GPU,308275.7347199994,308297.8643199994
18,fixed_manifest,block_05_qkv,linear_qkv,GPU,308297.8643199994,308740.59679999936
18,fixed_manifest,block_05_attention,self_attention,GPU,308740.59679999936,308896.6233599994
18,fixed_manifest,block_05_proj,linear_projection,GPU,308896.6233599994,309048.8675199994
18,fixed_manifest,block_05_residual1,residual_add,GPU,309048.8675199994,309067.21471999935
18,fixed_manifest,block_05_norm2,layer_norm,GPU,309067.21471999935,309089.34431999933
18,fixed_manifest,block_05_ffn_island,fused_ffn_island,FPGA,309248.10911999934,309580.8566399994
18,fixed_manifest,block_05_residual2,residual_add,GPU,309739.6214399993,309757.96863999934
18,fixed_manifest,block_06_norm1,layer_norm,GPU,309757.96863999934,309780.0982399993
18,fixed_manifest,block_06_qkv,linear_qkv,GPU,309780.0982399993,310222.83071999927
18,fixed_manifest,block_06_attention,self_attention,GPU,310222.83071999927,310378.8572799993
18,fixed_manifest,block_06_proj,linear_projection,GPU,310378.8572799993,310531.1014399993
18,fixed_manifest,block_06_residual1,residual_add,GPU,310531.1014399993,310549.44863999926
18,fixed_manifest,block_06_norm2,layer_norm,GPU,310549.44863999926,310571.57823999925
18,fixed_manifest,block_06_ffn_island,fused_ffn_island,FPGA,310730.34303999925,311063.0905599993
18,fixed_manifest,block_06_residual2,residual_add,GPU,311221.85535999923,311240.20255999925
18,fixed_manifest,block_07_norm1,layer_norm,GPU,311240.20255999925,311262.33215999923
18,fixed_manifest,block_07_qkv,linear_qkv,GPU,311262.33215999923,311705.0646399992
18,fixed_manifest,block_07_attention,self_attention,GPU,311705.0646399992,311861.0911999992
18,fixed_manifest,block_07_proj,linear_projection,GPU,311861.0911999992,312013.3353599992
18,fixed_manifest,block_07_residual1,residual_add,GPU,312013.3353599992,312031.6825599992
18,fixed_manifest,block_07_norm2,layer_norm,GPU,312031.6825599992,312053.81215999916
18,fixed_manifest,block_07_ffn_island,fused_ffn_island,FPGA,312212.57695999916,312545.32447999914
18,fixed_manifest,block_07_residual2,residual_add,GPU,312704.08927999914,312722.43647999916
18,fixed_manifest,block_08_norm1,layer_norm,GPU,312722.43647999916,312744.56607999915
18,fixed_manifest,block_08_qkv,linear_qkv,GPU,312744.56607999915,313187.2985599991
18,fixed_manifest,block_08_attention,self_attention,GPU,313187.2985599991,313343.3251199991
18,fixed_manifest,block_08_proj,linear_projection,GPU,313343.3251199991,313495.5692799991
18,fixed_manifest,block_08_residual1,residual_add,GPU,313495.5692799991,313513.9164799991
18,fixed_manifest,block_08_norm2,layer_norm,GPU,313513.9164799991,313536.04607999907
18,fixed_manifest,block_08_ffn_island,fused_ffn_island,FPGA,313694.8108799991,314027.55839999905
18,fixed_manifest,block_08_residual2,residual_add,GPU,314186.32319999905,314204.6703999991
18,fixed_manifest,block_09_norm1,layer_norm,GPU,314204.6703999991,314226.79999999906
18,fixed_manifest,block_09_qkv,linear_qkv,GPU,314226.79999999906,314669.532479999
18,fixed_manifest,block_09_attention,self_attention,GPU,314669.532479999,314825.55903999903
18,fixed_manifest,block_09_proj,linear_projection,GPU,314825.55903999903,314977.80319999903
18,fixed_manifest,block_09_residual1,residual_add,GPU,314977.80319999903,314996.150399999
18,fixed_manifest,block_09_norm2,layer_norm,GPU,314996.150399999,315018.279999999
18,fixed_manifest,block_09_ffn_island,fused_ffn_island,FPGA,315177.044799999,315509.79231999896
18,fixed_manifest,block_09_residual2,residual_add,GPU,315668.55711999896,315686.904319999
18,fixed_manifest,block_10_norm1,layer_norm,GPU,315686.904319999,315709.0339199989
18,fixed_manifest,block_10_qkv,linear_qkv,GPU,315709.0339199989,316151.7663999989
18,fixed_manifest,block_10_attention,self_attention,GPU,316151.7663999989,316307.79295999894
18,fixed_manifest,block_10_proj,linear_projection,GPU,316307.79295999894,316460.03711999895
18,fixed_manifest,block_10_residual1,residual_add,GPU,316460.03711999895,316478.3843199989
18,fixed_manifest,block_10_norm2,layer_norm,GPU,316478.3843199989,316500.5139199989
18,fixed_manifest,block_10_ffn_island,fused_ffn_island,FPGA,316659.2787199989,316992.0262399989
19,fixed_manifest,patch_embedding,patch_embedding,GPU,316666.6666666667,316818.1735466667
19,fixed_manifest,token_embedding,token_and_position_embedding,GPU,316818.1735466667,316836.5207466667
19,fixed_manifest,block_00_norm1,layer_norm,GPU,316836.5207466667,316858.65034666663
19,fixed_manifest,block_00_qkv,linear_qkv,GPU,316858.65034666663,317301.38282666664
18,fixed_manifest,block_10_residual2,residual_add,GPU,317301.38282666664,317319.73002666666
19,fixed_manifest,block_00_attention,self_attention,GPU,317319.73002666666,317475.7565866667
18,fixed_manifest,block_11_norm1,layer_norm,GPU,317475.7565866667,317497.8861866666
19,fixed_manifest,block_00_proj,linear_projection,GPU,317497.8861866666,317650.1303466666
18,fixed_manifest,block_11_qkv,linear_qkv,GPU,317650.1303466666,318092.8628266666
19,fixed_manifest,block_00_residual1,residual_add,GPU,318092.8628266666,318111.2100266666
18,fixed_manifest,block_11_attention,self_attention,GPU,318111.2100266666,318267.2365866666
19,fixed_manifest,block_00_norm2,layer_norm,GPU,318267.2365866666,318289.3661866666
18,fixed_manifest,block_11_proj,linear_projection,GPU,318289.3661866666,318441.6103466666
18,fixed_manifest,block_11_residual1,residual_add,GPU,318441.6103466666,318459.95754666656
19,fixed_manifest,block_00_ffn_island,fused_ffn_island,FPGA,318448.1309866666,318780.8785066666
18,fixed_manifest,block_11_norm2,layer_norm,GPU,318459.95754666656,318482.08714666654
18,fixed_manifest,block_11_ffn_island,fused_ffn_island,FPGA,318780.8785066666,319113.6260266666
19,fixed_manifest,block_00_residual2,residual_add,GPU,318939.6433066666,318957.99050666654
19,fixed_manifest,block_01_norm1,layer_norm,GPU,318957.99050666654,318980.1201066665
19,fixed_manifest,block_01_qkv,linear_qkv,GPU,318980.1201066665,319422.85258666653
18,fixed_manifest,block_11_residual2,residual_add,GPU,319422.85258666653,319441.1997866665
19,fixed_manifest,block_01_attention,self_attention,GPU,319441.1997866665,319597.2263466665
18,fixed_manifest,final_norm,layer_norm,GPU,319597.2263466665,319619.3559466665
19,fixed_manifest,block_01_proj,linear_projection,GPU,319619.3559466665,319771.6001066665
18,fixed_manifest,class_token_select,class_token_select,GPU,319771.6001066665,319778.63850666647
19,fixed_manifest,block_01_residual1,residual_add,GPU,319778.63850666647,319796.9857066665
18,fixed_manifest,classifier,linear_classifier,GPU,319796.9857066665,319804.94570666645
19,fixed_manifest,block_01_norm2,layer_norm,GPU,319804.94570666645,319827.07530666643
19,fixed_manifest,block_01_ffn_island,fused_ffn_island,FPGA,319985.84010666644,320318.5876266664
19,fixed_manifest,block_01_residual2,residual_add,GPU,320477.3524266664,320495.69962666644
19,fixed_manifest,block_02_norm1,layer_norm,GPU,320495.69962666644,320517.82922666636
19,fixed_manifest,block_02_qkv,linear_qkv,GPU,320517.82922666636,320960.56170666637
19,fixed_manifest,block_02_attention,self_attention,GPU,320960.56170666637,321116.5882666664
19,fixed_manifest,block_02_proj,linear_projection,GPU,321116.5882666664,321268.8324266664
19,fixed_manifest,block_02_residual1,residual_add,GPU,321268.8324266664,321287.17962666636
19,fixed_manifest,block_02_norm2,layer_norm,GPU,321287.17962666636,321309.30922666634
19,fixed_manifest,block_02_ffn_island,fused_ffn_island,FPGA,321468.07402666635,321800.8215466663
19,fixed_manifest,block_02_residual2,residual_add,GPU,321959.5863466663,321977.9335466663
19,fixed_manifest,block_03_norm1,layer_norm,GPU,321977.9335466663,322000.0631466663
19,fixed_manifest,block_03_qkv,linear_qkv,GPU,322000.0631466663,322442.7956266663
19,fixed_manifest,block_03_attention,self_attention,GPU,322442.7956266663,322598.8221866663
19,fixed_manifest,block_03_proj,linear_projection,GPU,322598.8221866663,322751.0663466663
19,fixed_manifest,block_03_residual1,residual_add,GPU,322751.0663466663,322769.41354666627
19,fixed_manifest,block_03_norm2,layer_norm,GPU,322769.41354666627,322791.54314666626
19,fixed_manifest,block_03_ffn_island,fused_ffn_island,FPGA,322950.30794666626,323283.05546666624
19,fixed_manifest,block_03_residual2,residual_add,GPU,323441.82026666624,323460.1674666662
19,fixed_manifest,block_04_norm1,layer_norm,GPU,323460.1674666662,323482.2970666662
19,fixed_manifest,block_04_qkv,linear_qkv,GPU,323482.2970666662,323925.0295466662
19,fixed_manifest,block_04_attention,self_attention,GPU,323925.0295466662,324081.0561066662
19,fixed_manifest,block_04_proj,linear_projection,GPU,324081.0561066662,324233.30026666616
19,fixed_manifest,block_04_residual1,residual_add,GPU,324233.30026666616,324251.6474666662
19,fixed_manifest,block_04_norm2,layer_norm,GPU,324251.6474666662,324273.77706666617
19,fixed_manifest,block_04_ffn_island,fused_ffn_island,FPGA,324432.5418666662,324765.28938666615
19,fixed_manifest,block_04_residual2,residual_add,GPU,324924.05418666615,324942.4013866661
19,fixed_manifest,block_05_norm1,layer_norm,GPU,324942.4013866661,324964.5309866661
19,fixed_manifest,block_05_qkv,linear_qkv,GPU,324964.5309866661,325407.2634666661
19,fixed_manifest,block_05_attention,self_attention,GPU,325407.2634666661,325563.29002666613
19,fixed_manifest,block_05_proj,linear_projection,GPU,325563.29002666613,325715.5341866661
19,fixed_manifest,block_05_residual1,residual_add,GPU,325715.5341866661,325733.8813866661
19,fixed_manifest,block_05_norm2,layer_norm,GPU,325733.8813866661,325756.0109866661
19,fixed_manifest,block_05_ffn_island,fused_ffn_island,FPGA,325914.7757866661,326247.52330666606
19,fixed_manifest,block_05_residual2,residual_add,GPU,326406.28810666606,326424.635306666
19,fixed_manifest,block_06_norm1,layer_norm,GPU,326424.635306666,326446.764906666
19,fixed_manifest,block_06_qkv,linear_qkv,GPU,326446.764906666,326889.497386666
19,fixed_manifest,block_06_attention,self_attention,GPU,326889.497386666,327045.52394666604
19,fixed_manifest,block_06_proj,linear_projection,GPU,327045.52394666604,327197.768106666
19,fixed_manifest,block_06_residual1,residual_add,GPU,327197.768106666,327216.115306666
19,fixed_manifest,block_06_norm2,layer_norm,GPU,327216.115306666,327238.244906666
19,fixed_manifest,block_06_ffn_island,fused_ffn_island,FPGA,327397.00970666594,327729.75722666597
19,fixed_manifest,block_06_residual2,residual_add,GPU,327888.522026666,327906.86922666593
19,fixed_manifest,block_07_norm1,layer_norm,GPU,327906.86922666593,327928.9988266659
19,fixed_manifest,block_07_qkv,linear_qkv,GPU,327928.9988266659,328371.7313066659
19,fixed_manifest,block_07_attention,self_attention,GPU,328371.7313066659,328527.75786666595
19,fixed_manifest,block_07_proj,linear_projection,GPU,328527.75786666595,328680.0020266659
19,fixed_manifest,block_07_residual1,residual_add,GPU,328680.0020266659,328698.3492266659
19,fixed_manifest,block_07_norm2,layer_norm,GPU,328698.3492266659,328720.4788266659
19,fixed_manifest,block_07_ffn_island,fused_ffn_island,FPGA,328879.24362666585,329211.9911466659
19,fixed_manifest,block_07_residual2,residual_add,GPU,329370.7559466659,329389.10314666585
19,fixed_manifest,block_08_norm1,layer_norm,GPU,329389.10314666585,329411.23274666583
19,fixed_manifest,block_08_qkv,linear_qkv,GPU,329411.23274666583,329853.96522666584
19,fixed_manifest,block_08_attention,self_attention,GPU,329853.96522666584,330009.99178666587
19,fixed_manifest,block_08_proj,linear_projection,GPU,330009.99178666587,330162.2359466658
19,fixed_manifest,block_08_residual1,residual_add,GPU,330162.2359466658,330180.5831466658
19,fixed_manifest,block_08_norm2,layer_norm,GPU,330180.5831466658,330202.7127466658
19,fixed_manifest,block_08_ffn_island,fused_ffn_island,FPGA,330361.47754666576,330694.2250666658
19,fixed_manifest,block_08_residual2,residual_add,GPU,330852.9898666658,330871.33706666576
19,fixed_manifest,block_09_norm1,layer_norm,GPU,330871.33706666576,330893.46666666574
19,fixed_manifest,block_09_qkv,linear_qkv,GPU,330893.46666666574,331336.19914666575
19,fixed_manifest,block_09_attention,self_attention,GPU,331336.19914666575,331492.2257066658
19,fixed_manifest,block_09_proj,linear_projection,GPU,331492.2257066658,331644.4698666657
19,fixed_manifest,block_09_residual1,residual_add,GPU,331644.4698666657,331662.81706666574
19,fixed_manifest,block_09_norm2,layer_norm,GPU,331662.81706666574,331684.9466666657
19,fixed_manifest,block_09_ffn_island,fused_ffn_island,FPGA,331843.71146666567,332176.4589866657
19,fixed_manifest,block_09_residual2,residual_add,GPU,332335.2237866657,332353.57098666567
19,fixed_manifest,block_10_norm1,layer_norm,GPU,332353.57098666567,332375.70058666565
19,fixed_manifest,block_10_qkv,linear_qkv,GPU,332375.70058666565,332818.43306666566
19,fixed_manifest,block_10_attention,self_attention,GPU,332818.43306666566,332974.4596266657
19,fixed_manifest,block_10_proj,linear_projection,GPU,332974.4596266657,333126.70378666563
19,fixed_manifest,block_10_residual1,residual_add,GPU,333126.70378666563,333145.05098666565
19,fixed_manifest,block_10_norm2,layer_norm,GPU,333145.05098666565,333167.18058666564
19,fixed_manifest,block_10_ffn_island,fused_ffn_island,FPGA,333325.9453866656,333658.6929066656
20,fixed_manifest,patch_embedding,patch_embedding,GPU,333333.3333333334,333484.8402133334
20,fixed_manifest,token_embedding,token_and_position_embedding,GPU,333484.8402133334,333503.18741333333
20,fixed_manifest,block_00_norm1,layer_norm,GPU,333503.18741333333,333525.3170133333
20,fixed_manifest,block_00_qkv,linear_qkv,GPU,333525.3170133333,333968.0494933333
19,fixed_manifest,block_10_residual2,residual_add,GPU,333968.0494933333,333986.3966933333
20,fixed_manifest,block_00_attention,self_attention,GPU,333986.3966933333,334142.4232533333
19,fixed_manifest,block_11_norm1,layer_norm,GPU,334142.4232533333,334164.5528533333
20,fixed_manifest,block_00_proj,linear_projection,GPU,334164.5528533333,334316.7970133333
19,fixed_manifest,block_11_qkv,linear_qkv,GPU,334316.7970133333,334759.52949333325
20,fixed_manifest,block_00_residual1,residual_add,GPU,334759.52949333325,334777.87669333327
19,fixed_manifest,block_11_attention,self_attention,GPU,334777.87669333327,334933.9032533333
20,fixed_manifest,block_00_norm2,layer_norm,GPU,334933.9032533333,334956.0328533333
19,fixed_manifest,block_11_proj,linear_projection,GPU,334956.0328533333,335108.2770133332
19,fixed_manifest,block_11_residual1,residual_add,GPU,335108.2770133332,335126.62421333324
20,fixed_manifest,block_00_ffn_island,fused_ffn_island,FPGA,335114.7976533332,335447.54517333326
19,fixed_manifest,block_11_norm2,layer_norm,GPU,335126.62421333324,335148.7538133332
19,fixed_manifest,block_11_ffn_island,fused_ffn_island,FPGA,335447.54517333326,335780.29269333323
20,fixed_manifest,block_00_residual2,residual_add,GPU,335606.30997333326,335624.6571733332
20,fixed_manifest,block_01_norm1,layer_norm,GPU,335624.6571733332,335646.7867733332
20,fixed_manifest,block_01_qkv,linear_qkv,GPU,335646.7867733332,336089.5192533332
19,fixed_manifest,block_11_residual2,residual_add,GPU,336089.5192533332,336107.8664533332
20,fixed_manifest,block_01_attention,self_attention,GPU,336107.8664533332,336263.8930133332
19,fixed_manifest,final_norm,layer_norm,GPU,336263.8930133332,336286.0226133332
20,fixed_manifest,block_01_proj,linear_projection,GPU,336286.0226133332,336438.26677333313
19,fixed_manifest,class_token_select,class_token_select,GPU,336438.26677333313,336445.30517333315
20,fixed_manifest,block_01_residual1,residual_add,GPU,336445.30517333315,336463.65237333317
19,fixed_manifest,classifier,linear_classifier,GPU,336463.65237333317,336471.61237333313
20,fixed_manifest,block_01_norm2,layer_norm,GPU,336471.61237333313,336493.7419733331
20,fixed_manifest,block_01_ffn_island,fused_ffn_island,FPGA,336652.50677333307,336985.2542933331
20,fixed_manifest,block_01_residual2,residual_add,GPU,337144.0190933331,337162.36629333306
20,fixed_manifest,block_02_norm1,layer_norm,GPU,337162.36629333306,337184.49589333305
20,fixed_manifest,block_02_qkv,linear_qkv,GPU,337184.49589333305,337627.22837333306
20,fixed_manifest,block_02_attention,self_attention,GPU,337627.22837333306,337783.2549333331
20,fixed_manifest,block_02_proj,linear_projection,GPU,337783.2549333331,337935.499093333
20,fixed_manifest,block_02_residual1,residual_add,GPU,337935.499093333,337953.84629333304
20,fixed_manifest,block_02_norm2,layer_norm,GPU,337953.84629333304,337975.97589333303
20,fixed_manifest,block_02_ffn_island,fused_ffn_island,FPGA,338134.740693333,338467.488213333
20,fixed_manifest,block_02_residual2,residual_add,GPU,338626.253013333,338644.600213333
20,fixed_manifest,block_03_norm1,layer_norm,GPU,338644.600213333,338666.72981333296
20,fixed_manifest,block_03_qkv,linear_qkv,GPU,338666.72981333296,339109.46229333297
20,fixed_manifest,block_03_attention,self_attention,GPU,339109.46229333297,339265.48885333294
20,fixed_manifest,block_03_proj,linear_projection,GPU,339265.48885333294,339417.73301333294
20,fixed_manifest,block_03_residual1,residual_add,GPU,339417.73301333294,339436.08021333296
20,fixed_manifest,block_03_norm2,layer_norm,GPU,339436.08021333296,339458.2098133329
20,fixed_manifest,block_03_ffn_island,fused_ffn_island,FPGA,339616.9746133329,339949.7221333329
20,fixed_manifest,block_03_residual2,residual_add,GPU,340108.4869333329,340126.8341333329
20,fixed_manifest,block_04_norm1,layer_norm,GPU,340126.8341333329,340148.9637333329
20,fixed_manifest,block_04_qkv,linear_qkv,GPU,340148.9637333329,340591.6962133329
20,fixed_manifest,block_04_attention,self_attention,GPU,340591.6962133329,340747.72277333285
20,fixed_manifest,block_04_proj,linear_projection,GPU,340747.72277333285,340899.96693333285
20,fixed_manifest,block_04_residual1,residual_add,GPU,340899.96693333285,340918.31413333287
20,fixed_manifest,block_04_norm2,layer_norm,GPU,340918.31413333287,340940.4437333328
20,fixed_manifest,block_04_ffn_island,fused_ffn_island,FPGA,341099.2085333328,341431.95605333283
20,fixed_manifest,block_04_residual2,residual_add,GPU,341590.7208533328,341609.0680533328
20,fixed_manifest,block_05_norm1,layer_norm,GPU,341609.0680533328,341631.1976533328
20,fixed_manifest,block_05_qkv,linear_qkv,GPU,341631.1976533328,342073.93013333273
20,fixed_manifest,block_05_attention,self_attention,GPU,342073.93013333273,342229.95669333276
20,fixed_manifest,block_05_proj,linear_projection,GPU,342229.95669333276,342382.20085333276
20,fixed_manifest,block_05_residual1,residual_add,GPU,342382.20085333276,342400.5480533328
20,fixed_manifest,block_05_norm2,layer_norm,GPU,342400.5480533328,342422.6776533327
20,fixed_manifest,block_05_ffn_island,fused_ffn_island,FPGA,342581.4424533327,342914.18997333274
20,fixed_manifest,block_05_residual2,residual_add,GPU,343072.9547733327,343091.3019733327
20,fixed_manifest,block_06_norm1,layer_norm,GPU,343091.3019733327,343113.4315733327
20,fixed_manifest,block_06_qkv,linear_qkv,GPU,343113.4315733327,343556.16405333264
20,fixed_manifest,block_06_attention,self_attention,GPU,343556.16405333264,343712.19061333267
20,fixed_manifest,block_06_proj,linear_projection,GPU,343712.19061333267,343864.4347733327
20,fixed_manifest,block_06_residual1,residual_add,GPU,343864.4347733327,343882.7819733327
20,fixed_manifest,block_06_norm2,layer_norm,GPU,343882.7819733327,343904.9115733326
20,fixed_manifest,block_06_ffn_island,fused_ffn_island,FPGA,344063.6763733326,344396.42389333266
20,fixed_manifest,block_06_residual2,residual_add,GPU,344555.1886933326,344573.5358933326
20,fixed_manifest,block_07_norm1,layer_norm,GPU,344573.5358933326,344595.6654933326
20,fixed_manifest,block_07_qkv,linear_qkv,GPU,344595.6654933326,345038.39797333255
20,fixed_manifest,block_07_attention,self_attention,GPU,345038.39797333255,345194.4245333326
20,fixed_manifest,block_07_proj,linear_projection,GPU,345194.4245333326,345346.6686933326
20,fixed_manifest,block_07_residual1,residual_add,GPU,345346.6686933326,345365.01589333254
20,fixed_manifest,block_07_norm2,layer_norm,GPU,345365.01589333254,345387.14549333253
20,fixed_manifest,block_07_ffn_island,fused_ffn_island,FPGA,345545.91029333253,345878.65781333257
20,fixed_manifest,block_07_residual2,residual_add,GPU,346037.4226133325,346055.76981333253
20,fixed_manifest,block_08_norm1,layer_norm,GPU,346055.76981333253,346077.8994133325
20,fixed_manifest,block_08_qkv,linear_qkv,GPU,346077.8994133325,346520.63189333247
20,fixed_manifest,block_08_attention,self_attention,GPU,346520.63189333247,346676.6584533325
20,fixed_manifest,block_08_proj,linear_projection,GPU,346676.6584533325,346828.9026133325
20,fixed_manifest,block_08_residual1,residual_add,GPU,346828.9026133325,346847.24981333246
20,fixed_manifest,block_08_norm2,layer_norm,GPU,346847.24981333246,346869.37941333244
20,fixed_manifest,block_08_ffn_island,fused_ffn_island,FPGA,347028.14421333245,347360.8917333325
20,fixed_manifest,block_08_residual2,residual_add,GPU,347519.6565333324,347538.00373333244
20,fixed_manifest,block_09_norm1,layer_norm,GPU,347538.00373333244,347560.13333333243
20,fixed_manifest,block_09_qkv,linear_qkv,GPU,347560.13333333243,348002.8658133324
20,fixed_manifest,block_09_attention,self_attention,GPU,348002.8658133324,348158.8923733324
20,fixed_manifest,block_09_proj,linear_projection,GPU,348158.8923733324,348311.1365333324
20,fixed_manifest,block_09_residual1,residual_add,GPU,348311.1365333324,348329.48373333237
20,fixed_manifest,block_09_norm2,layer_norm,GPU,348329.48373333237,348351.61333333235
20,fixed_manifest,block_09_ffn_island,fused_ffn_island,FPGA,348510.37813333236,348843.1256533324
20,fixed_manifest,block_09_residual2,residual_add,GPU,349001.89045333234,349020.23765333235
20,fixed_manifest,block_10_norm1,layer_norm,GPU,349020.23765333235,349042.36725333234
20,fixed_manifest,block_10_qkv,linear_qkv,GPU,349042.36725333234,349485.0997333323
20,fixed_manifest,block_10_attention,self_attention,GPU,349485.0997333323,349641.1262933323
20,fixed_manifest,block_10_proj,linear_projection,GPU,349641.1262933323,349793.3704533323
20,fixed_manifest,block_10_residual1,residual_add,GPU,349793.3704533323,349811.7176533323
20,fixed_manifest,block_10_norm2,layer_norm,GPU,349811.7176533323,349833.84725333226
20,fixed_manifest,block_10_ffn_island,fused_ffn_island,FPGA,349992.61205333227,350325.3595733323
21,fixed_manifest,patch_embedding,patch_embedding,GPU,350000.0,350151.50687999994
21,fixed_manifest,token_embedding,token_and_position_embedding,GPU,350151.50687999994,350169.85407999996
21,fixed_manifest,block_00_norm1,layer_norm,GPU,350169.85407999996,350191.98367999995
21,fixed_manifest,block_00_qkv,linear_qkv,GPU,350191.98367999995,350634.7161599999
20,fixed_manifest,block_10_residual2,residual_add,GPU,350634.7161599999,350653.0633599999
21,fixed_manifest,block_00_attention,self_attention,GPU,350653.0633599999,350809.08991999994
20,fixed_manifest,block_11_norm1,layer_norm,GPU,350809.08991999994,350831.2195199999
21,fixed_manifest,block_00_proj,linear_projection,GPU,350831.2195199999,350983.46367999987
20,fixed_manifest,block_11_qkv,linear_qkv,GPU,350983.46367999987,351426.1961599999
21,fixed_manifest,block_00_residual1,residual_add,GPU,351426.1961599999,351444.54335999984
20,fixed_manifest,block_11_attention,self_attention,GPU,351444.54335999984,351600.56991999986
21,fixed_manifest,block_00_norm2,layer_norm,GPU,351600.56991999986,351622.69951999985
20,fixed_manifest,block_11_proj,linear_projection,GPU,351622.69951999985,351774.94367999985
20,fixed_manifest,block_11_residual1,residual_add,GPU,351774.94367999985,351793.2908799998
21,fixed_manifest,block_00_ffn_island,fused_ffn_island,FPGA,351781.46431999985,352114.2118399998
20,fixed_manifest,block_11_norm2,layer_norm,GPU,351793.2908799998,351815.4204799998
20,fixed_manifest,block_11_ffn_island,fused_ffn_island,FPGA,352114.2118399998,352446.95935999986
21,fixed_manifest,block_00_residual2,residual_add,GPU,352272.97663999983,352291.32383999985
21,fixed_manifest,block_01_norm1,layer_norm,GPU,352291.32383999985,352313.45343999984
21,fixed_manifest,block_01_qkv,linear_qkv,GPU,352313.45343999984,352756.1859199998
20,fixed_manifest,block_11_residual2,residual_add,GPU,352756.1859199998,352774.5331199998
21,fixed_manifest,block_01_attention,self_attention,GPU,352774.5331199998,352930.55967999983
20,fixed_manifest,final_norm,layer_norm,GPU,352930.55967999983,352952.68927999976
21,fixed_manifest,block_01_proj,linear_projection,GPU,352952.68927999976,353104.93343999976
20,fixed_manifest,class_token_select,class_token_select,GPU,353104.93343999976,353111.9718399998
21,fixed_manifest,block_01_residual1,residual_add,GPU,353111.9718399998,353130.31903999974
20,fixed_manifest,classifier,linear_classifier,GPU,353130.31903999974,353138.2790399997
21,fixed_manifest,block_01_norm2,layer_norm,GPU,353138.2790399997,353160.4086399997
21,fixed_manifest,block_01_ffn_island,fused_ffn_island,FPGA,353319.1734399997,353651.9209599997
21,fixed_manifest,block_01_residual2,residual_add,GPU,353810.6857599997,353829.0329599997
21,fixed_manifest,block_02_norm1,layer_norm,GPU,353829.0329599997,353851.1625599997
21,fixed_manifest,block_02_qkv,linear_qkv,GPU,353851.1625599997,354293.8950399996
21,fixed_manifest,block_02_attention,self_attention,GPU,354293.8950399996,354449.92159999965
21,fixed_manifest,block_02_proj,linear_projection,GPU,354449.92159999965,354602.16575999965
21,fixed_manifest,block_02_residual1,residual_add,GPU,354602.16575999965,354620.5129599996
21,fixed_manifest,block_02_norm2,layer_norm,GPU,354620.5129599996,354642.6425599996
21,fixed_manifest,block_02_ffn_island,fused_ffn_island,FPGA,354801.4073599996,355134.1548799996
21,fixed_manifest,block_02_residual2,residual_add,GPU,355292.9196799996,355311.2668799996
21,fixed_manifest,block_03_norm1,layer_norm,GPU,355311.2668799996,355333.3964799996
21,fixed_manifest,block_03_qkv,linear_qkv,GPU,355333.3964799996,355776.12895999954
21,fixed_manifest,block_03_attention,self_attention,GPU,355776.12895999954,355932.15551999956
21,fixed_manifest,block_03_proj,linear_projection,GPU,355932.15551999956,356084.39967999957
21,fixed_manifest,block_03_residual1,residual_add,GPU,356084.39967999957,356102.7468799995
21,fixed_manifest,block_03_norm2,layer_norm,GPU,356102.7468799995,356124.8764799995
21,fixed_manifest,block_03_ffn_island,fused_ffn_island,FPGA,356283.6412799995,356616.3887999995
21,fixed_manifest,block_03_residual2,residual_add,GPU,356775.1535999995,356793.5007999995
21,fixed_manifest,block_04_norm1,layer_norm,GPU,356793.5007999995,356815.6303999995
21,fixed_manifest,block_04_qkv,linear_qkv,GPU,356815.6303999995,357258.36287999945
21,fixed_manifest,block_04_attention,self_attention,GPU,357258.36287999945,357414.3894399995
21,fixed_manifest,block_04_proj,linear_projection,GPU,357414.3894399995,357566.6335999995
21,fixed_manifest,block_04_residual1,residual_add,GPU,357566.6335999995,357584.98079999944
21,fixed_manifest,block_04_norm2,layer_norm,GPU,357584.98079999944,357607.1103999994
21,fixed_manifest,block_04_ffn_island,fused_ffn_island,FPGA,357765.8751999994,358098.6227199994
21,fixed_manifest,block_04_residual2,residual_add,GPU,358257.3875199994,358275.7347199994
21,fixed_manifest,block_05_norm1,layer_norm,GPU,358275.7347199994,358297.86431999935
21,fixed_manifest,block_05_qkv,linear_qkv,GPU,358297.86431999935,358740.59679999936
21,fixed_manifest,block_05_attention,self_attention,GPU,358740.59679999936,358896.6233599994
21,fixed_manifest,block_05_proj,linear_projection,GPU,358896.6233599994,359048.8675199994
21,fixed_manifest,block_05_residual1,residual_add,GPU,359048.8675199994,359067.21471999935
21,fixed_manifest,block_05_norm2,layer_norm,GPU,359067.21471999935,359089.34431999933
21,fixed_manifest,block_05_ffn_island,fused_ffn_island,FPGA,359248.10911999934,359580.8566399993
21,fixed_manifest,block_05_residual2,residual_add,GPU,359739.6214399993,359757.96863999934
21,fixed_manifest,block_06_norm1,layer_norm,GPU,359757.96863999934,359780.09823999926
21,fixed_manifest,block_06_qkv,linear_qkv,GPU,359780.09823999926,360222.83071999927
21,fixed_manifest,block_06_attention,self_attention,GPU,360222.83071999927,360378.8572799993
21,fixed_manifest,block_06_proj,linear_projection,GPU,360378.8572799993,360531.1014399993
21,fixed_manifest,block_06_residual1,residual_add,GPU,360531.1014399993,360549.44863999926
21,fixed_manifest,block_06_norm2,layer_norm,GPU,360549.44863999926,360571.57823999925
21,fixed_manifest,block_06_ffn_island,fused_ffn_island,FPGA,360730.34303999925,361063.0905599992
21,fixed_manifest,block_06_residual2,residual_add,GPU,361221.85535999923,361240.20255999925
21,fixed_manifest,block_07_norm1,layer_norm,GPU,361240.20255999925,361262.3321599992
21,fixed_manifest,block_07_qkv,linear_qkv,GPU,361262.3321599992,361705.0646399992
21,fixed_manifest,block_07_attention,self_attention,GPU,361705.0646399992,361861.0911999992
21,fixed_manifest,block_07_proj,linear_projection,GPU,361861.0911999992,362013.3353599992
21,fixed_manifest,block_07_residual1,residual_add,GPU,362013.3353599992,362031.6825599992
21,fixed_manifest,block_07_norm2,layer_norm,GPU,362031.6825599992,362053.81215999916
21,fixed_manifest,block_07_ffn_island,fused_ffn_island,FPGA,362212.57695999916,362545.32447999914
21,fixed_manifest,block_07_residual2,residual_add,GPU,362704.08927999914,362722.43647999916
21,fixed_manifest,block_08_norm1,layer_norm,GPU,362722.43647999916,362744.5660799991
21,fixed_manifest,block_08_qkv,linear_qkv,GPU,362744.5660799991,363187.2985599991
21,fixed_manifest,block_08_attention,self_attention,GPU,363187.2985599991,363343.3251199991
21,fixed_manifest,block_08_proj,linear_projection,GPU,363343.3251199991,363495.5692799991
21,fixed_manifest,block_08_residual1,residual_add,GPU,363495.5692799991,363513.9164799991
21,fixed_manifest,block_08_norm2,layer_norm,GPU,363513.9164799991,363536.04607999907
21,fixed_manifest,block_08_ffn_island,fused_ffn_island,FPGA,363694.8108799991,364027.55839999905
21,fixed_manifest,block_08_residual2,residual_add,GPU,364186.32319999905,364204.670399999
21,fixed_manifest,block_09_norm1,layer_norm,GPU,364204.670399999,364226.799999999
21,fixed_manifest,block_09_qkv,linear_qkv,GPU,364226.799999999,364669.532479999
21,fixed_manifest,block_09_attention,self_attention,GPU,364669.532479999,364825.55903999903
21,fixed_manifest,block_09_proj,linear_projection,GPU,364825.55903999903,364977.80319999903
21,fixed_manifest,block_09_residual1,residual_add,GPU,364977.80319999903,364996.150399999
21,fixed_manifest,block_09_norm2,layer_norm,GPU,364996.150399999,365018.279999999
21,fixed_manifest,block_09_ffn_island,fused_ffn_island,FPGA,365177.044799999,365509.79231999896
21,fixed_manifest,block_09_residual2,residual_add,GPU,365668.55711999896,365686.9043199989
21,fixed_manifest,block_10_norm1,layer_norm,GPU,365686.9043199989,365709.0339199989
21,fixed_manifest,block_10_qkv,linear_qkv,GPU,365709.0339199989,366151.7663999989
21,fixed_manifest,block_10_attention,self_attention,GPU,366151.7663999989,366307.79295999894
21,fixed_manifest,block_10_proj,linear_projection,GPU,366307.79295999894,366460.0371199989
21,fixed_manifest,block_10_residual1,residual_add,GPU,366460.0371199989,366478.3843199989
21,fixed_manifest,block_10_norm2,layer_norm,GPU,366478.3843199989,366500.5139199989
21,fixed_manifest,block_10_ffn_island,fused_ffn_island,FPGA,366659.2787199989,366992.0262399989
22,fixed_manifest,patch_embedding,patch_embedding,GPU,366666.6666666667,366818.1735466667
22,fixed_manifest,token_embedding,token_and_position_embedding,GPU,366818.1735466667,366836.52074666665
22,fixed_manifest,block_00_norm1,layer_norm,GPU,366836.52074666665,366858.65034666663
22,fixed_manifest,block_00_qkv,linear_qkv,GPU,366858.65034666663,367301.38282666664
21,fixed_manifest,block_10_residual2,residual_add,GPU,367301.38282666664,367319.7300266666
22,fixed_manifest,block_00_attention,self_attention,GPU,367319.7300266666,367475.7565866666
21,fixed_manifest,block_11_norm1,layer_norm,GPU,367475.7565866666,367497.8861866666
22,fixed_manifest,block_00_proj,linear_projection,GPU,367497.8861866666,367650.1303466666
21,fixed_manifest,block_11_qkv,linear_qkv,GPU,367650.1303466666,368092.86282666656
22,fixed_manifest,block_00_residual1,residual_add,GPU,368092.86282666656,368111.2100266666
21,fixed_manifest,block_11_attention,self_attention,GPU,368111.2100266666,368267.2365866666
22,fixed_manifest,block_00_norm2,layer_norm,GPU,368267.2365866666,368289.3661866666
21,fixed_manifest,block_11_proj,linear_projection,GPU,368289.3661866666,368441.61034666654
21,fixed_manifest,block_11_residual1,residual_add,GPU,368441.61034666654,368459.95754666656
22,fixed_manifest,block_00_ffn_island,fused_ffn_island,FPGA,368448.13098666654,368780.8785066666
21,fixed_manifest,block_11_norm2,layer_norm,GPU,368459.95754666656,368482.08714666654
21,fixed_manifest,block_11_ffn_island,fused_ffn_island,FPGA,368780.8785066666,369113.6260266666
22,fixed_manifest,block_00_residual2,residual_add,GPU,368939.6433066666,368957.99050666654
22,fixed_manifest,block_01_norm1,layer_norm,GPU,368957.99050666654,368980.1201066665
22,fixed_manifest,block_01_qkv,linear_qkv,GPU,368980.1201066665,369422.85258666653
21,fixed_manifest,block_11_residual2,residual_add,GPU,369422.85258666653,369441.1997866665
22,fixed_manifest,block_01_attention,self_attention,GPU,369441.1997866665,369597.2263466665
21,fixed_manifest,final_norm,layer_norm,GPU,369597.2263466665,369619.3559466665
22,fixed_manifest,block_01_proj,linear_projection,GPU,369619.3559466665,369771.6001066665
21,fixed_manifest,class_token_select,class_token_select,GPU,369771.6001066665,369778.63850666647
22,fixed_manifest,block_01_residual1,residual_add,GPU,369778.63850666647,369796.9857066665
21,fixed_manifest,classifier,linear_classifier,GPU,369796.9857066665,369804.94570666645
22,fixed_manifest,block_01_norm2,layer_norm,GPU,369804.94570666645,369827.07530666643
22,fixed_manifest,block_01_ffn_island,fused_ffn_island,FPGA,369985.8401066664,370318.5876266664
22,fixed_manifest,block_01_residual2,residual_add,GPU,370477.3524266664,370495.6996266664
22,fixed_manifest,block_02_norm1,layer_norm,GPU,370495.6996266664,370517.82922666636
22,fixed_manifest,block_02_qkv,linear_qkv,GPU,370517.82922666636,370960.56170666637
22,fixed_manifest,block_02_attention,self_attention,GPU,370960.56170666637,371116.5882666664
22,fixed_manifest,block_02_proj,linear_projection,GPU,371116.5882666664,371268.83242666634
22,fixed_manifest,block_02_residual1,residual_add,GPU,371268.83242666634,371287.17962666636
22,fixed_manifest,block_02_norm2,layer_norm,GPU,371287.17962666636,371309.30922666634
22,fixed_manifest,block_02_ffn_island,fused_ffn_island,FPGA,371468.0740266663,371800.8215466663
22,fixed_manifest,block_02_residual2,residual_add,GPU,371959.5863466663,371977.9335466663
22,fixed_manifest,block_03_norm1,layer_norm,GPU,371977.9335466663,372000.0631466663
22,fixed_manifest,block_03_qkv,linear_qkv,GPU,372000.0631466663,372442.7956266663
22,fixed_manifest,block_03_attention,self_attention,GPU,372442.7956266663,372598.8221866663
22,fixed_manifest,block_03_proj,linear_projection,GPU,372598.8221866663,372751.06634666625
22,fixed_manifest,block_03_residual1,residual_add,GPU,372751.06634666625,372769.41354666627
22,fixed_manifest,block_03_norm2,layer_norm,GPU,372769.41354666627,372791.54314666626
22,fixed_manifest,block_03_ffn_island,fused_ffn_island,FPGA,372950.3079466662,373283.05546666624
22,fixed_manifest,block_03_residual2,residual_add,GPU,373441.82026666624,373460.1674666662
22,fixed_manifest,block_04_norm1,layer_norm,GPU,373460.1674666662,373482.2970666662
22,fixed_manifest,block_04_qkv,linear_qkv,GPU,373482.2970666662,373925.0295466662
22,fixed_manifest,block_04_attention,self_attention,GPU,373925.0295466662,374081.0561066662
22,fixed_manifest,block_04_proj,linear_projection,GPU,374081.0561066662,374233.30026666616
22,fixed_manifest,block_04_residual1,residual_add,GPU,374233.30026666616,374251.6474666662
22,fixed_manifest,block_04_norm2,layer_norm,GPU,374251.6474666662,374273.77706666617
22,fixed_manifest,block_04_ffn_island,fused_ffn_island,FPGA,374432.5418666661,374765.28938666615
22,fixed_manifest,block_04_residual2,residual_add,GPU,374924.05418666615,374942.4013866661
22,fixed_manifest,block_05_norm1,layer_norm,GPU,374942.4013866661,374964.5309866661
22,fixed_manifest,block_05_qkv,linear_qkv,GPU,374964.5309866661,375407.2634666661
22,fixed_manifest,block_05_attention,self_attention,GPU,375407.2634666661,375563.29002666613
22,fixed_manifest,block_05_proj,linear_projection,GPU,375563.29002666613,375715.5341866661
22,fixed_manifest,block_05_residual1,residual_add,GPU,375715.5341866661,375733.8813866661
22,fixed_manifest,block_05_norm2,layer_norm,GPU,375733.8813866661,375756.0109866661
22,fixed_manifest,block_05_ffn_island,fused_ffn_island,FPGA,375914.775786666,376247.52330666606
22,fixed_manifest,block_05_residual2,residual_add,GPU,376406.28810666606,376424.635306666
22,fixed_manifest,block_06_norm1,layer_norm,GPU,376424.635306666,376446.764906666
22,fixed_manifest,block_06_qkv,linear_qkv,GPU,376446.764906666,376889.497386666
22,fixed_manifest,block_06_attention,self_attention,GPU,376889.497386666,377045.52394666604
22,fixed_manifest,block_06_proj,linear_projection,GPU,377045.52394666604,377197.768106666
22,fixed_manifest,block_06_residual1,residual_add,GPU,377197.768106666,377216.115306666
22,fixed_manifest,block_06_norm2,layer_norm,GPU,377216.115306666,377238.244906666
22,fixed_manifest,block_06_ffn_island,fused_ffn_island,FPGA,377397.00970666594,377729.75722666597
22,fixed_manifest,block_06_residual2,residual_add,GPU,377888.522026666,377906.86922666593
22,fixed_manifest,block_07_norm1,layer_norm,GPU,377906.86922666593,377928.9988266659
22,fixed_manifest,block_07_qkv,linear_qkv,GPU,377928.9988266659,378371.7313066659
22,fixed_manifest,block_07_attention,self_attention,GPU,378371.7313066659,378527.75786666595
22,fixed_manifest,block_07_proj,linear_projection,GPU,378527.75786666595,378680.0020266659
22,fixed_manifest,block_07_residual1,residual_add,GPU,378680.0020266659,378698.3492266659
22,fixed_manifest,block_07_norm2,layer_norm,GPU,378698.3492266659,378720.4788266659
22,fixed_manifest,block_07_ffn_island,fused_ffn_island,FPGA,378879.24362666585,379211.9911466659
22,fixed_manifest,block_07_residual2,residual_add,GPU,379370.7559466659,379389.10314666585
22,fixed_manifest,block_08_norm1,layer_norm,GPU,379389.10314666585,379411.23274666583
22,fixed_manifest,block_08_qkv,linear_qkv,GPU,379411.23274666583,379853.96522666584
22,fixed_manifest,block_08_attention,self_attention,GPU,379853.96522666584,380009.9917866658
22,fixed_manifest,block_08_proj,linear_projection,GPU,380009.9917866658,380162.2359466658
22,fixed_manifest,block_08_residual1,residual_add,GPU,380162.2359466658,380180.5831466658
22,fixed_manifest,block_08_norm2,layer_norm,GPU,380180.5831466658,380202.71274666575
22,fixed_manifest,block_08_ffn_island,fused_ffn_island,FPGA,380361.47754666576,380694.2250666658
22,fixed_manifest,block_08_residual2,residual_add,GPU,380852.9898666658,380871.33706666576
22,fixed_manifest,block_09_norm1,layer_norm,GPU,380871.33706666576,380893.46666666574
22,fixed_manifest,block_09_qkv,linear_qkv,GPU,380893.46666666574,381336.19914666575
22,fixed_manifest,block_09_attention,self_attention,GPU,381336.19914666575,381492.2257066657
22,fixed_manifest,block_09_proj,linear_projection,GPU,381492.2257066657,381644.4698666657
22,fixed_manifest,block_09_residual1,residual_add,GPU,381644.4698666657,381662.81706666574
22,fixed_manifest,block_09_norm2,layer_norm,GPU,381662.81706666574,381684.94666666567
22,fixed_manifest,block_09_ffn_island,fused_ffn_island,FPGA,381843.71146666567,382176.4589866657
22,fixed_manifest,block_09_residual2,residual_add,GPU,382335.22378666565,382353.57098666567
22,fixed_manifest,block_10_norm1,layer_norm,GPU,382353.57098666567,382375.70058666565
22,fixed_manifest,block_10_qkv,linear_qkv,GPU,382375.70058666565,382818.4330666656
22,fixed_manifest,block_10_attention,self_attention,GPU,382818.4330666656,382974.45962666563
22,fixed_manifest,block_10_proj,linear_projection,GPU,382974.45962666563,383126.70378666563
22,fixed_manifest,block_10_residual1,residual_add,GPU,383126.70378666563,383145.05098666565
22,fixed_manifest,block_10_norm2,layer_norm,GPU,383145.05098666565,383167.1805866656
22,fixed_manifest,block_10_ffn_island,fused_ffn_island,FPGA,383325.9453866656,383658.6929066656
23,fixed_manifest,patch_embedding,patch_embedding,GPU,383333.3333333334,383484.8402133334
23,fixed_manifest,token_embedding,token_and_position_embedding,GPU,383484.8402133334,383503.18741333333
23,fixed_manifest,block_00_norm1,layer_norm,GPU,383503.18741333333,383525.3170133333
23,fixed_manifest,block_00_qkv,linear_qkv,GPU,383525.3170133333,383968.0494933333
22,fixed_manifest,block_10_residual2,residual_add,GPU,383968.0494933333,383986.3966933333
23,fixed_manifest,block_00_attention,self_attention,GPU,383986.3966933333,384142.4232533333
22,fixed_manifest,block_11_norm1,layer_norm,GPU,384142.4232533333,384164.5528533333
23,fixed_manifest,block_00_proj,linear_projection,GPU,384164.5528533333,384316.79701333324
22,fixed_manifest,block_11_qkv,linear_qkv,GPU,384316.79701333324,384759.52949333325
23,fixed_manifest,block_00_residual1,residual_add,GPU,384759.52949333325,384777.87669333327
22,fixed_manifest,block_11_attention,self_attention,GPU,384777.87669333327,384933.9032533333
23,fixed_manifest,block_00_norm2,layer_norm,GPU,384933.9032533333,384956.0328533332
22,fixed_manifest,block_11_proj,linear_projection,GPU,384956.0328533332,385108.2770133332
22,fixed_manifest,block_11_residual1,residual_add,GPU,385108.2770133332,385126.62421333324
23,fixed_manifest,block_00_ffn_island,fused_ffn_island,FPGA,385114.7976533332,385447.54517333326
22,fixed_manifest,block_11_norm2,layer_norm,GPU,385126.62421333324,385148.75381333317
22,fixed_manifest,block_11_ffn_island,fused_ffn_island,FPGA,385447.54517333326,385780.29269333323
23,fixed_manifest,block_00_residual2,residual_add,GPU,385606.3099733332,385624.6571733332
23,fixed_manifest,block_01_norm1,layer_norm,GPU,385624.6571733332,385646.7867733332
23,fixed_manifest,block_01_qkv,linear_qkv,GPU,385646.7867733332,386089.51925333316
22,fixed_manifest,block_11_residual2,residual_add,GPU,386089.51925333316,386107.8664533332
23,fixed_manifest,block_01_attention,self_attention,GPU,386107.8664533332,386263.8930133332
22,fixed_manifest,final_norm,layer_norm,GPU,386263.8930133332,386286.0226133332
23,fixed_manifest,block_01_proj,linear_projection,GPU,386286.0226133332,386438.26677333313
22,fixed_manifest,class_token_select,class_token_select,GPU,386438.26677333313,386445.30517333315
23,fixed_manifest,block_01_residual1,residual_add,GPU,386445.30517333315,386463.6523733331
22,fixed_manifest,classifier,linear_classifier,GPU,386463.6523733331,386471.61237333313
23,fixed_manifest,block_01_norm2,layer_norm,GPU,386471.61237333313,386493.74197333306
23,fixed_manifest,block_01_ffn_island,fused_ffn_island,FPGA,386652.50677333307,386985.2542933331
23,fixed_manifest,block_01_residual2,residual_add,GPU,387144.01909333305,387162.36629333306
23,fixed_manifest,block_02_norm1,layer_norm,GPU,387162.36629333306,387184.49589333305
23,fixed_manifest,block_02_qkv,linear_qkv,GPU,387184.49589333305,387627.228373333
23,fixed_manifest,block_02_attention,self_attention,GPU,387627.228373333,387783.254933333
23,fixed_manifest,block_02_proj,linear_projection,GPU,387783.254933333,387935.499093333
23,fixed_manifest,block_02_residual1,residual_add,GPU,387935.499093333,387953.846293333
23,fixed_manifest,block_02_norm2,layer_norm,GPU,387953.846293333,387975.975893333
23,fixed_manifest,block_02_ffn_island,fused_ffn_island,FPGA,388134.740693333,388467.488213333
23,fixed_manifest,block_02_residual2,residual_add,GPU,388626.25301333296,388644.600213333
23,fixed_manifest,block_03_norm1,layer_norm,GPU,388644.600213333,388666.72981333296
23,fixed_manifest,block_03_qkv,linear_qkv,GPU,388666.72981333296,389109.4622933329
23,fixed_manifest,block_03_attention,self_attention,GPU,389109.4622933329,389265.48885333294
23,fixed_manifest,block_03_proj,linear_projection,GPU,389265.48885333294,389417.73301333294
23,fixed_manifest,block_03_residual1,residual_add,GPU,389417.73301333294,389436.0802133329
23,fixed_manifest,block_03_norm2,layer_norm,GPU,389436.0802133329,389458.2098133329
23,fixed_manifest,block_03_ffn_island,fused_ffn_island,FPGA,389616.9746133329,389949.7221333329
23,fixed_manifest,block_03_residual2,residual_add,GPU,390108.48693333287,390126.8341333329
23,fixed_manifest,block_04_norm1,layer_norm,GPU,390126.8341333329,390148.9637333329
23,fixed_manifest,block_04_qkv,linear_qkv,GPU,390148.9637333329,390591.6962133328
23,fixed_manifest,block_04_attention,self_attention,GPU,390591.6962133328,390747.72277333285
23,fixed_manifest,block_04_proj,linear_projection,GPU,390747.72277333285,390899.96693333285
23,fixed_manifest,block_04_residual1,residual_add,GPU,390899.96693333285,390918.3141333328
23,fixed_manifest,block_04_norm2,layer_norm,GPU,390918.3141333328,390940.4437333328
23,fixed_manifest,block_04_ffn_island,fused_ffn_island,FPGA,391099.2085333328,391431.95605333283
23,fixed_manifest,block_04_residual2,residual_add,GPU,391590.7208533328,391609.0680533328
23,fixed_manifest,block_05_norm1,layer_norm,GPU,391609.0680533328,391631.1976533328
23,fixed_manifest,block_05_qkv,linear_qkv,GPU,391631.1976533328,392073.93013333273
23,fixed_manifest,block_05_attention,self_attention,GPU,392073.93013333273,392229.95669333276
23,fixed_manifest,block_05_proj,linear_projection,GPU,392229.95669333276,392382.20085333276
23,fixed_manifest,block_05_residual1,residual_add,GPU,392382.20085333276,392400.5480533327
23,fixed_manifest,block_05_norm2,layer_norm,GPU,392400.5480533327,392422.6776533327
23,fixed_manifest,block_05_ffn_island,fused_ffn_island,FPGA,392581.4424533327,392914.18997333274
23,fixed_manifest,block_05_residual2,residual_add,GPU,393072.9547733327,393091.3019733327
23,fixed_manifest,block_06_norm1,layer_norm,GPU,393091.3019733327,393113.4315733327
23,fixed_manifest,block_06_qkv,linear_qkv,GPU,393113.4315733327,393556.16405333264
23,fixed_manifest,block_06_attention,self_attention,GPU,393556.16405333264,393712.19061333267
23,fixed_manifest,block_06_proj,linear_projection,GPU,393712.19061333267,393864.4347733327
23,fixed_manifest,block_06_residual1,residual_add,GPU,393864.4347733327,393882.78197333263
23,fixed_manifest,block_06_norm2,layer_norm,GPU,393882.78197333263,393904.9115733326
23,fixed_manifest,block_06_ffn_island,fused_ffn_island,FPGA,394063.6763733326,394396.4238933326
23,fixed_manifest,block_06_residual2,residual_add,GPU,394555.1886933326,394573.5358933326
23,fixed_manifest,block_07_norm1,layer_norm,GPU,394573.5358933326,394595.6654933326
23,fixed_manifest,block_07_qkv,linear_qkv,GPU,394595.6654933326,395038.39797333255
23,fixed_manifest,block_07_attention,self_attention,GPU,395038.39797333255,395194.4245333326
23,fixed_manifest,block_07_proj,linear_projection,GPU,395194.4245333326,395346.6686933326
23,fixed_manifest,block_07_residual1,residual_add,GPU,395346.6686933326,395365.01589333254
23,fixed_manifest,block_07_norm2,layer_norm,GPU,395365.01589333254,395387.14549333253
23,fixed_manifest,block_07_ffn_island,fused_ffn_island,FPGA,395545.91029333253,395878.6578133325
23,fixed_manifest,block_07_residual2,residual_add,GPU,396037.4226133325,396055.76981333253
23,fixed_manifest,block_08_norm1,layer_norm,GPU,396055.76981333253,396077.8994133325
23,fixed_manifest,block_08_qkv,linear_qkv,GPU,396077.8994133325,396520.63189333247
23,fixed_manifest,block_08_attention,self_attention,GPU,396520.63189333247,396676.6584533325
23,fixed_manifest,block_08_proj,linear_projection,GPU,396676.6584533325,396828.9026133325
23,fixed_manifest,block_08_residual1,residual_add,GPU,396828.9026133325,396847.24981333246
23,fixed_manifest,block_08_norm2,layer_norm,GPU,396847.24981333246,396869.37941333244
23,fixed_manifest,block_08_ffn_island,fused_ffn_island,FPGA,397028.14421333245,397360.8917333324
23,fixed_manifest,block_08_residual2,residual_add,GPU,397519.6565333324,397538.00373333244
23,fixed_manifest,block_09_norm1,layer_norm,GPU,397538.00373333244,397560.1333333324
23,fixed_manifest,block_09_qkv,linear_qkv,GPU,397560.1333333324,398002.8658133324
23,fixed_manifest,block_09_attention,self_attention,GPU,398002.8658133324,398158.8923733324
23,fixed_manifest,block_09_proj,linear_projection,GPU,398158.8923733324,398311.1365333324
23,fixed_manifest,block_09_residual1,residual_add,GPU,398311.1365333324,398329.48373333237
23,fixed_manifest,block_09_norm2,layer_norm,GPU,398329.48373333237,398351.61333333235
23,fixed_manifest,block_09_ffn_island,fused_ffn_island,FPGA,398510.37813333236,398843.12565333233
23,fixed_manifest,block_09_residual2,residual_add,GPU,399001.89045333234,399020.23765333235
23,fixed_manifest,block_10_norm1,layer_norm,GPU,399020.23765333235,399042.3672533323
23,fixed_manifest,block_10_qkv,linear_qkv,GPU,399042.3672533323,399485.0997333323
23,fixed_manifest,block_10_attention,self_attention,GPU,399485.0997333323,399641.1262933323
23,fixed_manifest,block_10_proj,linear_projection,GPU,399641.1262933323,399793.3704533323
23,fixed_manifest,block_10_residual1,residual_add,GPU,399793.3704533323,399811.7176533323
23,fixed_manifest,block_10_norm2,layer_norm,GPU,399811.7176533323,399833.84725333226
23,fixed_manifest,block_10_ffn_island,fused_ffn_island,FPGA,399992.61205333227,400325.35957333224
24,fixed_manifest,patch_embedding,patch_embedding,GPU,400000.0,400151.50688
24,fixed_manifest,token_embedding,token_and_position_embedding,GPU,400151.50688,400169.85408
24,fixed_manifest,block_00_norm1,layer_norm,GPU,400169.85408,400191.98367999995
24,fixed_manifest,block_00_qkv,linear_qkv,GPU,400191.98367999995,400634.71615999995
23,fixed_manifest,block_10_residual2,residual_add,GPU,400634.71615999995,400653.06336
24,fixed_manifest,block_00_attention,self_attention,GPU,400653.06336,400809.08992
23,fixed_manifest,block_11_norm1,layer_norm,GPU,400809.08992,400831.2195199999
24,fixed_manifest,block_00_proj,linear_projection,GPU,400831.2195199999,400983.4636799999
23,fixed_manifest,block_11_qkv,linear_qkv,GPU,400983.4636799999,401426.19615999993
24,fixed_manifest,block_00_residual1,residual_add,GPU,401426.19615999993,401444.5433599999
23,fixed_manifest,block_11_attention,self_attention,GPU,401444.5433599999,401600.5699199999
24,fixed_manifest,block_00_norm2,layer_norm,GPU,401600.5699199999,401622.6995199999
23,fixed_manifest,block_11_proj,linear_projection,GPU,401622.6995199999,401774.9436799999
23,fixed_manifest,block_11_residual1,residual_add,GPU,401774.9436799999,401793.29087999987
24,fixed_manifest,block_00_ffn_island,fused_ffn_island,FPGA,401781.4643199999,402114.2118399999
23,fixed_manifest,block_11_norm2,layer_norm,GPU,401793.29087999987,401815.42047999986
23,fixed_manifest,block_11_ffn_island,fused_ffn_island,FPGA,402114.2118399999,402446.9593599999
24,fixed_manifest,block_00_residual2,residual_add,GPU,402272.9766399999,402291.3238399999
24,fixed_manifest,block_01_norm1,layer_norm,GPU,402291.3238399999,402313.45343999984
24,fixed_manifest,block_01_qkv,linear_qkv,GPU,402313.45343999984,402756.18591999984
23,fixed_manifest,block_11_residual2,residual_add,GPU,402756.18591999984,402774.53311999986
24,fixed_manifest,block_01_attention,self_attention,GPU,402774.53311999986,402930.55967999983
23,fixed_manifest,final_norm,layer_norm,GPU,402930.55967999983,402952.6892799998
24,fixed_manifest,block_01_proj,linear_projection,GPU,402952.6892799998,403104.9334399998
23,fixed_manifest,class_token_select,class_token_select,GPU,403104.9334399998,403111.9718399998
24,fixed_manifest,block_01_residual1,residual_add,GPU,403111.9718399998,403130.3190399998
23,fixed_manifest,classifier,linear_classifier,GPU,403130.3190399998,403138.27903999976
24,fixed_manifest,block_01_norm2,layer_norm,GPU,403138.27903999976,403160.40863999975
24,fixed_manifest,block_01_ffn_island,fused_ffn_island,FPGA,403319.17343999975,403651.9209599997
24,fixed_manifest,block_01_residual2,residual_add,GPU,403810.68575999973,403829.03295999975
24,fixed_manifest,block_02_norm1,layer_norm,GPU,403829.03295999975,403851.1625599997
24,fixed_manifest,block_02_qkv,linear_qkv,GPU,403851.1625599997,404293.8950399997
24,fixed_manifest,block_02_attention,self_attention,GPU,404293.8950399997,404449.9215999997
24,fixed_manifest,block_02_proj,linear_projection,GPU,404449.9215999997,404602.1657599997
24,fixed_manifest,block_02_residual1,residual_add,GPU,404602.1657599997,404620.5129599997
24,fixed_manifest,block_02_norm2,layer_norm,GPU,404620.5129599997,404642.64255999966
24,fixed_manifest,block_02_ffn_island,fused_ffn_island,FPGA,404801.40735999966,405134.15487999964
24,fixed_manifest,block_02_residual2,residual_add,GPU,405292.91967999964,405311.26687999966
24,fixed_manifest,block_03_norm1,layer_norm,GPU,405311.26687999966,405333.3964799996
24,fixed_manifest,block_03_qkv,linear_qkv,GPU,405333.3964799996,405776.1289599996
24,fixed_manifest,block_03_attention,self_attention,GPU,405776.1289599996,405932.1555199996
24,fixed_manifest,block_03_proj,linear_projection,GPU,405932.1555199996,406084.3996799996
24,fixed_manifest,block_03_residual1,residual_add,GPU,406084.3996799996,406102.7468799996
24,fixed_manifest,block_03_norm2,layer_norm,GPU,406102.7468799996,406124.87647999957
24,fixed_manifest,block_03_ffn_island,fused_ffn_island,FPGA,406283.6412799996,406616.38879999955
24,fixed_manifest,block_03_residual2,residual_add,GPU,406775.15359999955,406793.5007999995
24,fixed_manifest,block_04_norm1,layer_norm,GPU,406793.5007999995,406815.6303999995
24,fixed_manifest,block_04_qkv,linear_qkv,GPU,406815.6303999995,407258.3628799995
24,fixed_manifest,block_04_attention,self_attention,GPU,407258.3628799995,407414.38943999953
24,fixed_manifest,block_04_proj,linear_projection,GPU,407414.38943999953,407566.6335999995
24,fixed_manifest,block_04_residual1,residual_add,GPU,407566.6335999995,407584.9807999995
24,fixed_manifest,block_04_norm2,layer_norm,GPU,407584.9807999995,407607.1103999995
24,fixed_manifest,block_04_ffn_island,fused_ffn_island,FPGA,407765.8751999995,408098.62271999946
24,fixed_manifest,block_04_residual2,residual_add,GPU,408257.38751999947,408275.7347199994
24,fixed_manifest,block_05_norm1,layer_norm,GPU,408275.7347199994,408297.8643199994
24,fixed_manifest,block_05_qkv,linear_qkv,GPU,408297.8643199994,408740.5967999994
24,fixed_manifest,block_05_attention,self_attention,GPU,408740.5967999994,408896.62335999944
24,fixed_manifest,block_05_proj,linear_projection,GPU,408896.62335999944,409048.8675199994
24,fixed_manifest,block_05_residual1,residual_add,GPU,409048.8675199994,409067.2147199994
24,fixed_manifest,block_05_norm2,layer_norm,GPU,409067.2147199994,409089.3443199994
24,fixed_manifest,block_05_ffn_island,fused_ffn_island,FPGA,409248.1091199994,409580.8566399994
24,fixed_manifest,block_05_residual2,residual_add,GPU,409739.6214399994,409757.96863999934
24,fixed_manifest,block_06_norm1,layer_norm,GPU,409757.96863999934,409780.0982399993
24,fixed_manifest,block_06_qkv,linear_qkv,GPU,409780.0982399993,410222.8307199993
24,fixed_manifest,block_06_attention,self_attention,GPU,410222.8307199993,410378.85727999936
24,fixed_manifest,block_06_proj,linear_projection,GPU,410378.85727999936,410531.1014399993
24,fixed_manifest,block_06_residual1,residual_add,GPU,410531.1014399993,410549.4486399993
24,fixed_manifest,block_06_norm2,layer_norm,GPU,410549.4486399993,410571.5782399993
24,fixed_manifest,block_06_ffn_island,fused_ffn_island,FPGA,410730.34303999925,411063.0905599993
24,fixed_manifest,block_06_residual2,residual_add,GPU,411221.8553599993,411240.20255999925
24,fixed_manifest,block_07_norm1,layer_norm,GPU,411240.20255999925,411262.33215999923
24,fixed_manifest,block_07_qkv,linear_qkv,GPU,411262.33215999923,411705.06463999924
24,fixed_manifest,block_07_attention,self_attention,GPU,411705.06463999924,411861.09119999927
24,fixed_manifest,block_07_proj,linear_projection,GPU,411861.09119999927,412013.3353599992
24,fixed_manifest,block_07_residual1,residual_add,GPU,412013.3353599992,412031.68255999923
24,fixed_manifest,block_07_norm2,layer_norm,GPU,412031.68255999923,412053.8121599992
24,fixed_manifest,block_07_ffn_island,fused_ffn_island,FPGA,412212.57695999916,412545.3244799992
24,fixed_manifest,block_07_residual2,residual_add,GPU,412704.0892799992,412722.43647999916
24,fixed_manifest,block_08_norm1,layer_norm,GPU,412722.43647999916,412744.56607999915
24,fixed_manifest,block_08_qkv,linear_qkv,GPU,412744.56607999915,413187.29855999915
24,fixed_manifest,block_08_attention,self_attention,GPU,413187.29855999915,413343.3251199992
24,fixed_manifest,block_08_proj,linear_projection,GPU,413343.3251199992,413495.5692799991
24,fixed_manifest,block_08_residual1,residual_add,GPU,413495.5692799991,413513.91647999914
24,fixed_manifest,block_08_norm2,layer_norm,GPU,413513.91647999914,413536.0460799991
24,fixed_manifest,block_08_ffn_island,fused_ffn_island,FPGA,413694.8108799991,414027.5583999991
24,fixed_manifest,block_08_residual2,residual_add,GPU,414186.3231999991,414204.6703999991
24,fixed_manifest,block_09_norm1,layer_norm,GPU,414204.6703999991,414226.79999999906
24,fixed_manifest,block_09_qkv,linear_qkv,GPU,414226.79999999906,414669.53247999906
24,fixed_manifest,block_09_attention,self_attention,GPU,414669.53247999906,414825.5590399991
24,fixed_manifest,block_09_proj,linear_projection,GPU,414825.5590399991,414977.80319999903
24,fixed_manifest,block_09_residual1,residual_add,GPU,414977.80319999903,414996.15039999905
24,fixed_manifest,block_09_norm2,layer_norm,GPU,414996.15039999905,415018.27999999904
24,fixed_manifest,block_09_ffn_island,fused_ffn_island,FPGA,415177.044799999,415509.792319999
24,fixed_manifest,block_09_residual2,residual_add,GPU,415668.557119999,415686.904319999
24,fixed_manifest,block_10_norm1,layer_norm,GPU,415686.904319999,415709.03391999897
24,fixed_manifest,block_10_qkv,linear_qkv,GPU,415709.03391999897,416151.766399999
24,fixed_manifest,block_10_attention,self_attention,GPU,416151.766399999,416307.792959999
24,fixed_manifest,block_10_proj,linear_projection,GPU,416307.792959999,416460.03711999895
24,fixed_manifest,block_10_residual1,residual_add,GPU,416460.03711999895,416478.38431999896
24,fixed_manifest,block_10_norm2,layer_norm,GPU,416478.38431999896,416500.51391999895
24,fixed_manifest,block_10_ffn_island,fused_ffn_island,FPGA,416659.2787199989,416992.02623999893
25,fixed_manifest,patch_embedding,patch_embedding,GPU,416666.6666666667,416818.1735466667
25,fixed_manifest,token_embedding,token_and_position_embedding,GPU,416818.1735466667,416836.52074666665
25,fixed_manifest,block_00_norm1,layer_norm,GPU,416836.52074666665,416858.65034666663
25,fixed_manifest,block_00_qkv,linear_qkv,GPU,416858.65034666663,417301.38282666664
24,fixed_manifest,block_10_residual2,residual_add,GPU,417301.38282666664,417319.7300266666
25,fixed_manifest,block_00_attention,self_attention,GPU,417319.7300266666,417475.7565866666
24,fixed_manifest,block_11_norm1,layer_norm,GPU,417475.7565866666,417497.8861866666
25,fixed_manifest,block_00_proj,linear_projection,GPU,417497.8861866666,417650.1303466666
24,fixed_manifest,block_11_qkv,linear_qkv,GPU,417650.1303466666,418092.86282666656
25,fixed_manifest,block_00_residual1,residual_add,GPU,418092.86282666656,418111.2100266666
24,fixed_manifest,block_11_attention,self_attention,GPU,418111.2100266666,418267.2365866666
25,fixed_manifest,block_00_norm2,layer_norm,GPU,418267.2365866666,418289.3661866666
24,fixed_manifest,block_11_proj,linear_projection,GPU,418289.3661866666,418441.61034666654
24,fixed_manifest,block_11_residual1,residual_add,GPU,418441.61034666654,418459.95754666656
25,fixed_manifest,block_00_ffn_island,fused_ffn_island,FPGA,418448.13098666654,418780.8785066666
24,fixed_manifest,block_11_norm2,layer_norm,GPU,418459.95754666656,418482.08714666654
24,fixed_manifest,block_11_ffn_island,fused_ffn_island,FPGA,418780.8785066666,419113.62602666655
25,fixed_manifest,block_00_residual2,residual_add,GPU,418939.6433066666,418957.99050666654
25,fixed_manifest,block_01_norm1,layer_norm,GPU,418957.99050666654,418980.1201066665
25,fixed_manifest,block_01_qkv,linear_qkv,GPU,418980.1201066665,419422.85258666653
24,fixed_manifest,block_11_residual2,residual_add,GPU,419422.85258666653,419441.1997866665
25,fixed_manifest,block_01_attention,self_attention,GPU,419441.1997866665,419597.2263466665
24,fixed_manifest,final_norm,layer_norm,GPU,419597.2263466665,419619.3559466665
25,fixed_manifest,block_01_proj,linear_projection,GPU,419619.3559466665,419771.6001066665
24,fixed_manifest,class_token_select,class_token_select,GPU,419771.6001066665,419778.63850666647
25,fixed_manifest,block_01_residual1,residual_add,GPU,419778.63850666647,419796.9857066665
24,fixed_manifest,classifier,linear_classifier,GPU,419796.9857066665,419804.94570666645
25,fixed_manifest,block_01_norm2,layer_norm,GPU,419804.94570666645,419827.07530666643
25,fixed_manifest,block_01_ffn_island,fused_ffn_island,FPGA,419985.8401066664,420318.5876266664
25,fixed_manifest,block_01_residual2,residual_add,GPU,420477.3524266664,420495.6996266664
25,fixed_manifest,block_02_norm1,layer_norm,GPU,420495.6996266664,420517.82922666636
25,fixed_manifest,block_02_qkv,linear_qkv,GPU,420517.82922666636,420960.56170666637
25,fixed_manifest,block_02_attention,self_attention,GPU,420960.56170666637,421116.5882666664
25,fixed_manifest,block_02_proj,linear_projection,GPU,421116.5882666664,421268.83242666634
25,fixed_manifest,block_02_residual1,residual_add,GPU,421268.83242666634,421287.17962666636
25,fixed_manifest,block_02_norm2,layer_norm,GPU,421287.17962666636,421309.30922666634
25,fixed_manifest,block_02_ffn_island,fused_ffn_island,FPGA,421468.0740266663,421800.8215466663
25,fixed_manifest,block_02_residual2,residual_add,GPU,421959.5863466663,421977.9335466663
25,fixed_manifest,block_03_norm1,layer_norm,GPU,421977.9335466663,422000.0631466663
25,fixed_manifest,block_03_qkv,linear_qkv,GPU,422000.0631466663,422442.7956266663
25,fixed_manifest,block_03_attention,self_attention,GPU,422442.7956266663,422598.82218666625
25,fixed_manifest,block_03_proj,linear_projection,GPU,422598.82218666625,422751.06634666625
25,fixed_manifest,block_03_residual1,residual_add,GPU,422751.06634666625,422769.41354666627
25,fixed_manifest,block_03_norm2,layer_norm,GPU,422769.41354666627,422791.5431466662
25,fixed_manifest,block_03_ffn_island,fused_ffn_island,FPGA,422950.3079466662,423283.05546666624
25,fixed_manifest,block_03_residual2,residual_add,GPU,423441.82026666624,423460.1674666662
25,fixed_manifest,block_04_norm1,layer_norm,GPU,423460.1674666662,423482.2970666662
25,fixed_manifest,block_04_qkv,linear_qkv,GPU,423482.2970666662,423925.0295466662
25,fixed_manifest,block_04_attention,self_attention,GPU,423925.0295466662,424081.05610666616
25,fixed_manifest,block_04_proj,linear_projection,GPU,424081.05610666616,424233.30026666616
25,fixed_manifest,block_04_residual1,residual_add,GPU,424233.30026666616,424251.6474666662
25,fixed_manifest,block_04_norm2,layer_norm,GPU,424251.6474666662,424273.7770666661
25,fixed_manifest,block_04_ffn_island,fused_ffn_island,FPGA,424432.5418666661,424765.28938666615
25,fixed_manifest,block_04_residual2,residual_add,GPU,424924.05418666615,424942.4013866661
25,fixed_manifest,block_05_norm1,layer_norm,GPU,424942.4013866661,424964.5309866661
25,fixed_manifest,block_05_qkv,linear_qkv,GPU,424964.5309866661,425407.2634666661
25,fixed_manifest,block_05_attention,self_attention,GPU,425407.2634666661,425563.2900266661
25,fixed_manifest,block_05_proj,linear_projection,GPU,425563.2900266661,425715.5341866661
25,fixed_manifest,block_05_residual1,residual_add,GPU,425715.5341866661,425733.8813866661
25,fixed_manifest,block_05_norm2,layer_norm,GPU,425733.8813866661,425756.010986666
25,fixed_manifest,block_05_ffn_island,fused_ffn_island,FPGA,425914.775786666,426247.52330666606
25,fixed_manifest,block_05_residual2,residual_add,GPU,426406.288106666,426424.635306666
25,fixed_manifest,block_06_norm1,layer_norm,GPU,426424.635306666,426446.764906666
25,fixed_manifest,block_06_qkv,linear_qkv,GPU,426446.764906666,426889.49738666596
25,fixed_manifest,block_06_attention,self_attention,GPU,426889.49738666596,427045.523946666
25,fixed_manifest,block_06_proj,linear_projection,GPU,427045.523946666,427197.768106666
25,fixed_manifest,block_06_residual1,residual_add,GPU,427197.768106666,427216.115306666
25,fixed_manifest,block_06_norm2,layer_norm,GPU,427216.115306666,427238.24490666593
25,fixed_manifest,block_06_ffn_island,fused_ffn_island,FPGA,427397.00970666594,427729.75722666597
25,fixed_manifest,block_06_residual2,residual_add,GPU,427888.5220266659,427906.86922666593
25,fixed_manifest,block_07_norm1,layer_norm,GPU,427906.86922666593,427928.9988266659
25,fixed_manifest,block_07_qkv,linear_qkv,GPU,427928.9988266659,428371.73130666587
25,fixed_manifest,block_07_attention,self_attention,GPU,428371.73130666587,428527.7578666659
25,fixed_manifest,block_07_proj,linear_projection,GPU,428527.7578666659,428680.0020266659
25,fixed_manifest,block_07_residual1,residual_add,GPU,428680.0020266659,428698.3492266659
25,fixed_manifest,block_07_norm2,layer_norm,GPU,428698.3492266659,428720.47882666584
25,fixed_manifest,block_07_ffn_island,fused_ffn_island,FPGA,428879.24362666585,429211.9911466659
25,fixed_manifest,block_07_residual2,residual_add,GPU,429370.7559466658,429389.10314666585
25,fixed_manifest,block_08_norm1,layer_norm,GPU,429389.10314666585,429411.23274666583
25,fixed_manifest,block_08_qkv,linear_qkv,GPU,429411.23274666583,429853.9652266658
25,fixed_manifest,block_08_attention,self_attention,GPU,429853.9652266658,430009.9917866658
25,fixed_manifest,block_08_proj,linear_projection,GPU,430009.9917866658,430162.2359466658
25,fixed_manifest,block_08_residual1,residual_add,GPU,430162.2359466658,430180.58314666577
25,fixed_manifest,block_08_norm2,layer_norm,GPU,430180.58314666577,430202.71274666575
25,fixed_manifest,block_08_ffn_island,fused_ffn_island,FPGA,430361.47754666576,430694.2250666658
25,fixed_manifest,block_08_residual2,residual_add,GPU,430852.98986666574,430871.33706666576
25,fixed_manifest,block_09_norm1,layer_norm,GPU,430871.33706666576,430893.46666666574
25,fixed_manifest,block_09_qkv,linear_qkv,GPU,430893.46666666574,431336.1991466657
25,fixed_manifest,block_09_attention,self_attention,GPU,431336.1991466657,431492.2257066657
25,fixed_manifest,block_09_proj,linear_projection,GPU,431492.2257066657,431644.4698666657
25,fixed_manifest,block_09_residual1,residual_add,GPU,431644.4698666657,431662.8170666657
25,fixed_manifest,block_09_norm2,layer_norm,GPU,431662.8170666657,431684.94666666567
25,fixed_manifest,block_09_ffn_island,fused_ffn_island,FPGA,431843.71146666567,432176.4589866657
25,fixed_manifest,block_09_residual2,residual_add,GPU,432335.22378666565,432353.57098666567
25,fixed_manifest,block_10_norm1,layer_norm,GPU,432353.57098666567,432375.70058666565
25,fixed_manifest,block_10_qkv,linear_qkv,GPU,432375.70058666565,432818.4330666656
25,fixed_manifest,block_10_attention,self_attention,GPU,432818.4330666656,432974.45962666563
25,fixed_manifest,block_10_proj,linear_projection,GPU,432974.45962666563,433126.70378666563
25,fixed_manifest,block_10_residual1,residual_add,GPU,433126.70378666563,433145.0509866656
25,fixed_manifest,block_10_norm2,layer_norm,GPU,433145.0509866656,433167.1805866656
25,fixed_manifest,block_10_ffn_island,fused_ffn_island,FPGA,433325.9453866656,433658.6929066656
26,fixed_manifest,patch_embedding,patch_embedding,GPU,433333.3333333334,433484.8402133333
26,fixed_manifest,token_embedding,token_and_position_embedding,GPU,433484.8402133333,433503.18741333333
26,fixed_manifest,block_00_norm1,layer_norm,GPU,433503.18741333333,433525.3170133333
26,fixed_manifest,block_00_qkv,linear_qkv,GPU,433525.3170133333,433968.04949333327
25,fixed_manifest,block_10_residual2,residual_add,GPU,433968.04949333327,433986.3966933333
26,fixed_manifest,block_00_attention,self_attention,GPU,433986.3966933333,434142.4232533333
25,fixed_manifest,block_11_norm1,layer_norm,GPU,434142.4232533333,434164.5528533333
26,fixed_manifest,block_00_proj,linear_projection,GPU,434164.5528533333,434316.79701333324
25,fixed_manifest,block_11_qkv,linear_qkv,GPU,434316.79701333324,434759.52949333325
26,fixed_manifest,block_00_residual1,residual_add,GPU,434759.52949333325,434777.8766933332
25,fixed_manifest,block_11_attention,self_attention,GPU,434777.8766933332,434933.90325333324
26,fixed_manifest,block_00_norm2,layer_norm,GPU,434933.90325333324,434956.0328533332
25,fixed_manifest,block_11_proj,linear_projection,GPU,434956.0328533332,435108.2770133332
25,fixed_manifest,block_11_residual1,residual_add,GPU,435108.2770133332,435126.6242133332
26,fixed_manifest,block_00_ffn_island,fused_ffn_island,FPGA,435114.7976533332,435447.5451733332
25,fixed_manifest,block_11_norm2,layer_norm,GPU,435126.6242133332,435148.75381333317
25,fixed_manifest,block_11_ffn_island,fused_ffn_island,FPGA,435447.5451733332,435780.29269333323
26,fixed_manifest,block_00_residual2,residual_add,GPU,435606.3099733332,435624.6571733332
26,fixed_manifest,block_01_norm1,layer_norm,GPU,435624.6571733332,435646.7867733332
26,fixed_manifest,block_01_qkv,linear_qkv,GPU,435646.7867733332,436089.51925333316
25,fixed_manifest,block_11_residual2,residual_add,GPU,436089.51925333316,436107.8664533332
26,fixed_manifest,block_01_attention,self_attention,GPU,436107.8664533332,436263.8930133332
25,fixed_manifest,final_norm,layer_norm,GPU,436263.8930133332,436286.02261333313
26,fixed_manifest,block_01_proj,linear_projection,GPU,436286.02261333313,436438.26677333313
25,fixed_manifest,class_token_select,class_token_select,GPU,436438.26677333313,436445.30517333315
26,fixed_manifest,block_01_residual1,residual_add,GPU,436445.30517333315,436463.6523733331
25,fixed_manifest,classifier,linear_classifier,GPU,436463.6523733331,436471.6123733331
26,fixed_manifest,block_01_norm2,layer_norm,GPU,436471.6123733331,436493.74197333306
26,fixed_manifest,block_01_ffn_island,fused_ffn_island,FPGA,436652.50677333307,436985.2542933331
26,fixed_manifest,block_01_residual2,residual_add,GPU,437144.01909333305,437162.36629333306
26,fixed_manifest,block_02_norm1,layer_norm,GPU,437162.36629333306,437184.49589333305
26,fixed_manifest,block_02_qkv,linear_qkv,GPU,437184.49589333305,437627.228373333
26,fixed_manifest,block_02_attention,self_attention,GPU,437627.228373333,437783.254933333
26,fixed_manifest,block_02_proj,linear_projection,GPU,437783.254933333,437935.499093333
26,fixed_manifest,block_02_residual1,residual_add,GPU,437935.499093333,437953.846293333
26,fixed_manifest,block_02_norm2,layer_norm,GPU,437953.846293333,437975.975893333
26,fixed_manifest,block_02_ffn_island,fused_ffn_island,FPGA,438134.740693333,438467.48821333295
26,fixed_manifest,block_02_residual2,residual_add,GPU,438626.25301333296,438644.600213333
26,fixed_manifest,block_03_norm1,layer_norm,GPU,438644.600213333,438666.72981333296
26,fixed_manifest,block_03_qkv,linear_qkv,GPU,438666.72981333296,439109.4622933329
26,fixed_manifest,block_03_attention,self_attention,GPU,439109.4622933329,439265.48885333294
26,fixed_manifest,block_03_proj,linear_projection,GPU,439265.48885333294,439417.73301333294
26,fixed_manifest,block_03_residual1,residual_add,GPU,439417.73301333294,439436.0802133329
26,fixed_manifest,block_03_norm2,layer_norm,GPU,439436.0802133329,439458.2098133329
26,fixed_manifest,block_03_ffn_island,fused_ffn_island,FPGA,439616.9746133329,439949.72213333286
26,fixed_manifest,block_03_residual2,residual_add,GPU,440108.48693333287,440126.8341333329
26,fixed_manifest,block_04_norm1,layer_norm,GPU,440126.8341333329,440148.9637333329
26,fixed_manifest,block_04_qkv,linear_qkv,GPU,440148.9637333329,440591.6962133328
26,fixed_manifest,block_04_attention,self_attention,GPU,440591.6962133328,440747.72277333285
26,fixed_manifest,block_04_proj,linear_projection,GPU,440747.72277333285,440899.96693333285
26,fixed_manifest,block_04_residual1,residual_add,GPU,440899.96693333285,440918.3141333328
26,fixed_manifest,block_04_norm2,layer_norm,GPU,440918.3141333328,440940.4437333328
26,fixed_manifest,block_04_ffn_island,fused_ffn_island,FPGA,441099.2085333328,441431.9560533328
26,fixed_manifest,block_04_residual2,residual_add,GPU,441590.7208533328,441609.0680533328
26,fixed_manifest,block_05_norm1,layer_norm,GPU,441609.0680533328,441631.1976533327
26,fixed_manifest,block_05_qkv,linear_qkv,GPU,441631.1976533327,442073.93013333273
26,fixed_manifest,block_05_attention,self_attention,GPU,442073.93013333273,442229.95669333276
26,fixed_manifest,block_05_proj,linear_projection,GPU,442229.95669333276,442382.20085333276
26,fixed_manifest,block_05_residual1,residual_add,GPU,442382.20085333276,442400.5480533327
26,fixed_manifest,block_05_norm2,layer_norm,GPU,442400.5480533327,442422.6776533327
26,fixed_manifest,block_05_ffn_island,fused_ffn_island,FPGA,442581.4424533327,442914.1899733327
26,fixed_manifest,block_05_residual2,residual_add,GPU,443072.9547733327,443091.3019733327
26,fixed_manifest,block_06_norm1,layer_norm,GPU,443091.3019733327,443113.43157333264
26,fixed_manifest,block_06_qkv,linear_qkv,GPU,443113.43157333264,443556.16405333264
26,fixed_manifest,block_06_attention,self_attention,GPU,443556.16405333264,443712.19061333267
26,fixed_manifest,block_06_proj,linear_projection,GPU,443712.19061333267,443864.4347733327
26,fixed_manifest,block_06_residual1,residual_add,GPU,443864.4347733327,443882.78197333263
26,fixed_manifest,block_06_norm2,layer_norm,GPU,443882.78197333263,443904.9115733326
26,fixed_manifest,block_06_ffn_island,fused_ffn_island,FPGA,444063.6763733326,444396.4238933326
26,fixed_manifest,block_06_residual2,residual_add,GPU,444555.1886933326,444573.5358933326
26,fixed_manifest,block_07_norm1,layer_norm,GPU,444573.5358933326,444595.66549333255
26,fixed_manifest,block_07_qkv,linear_qkv,GPU,444595.66549333255,445038.39797333255
26,fixed_manifest,block_07_attention,self_attention,GPU,445038.39797333255,445194.4245333326
26,fixed_manifest,block_07_proj,linear_projection,GPU,445194.4245333326,445346.6686933326
26,fixed_manifest,block_07_residual1,residual_add,GPU,445346.6686933326,445365.01589333254
26,fixed_manifest,block_07_norm2,layer_norm,GPU,445365.01589333254,445387.14549333253
26,fixed_manifest,block_07_ffn_island,fused_ffn_island,FPGA,445545.91029333253,445878.6578133325
26,fixed_manifest,block_07_residual2,residual_add,GPU,446037.4226133325,446055.76981333253
26,fixed_manifest,block_08_norm1,layer_norm,GPU,446055.76981333253,446077.89941333246
26,fixed_manifest,block_08_qkv,linear_qkv,GPU,446077.89941333246,446520.63189333247
26,fixed_manifest,block_08_attention,self_attention,GPU,446520.63189333247,446676.6584533325
26,fixed_manifest,block_08_proj,linear_projection,GPU,446676.6584533325,446828.9026133325
26,fixed_manifest,block_08_residual1,residual_add,GPU,446828.9026133325,446847.24981333246
26,fixed_manifest,block_08_norm2,layer_norm,GPU,446847.24981333246,446869.37941333244
26,fixed_manifest,block_08_ffn_island,fused_ffn_island,FPGA,447028.14421333245,447360.8917333324
26,fixed_manifest,block_08_residual2,residual_add,GPU,447519.6565333324,447538.0037333324
26,fixed_manifest,block_09_norm1,layer_norm,GPU,447538.0037333324,447560.1333333324
26,fixed_manifest,block_09_qkv,linear_qkv,GPU,447560.1333333324,448002.8658133324
26,fixed_manifest,block_09_attention,self_attention,GPU,448002.8658133324,448158.8923733324
26,fixed_manifest,block_09_proj,linear_projection,GPU,448158.8923733324,448311.13653333235
26,fixed_manifest,block_09_residual1,residual_add,GPU,448311.13653333235,448329.48373333237
26,fixed_manifest,block_09_norm2,layer_norm,GPU,448329.48373333237,448351.61333333235
26,fixed_manifest,block_09_ffn_island,fused_ffn_island,FPGA,448510.37813333236,448843.12565333233
26,fixed_manifest,block_09_residual2,residual_add,GPU,449001.89045333234,449020.2376533323
26,fixed_manifest,block_10_norm1,layer_norm,GPU,449020.2376533323,449042.3672533323
26,fixed_manifest,block_10_qkv,linear_qkv,GPU,449042.3672533323,449485.0997333323
26,fixed_manifest,block_10_attention,self_attention,GPU,449485.0997333323,449641.1262933323
26,fixed_manifest,block_10_proj,linear_projection,GPU,449641.1262933323,449793.37045333226
26,fixed_manifest,block_10_residual1,residual_add,GPU,449793.37045333226,449811.7176533323
26,fixed_manifest,block_10_norm2,layer_norm,GPU,449811.7176533323,449833.84725333226
26,fixed_manifest,block_10_ffn_island,fused_ffn_island,FPGA,449992.61205333227,450325.35957333224
27,fixed_manifest,patch_embedding,patch_embedding,GPU,450000.00000000006,450151.50688000006
27,fixed_manifest,token_embedding,token_and_position_embedding,GPU,450151.50688000006,450169.85408
27,fixed_manifest,block_00_norm1,layer_norm,GPU,450169.85408,450191.98368
27,fixed_manifest,block_00_qkv,linear_qkv,GPU,450191.98368,450634.71616
26,fixed_manifest,block_10_residual2,residual_add,GPU,450634.71616,450653.06336
27,fixed_manifest,block_00_attention,self_attention,GPU,450653.06336,450809.08992
26,fixed_manifest,block_11_norm1,layer_norm,GPU,450809.08992,450831.21952
27,fixed_manifest,block_00_proj,linear_projection,GPU,450831.21952,450983.46368
26,fixed_manifest,block_11_qkv,linear_qkv,GPU,450983.46368,451426.19615999993
27,fixed_manifest,block_00_residual1,residual_add,GPU,451426.19615999993,451444.54335999995
26,fixed_manifest,block_11_attention,self_attention,GPU,451444.54335999995,451600.56992
27,fixed_manifest,block_00_norm2,layer_norm,GPU,451600.56992,451622.69951999997
26,fixed_manifest,block_11_proj,linear_projection,GPU,451622.69951999997,451774.9436799999
26,fixed_manifest,block_11_residual1,residual_add,GPU,451774.9436799999,451793.2908799999
27,fixed_manifest,block_00_ffn_island,fused_ffn_island,FPGA,451781.4643199999,452114.21183999995
26,fixed_manifest,block_11_norm2,layer_norm,GPU,451793.2908799999,451815.4204799999
26,fixed_manifest,block_11_ffn_island,fused_ffn_island,FPGA,452114.21183999995,452446.95936
27,fixed_manifest,block_00_residual2,residual_add,GPU,452272.97663999995,452291.3238399999
27,fixed_manifest,block_01_norm1,layer_norm,GPU,452291.3238399999,452313.4534399999
27,fixed_manifest,block_01_qkv,linear_qkv,GPU,452313.4534399999,452756.1859199999
26,fixed_manifest,block_11_residual2,residual_add,GPU,452756.1859199999,452774.53311999986
27,fixed_manifest,block_01_attention,self_attention,GPU,452774.53311999986,452930.5596799999
26,fixed_manifest,final_norm,layer_norm,GPU,452930.5596799999,452952.6892799999
27,fixed_manifest,block_01_proj,linear_projection,GPU,452952.6892799999,453104.9334399999
26,fixed_manifest,class_token_select,class_token_select,GPU,453104.9334399999,453111.97183999984
27,fixed_manifest,block_01_residual1,residual_add,GPU,453111.97183999984,453130.31903999986
26,fixed_manifest,classifier,linear_classifier,GPU,453130.31903999986,453138.2790399998
27,fixed_manifest,block_01_norm2,layer_norm,GPU,453138.2790399998,453160.4086399998
27,fixed_manifest,block_01_ffn_island,fused_ffn_island,FPGA,453319.17343999975,453651.9209599998
27,fixed_manifest,block_01_residual2,residual_add,GPU,453810.6857599998,453829.03295999975
27,fixed_manifest,block_02_norm1,layer_norm,GPU,453829.03295999975,453851.16255999974
27,fixed_manifest,block_02_qkv,linear_qkv,GPU,453851.16255999974,454293.89503999974
27,fixed_manifest,block_02_attention,self_attention,GPU,454293.89503999974,454449.92159999977
27,fixed_manifest,block_02_proj,linear_projection,GPU,454449.92159999977,454602.1657599997
27,fixed_manifest,block_02_residual1,residual_add,GPU,454602.1657599997,454620.51295999973
27,fixed_manifest,block_02_norm2,layer_norm,GPU,454620.51295999973,454642.6425599997
27,fixed_manifest,block_02_ffn_island,fused_ffn_island,FPGA,454801.40735999966,455134.1548799997
27,fixed_manifest,block_02_residual2,residual_add,GPU,455292.9196799997,455311.26687999966
27,fixed_manifest,block_03_norm1,layer_norm,GPU,455311.26687999966,455333.39647999965
27,fixed_manifest,block_03_qkv,linear_qkv,GPU,455333.39647999965,455776.12895999965
27,fixed_manifest,block_03_attention,self_attention,GPU,455776.12895999965,455932.1555199997
27,fixed_manifest,block_03_proj,linear_projection,GPU,455932.1555199997,456084.3996799996
27,fixed_manifest,block_03_residual1,residual_add,GPU,456084.3996799996,456102.74687999964
27,fixed_manifest,block_03_norm2,layer_norm,GPU,456102.74687999964,456124.8764799996
27,fixed_manifest,block_03_ffn_island,fused_ffn_island,FPGA,456283.6412799996,456616.3887999996
27,fixed_manifest,block_03_residual2,residual_add,GPU,456775.1535999996,456793.5007999996
27,fixed_manifest,block_04_norm1,layer_norm,GPU,456793.5007999996,456815.63039999956
27,fixed_manifest,block_04_qkv,linear_qkv,GPU,456815.63039999956,457258.36287999956
27,fixed_manifest,block_04_attention,self_attention,GPU,457258.36287999956,457414.3894399996
27,fixed_manifest,block_04_proj,linear_projection,GPU,457414.3894399996,457566.63359999954
27,fixed_manifest,block_04_residual1,residual_add,GPU,457566.63359999954,457584.98079999955
27,fixed_manifest,block_04_norm2,layer_norm,GPU,457584.98079999955,457607.11039999954
27,fixed_manifest,block_04_ffn_island,fused_ffn_island,FPGA,457765.8751999995,458098.6227199995
27,fixed_manifest,block_04_residual2,residual_add,GPU,458257.3875199995,458275.7347199995
27,fixed_manifest,block_05_norm1,layer_norm,GPU,458275.7347199995,458297.86431999947
27,fixed_manifest,block_05_qkv,linear_qkv,GPU,458297.86431999947,458740.5967999995
27,fixed_manifest,block_05_attention,self_attention,GPU,458740.5967999995,458896.6233599995
27,fixed_manifest,block_05_proj,linear_projection,GPU,458896.6233599995,459048.86751999945
27,fixed_manifest,block_05_residual1,residual_add,GPU,459048.86751999945,459067.21471999947
27,fixed_manifest,block_05_norm2,layer_norm,GPU,459067.21471999947,459089.34431999945
27,fixed_manifest,block_05_ffn_island,fused_ffn_island,FPGA,459248.1091199994,459580.85663999943
27,fixed_manifest,block_05_residual2,residual_add,GPU,459739.62143999944,459757.9686399994
27,fixed_manifest,block_06_norm1,layer_norm,GPU,459757.9686399994,459780.0982399994
27,fixed_manifest,block_06_qkv,linear_qkv,GPU,459780.0982399994,460222.8307199994
27,fixed_manifest,block_06_attention,self_attention,GPU,460222.8307199994,460378.8572799994
27,fixed_manifest,block_06_proj,linear_projection,GPU,460378.8572799994,460531.10143999936
27,fixed_manifest,block_06_residual1,residual_add,GPU,460531.10143999936,460549.4486399994
27,fixed_manifest,block_06_norm2,layer_norm,GPU,460549.4486399994,460571.57823999936
27,fixed_manifest,block_06_ffn_island,fused_ffn_island,FPGA,460730.3430399993,461063.09055999934
27,fixed_manifest,block_06_residual2,residual_add,GPU,461221.85535999935,461240.2025599993
27,fixed_manifest,block_07_norm1,layer_norm,GPU,461240.2025599993,461262.3321599993
27,fixed_manifest,block_07_qkv,linear_qkv,GPU,461262.3321599993,461705.0646399993
27,fixed_manifest,block_07_attention,self_attention,GPU,461705.0646399993,461861.09119999927
27,fixed_manifest,block_07_proj,linear_projection,GPU,461861.09119999927,462013.33535999927
27,fixed_manifest,block_07_residual1,residual_add,GPU,462013.33535999927,462031.6825599993
27,fixed_manifest,block_07_norm2,layer_norm,GPU,462031.6825599993,462053.8121599992
27,fixed_manifest,block_07_ffn_island,fused_ffn_island,FPGA,462212.5769599992,462545.32447999925
27,fixed_manifest,block_07_residual2,residual_add,GPU,462704.08927999926,462722.4364799992
27,fixed_manifest,block_08_norm1,layer_norm,GPU,462722.4364799992,462744.5660799992
27,fixed_manifest,block_08_qkv,linear_qkv,GPU,462744.5660799992,463187.2985599992
27,fixed_manifest,block_08_attention,self_attention,GPU,463187.2985599992,463343.3251199992
27,fixed_manifest,block_08_proj,linear_projection,GPU,463343.3251199992,463495.5692799992
27,fixed_manifest,block_08_residual1,residual_add,GPU,463495.5692799992,463513.9164799992
27,fixed_manifest,block_08_norm2,layer_norm,GPU,463513.9164799992,463536.0460799991
27,fixed_manifest,block_08_ffn_island,fused_ffn_island,FPGA,463694.81087999913,464027.55839999916
27,fixed_manifest,block_08_residual2,residual_add,GPU,464186.3231999991,464204.67039999913
27,fixed_manifest,block_09_norm1,layer_norm,GPU,464204.67039999913,464226.7999999991
27,fixed_manifest,block_09_qkv,linear_qkv,GPU,464226.7999999991,464669.5324799991
27,fixed_manifest,block_09_attention,self_attention,GPU,464669.5324799991,464825.5590399991
27,fixed_manifest,block_09_proj,linear_projection,GPU,464825.5590399991,464977.8031999991
27,fixed_manifest,block_09_residual1,residual_add,GPU,464977.8031999991,464996.1503999991
27,fixed_manifest,block_09_norm2,layer_norm,GPU,464996.1503999991,465018.27999999904
27,fixed_manifest,block_09_ffn_island,fused_ffn_island,FPGA,465177.04479999904,465509.7923199991
27,fixed_manifest,block_09_residual2,residual_add,GPU,465668.557119999,465686.90431999904
27,fixed_manifest,block_10_norm1,layer_norm,GPU,465686.90431999904,465709.033919999
27,fixed_manifest,block_10_qkv,linear_qkv,GPU,465709.033919999,466151.766399999
27,fixed_manifest,block_10_attention,self_attention,GPU,466151.766399999,466307.792959999
27,fixed_manifest,block_10_proj,linear_projection,GPU,466307.792959999,466460.037119999
27,fixed_manifest,block_10_residual1,residual_add,GPU,466460.037119999,466478.384319999
27,fixed_manifest,block_10_norm2,layer_norm,GPU,466478.384319999,466500.51391999895
27,fixed_manifest,block_10_ffn_island,fused_ffn_island,FPGA,466659.27871999895,466992.026239999
28,fixed_manifest,patch_embedding,patch_embedding,GPU,466666.6666666667,466818.1735466667
28,fixed_manifest,token_embedding,token_and_position_embedding,GPU,466818.1735466667,466836.52074666665
28,fixed_manifest,block_00_norm1,layer_norm,GPU,466836.52074666665,466858.65034666663
28,fixed_manifest,block_00_qkv,linear_qkv,GPU,466858.65034666663,467301.38282666664
27,fixed_manifest,block_10_residual2,residual_add,GPU,467301.38282666664,467319.7300266666
28,fixed_manifest,block_00_attention,self_attention,GPU,467319.7300266666,467475.7565866666
27,fixed_manifest,block_11_norm1,layer_norm,GPU,467475.7565866666,467497.8861866666
28,fixed_manifest,block_00_proj,linear_projection,GPU,467497.8861866666,467650.13034666656
27,fixed_manifest,block_11_qkv,linear_qkv,GPU,467650.13034666656,468092.86282666656
28,fixed_manifest,block_00_residual1,residual_add,GPU,468092.86282666656,468111.2100266666
27,fixed_manifest,block_11_attention,self_attention,GPU,468111.2100266666,468267.2365866666
28,fixed_manifest,block_00_norm2,layer_norm,GPU,468267.2365866666,468289.36618666654
27,fixed_manifest,block_11_proj,linear_projection,GPU,468289.36618666654,468441.61034666654
27,fixed_manifest,block_11_residual1,residual_add,GPU,468441.61034666654,468459.95754666656
28,fixed_manifest,block_00_ffn_island,fused_ffn_island,FPGA,468448.13098666654,468780.8785066666
27,fixed_manifest,block_11_norm2,layer_norm,GPU,468459.95754666656,468482.0871466665
27,fixed_manifest,block_11_ffn_island,fused_ffn_island,FPGA,468780.8785066666,469113.62602666655
28,fixed_manifest,block_00_residual2,residual_add,GPU,468939.6433066665,468957.99050666654
28,fixed_manifest,block_01_norm1,layer_norm,GPU,468957.99050666654,468980.1201066665
28,fixed_manifest,block_01_qkv,linear_qkv,GPU,468980.1201066665,469422.8525866665
27,fixed_manifest,block_11_residual2,residual_add,GPU,469422.8525866665,469441.1997866665
28,fixed_manifest,block_01_attention,self_attention,GPU,469441.1997866665,469597.2263466665
27,fixed_manifest,final_norm,layer_norm,GPU,469597.2263466665,469619.3559466665
28,fixed_manifest,block_01_proj,linear_projection,GPU,469619.3559466665,469771.60010666645
27,fixed_manifest,class_token_select,class_token_select,GPU,469771.60010666645,469778.63850666647
28,fixed_manifest,block_01_residual1,residual_add,GPU,469778.63850666647,469796.9857066664
27,fixed_manifest,classifier,linear_classifier,GPU,469796.9857066664,469804.94570666645
28,fixed_manifest,block_01_norm2,layer_norm,GPU,469804.94570666645,469827.0753066664
28,fixed_manifest,block_01_ffn_island,fused_ffn_island,FPGA,469985.8401066664,470318.5876266664
28,fixed_manifest,block_01_residual2,residual_add,GPU,470477.35242666636,470495.6996266664
28,fixed_manifest,block_02_norm1,layer_norm,GPU,470495.6996266664,470517.82922666636
28,fixed_manifest,block_02_qkv,linear_qkv,GPU,470517.82922666636,470960.5617066663
28,fixed_manifest,block_02_attention,self_attention,GPU,470960.5617066663,471116.58826666634
28,fixed_manifest,block_02_proj,linear_projection,GPU,471116.58826666634,471268.83242666634
28,fixed_manifest,block_02_residual1,residual_add,GPU,471268.83242666634,471287.17962666636
28,fixed_manifest,block_02_norm2,layer_norm,GPU,471287.17962666636,471309.3092266663
28,fixed_manifest,block_02_ffn_island,fused_ffn_island,FPGA,471468.0740266663,471800.8215466663
28,fixed_manifest,block_02_residual2,residual_add,GPU,471959.58634666627,471977.9335466663
28,fixed_manifest,block_03_norm1,layer_norm,GPU,471977.9335466663,472000.0631466663
28,fixed_manifest,block_03_qkv,linear_qkv,GPU,472000.0631466663,472442.7956266662
28,fixed_manifest,block_03_attention,self_attention,GPU,472442.7956266662,472598.82218666625
28,fixed_manifest,block_03_proj,linear_projection,GPU,472598.82218666625,472751.06634666625
28,fixed_manifest,block_03_residual1,residual_add,GPU,472751.06634666625,472769.4135466662
28,fixed_manifest,block_03_norm2,layer_norm,GPU,472769.4135466662,472791.5431466662
28,fixed_manifest,block_03_ffn_island,fused_ffn_island,FPGA,472950.3079466662,473283.05546666624
28,fixed_manifest,block_03_residual2,residual_add,GPU,473441.8202666662,473460.1674666662
28,fixed_manifest,block_04_norm1,layer_norm,GPU,473460.1674666662,473482.2970666662
28,fixed_manifest,block_04_qkv,linear_qkv,GPU,473482.2970666662,473925.02954666613
28,fixed_manifest,block_04_attention,self_attention,GPU,473925.02954666613,474081.05610666616
28,fixed_manifest,block_04_proj,linear_projection,GPU,474081.05610666616,474233.30026666616
28,fixed_manifest,block_04_residual1,residual_add,GPU,474233.30026666616,474251.6474666661
28,fixed_manifest,block_04_norm2,layer_norm,GPU,474251.6474666661,474273.7770666661
28,fixed_manifest,block_04_ffn_island,fused_ffn_island,FPGA,474432.5418666661,474765.28938666615
28,fixed_manifest,block_04_residual2,residual_add,GPU,474924.0541866661,474942.4013866661
28,fixed_manifest,block_05_norm1,layer_norm,GPU,474942.4013866661,474964.5309866661
28,fixed_manifest,block_05_qkv,linear_qkv,GPU,474964.5309866661,475407.26346666605
28,fixed_manifest,block_05_attention,self_attention,GPU,475407.26346666605,475563.2900266661
28,fixed_manifest,block_05_proj,linear_projection,GPU,475563.2900266661,475715.5341866661
28,fixed_manifest,block_05_residual1,residual_add,GPU,475715.5341866661,475733.88138666603
28,fixed_manifest,block_05_norm2,layer_norm,GPU,475733.88138666603,475756.010986666
28,fixed_manifest,block_05_ffn_island,fused_ffn_island,FPGA,475914.775786666,476247.52330666606
28,fixed_manifest,block_05_residual2,residual_add,GPU,476406.288106666,476424.635306666
28,fixed_manifest,block_06_norm1,layer_norm,GPU,476424.635306666,476446.764906666
28,fixed_manifest,block_06_qkv,linear_qkv,GPU,476446.764906666,476889.49738666596
28,fixed_manifest,block_06_attention,self_attention,GPU,476889.49738666596,477045.523946666
28,fixed_manifest,block_06_proj,linear_projection,GPU,477045.523946666,477197.768106666
28,fixed_manifest,block_06_residual1,residual_add,GPU,477197.768106666,477216.11530666595
28,fixed_manifest,block_06_norm2,layer_norm,GPU,477216.11530666595,477238.24490666593
28,fixed_manifest,block_06_ffn_island,fused_ffn_island,FPGA,477397.00970666594,477729.75722666597
28,fixed_manifest,block_06_residual2,residual_add,GPU,477888.5220266659,477906.86922666593
28,fixed_manifest,block_07_norm1,layer_norm,GPU,477906.86922666593,477928.9988266659
28,fixed_manifest,block_07_qkv,linear_qkv,GPU,477928.9988266659,478371.73130666587
28,fixed_manifest,block_07_attention,self_attention,GPU,478371.73130666587,478527.7578666659
28,fixed_manifest,block_07_proj,linear_projection,GPU,478527.7578666659,478680.0020266659
28,fixed_manifest,block_07_residual1,residual_add,GPU,478680.0020266659,478698.34922666586
28,fixed_manifest,block_07_norm2,layer_norm,GPU,478698.34922666586,478720.47882666584
28,fixed_manifest,block_07_ffn_island,fused_ffn_island,FPGA,478879.24362666585,479211.9911466658
28,fixed_manifest,block_07_residual2,residual_add,GPU,479370.7559466658,479389.10314666585
28,fixed_manifest,block_08_norm1,layer_norm,GPU,479389.10314666585,479411.23274666583
28,fixed_manifest,block_08_qkv,linear_qkv,GPU,479411.23274666583,479853.9652266658
28,fixed_manifest,block_08_attention,self_attention,GPU,479853.9652266658,480009.9917866658
28,fixed_manifest,block_08_proj,linear_projection,GPU,480009.9917866658,480162.2359466658
28,fixed_manifest,block_08_residual1,residual_add,GPU,480162.2359466658,480180.58314666577
28,fixed_manifest,block_08_norm2,layer_norm,GPU,480180.58314666577,480202.71274666575
28,fixed_manifest,block_08_ffn_island,fused_ffn_island,FPGA,480361.47754666576,480694.22506666573
28,fixed_manifest,block_08_residual2,residual_add,GPU,480852.98986666574,480871.33706666576
28,fixed_manifest,block_09_norm1,layer_norm,GPU,480871.33706666576,480893.46666666574
28,fixed_manifest,block_09_qkv,linear_qkv,GPU,480893.46666666574,481336.1991466657
28,fixed_manifest,block_09_attention,self_attention,GPU,481336.1991466657,481492.2257066657
28,fixed_manifest,block_09_proj,linear_projection,GPU,481492.2257066657,481644.4698666657
28,fixed_manifest,block_09_residual1,residual_add,GPU,481644.4698666657,481662.8170666657
28,fixed_manifest,block_09_norm2,layer_norm,GPU,481662.8170666657,481684.94666666567
28,fixed_manifest,block_09_ffn_island,fused_ffn_island,FPGA,481843.71146666567,482176.45898666565
28,fixed_manifest,block_09_residual2,residual_add,GPU,482335.22378666565,482353.57098666567
28,fixed_manifest,block_10_norm1,layer_norm,GPU,482353.57098666567,482375.7005866656
28,fixed_manifest,block_10_qkv,linear_qkv,GPU,482375.7005866656,482818.4330666656
28,fixed_manifest,block_10_attention,self_attention,GPU,482818.4330666656,482974.45962666563
28,fixed_manifest,block_10_proj,linear_projection,GPU,482974.45962666563,483126.70378666563
28,fixed_manifest,block_10_residual1,residual_add,GPU,483126.70378666563,483145.0509866656
28,fixed_manifest,block_10_norm2,layer_norm,GPU,483145.0509866656,483167.1805866656
28,fixed_manifest,block_10_ffn_island,fused_ffn_island,FPGA,483325.9453866656,483658.69290666556
29,fixed_manifest,patch_embedding,patch_embedding,GPU,483333.3333333334,483484.8402133334
29,fixed_manifest,token_embedding,token_and_position_embedding,GPU,483484.8402133334,483503.1874133334
29,fixed_manifest,block_00_norm1,layer_norm,GPU,483503.1874133334,483525.3170133333
29,fixed_manifest,block_00_qkv,linear_qkv,GPU,483525.3170133333,483968.0494933333
28,fixed_manifest,block_10_residual2,residual_add,GPU,483968.0494933333,483986.39669333334
29,fixed_manifest,block_00_attention,self_attention,GPU,483986.39669333334,484142.42325333337
28,fixed_manifest,block_11_norm1,layer_norm,GPU,484142.42325333337,484164.5528533333
29,fixed_manifest,block_00_proj,linear_projection,GPU,484164.5528533333,484316.7970133333
28,fixed_manifest,block_11_qkv,linear_qkv,GPU,484316.7970133333,484759.5294933333
29,fixed_manifest,block_00_residual1,residual_add,GPU,484759.5294933333,484777.87669333327
28,fixed_manifest,block_11_attention,self_attention,GPU,484777.87669333327,484933.9032533333
29,fixed_manifest,block_00_norm2,layer_norm,GPU,484933.9032533333,484956.0328533333
28,fixed_manifest,block_11_proj,linear_projection,GPU,484956.0328533333,485108.2770133333
28,fixed_manifest,block_11_residual1,residual_add,GPU,485108.2770133333,485126.62421333324
29,fixed_manifest,block_00_ffn_island,fused_ffn_island,FPGA,485114.7976533333,485447.54517333326
28,fixed_manifest,block_11_norm2,layer_norm,GPU,485126.62421333324,485148.7538133332
28,fixed_manifest,block_11_ffn_island,fused_ffn_island,FPGA,485447.54517333326,485780.2926933333
29,fixed_manifest,block_00_residual2,residual_add,GPU,485606.30997333326,485624.6571733332
29,fixed_manifest,block_01_norm1,layer_norm,GPU,485624.6571733332,485646.7867733332
29,fixed_manifest,block_01_qkv,linear_qkv,GPU,485646.7867733332,486089.5192533332
28,fixed_manifest,block_11_residual2,residual_add,GPU,486089.5192533332,486107.8664533332
29,fixed_manifest,block_01_attention,self_attention,GPU,486107.8664533332,486263.8930133332
28,fixed_manifest,final_norm,layer_norm,GPU,486263.8930133332,486286.0226133332
29,fixed_manifest,block_01_proj,linear_projection,GPU,486286.0226133332,486438.2667733332
28,fixed_manifest,class_token_select,class_token_select,GPU,486438.2667733332,486445.30517333315
29,fixed_manifest,block_01_residual1,residual_add,GPU,486445.30517333315,486463.65237333317
28,fixed_manifest,classifier,linear_classifier,GPU,486463.65237333317,486471.61237333313
29,fixed_manifest,block_01_norm2,layer_norm,GPU,486471.61237333313,486493.7419733331
29,fixed_manifest,block_01_ffn_island,fused_ffn_island,FPGA,486652.5067733331,486985.2542933331
29,fixed_manifest,block_01_residual2,residual_add,GPU,487144.0190933331,487162.3662933331
29,fixed_manifest,block_02_norm1,layer_norm,GPU,487162.3662933331,487184.49589333305
29,fixed_manifest,block_02_qkv,linear_qkv,GPU,487184.49589333305,487627.22837333306
29,fixed_manifest,block_02_attention,self_attention,GPU,487627.22837333306,487783.2549333331
29,fixed_manifest,block_02_proj,linear_projection,GPU,487783.2549333331,487935.4990933331
29,fixed_manifest,block_02_residual1,residual_add,GPU,487935.4990933331,487953.84629333304
29,fixed_manifest,block_02_norm2,layer_norm,GPU,487953.84629333304,487975.97589333303
29,fixed_manifest,block_02_ffn_island,fused_ffn_island,FPGA,488134.74069333303,488467.488213333
29,fixed_manifest,block_02_residual2,residual_add,GPU,488626.253013333,488644.600213333
29,fixed_manifest,block_03_norm1,layer_norm,GPU,488644.600213333,488666.72981333296
29,fixed_manifest,block_03_qkv,linear_qkv,GPU,488666.72981333296,489109.46229333297
29,fixed_manifest,block_03_attention,self_attention,GPU,489109.46229333297,489265.488853333
29,fixed_manifest,block_03_proj,linear_projection,GPU,489265.488853333,489417.733013333
29,fixed_manifest,block_03_residual1,residual_add,GPU,489417.733013333,489436.08021333296
29,fixed_manifest,block_03_norm2,layer_norm,GPU,489436.08021333296,489458.20981333294
29,fixed_manifest,block_03_ffn_island,fused_ffn_island,FPGA,489616.97461333295,489949.7221333329
29,fixed_manifest,block_03_residual2,residual_add,GPU,490108.4869333329,490126.8341333329
29,fixed_manifest,block_04_norm1,layer_norm,GPU,490126.8341333329,490148.9637333329
29,fixed_manifest,block_04_qkv,linear_qkv,GPU,490148.9637333329,490591.6962133329
29,fixed_manifest,block_04_attention,self_attention,GPU,490591.6962133329,490747.7227733329
29,fixed_manifest,block_04_proj,linear_projection,GPU,490747.7227733329,490899.96693333285
29,fixed_manifest,block_04_residual1,residual_add,GPU,490899.96693333285,490918.31413333287
29,fixed_manifest,block_04_norm2,layer_norm,GPU,490918.31413333287,490940.44373333285
29,fixed_manifest,block_04_ffn_island,fused_ffn_island,FPGA,491099.20853333286,491431.95605333283
29,fixed_manifest,block_04_residual2,residual_add,GPU,491590.72085333284,491609.0680533328
29,fixed_manifest,block_05_norm1,layer_norm,GPU,491609.0680533328,491631.1976533328
29,fixed_manifest,block_05_qkv,linear_qkv,GPU,491631.1976533328,492073.9301333328
29,fixed_manifest,block_05_attention,self_attention,GPU,492073.9301333328,492229.9566933328
29,fixed_manifest,block_05_proj,linear_projection,GPU,492229.9566933328,492382.20085333276
29,fixed_manifest,block_05_residual1,residual_add,GPU,492382.20085333276,492400.5480533328
29,fixed_manifest,block_05_norm2,layer_norm,GPU,492400.5480533328,492422.67765333276
29,fixed_manifest,block_05_ffn_island,fused_ffn_island,FPGA,492581.44245333277,492914.18997333274
29,fixed_manifest,block_05_residual2,residual_add,GPU,493072.95477333275,493091.3019733327
29,fixed_manifest,block_06_norm1,layer_norm,GPU,493091.3019733327,493113.4315733327
29,fixed_manifest,block_06_qkv,linear_qkv,GPU,493113.4315733327,493556.1640533327
29,fixed_manifest,block_06_attention,self_attention,GPU,493556.1640533327,493712.1906133327
29,fixed_manifest,block_06_proj,linear_projection,GPU,493712.1906133327,493864.4347733327
29,fixed_manifest,block_06_residual1,residual_add,GPU,493864.4347733327,493882.7819733327
29,fixed_manifest,block_06_norm2,layer_norm,GPU,493882.7819733327,493904.9115733327
29,fixed_manifest,block_06_ffn_island,fused_ffn_island,FPGA,494063.6763733326,494396.42389333266
29,fixed_manifest,block_06_residual2,residual_add,GPU,494555.18869333266,494573.5358933326
29,fixed_manifest,block_07_norm1,layer_norm,GPU,494573.5358933326,494595.6654933326
29,fixed_manifest,block_07_qkv,linear_qkv,GPU,494595.6654933326,495038.3979733326
29,fixed_manifest,block_07_attention,self_attention,GPU,495038.3979733326,495194.42453333264
29,fixed_manifest,block_07_proj,linear_projection,GPU,495194.42453333264,495346.6686933326
29,fixed_manifest,block_07_residual1,residual_add,GPU,495346.6686933326,495365.0158933326
29,fixed_manifest,block_07_norm2,layer_norm,GPU,495365.0158933326,495387.1454933326
29,fixed_manifest,block_07_ffn_island,fused_ffn_island,FPGA,495545.91029333253,495878.65781333257
29,fixed_manifest,block_07_residual2,residual_add,GPU,496037.4226133326,496055.76981333253
29,fixed_manifest,block_08_norm1,layer_norm,GPU,496055.76981333253,496077.8994133325
29,fixed_manifest,block_08_qkv,linear_qkv,GPU,496077.8994133325,496520.6318933325
29,fixed_manifest,block_08_attention,self_attention,GPU,496520.6318933325,496676.65845333255
29,fixed_manifest,block_08_proj,linear_projection,GPU,496676.65845333255,496828.9026133325
29,fixed_manifest,block_08_residual1,residual_add,GPU,496828.9026133325,496847.2498133325
29,fixed_manifest,block_08_norm2,layer_norm,GPU,496847.2498133325,496869.3794133325
29,fixed_manifest,block_08_ffn_island,fused_ffn_island,FPGA,497028.14421333245,497360.8917333325
29,fixed_manifest,block_08_residual2,residual_add,GPU,497519.6565333325,497538.00373333244
29,fixed_manifest,block_09_norm1,layer_norm,GPU,497538.00373333244,497560.13333333243
29,fixed_manifest,block_09_qkv,linear_qkv,GPU,497560.13333333243,498002.86581333244
29,fixed_manifest,block_09_attention,self_attention,GPU,498002.86581333244,498158.89237333246
29,fixed_manifest,block_09_proj,linear_projection,GPU,498158.89237333246,498311.1365333324
29,fixed_manifest,block_09_residual1,residual_add,GPU,498311.1365333324,498329.4837333324
29,fixed_manifest,block_09_norm2,layer_norm,GPU,498329.4837333324,498351.6133333324
29,fixed_manifest,block_09_ffn_island,fused_ffn_island,FPGA,498510.37813333236,498843.1256533324
29,fixed_manifest,block_09_residual2,residual_add,GPU,499001.8904533324,499020.23765333235
29,fixed_manifest,block_10_norm1,layer_norm,GPU,499020.23765333235,499042.36725333234
29,fixed_manifest,block_10_qkv,linear_qkv,GPU,499042.36725333234,499485.09973333235
29,fixed_manifest,block_10_attention,self_attention,GPU,499485.09973333235,499641.1262933324
29,fixed_manifest,block_10_proj,linear_projection,GPU,499641.1262933324,499793.3704533323
29,fixed_manifest,block_10_residual1,residual_add,GPU,499793.3704533323,499811.71765333234
29,fixed_manifest,block_10_norm2,layer_norm,GPU,499811.71765333234,499833.8472533323
29,fixed_manifest,block_10_ffn_island,fused_ffn_island,FPGA,499992.61205333227,500325.35957333224
30,fixed_manifest,patch_embedding,patch_embedding,GPU,500000.0000000001,500151.5068800001
30,fixed_manifest,token_embedding,token_and_position_embedding,GPU,500151.5068800001,500169.85408000014
30,fixed_manifest,block_00_norm1,layer_norm,GPU,500169.85408000014,500191.9836800002
30,fixed_manifest,block_00_qkv,linear_qkv,GPU,500191.9836800002,500634.71616000024
29,fixed_manifest,block_10_residual2,residual_add,GPU,500634.71616000024,500653.06336000026
30,fixed_manifest,block_00_attention,self_attention,GPU,500653.06336000026,500809.0899200003
29,fixed_manifest,block_11_norm1,layer_norm,GPU,500809.0899200003,500831.21952000033
30,fixed_manifest,block_00_proj,linear_projection,GPU,500831.21952000033,500983.46368000034
29,fixed_manifest,block_11_qkv,linear_qkv,GPU,500983.46368000034,501426.1961600004
30,fixed_manifest,block_00_residual1,residual_add,GPU,501426.1961600004,501444.5433600004
29,fixed_manifest,block_11_attention,self_attention,GPU,501444.5433600004,501600.56992000045
30,fixed_manifest,block_00_norm2,layer_norm,GPU,501600.56992000045,501622.6995200005
29,fixed_manifest,block_11_proj,linear_projection,GPU,501622.6995200005,501774.94368000055
29,fixed_manifest,block_11_residual1,residual_add,GPU,501774.94368000055,501793.29088000057
30,fixed_manifest,block_00_ffn_island,fused_ffn_island,FPGA,501781.4643200006,502114.2118400006
29,fixed_manifest,block_11_norm2,layer_norm,GPU,501793.29088000057,501815.4204800006
29,fixed_manifest,block_11_ffn_island,fused_ffn_island,FPGA,502114.2118400006,502446.9593600006
30,fixed_manifest,block_00_residual2,residual_add,GPU,502272.9766400007,502291.3238400007
30,fixed_manifest,block_01_norm1,layer_norm,GPU,502291.3238400007,502313.45344000077
30,fixed_manifest,block_01_qkv,linear_qkv,GPU,502313.45344000077,502756.18592000083
29,fixed_manifest,block_11_residual2,residual_add,GPU,502756.18592000083,502774.53312000085
30,fixed_manifest,block_01_attention,self_attention,GPU,502774.53312000085,502930.5596800009
29,fixed_manifest,final_norm,layer_norm,GPU,502930.5596800009,502952.6892800009
30,fixed_manifest,block_01_proj,linear_projection,GPU,502952.6892800009,503104.933440001
29,fixed_manifest,class_token_select,class_token_select,GPU,503104.933440001,503111.971840001
30,fixed_manifest,block_01_residual1,residual_add,GPU,503111.971840001,503130.3190400011
29,fixed_manifest,classifier,linear_classifier,GPU,503130.3190400011,503138.2790400011
30,fixed_manifest,block_01_norm2,layer_norm,GPU,503138.2790400011,503160.4086400011
30,fixed_manifest,block_01_ffn_island,fused_ffn_island,FPGA,503319.1734400012,503651.92096000124
30,fixed_manifest,block_01_residual2,residual_add,GPU,503810.6857600013,503829.0329600014
30,fixed_manifest,block_02_norm1,layer_norm,GPU,503829.0329600014,503851.1625600014
30,fixed_manifest,block_02_qkv,linear_qkv,GPU,503851.1625600014,504293.89504000143
30,fixed_manifest,block_02_attention,self_attention,GPU,504293.89504000143,504449.92160000146
30,fixed_manifest,block_02_proj,linear_projection,GPU,504449.92160000146,504602.1657600015
30,fixed_manifest,block_02_residual1,residual_add,GPU,504602.1657600015,504620.51296000154
30,fixed_manifest,block_02_norm2,layer_norm,GPU,504620.51296000154,504642.6425600016
30,fixed_manifest,block_02_ffn_island,fused_ffn_island,FPGA,504801.4073600017,505134.1548800017
30,fixed_manifest,block_02_residual2,residual_add,GPU,505292.9196800018,505311.2668800018
30,fixed_manifest,block_03_norm1,layer_norm,GPU,505311.2668800018,505333.39648000186
30,fixed_manifest,block_03_qkv,linear_qkv,GPU,505333.39648000186,505776.1289600019
30,fixed_manifest,block_03_attention,self_attention,GPU,505776.1289600019,505932.15552000195
30,fixed_manifest,block_03_proj,linear_projection,GPU,505932.15552000195,506084.39968000195
30,fixed_manifest,block_03_residual1,residual_add,GPU,506084.39968000195,506102.746880002
30,fixed_manifest,block_03_norm2,layer_norm,GPU,506102.746880002,506124.876480002
30,fixed_manifest,block_03_ffn_island,fused_ffn_island,FPGA,506283.64128000214,506616.38880000217
30,fixed_manifest,block_03_residual2,residual_add,GPU,506775.15360000223,506793.5008000023
30,fixed_manifest,block_04_norm1,layer_norm,GPU,506793.5008000023,506815.63040000235
30,fixed_manifest,block_04_qkv,linear_qkv,GPU,506815.63040000235,507258.36288000236
30,fixed_manifest,block_04_attention,self_attention,GPU,507258.36288000236,507414.3894400024
30,fixed_manifest,block_04_proj,linear_projection,GPU,507414.3894400024,507566.63360000245
30,fixed_manifest,block_04_residual1,residual_add,GPU,507566.63360000245,507584.98080000246
30,fixed_manifest,block_04_norm2,layer_norm,GPU,507584.98080000246,507607.1104000025
30,fixed_manifest,block_04_ffn_island,fused_ffn_island,FPGA,507765.8752000026,508098.6227200026
30,fixed_manifest,block_04_residual2,residual_add,GPU,508257.3875200027,508275.73472000274
30,fixed_manifest,block_05_norm1,layer_norm,GPU,508275.73472000274,508297.8643200028
30,fixed_manifest,block_05_qkv,linear_qkv,GPU,508297.8643200028,508740.59680000285
30,fixed_manifest,block_05_attention,self_attention,GPU,508740.59680000285,508896.6233600029
30,fixed_manifest,block_05_proj,linear_projection,GPU,508896.6233600029,509048.8675200029
30,fixed_manifest,block_05_residual1,residual_add,GPU,509048.8675200029,509067.21472000296
30,fixed_manifest,block_05_norm2,layer_norm,GPU,509067.21472000296,509089.34432000294
30,fixed_manifest,block_05_ffn_island,fused_ffn_island,FPGA,509248.10912000306,509580.8566400031
30,fixed_manifest,block_05_residual2,residual_add,GPU,509739.62144000316,509757.96864000324
30,fixed_manifest,block_06_norm1,layer_norm,GPU,509757.96864000324,509780.0982400033
30,fixed_manifest,block_06_qkv,linear_qkv,GPU,509780.0982400033,510222.8307200033
30,fixed_manifest,block_06_attention,self_attention,GPU,510222.8307200033,510378.8572800033
30,fixed_manifest,block_06_proj,linear_projection,GPU,510378.8572800033,510531.1014400034
30,fixed_manifest,block_06_residual1,residual_add,GPU,510531.1014400034,510549.4486400034
30,fixed_manifest,block_06_norm2,layer_norm,GPU,510549.4486400034,510571.57824000344
30,fixed_manifest,block_06_ffn_island,fused_ffn_island,FPGA,510730.34304000356,511063.09056000353
30,fixed_manifest,block_06_residual2,residual_add,GPU,511221.85536000365,511240.2025600037
30,fixed_manifest,block_07_norm1,layer_norm,GPU,511240.2025600037,511262.3321600037
30,fixed_manifest,block_07_qkv,linear_qkv,GPU,511262.3321600037,511705.0646400038
30,fixed_manifest,block_07_attention,self_attention,GPU,511705.0646400038,511861.0912000038
30,fixed_manifest,block_07_proj,linear_projection,GPU,511861.0912000038,512013.3353600038
30,fixed_manifest,block_07_residual1,residual_add,GPU,512013.3353600038,512031.6825600039
30,fixed_manifest,block_07_norm2,layer_norm,GPU,512031.6825600039,512053.8121600039
30,fixed_manifest,block_07_ffn_island,fused_ffn_island,FPGA,512212.576960004,512545.324480004
30,fixed_manifest,block_07_residual2,residual_add,GPU,512704.0892800041,512722.43648000417
30,fixed_manifest,block_08_norm1,layer_norm,GPU,512722.43648000417,512744.5660800042
30,fixed_manifest,block_08_qkv,linear_qkv,GPU,512744.5660800042,513187.2985600042
30,fixed_manifest,block_08_attention,self_attention,GPU,513187.2985600042,513343.32512000424
30,fixed_manifest,block_08_proj,linear_projection,GPU,513343.32512000424,513495.5692800043
30,fixed_manifest,block_08_residual1,residual_add,GPU,513495.5692800043,513513.9164800043
30,fixed_manifest,block_08_norm2,layer_norm,GPU,513513.9164800043,513536.04608000437
30,fixed_manifest,block_08_ffn_island,fused_ffn_island,FPGA,513694.8108800045,514027.55840000446
30,fixed_manifest,block_08_residual2,residual_add,GPU,514186.3232000046,514204.6704000046
30,fixed_manifest,block_09_norm1,layer_norm,GPU,514204.6704000046,514226.80000000464
30,fixed_manifest,block_09_qkv,linear_qkv,GPU,514226.80000000464,514669.5324800047
30,fixed_manifest,block_09_attention,self_attention,GPU,514669.5324800047,514825.55904000474
30,fixed_manifest,block_09_proj,linear_projection,GPU,514825.55904000474,514977.80320000474
30,fixed_manifest,block_09_residual1,residual_add,GPU,514977.80320000474,514996.1504000048
30,fixed_manifest,block_09_norm2,layer_norm,GPU,514996.1504000048,515018.2800000048
30,fixed_manifest,block_09_ffn_island,fused_ffn_island,FPGA,515177.0448000049,515509.79232000496
30,fixed_manifest,block_09_residual2,residual_add,GPU,515668.557120005,515686.9043200051
30,fixed_manifest,block_10_norm1,layer_norm,GPU,515686.9043200051,515709.03392000514
30,fixed_manifest,block_10_qkv,linear_qkv,GPU,515709.03392000514,516151.76640000514
30,fixed_manifest,block_10_attention,self_attention,GPU,516151.76640000514,516307.7929600052
30,fixed_manifest,block_10_proj,linear_projection,GPU,516307.7929600052,516460.03712000523
30,fixed_manifest,block_10_residual1,residual_add,GPU,516460.03712000523,516478.38432000525
30,fixed_manifest,block_10_norm2,layer_norm,GPU,516478.38432000525,516500.5139200053
30,fixed_manifest,block_10_ffn_island,fused_ffn_island,FPGA,516659.2787200054,516992.0262400054
31,fixed_manifest,patch_embedding,patch_embedding,GPU,516666.66666666674,516818.1735466667
31,fixed_manifest,token_embedding,token_and_position_embedding,GPU,516818.1735466667,516836.52074666676
31,fixed_manifest,block_00_norm1,layer_norm,GPU,516836.52074666676,516858.6503466668
31,fixed_manifest,block_00_qkv,linear_qkv,GPU,516858.6503466668,517301.3828266668
30,fixed_manifest,block_10_residual2,residual_add,GPU,517301.3828266668,517319.7300266669
31,fixed_manifest,block_00_attention,self_attention,GPU,517319.7300266669,517475.7565866669
30,fixed_manifest,block_11_norm1,layer_norm,GPU,517475.7565866669,517497.8861866669
31,fixed_manifest,block_00_proj,linear_projection,GPU,517497.8861866669,517650.13034666696
30,fixed_manifest,block_11_qkv,linear_qkv,GPU,517650.13034666696,518092.862826667
31,fixed_manifest,block_00_residual1,residual_add,GPU,518092.862826667,518111.21002666705
30,fixed_manifest,block_11_attention,self_attention,GPU,518111.21002666705,518267.2365866671
31,fixed_manifest,block_00_norm2,layer_norm,GPU,518267.2365866671,518289.3661866671
30,fixed_manifest,block_11_proj,linear_projection,GPU,518289.3661866671,518441.6103466671
30,fixed_manifest,block_11_residual1,residual_add,GPU,518441.6103466671,518459.9575466672
31,fixed_manifest,block_00_ffn_island,fused_ffn_island,FPGA,518448.1309866672,518780.8785066672
30,fixed_manifest,block_11_norm2,layer_norm,GPU,518459.9575466672,518482.08714666724
30,fixed_manifest,block_11_ffn_island,fused_ffn_island,FPGA,518780.8785066672,519113.62602666725
31,fixed_manifest,block_00_residual2,residual_add,GPU,518939.64330666733,518957.99050666735
31,fixed_manifest,block_01_norm1,layer_norm,GPU,518957.99050666735,518980.1201066674
31,fixed_manifest,block_01_qkv,linear_qkv,GPU,518980.1201066674,519422.8525866674
30,fixed_manifest,block_11_residual2,residual_add,GPU,519422.8525866674,519441.1997866675
31,fixed_manifest,block_01_attention,self_attention,GPU,519441.1997866675,519597.2263466675
30,fixed_manifest,final_norm,layer_norm,GPU,519597.2263466675,519619.35594666755
31,fixed_manifest,block_01_proj,linear_projection,GPU,519619.35594666755,519771.60010666755
30,fixed_manifest,class_token_select,class_token_select,GPU,519771.60010666755,519778.63850666763
31,fixed_manifest,block_01_residual1,residual_add,GPU,519778.63850666763,519796.98570666765
30,fixed_manifest,classifier,linear_classifier,GPU,519796.98570666765,519804.94570666767
31,fixed_manifest,block_01_norm2,layer_norm,GPU,519804.94570666767,519827.0753066677
31,fixed_manifest,block_01_ffn_island,fused_ffn_island,FPGA,519985.84010666783,520318.5876266678
31,fixed_manifest,block_01_residual2,residual_add,GPU,520477.35242666793,520495.69962666795
31,fixed_manifest,block_02_norm1,layer_norm,GPU,520495.69962666795,520517.829226668
31,fixed_manifest,block_02_qkv,linear_qkv,GPU,520517.829226668,520960.56170666806
31,fixed_manifest,block_02_attention,self_attention,GPU,520960.56170666806,521116.5882666681
31,fixed_manifest,block_02_proj,linear_projection,GPU,521116.5882666681,521268.8324266681
31,fixed_manifest,block_02_residual1,residual_add,GPU,521268.8324266681,521287.17962666816
31,fixed_manifest,block_02_norm2,layer_norm,GPU,521287.17962666816,521309.3092266682
31,fixed_manifest,block_02_ffn_island,fused_ffn_island,FPGA,521468.07402666827,521800.8215466683
31,fixed_manifest,block_02_residual2,residual_add,GPU,521959.58634666837,521977.93354666844
31,fixed_manifest,block_03_norm1,layer_norm,GPU,521977.93354666844,522000.0631466685
31,fixed_manifest,block_03_qkv,linear_qkv,GPU,522000.0631466685,522442.7956266685
31,fixed_manifest,block_03_attention,self_attention,GPU,522442.7956266685,522598.8221866685
31,fixed_manifest,block_03_proj,linear_projection,GPU,522598.8221866685,522751.0663466686
31,fixed_manifest,block_03_residual1,residual_add,GPU,522751.0663466686,522769.4135466686
31,fixed_manifest,block_03_norm2,layer_norm,GPU,522769.4135466686,522791.54314666864
31,fixed_manifest,block_03_ffn_island,fused_ffn_island,FPGA,522950.30794666876,523283.05546666874
31,fixed_manifest,block_03_residual2,residual_add,GPU,523441.82026666886,523460.1674666689
31,fixed_manifest,block_04_norm1,layer_norm,GPU,523460.1674666689,523482.2970666689
31,fixed_manifest,block_04_qkv,linear_qkv,GPU,523482.2970666689,523925.029546669
31,fixed_manifest,block_04_attention,self_attention,GPU,523925.029546669,524081.056106669
31,fixed_manifest,block_04_proj,linear_projection,GPU,524081.056106669,524233.300266669
31,fixed_manifest,block_04_residual1,residual_add,GPU,524233.300266669,524251.6474666691
31,fixed_manifest,block_04_norm2,layer_norm,GPU,524251.6474666691,524273.77706666914
31,fixed_manifest,block_04_ffn_island,fused_ffn_island,FPGA,524432.5418666692,524765.2893866692
31,fixed_manifest,block_04_residual2,residual_add,GPU,524924.0541866693,524942.4013866694
31,fixed_manifest,block_05_norm1,layer_norm,GPU,524942.4013866694,524964.5309866694
31,fixed_manifest,block_05_qkv,linear_qkv,GPU,524964.5309866694,525407.2634666695
31,fixed_manifest,block_05_attention,self_attention,GPU,525407.2634666695,525563.2900266695
31,fixed_manifest,block_05_proj,linear_projection,GPU,525563.2900266695,525715.5341866695
31,fixed_manifest,block_05_residual1,residual_add,GPU,525715.5341866695,525733.8813866696
31,fixed_manifest,block_05_norm2,layer_norm,GPU,525733.8813866696,525756.0109866696
31,fixed_manifest,block_05_ffn_island,fused_ffn_island,FPGA,525914.7757866697,526247.5233066697
31,fixed_manifest,block_05_residual2,residual_add,GPU,526406.2881066698,526424.6353066699
31,fixed_manifest,block_06_norm1,layer_norm,GPU,526424.6353066699,526446.7649066699
31,fixed_manifest,block_06_qkv,linear_qkv,GPU,526446.7649066699,526889.4973866699
31,fixed_manifest,block_06_attention,self_attention,GPU,526889.4973866699,527045.5239466699
31,fixed_manifest,block_06_proj,linear_projection,GPU,527045.5239466699,527197.76810667
31,fixed_manifest,block_06_residual1,residual_add,GPU,527197.76810667,527216.11530667
31,fixed_manifest,block_06_norm2,layer_norm,GPU,527216.11530667,527238.2449066701
31,fixed_manifest,block_06_ffn_island,fused_ffn_island,FPGA,527397.0097066702,527729.7572266702
31,fixed_manifest,block_06_residual2,residual_add,GPU,527888.5220266703,527906.8692266702
31,fixed_manifest,block_07_norm1,layer_norm,GPU,527906.8692266702,527928.9988266703
31,fixed_manifest,block_07_qkv,linear_qkv,GPU,527928.9988266703,528371.7313066704
31,fixed_manifest,block_07_attention,self_attention,GPU,528371.7313066704,528527.7578666704
31,fixed_manifest,block_07_proj,linear_projection,GPU,528527.7578666704,528680.0020266704
31,fixed_manifest,block_07_residual1,residual_add,GPU,528680.0020266704,528698.3492266705
31,fixed_manifest,block_07_norm2,layer_norm,GPU,528698.3492266705,528720.4788266706
31,fixed_manifest,block_07_ffn_island,fused_ffn_island,FPGA,528879.2436266706,529211.9911466707
31,fixed_manifest,block_07_residual2,residual_add,GPU,529370.7559466707,529389.1031466707
31,fixed_manifest,block_08_norm1,layer_norm,GPU,529389.1031466707,529411.2327466708
31,fixed_manifest,block_08_qkv,linear_qkv,GPU,529411.2327466708,529853.9652266708
31,fixed_manifest,block_08_attention,self_attention,GPU,529853.9652266708,530009.9917866709
31,fixed_manifest,block_08_proj,linear_projection,GPU,530009.9917866709,530162.2359466709
31,fixed_manifest,block_08_residual1,residual_add,GPU,530162.2359466709,530180.583146671
31,fixed_manifest,block_08_norm2,layer_norm,GPU,530180.583146671,530202.7127466709
31,fixed_manifest,block_08_ffn_island,fused_ffn_island,FPGA,530361.477546671,530694.225066671
31,fixed_manifest,block_08_residual2,residual_add,GPU,530852.9898666712,530871.3370666712
31,fixed_manifest,block_09_norm1,layer_norm,GPU,530871.3370666712,530893.4666666712
31,fixed_manifest,block_09_qkv,linear_qkv,GPU,530893.4666666712,531336.1991466713
31,fixed_manifest,block_09_attention,self_attention,GPU,531336.1991466713,531492.2257066714
31,fixed_manifest,block_09_proj,linear_projection,GPU,531492.2257066714,531644.4698666714
31,fixed_manifest,block_09_residual1,residual_add,GPU,531644.4698666714,531662.8170666714
31,fixed_manifest,block_09_norm2,layer_norm,GPU,531662.8170666714,531684.9466666714
31,fixed_manifest,block_09_ffn_island,fused_ffn_island,FPGA,531843.7114666715,532176.4589866715
31,fixed_manifest,block_09_residual2,residual_add,GPU,532335.2237866716,532353.5709866717
31,fixed_manifest,block_10_norm1,layer_norm,GPU,532353.5709866717,532375.7005866717
31,fixed_manifest,block_10_qkv,linear_qkv,GPU,532375.7005866717,532818.4330666717
31,fixed_manifest,block_10_attention,self_attention,GPU,532818.4330666717,532974.4596266717
31,fixed_manifest,block_10_proj,linear_projection,GPU,532974.4596266717,533126.7037866719
31,fixed_manifest,block_10_residual1,residual_add,GPU,533126.7037866719,533145.0509866718
31,fixed_manifest,block_10_norm2,layer_norm,GPU,533145.0509866718,533167.1805866719
31,fixed_manifest,block_10_ffn_island,fused_ffn_island,FPGA,533325.945386672,533658.692906672
32,fixed_manifest,patch_embedding,patch_embedding,GPU,533333.3333333334,533484.8402133333
32,fixed_manifest,token_embedding,token_and_position_embedding,GPU,533484.8402133333,533503.1874133333
32,fixed_manifest,block_00_norm1,layer_norm,GPU,533503.1874133333,533525.3170133334
32,fixed_manifest,block_00_qkv,linear_qkv,GPU,533525.3170133334,533968.0494933334
31,fixed_manifest,block_10_residual2,residual_add,GPU,533968.0494933334,533986.3966933335
32,fixed_manifest,block_00_attention,self_attention,GPU,533986.3966933335,534142.4232533335
31,fixed_manifest,block_11_norm1,layer_norm,GPU,534142.4232533335,534164.5528533335
32,fixed_manifest,block_00_proj,linear_projection,GPU,534164.5528533335,534316.7970133335
31,fixed_manifest,block_11_qkv,linear_qkv,GPU,534316.7970133335,534759.5294933337
32,fixed_manifest,block_00_residual1,residual_add,GPU,534759.5294933337,534777.8766933336
31,fixed_manifest,block_11_attention,self_attention,GPU,534777.8766933336,534933.9032533336
32,fixed_manifest,block_00_norm2,layer_norm,GPU,534933.9032533336,534956.0328533337
31,fixed_manifest,block_11_proj,linear_projection,GPU,534956.0328533337,535108.2770133337
31,fixed_manifest,block_11_residual1,residual_add,GPU,535108.2770133337,535126.6242133338
32,fixed_manifest,block_00_ffn_island,fused_ffn_island,FPGA,535114.7976533337,535447.5451733338
31,fixed_manifest,block_11_norm2,layer_norm,GPU,535126.6242133338,535148.7538133338
31,fixed_manifest,block_11_ffn_island,fused_ffn_island,FPGA,535447.5451733338,535780.2926933338
32,fixed_manifest,block_00_residual2,residual_add,GPU,535606.309973334,535624.6571733339
32,fixed_manifest,block_01_norm1,layer_norm,GPU,535624.6571733339,535646.786773334
32,fixed_manifest,block_01_qkv,linear_qkv,GPU,535646.786773334,536089.519253334
31,fixed_manifest,block_11_residual2,residual_add,GPU,536089.519253334,536107.8664533341
32,fixed_manifest,block_01_attention,self_attention,GPU,536107.8664533341,536263.8930133341
31,fixed_manifest,final_norm,layer_norm,GPU,536263.8930133341,536286.0226133341
32,fixed_manifest,block_01_proj,linear_projection,GPU,536286.0226133341,536438.2667733341
31,fixed_manifest,class_token_select,class_token_select,GPU,536438.2667733341,536445.3051733342
32,fixed_manifest,block_01_residual1,residual_add,GPU,536445.3051733342,536463.6523733343
31,fixed_manifest,classifier,linear_classifier,GPU,536463.6523733343,536471.6123733342
32,fixed_manifest,block_01_norm2,layer_norm,GPU,536471.6123733342,536493.7419733343
32,fixed_manifest,block_01_ffn_island,fused_ffn_island,FPGA,536652.5067733345,536985.2542933344
32,fixed_manifest,block_01_residual2,residual_add,GPU,537144.0190933346,537162.3662933346
32,fixed_manifest,block_02_norm1,layer_norm,GPU,537162.3662933346,537184.4958933346
32,fixed_manifest,block_02_qkv,linear_qkv,GPU,537184.4958933346,537627.2283733346
32,fixed_manifest,block_02_attention,self_attention,GPU,537627.2283733346,537783.2549333347
32,fixed_manifest,block_02_proj,linear_projection,GPU,537783.2549333347,537935.4990933347
32,fixed_manifest,block_02_residual1,residual_add,GPU,537935.4990933347,537953.8462933347
32,fixed_manifest,block_02_norm2,layer_norm,GPU,537953.8462933347,537975.9758933348
32,fixed_manifest,block_02_ffn_island,fused_ffn_island,FPGA,538134.7406933348,538467.4882133349
32,fixed_manifest,block_02_residual2,residual_add,GPU,538626.253013335,538644.600213335
32,fixed_manifest,block_03_norm1,layer_norm,GPU,538644.600213335,538666.7298133351
32,fixed_manifest,block_03_qkv,linear_qkv,GPU,538666.7298133351,539109.4622933351
32,fixed_manifest,block_03_attention,self_attention,GPU,539109.4622933351,539265.4888533351
32,fixed_manifest,block_03_proj,linear_projection,GPU,539265.4888533351,539417.7330133351
32,fixed_manifest,block_03_residual1,residual_add,GPU,539417.7330133351,539436.0802133352
32,fixed_manifest,block_03_norm2,layer_norm,GPU,539436.0802133352,539458.2098133352
32,fixed_manifest,block_03_ffn_island,fused_ffn_island,FPGA,539616.9746133353,539949.7221333353
32,fixed_manifest,block_03_residual2,residual_add,GPU,540108.4869333354,540126.8341333355
32,fixed_manifest,block_04_norm1,layer_norm,GPU,540126.8341333355,540148.9637333355
32,fixed_manifest,block_04_qkv,linear_qkv,GPU,540148.9637333355,540591.6962133356
32,fixed_manifest,block_04_attention,self_attention,GPU,540591.6962133356,540747.7227733356
32,fixed_manifest,block_04_proj,linear_projection,GPU,540747.7227733356,540899.9669333356
32,fixed_manifest,block_04_residual1,residual_add,GPU,540899.9669333356,540918.3141333357
32,fixed_manifest,block_04_norm2,layer_norm,GPU,540918.3141333357,540940.4437333357
32,fixed_manifest,block_04_ffn_island,fused_ffn_island,FPGA,541099.2085333358,541431.9560533358
32,fixed_manifest,block_04_residual2,residual_add,GPU,541590.7208533359,541609.068053336
32,fixed_manifest,block_05_norm1,layer_norm,GPU,541609.068053336,541631.197653336
32,fixed_manifest,block_05_qkv,linear_qkv,GPU,541631.197653336,542073.930133336
32,fixed_manifest,block_05_attention,self_attention,GPU,542073.930133336,542229.956693336
32,fixed_manifest,block_05_proj,linear_projection,GPU,542229.956693336,542382.2008533361
32,fixed_manifest,block_05_residual1,residual_add,GPU,542382.2008533361,542400.5480533361
32,fixed_manifest,block_05_norm2,layer_norm,GPU,542400.5480533361,542422.6776533362
32,fixed_manifest,block_05_ffn_island,fused_ffn_island,FPGA,542581.4424533363,542914.1899733363
32,fixed_manifest,block_05_residual2,residual_add,GPU,543072.9547733364,543091.3019733365
32,fixed_manifest,block_06_norm1,layer_norm,GPU,543091.3019733365,543113.4315733365
32,fixed_manifest,block_06_qkv,linear_qkv,GPU,543113.4315733365,543556.1640533365
32,fixed_manifest,block_06_attention,self_attention,GPU,543556.1640533365,543712.1906133365
32,fixed_manifest,block_06_proj,linear_projection,GPU,543712.1906133365,543864.4347733365
32,fixed_manifest,block_06_residual1,residual_add,GPU,543864.4347733365,543882.7819733366
32,fixed_manifest,block_06_norm2,layer_norm,GPU,543882.7819733366,543904.9115733367
32,fixed_manifest,block_06_ffn_island,fused_ffn_island,FPGA,544063.6763733367,544396.4238933368
32,fixed_manifest,block_06_residual2,residual_add,GPU,544555.1886933369,544573.5358933369
32,fixed_manifest,block_07_norm1,layer_norm,GPU,544573.5358933369,544595.665493337
32,fixed_manifest,block_07_qkv,linear_qkv,GPU,544595.665493337,545038.397973337
32,fixed_manifest,block_07_attention,self_attention,GPU,545038.397973337,545194.424533337
32,fixed_manifest,block_07_proj,linear_projection,GPU,545194.424533337,545346.668693337
32,fixed_manifest,block_07_residual1,residual_add,GPU,545346.668693337,545365.0158933371
32,fixed_manifest,block_07_norm2,layer_norm,GPU,545365.0158933371,545387.1454933371
32,fixed_manifest,block_07_ffn_island,fused_ffn_island,FPGA,545545.9102933372,545878.6578133372
32,fixed_manifest,block_07_residual2,residual_add,GPU,546037.4226133373,546055.7698133374
32,fixed_manifest,block_08_norm1,layer_norm,GPU,546055.7698133374,546077.8994133373
32,fixed_manifest,block_08_qkv,linear_qkv,GPU,546077.8994133373,546520.6318933375
32,fixed_manifest,block_08_attention,self_attention,GPU,546520.6318933375,546676.6584533375
32,fixed_manifest,block_08_proj,linear_projection,GPU,546676.6584533375,546828.9026133375
32,fixed_manifest,block_08_residual1,residual_add,GPU,546828.9026133375,546847.2498133376
32,fixed_manifest,block_08_norm2,layer_norm,GPU,546847.2498133376,546869.3794133376
32,fixed_manifest,block_08_ffn_island,fused_ffn_island,FPGA,547028.1442133377,547360.8917333377
32,fixed_manifest,block_08_residual2,residual_add,GPU,547519.6565333378,547538.0037333379
32,fixed_manifest,block_09_norm1,layer_norm,GPU,547538.0037333379,547560.1333333378
32,fixed_manifest,block_09_qkv,linear_qkv,GPU,547560.1333333378,548002.8658133378
32,fixed_manifest,block_09_attention,self_attention,GPU,548002.8658133378,548158.8923733379
32,fixed_manifest,block_09_proj,linear_projection,GPU,548158.8923733379,548311.136533338
32,fixed_manifest,block_09_residual1,residual_add,GPU,548311.136533338,548329.483733338
32,fixed_manifest,block_09_norm2,layer_norm,GPU,548329.483733338,548351.613333338
32,fixed_manifest,block_09_ffn_island,fused_ffn_island,FPGA,548510.3781333382,548843.1256533382
32,fixed_manifest,block_09_residual2,residual_add,GPU,549001.8904533383,549020.2376533384
32,fixed_manifest,block_10_norm1,layer_norm,GPU,549020.2376533384,549042.3672533383
32,fixed_manifest,block_10_qkv,linear_qkv,GPU,549042.3672533383,549485.0997333383
32,fixed_manifest,block_10_attention,self_attention,GPU,549485.0997333383,549641.1262933384
32,fixed_manifest,block_10_proj,linear_projection,GPU,549641.1262933384,549793.3704533384
32,fixed_manifest,block_10_residual1,residual_add,GPU,549793.3704533384,549811.7176533384
32,fixed_manifest,block_10_norm2,layer_norm,GPU,549811.7176533384,549833.8472533386
32,fixed_manifest,block_10_ffn_island,fused_ffn_island,FPGA,549992.6120533386,550325.3595733386
33,fixed_manifest,patch_embedding,patch_embedding,GPU,550000.0,550151.50688
33,fixed_manifest,token_embedding,token_and_position_embedding,GPU,550151.50688,550169.8540800001
33,fixed_manifest,block_00_norm1,layer_norm,GPU,550169.8540800001,550191.9836800001
33,fixed_manifest,block_00_qkv,linear_qkv,GPU,550191.9836800001,550634.7161600002
32,fixed_manifest,block_10_residual2,residual_add,GPU,550634.7161600002,550653.0633600001
33,fixed_manifest,block_00_attention,self_attention,GPU,550653.0633600001,550809.0899200002
32,fixed_manifest,block_11_norm1,layer_norm,GPU,550809.0899200002,550831.2195200003
33,fixed_manifest,block_00_proj,linear_projection,GPU,550831.2195200003,550983.4636800003
32,fixed_manifest,block_11_qkv,linear_qkv,GPU,550983.4636800003,551426.1961600003
33,fixed_manifest,block_00_residual1,residual_add,GPU,551426.1961600003,551444.5433600004
32,fixed_manifest,block_11_attention,self_attention,GPU,551444.5433600004,551600.5699200004
33,fixed_manifest,block_00_norm2,layer_norm,GPU,551600.5699200004,551622.6995200004
32,fixed_manifest,block_11_proj,linear_projection,GPU,551622.6995200004,551774.9436800005
32,fixed_manifest,block_11_residual1,residual_add,GPU,551774.9436800005,551793.2908800005
33,fixed_manifest,block_00_ffn_island,fused_ffn_island,FPGA,551781.4643200005,552114.2118400006
32,fixed_manifest,block_11_norm2,layer_norm,GPU,551793.2908800005,551815.4204800006
32,fixed_manifest,block_11_ffn_island,fused_ffn_island,FPGA,552114.2118400006,552446.9593600006
33,fixed_manifest,block_00_residual2,residual_add,GPU,552272.9766400006,552291.3238400007
33,fixed_manifest,block_01_norm1,layer_norm,GPU,552291.3238400007,552313.4534400008
33,fixed_manifest,block_01_qkv,linear_qkv,GPU,552313.4534400008,552756.1859200008
32,fixed_manifest,block_11_residual2,residual_add,GPU,552756.1859200008,552774.5331200009
33,fixed_manifest,block_01_attention,self_attention,GPU,552774.5331200009,552930.5596800009
32,fixed_manifest,final_norm,layer_norm,GPU,552930.5596800009,552952.6892800009
33,fixed_manifest,block_01_proj,linear_projection,GPU,552952.6892800009,553104.9334400009
32,fixed_manifest,class_token_select,class_token_select,GPU,553104.9334400009,553111.971840001
33,fixed_manifest,block_01_residual1,residual_add,GPU,553111.971840001,553130.319040001
32,fixed_manifest,classifier,linear_classifier,GPU,553130.319040001,553138.279040001
33,fixed_manifest,block_01_norm2,layer_norm,GPU,553138.279040001,553160.4086400011
33,fixed_manifest,block_01_ffn_island,fused_ffn_island,FPGA,553319.1734400011,553651.9209600012
33,fixed_manifest,block_01_residual2,residual_add,GPU,553810.6857600013,553829.0329600013
33,fixed_manifest,block_02_norm1,layer_norm,GPU,553829.0329600013,553851.1625600014
33,fixed_manifest,block_02_qkv,linear_qkv,GPU,553851.1625600014,554293.8950400014
33,fixed_manifest,block_02_attention,self_attention,GPU,554293.8950400014,554449.9216000014
33,fixed_manifest,block_02_proj,linear_projection,GPU,554449.9216000014,554602.1657600014
33,fixed_manifest,block_02_residual1,residual_add,GPU,554602.1657600014,554620.5129600015
33,fixed_manifest,block_02_norm2,layer_norm,GPU,554620.5129600015,554642.6425600015
33,fixed_manifest,block_02_ffn_island,fused_ffn_island,FPGA,554801.4073600016,555134.1548800017
33,fixed_manifest,block_02_residual2,residual_add,GPU,555292.9196800017,555311.2668800018
33,fixed_manifest,block_03_norm1,layer_norm,GPU,555311.2668800018,555333.3964800017
33,fixed_manifest,block_03_qkv,linear_qkv,GPU,555333.3964800017,555776.1289600019
33,fixed_manifest,block_03_attention,self_attention,GPU,555776.1289600019,555932.1555200019
33,fixed_manifest,block_03_proj,linear_projection,GPU,555932.1555200019,556084.3996800019
33,fixed_manifest,block_03_residual1,residual_add,GPU,556084.3996800019,556102.746880002
33,fixed_manifest,block_03_norm2,layer_norm,GPU,556102.746880002,556124.876480002
33,fixed_manifest,block_03_ffn_island,fused_ffn_island,FPGA,556283.6412800021,556616.388800002
33,fixed_manifest,block_03_residual2,residual_add,GPU,556775.1536000022,556793.5008000022
33,fixed_manifest,block_04_norm1,layer_norm,GPU,556793.5008000022,556815.6304000022
33,fixed_manifest,block_04_qkv,linear_qkv,GPU,556815.6304000022,557258.3628800024
33,fixed_manifest,block_04_attention,self_attention,GPU,557258.3628800024,557414.3894400023
33,fixed_manifest,block_04_proj,linear_projection,GPU,557414.3894400023,557566.6336000024
33,fixed_manifest,block_04_residual1,residual_add,GPU,557566.6336000024,557584.9808000023
33,fixed_manifest,block_04_norm2,layer_norm,GPU,557584.9808000023,557607.1104000024
33,fixed_manifest,block_04_ffn_island,fused_ffn_island,FPGA,557765.8752000026,558098.6227200025
33,fixed_manifest,block_04_residual2,residual_add,GPU,558257.3875200027,558275.7347200027
33,fixed_manifest,block_05_norm1,layer_norm,GPU,558275.7347200027,558297.8643200027
33,fixed_manifest,block_05_qkv,linear_qkv,GPU,558297.8643200027,558740.5968000027
33,fixed_manifest,block_05_attention,self_attention,GPU,558740.5968000027,558896.6233600028
33,fixed_manifest,block_05_proj,linear_projection,GPU,558896.6233600028,559048.8675200029
33,fixed_manifest,block_05_residual1,residual_add,GPU,559048.8675200029,559067.2147200028
33,fixed_manifest,block_05_norm2,layer_norm,GPU,559067.2147200028,559089.344320003
33,fixed_manifest,block_05_ffn_island,fused_ffn_island,FPGA,559248.109120003,559580.856640003
33,fixed_manifest,block_05_residual2,residual_add,GPU,559739.6214400032,559757.9686400031
33,fixed_manifest,block_06_norm1,layer_norm,GPU,559757.9686400031,559780.0982400032
33,fixed_manifest,block_06_qkv,linear_qkv,GPU,559780.0982400032,560222.8307200032
33,fixed_manifest,block_06_attention,self_attention,GPU,560222.8307200032,560378.8572800033
33,fixed_manifest,block_06_proj,linear_projection,GPU,560378.8572800033,560531.1014400033
33,fixed_manifest,block_06_residual1,residual_add,GPU,560531.1014400033,560549.4486400033
33,fixed_manifest,block_06_norm2,layer_norm,GPU,560549.4486400033,560571.5782400033
33,fixed_manifest,block_06_ffn_island,fused_ffn_island,FPGA,560730.3430400034,561063.0905600034
33,fixed_manifest,block_06_residual2,residual_add,GPU,561221.8553600035,561240.2025600036
33,fixed_manifest,block_07_norm1,layer_norm,GPU,561240.2025600036,561262.3321600036
33,fixed_manifest,block_07_qkv,linear_qkv,GPU,561262.3321600036,561705.0646400037
33,fixed_manifest,block_07_attention,self_attention,GPU,561705.0646400037,561861.0912000037
33,fixed_manifest,block_07_proj,linear_projection,GPU,561861.0912000037,562013.3353600038
33,fixed_manifest,block_07_residual1,residual_add,GPU,562013.3353600038,562031.6825600038
33,fixed_manifest,block_07_norm2,layer_norm,GPU,562031.6825600038,562053.8121600038
33,fixed_manifest,block_07_ffn_island,fused_ffn_island,FPGA,562212.5769600039,562545.3244800039
33,fixed_manifest,block_07_residual2,residual_add,GPU,562704.089280004,562722.4364800041
33,fixed_manifest,block_08_norm1,layer_norm,GPU,562722.4364800041,562744.5660800041
33,fixed_manifest,block_08_qkv,linear_qkv,GPU,562744.5660800041,563187.2985600041
33,fixed_manifest,block_08_attention,self_attention,GPU,563187.2985600041,563343.3251200041
33,fixed_manifest,block_08_proj,linear_projection,GPU,563343.3251200041,563495.5692800042
33,fixed_manifest,block_08_residual1,residual_add,GPU,563495.5692800042,563513.9164800042
33,fixed_manifest,block_08_norm2,layer_norm,GPU,563513.9164800042,563536.0460800043
33,fixed_manifest,block_08_ffn_island,fused_ffn_island,FPGA,563694.8108800044,564027.5584000044
33,fixed_manifest,block_08_residual2,residual_add,GPU,564186.3232000045,564204.6704000046
33,fixed_manifest,block_09_norm1,layer_norm,GPU,564204.6704000046,564226.8000000046
33,fixed_manifest,block_09_qkv,linear_qkv,GPU,564226.8000000046,564669.5324800046
33,fixed_manifest,block_09_attention,self_attention,GPU,564669.5324800046,564825.5590400046
33,fixed_manifest,block_09_proj,linear_projection,GPU,564825.5590400046,564977.8032000046
33,fixed_manifest,block_09_residual1,residual_add,GPU,564977.8032000046,564996.1504000047
33,fixed_manifest,block_09_norm2,layer_norm,GPU,564996.1504000047,565018.2800000048
33,fixed_manifest,block_09_ffn_island,fused_ffn_island,FPGA,565177.0448000048,565509.7923200049
33,fixed_manifest,block_09_residual2,residual_add,GPU,565668.557120005,565686.904320005
33,fixed_manifest,block_10_norm1,layer_norm,GPU,565686.904320005,565709.0339200051
33,fixed_manifest,block_10_qkv,linear_qkv,GPU,565709.0339200051,566151.7664000051
33,fixed_manifest,block_10_attention,self_attention,GPU,566151.7664000051,566307.7929600051
33,fixed_manifest,block_10_proj,linear_projection,GPU,566307.7929600051,566460.0371200051
33,fixed_manifest,block_10_residual1,residual_add,GPU,566460.0371200051,566478.3843200052
33,fixed_manifest,block_10_norm2,layer_norm,GPU,566478.3843200052,566500.5139200052
33,fixed_manifest,block_10_ffn_island,fused_ffn_island,FPGA,566659.2787200053,566992.0262400053
34,fixed_manifest,patch_embedding,patch_embedding,GPU,566666.6666666667,566818.1735466667
34,fixed_manifest,token_embedding,token_and_position_embedding,GPU,566818.1735466667,566836.5207466668
34,fixed_manifest,block_00_norm1,layer_norm,GPU,566836.5207466668,566858.6503466668
34,fixed_manifest,block_00_qkv,linear_qkv,GPU,566858.6503466668,567301.3828266668
33,fixed_manifest,block_10_residual2,residual_add,GPU,567301.3828266668,567319.7300266669
34,fixed_manifest,block_00_attention,self_attention,GPU,567319.7300266669,567475.7565866669
33,fixed_manifest,block_11_norm1,layer_norm,GPU,567475.7565866669,567497.886186667
34,fixed_manifest,block_00_proj,linear_projection,GPU,567497.886186667,567650.130346667
33,fixed_manifest,block_11_qkv,linear_qkv,GPU,567650.130346667,568092.862826667
34,fixed_manifest,block_00_residual1,residual_add,GPU,568092.862826667,568111.2100266671
33,fixed_manifest,block_11_attention,self_attention,GPU,568111.2100266671,568267.2365866671
34,fixed_manifest,block_00_norm2,layer_norm,GPU,568267.2365866671,568289.3661866671
33,fixed_manifest,block_11_proj,linear_projection,GPU,568289.3661866671,568441.6103466672
33,fixed_manifest,block_11_residual1,residual_add,GPU,568441.6103466672,568459.9575466672
34,fixed_manifest,block_00_ffn_island,fused_ffn_island,FPGA,568448.1309866672,568780.8785066672
33,fixed_manifest,block_11_norm2,layer_norm,GPU,568459.9575466672,568482.0871466673
33,fixed_manifest,block_11_ffn_island,fused_ffn_island,FPGA,568780.8785066672,569113.6260266673
34,fixed_manifest,block_00_residual2,residual_add,GPU,568939.6433066673,568957.9905066674
34,fixed_manifest,block_01_norm1,layer_norm,GPU,568957.9905066674,568980.1201066674
34,fixed_manifest,block_01_qkv,linear_qkv,GPU,568980.1201066674,569422.8525866675
33,fixed_manifest,block_11_residual2,residual_add,GPU,569422.8525866675,569441.1997866675
34,fixed_manifest,block_01_attention,self_attention,GPU,569441.1997866675,569597.2263466675
33,fixed_manifest,final_norm,layer_norm,GPU,569597.2263466675,569619.3559466676
34,fixed_manifest,block_01_proj,linear_projection,GPU,569619.3559466676,569771.6001066676
33,fixed_manifest,class_token_select,class_token_select,GPU,569771.6001066676,569778.6385066677
34,fixed_manifest,block_01_residual1,residual_add,GPU,569778.6385066677,569796.9857066676
33,fixed_manifest,classifier,linear_classifier,GPU,569796.9857066676,569804.9457066677
34,fixed_manifest,block_01_norm2,layer_norm,GPU,569804.9457066677,569827.0753066677
34,fixed_manifest,block_01_ffn_island,fused_ffn_island,FPGA,569985.8401066678,570318.5876266679
34,fixed_manifest,block_01_residual2,residual_add,GPU,570477.3524266679,570495.699626668
34,fixed_manifest,block_02_norm1,layer_norm,GPU,570495.699626668,570517.829226668
34,fixed_manifest,block_02_qkv,linear_qkv,GPU,570517.829226668,570960.5617066681
34,fixed_manifest,block_02_attention,self_attention,GPU,570960.5617066681,571116.5882666681
34,fixed_manifest,block_02_proj,linear_projection,GPU,571116.5882666681,571268.8324266681
34,fixed_manifest,block_02_residual1,residual_add,GPU,571268.8324266681,571287.1796266682
34,fixed_manifest,block_02_norm2,layer_norm,GPU,571287.1796266682,571309.3092266682
34,fixed_manifest,block_02_ffn_island,fused_ffn_island,FPGA,571468.0740266683,571800.8215466683
34,fixed_manifest,block_02_residual2,residual_add,GPU,571959.5863466684,571977.9335466685
34,fixed_manifest,block_03_norm1,layer_norm,GPU,571977.9335466685,572000.0631466685
34,fixed_manifest,block_03_qkv,linear_qkv,GPU,572000.0631466685,572442.7956266686
34,fixed_manifest,block_03_attention,self_attention,GPU,572442.7956266686,572598.8221866685
34,fixed_manifest,block_03_proj,linear_projection,GPU,572598.8221866685,572751.0663466686
34,fixed_manifest,block_03_residual1,residual_add,GPU,572751.0663466686,572769.4135466687
34,fixed_manifest,block_03_norm2,layer_norm,GPU,572769.4135466687,572791.5431466687
34,fixed_manifest,block_03_ffn_island,fused_ffn_island,FPGA,572950.3079466688,573283.0554666688
34,fixed_manifest,block_03_residual2,residual_add,GPU,573441.8202666689,573460.167466669
34,fixed_manifest,block_04_norm1,layer_norm,GPU,573460.167466669,573482.297066669
34,fixed_manifest,block_04_qkv,linear_qkv,GPU,573482.297066669,573925.029546669
34,fixed_manifest,block_04_attention,self_attention,GPU,573925.029546669,574081.056106669
34,fixed_manifest,block_04_proj,linear_projection,GPU,574081.056106669,574233.3002666691
34,fixed_manifest,block_04_residual1,residual_add,GPU,574233.3002666691,574251.6474666691
34,fixed_manifest,block_04_norm2,layer_norm,GPU,574251.6474666691,574273.7770666692
34,fixed_manifest,block_04_ffn_island,fused_ffn_island,FPGA,574432.5418666692,574765.2893866693
34,fixed_manifest,block_04_residual2,residual_add,GPU,574924.0541866694,574942.4013866694
34,fixed_manifest,block_05_norm1,layer_norm,GPU,574942.4013866694,574964.5309866695
34,fixed_manifest,block_05_qkv,linear_qkv,GPU,574964.5309866695,575407.2634666695
34,fixed_manifest,block_05_attention,self_attention,GPU,575407.2634666695,575563.2900266695
34,fixed_manifest,block_05_proj,linear_projection,GPU,575563.2900266695,575715.5341866695
34,fixed_manifest,block_05_residual1,residual_add,GPU,575715.5341866695,575733.8813866696
34,fixed_manifest,block_05_norm2,layer_norm,GPU,575733.8813866696,575756.0109866696
34,fixed_manifest,block_05_ffn_island,fused_ffn_island,FPGA,575914.7757866697,576247.5233066698
34,fixed_manifest,block_05_residual2,residual_add,GPU,576406.2881066698,576424.6353066699
34,fixed_manifest,block_06_norm1,layer_norm,GPU,576424.6353066699,576446.7649066699
34,fixed_manifest,block_06_qkv,linear_qkv,GPU,576446.7649066699,576889.49738667
34,fixed_manifest,block_06_attention,self_attention,GPU,576889.49738667,577045.52394667
34,fixed_manifest,block_06_proj,linear_projection,GPU,577045.52394667,577197.76810667
34,fixed_manifest,block_06_residual1,residual_add,GPU,577197.76810667,577216.1153066701
34,fixed_manifest,block_06_norm2,layer_norm,GPU,577216.1153066701,577238.2449066701
34,fixed_manifest,block_06_ffn_island,fused_ffn_island,FPGA,577397.0097066702,577729.7572266702
34,fixed_manifest,block_06_residual2,residual_add,GPU,577888.5220266703,577906.8692266704
34,fixed_manifest,block_07_norm1,layer_norm,GPU,577906.8692266704,577928.9988266703
34,fixed_manifest,block_07_qkv,linear_qkv,GPU,577928.9988266703,578371.7313066705
34,fixed_manifest,block_07_attention,self_attention,GPU,578371.7313066705,578527.7578666704
34,fixed_manifest,block_07_proj,linear_projection,GPU,578527.7578666704,578680.0020266705
34,fixed_manifest,block_07_residual1,residual_add,GPU,578680.0020266705,578698.3492266706
34,fixed_manifest,block_07_norm2,layer_norm,GPU,578698.3492266706,578720.4788266706
34,fixed_manifest,block_07_ffn_island,fused_ffn_island,FPGA,578879.2436266707,579211.9911466707
34,fixed_manifest,block_07_residual2,residual_add,GPU,579370.7559466708,579389.1031466709
34,fixed_manifest,block_08_norm1,layer_norm,GPU,579389.1031466709,579411.2327466708
34,fixed_manifest,block_08_qkv,linear_qkv,GPU,579411.2327466708,579853.9652266708
34,fixed_manifest,block_08_attention,self_attention,GPU,579853.9652266708,580009.9917866709
34,fixed_manifest,block_08_proj,linear_projection,GPU,580009.9917866709,580162.235946671
34,fixed_manifest,block_08_residual1,residual_add,GPU,580162.235946671,580180.583146671
34,fixed_manifest,block_08_norm2,layer_norm,GPU,580180.583146671,580202.712746671
34,fixed_manifest,block_08_ffn_island,fused_ffn_island,FPGA,580361.477546671,580694.2250666711
34,fixed_manifest,block_08_residual2,residual_add,GPU,580852.9898666713,580871.3370666712
34,fixed_manifest,block_09_norm1,layer_norm,GPU,580871.3370666712,580893.4666666713
34,fixed_manifest,block_09_qkv,linear_qkv,GPU,580893.4666666713,581336.1991466713
34,fixed_manifest,block_09_attention,self_attention,GPU,581336.1991466713,581492.2257066714
34,fixed_manifest,block_09_proj,linear_projection,GPU,581492.2257066714,581644.4698666714
34,fixed_manifest,block_09_residual1,residual_add,GPU,581644.4698666714,581662.8170666714
34,fixed_manifest,block_09_norm2,layer_norm,GPU,581662.8170666714,581684.9466666714
34,fixed_manifest,block_09_ffn_island,fused_ffn_island,FPGA,581843.7114666715,582176.4589866716
34,fixed_manifest,block_09_residual2,residual_add,GPU,582335.2237866716,582353.5709866717
34,fixed_manifest,block_10_norm1,layer_norm,GPU,582353.5709866717,582375.7005866717
34,fixed_manifest,block_10_qkv,linear_qkv,GPU,582375.7005866717,582818.4330666718
34,fixed_manifest,block_10_attention,self_attention,GPU,582818.4330666718,582974.4596266719
34,fixed_manifest,block_10_proj,linear_projection,GPU,582974.4596266719,583126.7037866719
34,fixed_manifest,block_10_residual1,residual_add,GPU,583126.7037866719,583145.0509866719
34,fixed_manifest,block_10_norm2,layer_norm,GPU,583145.0509866719,583167.1805866719
34,fixed_manifest,block_10_ffn_island,fused_ffn_island,FPGA,583325.945386672,583658.692906672
35,fixed_manifest,patch_embedding,patch_embedding,GPU,583333.3333333334,583484.8402133334
35,fixed_manifest,token_embedding,token_and_position_embedding,GPU,583484.8402133334,583503.1874133334
35,fixed_manifest,block_00_norm1,layer_norm,GPU,583503.1874133334,583525.3170133334
35,fixed_manifest,block_00_qkv,linear_qkv,GPU,583525.3170133334,583968.0494933334
34,fixed_manifest,block_10_residual2,residual_add,GPU,583968.0494933334,583986.3966933335
35,fixed_manifest,block_00_attention,self_attention,GPU,583986.3966933335,584142.4232533335
34,fixed_manifest,block_11_norm1,layer_norm,GPU,584142.4232533335,584164.5528533335
35,fixed_manifest,block_00_proj,linear_projection,GPU,584164.5528533335,584316.7970133336
34,fixed_manifest,block_11_qkv,linear_qkv,GPU,584316.7970133336,584759.5294933337
35,fixed_manifest,block_00_residual1,residual_add,GPU,584759.5294933337,584777.8766933337
34,fixed_manifest,block_11_attention,self_attention,GPU,584777.8766933337,584933.9032533338
35,fixed_manifest,block_00_norm2,layer_norm,GPU,584933.9032533338,584956.0328533337
34,fixed_manifest,block_11_proj,linear_projection,GPU,584956.0328533337,585108.2770133337
34,fixed_manifest,block_11_residual1,residual_add,GPU,585108.2770133337,585126.6242133338
35,fixed_manifest,block_00_ffn_island,fused_ffn_island,FPGA,585114.7976533339,585447.5451733338
34,fixed_manifest,block_11_norm2,layer_norm,GPU,585126.6242133338,585148.7538133338
34,fixed_manifest,block_11_ffn_island,fused_ffn_island,FPGA,585447.5451733338,585780.2926933338
35,fixed_manifest,block_00_residual2,residual_add,GPU,585606.309973334,585624.657173334
35,fixed_manifest,block_01_norm1,layer_norm,GPU,585624.657173334,585646.786773334
35,fixed_manifest,block_01_qkv,linear_qkv,GPU,585646.786773334,586089.519253334
34,fixed_manifest,block_11_residual2,residual_add,GPU,586089.519253334,586107.8664533341
35,fixed_manifest,block_01_attention,self_attention,GPU,586107.8664533341,586263.8930133341
34,fixed_manifest,final_norm,layer_norm,GPU,586263.8930133341,586286.0226133342
35,fixed_manifest,block_01_proj,linear_projection,GPU,586286.0226133342,586438.2667733342
34,fixed_manifest,class_token_select,class_token_select,GPU,586438.2667733342,586445.3051733343
35,fixed_manifest,block_01_residual1,residual_add,GPU,586445.3051733343,586463.6523733343
34,fixed_manifest,classifier,linear_classifier,GPU,586463.6523733343,586471.6123733344
35,fixed_manifest,block_01_norm2,layer_norm,GPU,586471.6123733344,586493.7419733343
35,fixed_manifest,block_01_ffn_island,fused_ffn_island,FPGA,586652.5067733345,586985.2542933344
35,fixed_manifest,block_01_residual2,residual_add,GPU,587144.0190933346,587162.3662933346
35,fixed_manifest,block_02_norm1,layer_norm,GPU,587162.3662933346,587184.4958933346
35,fixed_manifest,block_02_qkv,linear_qkv,GPU,587184.4958933346,587627.2283733347
35,fixed_manifest,block_02_attention,self_attention,GPU,587627.2283733347,587783.2549333348
35,fixed_manifest,block_02_proj,linear_projection,GPU,587783.2549333348,587935.4990933348
35,fixed_manifest,block_02_residual1,residual_add,GPU,587935.4990933348,587953.8462933348
35,fixed_manifest,block_02_norm2,layer_norm,GPU,587953.8462933348,587975.9758933348
35,fixed_manifest,block_02_ffn_island,fused_ffn_island,FPGA,588134.740693335,588467.4882133349
35,fixed_manifest,block_02_residual2,residual_add,GPU,588626.253013335,588644.6002133351
35,fixed_manifest,block_03_norm1,layer_norm,GPU,588644.6002133351,588666.7298133351
35,fixed_manifest,block_03_qkv,linear_qkv,GPU,588666.7298133351,589109.4622933351
35,fixed_manifest,block_03_attention,self_attention,GPU,589109.4622933351,589265.4888533351
35,fixed_manifest,block_03_proj,linear_projection,GPU,589265.4888533351,589417.7330133353
35,fixed_manifest,block_03_residual1,residual_add,GPU,589417.7330133353,589436.0802133352
35,fixed_manifest,block_03_norm2,layer_norm,GPU,589436.0802133352,589458.2098133353
35,fixed_manifest,block_03_ffn_island,fused_ffn_island,FPGA,589616.9746133354,589949.7221333354
35,fixed_manifest,block_03_residual2,residual_add,GPU,590108.4869333355,590126.8341333355
35,fixed_manifest,block_04_norm1,layer_norm,GPU,590126.8341333355,590148.9637333356
35,fixed_manifest,block_04_qkv,linear_qkv,GPU,590148.9637333356,590591.6962133356
35,fixed_manifest,block_04_attention,self_attention,GPU,590591.6962133356,590747.7227733356
35,fixed_manifest,block_04_proj,linear_projection,GPU,590747.7227733356,590899.9669333356
35,fixed_manifest,block_04_residual1,residual_add,GPU,590899.9669333356,590918.3141333357
35,fixed_manifest,block_04_norm2,layer_norm,GPU,590918.3141333357,590940.4437333357
35,fixed_manifest,block_04_ffn_island,fused_ffn_island,FPGA,591099.2085333358,591431.9560533359
35,fixed_manifest,block_04_residual2,residual_add,GPU,591590.7208533359,591609.068053336
35,fixed_manifest,block_05_norm1,layer_norm,GPU,591609.068053336,591631.1976533361
35,fixed_manifest,block_05_qkv,linear_qkv,GPU,591631.1976533361,592073.9301333361
35,fixed_manifest,block_05_attention,self_attention,GPU,592073.9301333361,592229.9566933361
35,fixed_manifest,block_05_proj,linear_projection,GPU,592229.9566933361,592382.2008533361
35,fixed_manifest,block_05_residual1,residual_add,GPU,592382.2008533361,592400.5480533362
35,fixed_manifest,block_05_norm2,layer_norm,GPU,592400.5480533362,592422.6776533362
35,fixed_manifest,block_05_ffn_island,fused_ffn_island,FPGA,592581.4424533363,592914.1899733363
35,fixed_manifest,block_05_residual2,residual_add,GPU,593072.9547733364,593091.3019733365
35,fixed_manifest,block_06_norm1,layer_norm,GPU,593091.3019733365,593113.4315733365
35,fixed_manifest,block_06_qkv,linear_qkv,GPU,593113.4315733365,593556.1640533366
35,fixed_manifest,block_06_attention,self_attention,GPU,593556.1640533366,593712.1906133366
35,fixed_manifest,block_06_proj,linear_projection,GPU,593712.1906133366,593864.4347733366
35,fixed_manifest,block_06_residual1,residual_add,GPU,593864.4347733366,593882.7819733367
35,fixed_manifest,block_06_norm2,layer_norm,GPU,593882.7819733367,593904.9115733367
35,fixed_manifest,block_06_ffn_island,fused_ffn_island,FPGA,594063.6763733368,594396.4238933368
35,fixed_manifest,block_06_residual2,residual_add,GPU,594555.1886933369,594573.535893337
35,fixed_manifest,block_07_norm1,layer_norm,GPU,594573.535893337,594595.665493337
35,fixed_manifest,block_07_qkv,linear_qkv,GPU,594595.665493337,595038.397973337
35,fixed_manifest,block_07_attention,self_attention,GPU,595038.397973337,595194.424533337
35,fixed_manifest,block_07_proj,linear_projection,GPU,595194.424533337,595346.6686933371
35,fixed_manifest,block_07_residual1,residual_add,GPU,595346.6686933371,595365.0158933371
35,fixed_manifest,block_07_norm2,layer_norm,GPU,595365.0158933371,595387.1454933372
35,fixed_manifest,block_07_ffn_island,fused_ffn_island,FPGA,595545.9102933373,595878.6578133373
35,fixed_manifest,block_07_residual2,residual_add,GPU,596037.4226133374,596055.7698133374
35,fixed_manifest,block_08_norm1,layer_norm,GPU,596055.7698133374,596077.8994133375
35,fixed_manifest,block_08_qkv,linear_qkv,GPU,596077.8994133375,596520.6318933375
35,fixed_manifest,block_08_attention,self_attention,GPU,596520.6318933375,596676.6584533375
35,fixed_manifest,block_08_proj,linear_projection,GPU,596676.6584533375,596828.9026133375
35,fixed_manifest,block_08_residual1,residual_add,GPU,596828.9026133375,596847.2498133376
35,fixed_manifest,block_08_norm2,layer_norm,GPU,596847.2498133376,596869.3794133376
35,fixed_manifest,block_08_ffn_island,fused_ffn_island,FPGA,597028.1442133377,597360.8917333378
35,fixed_manifest,block_08_residual2,residual_add,GPU,597519.6565333378,597538.0037333379
35,fixed_manifest,block_09_norm1,layer_norm,GPU,597538.0037333379,597560.133333338
35,fixed_manifest,block_09_qkv,linear_qkv,GPU,597560.133333338,598002.865813338
35,fixed_manifest,block_09_attention,self_attention,GPU,598002.865813338,598158.892373338
35,fixed_manifest,block_09_proj,linear_projection,GPU,598158.892373338,598311.136533338
35,fixed_manifest,block_09_residual1,residual_add,GPU,598311.136533338,598329.4837333381
35,fixed_manifest,block_09_norm2,layer_norm,GPU,598329.4837333381,598351.613333338
35,fixed_manifest,block_09_ffn_island,fused_ffn_island,FPGA,598510.3781333382,598843.1256533382
35,fixed_manifest,block_09_residual2,residual_add,GPU,599001.8904533383,599020.2376533384
35,fixed_manifest,block_10_norm1,layer_norm,GPU,599020.2376533384,599042.3672533383
35,fixed_manifest,block_10_qkv,linear_qkv,GPU,599042.3672533383,599485.0997333385
35,fixed_manifest,block_10_attention,self_attention,GPU,599485.0997333385,599641.1262933385
35,fixed_manifest,block_10_proj,linear_projection,GPU,599641.1262933385,599793.3704533385
35,fixed_manifest,block_10_residual1,residual_add,GPU,599793.3704533385,599811.7176533386
35,fixed_manifest,block_10_norm2,layer_norm,GPU,599811.7176533386,599833.8472533386
35,fixed_manifest,block_10_ffn_island,fused_ffn_island,FPGA,599992.6120533387,600325.3595733386
36,fixed_manifest,patch_embedding,patch_embedding,GPU,600000.0,600151.50688
36,fixed_manifest,token_embedding,token_and_position_embedding,GPU,600151.50688,600169.85408
36,fixed_manifest,block_00_norm1,layer_norm,GPU,600169.85408,600191.9836800001
36,fixed_manifest,block_00_qkv,linear_qkv,GPU,600191.9836800001,600634.7161600001
35,fixed_manifest,block_10_residual2,residual_add,GPU,600634.7161600001,600653.0633600001
36,fixed_manifest,block_00_attention,self_attention,GPU,600653.0633600001,600809.0899200002
35,fixed_manifest,block_11_norm1,layer_norm,GPU,600809.0899200002,600831.2195200002
36,fixed_manifest,block_00_proj,linear_projection,GPU,600831.2195200002,600983.4636800002
35,fixed_manifest,block_11_qkv,linear_qkv,GPU,600983.4636800002,601426.1961600003
36,fixed_manifest,block_00_residual1,residual_add,GPU,601426.1961600003,601444.5433600004
35,fixed_manifest,block_11_attention,self_attention,GPU,601444.5433600004,601600.5699200003
36,fixed_manifest,block_00_norm2,layer_norm,GPU,601600.5699200003,601622.6995200004
35,fixed_manifest,block_11_proj,linear_projection,GPU,601622.6995200004,601774.9436800004
35,fixed_manifest,block_11_residual1,residual_add,GPU,601774.9436800004,601793.2908800005
36,fixed_manifest,block_00_ffn_island,fused_ffn_island,FPGA,601781.4643200005,602114.2118400005
35,fixed_manifest,block_11_norm2,layer_norm,GPU,601793.2908800005,601815.4204800004
35,fixed_manifest,block_11_ffn_island,fused_ffn_island,FPGA,602114.2118400005,602446.9593600004
36,fixed_manifest,block_00_residual2,residual_add,GPU,602272.9766400006,602291.3238400007
36,fixed_manifest,block_01_norm1,layer_norm,GPU,602291.3238400007,602313.4534400007
36,fixed_manifest,block_01_qkv,linear_qkv,GPU,602313.4534400007,602756.1859200007
35,fixed_manifest,block_11_residual2,residual_add,GPU,602756.1859200007,602774.5331200007
36,fixed_manifest,block_01_attention,self_attention,GPU,602774.5331200007,602930.5596800008
35,fixed_manifest,final_norm,layer_norm,GPU,602930.5596800008,602952.6892800007
36,fixed_manifest,block_01_proj,linear_projection,GPU,602952.6892800007,603104.9334400009
35,fixed_manifest,class_token_select,class_token_select,GPU,603104.9334400009,603111.9718400008
36,fixed_manifest,block_01_residual1,residual_add,GPU,603111.9718400008,603130.3190400009
35,fixed_manifest,classifier,linear_classifier,GPU,603130.3190400009,603138.279040001
36,fixed_manifest,block_01_norm2,layer_norm,GPU,603138.279040001,603160.408640001
36,fixed_manifest,block_01_ffn_island,fused_ffn_island,FPGA,603319.1734400011,603651.9209600011
36,fixed_manifest,block_01_residual2,residual_add,GPU,603810.6857600012,603829.0329600013
36,fixed_manifest,block_02_norm1,layer_norm,GPU,603829.0329600013,603851.1625600012
36,fixed_manifest,block_02_qkv,linear_qkv,GPU,603851.1625600012,604293.8950400013
36,fixed_manifest,block_02_attention,self_attention,GPU,604293.8950400013,604449.9216000013
36,fixed_manifest,block_02_proj,linear_projection,GPU,604449.9216000013,604602.1657600014
36,fixed_manifest,block_02_residual1,residual_add,GPU,604602.1657600014,604620.5129600014
36,fixed_manifest,block_02_norm2,layer_norm,GPU,604620.5129600014,604642.6425600015
36,fixed_manifest,block_02_ffn_island,fused_ffn_island,FPGA,604801.4073600016,605134.1548800016
36,fixed_manifest,block_02_residual2,residual_add,GPU,605292.9196800017,605311.2668800016
36,fixed_manifest,block_03_norm1,layer_norm,GPU,605311.2668800016,605333.3964800017
36,fixed_manifest,block_03_qkv,linear_qkv,GPU,605333.3964800017,605776.1289600017
36,fixed_manifest,block_03_attention,self_attention,GPU,605776.1289600017,605932.1555200018
36,fixed_manifest,block_03_proj,linear_projection,GPU,605932.1555200018,606084.3996800018
36,fixed_manifest,block_03_residual1,residual_add,GPU,606084.3996800018,606102.7468800019
36,fixed_manifest,block_03_norm2,layer_norm,GPU,606102.7468800019,606124.876480002
36,fixed_manifest,block_03_ffn_island,fused_ffn_island,FPGA,606283.641280002,606616.388800002
36,fixed_manifest,block_03_residual2,residual_add,GPU,606775.153600002,606793.5008000021
36,fixed_manifest,block_04_norm1,layer_norm,GPU,606793.5008000021,606815.6304000022
36,fixed_manifest,block_04_qkv,linear_qkv,GPU,606815.6304000022,607258.3628800022
36,fixed_manifest,block_04_attention,self_attention,GPU,607258.3628800022,607414.3894400023
36,fixed_manifest,block_04_proj,linear_projection,GPU,607414.3894400023,607566.6336000023
36,fixed_manifest,block_04_residual1,residual_add,GPU,607566.6336000023,607584.9808000023
36,fixed_manifest,block_04_norm2,layer_norm,GPU,607584.9808000023,607607.1104000023
36,fixed_manifest,block_04_ffn_island,fused_ffn_island,FPGA,607765.8752000025,608098.6227200024
36,fixed_manifest,block_04_residual2,residual_add,GPU,608257.3875200026,608275.7347200026
36,fixed_manifest,block_05_norm1,layer_norm,GPU,608275.7347200026,608297.8643200026
36,fixed_manifest,block_05_qkv,linear_qkv,GPU,608297.8643200026,608740.5968000027
36,fixed_manifest,block_05_attention,self_attention,GPU,608740.5968000027,608896.6233600028
36,fixed_manifest,block_05_proj,linear_projection,GPU,608896.6233600028,609048.8675200028
36,fixed_manifest,block_05_residual1,residual_add,GPU,609048.8675200028,609067.2147200028
36,fixed_manifest,block_05_norm2,layer_norm,GPU,609067.2147200028,609089.3443200028
36,fixed_manifest,block_05_ffn_island,fused_ffn_island,FPGA,609248.109120003,609580.8566400029
36,fixed_manifest,block_05_residual2,residual_add,GPU,609739.621440003,609757.9686400031
36,fixed_manifest,block_06_norm1,layer_norm,GPU,609757.9686400031,609780.0982400031
36,fixed_manifest,block_06_qkv,linear_qkv,GPU,609780.0982400031,610222.8307200031
36,fixed_manifest,block_06_attention,self_attention,GPU,610222.8307200031,610378.8572800031
36,fixed_manifest,block_06_proj,linear_projection,GPU,610378.8572800031,610531.1014400033
36,fixed_manifest,block_06_residual1,residual_add,GPU,610531.1014400033,610549.4486400032
36,fixed_manifest,block_06_norm2,layer_norm,GPU,610549.4486400032,610571.5782400033
36,fixed_manifest,block_06_ffn_island,fused_ffn_island,FPGA,610730.3430400034,611063.0905600034
36,fixed_manifest,block_06_residual2,residual_add,GPU,611221.8553600035,611240.2025600035
36,fixed_manifest,block_07_norm1,layer_norm,GPU,611240.2025600035,611262.3321600036
36,fixed_manifest,block_07_qkv,linear_qkv,GPU,611262.3321600036,611705.0646400036
36,fixed_manifest,block_07_attention,self_attention,GPU,611705.0646400036,611861.0912000036
36,fixed_manifest,block_07_proj,linear_projection,GPU,611861.0912000036,612013.3353600036
36,fixed_manifest,block_07_residual1,residual_add,GPU,612013.3353600036,612031.6825600037
36,fixed_manifest,block_07_norm2,layer_norm,GPU,612031.6825600037,612053.8121600038
36,fixed_manifest,block_07_ffn_island,fused_ffn_island,FPGA,612212.5769600038,612545.3244800039
36,fixed_manifest,block_07_residual2,residual_add,GPU,612704.0892800039,612722.436480004
36,fixed_manifest,block_08_norm1,layer_norm,GPU,612722.436480004,612744.5660800041
36,fixed_manifest,block_08_qkv,linear_qkv,GPU,612744.5660800041,613187.2985600041
36,fixed_manifest,block_08_attention,self_attention,GPU,613187.2985600041,613343.3251200041
36,fixed_manifest,block_08_proj,linear_projection,GPU,613343.3251200041,613495.5692800041
36,fixed_manifest,block_08_residual1,residual_add,GPU,613495.5692800041,613513.9164800042
36,fixed_manifest,block_08_norm2,layer_norm,GPU,613513.9164800042,613536.0460800042
36,fixed_manifest,block_08_ffn_island,fused_ffn_island,FPGA,613694.8108800043,614027.5584000043
36,fixed_manifest,block_08_residual2,residual_add,GPU,614186.3232000044,614204.6704000045
36,fixed_manifest,block_09_norm1,layer_norm,GPU,614204.6704000045,614226.8000000045
36,fixed_manifest,block_09_qkv,linear_qkv,GPU,614226.8000000045,614669.5324800046
36,fixed_manifest,block_09_attention,self_attention,GPU,614669.5324800046,614825.5590400046
36,fixed_manifest,block_09_proj,linear_projection,GPU,614825.5590400046,614977.8032000046
36,fixed_manifest,block_09_residual1,residual_add,GPU,614977.8032000046,614996.1504000047
36,fixed_manifest,block_09_norm2,layer_norm,GPU,614996.1504000047,615018.2800000047
36,fixed_manifest,block_09_ffn_island,fused_ffn_island,FPGA,615177.0448000048,615509.7923200048
36,fixed_manifest,block_09_residual2,residual_add,GPU,615668.5571200049,615686.904320005
36,fixed_manifest,block_10_norm1,layer_norm,GPU,615686.904320005,615709.033920005
36,fixed_manifest,block_10_qkv,linear_qkv,GPU,615709.033920005,616151.766400005
36,fixed_manifest,block_10_attention,self_attention,GPU,616151.766400005,616307.792960005
36,fixed_manifest,block_10_proj,linear_projection,GPU,616307.792960005,616460.0371200051
36,fixed_manifest,block_10_residual1,residual_add,GPU,616460.0371200051,616478.3843200051
36,fixed_manifest,block_10_norm2,layer_norm,GPU,616478.3843200051,616500.5139200052
36,fixed_manifest,block_10_ffn_island,fused_ffn_island,FPGA,616659.2787200053,616992.0262400053
37,fixed_manifest,patch_embedding,patch_embedding,GPU,616666.6666666667,616818.1735466666
37,fixed_manifest,token_embedding,token_and_position_embedding,GPU,616818.1735466666,616836.5207466667
37,fixed_manifest,block_00_norm1,layer_norm,GPU,616836.5207466667,616858.6503466668
37,fixed_manifest,block_00_qkv,linear_qkv,GPU,616858.6503466668,617301.3828266668
36,fixed_manifest,block_10_residual2,residual_add,GPU,617301.3828266668,617319.7300266669
37,fixed_manifest,block_00_attention,self_attention,GPU,617319.7300266669,617475.7565866669
36,fixed_manifest,block_11_norm1,layer_norm,GPU,617475.7565866669,617497.8861866669
37,fixed_manifest,block_00_proj,linear_projection,GPU,617497.8861866669,617650.1303466669
36,fixed_manifest,block_11_qkv,linear_qkv,GPU,617650.1303466669,618092.862826667
37,fixed_manifest,block_00_residual1,residual_add,GPU,618092.862826667,618111.210026667
36,fixed_manifest,block_11_attention,self_attention,GPU,618111.210026667,618267.236586667
37,fixed_manifest,block_00_norm2,layer_norm,GPU,618267.236586667,618289.3661866671
36,fixed_manifest,block_11_proj,linear_projection,GPU,618289.3661866671,618441.6103466671
36,fixed_manifest,block_11_residual1,residual_add,GPU,618441.6103466671,618459.9575466672
37,fixed_manifest,block_00_ffn_island,fused_ffn_island,FPGA,618448.1309866671,618780.8785066672
36,fixed_manifest,block_11_norm2,layer_norm,GPU,618459.9575466672,618482.0871466672
36,fixed_manifest,block_11_ffn_island,fused_ffn_island,FPGA,618780.8785066672,619113.6260266672
37,fixed_manifest,block_00_residual2,residual_add,GPU,618939.6433066673,618957.9905066673
37,fixed_manifest,block_01_norm1,layer_norm,GPU,618957.9905066673,618980.1201066674
37,fixed_manifest,block_01_qkv,linear_qkv,GPU,618980.1201066674,619422.8525866674
36,fixed_manifest,block_11_residual2,residual_add,GPU,619422.8525866674,619441.1997866675
37,fixed_manifest,block_01_attention,self_attention,GPU,619441.1997866675,619597.2263466675
36,fixed_manifest,final_norm,layer_norm,GPU,619597.2263466675,619619.3559466675
37,fixed_manifest,block_01_proj,linear_projection,GPU,619619.3559466675,619771.6001066675
36,fixed_manifest,class_token_select,class_token_select,GPU,619771.6001066675,619778.6385066676
37,fixed_manifest,block_01_residual1,residual_add,GPU,619778.6385066676,619796.9857066676
36,fixed_manifest,classifier,linear_classifier,GPU,619796.9857066676,619804.9457066676
37,fixed_manifest,block_01_norm2,layer_norm,GPU,619804.9457066676,619827.0753066677
37,fixed_manifest,block_01_ffn_island,fused_ffn_island,FPGA,619985.8401066678,620318.5876266678
37,fixed_manifest,block_01_residual2,residual_add,GPU,620477.3524266679,620495.699626668
37,fixed_manifest,block_02_norm1,layer_norm,GPU,620495.699626668,620517.829226668
37,fixed_manifest,block_02_qkv,linear_qkv,GPU,620517.829226668,620960.561706668
37,fixed_manifest,block_02_attention,self_attention,GPU,620960.561706668,621116.588266668
37,fixed_manifest,block_02_proj,linear_projection,GPU,621116.588266668,621268.832426668
37,fixed_manifest,block_02_residual1,residual_add,GPU,621268.832426668,621287.1796266681
37,fixed_manifest,block_02_norm2,layer_norm,GPU,621287.1796266681,621309.3092266682
37,fixed_manifest,block_02_ffn_island,fused_ffn_island,FPGA,621468.0740266682,621800.8215466683
37,fixed_manifest,block_02_residual2,residual_add,GPU,621959.5863466684,621977.9335466684
37,fixed_manifest,block_03_norm1,layer_norm,GPU,621977.9335466684,622000.0631466685
37,fixed_manifest,block_03_qkv,linear_qkv,GPU,622000.0631466685,622442.7956266685
37,fixed_manifest,block_03_attention,self_attention,GPU,622442.7956266685,622598.8221866685
37,fixed_manifest,block_03_proj,linear_projection,GPU,622598.8221866685,622751.0663466685
37,fixed_manifest,block_03_residual1,residual_add,GPU,622751.0663466685,622769.4135466686
37,fixed_manifest,block_03_norm2,layer_norm,GPU,622769.4135466686,622791.5431466686
37,fixed_manifest,block_03_ffn_island,fused_ffn_island,FPGA,622950.3079466687,623283.0554666687
37,fixed_manifest,block_03_residual2,residual_add,GPU,623441.8202666688,623460.1674666689
37,fixed_manifest,block_04_norm1,layer_norm,GPU,623460.1674666689,623482.2970666689
37,fixed_manifest,block_04_qkv,linear_qkv,GPU,623482.2970666689,623925.029546669
37,fixed_manifest,block_04_attention,self_attention,GPU,623925.029546669,624081.056106669
37,fixed_manifest,block_04_proj,linear_projection,GPU,624081.056106669,624233.300266669
37,fixed_manifest,block_04_residual1,residual_add,GPU,624233.300266669,624251.6474666691
37,fixed_manifest,block_04_norm2,layer_norm,GPU,624251.6474666691,624273.7770666691
37,fixed_manifest,block_04_ffn_island,fused_ffn_island,FPGA,624432.5418666692,624765.2893866692
37,fixed_manifest,block_04_residual2,residual_add,GPU,624924.0541866693,624942.4013866694
37,fixed_manifest,block_05_norm1,layer_norm,GPU,624942.4013866694,624964.5309866694
37,fixed_manifest,block_05_qkv,linear_qkv,GPU,624964.5309866694,625407.2634666694
37,fixed_manifest,block_05_attention,self_attention,GPU,625407.2634666694,625563.2900266694
37,fixed_manifest,block_05_proj,linear_projection,GPU,625563.2900266694,625715.5341866695
37,fixed_manifest,block_05_residual1,residual_add,GPU,625715.5341866695,625733.8813866695
37,fixed_manifest,block_05_norm2,layer_norm,GPU,625733.8813866695,625756.0109866696
37,fixed_manifest,block_05_ffn_island,fused_ffn_island,FPGA,625914.7757866697,626247.5233066697
37,fixed_manifest,block_05_residual2,residual_add,GPU,626406.2881066698,626424.6353066699
37,fixed_manifest,block_06_norm1,layer_norm,GPU,626424.6353066699,626446.7649066699
37,fixed_manifest,block_06_qkv,linear_qkv,GPU,626446.7649066699,626889.4973866699
37,fixed_manifest,block_06_attention,self_attention,GPU,626889.4973866699,627045.5239466699
37,fixed_manifest,block_06_proj,linear_projection,GPU,627045.5239466699,627197.7681066699
37,fixed_manifest,block_06_residual1,residual_add,GPU,627197.7681066699,627216.11530667
37,fixed_manifest,block_06_norm2,layer_norm,GPU,627216.11530667,627238.2449066701
37,fixed_manifest,block_06_ffn_island,fused_ffn_island,FPGA,627397.0097066701,627729.7572266702
37,fixed_manifest,block_06_residual2,residual_add,GPU,627888.5220266703,627906.8692266702
37,fixed_manifest,block_07_norm1,layer_norm,GPU,627906.8692266702,627928.9988266703
37,fixed_manifest,block_07_qkv,linear_qkv,GPU,627928.9988266703,628371.7313066704
37,fixed_manifest,block_07_attention,self_attention,GPU,628371.7313066704,628527.7578666704
37,fixed_manifest,block_07_proj,linear_projection,GPU,628527.7578666704,628680.0020266704
37,fixed_manifest,block_07_residual1,residual_add,GPU,628680.0020266704,628698.3492266705
37,fixed_manifest,block_07_norm2,layer_norm,GPU,628698.3492266705,628720.4788266704
37,fixed_manifest,block_07_ffn_island,fused_ffn_island,FPGA,628879.2436266706,629211.9911466705
37,fixed_manifest,block_07_residual2,residual_add,GPU,629370.7559466707,629389.1031466707
37,fixed_manifest,block_08_norm1,layer_norm,GPU,629389.1031466707,629411.2327466707
37,fixed_manifest,block_08_qkv,linear_qkv,GPU,629411.2327466707,629853.9652266708
37,fixed_manifest,block_08_attention,self_attention,GPU,629853.9652266708,630009.9917866709
37,fixed_manifest,block_08_proj,linear_projection,GPU,630009.9917866709,630162.2359466709
37,fixed_manifest,block_08_residual1,residual_add,GPU,630162.2359466709,630180.583146671
37,fixed_manifest,block_08_norm2,layer_norm,GPU,630180.583146671,630202.7127466709
37,fixed_manifest,block_08_ffn_island,fused_ffn_island,FPGA,630361.477546671,630694.225066671
37,fixed_manifest,block_08_residual2,residual_add,GPU,630852.9898666712,630871.3370666712
37,fixed_manifest,block_09_norm1,layer_norm,GPU,630871.3370666712,630893.4666666712
37,fixed_manifest,block_09_qkv,linear_qkv,GPU,630893.4666666712,631336.1991466712
37,fixed_manifest,block_09_attention,self_attention,GPU,631336.1991466712,631492.2257066712
37,fixed_manifest,block_09_proj,linear_projection,GPU,631492.2257066712,631644.4698666714
37,fixed_manifest,block_09_residual1,residual_add,GPU,631644.4698666714,631662.8170666713
37,fixed_manifest,block_09_norm2,layer_norm,GPU,631662.8170666713,631684.9466666714
37,fixed_manifest,block_09_ffn_island,fused_ffn_island,FPGA,631843.7114666715,632176.4589866715
37,fixed_manifest,block_09_residual2,residual_add,GPU,632335.2237866716,632353.5709866717
37,fixed_manifest,block_10_norm1,layer_norm,GPU,632353.5709866717,632375.7005866717
37,fixed_manifest,block_10_qkv,linear_qkv,GPU,632375.7005866717,632818.4330666717
37,fixed_manifest,block_10_attention,self_attention,GPU,632818.4330666717,632974.4596266717
37,fixed_manifest,block_10_proj,linear_projection,GPU,632974.4596266717,633126.7037866717
37,fixed_manifest,block_10_residual1,residual_add,GPU,633126.7037866717,633145.0509866718
37,fixed_manifest,block_10_norm2,layer_norm,GPU,633145.0509866718,633167.1805866719
37,fixed_manifest,block_10_ffn_island,fused_ffn_island,FPGA,633325.9453866719,633658.692906672
38,fixed_manifest,patch_embedding,patch_embedding,GPU,633333.3333333334,633484.8402133334
38,fixed_manifest,token_embedding,token_and_position_embedding,GPU,633484.8402133334,633503.1874133334
38,fixed_manifest,block_00_norm1,layer_norm,GPU,633503.1874133334,633525.3170133334
38,fixed_manifest,block_00_qkv,linear_qkv,GPU,633525.3170133334,633968.0494933336
37,fixed_manifest,block_10_residual2,residual_add,GPU,633968.0494933336,633986.3966933335
38,fixed_manifest,block_00_attention,self_attention,GPU,633986.3966933335,634142.4232533335
37,fixed_manifest,block_11_norm1,layer_norm,GPU,634142.4232533335,634164.5528533336
38,fixed_manifest,block_00_proj,linear_projection,GPU,634164.5528533336,634316.7970133336
37,fixed_manifest,block_11_qkv,linear_qkv,GPU,634316.7970133336,634759.5294933337
38,fixed_manifest,block_00_residual1,residual_add,GPU,634759.5294933337,634777.8766933337
37,fixed_manifest,block_11_attention,self_attention,GPU,634777.8766933337,634933.9032533338
38,fixed_manifest,block_00_norm2,layer_norm,GPU,634933.9032533338,634956.0328533337
37,fixed_manifest,block_11_proj,linear_projection,GPU,634956.0328533337,635108.2770133339
37,fixed_manifest,block_11_residual1,residual_add,GPU,635108.2770133339,635126.6242133338
38,fixed_manifest,block_00_ffn_island,fused_ffn_island,FPGA,635114.7976533339,635447.545173334
37,fixed_manifest,block_11_norm2,layer_norm,GPU,635126.6242133338,635148.7538133339
37,fixed_manifest,block_11_ffn_island,fused_ffn_island,FPGA,635447.545173334,635780.2926933339
38,fixed_manifest,block_00_residual2,residual_add,GPU,635606.309973334,635624.657173334
38,fixed_manifest,block_01_norm1,layer_norm,GPU,635624.657173334,635646.786773334
38,fixed_manifest,block_01_qkv,linear_qkv,GPU,635646.786773334,636089.5192533341
37,fixed_manifest,block_11_residual2,residual_add,GPU,636089.5192533341,636107.8664533342
38,fixed_manifest,block_01_attention,self_attention,GPU,636107.8664533342,636263.8930133341
37,fixed_manifest,final_norm,layer_norm,GPU,636263.8930133341,636286.0226133342
38,fixed_manifest,block_01_proj,linear_projection,GPU,636286.0226133342,636438.2667733342
37,fixed_manifest,class_token_select,class_token_select,GPU,636438.2667733342,636445.3051733343
38,fixed_manifest,block_01_residual1,residual_add,GPU,636445.3051733343,636463.6523733344
37,fixed_manifest,classifier,linear_classifier,GPU,636463.6523733344,636471.6123733344
38,fixed_manifest,block_01_norm2,layer_norm,GPU,636471.6123733344,636493.7419733345
38,fixed_manifest,block_01_ffn_island,fused_ffn_island,FPGA,636652.5067733345,636985.2542933346
38,fixed_manifest,block_01_residual2,residual_add,GPU,637144.0190933347,637162.3662933346
38,fixed_manifest,block_02_norm1,layer_norm,GPU,637162.3662933346,637184.4958933347
38,fixed_manifest,block_02_qkv,linear_qkv,GPU,637184.4958933347,637627.2283733347
38,fixed_manifest,block_02_attention,self_attention,GPU,637627.2283733347,637783.2549333348
38,fixed_manifest,block_02_proj,linear_projection,GPU,637783.2549333348,637935.4990933348
38,fixed_manifest,block_02_residual1,residual_add,GPU,637935.4990933348,637953.8462933348
38,fixed_manifest,block_02_norm2,layer_norm,GPU,637953.8462933348,637975.9758933348
38,fixed_manifest,block_02_ffn_island,fused_ffn_island,FPGA,638134.740693335,638467.4882133349
38,fixed_manifest,block_02_residual2,residual_add,GPU,638626.253013335,638644.6002133351
38,fixed_manifest,block_03_norm1,layer_norm,GPU,638644.6002133351,638666.7298133351
38,fixed_manifest,block_03_qkv,linear_qkv,GPU,638666.7298133351,639109.4622933352
38,fixed_manifest,block_03_attention,self_attention,GPU,639109.4622933352,639265.4888533353
38,fixed_manifest,block_03_proj,linear_projection,GPU,639265.4888533353,639417.7330133353
38,fixed_manifest,block_03_residual1,residual_add,GPU,639417.7330133353,639436.0802133353
38,fixed_manifest,block_03_norm2,layer_norm,GPU,639436.0802133353,639458.2098133353
38,fixed_manifest,block_03_ffn_island,fused_ffn_island,FPGA,639616.9746133354,639949.7221333354
38,fixed_manifest,block_03_residual2,residual_add,GPU,640108.4869333355,640126.8341333356
38,fixed_manifest,block_04_norm1,layer_norm,GPU,640126.8341333356,640148.9637333356
38,fixed_manifest,block_04_qkv,linear_qkv,GPU,640148.9637333356,640591.6962133356
38,fixed_manifest,block_04_attention,self_attention,GPU,640591.6962133356,640747.7227733356
38,fixed_manifest,block_04_proj,linear_projection,GPU,640747.7227733356,640899.9669333358
38,fixed_manifest,block_04_residual1,residual_add,GPU,640899.9669333358,640918.3141333357
38,fixed_manifest,block_04_norm2,layer_norm,GPU,640918.3141333357,640940.4437333358
38,fixed_manifest,block_04_ffn_island,fused_ffn_island,FPGA,641099.208533336,641431.9560533359
38,fixed_manifest,block_04_residual2,residual_add,GPU,641590.720853336,641609.0680533361
38,fixed_manifest,block_05_norm1,layer_norm,GPU,641609.0680533361,641631.1976533361
38,fixed_manifest,block_05_qkv,linear_qkv,GPU,641631.1976533361,642073.9301333361
38,fixed_manifest,block_05_attention,self_attention,GPU,642073.9301333361,642229.9566933361
38,fixed_manifest,block_05_proj,linear_projection,GPU,642229.9566933361,642382.2008533361
38,fixed_manifest,block_05_residual1,residual_add,GPU,642382.2008533361,642400.5480533362
38,fixed_manifest,block_05_norm2,layer_norm,GPU,642400.5480533362,642422.6776533363
38,fixed_manifest,block_05_ffn_island,fused_ffn_island,FPGA,642581.4424533363,642914.1899733364
38,fixed_manifest,block_05_residual2,residual_add,GPU,643072.9547733365,643091.3019733365
38,fixed_manifest,block_06_norm1,layer_norm,GPU,643091.3019733365,643113.4315733366
38,fixed_manifest,block_06_qkv,linear_qkv,GPU,643113.4315733366,643556.1640533366
38,fixed_manifest,block_06_attention,self_attention,GPU,643556.1640533366,643712.1906133366
38,fixed_manifest,block_06_proj,linear_projection,GPU,643712.1906133366,643864.4347733366
38,fixed_manifest,block_06_residual1,residual_add,GPU,643864.4347733366,643882.7819733367
38,fixed_manifest,block_06_norm2,layer_norm,GPU,643882.7819733367,643904.9115733367
38,fixed_manifest,block_06_ffn_island,fused_ffn_island,FPGA,644063.6763733368,644396.4238933368
38,fixed_manifest,block_06_residual2,residual_add,GPU,644555.1886933369,644573.535893337
38,fixed_manifest,block_07_norm1,layer_norm,GPU,644573.535893337,644595.665493337
38,fixed_manifest,block_07_qkv,linear_qkv,GPU,644595.665493337,645038.3979733371
38,fixed_manifest,block_07_attention,self_attention,GPU,645038.3979733371,645194.4245333371
38,fixed_manifest,block_07_proj,linear_projection,GPU,645194.4245333371,645346.6686933371
38,fixed_manifest,block_07_residual1,residual_add,GPU,645346.6686933371,645365.0158933372
38,fixed_manifest,block_07_norm2,layer_norm,GPU,645365.0158933372,645387.1454933372
38,fixed_manifest,block_07_ffn_island,fused_ffn_island,FPGA,645545.9102933373,645878.6578133373
38,fixed_manifest,block_07_residual2,residual_add,GPU,646037.4226133374,646055.7698133375
38,fixed_manifest,block_08_norm1,layer_norm,GPU,646055.7698133375,646077.8994133375
38,fixed_manifest,block_08_qkv,linear_qkv,GPU,646077.8994133375,646520.6318933375
38,fixed_manifest,block_08_attention,self_attention,GPU,646520.6318933375,646676.6584533375
38,fixed_manifest,block_08_proj,linear_projection,GPU,646676.6584533375,646828.9026133376
38,fixed_manifest,block_08_residual1,residual_add,GPU,646828.9026133376,646847.2498133376
38,fixed_manifest,block_08_norm2,layer_norm,GPU,646847.2498133376,646869.3794133377
38,fixed_manifest,block_08_ffn_island,fused_ffn_island,FPGA,647028.1442133378,647360.8917333378
38,fixed_manifest,block_08_residual2,residual_add,GPU,647519.6565333379,647538.003733338
38,fixed_manifest,block_09_norm1,layer_norm,GPU,647538.003733338,647560.133333338
38,fixed_manifest,block_09_qkv,linear_qkv,GPU,647560.133333338,648002.865813338
38,fixed_manifest,block_09_attention,self_attention,GPU,648002.865813338,648158.892373338
38,fixed_manifest,block_09_proj,linear_projection,GPU,648158.892373338,648311.136533338
38,fixed_manifest,block_09_residual1,residual_add,GPU,648311.136533338,648329.4837333381
38,fixed_manifest,block_09_norm2,layer_norm,GPU,648329.4837333381,648351.6133333382
38,fixed_manifest,block_09_ffn_island,fused_ffn_island,FPGA,648510.3781333382,648843.1256533383
38,fixed_manifest,block_09_residual2,residual_add,GPU,649001.8904533384,649020.2376533384
38,fixed_manifest,block_10_norm1,layer_norm,GPU,649020.2376533384,649042.3672533385
38,fixed_manifest,block_10_qkv,linear_qkv,GPU,649042.3672533385,649485.0997333385
38,fixed_manifest,block_10_attention,self_attention,GPU,649485.0997333385,649641.1262933385
38,fixed_manifest,block_10_proj,linear_projection,GPU,649641.1262933385,649793.3704533385
38,fixed_manifest,block_10_residual1,residual_add,GPU,649793.3704533385,649811.7176533386
38,fixed_manifest,block_10_norm2,layer_norm,GPU,649811.7176533386,649833.8472533386
38,fixed_manifest,block_10_ffn_island,fused_ffn_island,FPGA,649992.6120533387,650325.3595733386
39,fixed_manifest,patch_embedding,patch_embedding,GPU,650000.0,650151.50688
39,fixed_manifest,token_embedding,token_and_position_embedding,GPU,650151.50688,650169.8540800001
39,fixed_manifest,block_00_norm1,layer_norm,GPU,650169.8540800001,650191.9836800001
39,fixed_manifest,block_00_qkv,linear_qkv,GPU,650191.9836800001,650634.7161600001
38,fixed_manifest,block_10_residual2,residual_add,GPU,650634.7161600001,650653.0633600001
39,fixed_manifest,block_00_attention,self_attention,GPU,650653.0633600001,650809.0899200002
38,fixed_manifest,block_11_norm1,layer_norm,GPU,650809.0899200002,650831.2195200003
39,fixed_manifest,block_00_proj,linear_projection,GPU,650831.2195200003,650983.4636800003
38,fixed_manifest,block_11_qkv,linear_qkv,GPU,650983.4636800003,651426.1961600003
39,fixed_manifest,block_00_residual1,residual_add,GPU,651426.1961600003,651444.5433600004
38,fixed_manifest,block_11_attention,self_attention,GPU,651444.5433600004,651600.5699200004
39,fixed_manifest,block_00_norm2,layer_norm,GPU,651600.5699200004,651622.6995200004
38,fixed_manifest,block_11_proj,linear_projection,GPU,651622.6995200004,651774.9436800005
38,fixed_manifest,block_11_residual1,residual_add,GPU,651774.9436800005,651793.2908800005
39,fixed_manifest,block_00_ffn_island,fused_ffn_island,FPGA,651781.4643200005,652114.2118400005
38,fixed_manifest,block_11_norm2,layer_norm,GPU,651793.2908800005,651815.4204800006
38,fixed_manifest,block_11_ffn_island,fused_ffn_island,FPGA,652114.2118400005,652446.9593600006
39,fixed_manifest,block_00_residual2,residual_add,GPU,652272.9766400006,652291.3238400007
39,fixed_manifest,block_01_norm1,layer_norm,GPU,652291.3238400007,652313.4534400007
39,fixed_manifest,block_01_qkv,linear_qkv,GPU,652313.4534400007,652756.1859200008
38,fixed_manifest,block_11_residual2,residual_add,GPU,652756.1859200008,652774.5331200007
39,fixed_manifest,block_01_attention,self_attention,GPU,652774.5331200007,652930.5596800008
38,fixed_manifest,final_norm,layer_norm,GPU,652930.5596800008,652952.6892800009
39,fixed_manifest,block_01_proj,linear_projection,GPU,652952.6892800009,653104.9334400009
38,fixed_manifest,class_token_select,class_token_select,GPU,653104.9334400009,653111.971840001
39,fixed_manifest,block_01_residual1,residual_add,GPU,653111.971840001,653130.3190400009
38,fixed_manifest,classifier,linear_classifier,GPU,653130.3190400009,653138.279040001
39,fixed_manifest,block_01_norm2,layer_norm,GPU,653138.279040001,653160.408640001
39,fixed_manifest,block_01_ffn_island,fused_ffn_island,FPGA,653319.1734400011,653651.9209600012
39,fixed_manifest,block_01_residual2,residual_add,GPU,653810.6857600012,653829.0329600013
39,fixed_manifest,block_02_norm1,layer_norm,GPU,653829.0329600013,653851.1625600014
39,fixed_manifest,block_02_qkv,linear_qkv,GPU,653851.1625600014,654293.8950400014
39,fixed_manifest,block_02_attention,self_attention,GPU,654293.8950400014,654449.9216000014
39,fixed_manifest,block_02_proj,linear_projection,GPU,654449.9216000014,654602.1657600014
39,fixed_manifest,block_02_residual1,residual_add,GPU,654602.1657600014,654620.5129600015
39,fixed_manifest,block_02_norm2,layer_norm,GPU,654620.5129600015,654642.6425600015
39,fixed_manifest,block_02_ffn_island,fused_ffn_island,FPGA,654801.4073600016,655134.1548800016
39,fixed_manifest,block_02_residual2,residual_add,GPU,655292.9196800017,655311.2668800018
39,fixed_manifest,block_03_norm1,layer_norm,GPU,655311.2668800018,655333.3964800017
39,fixed_manifest,block_03_qkv,linear_qkv,GPU,655333.3964800017,655776.1289600019
39,fixed_manifest,block_03_attention,self_attention,GPU,655776.1289600019,655932.1555200019
39,fixed_manifest,block_03_proj,linear_projection,GPU,655932.1555200019,656084.3996800019
39,fixed_manifest,block_03_residual1,residual_add,GPU,656084.3996800019,656102.746880002
39,fixed_manifest,block_03_norm2,layer_norm,GPU,656102.746880002,656124.876480002
39,fixed_manifest,block_03_ffn_island,fused_ffn_island,FPGA,656283.6412800021,656616.388800002
39,fixed_manifest,block_03_residual2,residual_add,GPU,656775.1536000022,656793.5008000022
39,fixed_manifest,block_04_norm1,layer_norm,GPU,656793.5008000022,656815.6304000022
39,fixed_manifest,block_04_qkv,linear_qkv,GPU,656815.6304000022,657258.3628800022
39,fixed_manifest,block_04_attention,self_attention,GPU,657258.3628800022,657414.3894400023
39,fixed_manifest,block_04_proj,linear_projection,GPU,657414.3894400023,657566.6336000024
39,fixed_manifest,block_04_residual1,residual_add,GPU,657566.6336000024,657584.9808000023
39,fixed_manifest,block_04_norm2,layer_norm,GPU,657584.9808000023,657607.1104000024
39,fixed_manifest,block_04_ffn_island,fused_ffn_island,FPGA,657765.8752000026,658098.6227200025
39,fixed_manifest,block_04_residual2,residual_add,GPU,658257.3875200027,658275.7347200026
39,fixed_manifest,block_05_norm1,layer_norm,GPU,658275.7347200026,658297.8643200027
39,fixed_manifest,block_05_qkv,linear_qkv,GPU,658297.8643200027,658740.5968000027
39,fixed_manifest,block_05_attention,self_attention,GPU,658740.5968000027,658896.6233600028
39,fixed_manifest,block_05_proj,linear_projection,GPU,658896.6233600028,659048.8675200028
39,fixed_manifest,block_05_residual1,residual_add,GPU,659048.8675200028,659067.2147200028
39,fixed_manifest,block_05_norm2,layer_norm,GPU,659067.2147200028,659089.3443200028
39,fixed_manifest,block_05_ffn_island,fused_ffn_island,FPGA,659248.109120003,659580.856640003
39,fixed_manifest,block_05_residual2,residual_add,GPU,659739.621440003,659757.9686400031
39,fixed_manifest,block_06_norm1,layer_norm,GPU,659757.9686400031,659780.0982400032
39,fixed_manifest,block_06_qkv,linear_qkv,GPU,659780.0982400032,660222.8307200032
39,fixed_manifest,block_06_attention,self_attention,GPU,660222.8307200032,660378.8572800033
39,fixed_manifest,block_06_proj,linear_projection,GPU,660378.8572800033,660531.1014400033
39,fixed_manifest,block_06_residual1,residual_add,GPU,660531.1014400033,660549.4486400033
39,fixed_manifest,block_06_norm2,layer_norm,GPU,660549.4486400033,660571.5782400033
39,fixed_manifest,block_06_ffn_island,fused_ffn_island,FPGA,660730.3430400034,661063.0905600034
39,fixed_manifest,block_06_residual2,residual_add,GPU,661221.8553600035,661240.2025600036
39,fixed_manifest,block_07_norm1,layer_norm,GPU,661240.2025600036,661262.3321600036
39,fixed_manifest,block_07_qkv,linear_qkv,GPU,661262.3321600036,661705.0646400037
39,fixed_manifest,block_07_attention,self_attention,GPU,661705.0646400037,661861.0912000037
39,fixed_manifest,block_07_proj,linear_projection,GPU,661861.0912000037,662013.3353600038
39,fixed_manifest,block_07_residual1,residual_add,GPU,662013.3353600038,662031.6825600038
39,fixed_manifest,block_07_norm2,layer_norm,GPU,662031.6825600038,662053.8121600038
39,fixed_manifest,block_07_ffn_island,fused_ffn_island,FPGA,662212.5769600039,662545.3244800039
39,fixed_manifest,block_07_residual2,residual_add,GPU,662704.089280004,662722.4364800041
39,fixed_manifest,block_08_norm1,layer_norm,GPU,662722.4364800041,662744.5660800041
39,fixed_manifest,block_08_qkv,linear_qkv,GPU,662744.5660800041,663187.2985600041
39,fixed_manifest,block_08_attention,self_attention,GPU,663187.2985600041,663343.3251200041
39,fixed_manifest,block_08_proj,linear_projection,GPU,663343.3251200041,663495.5692800042
39,fixed_manifest,block_08_residual1,residual_add,GPU,663495.5692800042,663513.9164800042
39,fixed_manifest,block_08_norm2,layer_norm,GPU,663513.9164800042,663536.0460800043
39,fixed_manifest,block_08_ffn_island,fused_ffn_island,FPGA,663694.8108800044,664027.5584000044
39,fixed_manifest,block_08_residual2,residual_add,GPU,664186.3232000045,664204.6704000045
39,fixed_manifest,block_09_norm1,layer_norm,GPU,664204.6704000045,664226.8000000046
39,fixed_manifest,block_09_qkv,linear_qkv,GPU,664226.8000000046,664669.5324800046
39,fixed_manifest,block_09_attention,self_attention,GPU,664669.5324800046,664825.5590400046
39,fixed_manifest,block_09_proj,linear_projection,GPU,664825.5590400046,664977.8032000046
39,fixed_manifest,block_09_residual1,residual_add,GPU,664977.8032000046,664996.1504000047
39,fixed_manifest,block_09_norm2,layer_norm,GPU,664996.1504000047,665018.2800000047
39,fixed_manifest,block_09_ffn_island,fused_ffn_island,FPGA,665177.0448000048,665509.7923200049
39,fixed_manifest,block_09_residual2,residual_add,GPU,665668.5571200049,665686.904320005
39,fixed_manifest,block_10_norm1,layer_norm,GPU,665686.904320005,665709.0339200051
39,fixed_manifest,block_10_qkv,linear_qkv,GPU,665709.0339200051,666151.7664000051
39,fixed_manifest,block_10_attention,self_attention,GPU,666151.7664000051,666307.7929600051
39,fixed_manifest,block_10_proj,linear_projection,GPU,666307.7929600051,666460.0371200051
39,fixed_manifest,block_10_residual1,residual_add,GPU,666460.0371200051,666478.3843200052
39,fixed_manifest,block_10_norm2,layer_norm,GPU,666478.3843200052,666500.5139200052
39,fixed_manifest,block_10_ffn_island,fused_ffn_island,FPGA,666659.2787200053,666992.0262400053
40,fixed_manifest,patch_embedding,patch_embedding,GPU,666666.6666666667,666818.1735466667
40,fixed_manifest,token_embedding,token_and_position_embedding,GPU,666818.1735466667,666836.5207466668
40,fixed_manifest,block_00_norm1,layer_norm,GPU,666836.5207466668,666858.6503466668
40,fixed_manifest,block_00_qkv,linear_qkv,GPU,666858.6503466668,667301.3828266668
39,fixed_manifest,block_10_residual2,residual_add,GPU,667301.3828266668,667319.7300266669
40,fixed_manifest,block_00_attention,self_attention,GPU,667319.7300266669,667475.7565866669
39,fixed_manifest,block_11_norm1,layer_norm,GPU,667475.7565866669,667497.8861866669
40,fixed_manifest,block_00_proj,linear_projection,GPU,667497.8861866669,667650.130346667
39,fixed_manifest,block_11_qkv,linear_qkv,GPU,667650.130346667,668092.862826667
40,fixed_manifest,block_00_residual1,residual_add,GPU,668092.862826667,668111.2100266671
39,fixed_manifest,block_11_attention,self_attention,GPU,668111.2100266671,668267.2365866671
40,fixed_manifest,block_00_norm2,layer_norm,GPU,668267.2365866671,668289.3661866671
39,fixed_manifest,block_11_proj,linear_projection,GPU,668289.3661866671,668441.6103466671
39,fixed_manifest,block_11_residual1,residual_add,GPU,668441.6103466671,668459.9575466672
40,fixed_manifest,block_00_ffn_island,fused_ffn_island,FPGA,668448.1309866672,668780.8785066672
39,fixed_manifest,block_11_norm2,layer_norm,GPU,668459.9575466672,668482.0871466672
39,fixed_manifest,block_11_ffn_island,fused_ffn_island,FPGA,668780.8785066672,669113.6260266672
40,fixed_manifest,block_00_residual2,residual_add,GPU,668939.6433066673,668957.9905066674
40,fixed_manifest,block_01_norm1,layer_norm,GPU,668957.9905066674,668980.1201066674
40,fixed_manifest,block_01_qkv,linear_qkv,GPU,668980.1201066674,669422.8525866674
39,fixed_manifest,block_11_residual2,residual_add,GPU,669422.8525866674,669441.1997866675
40,fixed_manifest,block_01_attention,self_attention,GPU,669441.1997866675,669597.2263466675
39,fixed_manifest,final_norm,layer_norm,GPU,669597.2263466675,669619.3559466675
40,fixed_manifest,block_01_proj,linear_projection,GPU,669619.3559466675,669771.6001066676
39,fixed_manifest,class_token_select,class_token_select,GPU,669771.6001066676,669778.6385066677
40,fixed_manifest,block_01_residual1,residual_add,GPU,669778.6385066677,669796.9857066676
39,fixed_manifest,classifier,linear_classifier,GPU,669796.9857066676,669804.9457066677
40,fixed_manifest,block_01_norm2,layer_norm,GPU,669804.9457066677,669827.0753066677
40,fixed_manifest,block_01_ffn_island,fused_ffn_island,FPGA,669985.8401066678,670318.5876266678
40,fixed_manifest,block_01_residual2,residual_add,GPU,670477.3524266679,670495.699626668
40,fixed_manifest,block_02_norm1,layer_norm,GPU,670495.699626668,670517.829226668
40,fixed_manifest,block_02_qkv,linear_qkv,GPU,670517.829226668,670960.5617066681
40,fixed_manifest,block_02_attention,self_attention,GPU,670960.5617066681,671116.5882666681
40,fixed_manifest,block_02_proj,linear_projection,GPU,671116.5882666681,671268.8324266681
40,fixed_manifest,block_02_residual1,residual_add,GPU,671268.8324266681,671287.1796266682
40,fixed_manifest,block_02_norm2,layer_norm,GPU,671287.1796266682,671309.3092266682
40,fixed_manifest,block_02_ffn_island,fused_ffn_island,FPGA,671468.0740266683,671800.8215466683
40,fixed_manifest,block_02_residual2,residual_add,GPU,671959.5863466684,671977.9335466685
40,fixed_manifest,block_03_norm1,layer_norm,GPU,671977.9335466685,672000.0631466685
40,fixed_manifest,block_03_qkv,linear_qkv,GPU,672000.0631466685,672442.7956266685
40,fixed_manifest,block_03_attention,self_attention,GPU,672442.7956266685,672598.8221866685
40,fixed_manifest,block_03_proj,linear_projection,GPU,672598.8221866685,672751.0663466686
40,fixed_manifest,block_03_residual1,residual_add,GPU,672751.0663466686,672769.4135466686
40,fixed_manifest,block_03_norm2,layer_norm,GPU,672769.4135466686,672791.5431466687
40,fixed_manifest,block_03_ffn_island,fused_ffn_island,FPGA,672950.3079466688,673283.0554666688
40,fixed_manifest,block_03_residual2,residual_add,GPU,673441.8202666689,673460.1674666689
40,fixed_manifest,block_04_norm1,layer_norm,GPU,673460.1674666689,673482.297066669
40,fixed_manifest,block_04_qkv,linear_qkv,GPU,673482.297066669,673925.029546669
40,fixed_manifest,block_04_attention,self_attention,GPU,673925.029546669,674081.056106669
40,fixed_manifest,block_04_proj,linear_projection,GPU,674081.056106669,674233.300266669
40,fixed_manifest,block_04_residual1,residual_add,GPU,674233.300266669,674251.6474666691
40,fixed_manifest,block_04_norm2,layer_norm,GPU,674251.6474666691,674273.7770666691
40,fixed_manifest,block_04_ffn_island,fused_ffn_island,FPGA,674432.5418666692,674765.2893866693
40,fixed_manifest,block_04_residual2,residual_add,GPU,674924.0541866693,674942.4013866694
40,fixed_manifest,block_05_norm1,layer_norm,GPU,674942.4013866694,674964.5309866695
40,fixed_manifest,block_05_qkv,linear_qkv,GPU,674964.5309866695,675407.2634666695
40,fixed_manifest,block_05_attention,self_attention,GPU,675407.2634666695,675563.2900266695
40,fixed_manifest,block_05_proj,linear_projection,GPU,675563.2900266695,675715.5341866695
40,fixed_manifest,block_05_residual1,residual_add,GPU,675715.5341866695,675733.8813866696
40,fixed_manifest,block_05_norm2,layer_norm,GPU,675733.8813866696,675756.0109866696
40,fixed_manifest,block_05_ffn_island,fused_ffn_island,FPGA,675914.7757866697,676247.5233066697
40,fixed_manifest,block_05_residual2,residual_add,GPU,676406.2881066698,676424.6353066699
40,fixed_manifest,block_06_norm1,layer_norm,GPU,676424.6353066699,676446.7649066699
40,fixed_manifest,block_06_qkv,linear_qkv,GPU,676446.7649066699,676889.49738667
40,fixed_manifest,block_06_attention,self_attention,GPU,676889.49738667,677045.52394667
40,fixed_manifest,block_06_proj,linear_projection,GPU,677045.52394667,677197.76810667
40,fixed_manifest,block_06_residual1,residual_add,GPU,677197.76810667,677216.1153066701
40,fixed_manifest,block_06_norm2,layer_norm,GPU,677216.1153066701,677238.2449066701
40,fixed_manifest,block_06_ffn_island,fused_ffn_island,FPGA,677397.0097066702,677729.7572266702
40,fixed_manifest,block_06_residual2,residual_add,GPU,677888.5220266703,677906.8692266704
40,fixed_manifest,block_07_norm1,layer_norm,GPU,677906.8692266704,677928.9988266703
40,fixed_manifest,block_07_qkv,linear_qkv,GPU,677928.9988266703,678371.7313066704
40,fixed_manifest,block_07_attention,self_attention,GPU,678371.7313066704,678527.7578666704
40,fixed_manifest,block_07_proj,linear_projection,GPU,678527.7578666704,678680.0020266705
40,fixed_manifest,block_07_residual1,residual_add,GPU,678680.0020266705,678698.3492266705
40,fixed_manifest,block_07_norm2,layer_norm,GPU,678698.3492266705,678720.4788266706
40,fixed_manifest,block_07_ffn_island,fused_ffn_island,FPGA,678879.2436266707,679211.9911466707
40,fixed_manifest,block_07_residual2,residual_add,GPU,679370.7559466708,679389.1031466707
40,fixed_manifest,block_08_norm1,layer_norm,GPU,679389.1031466707,679411.2327466708
40,fixed_manifest,block_08_qkv,linear_qkv,GPU,679411.2327466708,679853.9652266708
40,fixed_manifest,block_08_attention,self_attention,GPU,679853.9652266708,680009.9917866709
40,fixed_manifest,block_08_proj,linear_projection,GPU,680009.9917866709,680162.2359466709
40,fixed_manifest,block_08_residual1,residual_add,GPU,680162.2359466709,680180.583146671
40,fixed_manifest,block_08_norm2,layer_norm,GPU,680180.583146671,680202.7127466709
40,fixed_manifest,block_08_ffn_island,fused_ffn_island,FPGA,680361.477546671,680694.2250666711
40,fixed_manifest,block_08_residual2,residual_add,GPU,680852.9898666712,680871.3370666712
40,fixed_manifest,block_09_norm1,layer_norm,GPU,680871.3370666712,680893.4666666713
40,fixed_manifest,block_09_qkv,linear_qkv,GPU,680893.4666666713,681336.1991466713
40,fixed_manifest,block_09_attention,self_attention,GPU,681336.1991466713,681492.2257066714
40,fixed_manifest,block_09_proj,linear_projection,GPU,681492.2257066714,681644.4698666714
40,fixed_manifest,block_09_residual1,residual_add,GPU,681644.4698666714,681662.8170666714
40,fixed_manifest,block_09_norm2,layer_norm,GPU,681662.8170666714,681684.9466666714
40,fixed_manifest,block_09_ffn_island,fused_ffn_island,FPGA,681843.7114666715,682176.4589866715
40,fixed_manifest,block_09_residual2,residual_add,GPU,682335.2237866716,682353.5709866717
40,fixed_manifest,block_10_norm1,layer_norm,GPU,682353.5709866717,682375.7005866717
40,fixed_manifest,block_10_qkv,linear_qkv,GPU,682375.7005866717,682818.4330666718
40,fixed_manifest,block_10_attention,self_attention,GPU,682818.4330666718,682974.4596266719
40,fixed_manifest,block_10_proj,linear_projection,GPU,682974.4596266719,683126.7037866719
40,fixed_manifest,block_10_residual1,residual_add,GPU,683126.7037866719,683145.0509866719
40,fixed_manifest,block_10_norm2,layer_norm,GPU,683145.0509866719,683167.1805866719
40,fixed_manifest,block_10_ffn_island,fused_ffn_island,FPGA,683325.945386672,683658.692906672
41,fixed_manifest,patch_embedding,patch_embedding,GPU,683333.3333333334,683484.8402133334
41,fixed_manifest,token_embedding,token_and_position_embedding,GPU,683484.8402133334,683503.1874133333
41,fixed_manifest,block_00_norm1,layer_norm,GPU,683503.1874133333,683525.3170133334
41,fixed_manifest,block_00_qkv,linear_qkv,GPU,683525.3170133334,683968.0494933334
40,fixed_manifest,block_10_residual2,residual_add,GPU,683968.0494933334,683986.3966933335
41,fixed_manifest,block_00_attention,self_attention,GPU,683986.3966933335,684142.4232533335
40,fixed_manifest,block_11_norm1,layer_norm,GPU,684142.4232533335,684164.5528533335
41,fixed_manifest,block_00_proj,linear_projection,GPU,684164.5528533335,684316.7970133335
40,fixed_manifest,block_11_qkv,linear_qkv,GPU,684316.7970133335,684759.5294933337
41,fixed_manifest,block_00_residual1,residual_add,GPU,684759.5294933337,684777.8766933337
40,fixed_manifest,block_11_attention,self_attention,GPU,684777.8766933337,684933.9032533336
41,fixed_manifest,block_00_norm2,layer_norm,GPU,684933.9032533336,684956.0328533337
40,fixed_manifest,block_11_proj,linear_projection,GPU,684956.0328533337,685108.2770133337
40,fixed_manifest,block_11_residual1,residual_add,GPU,685108.2770133337,685126.6242133338
41,fixed_manifest,block_00_ffn_island,fused_ffn_island,FPGA,685114.7976533339,685447.5451733338
40,fixed_manifest,block_11_norm2,layer_norm,GPU,685126.6242133338,685148.7538133338
40,fixed_manifest,block_11_ffn_island,fused_ffn_island,FPGA,685447.5451733338,685780.2926933338
41,fixed_manifest,block_00_residual2,residual_add,GPU,685606.309973334,685624.657173334
41,fixed_manifest,block_01_norm1,layer_norm,GPU,685624.657173334,685646.786773334
41,fixed_manifest,block_01_qkv,linear_qkv,GPU,685646.786773334,686089.519253334
40,fixed_manifest,block_11_residual2,residual_add,GPU,686089.519253334,686107.8664533341
41,fixed_manifest,block_01_attention,self_attention,GPU,686107.8664533341,686263.8930133341
40,fixed_manifest,final_norm,layer_norm,GPU,686263.8930133341,686286.0226133341
41,fixed_manifest,block_01_proj,linear_projection,GPU,686286.0226133341,686438.2667733342
40,fixed_manifest,class_token_select,class_token_select,GPU,686438.2667733342,686445.3051733342
41,fixed_manifest,block_01_residual1,residual_add,GPU,686445.3051733342,686463.6523733343
40,fixed_manifest,classifier,linear_classifier,GPU,686463.6523733343,686471.6123733344
41,fixed_manifest,block_01_norm2,layer_norm,GPU,686471.6123733344,686493.7419733343
41,fixed_manifest,block_01_ffn_island,fused_ffn_island,FPGA,686652.5067733345,686985.2542933344
41,fixed_manifest,block_01_residual2,residual_add,GPU,687144.0190933346,687162.3662933346
41,fixed_manifest,block_02_norm1,layer_norm,GPU,687162.3662933346,687184.4958933346
41,fixed_manifest,block_02_qkv,linear_qkv,GPU,687184.4958933346,687627.2283733346
41,fixed_manifest,block_02_attention,self_attention,GPU,687627.2283733346,687783.2549333347
41,fixed_manifest,block_02_proj,linear_projection,GPU,687783.2549333347,687935.4990933348
41,fixed_manifest,block_02_residual1,residual_add,GPU,687935.4990933348,687953.8462933347
41,fixed_manifest,block_02_norm2,layer_norm,GPU,687953.8462933347,687975.9758933348
41,fixed_manifest,block_02_ffn_island,fused_ffn_island,FPGA,688134.740693335,688467.4882133349
41,fixed_manifest,block_02_residual2,residual_add,GPU,688626.253013335,688644.600213335
41,fixed_manifest,block_03_norm1,layer_norm,GPU,688644.600213335,688666.7298133351
41,fixed_manifest,block_03_qkv,linear_qkv,GPU,688666.7298133351,689109.4622933351
41,fixed_manifest,block_03_attention,self_attention,GPU,689109.4622933351,689265.4888533351
41,fixed_manifest,block_03_proj,linear_projection,GPU,689265.4888533351,689417.7330133351
41,fixed_manifest,block_03_residual1,residual_add,GPU,689417.7330133351,689436.0802133352
41,fixed_manifest,block_03_norm2,layer_norm,GPU,689436.0802133352,689458.2098133353
41,fixed_manifest,block_03_ffn_island,fused_ffn_island,FPGA,689616.9746133353,689949.7221333354
41,fixed_manifest,block_03_residual2,residual_add,GPU,690108.4869333354,690126.8341333355
41,fixed_manifest,block_04_norm1,layer_norm,GPU,690126.8341333355,690148.9637333356
41,fixed_manifest,block_04_qkv,linear_qkv,GPU,690148.9637333356,690591.6962133356
41,fixed_manifest,block_04_attention,self_attention,GPU,690591.6962133356,690747.7227733356
41,fixed_manifest,block_04_proj,linear_projection,GPU,690747.7227733356,690899.9669333356
41,fixed_manifest,block_04_residual1,residual_add,GPU,690899.9669333356,690918.3141333357
41,fixed_manifest,block_04_norm2,layer_norm,GPU,690918.3141333357,690940.4437333357
41,fixed_manifest,block_04_ffn_island,fused_ffn_island,FPGA,691099.2085333358,691431.9560533358
41,fixed_manifest,block_04_residual2,residual_add,GPU,691590.7208533359,691609.068053336
41,fixed_manifest,block_05_norm1,layer_norm,GPU,691609.068053336,691631.197653336
41,fixed_manifest,block_05_qkv,linear_qkv,GPU,691631.197653336,692073.9301333361
41,fixed_manifest,block_05_attention,self_attention,GPU,692073.9301333361,692229.9566933361
41,fixed_manifest,block_05_proj,linear_projection,GPU,692229.9566933361,692382.2008533361
41,fixed_manifest,block_05_residual1,residual_add,GPU,692382.2008533361,692400.5480533362
41,fixed_manifest,block_05_norm2,layer_norm,GPU,692400.5480533362,692422.6776533362
41,fixed_manifest,block_05_ffn_island,fused_ffn_island,FPGA,692581.4424533363,692914.1899733363
41,fixed_manifest,block_05_residual2,residual_add,GPU,693072.9547733364,693091.3019733365
41,fixed_manifest,block_06_norm1,layer_norm,GPU,693091.3019733365,693113.4315733365
41,fixed_manifest,block_06_qkv,linear_qkv,GPU,693113.4315733365,693556.1640533365
41,fixed_manifest,block_06_attention,self_attention,GPU,693556.1640533365,693712.1906133365
41,fixed_manifest,block_06_proj,linear_projection,GPU,693712.1906133365,693864.4347733366
41,fixed_manifest,block_06_residual1,residual_add,GPU,693864.4347733366,693882.7819733366
41,fixed_manifest,block_06_norm2,layer_norm,GPU,693882.7819733366,693904.9115733367
41,fixed_manifest,block_06_ffn_island,fused_ffn_island,FPGA,694063.6763733368,694396.4238933368
41,fixed_manifest,block_06_residual2,residual_add,GPU,694555.1886933369,694573.5358933369
41,fixed_manifest,block_07_norm1,layer_norm,GPU,694573.5358933369,694595.665493337
41,fixed_manifest,block_07_qkv,linear_qkv,GPU,694595.665493337,695038.397973337
41,fixed_manifest,block_07_attention,self_attention,GPU,695038.397973337,695194.424533337
41,fixed_manifest,block_07_proj,linear_projection,GPU,695194.424533337,695346.668693337
41,fixed_manifest,block_07_residual1,residual_add,GPU,695346.668693337,695365.0158933371
41,fixed_manifest,block_07_norm2,layer_norm,GPU,695365.0158933371,695387.1454933372
41,fixed_manifest,block_07_ffn_island,fused_ffn_island,FPGA,695545.9102933372,695878.6578133373
41,fixed_manifest,block_07_residual2,residual_add,GPU,696037.4226133373,696055.7698133374
41,fixed_manifest,block_08_norm1,layer_norm,GPU,696055.7698133374,696077.8994133375
41,fixed_manifest,block_08_qkv,linear_qkv,GPU,696077.8994133375,696520.6318933375
41,fixed_manifest,block_08_attention,self_attention,GPU,696520.6318933375,696676.6584533375
41,fixed_manifest,block_08_proj,linear_projection,GPU,696676.6584533375,696828.9026133375
41,fixed_manifest,block_08_residual1,residual_add,GPU,696828.9026133375,696847.2498133376
41,fixed_manifest,block_08_norm2,layer_norm,GPU,696847.2498133376,696869.3794133376
41,fixed_manifest,block_08_ffn_island,fused_ffn_island,FPGA,697028.1442133377,697360.8917333377
41,fixed_manifest,block_08_residual2,residual_add,GPU,697519.6565333378,697538.0037333379
41,fixed_manifest,block_09_norm1,layer_norm,GPU,697538.0037333379,697560.1333333378
41,fixed_manifest,block_09_qkv,linear_qkv,GPU,697560.1333333378,698002.865813338
41,fixed_manifest,block_09_attention,self_attention,GPU,698002.865813338,698158.892373338
41,fixed_manifest,block_09_proj,linear_projection,GPU,698158.892373338,698311.136533338
41,fixed_manifest,block_09_residual1,residual_add,GPU,698311.136533338,698329.4837333381
41,fixed_manifest,block_09_norm2,layer_norm,GPU,698329.4837333381,698351.613333338
41,fixed_manifest,block_09_ffn_island,fused_ffn_island,FPGA,698510.3781333382,698843.1256533382
41,fixed_manifest,block_09_residual2,residual_add,GPU,699001.8904533383,699020.2376533384
41,fixed_manifest,block_10_norm1,layer_norm,GPU,699020.2376533384,699042.3672533383
41,fixed_manifest,block_10_qkv,linear_qkv,GPU,699042.3672533383,699485.0997333383
41,fixed_manifest,block_10_attention,self_attention,GPU,699485.0997333383,699641.1262933384
41,fixed_manifest,block_10_proj,linear_projection,GPU,699641.1262933384,699793.3704533385
41,fixed_manifest,block_10_residual1,residual_add,GPU,699793.3704533385,699811.7176533384
41,fixed_manifest,block_10_norm2,layer_norm,GPU,699811.7176533384,699833.8472533386
41,fixed_manifest,block_10_ffn_island,fused_ffn_island,FPGA,699992.6120533387,700325.3595733386
42,fixed_manifest,patch_embedding,patch_embedding,GPU,700000.0,700151.5068799999
42,fixed_manifest,token_embedding,token_and_position_embedding,GPU,700151.5068799999,700169.85408
42,fixed_manifest,block_00_norm1,layer_norm,GPU,700169.85408,700191.9836800001
42,fixed_manifest,block_00_qkv,linear_qkv,GPU,700191.9836800001,700634.7161600001
41,fixed_manifest,block_10_residual2,residual_add,GPU,700634.7161600001,700653.0633600001
42,fixed_manifest,block_00_attention,self_attention,GPU,700653.0633600001,700809.0899200002
41,fixed_manifest,block_11_norm1,layer_norm,GPU,700809.0899200002,700831.2195200002
42,fixed_manifest,block_00_proj,linear_projection,GPU,700831.2195200002,700983.4636800002
41,fixed_manifest,block_11_qkv,linear_qkv,GPU,700983.4636800002,701426.1961600003
42,fixed_manifest,block_00_residual1,residual_add,GPU,701426.1961600003,701444.5433600002
41,fixed_manifest,block_11_attention,self_attention,GPU,701444.5433600002,701600.5699200003
42,fixed_manifest,block_00_norm2,layer_norm,GPU,701600.5699200003,701622.6995200004
41,fixed_manifest,block_11_proj,linear_projection,GPU,701622.6995200004,701774.9436800004
41,fixed_manifest,block_11_residual1,residual_add,GPU,701774.9436800004,701793.2908800005
42,fixed_manifest,block_00_ffn_island,fused_ffn_island,FPGA,701781.4643200005,702114.2118400005
41,fixed_manifest,block_11_norm2,layer_norm,GPU,701793.2908800005,701815.4204800004
41,fixed_manifest,block_11_ffn_island,fused_ffn_island,FPGA,702114.2118400005,702446.9593600004
42,fixed_manifest,block_00_residual2,residual_add,GPU,702272.9766400006,702291.3238400006
42,fixed_manifest,block_01_norm1,layer_norm,GPU,702291.3238400006,702313.4534400007
42,fixed_manifest,block_01_qkv,linear_qkv,GPU,702313.4534400007,702756.1859200007
41,fixed_manifest,block_11_residual2,residual_add,GPU,702756.1859200007,702774.5331200007
42,fixed_manifest,block_01_attention,self_attention,GPU,702774.5331200007,702930.5596800008
41,fixed_manifest,final_norm,layer_norm,GPU,702930.5596800008,702952.6892800007
42,fixed_manifest,block_01_proj,linear_projection,GPU,702952.6892800007,703104.9334400008
41,fixed_manifest,class_token_select,class_token_select,GPU,703104.9334400008,703111.9718400008
42,fixed_manifest,block_01_residual1,residual_add,GPU,703111.9718400008,703130.3190400009
41,fixed_manifest,classifier,linear_classifier,GPU,703130.3190400009,703138.2790400009
42,fixed_manifest,block_01_norm2,layer_norm,GPU,703138.2790400009,703160.408640001
42,fixed_manifest,block_01_ffn_island,fused_ffn_island,FPGA,703319.1734400011,703651.9209600011
42,fixed_manifest,block_01_residual2,residual_add,GPU,703810.6857600012,703829.0329600013
42,fixed_manifest,block_02_norm1,layer_norm,GPU,703829.0329600013,703851.1625600012
42,fixed_manifest,block_02_qkv,linear_qkv,GPU,703851.1625600012,704293.8950400013
42,fixed_manifest,block_02_attention,self_attention,GPU,704293.8950400013,704449.9216000013
42,fixed_manifest,block_02_proj,linear_projection,GPU,704449.9216000013,704602.1657600013
42,fixed_manifest,block_02_residual1,residual_add,GPU,704602.1657600013,704620.5129600014
42,fixed_manifest,block_02_norm2,layer_norm,GPU,704620.5129600014,704642.6425600015
42,fixed_manifest,block_02_ffn_island,fused_ffn_island,FPGA,704801.4073600015,705134.1548800016
42,fixed_manifest,block_02_residual2,residual_add,GPU,705292.9196800017,705311.2668800016
42,fixed_manifest,block_03_norm1,layer_norm,GPU,705311.2668800016,705333.3964800017
42,fixed_manifest,block_03_qkv,linear_qkv,GPU,705333.3964800017,705776.1289600017
42,fixed_manifest,block_03_attention,self_attention,GPU,705776.1289600017,705932.1555200018
42,fixed_manifest,block_03_proj,linear_projection,GPU,705932.1555200018,706084.3996800018
42,fixed_manifest,block_03_residual1,residual_add,GPU,706084.3996800018,706102.7468800019
42,fixed_manifest,block_03_norm2,layer_norm,GPU,706102.7468800019,706124.8764800018
42,fixed_manifest,block_03_ffn_island,fused_ffn_island,FPGA,706283.641280002,706616.3888000019
42,fixed_manifest,block_03_residual2,residual_add,GPU,706775.153600002,706793.5008000021
42,fixed_manifest,block_04_norm1,layer_norm,GPU,706793.5008000021,706815.6304000021
42,fixed_manifest,block_04_qkv,linear_qkv,GPU,706815.6304000021,707258.3628800022
42,fixed_manifest,block_04_attention,self_attention,GPU,707258.3628800022,707414.3894400023
42,fixed_manifest,block_04_proj,linear_projection,GPU,707414.3894400023,707566.6336000023
42,fixed_manifest,block_04_residual1,residual_add,GPU,707566.6336000023,707584.9808000023
42,fixed_manifest,block_04_norm2,layer_norm,GPU,707584.9808000023,707607.1104000023
42,fixed_manifest,block_04_ffn_island,fused_ffn_island,FPGA,707765.8752000025,708098.6227200024
42,fixed_manifest,block_04_residual2,residual_add,GPU,708257.3875200026,708275.7347200026
42,fixed_manifest,block_05_norm1,layer_norm,GPU,708275.7347200026,708297.8643200026
42,fixed_manifest,block_05_qkv,linear_qkv,GPU,708297.8643200026,708740.5968000026
42,fixed_manifest,block_05_attention,self_attention,GPU,708740.5968000026,708896.6233600026
42,fixed_manifest,block_05_proj,linear_projection,GPU,708896.6233600026,709048.8675200028
42,fixed_manifest,block_05_residual1,residual_add,GPU,709048.8675200028,709067.2147200027
42,fixed_manifest,block_05_norm2,layer_norm,GPU,709067.2147200027,709089.3443200028
42,fixed_manifest,block_05_ffn_island,fused_ffn_island,FPGA,709248.109120003,709580.8566400029
42,fixed_manifest,block_05_residual2,residual_add,GPU,709739.621440003,709757.9686400031
42,fixed_manifest,block_06_norm1,layer_norm,GPU,709757.9686400031,709780.0982400031
42,fixed_manifest,block_06_qkv,linear_qkv,GPU,709780.0982400031,710222.8307200031
42,fixed_manifest,block_06_attention,self_attention,GPU,710222.8307200031,710378.8572800031
42,fixed_manifest,block_06_proj,linear_projection,GPU,710378.8572800031,710531.1014400031
42,fixed_manifest,block_06_residual1,residual_add,GPU,710531.1014400031,710549.4486400032
42,fixed_manifest,block_06_norm2,layer_norm,GPU,710549.4486400032,710571.5782400033
42,fixed_manifest,block_06_ffn_island,fused_ffn_island,FPGA,710730.3430400033,711063.0905600034
42,fixed_manifest,block_06_residual2,residual_add,GPU,711221.8553600035,711240.2025600035
42,fixed_manifest,block_07_norm1,layer_norm,GPU,711240.2025600035,711262.3321600036
42,fixed_manifest,block_07_qkv,linear_qkv,GPU,711262.3321600036,711705.0646400036
42,fixed_manifest,block_07_attention,self_attention,GPU,711705.0646400036,711861.0912000036
42,fixed_manifest,block_07_proj,linear_projection,GPU,711861.0912000036,712013.3353600036
42,fixed_manifest,block_07_residual1,residual_add,GPU,712013.3353600036,712031.6825600037
42,fixed_manifest,block_07_norm2,layer_norm,GPU,712031.6825600037,712053.8121600037
42,fixed_manifest,block_07_ffn_island,fused_ffn_island,FPGA,712212.5769600038,712545.3244800038
42,fixed_manifest,block_07_residual2,residual_add,GPU,712704.0892800039,712722.436480004
42,fixed_manifest,block_08_norm1,layer_norm,GPU,712722.436480004,712744.566080004
42,fixed_manifest,block_08_qkv,linear_qkv,GPU,712744.566080004,713187.2985600041
42,fixed_manifest,block_08_attention,self_attention,GPU,713187.2985600041,713343.3251200041
42,fixed_manifest,block_08_proj,linear_projection,GPU,713343.3251200041,713495.5692800041
42,fixed_manifest,block_08_residual1,residual_add,GPU,713495.5692800041,713513.9164800042
42,fixed_manifest,block_08_norm2,layer_norm,GPU,713513.9164800042,713536.0460800042
42,fixed_manifest,block_08_ffn_island,fused_ffn_island,FPGA,713694.8108800043,714027.5584000043
42,fixed_manifest,block_08_residual2,residual_add,GPU,714186.3232000044,714204.6704000045
42,fixed_manifest,block_09_norm1,layer_norm,GPU,714204.6704000045,714226.8000000045
42,fixed_manifest,block_09_qkv,linear_qkv,GPU,714226.8000000045,714669.5324800045
42,fixed_manifest,block_09_attention,self_attention,GPU,714669.5324800045,714825.5590400045
42,fixed_manifest,block_09_proj,linear_projection,GPU,714825.5590400045,714977.8032000046
42,fixed_manifest,block_09_residual1,residual_add,GPU,714977.8032000046,714996.1504000046
42,fixed_manifest,block_09_norm2,layer_norm,GPU,714996.1504000046,715018.2800000047
42,fixed_manifest,block_09_ffn_island,fused_ffn_island,FPGA,715177.0448000048,715509.7923200048
42,fixed_manifest,block_09_residual2,residual_add,GPU,715668.5571200049,715686.904320005
42,fixed_manifest,block_10_norm1,layer_norm,GPU,715686.904320005,715709.033920005
42,fixed_manifest,block_10_qkv,linear_qkv,GPU,715709.033920005,716151.766400005
42,fixed_manifest,block_10_attention,self_attention,GPU,716151.766400005,716307.792960005
42,fixed_manifest,block_10_proj,linear_projection,GPU,716307.792960005,716460.037120005
42,fixed_manifest,block_10_residual1,residual_add,GPU,716460.037120005,716478.3843200051
42,fixed_manifest,block_10_norm2,layer_norm,GPU,716478.3843200051,716500.5139200052
42,fixed_manifest,block_10_ffn_island,fused_ffn_island,FPGA,716659.2787200052,716992.0262400053
43,fixed_manifest,patch_embedding,patch_embedding,GPU,716666.6666666667,716818.1735466667
43,fixed_manifest,token_embedding,token_and_position_embedding,GPU,716818.1735466667,716836.5207466668
43,fixed_manifest,block_00_norm1,layer_norm,GPU,716836.5207466668,716858.6503466668
43,fixed_manifest,block_00_qkv,linear_qkv,GPU,716858.6503466668,717301.3828266669
42,fixed_manifest,block_10_residual2,residual_add,GPU,717301.3828266669,717319.7300266669
43,fixed_manifest,block_00_attention,self_attention,GPU,717319.7300266669,717475.7565866669
42,fixed_manifest,block_11_norm1,layer_norm,GPU,717475.7565866669,717497.886186667
43,fixed_manifest,block_00_proj,linear_projection,GPU,717497.886186667,717650.130346667
42,fixed_manifest,block_11_qkv,linear_qkv,GPU,717650.130346667,718092.862826667
43,fixed_manifest,block_00_residual1,residual_add,GPU,718092.862826667,718111.2100266671
42,fixed_manifest,block_11_attention,self_attention,GPU,718111.2100266671,718267.2365866671
43,fixed_manifest,block_00_norm2,layer_norm,GPU,718267.2365866671,718289.3661866671
42,fixed_manifest,block_11_proj,linear_projection,GPU,718289.3661866671,718441.6103466672
42,fixed_manifest,block_11_residual1,residual_add,GPU,718441.6103466672,718459.9575466672
43,fixed_manifest,block_00_ffn_island,fused_ffn_island,FPGA,718448.1309866672,718780.8785066673
42,fixed_manifest,block_11_norm2,layer_norm,GPU,718459.9575466672,718482.0871466673
42,fixed_manifest,block_11_ffn_island,fused_ffn_island,FPGA,718780.8785066673,719113.6260266673
43,fixed_manifest,block_00_residual2,residual_add,GPU,718939.6433066673,718957.9905066674
43,fixed_manifest,block_01_norm1,layer_norm,GPU,718957.9905066674,718980.1201066674
43,fixed_manifest,block_01_qkv,linear_qkv,GPU,718980.1201066674,719422.8525866675
42,fixed_manifest,block_11_residual2,residual_add,GPU,719422.8525866675,719441.1997866676
43,fixed_manifest,block_01_attention,self_attention,GPU,719441.1997866676,719597.2263466675
42,fixed_manifest,final_norm,layer_norm,GPU,719597.2263466675,719619.3559466676
43,fixed_manifest,block_01_proj,linear_projection,GPU,719619.3559466676,719771.6001066676
42,fixed_manifest,class_token_select,class_token_select,GPU,719771.6001066676,719778.6385066677
43,fixed_manifest,block_01_residual1,residual_add,GPU,719778.6385066677,719796.9857066678
42,fixed_manifest,classifier,linear_classifier,GPU,719796.9857066678,719804.9457066677
43,fixed_manifest,block_01_norm2,layer_norm,GPU,719804.9457066677,719827.0753066678
43,fixed_manifest,block_01_ffn_island,fused_ffn_island,FPGA,719985.8401066678,720318.5876266679
43,fixed_manifest,block_01_residual2,residual_add,GPU,720477.352426668,720495.699626668
43,fixed_manifest,block_02_norm1,layer_norm,GPU,720495.699626668,720517.8292266681
43,fixed_manifest,block_02_qkv,linear_qkv,GPU,720517.8292266681,720960.5617066681
43,fixed_manifest,block_02_attention,self_attention,GPU,720960.5617066681,721116.5882666681
43,fixed_manifest,block_02_proj,linear_projection,GPU,721116.5882666681,721268.8324266681
43,fixed_manifest,block_02_residual1,residual_add,GPU,721268.8324266681,721287.1796266682
43,fixed_manifest,block_02_norm2,layer_norm,GPU,721287.1796266682,721309.3092266682
43,fixed_manifest,block_02_ffn_island,fused_ffn_island,FPGA,721468.0740266683,721800.8215466683
43,fixed_manifest,block_02_residual2,residual_add,GPU,721959.5863466684,721977.9335466685
43,fixed_manifest,block_03_norm1,layer_norm,GPU,721977.9335466685,722000.0631466685
43,fixed_manifest,block_03_qkv,linear_qkv,GPU,722000.0631466685,722442.7956266686
43,fixed_manifest,block_03_attention,self_attention,GPU,722442.7956266686,722598.8221866686
43,fixed_manifest,block_03_proj,linear_projection,GPU,722598.8221866686,722751.0663466686
43,fixed_manifest,block_03_residual1,residual_add,GPU,722751.0663466686,722769.4135466687
43,fixed_manifest,block_03_norm2,layer_norm,GPU,722769.4135466687,722791.5431466687
43,fixed_manifest,block_03_ffn_island,fused_ffn_island,FPGA,722950.3079466688,723283.0554666688
43,fixed_manifest,block_03_residual2,residual_add,GPU,723441.8202666689,723460.167466669
43,fixed_manifest,block_04_norm1,layer_norm,GPU,723460.167466669,723482.297066669
43,fixed_manifest,block_04_qkv,linear_qkv,GPU,723482.297066669,723925.029546669
43,fixed_manifest,block_04_attention,self_attention,GPU,723925.029546669,724081.056106669
43,fixed_manifest,block_04_proj,linear_projection,GPU,724081.056106669,724233.3002666691
43,fixed_manifest,block_04_residual1,residual_add,GPU,724233.3002666691,724251.6474666691
43,fixed_manifest,block_04_norm2,layer_norm,GPU,724251.6474666691,724273.7770666692
43,fixed_manifest,block_04_ffn_island,fused_ffn_island,FPGA,724432.5418666693,724765.2893866693
43,fixed_manifest,block_04_residual2,residual_add,GPU,724924.0541866694,724942.4013866695
43,fixed_manifest,block_05_norm1,layer_norm,GPU,724942.4013866695,724964.5309866695
43,fixed_manifest,block_05_qkv,linear_qkv,GPU,724964.5309866695,725407.2634666695
43,fixed_manifest,block_05_attention,self_attention,GPU,725407.2634666695,725563.2900266695
43,fixed_manifest,block_05_proj,linear_projection,GPU,725563.2900266695,725715.5341866695
43,fixed_manifest,block_05_residual1,residual_add,GPU,725715.5341866695,725733.8813866696
43,fixed_manifest,block_05_norm2,layer_norm,GPU,725733.8813866696,725756.0109866697
43,fixed_manifest,block_05_ffn_island,fused_ffn_island,FPGA,725914.7757866697,726247.5233066698
43,fixed_manifest,block_05_residual2,residual_add,GPU,726406.2881066699,726424.6353066699
43,fixed_manifest,block_06_norm1,layer_norm,GPU,726424.6353066699,726446.76490667
43,fixed_manifest,block_06_qkv,linear_qkv,GPU,726446.76490667,726889.49738667
43,fixed_manifest,block_06_attention,self_attention,GPU,726889.49738667,727045.52394667
43,fixed_manifest,block_06_proj,linear_projection,GPU,727045.52394667,727197.76810667
43,fixed_manifest,block_06_residual1,residual_add,GPU,727197.76810667,727216.1153066701
43,fixed_manifest,block_06_norm2,layer_norm,GPU,727216.1153066701,727238.2449066701
43,fixed_manifest,block_06_ffn_island,fused_ffn_island,FPGA,727397.0097066702,727729.7572266702
43,fixed_manifest,block_06_residual2,residual_add,GPU,727888.5220266703,727906.8692266704
43,fixed_manifest,block_07_norm1,layer_norm,GPU,727906.8692266704,727928.9988266703
43,fixed_manifest,block_07_qkv,linear_qkv,GPU,727928.9988266703,728371.7313066705
43,fixed_manifest,block_07_attention,self_attention,GPU,728371.7313066705,728527.7578666705
43,fixed_manifest,block_07_proj,linear_projection,GPU,728527.7578666705,728680.0020266705
43,fixed_manifest,block_07_residual1,residual_add,GPU,728680.0020266705,728698.3492266706
43,fixed_manifest,block_07_norm2,layer_norm,GPU,728698.3492266706,728720.4788266706
43,fixed_manifest,block_07_ffn_island,fused_ffn_island,FPGA,728879.2436266707,729211.9911466707
43,fixed_manifest,block_07_residual2,residual_add,GPU,729370.7559466708,729389.1031466709
43,fixed_manifest,block_08_norm1,layer_norm,GPU,729389.1031466709,729411.2327466708
43,fixed_manifest,block_08_qkv,linear_qkv,GPU,729411.2327466708,729853.9652266708
43,fixed_manifest,block_08_attention,self_attention,GPU,729853.9652266708,730009.9917866709
43,fixed_manifest,block_08_proj,linear_projection,GPU,730009.9917866709,730162.235946671
43,fixed_manifest,block_08_residual1,residual_add,GPU,730162.235946671,730180.583146671
43,fixed_manifest,block_08_norm2,layer_norm,GPU,730180.583146671,730202.712746671
43,fixed_manifest,block_08_ffn_island,fused_ffn_island,FPGA,730361.4775466712,730694.2250666711
43,fixed_manifest,block_08_residual2,residual_add,GPU,730852.9898666713,730871.3370666713
43,fixed_manifest,block_09_norm1,layer_norm,GPU,730871.3370666713,730893.4666666713
43,fixed_manifest,block_09_qkv,linear_qkv,GPU,730893.4666666713,731336.1991466713
43,fixed_manifest,block_09_attention,self_attention,GPU,731336.1991466713,731492.2257066714
43,fixed_manifest,block_09_proj,linear_projection,GPU,731492.2257066714,731644.4698666714
43,fixed_manifest,block_09_residual1,residual_add,GPU,731644.4698666714,731662.8170666714
43,fixed_manifest,block_09_norm2,layer_norm,GPU,731662.8170666714,731684.9466666715
43,fixed_manifest,block_09_ffn_island,fused_ffn_island,FPGA,731843.7114666715,732176.4589866716
43,fixed_manifest,block_09_residual2,residual_add,GPU,732335.2237866718,732353.5709866717
43,fixed_manifest,block_10_norm1,layer_norm,GPU,732353.5709866717,732375.7005866718
43,fixed_manifest,block_10_qkv,linear_qkv,GPU,732375.7005866718,732818.4330666718
43,fixed_manifest,block_10_attention,self_attention,GPU,732818.4330666718,732974.4596266719
43,fixed_manifest,block_10_proj,linear_projection,GPU,732974.4596266719,733126.7037866719
43,fixed_manifest,block_10_residual1,residual_add,GPU,733126.7037866719,733145.0509866719
43,fixed_manifest,block_10_norm2,layer_norm,GPU,733145.0509866719,733167.1805866719
43,fixed_manifest,block_10_ffn_island,fused_ffn_island,FPGA,733325.945386672,733658.692906672
44,fixed_manifest,patch_embedding,patch_embedding,GPU,733333.3333333334,733484.8402133334
44,fixed_manifest,token_embedding,token_and_position_embedding,GPU,733484.8402133334,733503.1874133334
44,fixed_manifest,block_00_norm1,layer_norm,GPU,733503.1874133334,733525.3170133334
44,fixed_manifest,block_00_qkv,linear_qkv,GPU,733525.3170133334,733968.0494933334
43,fixed_manifest,block_10_residual2,residual_add,GPU,733968.0494933334,733986.3966933335
44,fixed_manifest,block_00_attention,self_attention,GPU,733986.3966933335,734142.4232533335
43,fixed_manifest,block_11_norm1,layer_norm,GPU,734142.4232533335,734164.5528533336
44,fixed_manifest,block_00_proj,linear_projection,GPU,734164.5528533336,734316.7970133336
43,fixed_manifest,block_11_qkv,linear_qkv,GPU,734316.7970133336,734759.5294933337
44,fixed_manifest,block_00_residual1,residual_add,GPU,734759.5294933337,734777.8766933337
43,fixed_manifest,block_11_attention,self_attention,GPU,734777.8766933337,734933.9032533338
44,fixed_manifest,block_00_norm2,layer_norm,GPU,734933.9032533338,734956.0328533337
43,fixed_manifest,block_11_proj,linear_projection,GPU,734956.0328533337,735108.2770133339
43,fixed_manifest,block_11_residual1,residual_add,GPU,735108.2770133339,735126.6242133338
44,fixed_manifest,block_00_ffn_island,fused_ffn_island,FPGA,735114.7976533339,735447.5451733338
43,fixed_manifest,block_11_norm2,layer_norm,GPU,735126.6242133338,735148.7538133339
43,fixed_manifest,block_11_ffn_island,fused_ffn_island,FPGA,735447.5451733338,735780.2926933339
44,fixed_manifest,block_00_residual2,residual_add,GPU,735606.309973334,735624.657173334
44,fixed_manifest,block_01_norm1,layer_norm,GPU,735624.657173334,735646.786773334
44,fixed_manifest,block_01_qkv,linear_qkv,GPU,735646.786773334,736089.5192533341
43,fixed_manifest,block_11_residual2,residual_add,GPU,736089.5192533341,736107.8664533341
44,fixed_manifest,block_01_attention,self_attention,GPU,736107.8664533341,736263.8930133341
43,fixed_manifest,final_norm,layer_norm,GPU,736263.8930133341,736286.0226133342
44,fixed_manifest,block_01_proj,linear_projection,GPU,736286.0226133342,736438.2667733342
43,fixed_manifest,class_token_select,class_token_select,GPU,736438.2667733342,736445.3051733343
44,fixed_manifest,block_01_residual1,residual_add,GPU,736445.3051733343,736463.6523733343
43,fixed_manifest,classifier,linear_classifier,GPU,736463.6523733343,736471.6123733344
44,fixed_manifest,block_01_norm2,layer_norm,GPU,736471.6123733344,736493.7419733343
44,fixed_manifest,block_01_ffn_island,fused_ffn_island,FPGA,736652.5067733345,736985.2542933346
44,fixed_manifest,block_01_residual2,residual_add,GPU,737144.0190933346,737162.3662933346
44,fixed_manifest,block_02_norm1,layer_norm,GPU,737162.3662933346,737184.4958933347
44,fixed_manifest,block_02_qkv,linear_qkv,GPU,737184.4958933347,737627.2283733347
44,fixed_manifest,block_02_attention,self_attention,GPU,737627.2283733347,737783.2549333348
44,fixed_manifest,block_02_proj,linear_projection,GPU,737783.2549333348,737935.4990933348
44,fixed_manifest,block_02_residual1,residual_add,GPU,737935.4990933348,737953.8462933348
44,fixed_manifest,block_02_norm2,layer_norm,GPU,737953.8462933348,737975.9758933348
44,fixed_manifest,block_02_ffn_island,fused_ffn_island,FPGA,738134.740693335,738467.4882133349
44,fixed_manifest,block_02_residual2,residual_add,GPU,738626.253013335,738644.6002133351
44,fixed_manifest,block_03_norm1,layer_norm,GPU,738644.6002133351,738666.7298133351
44,fixed_manifest,block_03_qkv,linear_qkv,GPU,738666.7298133351,739109.4622933352
44,fixed_manifest,block_03_attention,self_attention,GPU,739109.4622933352,739265.4888533353
44,fixed_manifest,block_03_proj,linear_projection,GPU,739265.4888533353,739417.7330133353
44,fixed_manifest,block_03_residual1,residual_add,GPU,739417.7330133353,739436.0802133353
44,fixed_manifest,block_03_norm2,layer_norm,GPU,739436.0802133353,739458.2098133353
44,fixed_manifest,block_03_ffn_island,fused_ffn_island,FPGA,739616.9746133354,739949.7221333354
44,fixed_manifest,block_03_residual2,residual_add,GPU,740108.4869333355,740126.8341333356
44,fixed_manifest,block_04_norm1,layer_norm,GPU,740126.8341333356,740148.9637333356
44,fixed_manifest,block_04_qkv,linear_qkv,GPU,740148.9637333356,740591.6962133356
44,fixed_manifest,block_04_attention,self_attention,GPU,740591.6962133356,740747.7227733356
44,fixed_manifest,block_04_proj,linear_projection,GPU,740747.7227733356,740899.9669333358
44,fixed_manifest,block_04_residual1,residual_add,GPU,740899.9669333358,740918.3141333357
44,fixed_manifest,block_04_norm2,layer_norm,GPU,740918.3141333357,740940.4437333358
44,fixed_manifest,block_04_ffn_island,fused_ffn_island,FPGA,741099.208533336,741431.9560533359
44,fixed_manifest,block_04_residual2,residual_add,GPU,741590.720853336,741609.068053336
44,fixed_manifest,block_05_norm1,layer_norm,GPU,741609.068053336,741631.1976533361
44,fixed_manifest,block_05_qkv,linear_qkv,GPU,741631.1976533361,742073.9301333361
44,fixed_manifest,block_05_attention,self_attention,GPU,742073.9301333361,742229.9566933361
44,fixed_manifest,block_05_proj,linear_projection,GPU,742229.9566933361,742382.2008533361
44,fixed_manifest,block_05_residual1,residual_add,GPU,742382.2008533361,742400.5480533362
44,fixed_manifest,block_05_norm2,layer_norm,GPU,742400.5480533362,742422.6776533362
44,fixed_manifest,block_05_ffn_island,fused_ffn_island,FPGA,742581.4424533363,742914.1899733364
44,fixed_manifest,block_05_residual2,residual_add,GPU,743072.9547733364,743091.3019733365
44,fixed_manifest,block_06_norm1,layer_norm,GPU,743091.3019733365,743113.4315733365
44,fixed_manifest,block_06_qkv,linear_qkv,GPU,743113.4315733365,743556.1640533366
44,fixed_manifest,block_06_attention,self_attention,GPU,743556.1640533366,743712.1906133366
44,fixed_manifest,block_06_proj,linear_projection,GPU,743712.1906133366,743864.4347733366
44,fixed_manifest,block_06_residual1,residual_add,GPU,743864.4347733366,743882.7819733367
44,fixed_manifest,block_06_norm2,layer_norm,GPU,743882.7819733367,743904.9115733367
44,fixed_manifest,block_06_ffn_island,fused_ffn_island,FPGA,744063.6763733368,744396.4238933368
44,fixed_manifest,block_06_residual2,residual_add,GPU,744555.1886933369,744573.535893337
44,fixed_manifest,block_07_norm1,layer_norm,GPU,744573.535893337,744595.665493337
44,fixed_manifest,block_07_qkv,linear_qkv,GPU,744595.665493337,745038.3979733371
44,fixed_manifest,block_07_attention,self_attention,GPU,745038.3979733371,745194.424533337
44,fixed_manifest,block_07_proj,linear_projection,GPU,745194.424533337,745346.6686933371
44,fixed_manifest,block_07_residual1,residual_add,GPU,745346.6686933371,745365.0158933372
44,fixed_manifest,block_07_norm2,layer_norm,GPU,745365.0158933372,745387.1454933372
44,fixed_manifest,block_07_ffn_island,fused_ffn_island,FPGA,745545.9102933373,745878.6578133373
44,fixed_manifest,block_07_residual2,residual_add,GPU,746037.4226133374,746055.7698133375
44,fixed_manifest,block_08_norm1,layer_norm,GPU,746055.7698133375,746077.8994133375
44,fixed_manifest,block_08_qkv,linear_qkv,GPU,746077.8994133375,746520.6318933375
44,fixed_manifest,block_08_attention,self_attention,GPU,746520.6318933375,746676.6584533375
44,fixed_manifest,block_08_proj,linear_projection,GPU,746676.6584533375,746828.9026133376
44,fixed_manifest,block_08_residual1,residual_add,GPU,746828.9026133376,746847.2498133376
44,fixed_manifest,block_08_norm2,layer_norm,GPU,746847.2498133376,746869.3794133377
44,fixed_manifest,block_08_ffn_island,fused_ffn_island,FPGA,747028.1442133377,747360.8917333378
44,fixed_manifest,block_08_residual2,residual_add,GPU,747519.6565333379,747538.0037333379
44,fixed_manifest,block_09_norm1,layer_norm,GPU,747538.0037333379,747560.133333338
44,fixed_manifest,block_09_qkv,linear_qkv,GPU,747560.133333338,748002.865813338
44,fixed_manifest,block_09_attention,self_attention,GPU,748002.865813338,748158.892373338
44,fixed_manifest,block_09_proj,linear_projection,GPU,748158.892373338,748311.136533338
44,fixed_manifest,block_09_residual1,residual_add,GPU,748311.136533338,748329.4837333381
44,fixed_manifest,block_09_norm2,layer_norm,GPU,748329.4837333381,748351.613333338
44,fixed_manifest,block_09_ffn_island,fused_ffn_island,FPGA,748510.3781333382,748843.1256533383
44,fixed_manifest,block_09_residual2,residual_add,GPU,749001.8904533383,749020.2376533384
44,fixed_manifest,block_10_norm1,layer_norm,GPU,749020.2376533384,749042.3672533383
44,fixed_manifest,block_10_qkv,linear_qkv,GPU,749042.3672533383,749485.0997333385
44,fixed_manifest,block_10_attention,self_attention,GPU,749485.0997333385,749641.1262933385
44,fixed_manifest,block_10_proj,linear_projection,GPU,749641.1262933385,749793.3704533385
44,fixed_manifest,block_10_residual1,residual_add,GPU,749793.3704533385,749811.7176533386
44,fixed_manifest,block_10_norm2,layer_norm,GPU,749811.7176533386,749833.8472533386
44,fixed_manifest,block_10_ffn_island,fused_ffn_island,FPGA,749992.6120533387,750325.3595733386
45,fixed_manifest,patch_embedding,patch_embedding,GPU,750000.0,750151.50688
45,fixed_manifest,token_embedding,token_and_position_embedding,GPU,750151.50688,750169.8540800001
45,fixed_manifest,block_00_norm1,layer_norm,GPU,750169.8540800001,750191.9836800001
45,fixed_manifest,block_00_qkv,linear_qkv,GPU,750191.9836800001,750634.7161600001
44,fixed_manifest,block_10_residual2,residual_add,GPU,750634.7161600001,750653.0633600001
45,fixed_manifest,block_00_attention,self_attention,GPU,750653.0633600001,750809.0899200002
44,fixed_manifest,block_11_norm1,layer_norm,GPU,750809.0899200002,750831.2195200002
45,fixed_manifest,block_00_proj,linear_projection,GPU,750831.2195200002,750983.4636800003
44,fixed_manifest,block_11_qkv,linear_qkv,GPU,750983.4636800003,751426.1961600003
45,fixed_manifest,block_00_residual1,residual_add,GPU,751426.1961600003,751444.5433600004
44,fixed_manifest,block_11_attention,self_attention,GPU,751444.5433600004,751600.5699200004
45,fixed_manifest,block_00_norm2,layer_norm,GPU,751600.5699200004,751622.6995200004
44,fixed_manifest,block_11_proj,linear_projection,GPU,751622.6995200004,751774.9436800004
44,fixed_manifest,block_11_residual1,residual_add,GPU,751774.9436800004,751793.2908800005
45,fixed_manifest,block_00_ffn_island,fused_ffn_island,FPGA,751781.4643200005,752114.2118400005
44,fixed_manifest,block_11_norm2,layer_norm,GPU,751793.2908800005,751815.4204800006
44,fixed_manifest,block_11_ffn_island,fused_ffn_island,FPGA,752114.2118400005,752446.9593600004
45,fixed_manifest,block_00_residual2,residual_add,GPU,752272.9766400006,752291.3238400007
45,fixed_manifest,block_01_norm1,layer_norm,GPU,752291.3238400007,752313.4534400007
45,fixed_manifest,block_01_qkv,linear_qkv,GPU,752313.4534400007,752756.1859200007
44,fixed_manifest,block_11_residual2,residual_add,GPU,752756.1859200007,752774.5331200007
45,fixed_manifest,block_01_attention,self_attention,GPU,752774.5331200007,752930.5596800008
44,fixed_manifest,final_norm,layer_norm,GPU,752930.5596800008,752952.6892800009
45,fixed_manifest,block_01_proj,linear_projection,GPU,752952.6892800009,753104.9334400009
44,fixed_manifest,class_token_select,class_token_select,GPU,753104.9334400009,753111.971840001
45,fixed_manifest,block_01_residual1,residual_add,GPU,753111.971840001,753130.3190400009
44,fixed_manifest,classifier,linear_classifier,GPU,753130.3190400009,753138.279040001
45,fixed_manifest,block_01_norm2,layer_norm,GPU,753138.279040001,753160.408640001
45,fixed_manifest,block_01_ffn_island,fused_ffn_island,FPGA,753319.1734400011,753651.9209600011
45,fixed_manifest,block_01_residual2,residual_add,GPU,753810.6857600012,753829.0329600013
45,fixed_manifest,block_02_norm1,layer_norm,GPU,753829.0329600013,753851.1625600012
45,fixed_manifest,block_02_qkv,linear_qkv,GPU,753851.1625600012,754293.8950400014
45,fixed_manifest,block_02_attention,self_attention,GPU,754293.8950400014,754449.9216000014
45,fixed_manifest,block_02_proj,linear_projection,GPU,754449.9216000014,754602.1657600014
45,fixed_manifest,block_02_residual1,residual_add,GPU,754602.1657600014,754620.5129600015
45,fixed_manifest,block_02_norm2,layer_norm,GPU,754620.5129600015,754642.6425600015
45,fixed_manifest,block_02_ffn_island,fused_ffn_island,FPGA,754801.4073600016,755134.1548800016
45,fixed_manifest,block_02_residual2,residual_add,GPU,755292.9196800017,755311.2668800018
45,fixed_manifest,block_03_norm1,layer_norm,GPU,755311.2668800018,755333.3964800017
45,fixed_manifest,block_03_qkv,linear_qkv,GPU,755333.3964800017,755776.1289600017
45,fixed_manifest,block_03_attention,self_attention,GPU,755776.1289600017,755932.1555200018
45,fixed_manifest,block_03_proj,linear_projection,GPU,755932.1555200018,756084.3996800019
45,fixed_manifest,block_03_residual1,residual_add,GPU,756084.3996800019,756102.7468800019
45,fixed_manifest,block_03_norm2,layer_norm,GPU,756102.7468800019,756124.876480002
45,fixed_manifest,block_03_ffn_island,fused_ffn_island,FPGA,756283.6412800021,756616.388800002
45,fixed_manifest,block_03_residual2,residual_add,GPU,756775.1536000022,756793.5008000021
45,fixed_manifest,block_04_norm1,layer_norm,GPU,756793.5008000021,756815.6304000022
45,fixed_manifest,block_04_qkv,linear_qkv,GPU,756815.6304000022,757258.3628800022
45,fixed_manifest,block_04_attention,self_attention,GPU,757258.3628800022,757414.3894400023
45,fixed_manifest,block_04_proj,linear_projection,GPU,757414.3894400023,757566.6336000023
45,fixed_manifest,block_04_residual1,residual_add,GPU,757566.6336000023,757584.9808000023
45,fixed_manifest,block_04_norm2,layer_norm,GPU,757584.9808000023,757607.1104000024
45,fixed_manifest,block_04_ffn_island,fused_ffn_island,FPGA,757765.8752000025,758098.6227200025
45,fixed_manifest,block_04_residual2,residual_add,GPU,758257.3875200026,758275.7347200026
45,fixed_manifest,block_05_norm1,layer_norm,GPU,758275.7347200026,758297.8643200027
45,fixed_manifest,block_05_qkv,linear_qkv,GPU,758297.8643200027,758740.5968000027
45,fixed_manifest,block_05_attention,self_attention,GPU,758740.5968000027,758896.6233600028
45,fixed_manifest,block_05_proj,linear_projection,GPU,758896.6233600028,759048.8675200028
45,fixed_manifest,block_05_residual1,residual_add,GPU,759048.8675200028,759067.2147200028
45,fixed_manifest,block_05_norm2,layer_norm,GPU,759067.2147200028,759089.3443200028
45,fixed_manifest,block_05_ffn_island,fused_ffn_island,FPGA,759248.109120003,759580.8566400029
45,fixed_manifest,block_05_residual2,residual_add,GPU,759739.621440003,759757.9686400031
45,fixed_manifest,block_06_norm1,layer_norm,GPU,759757.9686400031,759780.0982400031
45,fixed_manifest,block_06_qkv,linear_qkv,GPU,759780.0982400031,760222.8307200032
45,fixed_manifest,block_06_attention,self_attention,GPU,760222.8307200032,760378.8572800033
45,fixed_manifest,block_06_proj,linear_projection,GPU,760378.8572800033,760531.1014400033
45,fixed_manifest,block_06_residual1,residual_add,GPU,760531.1014400033,760549.4486400033
45,fixed_manifest,block_06_norm2,layer_norm,GPU,760549.4486400033,760571.5782400033
45,fixed_manifest,block_06_ffn_island,fused_ffn_island,FPGA,760730.3430400034,761063.0905600034
45,fixed_manifest,block_06_residual2,residual_add,GPU,761221.8553600035,761240.2025600036
45,fixed_manifest,block_07_norm1,layer_norm,GPU,761240.2025600036,761262.3321600036
45,fixed_manifest,block_07_qkv,linear_qkv,GPU,761262.3321600036,761705.0646400036
45,fixed_manifest,block_07_attention,self_attention,GPU,761705.0646400036,761861.0912000036
45,fixed_manifest,block_07_proj,linear_projection,GPU,761861.0912000036,762013.3353600038
45,fixed_manifest,block_07_residual1,residual_add,GPU,762013.3353600038,762031.6825600037
45,fixed_manifest,block_07_norm2,layer_norm,GPU,762031.6825600037,762053.8121600038
45,fixed_manifest,block_07_ffn_island,fused_ffn_island,FPGA,762212.5769600039,762545.3244800039
45,fixed_manifest,block_07_residual2,residual_add,GPU,762704.089280004,762722.436480004
45,fixed_manifest,block_08_norm1,layer_norm,GPU,762722.436480004,762744.5660800041
45,fixed_manifest,block_08_qkv,linear_qkv,GPU,762744.5660800041,763187.2985600041
45,fixed_manifest,block_08_attention,self_attention,GPU,763187.2985600041,763343.3251200041
45,fixed_manifest,block_08_proj,linear_projection,GPU,763343.3251200041,763495.5692800041
45,fixed_manifest,block_08_residual1,residual_add,GPU,763495.5692800041,763513.9164800042
45,fixed_manifest,block_08_norm2,layer_norm,GPU,763513.9164800042,763536.0460800043
45,fixed_manifest,block_08_ffn_island,fused_ffn_island,FPGA,763694.8108800043,764027.5584000044
45,fixed_manifest,block_08_residual2,residual_add,GPU,764186.3232000044,764204.6704000045
45,fixed_manifest,block_09_norm1,layer_norm,GPU,764204.6704000045,764226.8000000046
45,fixed_manifest,block_09_qkv,linear_qkv,GPU,764226.8000000046,764669.5324800046
45,fixed_manifest,block_09_attention,self_attention,GPU,764669.5324800046,764825.5590400046
45,fixed_manifest,block_09_proj,linear_projection,GPU,764825.5590400046,764977.8032000046
45,fixed_manifest,block_09_residual1,residual_add,GPU,764977.8032000046,764996.1504000047
45,fixed_manifest,block_09_norm2,layer_norm,GPU,764996.1504000047,765018.2800000047
45,fixed_manifest,block_09_ffn_island,fused_ffn_island,FPGA,765177.0448000048,765509.7923200048
45,fixed_manifest,block_09_residual2,residual_add,GPU,765668.5571200049,765686.904320005
45,fixed_manifest,block_10_norm1,layer_norm,GPU,765686.904320005,765709.033920005
45,fixed_manifest,block_10_qkv,linear_qkv,GPU,765709.033920005,766151.7664000051
45,fixed_manifest,block_10_attention,self_attention,GPU,766151.7664000051,766307.7929600051
45,fixed_manifest,block_10_proj,linear_projection,GPU,766307.7929600051,766460.0371200051
45,fixed_manifest,block_10_residual1,residual_add,GPU,766460.0371200051,766478.3843200052
45,fixed_manifest,block_10_norm2,layer_norm,GPU,766478.3843200052,766500.5139200052
45,fixed_manifest,block_10_ffn_island,fused_ffn_island,FPGA,766659.2787200053,766992.0262400053
46,fixed_manifest,patch_embedding,patch_embedding,GPU,766666.6666666667,766818.1735466667
46,fixed_manifest,token_embedding,token_and_position_embedding,GPU,766818.1735466667,766836.5207466667
46,fixed_manifest,block_00_norm1,layer_norm,GPU,766836.5207466667,766858.6503466668
46,fixed_manifest,block_00_qkv,linear_qkv,GPU,766858.6503466668,767301.3828266668
45,fixed_manifest,block_10_residual2,residual_add,GPU,767301.3828266668,767319.7300266669
46,fixed_manifest,block_00_attention,self_attention,GPU,767319.7300266669,767475.7565866669
45,fixed_manifest,block_11_norm1,layer_norm,GPU,767475.7565866669,767497.8861866669
46,fixed_manifest,block_00_proj,linear_projection,GPU,767497.8861866669,767650.1303466669
45,fixed_manifest,block_11_qkv,linear_qkv,GPU,767650.1303466669,768092.862826667
46,fixed_manifest,block_00_residual1,residual_add,GPU,768092.862826667,768111.2100266671
45,fixed_manifest,block_11_attention,self_attention,GPU,768111.2100266671,768267.236586667
46,fixed_manifest,block_00_norm2,layer_norm,GPU,768267.236586667,768289.3661866671
45,fixed_manifest,block_11_proj,linear_projection,GPU,768289.3661866671,768441.6103466671
45,fixed_manifest,block_11_residual1,residual_add,GPU,768441.6103466671,768459.9575466672
46,fixed_manifest,block_00_ffn_island,fused_ffn_island,FPGA,768448.1309866672,768780.8785066672
45,fixed_manifest,block_11_norm2,layer_norm,GPU,768459.9575466672,768482.0871466672
45,fixed_manifest,block_11_ffn_island,fused_ffn_island,FPGA,768780.8785066672,769113.6260266672
46,fixed_manifest,block_00_residual2,residual_add,GPU,768939.6433066673,768957.9905066674
46,fixed_manifest,block_01_norm1,layer_norm,GPU,768957.9905066674,768980.1201066674
46,fixed_manifest,block_01_qkv,linear_qkv,GPU,768980.1201066674,769422.8525866674
45,fixed_manifest,block_11_residual2,residual_add,GPU,769422.8525866674,769441.1997866675
46,fixed_manifest,block_01_attention,self_attention,GPU,769441.1997866675,769597.2263466675
45,fixed_manifest,final_norm,layer_norm,GPU,769597.2263466675,769619.3559466675
46,fixed_manifest,block_01_proj,linear_projection,GPU,769619.3559466675,769771.6001066676
45,fixed_manifest,class_token_select,class_token_select,GPU,769771.6001066676,769778.6385066676
46,fixed_manifest,block_01_residual1,residual_add,GPU,769778.6385066676,769796.9857066676
45,fixed_manifest,classifier,linear_classifier,GPU,769796.9857066676,769804.9457066677
46,fixed_manifest,block_01_norm2,layer_norm,GPU,769804.9457066677,769827.0753066677
46,fixed_manifest,block_01_ffn_island,fused_ffn_island,FPGA,769985.8401066678,770318.5876266678
46,fixed_manifest,block_01_residual2,residual_add,GPU,770477.3524266679,770495.699626668
46,fixed_manifest,block_02_norm1,layer_norm,GPU,770495.699626668,770517.829226668
46,fixed_manifest,block_02_qkv,linear_qkv,GPU,770517.829226668,770960.561706668
46,fixed_manifest,block_02_attention,self_attention,GPU,770960.561706668,771116.588266668
46,fixed_manifest,block_02_proj,linear_projection,GPU,771116.588266668,771268.8324266681
46,fixed_manifest,block_02_residual1,residual_add,GPU,771268.8324266681,771287.1796266681
46,fixed_manifest,block_02_norm2,layer_norm,GPU,771287.1796266681,771309.3092266682
46,fixed_manifest,block_02_ffn_island,fused_ffn_island,FPGA,771468.0740266683,771800.8215466683
46,fixed_manifest,block_02_residual2,residual_add,GPU,771959.5863466684,771977.9335466684
46,fixed_manifest,block_03_norm1,layer_norm,GPU,771977.9335466684,772000.0631466685
46,fixed_manifest,block_03_qkv,linear_qkv,GPU,772000.0631466685,772442.7956266685
46,fixed_manifest,block_03_attention,self_attention,GPU,772442.7956266685,772598.8221866685
46,fixed_manifest,block_03_proj,linear_projection,GPU,772598.8221866685,772751.0663466685
46,fixed_manifest,block_03_residual1,residual_add,GPU,772751.0663466685,772769.4135466686
46,fixed_manifest,block_03_norm2,layer_norm,GPU,772769.4135466686,772791.5431466687
46,fixed_manifest,block_03_ffn_island,fused_ffn_island,FPGA,772950.3079466687,773283.0554666688
46,fixed_manifest,block_03_residual2,residual_add,GPU,773441.8202666688,773460.1674666689
46,fixed_manifest,block_04_norm1,layer_norm,GPU,773460.1674666689,773482.297066669
46,fixed_manifest,block_04_qkv,linear_qkv,GPU,773482.297066669,773925.029546669
46,fixed_manifest,block_04_attention,self_attention,GPU,773925.029546669,774081.056106669
46,fixed_manifest,block_04_proj,linear_projection,GPU,774081.056106669,774233.300266669
46,fixed_manifest,block_04_residual1,residual_add,GPU,774233.300266669,774251.6474666691
46,fixed_manifest,block_04_norm2,layer_norm,GPU,774251.6474666691,774273.7770666691
46,fixed_manifest,block_04_ffn_island,fused_ffn_island,FPGA,774432.5418666692,774765.2893866692
46,fixed_manifest,block_04_residual2,residual_add,GPU,774924.0541866693,774942.4013866694
46,fixed_manifest,block_05_norm1,layer_norm,GPU,774942.4013866694,774964.5309866694
46,fixed_manifest,block_05_qkv,linear_qkv,GPU,774964.5309866694,775407.2634666695
46,fixed_manifest,block_05_attention,self_attention,GPU,775407.2634666695,775563.2900266695
46,fixed_manifest,block_05_proj,linear_projection,GPU,775563.2900266695,775715.5341866695
46,fixed_manifest,block_05_residual1,residual_add,GPU,775715.5341866695,775733.8813866696
46,fixed_manifest,block_05_norm2,layer_norm,GPU,775733.8813866696,775756.0109866696
46,fixed_manifest,block_05_ffn_island,fused_ffn_island,FPGA,775914.7757866697,776247.5233066697
46,fixed_manifest,block_05_residual2,residual_add,GPU,776406.2881066698,776424.6353066699
46,fixed_manifest,block_06_norm1,layer_norm,GPU,776424.6353066699,776446.7649066699
46,fixed_manifest,block_06_qkv,linear_qkv,GPU,776446.7649066699,776889.4973866699
46,fixed_manifest,block_06_attention,self_attention,GPU,776889.4973866699,777045.5239466699
46,fixed_manifest,block_06_proj,linear_projection,GPU,777045.5239466699,777197.76810667
46,fixed_manifest,block_06_residual1,residual_add,GPU,777197.76810667,777216.11530667
46,fixed_manifest,block_06_norm2,layer_norm,GPU,777216.11530667,777238.2449066701
46,fixed_manifest,block_06_ffn_island,fused_ffn_island,FPGA,777397.0097066702,777729.7572266702
46,fixed_manifest,block_06_residual2,residual_add,GPU,777888.5220266703,777906.8692266702
46,fixed_manifest,block_07_norm1,layer_norm,GPU,777906.8692266702,777928.9988266703
46,fixed_manifest,block_07_qkv,linear_qkv,GPU,777928.9988266703,778371.7313066704
46,fixed_manifest,block_07_attention,self_attention,GPU,778371.7313066704,778527.7578666704
46,fixed_manifest,block_07_proj,linear_projection,GPU,778527.7578666704,778680.0020266704
46,fixed_manifest,block_07_residual1,residual_add,GPU,778680.0020266704,778698.3492266705
46,fixed_manifest,block_07_norm2,layer_norm,GPU,778698.3492266705,778720.4788266706
46,fixed_manifest,block_07_ffn_island,fused_ffn_island,FPGA,778879.2436266706,779211.9911466707
46,fixed_manifest,block_07_residual2,residual_add,GPU,779370.7559466707,779389.1031466707
46,fixed_manifest,block_08_norm1,layer_norm,GPU,779389.1031466707,779411.2327466708
46,fixed_manifest,block_08_qkv,linear_qkv,GPU,779411.2327466708,779853.9652266708
46,fixed_manifest,block_08_attention,self_attention,GPU,779853.9652266708,780009.9917866709
46,fixed_manifest,block_08_proj,linear_projection,GPU,780009.9917866709,780162.2359466709
46,fixed_manifest,block_08_residual1,residual_add,GPU,780162.2359466709,780180.583146671
46,fixed_manifest,block_08_norm2,layer_norm,GPU,780180.583146671,780202.7127466709
46,fixed_manifest,block_08_ffn_island,fused_ffn_island,FPGA,780361.477546671,780694.225066671
46,fixed_manifest,block_08_residual2,residual_add,GPU,780852.9898666712,780871.3370666712
46,fixed_manifest,block_09_norm1,layer_norm,GPU,780871.3370666712,780893.4666666712
46,fixed_manifest,block_09_qkv,linear_qkv,GPU,780893.4666666712,781336.1991466713
46,fixed_manifest,block_09_attention,self_attention,GPU,781336.1991466713,781492.2257066714
46,fixed_manifest,block_09_proj,linear_projection,GPU,781492.2257066714,781644.4698666714
46,fixed_manifest,block_09_residual1,residual_add,GPU,781644.4698666714,781662.8170666714
46,fixed_manifest,block_09_norm2,layer_norm,GPU,781662.8170666714,781684.9466666714
46,fixed_manifest,block_09_ffn_island,fused_ffn_island,FPGA,781843.7114666715,782176.4589866715
46,fixed_manifest,block_09_residual2,residual_add,GPU,782335.2237866716,782353.5709866717
46,fixed_manifest,block_10_norm1,layer_norm,GPU,782353.5709866717,782375.7005866717
46,fixed_manifest,block_10_qkv,linear_qkv,GPU,782375.7005866717,782818.4330666717
46,fixed_manifest,block_10_attention,self_attention,GPU,782818.4330666717,782974.4596266717
46,fixed_manifest,block_10_proj,linear_projection,GPU,782974.4596266717,783126.7037866719
46,fixed_manifest,block_10_residual1,residual_add,GPU,783126.7037866719,783145.0509866718
46,fixed_manifest,block_10_norm2,layer_norm,GPU,783145.0509866718,783167.1805866719
46,fixed_manifest,block_10_ffn_island,fused_ffn_island,FPGA,783325.945386672,783658.692906672
47,fixed_manifest,patch_embedding,patch_embedding,GPU,783333.3333333334,783484.8402133333
47,fixed_manifest,token_embedding,token_and_position_embedding,GPU,783484.8402133333,783503.1874133333
47,fixed_manifest,block_00_norm1,layer_norm,GPU,783503.1874133333,783525.3170133334
47,fixed_manifest,block_00_qkv,linear_qkv,GPU,783525.3170133334,783968.0494933334
46,fixed_manifest,block_10_residual2,residual_add,GPU,783968.0494933334,783986.3966933335
47,fixed_manifest,block_00_attention,self_attention,GPU,783986.3966933335,784142.4232533335
46,fixed_manifest,block_11_norm1,layer_norm,GPU,784142.4232533335,784164.5528533335
47,fixed_manifest,block_00_proj,linear_projection,GPU,784164.5528533335,784316.7970133335
46,fixed_manifest,block_11_qkv,linear_qkv,GPU,784316.7970133335,784759.5294933337
47,fixed_manifest,block_00_residual1,residual_add,GPU,784759.5294933337,784777.8766933336
46,fixed_manifest,block_11_attention,self_attention,GPU,784777.8766933336,784933.9032533336
47,fixed_manifest,block_00_norm2,layer_norm,GPU,784933.9032533336,784956.0328533337
46,fixed_manifest,block_11_proj,linear_projection,GPU,784956.0328533337,785108.2770133337
46,fixed_manifest,block_11_residual1,residual_add,GPU,785108.2770133337,785126.6242133338
47,fixed_manifest,block_00_ffn_island,fused_ffn_island,FPGA,785114.7976533337,785447.5451733338
46,fixed_manifest,block_11_norm2,layer_norm,GPU,785126.6242133338,785148.7538133338
46,fixed_manifest,block_11_ffn_island,fused_ffn_island,FPGA,785447.5451733338,785780.2926933338
47,fixed_manifest,block_00_residual2,residual_add,GPU,785606.309973334,785624.6571733339
47,fixed_manifest,block_01_norm1,layer_norm,GPU,785624.6571733339,785646.786773334
47,fixed_manifest,block_01_qkv,linear_qkv,GPU,785646.786773334,786089.519253334
46,fixed_manifest,block_11_residual2,residual_add,GPU,786089.519253334,786107.8664533341
47,fixed_manifest,block_01_attention,self_attention,GPU,786107.8664533341,786263.8930133341
46,fixed_manifest,final_norm,layer_norm,GPU,786263.8930133341,786286.0226133341
47,fixed_manifest,block_01_proj,linear_projection,GPU,786286.0226133341,786438.2667733341
46,fixed_manifest,class_token_select,class_token_select,GPU,786438.2667733341,786445.3051733342
47,fixed_manifest,block_01_residual1,residual_add,GPU,786445.3051733342,786463.6523733343
46,fixed_manifest,classifier,linear_classifier,GPU,786463.6523733343,786471.6123733342
47,fixed_manifest,block_01_norm2,layer_norm,GPU,786471.6123733342,786493.7419733343
47,fixed_manifest,block_01_ffn_island,fused_ffn_island,FPGA,786652.5067733345,786985.2542933344
47,fixed_manifest,block_01_residual2,residual_add,GPU,787144.0190933346,787162.3662933346
47,fixed_manifest,block_02_norm1,layer_norm,GPU,787162.3662933346,787184.4958933346
47,fixed_manifest,block_02_qkv,linear_qkv,GPU,787184.4958933346,787627.2283733346
47,fixed_manifest,block_02_attention,self_attention,GPU,787627.2283733346,787783.2549333347
47,fixed_manifest,block_02_proj,linear_projection,GPU,787783.2549333347,787935.4990933347
47,fixed_manifest,block_02_residual1,residual_add,GPU,787935.4990933347,787953.8462933347
47,fixed_manifest,block_02_norm2,layer_norm,GPU,787953.8462933347,787975.9758933348
47,fixed_manifest,block_02_ffn_island,fused_ffn_island,FPGA,788134.7406933348,788467.4882133349
47,fixed_manifest,block_02_residual2,residual_add,GPU,788626.253013335,788644.600213335
47,fixed_manifest,block_03_norm1,layer_norm,GPU,788644.600213335,788666.7298133351
47,fixed_manifest,block_03_qkv,linear_qkv,GPU,788666.7298133351,789109.4622933351
47,fixed_manifest,block_03_attention,self_attention,GPU,789109.4622933351,789265.4888533351
47,fixed_manifest,block_03_proj,linear_projection,GPU,789265.4888533351,789417.7330133351
47,fixed_manifest,block_03_residual1,residual_add,GPU,789417.7330133351,789436.0802133352
47,fixed_manifest,block_03_norm2,layer_norm,GPU,789436.0802133352,789458.2098133352
47,fixed_manifest,block_03_ffn_island,fused_ffn_island,FPGA,789616.9746133353,789949.7221333353
47,fixed_manifest,block_03_residual2,residual_add,GPU,790108.4869333354,790126.8341333355
47,fixed_manifest,block_04_norm1,layer_norm,GPU,790126.8341333355,790148.9637333355
47,fixed_manifest,block_04_qkv,linear_qkv,GPU,790148.9637333355,790591.6962133356
47,fixed_manifest,block_04_attention,self_attention,GPU,790591.6962133356,790747.7227733356
47,fixed_manifest,block_04_proj,linear_projection,GPU,790747.7227733356,790899.9669333356
47,fixed_manifest,block_04_residual1,residual_add,GPU,790899.9669333356,790918.3141333357
47,fixed_manifest,block_04_norm2,layer_norm,GPU,790918.3141333357,790940.4437333357
47,fixed_manifest,block_04_ffn_island,fused_ffn_island,FPGA,791099.2085333358,791431.9560533358
47,fixed_manifest,block_04_residual2,residual_add,GPU,791590.7208533359,791609.068053336
47,fixed_manifest,block_05_norm1,layer_norm,GPU,791609.068053336,791631.197653336
47,fixed_manifest,block_05_qkv,linear_qkv,GPU,791631.197653336,792073.930133336
47,fixed_manifest,block_05_attention,self_attention,GPU,792073.930133336,792229.956693336
47,fixed_manifest,block_05_proj,linear_projection,GPU,792229.956693336,792382.2008533361
47,fixed_manifest,block_05_residual1,residual_add,GPU,792382.2008533361,792400.5480533361
47,fixed_manifest,block_05_norm2,layer_norm,GPU,792400.5480533361,792422.6776533362
47,fixed_manifest,block_05_ffn_island,fused_ffn_island,FPGA,792581.4424533363,792914.1899733363
47,fixed_manifest,block_05_residual2,residual_add,GPU,793072.9547733364,793091.3019733365
47,fixed_manifest,block_06_norm1,layer_norm,GPU,793091.3019733365,793113.4315733365
47,fixed_manifest,block_06_qkv,linear_qkv,GPU,793113.4315733365,793556.1640533365
47,fixed_manifest,block_06_attention,self_attention,GPU,793556.1640533365,793712.1906133365
47,fixed_manifest,block_06_proj,linear_projection,GPU,793712.1906133365,793864.4347733365
47,fixed_manifest,block_06_residual1,residual_add,GPU,793864.4347733365,793882.7819733366
47,fixed_manifest,block_06_norm2,layer_norm,GPU,793882.7819733366,793904.9115733367
47,fixed_manifest,block_06_ffn_island,fused_ffn_island,FPGA,794063.6763733367,794396.4238933368
47,fixed_manifest,block_06_residual2,residual_add,GPU,794555.1886933369,794573.5358933369
47,fixed_manifest,block_07_norm1,layer_norm,GPU,794573.5358933369,794595.665493337
47,fixed_manifest,block_07_qkv,linear_qkv,GPU,794595.665493337,795038.397973337
47,fixed_manifest,block_07_attention,self_attention,GPU,795038.397973337,795194.424533337
47,fixed_manifest,block_07_proj,linear_projection,GPU,795194.424533337,795346.668693337
47,fixed_manifest,block_07_residual1,residual_add,GPU,795346.668693337,795365.0158933371
47,fixed_manifest,block_07_norm2,layer_norm,GPU,795365.0158933371,795387.1454933371
47,fixed_manifest,block_07_ffn_island,fused_ffn_island,FPGA,795545.9102933372,795878.6578133372
47,fixed_manifest,block_07_residual2,residual_add,GPU,796037.4226133373,796055.7698133374
47,fixed_manifest,block_08_norm1,layer_norm,GPU,796055.7698133374,796077.8994133373
47,fixed_manifest,block_08_qkv,linear_qkv,GPU,796077.8994133373,796520.6318933375
47,fixed_manifest,block_08_attention,self_attention,GPU,796520.6318933375,796676.6584533375
47,fixed_manifest,block_08_proj,linear_projection,GPU,796676.6584533375,796828.9026133375
47,fixed_manifest,block_08_residual1,residual_add,GPU,796828.9026133375,796847.2498133376
47,fixed_manifest,block_08_norm2,layer_norm,GPU,796847.2498133376,796869.3794133376
47,fixed_manifest,block_08_ffn_island,fused_ffn_island,FPGA,797028.1442133377,797360.8917333377
47,fixed_manifest,block_08_residual2,residual_add,GPU,797519.6565333378,797538.0037333379
47,fixed_manifest,block_09_norm1,layer_norm,GPU,797538.0037333379,797560.1333333378
47,fixed_manifest,block_09_qkv,linear_qkv,GPU,797560.1333333378,798002.8658133378
47,fixed_manifest,block_09_attention,self_attention,GPU,798002.8658133378,798158.8923733379
47,fixed_manifest,block_09_proj,linear_projection,GPU,798158.8923733379,798311.136533338
47,fixed_manifest,block_09_residual1,residual_add,GPU,798311.136533338,798329.483733338
47,fixed_manifest,block_09_norm2,layer_norm,GPU,798329.483733338,798351.613333338
47,fixed_manifest,block_09_ffn_island,fused_ffn_island,FPGA,798510.3781333382,798843.1256533382
47,fixed_manifest,block_09_residual2,residual_add,GPU,799001.8904533383,799020.2376533384
47,fixed_manifest,block_10_norm1,layer_norm,GPU,799020.2376533384,799042.3672533383
47,fixed_manifest,block_10_qkv,linear_qkv,GPU,799042.3672533383,799485.0997333383
47,fixed_manifest,block_10_attention,self_attention,GPU,799485.0997333383,799641.1262933384
47,fixed_manifest,block_10_proj,linear_projection,GPU,799641.1262933384,799793.3704533384
47,fixed_manifest,block_10_residual1,residual_add,GPU,799793.3704533384,799811.7176533384
47,fixed_manifest,block_10_norm2,layer_norm,GPU,799811.7176533384,799833.8472533386
47,fixed_manifest,block_10_ffn_island,fused_ffn_island,FPGA,799992.6120533386,800325.3595733386
48,fixed_manifest,patch_embedding,patch_embedding,GPU,800000.0,800151.50688
48,fixed_manifest,token_embedding,token_and_position_embedding,GPU,800151.50688,800169.8540800001
48,fixed_manifest,block_00_norm1,layer_norm,GPU,800169.8540800001,800191.9836800001
48,fixed_manifest,block_00_qkv,linear_qkv,GPU,800191.9836800001,800634.7161600002
47,fixed_manifest,block_10_residual2,residual_add,GPU,800634.7161600002,800653.0633600001
48,fixed_manifest,block_00_attention,self_attention,GPU,800653.0633600001,800809.0899200002
47,fixed_manifest,block_11_norm1,layer_norm,GPU,800809.0899200002,800831.2195200003
48,fixed_manifest,block_00_proj,linear_projection,GPU,800831.2195200003,800983.4636800003
47,fixed_manifest,block_11_qkv,linear_qkv,GPU,800983.4636800003,801426.1961600003
48,fixed_manifest,block_00_residual1,residual_add,GPU,801426.1961600003,801444.5433600004
47,fixed_manifest,block_11_attention,self_attention,GPU,801444.5433600004,801600.5699200004
48,fixed_manifest,block_00_norm2,layer_norm,GPU,801600.5699200004,801622.6995200004
47,fixed_manifest,block_11_proj,linear_projection,GPU,801622.6995200004,801774.9436800005
47,fixed_manifest,block_11_residual1,residual_add,GPU,801774.9436800005,801793.2908800005
48,fixed_manifest,block_00_ffn_island,fused_ffn_island,FPGA,801781.4643200005,802114.2118400006
47,fixed_manifest,block_11_norm2,layer_norm,GPU,801793.2908800005,801815.4204800006
47,fixed_manifest,block_11_ffn_island,fused_ffn_island,FPGA,802114.2118400006,802446.9593600006
48,fixed_manifest,block_00_residual2,residual_add,GPU,802272.9766400006,802291.3238400007
48,fixed_manifest,block_01_norm1,layer_norm,GPU,802291.3238400007,802313.4534400008
48,fixed_manifest,block_01_qkv,linear_qkv,GPU,802313.4534400008,802756.1859200008
47,fixed_manifest,block_11_residual2,residual_add,GPU,802756.1859200008,802774.5331200009
48,fixed_manifest,block_01_attention,self_attention,GPU,802774.5331200009,802930.5596800009
47,fixed_manifest,final_norm,layer_norm,GPU,802930.5596800009,802952.6892800009
48,fixed_manifest,block_01_proj,linear_projection,GPU,802952.6892800009,803104.9334400009
47,fixed_manifest,class_token_select,class_token_select,GPU,803104.9334400009,803111.971840001
48,fixed_manifest,block_01_residual1,residual_add,GPU,803111.971840001,803130.319040001
47,fixed_manifest,classifier,linear_classifier,GPU,803130.319040001,803138.279040001
48,fixed_manifest,block_01_norm2,layer_norm,GPU,803138.279040001,803160.4086400011
48,fixed_manifest,block_01_ffn_island,fused_ffn_island,FPGA,803319.1734400011,803651.9209600012
48,fixed_manifest,block_01_residual2,residual_add,GPU,803810.6857600013,803829.0329600013
48,fixed_manifest,block_02_norm1,layer_norm,GPU,803829.0329600013,803851.1625600014
48,fixed_manifest,block_02_qkv,linear_qkv,GPU,803851.1625600014,804293.8950400014
48,fixed_manifest,block_02_attention,self_attention,GPU,804293.8950400014,804449.9216000014
48,fixed_manifest,block_02_proj,linear_projection,GPU,804449.9216000014,804602.1657600014
48,fixed_manifest,block_02_residual1,residual_add,GPU,804602.1657600014,804620.5129600015
48,fixed_manifest,block_02_norm2,layer_norm,GPU,804620.5129600015,804642.6425600015
48,fixed_manifest,block_02_ffn_island,fused_ffn_island,FPGA,804801.4073600016,805134.1548800017
48,fixed_manifest,block_02_residual2,residual_add,GPU,805292.9196800017,805311.2668800018
48,fixed_manifest,block_03_norm1,layer_norm,GPU,805311.2668800018,805333.3964800017
48,fixed_manifest,block_03_qkv,linear_qkv,GPU,805333.3964800017,805776.1289600019
48,fixed_manifest,block_03_attention,self_attention,GPU,805776.1289600019,805932.1555200019
48,fixed_manifest,block_03_proj,linear_projection,GPU,805932.1555200019,806084.3996800019
48,fixed_manifest,block_03_residual1,residual_add,GPU,806084.3996800019,806102.746880002
48,fixed_manifest,block_03_norm2,layer_norm,GPU,806102.746880002,806124.876480002
48,fixed_manifest,block_03_ffn_island,fused_ffn_island,FPGA,806283.6412800021,806616.388800002
48,fixed_manifest,block_03_residual2,residual_add,GPU,806775.1536000022,806793.5008000022
48,fixed_manifest,block_04_norm1,layer_norm,GPU,806793.5008000022,806815.6304000022
48,fixed_manifest,block_04_qkv,linear_qkv,GPU,806815.6304000022,807258.3628800024
48,fixed_manifest,block_04_attention,self_attention,GPU,807258.3628800024,807414.3894400023
48,fixed_manifest,block_04_proj,linear_projection,GPU,807414.3894400023,807566.6336000024
48,fixed_manifest,block_04_residual1,residual_add,GPU,807566.6336000024,807584.9808000023
48,fixed_manifest,block_04_norm2,layer_norm,GPU,807584.9808000023,807607.1104000024
48,fixed_manifest,block_04_ffn_island,fused_ffn_island,FPGA,807765.8752000026,808098.6227200025
48,fixed_manifest,block_04_residual2,residual_add,GPU,808257.3875200027,808275.7347200027
48,fixed_manifest,block_05_norm1,layer_norm,GPU,808275.7347200027,808297.8643200027
48,fixed_manifest,block_05_qkv,linear_qkv,GPU,808297.8643200027,808740.5968000027
48,fixed_manifest,block_05_attention,self_attention,GPU,808740.5968000027,808896.6233600028
48,fixed_manifest,block_05_proj,linear_projection,GPU,808896.6233600028,809048.8675200029
48,fixed_manifest,block_05_residual1,residual_add,GPU,809048.8675200029,809067.2147200028
48,fixed_manifest,block_05_norm2,layer_norm,GPU,809067.2147200028,809089.344320003
48,fixed_manifest,block_05_ffn_island,fused_ffn_island,FPGA,809248.109120003,809580.856640003
48,fixed_manifest,block_05_residual2,residual_add,GPU,809739.6214400032,809757.9686400031
48,fixed_manifest,block_06_norm1,layer_norm,GPU,809757.9686400031,809780.0982400032
48,fixed_manifest,block_06_qkv,linear_qkv,GPU,809780.0982400032,810222.8307200032
48,fixed_manifest,block_06_attention,self_attention,GPU,810222.8307200032,810378.8572800033
48,fixed_manifest,block_06_proj,linear_projection,GPU,810378.8572800033,810531.1014400033
48,fixed_manifest,block_06_residual1,residual_add,GPU,810531.1014400033,810549.4486400033
48,fixed_manifest,block_06_norm2,layer_norm,GPU,810549.4486400033,810571.5782400033
48,fixed_manifest,block_06_ffn_island,fused_ffn_island,FPGA,810730.3430400034,811063.0905600034
48,fixed_manifest,block_06_residual2,residual_add,GPU,811221.8553600035,811240.2025600036
48,fixed_manifest,block_07_norm1,layer_norm,GPU,811240.2025600036,811262.3321600036
48,fixed_manifest,block_07_qkv,linear_qkv,GPU,811262.3321600036,811705.0646400037
48,fixed_manifest,block_07_attention,self_attention,GPU,811705.0646400037,811861.0912000037
48,fixed_manifest,block_07_proj,linear_projection,GPU,811861.0912000037,812013.3353600038
48,fixed_manifest,block_07_residual1,residual_add,GPU,812013.3353600038,812031.6825600038
48,fixed_manifest,block_07_norm2,layer_norm,GPU,812031.6825600038,812053.8121600038
48,fixed_manifest,block_07_ffn_island,fused_ffn_island,FPGA,812212.5769600039,812545.3244800039
48,fixed_manifest,block_07_residual2,residual_add,GPU,812704.089280004,812722.4364800041
48,fixed_manifest,block_08_norm1,layer_norm,GPU,812722.4364800041,812744.5660800041
48,fixed_manifest,block_08_qkv,linear_qkv,GPU,812744.5660800041,813187.2985600041
48,fixed_manifest,block_08_attention,self_attention,GPU,813187.2985600041,813343.3251200041
48,fixed_manifest,block_08_proj,linear_projection,GPU,813343.3251200041,813495.5692800042
48,fixed_manifest,block_08_residual1,residual_add,GPU,813495.5692800042,813513.9164800042
48,fixed_manifest,block_08_norm2,layer_norm,GPU,813513.9164800042,813536.0460800043
48,fixed_manifest,block_08_ffn_island,fused_ffn_island,FPGA,813694.8108800044,814027.5584000044
48,fixed_manifest,block_08_residual2,residual_add,GPU,814186.3232000045,814204.6704000046
48,fixed_manifest,block_09_norm1,layer_norm,GPU,814204.6704000046,814226.8000000046
48,fixed_manifest,block_09_qkv,linear_qkv,GPU,814226.8000000046,814669.5324800046
48,fixed_manifest,block_09_attention,self_attention,GPU,814669.5324800046,814825.5590400046
48,fixed_manifest,block_09_proj,linear_projection,GPU,814825.5590400046,814977.8032000046
48,fixed_manifest,block_09_residual1,residual_add,GPU,814977.8032000046,814996.1504000047
48,fixed_manifest,block_09_norm2,layer_norm,GPU,814996.1504000047,815018.2800000048
48,fixed_manifest,block_09_ffn_island,fused_ffn_island,FPGA,815177.0448000048,815509.7923200049
48,fixed_manifest,block_09_residual2,residual_add,GPU,815668.557120005,815686.904320005
48,fixed_manifest,block_10_norm1,layer_norm,GPU,815686.904320005,815709.0339200051
48,fixed_manifest,block_10_qkv,linear_qkv,GPU,815709.0339200051,816151.7664000051
48,fixed_manifest,block_10_attention,self_attention,GPU,816151.7664000051,816307.7929600051
48,fixed_manifest,block_10_proj,linear_projection,GPU,816307.7929600051,816460.0371200051
48,fixed_manifest,block_10_residual1,residual_add,GPU,816460.0371200051,816478.3843200052
48,fixed_manifest,block_10_norm2,layer_norm,GPU,816478.3843200052,816500.5139200052
48,fixed_manifest,block_10_ffn_island,fused_ffn_island,FPGA,816659.2787200053,816992.0262400053
49,fixed_manifest,patch_embedding,patch_embedding,GPU,816666.6666666667,816818.1735466667
49,fixed_manifest,token_embedding,token_and_position_embedding,GPU,816818.1735466667,816836.5207466668
49,fixed_manifest,block_00_norm1,layer_norm,GPU,816836.5207466668,816858.6503466668
49,fixed_manifest,block_00_qkv,linear_qkv,GPU,816858.6503466668,817301.3828266668
48,fixed_manifest,block_10_residual2,residual_add,GPU,817301.3828266668,817319.7300266669
49,fixed_manifest,block_00_attention,self_attention,GPU,817319.7300266669,817475.7565866669
48,fixed_manifest,block_11_norm1,layer_norm,GPU,817475.7565866669,817497.886186667
49,fixed_manifest,block_00_proj,linear_projection,GPU,817497.886186667,817650.130346667
48,fixed_manifest,block_11_qkv,linear_qkv,GPU,817650.130346667,818092.862826667
49,fixed_manifest,block_00_residual1,residual_add,GPU,818092.862826667,818111.2100266671
48,fixed_manifest,block_11_attention,self_attention,GPU,818111.2100266671,818267.2365866671
49,fixed_manifest,block_00_norm2,layer_norm,GPU,818267.2365866671,818289.3661866671
48,fixed_manifest,block_11_proj,linear_projection,GPU,818289.3661866671,818441.6103466672
48,fixed_manifest,block_11_residual1,residual_add,GPU,818441.6103466672,818459.9575466672
49,fixed_manifest,block_00_ffn_island,fused_ffn_island,FPGA,818448.1309866672,818780.8785066672
48,fixed_manifest,block_11_norm2,layer_norm,GPU,818459.9575466672,818482.0871466673
48,fixed_manifest,block_11_ffn_island,fused_ffn_island,FPGA,818780.8785066672,819113.6260266673
49,fixed_manifest,block_00_residual2,residual_add,GPU,818939.6433066673,818957.9905066674
49,fixed_manifest,block_01_norm1,layer_norm,GPU,818957.9905066674,818980.1201066674
49,fixed_manifest,block_01_qkv,linear_qkv,GPU,818980.1201066674,819422.8525866675
48,fixed_manifest,block_11_residual2,residual_add,GPU,819422.8525866675,819441.1997866675
49,fixed_manifest,block_01_attention,self_attention,GPU,819441.1997866675,819597.2263466675
48,fixed_manifest,final_norm,layer_norm,GPU,819597.2263466675,819619.3559466676
49,fixed_manifest,block_01_proj,linear_projection,GPU,819619.3559466676,819771.6001066676
48,fixed_manifest,class_token_select,class_token_select,GPU,819771.6001066676,819778.6385066677
49,fixed_manifest,block_01_residual1,residual_add,GPU,819778.6385066677,819796.9857066676
48,fixed_manifest,classifier,linear_classifier,GPU,819796.9857066676,819804.9457066677
49,fixed_manifest,block_01_norm2,layer_norm,GPU,819804.9457066677,819827.0753066677
49,fixed_manifest,block_01_ffn_island,fused_ffn_island,FPGA,819985.8401066678,820318.5876266679
49,fixed_manifest,block_01_residual2,residual_add,GPU,820477.3524266679,820495.699626668
49,fixed_manifest,block_02_norm1,layer_norm,GPU,820495.699626668,820517.829226668
49,fixed_manifest,block_02_qkv,linear_qkv,GPU,820517.829226668,820960.5617066681
49,fixed_manifest,block_02_attention,self_attention,GPU,820960.5617066681,821116.5882666681
49,fixed_manifest,block_02_proj,linear_projection,GPU,821116.5882666681,821268.8324266681
49,fixed_manifest,block_02_residual1,residual_add,GPU,821268.8324266681,821287.1796266682
49,fixed_manifest,block_02_norm2,layer_norm,GPU,821287.1796266682,821309.3092266682
49,fixed_manifest,block_02_ffn_island,fused_ffn_island,FPGA,821468.0740266683,821800.8215466683
49,fixed_manifest,block_02_residual2,residual_add,GPU,821959.5863466684,821977.9335466685
49,fixed_manifest,block_03_norm1,layer_norm,GPU,821977.9335466685,822000.0631466685
49,fixed_manifest,block_03_qkv,linear_qkv,GPU,822000.0631466685,822442.7956266686
49,fixed_manifest,block_03_attention,self_attention,GPU,822442.7956266686,822598.8221866685
49,fixed_manifest,block_03_proj,linear_projection,GPU,822598.8221866685,822751.0663466686
49,fixed_manifest,block_03_residual1,residual_add,GPU,822751.0663466686,822769.4135466687
49,fixed_manifest,block_03_norm2,layer_norm,GPU,822769.4135466687,822791.5431466687
49,fixed_manifest,block_03_ffn_island,fused_ffn_island,FPGA,822950.3079466688,823283.0554666688
49,fixed_manifest,block_03_residual2,residual_add,GPU,823441.8202666689,823460.167466669
49,fixed_manifest,block_04_norm1,layer_norm,GPU,823460.167466669,823482.297066669
49,fixed_manifest,block_04_qkv,linear_qkv,GPU,823482.297066669,823925.029546669
49,fixed_manifest,block_04_attention,self_attention,GPU,823925.029546669,824081.056106669
49,fixed_manifest,block_04_proj,linear_projection,GPU,824081.056106669,824233.3002666691
49,fixed_manifest,block_04_residual1,residual_add,GPU,824233.3002666691,824251.6474666691
49,fixed_manifest,block_04_norm2,layer_norm,GPU,824251.6474666691,824273.7770666692
49,fixed_manifest,block_04_ffn_island,fused_ffn_island,FPGA,824432.5418666692,824765.2893866693
49,fixed_manifest,block_04_residual2,residual_add,GPU,824924.0541866694,824942.4013866694
49,fixed_manifest,block_05_norm1,layer_norm,GPU,824942.4013866694,824964.5309866695
49,fixed_manifest,block_05_qkv,linear_qkv,GPU,824964.5309866695,825407.2634666695
49,fixed_manifest,block_05_attention,self_attention,GPU,825407.2634666695,825563.2900266695
49,fixed_manifest,block_05_proj,linear_projection,GPU,825563.2900266695,825715.5341866695
49,fixed_manifest,block_05_residual1,residual_add,GPU,825715.5341866695,825733.8813866696
49,fixed_manifest,block_05_norm2,layer_norm,GPU,825733.8813866696,825756.0109866696
49,fixed_manifest,block_05_ffn_island,fused_ffn_island,FPGA,825914.7757866697,826247.5233066698
49,fixed_manifest,block_05_residual2,residual_add,GPU,826406.2881066698,826424.6353066699
49,fixed_manifest,block_06_norm1,layer_norm,GPU,826424.6353066699,826446.7649066699
49,fixed_manifest,block_06_qkv,linear_qkv,GPU,826446.7649066699,826889.49738667
49,fixed_manifest,block_06_attention,self_attention,GPU,826889.49738667,827045.52394667
49,fixed_manifest,block_06_proj,linear_projection,GPU,827045.52394667,827197.76810667
49,fixed_manifest,block_06_residual1,residual_add,GPU,827197.76810667,827216.1153066701
49,fixed_manifest,block_06_norm2,layer_norm,GPU,827216.1153066701,827238.2449066701
49,fixed_manifest,block_06_ffn_island,fused_ffn_island,FPGA,827397.0097066702,827729.7572266702
49,fixed_manifest,block_06_residual2,residual_add,GPU,827888.5220266703,827906.8692266704
49,fixed_manifest,block_07_norm1,layer_norm,GPU,827906.8692266704,827928.9988266703
49,fixed_manifest,block_07_qkv,linear_qkv,GPU,827928.9988266703,828371.7313066705
49,fixed_manifest,block_07_attention,self_attention,GPU,828371.7313066705,828527.7578666704
49,fixed_manifest,block_07_proj,linear_projection,GPU,828527.7578666704,828680.0020266705
49,fixed_manifest,block_07_residual1,residual_add,GPU,828680.0020266705,828698.3492266706
49,fixed_manifest,block_07_norm2,layer_norm,GPU,828698.3492266706,828720.4788266706
49,fixed_manifest,block_07_ffn_island,fused_ffn_island,FPGA,828879.2436266707,829211.9911466707
49,fixed_manifest,block_07_residual2,residual_add,GPU,829370.7559466708,829389.1031466709
49,fixed_manifest,block_08_norm1,layer_norm,GPU,829389.1031466709,829411.2327466708
49,fixed_manifest,block_08_qkv,linear_qkv,GPU,829411.2327466708,829853.9652266708
49,fixed_manifest,block_08_attention,self_attention,GPU,829853.9652266708,830009.9917866709
49,fixed_manifest,block_08_proj,linear_projection,GPU,830009.9917866709,830162.235946671
49,fixed_manifest,block_08_residual1,residual_add,GPU,830162.235946671,830180.583146671
49,fixed_manifest,block_08_norm2,layer_norm,GPU,830180.583146671,830202.712746671
49,fixed_manifest,block_08_ffn_island,fused_ffn_island,FPGA,830361.477546671,830694.2250666711
49,fixed_manifest,block_08_residual2,residual_add,GPU,830852.9898666713,830871.3370666712
49,fixed_manifest,block_09_norm1,layer_norm,GPU,830871.3370666712,830893.4666666713
49,fixed_manifest,block_09_qkv,linear_qkv,GPU,830893.4666666713,831336.1991466713
49,fixed_manifest,block_09_attention,self_attention,GPU,831336.1991466713,831492.2257066714
49,fixed_manifest,block_09_proj,linear_projection,GPU,831492.2257066714,831644.4698666714
49,fixed_manifest,block_09_residual1,residual_add,GPU,831644.4698666714,831662.8170666714
49,fixed_manifest,block_09_norm2,layer_norm,GPU,831662.8170666714,831684.9466666714
49,fixed_manifest,block_09_ffn_island,fused_ffn_island,FPGA,831843.7114666715,832176.4589866716
49,fixed_manifest,block_09_residual2,residual_add,GPU,832335.2237866716,832353.5709866717
49,fixed_manifest,block_10_norm1,layer_norm,GPU,832353.5709866717,832375.7005866717
49,fixed_manifest,block_10_qkv,linear_qkv,GPU,832375.7005866717,832818.4330666718
49,fixed_manifest,block_10_attention,self_attention,GPU,832818.4330666718,832974.4596266719
49,fixed_manifest,block_10_proj,linear_projection,GPU,832974.4596266719,833126.7037866719
49,fixed_manifest,block_10_residual1,residual_add,GPU,833126.7037866719,833145.0509866719
49,fixed_manifest,block_10_norm2,layer_norm,GPU,833145.0509866719,833167.1805866719
49,fixed_manifest,block_10_ffn_island,fused_ffn_island,FPGA,833325.945386672,833658.692906672
50,fixed_manifest,patch_embedding,patch_embedding,GPU,833333.3333333334,833484.8402133334
50,fixed_manifest,token_embedding,token_and_position_embedding,GPU,833484.8402133334,833503.1874133334
50,fixed_manifest,block_00_norm1,layer_norm,GPU,833503.1874133334,833525.3170133334
50,fixed_manifest,block_00_qkv,linear_qkv,GPU,833525.3170133334,833968.0494933334
49,fixed_manifest,block_10_residual2,residual_add,GPU,833968.0494933334,833986.3966933335
50,fixed_manifest,block_00_attention,self_attention,GPU,833986.3966933335,834142.4232533335
49,fixed_manifest,block_11_norm1,layer_norm,GPU,834142.4232533335,834164.5528533335
50,fixed_manifest,block_00_proj,linear_projection,GPU,834164.5528533335,834316.7970133336
49,fixed_manifest,block_11_qkv,linear_qkv,GPU,834316.7970133336,834759.5294933337
50,fixed_manifest,block_00_residual1,residual_add,GPU,834759.5294933337,834777.8766933337
49,fixed_manifest,block_11_attention,self_attention,GPU,834777.8766933337,834933.9032533338
50,fixed_manifest,block_00_norm2,layer_norm,GPU,834933.9032533338,834956.0328533337
49,fixed_manifest,block_11_proj,linear_projection,GPU,834956.0328533337,835108.2770133337
49,fixed_manifest,block_11_residual1,residual_add,GPU,835108.2770133337,835126.6242133338
50,fixed_manifest,block_00_ffn_island,fused_ffn_island,FPGA,835114.7976533339,835447.5451733338
49,fixed_manifest,block_11_norm2,layer_norm,GPU,835126.6242133338,835148.7538133338
49,fixed_manifest,block_11_ffn_island,fused_ffn_island,FPGA,835447.5451733338,835780.2926933338
50,fixed_manifest,block_00_residual2,residual_add,GPU,835606.309973334,835624.657173334
50,fixed_manifest,block_01_norm1,layer_norm,GPU,835624.657173334,835646.786773334
50,fixed_manifest,block_01_qkv,linear_qkv,GPU,835646.786773334,836089.519253334
49,fixed_manifest,block_11_residual2,residual_add,GPU,836089.519253334,836107.8664533341
50,fixed_manifest,block_01_attention,self_attention,GPU,836107.8664533341,836263.8930133341
49,fixed_manifest,final_norm,layer_norm,GPU,836263.8930133341,836286.0226133342
50,fixed_manifest,block_01_proj,linear_projection,GPU,836286.0226133342,836438.2667733342
49,fixed_manifest,class_token_select,class_token_select,GPU,836438.2667733342,836445.3051733343
50,fixed_manifest,block_01_residual1,residual_add,GPU,836445.3051733343,836463.6523733343
49,fixed_manifest,classifier,linear_classifier,GPU,836463.6523733343,836471.6123733344
50,fixed_manifest,block_01_norm2,layer_norm,GPU,836471.6123733344,836493.7419733343
50,fixed_manifest,block_01_ffn_island,fused_ffn_island,FPGA,836652.5067733345,836985.2542933344
50,fixed_manifest,block_01_residual2,residual_add,GPU,837144.0190933346,837162.3662933346
50,fixed_manifest,block_02_norm1,layer_norm,GPU,837162.3662933346,837184.4958933346
50,fixed_manifest,block_02_qkv,linear_qkv,GPU,837184.4958933346,837627.2283733347
50,fixed_manifest,block_02_attention,self_attention,GPU,837627.2283733347,837783.2549333348
50,fixed_manifest,block_02_proj,linear_projection,GPU,837783.2549333348,837935.4990933348
50,fixed_manifest,block_02_residual1,residual_add,GPU,837935.4990933348,837953.8462933348
50,fixed_manifest,block_02_norm2,layer_norm,GPU,837953.8462933348,837975.9758933348
50,fixed_manifest,block_02_ffn_island,fused_ffn_island,FPGA,838134.740693335,838467.4882133349
50,fixed_manifest,block_02_residual2,residual_add,GPU,838626.253013335,838644.6002133351
50,fixed_manifest,block_03_norm1,layer_norm,GPU,838644.6002133351,838666.7298133351
50,fixed_manifest,block_03_qkv,linear_qkv,GPU,838666.7298133351,839109.4622933351
50,fixed_manifest,block_03_attention,self_attention,GPU,839109.4622933351,839265.4888533351
50,fixed_manifest,block_03_proj,linear_projection,GPU,839265.4888533351,839417.7330133353
50,fixed_manifest,block_03_residual1,residual_add,GPU,839417.7330133353,839436.0802133352
50,fixed_manifest,block_03_norm2,layer_norm,GPU,839436.0802133352,839458.2098133353
50,fixed_manifest,block_03_ffn_island,fused_ffn_island,FPGA,839616.9746133354,839949.7221333354
50,fixed_manifest,block_03_residual2,residual_add,GPU,840108.4869333355,840126.8341333355
50,fixed_manifest,block_04_norm1,layer_norm,GPU,840126.8341333355,840148.9637333356
50,fixed_manifest,block_04_qkv,linear_qkv,GPU,840148.9637333356,840591.6962133356
50,fixed_manifest,block_04_attention,self_attention,GPU,840591.6962133356,840747.7227733356
50,fixed_manifest,block_04_proj,linear_projection,GPU,840747.7227733356,840899.9669333356
50,fixed_manifest,block_04_residual1,residual_add,GPU,840899.9669333356,840918.3141333357
50,fixed_manifest,block_04_norm2,layer_norm,GPU,840918.3141333357,840940.4437333357
50,fixed_manifest,block_04_ffn_island,fused_ffn_island,FPGA,841099.2085333358,841431.9560533359
50,fixed_manifest,block_04_residual2,residual_add,GPU,841590.7208533359,841609.068053336
50,fixed_manifest,block_05_norm1,layer_norm,GPU,841609.068053336,841631.1976533361
50,fixed_manifest,block_05_qkv,linear_qkv,GPU,841631.1976533361,842073.9301333361
50,fixed_manifest,block_05_attention,self_attention,GPU,842073.9301333361,842229.9566933361
50,fixed_manifest,block_05_proj,linear_projection,GPU,842229.9566933361,842382.2008533361
50,fixed_manifest,block_05_residual1,residual_add,GPU,842382.2008533361,842400.5480533362
50,fixed_manifest,block_05_norm2,layer_norm,GPU,842400.5480533362,842422.6776533362
50,fixed_manifest,block_05_ffn_island,fused_ffn_island,FPGA,842581.4424533363,842914.1899733363
50,fixed_manifest,block_05_residual2,residual_add,GPU,843072.9547733364,843091.3019733365
50,fixed_manifest,block_06_norm1,layer_norm,GPU,843091.3019733365,843113.4315733365
50,fixed_manifest,block_06_qkv,linear_qkv,GPU,843113.4315733365,843556.1640533366
50,fixed_manifest,block_06_attention,self_attention,GPU,843556.1640533366,843712.1906133366
50,fixed_manifest,block_06_proj,linear_projection,GPU,843712.1906133366,843864.4347733366
50,fixed_manifest,block_06_residual1,residual_add,GPU,843864.4347733366,843882.7819733367
50,fixed_manifest,block_06_norm2,layer_norm,GPU,843882.7819733367,843904.9115733367
50,fixed_manifest,block_06_ffn_island,fused_ffn_island,FPGA,844063.6763733368,844396.4238933368
50,fixed_manifest,block_06_residual2,residual_add,GPU,844555.1886933369,844573.535893337
50,fixed_manifest,block_07_norm1,layer_norm,GPU,844573.535893337,844595.665493337
50,fixed_manifest,block_07_qkv,linear_qkv,GPU,844595.665493337,845038.397973337
50,fixed_manifest,block_07_attention,self_attention,GPU,845038.397973337,845194.424533337
50,fixed_manifest,block_07_proj,linear_projection,GPU,845194.424533337,845346.6686933371
50,fixed_manifest,block_07_residual1,residual_add,GPU,845346.6686933371,845365.0158933371
50,fixed_manifest,block_07_norm2,layer_norm,GPU,845365.0158933371,845387.1454933372
50,fixed_manifest,block_07_ffn_island,fused_ffn_island,FPGA,845545.9102933373,845878.6578133373
50,fixed_manifest,block_07_residual2,residual_add,GPU,846037.4226133374,846055.7698133374
50,fixed_manifest,block_08_norm1,layer_norm,GPU,846055.7698133374,846077.8994133375
50,fixed_manifest,block_08_qkv,linear_qkv,GPU,846077.8994133375,846520.6318933375
50,fixed_manifest,block_08_attention,self_attention,GPU,846520.6318933375,846676.6584533375
50,fixed_manifest,block_08_proj,linear_projection,GPU,846676.6584533375,846828.9026133375
50,fixed_manifest,block_08_residual1,residual_add,GPU,846828.9026133375,846847.2498133376
50,fixed_manifest,block_08_norm2,layer_norm,GPU,846847.2498133376,846869.3794133376
50,fixed_manifest,block_08_ffn_island,fused_ffn_island,FPGA,847028.1442133377,847360.8917333378
50,fixed_manifest,block_08_residual2,residual_add,GPU,847519.6565333378,847538.0037333379
50,fixed_manifest,block_09_norm1,layer_norm,GPU,847538.0037333379,847560.133333338
50,fixed_manifest,block_09_qkv,linear_qkv,GPU,847560.133333338,848002.865813338
50,fixed_manifest,block_09_attention,self_attention,GPU,848002.865813338,848158.892373338
50,fixed_manifest,block_09_proj,linear_projection,GPU,848158.892373338,848311.136533338
50,fixed_manifest,block_09_residual1,residual_add,GPU,848311.136533338,848329.4837333381
50,fixed_manifest,block_09_norm2,layer_norm,GPU,848329.4837333381,848351.613333338
50,fixed_manifest,block_09_ffn_island,fused_ffn_island,FPGA,848510.3781333382,848843.1256533382
50,fixed_manifest,block_09_residual2,residual_add,GPU,849001.8904533383,849020.2376533384
50,fixed_manifest,block_10_norm1,layer_norm,GPU,849020.2376533384,849042.3672533383
50,fixed_manifest,block_10_qkv,linear_qkv,GPU,849042.3672533383,849485.0997333385
50,fixed_manifest,block_10_attention,self_attention,GPU,849485.0997333385,849641.1262933385
50,fixed_manifest,block_10_proj,linear_projection,GPU,849641.1262933385,849793.3704533385
50,fixed_manifest,block_10_residual1,residual_add,GPU,849793.3704533385,849811.7176533386
50,fixed_manifest,block_10_norm2,layer_norm,GPU,849811.7176533386,849833.8472533386
50,fixed_manifest,block_10_ffn_island,fused_ffn_island,FPGA,849992.6120533387,850325.3595733386
51,fixed_manifest,patch_embedding,patch_embedding,GPU,850000.0000000001,850151.5068800001
51,fixed_manifest,token_embedding,token_and_position_embedding,GPU,850151.5068800001,850169.8540800001
51,fixed_manifest,block_00_norm1,layer_norm,GPU,850169.8540800001,850191.9836800002
51,fixed_manifest,block_00_qkv,linear_qkv,GPU,850191.9836800002,850634.7161600002
50,fixed_manifest,block_10_residual2,residual_add,GPU,850634.7161600002,850653.0633600003
51,fixed_manifest,block_00_attention,self_attention,GPU,850653.0633600003,850809.0899200003
50,fixed_manifest,block_11_norm1,layer_norm,GPU,850809.0899200003,850831.2195200003
51,fixed_manifest,block_00_proj,linear_projection,GPU,850831.2195200003,850983.4636800003
50,fixed_manifest,block_11_qkv,linear_qkv,GPU,850983.4636800003,851426.1961600004
51,fixed_manifest,block_00_residual1,residual_add,GPU,851426.1961600004,851444.5433600004
50,fixed_manifest,block_11_attention,self_attention,GPU,851444.5433600004,851600.5699200004
51,fixed_manifest,block_00_norm2,layer_norm,GPU,851600.5699200004,851622.6995200005
50,fixed_manifest,block_11_proj,linear_projection,GPU,851622.6995200005,851774.9436800005
50,fixed_manifest,block_11_residual1,residual_add,GPU,851774.9436800005,851793.2908800006
51,fixed_manifest,block_00_ffn_island,fused_ffn_island,FPGA,851781.4643200006,852114.2118400006
50,fixed_manifest,block_11_norm2,layer_norm,GPU,851793.2908800006,851815.4204800006
50,fixed_manifest,block_11_ffn_island,fused_ffn_island,FPGA,852114.2118400006,852446.9593600006
51,fixed_manifest,block_00_residual2,residual_add,GPU,852272.9766400007,852291.3238400008
51,fixed_manifest,block_01_norm1,layer_norm,GPU,852291.3238400008,852313.4534400008
51,fixed_manifest,block_01_qkv,linear_qkv,GPU,852313.4534400008,852756.1859200008
50,fixed_manifest,block_11_residual2,residual_add,GPU,852756.1859200008,852774.5331200009
51,fixed_manifest,block_01_attention,self_attention,GPU,852774.5331200009,852930.5596800009
50,fixed_manifest,final_norm,layer_norm,GPU,852930.5596800009,852952.6892800009
51,fixed_manifest,block_01_proj,linear_projection,GPU,852952.6892800009,853104.933440001
50,fixed_manifest,class_token_select,class_token_select,GPU,853104.933440001,853111.971840001
51,fixed_manifest,block_01_residual1,residual_add,GPU,853111.971840001,853130.319040001
50,fixed_manifest,classifier,linear_classifier,GPU,853130.319040001,853138.2790400011
51,fixed_manifest,block_01_norm2,layer_norm,GPU,853138.2790400011,853160.4086400011
51,fixed_manifest,block_01_ffn_island,fused_ffn_island,FPGA,853319.1734400012,853651.9209600012
51,fixed_manifest,block_01_residual2,residual_add,GPU,853810.6857600013,853829.0329600014
51,fixed_manifest,block_02_norm1,layer_norm,GPU,853829.0329600014,853851.1625600014
51,fixed_manifest,block_02_qkv,linear_qkv,GPU,853851.1625600014,854293.8950400014
51,fixed_manifest,block_02_attention,self_attention,GPU,854293.8950400014,854449.9216000014
51,fixed_manifest,block_02_proj,linear_projection,GPU,854449.9216000014,854602.1657600015
51,fixed_manifest,block_02_residual1,residual_add,GPU,854602.1657600015,854620.5129600015
51,fixed_manifest,block_02_norm2,layer_norm,GPU,854620.5129600015,854642.6425600016
51,fixed_manifest,block_02_ffn_island,fused_ffn_island,FPGA,854801.4073600017,855134.1548800017
51,fixed_manifest,block_02_residual2,residual_add,GPU,855292.9196800018,855311.2668800018
51,fixed_manifest,block_03_norm1,layer_norm,GPU,855311.2668800018,855333.3964800019
51,fixed_manifest,block_03_qkv,linear_qkv,GPU,855333.3964800019,855776.1289600019
51,fixed_manifest,block_03_attention,self_attention,GPU,855776.1289600019,855932.1555200019
51,fixed_manifest,block_03_proj,linear_projection,GPU,855932.1555200019,856084.3996800019
51,fixed_manifest,block_03_residual1,residual_add,GPU,856084.3996800019,856102.746880002
51,fixed_manifest,block_03_norm2,layer_norm,GPU,856102.746880002,856124.8764800021
51,fixed_manifest,block_03_ffn_island,fused_ffn_island,FPGA,856283.6412800021,856616.3888000022
51,fixed_manifest,block_03_residual2,residual_add,GPU,856775.1536000022,856793.5008000022
51,fixed_manifest,block_04_norm1,layer_norm,GPU,856793.5008000022,856815.6304000024
51,fixed_manifest,block_04_qkv,linear_qkv,GPU,856815.6304000024,857258.3628800024
51,fixed_manifest,block_04_attention,self_attention,GPU,857258.3628800024,857414.3894400024
51,fixed_manifest,block_04_proj,linear_projection,GPU,857414.3894400024,857566.6336000024
51,fixed_manifest,block_04_residual1,residual_add,GPU,857566.6336000024,857584.9808000025
51,fixed_manifest,block_04_norm2,layer_norm,GPU,857584.9808000025,857607.1104000024
51,fixed_manifest,block_04_ffn_island,fused_ffn_island,FPGA,857765.8752000026,858098.6227200025
51,fixed_manifest,block_04_residual2,residual_add,GPU,858257.3875200027,858275.7347200027
51,fixed_manifest,block_05_norm1,layer_norm,GPU,858275.7347200027,858297.8643200027
51,fixed_manifest,block_05_qkv,linear_qkv,GPU,858297.8643200027,858740.5968000029
51,fixed_manifest,block_05_attention,self_attention,GPU,858740.5968000029,858896.6233600029
51,fixed_manifest,block_05_proj,linear_projection,GPU,858896.6233600029,859048.8675200029
51,fixed_manifest,block_05_residual1,residual_add,GPU,859048.8675200029,859067.214720003
51,fixed_manifest,block_05_norm2,layer_norm,GPU,859067.214720003,859089.344320003
51,fixed_manifest,block_05_ffn_island,fused_ffn_island,FPGA,859248.1091200031,859580.856640003
51,fixed_manifest,block_05_residual2,residual_add,GPU,859739.6214400032,859757.9686400032
51,fixed_manifest,block_06_norm1,layer_norm,GPU,859757.9686400032,859780.0982400032
51,fixed_manifest,block_06_qkv,linear_qkv,GPU,859780.0982400032,860222.8307200032
51,fixed_manifest,block_06_attention,self_attention,GPU,860222.8307200032,860378.8572800033
51,fixed_manifest,block_06_proj,linear_projection,GPU,860378.8572800033,860531.1014400034
51,fixed_manifest,block_06_residual1,residual_add,GPU,860531.1014400034,860549.4486400033
51,fixed_manifest,block_06_norm2,layer_norm,GPU,860549.4486400033,860571.5782400034
51,fixed_manifest,block_06_ffn_island,fused_ffn_island,FPGA,860730.3430400036,861063.0905600035
51,fixed_manifest,block_06_residual2,residual_add,GPU,861221.8553600037,861240.2025600036
51,fixed_manifest,block_07_norm1,layer_norm,GPU,861240.2025600036,861262.3321600037
51,fixed_manifest,block_07_qkv,linear_qkv,GPU,861262.3321600037,861705.0646400037
51,fixed_manifest,block_07_attention,self_attention,GPU,861705.0646400037,861861.0912000037
51,fixed_manifest,block_07_proj,linear_projection,GPU,861861.0912000037,862013.3353600038
51,fixed_manifest,block_07_residual1,residual_add,GPU,862013.3353600038,862031.6825600038
51,fixed_manifest,block_07_norm2,layer_norm,GPU,862031.6825600038,862053.8121600039
51,fixed_manifest,block_07_ffn_island,fused_ffn_island,FPGA,862212.5769600039,862545.324480004
51,fixed_manifest,block_07_residual2,residual_add,GPU,862704.089280004,862722.4364800041
51,fixed_manifest,block_08_norm1,layer_norm,GPU,862722.4364800041,862744.5660800042
51,fixed_manifest,block_08_qkv,linear_qkv,GPU,862744.5660800042,863187.2985600042
51,fixed_manifest,block_08_attention,self_attention,GPU,863187.2985600042,863343.3251200042
51,fixed_manifest,block_08_proj,linear_projection,GPU,863343.3251200042,863495.5692800042
51,fixed_manifest,block_08_residual1,residual_add,GPU,863495.5692800042,863513.9164800043
51,fixed_manifest,block_08_norm2,layer_norm,GPU,863513.9164800043,863536.0460800043
51,fixed_manifest,block_08_ffn_island,fused_ffn_island,FPGA,863694.8108800044,864027.5584000044
51,fixed_manifest,block_08_residual2,residual_add,GPU,864186.3232000045,864204.6704000046
51,fixed_manifest,block_09_norm1,layer_norm,GPU,864204.6704000046,864226.8000000046
51,fixed_manifest,block_09_qkv,linear_qkv,GPU,864226.8000000046,864669.5324800047
51,fixed_manifest,block_09_attention,self_attention,GPU,864669.5324800047,864825.5590400047
51,fixed_manifest,block_09_proj,linear_projection,GPU,864825.5590400047,864977.8032000047
51,fixed_manifest,block_09_residual1,residual_add,GPU,864977.8032000047,864996.1504000048
51,fixed_manifest,block_09_norm2,layer_norm,GPU,864996.1504000048,865018.2800000048
51,fixed_manifest,block_09_ffn_island,fused_ffn_island,FPGA,865177.0448000049,865509.7923200049
51,fixed_manifest,block_09_residual2,residual_add,GPU,865668.557120005,865686.9043200051
51,fixed_manifest,block_10_norm1,layer_norm,GPU,865686.9043200051,865709.0339200051
51,fixed_manifest,block_10_qkv,linear_qkv,GPU,865709.0339200051,866151.7664000051
51,fixed_manifest,block_10_attention,self_attention,GPU,866151.7664000051,866307.7929600051
51,fixed_manifest,block_10_proj,linear_projection,GPU,866307.7929600051,866460.0371200052
51,fixed_manifest,block_10_residual1,residual_add,GPU,866460.0371200052,866478.3843200052
51,fixed_manifest,block_10_norm2,layer_norm,GPU,866478.3843200052,866500.5139200053
51,fixed_manifest,block_10_ffn_island,fused_ffn_island,FPGA,866659.2787200054,866992.0262400054
52,fixed_manifest,patch_embedding,patch_embedding,GPU,866666.6666666667,866818.1735466666
52,fixed_manifest,token_embedding,token_and_position_embedding,GPU,866818.1735466666,866836.5207466667
52,fixed_manifest,block_00_norm1,layer_norm,GPU,866836.5207466667,866858.6503466668
52,fixed_manifest,block_00_qkv,linear_qkv,GPU,866858.6503466668,867301.3828266668
51,fixed_manifest,block_10_residual2,residual_add,GPU,867301.3828266668,867319.7300266669
52,fixed_manifest,block_00_attention,self_attention,GPU,867319.7300266669,867475.7565866669
51,fixed_manifest,block_11_norm1,layer_norm,GPU,867475.7565866669,867497.8861866669
52,fixed_manifest,block_00_proj,linear_projection,GPU,867497.8861866669,867650.1303466669
51,fixed_manifest,block_11_qkv,linear_qkv,GPU,867650.1303466669,868092.862826667
52,fixed_manifest,block_00_residual1,residual_add,GPU,868092.862826667,868111.210026667
51,fixed_manifest,block_11_attention,self_attention,GPU,868111.210026667,868267.236586667
52,fixed_manifest,block_00_norm2,layer_norm,GPU,868267.236586667,868289.3661866671
51,fixed_manifest,block_11_proj,linear_projection,GPU,868289.3661866671,868441.6103466671
51,fixed_manifest,block_11_residual1,residual_add,GPU,868441.6103466671,868459.9575466672
52,fixed_manifest,block_00_ffn_island,fused_ffn_island,FPGA,868448.1309866671,868780.8785066672
51,fixed_manifest,block_11_norm2,layer_norm,GPU,868459.9575466672,868482.0871466672
51,fixed_manifest,block_11_ffn_island,fused_ffn_island,FPGA,868780.8785066672,869113.6260266672
52,fixed_manifest,block_00_residual2,residual_add,GPU,868939.6433066673,868957.9905066673
52,fixed_manifest,block_01_norm1,layer_norm,GPU,868957.9905066673,868980.1201066674
52,fixed_manifest,block_01_qkv,linear_qkv,GPU,868980.1201066674,869422.8525866674
51,fixed_manifest,block_11_residual2,residual_add,GPU,869422.8525866674,869441.1997866675
52,fixed_manifest,block_01_attention,self_attention,GPU,869441.1997866675,869597.2263466675
51,fixed_manifest,final_norm,layer_norm,GPU,869597.2263466675,869619.3559466675
52,fixed_manifest,block_01_proj,linear_projection,GPU,869619.3559466675,869771.6001066675
51,fixed_manifest,class_token_select,class_token_select,GPU,869771.6001066675,869778.6385066676
52,fixed_manifest,block_01_residual1,residual_add,GPU,869778.6385066676,869796.9857066676
51,fixed_manifest,classifier,linear_classifier,GPU,869796.9857066676,869804.9457066676
52,fixed_manifest,block_01_norm2,layer_norm,GPU,869804.9457066676,869827.0753066677
52,fixed_manifest,block_01_ffn_island,fused_ffn_island,FPGA,869985.8401066678,870318.5876266678
52,fixed_manifest,block_01_residual2,residual_add,GPU,870477.3524266679,870495.699626668
52,fixed_manifest,block_02_norm1,layer_norm,GPU,870495.699626668,870517.829226668
52,fixed_manifest,block_02_qkv,linear_qkv,GPU,870517.829226668,870960.561706668
52,fixed_manifest,block_02_attention,self_attention,GPU,870960.561706668,871116.588266668
52,fixed_manifest,block_02_proj,linear_projection,GPU,871116.588266668,871268.832426668
52,fixed_manifest,block_02_residual1,residual_add,GPU,871268.832426668,871287.1796266681
52,fixed_manifest,block_02_norm2,layer_norm,GPU,871287.1796266681,871309.3092266682
52,fixed_manifest,block_02_ffn_island,fused_ffn_island,FPGA,871468.0740266682,871800.8215466683
52,fixed_manifest,block_02_residual2,residual_add,GPU,871959.5863466684,871977.9335466684
52,fixed_manifest,block_03_norm1,layer_norm,GPU,871977.9335466684,872000.0631466685
52,fixed_manifest,block_03_qkv,linear_qkv,GPU,872000.0631466685,872442.7956266685
52,fixed_manifest,block_03_attention,self_attention,GPU,872442.7956266685,872598.8221866685
52,fixed_manifest,block_03_proj,linear_projection,GPU,872598.8221866685,872751.0663466685
52,fixed_manifest,block_03_residual1,residual_add,GPU,872751.0663466685,872769.4135466686
52,fixed_manifest,block_03_norm2,layer_norm,GPU,872769.4135466686,872791.5431466686
52,fixed_manifest,block_03_ffn_island,fused_ffn_island,FPGA,872950.3079466687,873283.0554666687
52,fixed_manifest,block_03_residual2,residual_add,GPU,873441.8202666688,873460.1674666689
52,fixed_manifest,block_04_norm1,layer_norm,GPU,873460.1674666689,873482.2970666689
52,fixed_manifest,block_04_qkv,linear_qkv,GPU,873482.2970666689,873925.029546669
52,fixed_manifest,block_04_attention,self_attention,GPU,873925.029546669,874081.056106669
52,fixed_manifest,block_04_proj,linear_projection,GPU,874081.056106669,874233.300266669
52,fixed_manifest,block_04_residual1,residual_add,GPU,874233.300266669,874251.6474666691
52,fixed_manifest,block_04_norm2,layer_norm,GPU,874251.6474666691,874273.7770666691
52,fixed_manifest,block_04_ffn_island,fused_ffn_island,FPGA,874432.5418666692,874765.2893866692
52,fixed_manifest,block_04_residual2,residual_add,GPU,874924.0541866693,874942.4013866694
52,fixed_manifest,block_05_norm1,layer_norm,GPU,874942.4013866694,874964.5309866694
52,fixed_manifest,block_05_qkv,linear_qkv,GPU,874964.5309866694,875407.2634666694
52,fixed_manifest,block_05_attention,self_attention,GPU,875407.2634666694,875563.2900266694
52,fixed_manifest,block_05_proj,linear_projection,GPU,875563.2900266694,875715.5341866695
52,fixed_manifest,block_05_residual1,residual_add,GPU,875715.5341866695,875733.8813866695
52,fixed_manifest,block_05_norm2,layer_norm,GPU,875733.8813866695,875756.0109866696
52,fixed_manifest,block_05_ffn_island,fused_ffn_island,FPGA,875914.7757866697,876247.5233066697
52,fixed_manifest,block_05_residual2,residual_add,GPU,876406.2881066698,876424.6353066699
52,fixed_manifest,block_06_norm1,layer_norm,GPU,876424.6353066699,876446.7649066699
52,fixed_manifest,block_06_qkv,linear_qkv,GPU,876446.7649066699,876889.4973866699
52,fixed_manifest,block_06_attention,self_attention,GPU,876889.4973866699,877045.5239466699
52,fixed_manifest,block_06_proj,linear_projection,GPU,877045.5239466699,877197.7681066699
52,fixed_manifest,block_06_residual1,residual_add,GPU,877197.7681066699,877216.11530667
52,fixed_manifest,block_06_norm2,layer_norm,GPU,877216.11530667,877238.2449066701
52,fixed_manifest,block_06_ffn_island,fused_ffn_island,FPGA,877397.0097066701,877729.7572266702
52,fixed_manifest,block_06_residual2,residual_add,GPU,877888.5220266703,877906.8692266702
52,fixed_manifest,block_07_norm1,layer_norm,GPU,877906.8692266702,877928.9988266703
52,fixed_manifest,block_07_qkv,linear_qkv,GPU,877928.9988266703,878371.7313066704
52,fixed_manifest,block_07_attention,self_attention,GPU,878371.7313066704,878527.7578666704
52,fixed_manifest,block_07_proj,linear_projection,GPU,878527.7578666704,878680.0020266704
52,fixed_manifest,block_07_residual1,residual_add,GPU,878680.0020266704,878698.3492266705
52,fixed_manifest,block_07_norm2,layer_norm,GPU,878698.3492266705,878720.4788266704
52,fixed_manifest,block_07_ffn_island,fused_ffn_island,FPGA,878879.2436266706,879211.9911466705
52,fixed_manifest,block_07_residual2,residual_add,GPU,879370.7559466707,879389.1031466707
52,fixed_manifest,block_08_norm1,layer_norm,GPU,879389.1031466707,879411.2327466707
52,fixed_manifest,block_08_qkv,linear_qkv,GPU,879411.2327466707,879853.9652266708
52,fixed_manifest,block_08_attention,self_attention,GPU,879853.9652266708,880009.9917866709
52,fixed_manifest,block_08_proj,linear_projection,GPU,880009.9917866709,880162.2359466709
52,fixed_manifest,block_08_residual1,residual_add,GPU,880162.2359466709,880180.583146671
52,fixed_manifest,block_08_norm2,layer_norm,GPU,880180.583146671,880202.7127466709
52,fixed_manifest,block_08_ffn_island,fused_ffn_island,FPGA,880361.477546671,880694.225066671
52,fixed_manifest,block_08_residual2,residual_add,GPU,880852.9898666712,880871.3370666712
52,fixed_manifest,block_09_norm1,layer_norm,GPU,880871.3370666712,880893.4666666712
52,fixed_manifest,block_09_qkv,linear_qkv,GPU,880893.4666666712,881336.1991466712
52,fixed_manifest,block_09_attention,self_attention,GPU,881336.1991466712,881492.2257066712
52,fixed_manifest,block_09_proj,linear_projection,GPU,881492.2257066712,881644.4698666714
52,fixed_manifest,block_09_residual1,residual_add,GPU,881644.4698666714,881662.8170666713
52,fixed_manifest,block_09_norm2,layer_norm,GPU,881662.8170666713,881684.9466666714
52,fixed_manifest,block_09_ffn_island,fused_ffn_island,FPGA,881843.7114666715,882176.4589866715
52,fixed_manifest,block_09_residual2,residual_add,GPU,882335.2237866716,882353.5709866717
52,fixed_manifest,block_10_norm1,layer_norm,GPU,882353.5709866717,882375.7005866717
52,fixed_manifest,block_10_qkv,linear_qkv,GPU,882375.7005866717,882818.4330666717
52,fixed_manifest,block_10_attention,self_attention,GPU,882818.4330666717,882974.4596266717
52,fixed_manifest,block_10_proj,linear_projection,GPU,882974.4596266717,883126.7037866717
52,fixed_manifest,block_10_residual1,residual_add,GPU,883126.7037866717,883145.0509866718
52,fixed_manifest,block_10_norm2,layer_norm,GPU,883145.0509866718,883167.1805866719
52,fixed_manifest,block_10_ffn_island,fused_ffn_island,FPGA,883325.9453866719,883658.692906672
53,fixed_manifest,patch_embedding,patch_embedding,GPU,883333.3333333334,883484.8402133334
53,fixed_manifest,token_embedding,token_and_position_embedding,GPU,883484.8402133334,883503.1874133334
53,fixed_manifest,block_00_norm1,layer_norm,GPU,883503.1874133334,883525.3170133334
53,fixed_manifest,block_00_qkv,linear_qkv,GPU,883525.3170133334,883968.0494933336
52,fixed_manifest,block_10_residual2,residual_add,GPU,883968.0494933336,883986.3966933335
53,fixed_manifest,block_00_attention,self_attention,GPU,883986.3966933335,884142.4232533335
52,fixed_manifest,block_11_norm1,layer_norm,GPU,884142.4232533335,884164.5528533336
53,fixed_manifest,block_00_proj,linear_projection,GPU,884164.5528533336,884316.7970133336
52,fixed_manifest,block_11_qkv,linear_qkv,GPU,884316.7970133336,884759.5294933337
53,fixed_manifest,block_00_residual1,residual_add,GPU,884759.5294933337,884777.8766933337
52,fixed_manifest,block_11_attention,self_attention,GPU,884777.8766933337,884933.9032533338
53,fixed_manifest,block_00_norm2,layer_norm,GPU,884933.9032533338,884956.0328533337
52,fixed_manifest,block_11_proj,linear_projection,GPU,884956.0328533337,885108.2770133339
52,fixed_manifest,block_11_residual1,residual_add,GPU,885108.2770133339,885126.6242133338
53,fixed_manifest,block_00_ffn_island,fused_ffn_island,FPGA,885114.7976533339,885447.545173334
52,fixed_manifest,block_11_norm2,layer_norm,GPU,885126.6242133338,885148.7538133339
52,fixed_manifest,block_11_ffn_island,fused_ffn_island,FPGA,885447.545173334,885780.2926933339
53,fixed_manifest,block_00_residual2,residual_add,GPU,885606.309973334,885624.657173334
53,fixed_manifest,block_01_norm1,layer_norm,GPU,885624.657173334,885646.786773334
53,fixed_manifest,block_01_qkv,linear_qkv,GPU,885646.786773334,886089.5192533341
52,fixed_manifest,block_11_residual2,residual_add,GPU,886089.5192533341,886107.8664533342
53,fixed_manifest,block_01_attention,self_attention,GPU,886107.8664533342,886263.8930133341
52,fixed_manifest,final_norm,layer_norm,GPU,886263.8930133341,886286.0226133342
53,fixed_manifest,block_01_proj,linear_projection,GPU,886286.0226133342,886438.2667733342
52,fixed_manifest,class_token_select,class_token_select,GPU,886438.2667733342,886445.3051733343
53,fixed_manifest,block_01_residual1,residual_add,GPU,886445.3051733343,886463.6523733344
52,fixed_manifest,classifier,linear_classifier,GPU,886463.6523733344,886471.6123733344
53,fixed_manifest,block_01_norm2,layer_norm,GPU,886471.6123733344,886493.7419733345
53,fixed_manifest,block_01_ffn_island,fused_ffn_island,FPGA,886652.5067733345,886985.2542933346
53,fixed_manifest,block_01_residual2,residual_add,GPU,887144.0190933347,887162.3662933346
53,fixed_manifest,block_02_norm1,layer_norm,GPU,887162.3662933346,887184.4958933347
53,fixed_manifest,block_02_qkv,linear_qkv,GPU,887184.4958933347,887627.2283733347
53,fixed_manifest,block_02_attention,self_attention,GPU,887627.2283733347,887783.2549333348
53,fixed_manifest,block_02_proj,linear_projection,GPU,887783.2549333348,887935.4990933348
53,fixed_manifest,block_02_residual1,residual_add,GPU,887935.4990933348,887953.8462933348
53,fixed_manifest,block_02_norm2,layer_norm,GPU,887953.8462933348,887975.9758933348
53,fixed_manifest,block_02_ffn_island,fused_ffn_island,FPGA,888134.740693335,888467.4882133349
53,fixed_manifest,block_02_residual2,residual_add,GPU,888626.253013335,888644.6002133351
53,fixed_manifest,block_03_norm1,layer_norm,GPU,888644.6002133351,888666.7298133351
53,fixed_manifest,block_03_qkv,linear_qkv,GPU,888666.7298133351,889109.4622933352
53,fixed_manifest,block_03_attention,self_attention,GPU,889109.4622933352,889265.4888533353
53,fixed_manifest,block_03_proj,linear_projection,GPU,889265.4888533353,889417.7330133353
53,fixed_manifest,block_03_residual1,residual_add,GPU,889417.7330133353,889436.0802133353
53,fixed_manifest,block_03_norm2,layer_norm,GPU,889436.0802133353,889458.2098133353
53,fixed_manifest,block_03_ffn_island,fused_ffn_island,FPGA,889616.9746133354,889949.7221333354
53,fixed_manifest,block_03_residual2,residual_add,GPU,890108.4869333355,890126.8341333356
53,fixed_manifest,block_04_norm1,layer_norm,GPU,890126.8341333356,890148.9637333356
53,fixed_manifest,block_04_qkv,linear_qkv,GPU,890148.9637333356,890591.6962133356
53,fixed_manifest,block_04_attention,self_attention,GPU,890591.6962133356,890747.7227733356
53,fixed_manifest,block_04_proj,linear_projection,GPU,890747.7227733356,890899.9669333358
53,fixed_manifest,block_04_residual1,residual_add,GPU,890899.9669333358,890918.3141333357
53,fixed_manifest,block_04_norm2,layer_norm,GPU,890918.3141333357,890940.4437333358
53,fixed_manifest,block_04_ffn_island,fused_ffn_island,FPGA,891099.208533336,891431.9560533359
53,fixed_manifest,block_04_residual2,residual_add,GPU,891590.720853336,891609.0680533361
53,fixed_manifest,block_05_norm1,layer_norm,GPU,891609.0680533361,891631.1976533361
53,fixed_manifest,block_05_qkv,linear_qkv,GPU,891631.1976533361,892073.9301333361
53,fixed_manifest,block_05_attention,self_attention,GPU,892073.9301333361,892229.9566933361
53,fixed_manifest,block_05_proj,linear_projection,GPU,892229.9566933361,892382.2008533361
53,fixed_manifest,block_05_residual1,residual_add,GPU,892382.2008533361,892400.5480533362
53,fixed_manifest,block_05_norm2,layer_norm,GPU,892400.5480533362,892422.6776533363
53,fixed_manifest,block_05_ffn_island,fused_ffn_island,FPGA,892581.4424533363,892914.1899733364
53,fixed_manifest,block_05_residual2,residual_add,GPU,893072.9547733365,893091.3019733365
53,fixed_manifest,block_06_norm1,layer_norm,GPU,893091.3019733365,893113.4315733366
53,fixed_manifest,block_06_qkv,linear_qkv,GPU,893113.4315733366,893556.1640533366
53,fixed_manifest,block_06_attention,self_attention,GPU,893556.1640533366,893712.1906133366
53,fixed_manifest,block_06_proj,linear_projection,GPU,893712.1906133366,893864.4347733366
53,fixed_manifest,block_06_residual1,residual_add,GPU,893864.4347733366,893882.7819733367
53,fixed_manifest,block_06_norm2,layer_norm,GPU,893882.7819733367,893904.9115733367
53,fixed_manifest,block_06_ffn_island,fused_ffn_island,FPGA,894063.6763733368,894396.4238933368
53,fixed_manifest,block_06_residual2,residual_add,GPU,894555.1886933369,894573.535893337
53,fixed_manifest,block_07_norm1,layer_norm,GPU,894573.535893337,894595.665493337
53,fixed_manifest,block_07_qkv,linear_qkv,GPU,894595.665493337,895038.3979733371
53,fixed_manifest,block_07_attention,self_attention,GPU,895038.3979733371,895194.4245333371
53,fixed_manifest,block_07_proj,linear_projection,GPU,895194.4245333371,895346.6686933371
53,fixed_manifest,block_07_residual1,residual_add,GPU,895346.6686933371,895365.0158933372
53,fixed_manifest,block_07_norm2,layer_norm,GPU,895365.0158933372,895387.1454933372
53,fixed_manifest,block_07_ffn_island,fused_ffn_island,FPGA,895545.9102933373,895878.6578133373
53,fixed_manifest,block_07_residual2,residual_add,GPU,896037.4226133374,896055.7698133375
53,fixed_manifest,block_08_norm1,layer_norm,GPU,896055.7698133375,896077.8994133375
53,fixed_manifest,block_08_qkv,linear_qkv,GPU,896077.8994133375,896520.6318933375
53,fixed_manifest,block_08_attention,self_attention,GPU,896520.6318933375,896676.6584533375
53,fixed_manifest,block_08_proj,linear_projection,GPU,896676.6584533375,896828.9026133376
53,fixed_manifest,block_08_residual1,residual_add,GPU,896828.9026133376,896847.2498133376
53,fixed_manifest,block_08_norm2,layer_norm,GPU,896847.2498133376,896869.3794133377
53,fixed_manifest,block_08_ffn_island,fused_ffn_island,FPGA,897028.1442133378,897360.8917333378
53,fixed_manifest,block_08_residual2,residual_add,GPU,897519.6565333379,897538.003733338
53,fixed_manifest,block_09_norm1,layer_norm,GPU,897538.003733338,897560.133333338
53,fixed_manifest,block_09_qkv,linear_qkv,GPU,897560.133333338,898002.865813338
53,fixed_manifest,block_09_attention,self_attention,GPU,898002.865813338,898158.892373338
53,fixed_manifest,block_09_proj,linear_projection,GPU,898158.892373338,898311.136533338
53,fixed_manifest,block_09_residual1,residual_add,GPU,898311.136533338,898329.4837333381
53,fixed_manifest,block_09_norm2,layer_norm,GPU,898329.4837333381,898351.6133333382
53,fixed_manifest,block_09_ffn_island,fused_ffn_island,FPGA,898510.3781333382,898843.1256533383
53,fixed_manifest,block_09_residual2,residual_add,GPU,899001.8904533384,899020.2376533384
53,fixed_manifest,block_10_norm1,layer_norm,GPU,899020.2376533384,899042.3672533385
53,fixed_manifest,block_10_qkv,linear_qkv,GPU,899042.3672533385,899485.0997333385
53,fixed_manifest,block_10_attention,self_attention,GPU,899485.0997333385,899641.1262933385
53,fixed_manifest,block_10_proj,linear_projection,GPU,899641.1262933385,899793.3704533385
53,fixed_manifest,block_10_residual1,residual_add,GPU,899793.3704533385,899811.7176533386
53,fixed_manifest,block_10_norm2,layer_norm,GPU,899811.7176533386,899833.8472533386
53,fixed_manifest,block_10_ffn_island,fused_ffn_island,FPGA,899992.6120533387,900325.3595733386
54,fixed_manifest,patch_embedding,patch_embedding,GPU,900000.0000000001,900151.5068800001
54,fixed_manifest,token_embedding,token_and_position_embedding,GPU,900151.5068800001,900169.8540800002
54,fixed_manifest,block_00_norm1,layer_norm,GPU,900169.8540800002,900191.9836800002
54,fixed_manifest,block_00_qkv,linear_qkv,GPU,900191.9836800002,900634.7161600002
53,fixed_manifest,block_10_residual2,residual_add,GPU,900634.7161600002,900653.0633600003
54,fixed_manifest,block_00_attention,self_attention,GPU,900653.0633600003,900809.0899200003
53,fixed_manifest,block_11_norm1,layer_norm,GPU,900809.0899200003,900831.2195200004
54,fixed_manifest,block_00_proj,linear_projection,GPU,900831.2195200004,900983.4636800004
53,fixed_manifest,block_11_qkv,linear_qkv,GPU,900983.4636800004,901426.1961600004
54,fixed_manifest,block_00_residual1,residual_add,GPU,901426.1961600004,901444.5433600005
53,fixed_manifest,block_11_attention,self_attention,GPU,901444.5433600005,901600.5699200005
54,fixed_manifest,block_00_norm2,layer_norm,GPU,901600.5699200005,901622.6995200005
53,fixed_manifest,block_11_proj,linear_projection,GPU,901622.6995200005,901774.9436800006
53,fixed_manifest,block_11_residual1,residual_add,GPU,901774.9436800006,901793.2908800006
54,fixed_manifest,block_00_ffn_island,fused_ffn_island,FPGA,901781.4643200006,902114.2118400006
53,fixed_manifest,block_11_norm2,layer_norm,GPU,901793.2908800006,901815.4204800007
53,fixed_manifest,block_11_ffn_island,fused_ffn_island,FPGA,902114.2118400006,902446.9593600007
54,fixed_manifest,block_00_residual2,residual_add,GPU,902272.9766400007,902291.3238400008
54,fixed_manifest,block_01_norm1,layer_norm,GPU,902291.3238400008,902313.4534400008
54,fixed_manifest,block_01_qkv,linear_qkv,GPU,902313.4534400008,902756.1859200009
53,fixed_manifest,block_11_residual2,residual_add,GPU,902756.1859200009,902774.5331200009
54,fixed_manifest,block_01_attention,self_attention,GPU,902774.5331200009,902930.5596800009
53,fixed_manifest,final_norm,layer_norm,GPU,902930.5596800009,902952.689280001
54,fixed_manifest,block_01_proj,linear_projection,GPU,902952.689280001,903104.933440001
53,fixed_manifest,class_token_select,class_token_select,GPU,903104.933440001,903111.9718400011
54,fixed_manifest,block_01_residual1,residual_add,GPU,903111.9718400011,903130.319040001
53,fixed_manifest,classifier,linear_classifier,GPU,903130.319040001,903138.2790400011
54,fixed_manifest,block_01_norm2,layer_norm,GPU,903138.2790400011,903160.4086400011
54,fixed_manifest,block_01_ffn_island,fused_ffn_island,FPGA,903319.1734400012,903651.9209600013
54,fixed_manifest,block_01_residual2,residual_add,GPU,903810.6857600013,903829.0329600014
54,fixed_manifest,block_02_norm1,layer_norm,GPU,903829.0329600014,903851.1625600014
54,fixed_manifest,block_02_qkv,linear_qkv,GPU,903851.1625600014,904293.8950400015
54,fixed_manifest,block_02_attention,self_attention,GPU,904293.8950400015,904449.9216000015
54,fixed_manifest,block_02_proj,linear_projection,GPU,904449.9216000015,904602.1657600015
54,fixed_manifest,block_02_residual1,residual_add,GPU,904602.1657600015,904620.5129600016
54,fixed_manifest,block_02_norm2,layer_norm,GPU,904620.5129600016,904642.6425600016
54,fixed_manifest,block_02_ffn_island,fused_ffn_island,FPGA,904801.4073600017,905134.1548800017
54,fixed_manifest,block_02_residual2,residual_add,GPU,905292.9196800018,905311.2668800019
54,fixed_manifest,block_03_norm1,layer_norm,GPU,905311.2668800019,905333.3964800019
54,fixed_manifest,block_03_qkv,linear_qkv,GPU,905333.3964800019,905776.128960002
54,fixed_manifest,block_03_attention,self_attention,GPU,905776.128960002,905932.1555200019
54,fixed_manifest,block_03_proj,linear_projection,GPU,905932.1555200019,906084.399680002
54,fixed_manifest,block_03_residual1,residual_add,GPU,906084.399680002,906102.7468800021
54,fixed_manifest,block_03_norm2,layer_norm,GPU,906102.7468800021,906124.8764800021
54,fixed_manifest,block_03_ffn_island,fused_ffn_island,FPGA,906283.6412800022,906616.3888000022
54,fixed_manifest,block_03_residual2,residual_add,GPU,906775.1536000023,906793.5008000024
54,fixed_manifest,block_04_norm1,layer_norm,GPU,906793.5008000024,906815.6304000024
54,fixed_manifest,block_04_qkv,linear_qkv,GPU,906815.6304000024,907258.3628800024
54,fixed_manifest,block_04_attention,self_attention,GPU,907258.3628800024,907414.3894400024
54,fixed_manifest,block_04_proj,linear_projection,GPU,907414.3894400024,907566.6336000025
54,fixed_manifest,block_04_residual1,residual_add,GPU,907566.6336000025,907584.9808000025
54,fixed_manifest,block_04_norm2,layer_norm,GPU,907584.9808000025,907607.1104000026
54,fixed_manifest,block_04_ffn_island,fused_ffn_island,FPGA,907765.8752000026,908098.6227200027
54,fixed_manifest,block_04_residual2,residual_add,GPU,908257.3875200028,908275.7347200027
54,fixed_manifest,block_05_norm1,layer_norm,GPU,908275.7347200027,908297.8643200028
54,fixed_manifest,block_05_qkv,linear_qkv,GPU,908297.8643200028,908740.5968000029
54,fixed_manifest,block_05_attention,self_attention,GPU,908740.5968000029,908896.6233600029
54,fixed_manifest,block_05_proj,linear_projection,GPU,908896.6233600029,909048.8675200029
54,fixed_manifest,block_05_residual1,residual_add,GPU,909048.8675200029,909067.214720003
54,fixed_manifest,block_05_norm2,layer_norm,GPU,909067.214720003,909089.344320003
54,fixed_manifest,block_05_ffn_island,fused_ffn_island,FPGA,909248.1091200031,909580.8566400032
54,fixed_manifest,block_05_residual2,residual_add,GPU,909739.6214400032,909757.9686400032
54,fixed_manifest,block_06_norm1,layer_norm,GPU,909757.9686400032,909780.0982400032
54,fixed_manifest,block_06_qkv,linear_qkv,GPU,909780.0982400032,910222.8307200033
54,fixed_manifest,block_06_attention,self_attention,GPU,910222.8307200033,910378.8572800034
54,fixed_manifest,block_06_proj,linear_projection,GPU,910378.8572800034,910531.1014400034
54,fixed_manifest,block_06_residual1,residual_add,GPU,910531.1014400034,910549.4486400035
54,fixed_manifest,block_06_norm2,layer_norm,GPU,910549.4486400035,910571.5782400034
54,fixed_manifest,block_06_ffn_island,fused_ffn_island,FPGA,910730.3430400036,911063.0905600035
54,fixed_manifest,block_06_residual2,residual_add,GPU,911221.8553600037,911240.2025600037
54,fixed_manifest,block_07_norm1,layer_norm,GPU,911240.2025600037,911262.3321600037
54,fixed_manifest,block_07_qkv,linear_qkv,GPU,911262.3321600037,911705.0646400038
54,fixed_manifest,block_07_attention,self_attention,GPU,911705.0646400038,911861.0912000037
54,fixed_manifest,block_07_proj,linear_projection,GPU,911861.0912000037,912013.3353600039
54,fixed_manifest,block_07_residual1,residual_add,GPU,912013.3353600039,912031.682560004
54,fixed_manifest,block_07_norm2,layer_norm,GPU,912031.682560004,912053.8121600039
54,fixed_manifest,block_07_ffn_island,fused_ffn_island,FPGA,912212.576960004,912545.324480004
54,fixed_manifest,block_07_residual2,residual_add,GPU,912704.0892800041,912722.4364800042
54,fixed_manifest,block_08_norm1,layer_norm,GPU,912722.4364800042,912744.5660800042
54,fixed_manifest,block_08_qkv,linear_qkv,GPU,912744.5660800042,913187.2985600042
54,fixed_manifest,block_08_attention,self_attention,GPU,913187.2985600042,913343.3251200042
54,fixed_manifest,block_08_proj,linear_projection,GPU,913343.3251200042,913495.5692800044
54,fixed_manifest,block_08_residual1,residual_add,GPU,913495.5692800044,913513.9164800043
54,fixed_manifest,block_08_norm2,layer_norm,GPU,913513.9164800043,913536.0460800044
54,fixed_manifest,block_08_ffn_island,fused_ffn_island,FPGA,913694.8108800044,914027.5584000045
54,fixed_manifest,block_08_residual2,residual_add,GPU,914186.3232000046,914204.6704000046
54,fixed_manifest,block_09_norm1,layer_norm,GPU,914204.6704000046,914226.8000000047
54,fixed_manifest,block_09_qkv,linear_qkv,GPU,914226.8000000047,914669.5324800047
54,fixed_manifest,block_09_attention,self_attention,GPU,914669.5324800047,914825.5590400047
54,fixed_manifest,block_09_proj,linear_projection,GPU,914825.5590400047,914977.8032000047
54,fixed_manifest,block_09_residual1,residual_add,GPU,914977.8032000047,914996.1504000048
54,fixed_manifest,block_09_norm2,layer_norm,GPU,914996.1504000048,915018.2800000048
54,fixed_manifest,block_09_ffn_island,fused_ffn_island,FPGA,915177.0448000049,915509.792320005
54,fixed_manifest,block_09_residual2,residual_add,GPU,915668.557120005,915686.9043200051
54,fixed_manifest,block_10_norm1,layer_norm,GPU,915686.9043200051,915709.0339200051
54,fixed_manifest,block_10_qkv,linear_qkv,GPU,915709.0339200051,916151.7664000052
54,fixed_manifest,block_10_attention,self_attention,GPU,916151.7664000052,916307.7929600052
54,fixed_manifest,block_10_proj,linear_projection,GPU,916307.7929600052,916460.0371200052
54,fixed_manifest,block_10_residual1,residual_add,GPU,916460.0371200052,916478.3843200053
54,fixed_manifest,block_10_norm2,layer_norm,GPU,916478.3843200053,916500.5139200053
54,fixed_manifest,block_10_ffn_island,fused_ffn_island,FPGA,916659.2787200054,916992.0262400054
55,fixed_manifest,patch_embedding,patch_embedding,GPU,916666.6666666667,916818.1735466667
55,fixed_manifest,token_embedding,token_and_position_embedding,GPU,916818.1735466667,916836.5207466668
55,fixed_manifest,block_00_norm1,layer_norm,GPU,916836.5207466668,916858.6503466668
55,fixed_manifest,block_00_qkv,linear_qkv,GPU,916858.6503466668,917301.3828266668
54,fixed_manifest,block_10_residual2,residual_add,GPU,917301.3828266668,917319.7300266669
55,fixed_manifest,block_00_attention,self_attention,GPU,917319.7300266669,917475.7565866669
54,fixed_manifest,block_11_norm1,layer_norm,GPU,917475.7565866669,917497.8861866669
55,fixed_manifest,block_00_proj,linear_projection,GPU,917497.8861866669,917650.130346667
54,fixed_manifest,block_11_qkv,linear_qkv,GPU,917650.130346667,918092.862826667
55,fixed_manifest,block_00_residual1,residual_add,GPU,918092.862826667,918111.2100266671
54,fixed_manifest,block_11_attention,self_attention,GPU,918111.2100266671,918267.2365866671
55,fixed_manifest,block_00_norm2,layer_norm,GPU,918267.2365866671,918289.3661866671
54,fixed_manifest,block_11_proj,linear_projection,GPU,918289.3661866671,918441.6103466671
54,fixed_manifest,block_11_residual1,residual_add,GPU,918441.6103466671,918459.9575466672
55,fixed_manifest,block_00_ffn_island,fused_ffn_island,FPGA,918448.1309866672,918780.8785066672
54,fixed_manifest,block_11_norm2,layer_norm,GPU,918459.9575466672,918482.0871466672
54,fixed_manifest,block_11_ffn_island,fused_ffn_island,FPGA,918780.8785066672,919113.6260266672
55,fixed_manifest,block_00_residual2,residual_add,GPU,918939.6433066673,918957.9905066674
55,fixed_manifest,block_01_norm1,layer_norm,GPU,918957.9905066674,918980.1201066674
55,fixed_manifest,block_01_qkv,linear_qkv,GPU,918980.1201066674,919422.8525866674
54,fixed_manifest,block_11_residual2,residual_add,GPU,919422.8525866674,919441.1997866675
55,fixed_manifest,block_01_attention,self_attention,GPU,919441.1997866675,919597.2263466675
54,fixed_manifest,final_norm,layer_norm,GPU,919597.2263466675,919619.3559466675
55,fixed_manifest,block_01_proj,linear_projection,GPU,919619.3559466675,919771.6001066676
54,fixed_manifest,class_token_select,class_token_select,GPU,919771.6001066676,919778.6385066677
55,fixed_manifest,block_01_residual1,residual_add,GPU,919778.6385066677,919796.9857066676
54,fixed_manifest,classifier,linear_classifier,GPU,919796.9857066676,919804.9457066677
55,fixed_manifest,block_01_norm2,layer_norm,GPU,919804.9457066677,919827.0753066677
55,fixed_manifest,block_01_ffn_island,fused_ffn_island,FPGA,919985.8401066678,920318.5876266678
55,fixed_manifest,block_01_residual2,residual_add,GPU,920477.3524266679,920495.699626668
55,fixed_manifest,block_02_norm1,layer_norm,GPU,920495.699626668,920517.829226668
55,fixed_manifest,block_02_qkv,linear_qkv,GPU,920517.829226668,920960.5617066681
55,fixed_manifest,block_02_attention,self_attention,GPU,920960.5617066681,921116.5882666681
55,fixed_manifest,block_02_proj,linear_projection,GPU,921116.5882666681,921268.8324266681
55,fixed_manifest,block_02_residual1,residual_add,GPU,921268.8324266681,921287.1796266682
55,fixed_manifest,block_02_norm2,layer_norm,GPU,921287.1796266682,921309.3092266682
55,fixed_manifest,block_02_ffn_island,fused_ffn_island,FPGA,921468.0740266683,921800.8215466683
55,fixed_manifest,block_02_residual2,residual_add,GPU,921959.5863466684,921977.9335466685
55,fixed_manifest,block_03_norm1,layer_norm,GPU,921977.9335466685,922000.0631466685
55,fixed_manifest,block_03_qkv,linear_qkv,GPU,922000.0631466685,922442.7956266685
55,fixed_manifest,block_03_attention,self_attention,GPU,922442.7956266685,922598.8221866685
55,fixed_manifest,block_03_proj,linear_projection,GPU,922598.8221866685,922751.0663466686
55,fixed_manifest,block_03_residual1,residual_add,GPU,922751.0663466686,922769.4135466686
55,fixed_manifest,block_03_norm2,layer_norm,GPU,922769.4135466686,922791.5431466687
55,fixed_manifest,block_03_ffn_island,fused_ffn_island,FPGA,922950.3079466688,923283.0554666688
55,fixed_manifest,block_03_residual2,residual_add,GPU,923441.8202666689,923460.1674666689
55,fixed_manifest,block_04_norm1,layer_norm,GPU,923460.1674666689,923482.297066669
55,fixed_manifest,block_04_qkv,linear_qkv,GPU,923482.297066669,923925.029546669
55,fixed_manifest,block_04_attention,self_attention,GPU,923925.029546669,924081.056106669
55,fixed_manifest,block_04_proj,linear_projection,GPU,924081.056106669,924233.300266669
55,fixed_manifest,block_04_residual1,residual_add,GPU,924233.300266669,924251.6474666691
55,fixed_manifest,block_04_norm2,layer_norm,GPU,924251.6474666691,924273.7770666691
55,fixed_manifest,block_04_ffn_island,fused_ffn_island,FPGA,924432.5418666692,924765.2893866693
55,fixed_manifest,block_04_residual2,residual_add,GPU,924924.0541866693,924942.4013866694
55,fixed_manifest,block_05_norm1,layer_norm,GPU,924942.4013866694,924964.5309866695
55,fixed_manifest,block_05_qkv,linear_qkv,GPU,924964.5309866695,925407.2634666695
55,fixed_manifest,block_05_attention,self_attention,GPU,925407.2634666695,925563.2900266695
55,fixed_manifest,block_05_proj,linear_projection,GPU,925563.2900266695,925715.5341866695
55,fixed_manifest,block_05_residual1,residual_add,GPU,925715.5341866695,925733.8813866696
55,fixed_manifest,block_05_norm2,layer_norm,GPU,925733.8813866696,925756.0109866696
55,fixed_manifest,block_05_ffn_island,fused_ffn_island,FPGA,925914.7757866697,926247.5233066697
55,fixed_manifest,block_05_residual2,residual_add,GPU,926406.2881066698,926424.6353066699
55,fixed_manifest,block_06_norm1,layer_norm,GPU,926424.6353066699,926446.7649066699
55,fixed_manifest,block_06_qkv,linear_qkv,GPU,926446.7649066699,926889.49738667
55,fixed_manifest,block_06_attention,self_attention,GPU,926889.49738667,927045.52394667
55,fixed_manifest,block_06_proj,linear_projection,GPU,927045.52394667,927197.76810667
55,fixed_manifest,block_06_residual1,residual_add,GPU,927197.76810667,927216.1153066701
55,fixed_manifest,block_06_norm2,layer_norm,GPU,927216.1153066701,927238.2449066701
55,fixed_manifest,block_06_ffn_island,fused_ffn_island,FPGA,927397.0097066702,927729.7572266702
55,fixed_manifest,block_06_residual2,residual_add,GPU,927888.5220266703,927906.8692266704
55,fixed_manifest,block_07_norm1,layer_norm,GPU,927906.8692266704,927928.9988266703
55,fixed_manifest,block_07_qkv,linear_qkv,GPU,927928.9988266703,928371.7313066704
55,fixed_manifest,block_07_attention,self_attention,GPU,928371.7313066704,928527.7578666704
55,fixed_manifest,block_07_proj,linear_projection,GPU,928527.7578666704,928680.0020266705
55,fixed_manifest,block_07_residual1,residual_add,GPU,928680.0020266705,928698.3492266705
55,fixed_manifest,block_07_norm2,layer_norm,GPU,928698.3492266705,928720.4788266706
55,fixed_manifest,block_07_ffn_island,fused_ffn_island,FPGA,928879.2436266707,929211.9911466707
55,fixed_manifest,block_07_residual2,residual_add,GPU,929370.7559466708,929389.1031466707
55,fixed_manifest,block_08_norm1,layer_norm,GPU,929389.1031466707,929411.2327466708
55,fixed_manifest,block_08_qkv,linear_qkv,GPU,929411.2327466708,929853.9652266708
55,fixed_manifest,block_08_attention,self_attention,GPU,929853.9652266708,930009.9917866709
55,fixed_manifest,block_08_proj,linear_projection,GPU,930009.9917866709,930162.2359466709
55,fixed_manifest,block_08_residual1,residual_add,GPU,930162.2359466709,930180.583146671
55,fixed_manifest,block_08_norm2,layer_norm,GPU,930180.583146671,930202.7127466709
55,fixed_manifest,block_08_ffn_island,fused_ffn_island,FPGA,930361.477546671,930694.2250666711
55,fixed_manifest,block_08_residual2,residual_add,GPU,930852.9898666712,930871.3370666712
55,fixed_manifest,block_09_norm1,layer_norm,GPU,930871.3370666712,930893.4666666713
55,fixed_manifest,block_09_qkv,linear_qkv,GPU,930893.4666666713,931336.1991466713
55,fixed_manifest,block_09_attention,self_attention,GPU,931336.1991466713,931492.2257066714
55,fixed_manifest,block_09_proj,linear_projection,GPU,931492.2257066714,931644.4698666714
55,fixed_manifest,block_09_residual1,residual_add,GPU,931644.4698666714,931662.8170666714
55,fixed_manifest,block_09_norm2,layer_norm,GPU,931662.8170666714,931684.9466666714
55,fixed_manifest,block_09_ffn_island,fused_ffn_island,FPGA,931843.7114666715,932176.4589866715
55,fixed_manifest,block_09_residual2,residual_add,GPU,932335.2237866716,932353.5709866717
55,fixed_manifest,block_10_norm1,layer_norm,GPU,932353.5709866717,932375.7005866717
55,fixed_manifest,block_10_qkv,linear_qkv,GPU,932375.7005866717,932818.4330666718
55,fixed_manifest,block_10_attention,self_attention,GPU,932818.4330666718,932974.4596266719
55,fixed_manifest,block_10_proj,linear_projection,GPU,932974.4596266719,933126.7037866719
55,fixed_manifest,block_10_residual1,residual_add,GPU,933126.7037866719,933145.0509866719
55,fixed_manifest,block_10_norm2,layer_norm,GPU,933145.0509866719,933167.1805866719
55,fixed_manifest,block_10_ffn_island,fused_ffn_island,FPGA,933325.945386672,933658.692906672
56,fixed_manifest,patch_embedding,patch_embedding,GPU,933333.3333333334,933484.8402133334
56,fixed_manifest,token_embedding,token_and_position_embedding,GPU,933484.8402133334,933503.1874133333
56,fixed_manifest,block_00_norm1,layer_norm,GPU,933503.1874133333,933525.3170133334
56,fixed_manifest,block_00_qkv,linear_qkv,GPU,933525.3170133334,933968.0494933334
55,fixed_manifest,block_10_residual2,residual_add,GPU,933968.0494933334,933986.3966933335
56,fixed_manifest,block_00_attention,self_attention,GPU,933986.3966933335,934142.4232533335
55,fixed_manifest,block_11_norm1,layer_norm,GPU,934142.4232533335,934164.5528533335
56,fixed_manifest,block_00_proj,linear_projection,GPU,934164.5528533335,934316.7970133335
55,fixed_manifest,block_11_qkv,linear_qkv,GPU,934316.7970133335,934759.5294933337
56,fixed_manifest,block_00_residual1,residual_add,GPU,934759.5294933337,934777.8766933337
55,fixed_manifest,block_11_attention,self_attention,GPU,934777.8766933337,934933.9032533336
56,fixed_manifest,block_00_norm2,layer_norm,GPU,934933.9032533336,934956.0328533337
55,fixed_manifest,block_11_proj,linear_projection,GPU,934956.0328533337,935108.2770133337
55,fixed_manifest,block_11_residual1,residual_add,GPU,935108.2770133337,935126.6242133338
56,fixed_manifest,block_00_ffn_island,fused_ffn_island,FPGA,935114.7976533339,935447.5451733338
55,fixed_manifest,block_11_norm2,layer_norm,GPU,935126.6242133338,935148.7538133338
55,fixed_manifest,block_11_ffn_island,fused_ffn_island,FPGA,935447.5451733338,935780.2926933338
56,fixed_manifest,block_00_residual2,residual_add,GPU,935606.309973334,935624.657173334
56,fixed_manifest,block_01_norm1,layer_norm,GPU,935624.657173334,935646.786773334
56,fixed_manifest,block_01_qkv,linear_qkv,GPU,935646.786773334,936089.519253334
55,fixed_manifest,block_11_residual2,residual_add,GPU,936089.519253334,936107.8664533341
56,fixed_manifest,block_01_attention,self_attention,GPU,936107.8664533341,936263.8930133341
55,fixed_manifest,final_norm,layer_norm,GPU,936263.8930133341,936286.0226133341
56,fixed_manifest,block_01_proj,linear_projection,GPU,936286.0226133341,936438.2667733342
55,fixed_manifest,class_token_select,class_token_select,GPU,936438.2667733342,936445.3051733342
56,fixed_manifest,block_01_residual1,residual_add,GPU,936445.3051733342,936463.6523733343
55,fixed_manifest,classifier,linear_classifier,GPU,936463.6523733343,936471.6123733344
56,fixed_manifest,block_01_norm2,layer_norm,GPU,936471.6123733344,936493.7419733343
56,fixed_manifest,block_01_ffn_island,fused_ffn_island,FPGA,936652.5067733345,936985.2542933344
56,fixed_manifest,block_01_residual2,residual_add,GPU,937144.0190933346,937162.3662933346
56,fixed_manifest,block_02_norm1,layer_norm,GPU,937162.3662933346,937184.4958933346
56,fixed_manifest,block_02_qkv,linear_qkv,GPU,937184.4958933346,937627.2283733346
56,fixed_manifest,block_02_attention,self_attention,GPU,937627.2283733346,937783.2549333347
56,fixed_manifest,block_02_proj,linear_projection,GPU,937783.2549333347,937935.4990933348
56,fixed_manifest,block_02_residual1,residual_add,GPU,937935.4990933348,937953.8462933347
56,fixed_manifest,block_02_norm2,layer_norm,GPU,937953.8462933347,937975.9758933348
56,fixed_manifest,block_02_ffn_island,fused_ffn_island,FPGA,938134.740693335,938467.4882133349
56,fixed_manifest,block_02_residual2,residual_add,GPU,938626.253013335,938644.600213335
56,fixed_manifest,block_03_norm1,layer_norm,GPU,938644.600213335,938666.7298133351
56,fixed_manifest,block_03_qkv,linear_qkv,GPU,938666.7298133351,939109.4622933351
56,fixed_manifest,block_03_attention,self_attention,GPU,939109.4622933351,939265.4888533351
56,fixed_manifest,block_03_proj,linear_projection,GPU,939265.4888533351,939417.7330133351
56,fixed_manifest,block_03_residual1,residual_add,GPU,939417.7330133351,939436.0802133352
56,fixed_manifest,block_03_norm2,layer_norm,GPU,939436.0802133352,939458.2098133353
56,fixed_manifest,block_03_ffn_island,fused_ffn_island,FPGA,939616.9746133353,939949.7221333354
56,fixed_manifest,block_03_residual2,residual_add,GPU,940108.4869333354,940126.8341333355
56,fixed_manifest,block_04_norm1,layer_norm,GPU,940126.8341333355,940148.9637333356
56,fixed_manifest,block_04_qkv,linear_qkv,GPU,940148.9637333356,940591.6962133356
56,fixed_manifest,block_04_attention,self_attention,GPU,940591.6962133356,940747.7227733356
56,fixed_manifest,block_04_proj,linear_projection,GPU,940747.7227733356,940899.9669333356
56,fixed_manifest,block_04_residual1,residual_add,GPU,940899.9669333356,940918.3141333357
56,fixed_manifest,block_04_norm2,layer_norm,GPU,940918.3141333357,940940.4437333357
56,fixed_manifest,block_04_ffn_island,fused_ffn_island,FPGA,941099.2085333358,941431.9560533358
56,fixed_manifest,block_04_residual2,residual_add,GPU,941590.7208533359,941609.068053336
56,fixed_manifest,block_05_norm1,layer_norm,GPU,941609.068053336,941631.197653336
56,fixed_manifest,block_05_qkv,linear_qkv,GPU,941631.197653336,942073.9301333361
56,fixed_manifest,block_05_attention,self_attention,GPU,942073.9301333361,942229.9566933361
56,fixed_manifest,block_05_proj,linear_projection,GPU,942229.9566933361,942382.2008533361
56,fixed_manifest,block_05_residual1,residual_add,GPU,942382.2008533361,942400.5480533362
56,fixed_manifest,block_05_norm2,layer_norm,GPU,942400.5480533362,942422.6776533362
56,fixed_manifest,block_05_ffn_island,fused_ffn_island,FPGA,942581.4424533363,942914.1899733363
56,fixed_manifest,block_05_residual2,residual_add,GPU,943072.9547733364,943091.3019733365
56,fixed_manifest,block_06_norm1,layer_norm,GPU,943091.3019733365,943113.4315733365
56,fixed_manifest,block_06_qkv,linear_qkv,GPU,943113.4315733365,943556.1640533365
56,fixed_manifest,block_06_attention,self_attention,GPU,943556.1640533365,943712.1906133365
56,fixed_manifest,block_06_proj,linear_projection,GPU,943712.1906133365,943864.4347733366
56,fixed_manifest,block_06_residual1,residual_add,GPU,943864.4347733366,943882.7819733366
56,fixed_manifest,block_06_norm2,layer_norm,GPU,943882.7819733366,943904.9115733367
56,fixed_manifest,block_06_ffn_island,fused_ffn_island,FPGA,944063.6763733368,944396.4238933368
56,fixed_manifest,block_06_residual2,residual_add,GPU,944555.1886933369,944573.5358933369
56,fixed_manifest,block_07_norm1,layer_norm,GPU,944573.5358933369,944595.665493337
56,fixed_manifest,block_07_qkv,linear_qkv,GPU,944595.665493337,945038.397973337
56,fixed_manifest,block_07_attention,self_attention,GPU,945038.397973337,945194.424533337
56,fixed_manifest,block_07_proj,linear_projection,GPU,945194.424533337,945346.668693337
56,fixed_manifest,block_07_residual1,residual_add,GPU,945346.668693337,945365.0158933371
56,fixed_manifest,block_07_norm2,layer_norm,GPU,945365.0158933371,945387.1454933372
56,fixed_manifest,block_07_ffn_island,fused_ffn_island,FPGA,945545.9102933372,945878.6578133373
56,fixed_manifest,block_07_residual2,residual_add,GPU,946037.4226133373,946055.7698133374
56,fixed_manifest,block_08_norm1,layer_norm,GPU,946055.7698133374,946077.8994133375
56,fixed_manifest,block_08_qkv,linear_qkv,GPU,946077.8994133375,946520.6318933375
56,fixed_manifest,block_08_attention,self_attention,GPU,946520.6318933375,946676.6584533375
56,fixed_manifest,block_08_proj,linear_projection,GPU,946676.6584533375,946828.9026133375
56,fixed_manifest,block_08_residual1,residual_add,GPU,946828.9026133375,946847.2498133376
56,fixed_manifest,block_08_norm2,layer_norm,GPU,946847.2498133376,946869.3794133376
56,fixed_manifest,block_08_ffn_island,fused_ffn_island,FPGA,947028.1442133377,947360.8917333377
56,fixed_manifest,block_08_residual2,residual_add,GPU,947519.6565333378,947538.0037333379
56,fixed_manifest,block_09_norm1,layer_norm,GPU,947538.0037333379,947560.1333333378
56,fixed_manifest,block_09_qkv,linear_qkv,GPU,947560.1333333378,948002.865813338
56,fixed_manifest,block_09_attention,self_attention,GPU,948002.865813338,948158.892373338
56,fixed_manifest,block_09_proj,linear_projection,GPU,948158.892373338,948311.136533338
56,fixed_manifest,block_09_residual1,residual_add,GPU,948311.136533338,948329.4837333381
56,fixed_manifest,block_09_norm2,layer_norm,GPU,948329.4837333381,948351.613333338
56,fixed_manifest,block_09_ffn_island,fused_ffn_island,FPGA,948510.3781333382,948843.1256533382
56,fixed_manifest,block_09_residual2,residual_add,GPU,949001.8904533383,949020.2376533384
56,fixed_manifest,block_10_norm1,layer_norm,GPU,949020.2376533384,949042.3672533383
56,fixed_manifest,block_10_qkv,linear_qkv,GPU,949042.3672533383,949485.0997333383
56,fixed_manifest,block_10_attention,self_attention,GPU,949485.0997333383,949641.1262933384
56,fixed_manifest,block_10_proj,linear_projection,GPU,949641.1262933384,949793.3704533385
56,fixed_manifest,block_10_residual1,residual_add,GPU,949793.3704533385,949811.7176533384
56,fixed_manifest,block_10_norm2,layer_norm,GPU,949811.7176533384,949833.8472533386
56,fixed_manifest,block_10_ffn_island,fused_ffn_island,FPGA,949992.6120533387,950325.3595733386
57,fixed_manifest,patch_embedding,patch_embedding,GPU,950000.0000000001,950151.50688
57,fixed_manifest,token_embedding,token_and_position_embedding,GPU,950151.50688,950169.8540800001
57,fixed_manifest,block_00_norm1,layer_norm,GPU,950169.8540800001,950191.9836800002
57,fixed_manifest,block_00_qkv,linear_qkv,GPU,950191.9836800002,950634.7161600002
56,fixed_manifest,block_10_residual2,residual_add,GPU,950634.7161600002,950653.0633600003
57,fixed_manifest,block_00_attention,self_attention,GPU,950653.0633600003,950809.0899200003
56,fixed_manifest,block_11_norm1,layer_norm,GPU,950809.0899200003,950831.2195200003
57,fixed_manifest,block_00_proj,linear_projection,GPU,950831.2195200003,950983.4636800003
56,fixed_manifest,block_11_qkv,linear_qkv,GPU,950983.4636800003,951426.1961600004
57,fixed_manifest,block_00_residual1,residual_add,GPU,951426.1961600004,951444.5433600004
56,fixed_manifest,block_11_attention,self_attention,GPU,951444.5433600004,951600.5699200004
57,fixed_manifest,block_00_norm2,layer_norm,GPU,951600.5699200004,951622.6995200005
56,fixed_manifest,block_11_proj,linear_projection,GPU,951622.6995200005,951774.9436800005
56,fixed_manifest,block_11_residual1,residual_add,GPU,951774.9436800005,951793.2908800006
57,fixed_manifest,block_00_ffn_island,fused_ffn_island,FPGA,951781.4643200005,952114.2118400006
56,fixed_manifest,block_11_norm2,layer_norm,GPU,951793.2908800006,951815.4204800006
56,fixed_manifest,block_11_ffn_island,fused_ffn_island,FPGA,952114.2118400006,952446.9593600006
57,fixed_manifest,block_00_residual2,residual_add,GPU,952272.9766400007,952291.3238400007
57,fixed_manifest,block_01_norm1,layer_norm,GPU,952291.3238400007,952313.4534400008
57,fixed_manifest,block_01_qkv,linear_qkv,GPU,952313.4534400008,952756.1859200008
56,fixed_manifest,block_11_residual2,residual_add,GPU,952756.1859200008,952774.5331200009
57,fixed_manifest,block_01_attention,self_attention,GPU,952774.5331200009,952930.5596800009
56,fixed_manifest,final_norm,layer_norm,GPU,952930.5596800009,952952.6892800009
57,fixed_manifest,block_01_proj,linear_projection,GPU,952952.6892800009,953104.9334400009
56,fixed_manifest,class_token_select,class_token_select,GPU,953104.9334400009,953111.971840001
57,fixed_manifest,block_01_residual1,residual_add,GPU,953111.971840001,953130.319040001
56,fixed_manifest,classifier,linear_classifier,GPU,953130.319040001,953138.279040001
57,fixed_manifest,block_01_norm2,layer_norm,GPU,953138.279040001,953160.4086400011
57,fixed_manifest,block_01_ffn_island,fused_ffn_island,FPGA,953319.1734400012,953651.9209600012
57,fixed_manifest,block_01_residual2,residual_add,GPU,953810.6857600013,953829.0329600014
57,fixed_manifest,block_02_norm1,layer_norm,GPU,953829.0329600014,953851.1625600014
57,fixed_manifest,block_02_qkv,linear_qkv,GPU,953851.1625600014,954293.8950400014
57,fixed_manifest,block_02_attention,self_attention,GPU,954293.8950400014,954449.9216000014
57,fixed_manifest,block_02_proj,linear_projection,GPU,954449.9216000014,954602.1657600014
57,fixed_manifest,block_02_residual1,residual_add,GPU,954602.1657600014,954620.5129600015
57,fixed_manifest,block_02_norm2,layer_norm,GPU,954620.5129600015,954642.6425600016
57,fixed_manifest,block_02_ffn_island,fused_ffn_island,FPGA,954801.4073600016,955134.1548800017
57,fixed_manifest,block_02_residual2,residual_add,GPU,955292.9196800018,955311.2668800018
57,fixed_manifest,block_03_norm1,layer_norm,GPU,955311.2668800018,955333.3964800019
57,fixed_manifest,block_03_qkv,linear_qkv,GPU,955333.3964800019,955776.1289600019
57,fixed_manifest,block_03_attention,self_attention,GPU,955776.1289600019,955932.1555200019
57,fixed_manifest,block_03_proj,linear_projection,GPU,955932.1555200019,956084.3996800019
57,fixed_manifest,block_03_residual1,residual_add,GPU,956084.3996800019,956102.746880002
57,fixed_manifest,block_03_norm2,layer_norm,GPU,956102.746880002,956124.876480002
57,fixed_manifest,block_03_ffn_island,fused_ffn_island,FPGA,956283.6412800021,956616.388800002
57,fixed_manifest,block_03_residual2,residual_add,GPU,956775.1536000022,956793.5008000022
57,fixed_manifest,block_04_norm1,layer_norm,GPU,956793.5008000022,956815.6304000022
57,fixed_manifest,block_04_qkv,linear_qkv,GPU,956815.6304000022,957258.3628800024
57,fixed_manifest,block_04_attention,self_attention,GPU,957258.3628800024,957414.3894400024
57,fixed_manifest,block_04_proj,linear_projection,GPU,957414.3894400024,957566.6336000024
57,fixed_manifest,block_04_residual1,residual_add,GPU,957566.6336000024,957584.9808000025
57,fixed_manifest,block_04_norm2,layer_norm,GPU,957584.9808000025,957607.1104000024
57,fixed_manifest,block_04_ffn_island,fused_ffn_island,FPGA,957765.8752000026,958098.6227200025
57,fixed_manifest,block_04_residual2,residual_add,GPU,958257.3875200027,958275.7347200027
57,fixed_manifest,block_05_norm1,layer_norm,GPU,958275.7347200027,958297.8643200027
57,fixed_manifest,block_05_qkv,linear_qkv,GPU,958297.8643200027,958740.5968000027
57,fixed_manifest,block_05_attention,self_attention,GPU,958740.5968000027,958896.6233600028
57,fixed_manifest,block_05_proj,linear_projection,GPU,958896.6233600028,959048.8675200029
57,fixed_manifest,block_05_residual1,residual_add,GPU,959048.8675200029,959067.2147200028
57,fixed_manifest,block_05_norm2,layer_norm,GPU,959067.2147200028,959089.344320003
57,fixed_manifest,block_05_ffn_island,fused_ffn_island,FPGA,959248.1091200031,959580.856640003
57,fixed_manifest,block_05_residual2,residual_add,GPU,959739.6214400032,959757.9686400031
57,fixed_manifest,block_06_norm1,layer_norm,GPU,959757.9686400031,959780.0982400032
57,fixed_manifest,block_06_qkv,linear_qkv,GPU,959780.0982400032,960222.8307200032
57,fixed_manifest,block_06_attention,self_attention,GPU,960222.8307200032,960378.8572800033
57,fixed_manifest,block_06_proj,linear_projection,GPU,960378.8572800033,960531.1014400033
57,fixed_manifest,block_06_residual1,residual_add,GPU,960531.1014400033,960549.4486400033
57,fixed_manifest,block_06_norm2,layer_norm,GPU,960549.4486400033,960571.5782400034
57,fixed_manifest,block_06_ffn_island,fused_ffn_island,FPGA,960730.3430400034,961063.0905600035
57,fixed_manifest,block_06_residual2,residual_add,GPU,961221.8553600037,961240.2025600036
57,fixed_manifest,block_07_norm1,layer_norm,GPU,961240.2025600036,961262.3321600037
57,fixed_manifest,block_07_qkv,linear_qkv,GPU,961262.3321600037,961705.0646400037
57,fixed_manifest,block_07_attention,self_attention,GPU,961705.0646400037,961861.0912000037
57,fixed_manifest,block_07_proj,linear_projection,GPU,961861.0912000037,962013.3353600038
57,fixed_manifest,block_07_residual1,residual_add,GPU,962013.3353600038,962031.6825600038
57,fixed_manifest,block_07_norm2,layer_norm,GPU,962031.6825600038,962053.8121600038
57,fixed_manifest,block_07_ffn_island,fused_ffn_island,FPGA,962212.5769600039,962545.3244800039
57,fixed_manifest,block_07_residual2,residual_add,GPU,962704.089280004,962722.4364800041
57,fixed_manifest,block_08_norm1,layer_norm,GPU,962722.4364800041,962744.5660800041
57,fixed_manifest,block_08_qkv,linear_qkv,GPU,962744.5660800041,963187.2985600042
57,fixed_manifest,block_08_attention,self_attention,GPU,963187.2985600042,963343.3251200042
57,fixed_manifest,block_08_proj,linear_projection,GPU,963343.3251200042,963495.5692800042
57,fixed_manifest,block_08_residual1,residual_add,GPU,963495.5692800042,963513.9164800043
57,fixed_manifest,block_08_norm2,layer_norm,GPU,963513.9164800043,963536.0460800043
57,fixed_manifest,block_08_ffn_island,fused_ffn_island,FPGA,963694.8108800044,964027.5584000044
57,fixed_manifest,block_08_residual2,residual_add,GPU,964186.3232000045,964204.6704000046
57,fixed_manifest,block_09_norm1,layer_norm,GPU,964204.6704000046,964226.8000000046
57,fixed_manifest,block_09_qkv,linear_qkv,GPU,964226.8000000046,964669.5324800046
57,fixed_manifest,block_09_attention,self_attention,GPU,964669.5324800046,964825.5590400046
57,fixed_manifest,block_09_proj,linear_projection,GPU,964825.5590400046,964977.8032000047
57,fixed_manifest,block_09_residual1,residual_add,GPU,964977.8032000047,964996.1504000047
57,fixed_manifest,block_09_norm2,layer_norm,GPU,964996.1504000047,965018.2800000048
57,fixed_manifest,block_09_ffn_island,fused_ffn_island,FPGA,965177.0448000049,965509.7923200049
57,fixed_manifest,block_09_residual2,residual_add,GPU,965668.557120005,965686.904320005
57,fixed_manifest,block_10_norm1,layer_norm,GPU,965686.904320005,965709.0339200051
57,fixed_manifest,block_10_qkv,linear_qkv,GPU,965709.0339200051,966151.7664000051
57,fixed_manifest,block_10_attention,self_attention,GPU,966151.7664000051,966307.7929600051
57,fixed_manifest,block_10_proj,linear_projection,GPU,966307.7929600051,966460.0371200051
57,fixed_manifest,block_10_residual1,residual_add,GPU,966460.0371200051,966478.3843200052
57,fixed_manifest,block_10_norm2,layer_norm,GPU,966478.3843200052,966500.5139200053
57,fixed_manifest,block_10_ffn_island,fused_ffn_island,FPGA,966659.2787200053,966992.0262400054
58,fixed_manifest,patch_embedding,patch_embedding,GPU,966666.6666666667,966818.1735466667
58,fixed_manifest,token_embedding,token_and_position_embedding,GPU,966818.1735466667,966836.5207466668
58,fixed_manifest,block_00_norm1,layer_norm,GPU,966836.5207466668,966858.6503466668
58,fixed_manifest,block_00_qkv,linear_qkv,GPU,966858.6503466668,967301.3828266669
57,fixed_manifest,block_10_residual2,residual_add,GPU,967301.3828266669,967319.7300266669
58,fixed_manifest,block_00_attention,self_attention,GPU,967319.7300266669,967475.7565866669
57,fixed_manifest,block_11_norm1,layer_norm,GPU,967475.7565866669,967497.886186667
58,fixed_manifest,block_00_proj,linear_projection,GPU,967497.886186667,967650.130346667
57,fixed_manifest,block_11_qkv,linear_qkv,GPU,967650.130346667,968092.862826667
58,fixed_manifest,block_00_residual1,residual_add,GPU,968092.862826667,968111.2100266671
57,fixed_manifest,block_11_attention,self_attention,GPU,968111.2100266671,968267.2365866671
58,fixed_manifest,block_00_norm2,layer_norm,GPU,968267.2365866671,968289.3661866671
57,fixed_manifest,block_11_proj,linear_projection,GPU,968289.3661866671,968441.6103466672
57,fixed_manifest,block_11_residual1,residual_add,GPU,968441.6103466672,968459.9575466672
58,fixed_manifest,block_00_ffn_island,fused_ffn_island,FPGA,968448.1309866672,968780.8785066673
57,fixed_manifest,block_11_norm2,layer_norm,GPU,968459.9575466672,968482.0871466673
57,fixed_manifest,block_11_ffn_island,fused_ffn_island,FPGA,968780.8785066673,969113.6260266673
58,fixed_manifest,block_00_residual2,residual_add,GPU,968939.6433066673,968957.9905066674
58,fixed_manifest,block_01_norm1,layer_norm,GPU,968957.9905066674,968980.1201066674
58,fixed_manifest,block_01_qkv,linear_qkv,GPU,968980.1201066674,969422.8525866675
57,fixed_manifest,block_11_residual2,residual_add,GPU,969422.8525866675,969441.1997866676
58,fixed_manifest,block_01_attention,self_attention,GPU,969441.1997866676,969597.2263466675
57,fixed_manifest,final_norm,layer_norm,GPU,969597.2263466675,969619.3559466676
58,fixed_manifest,block_01_proj,linear_projection,GPU,969619.3559466676,969771.6001066676
57,fixed_manifest,class_token_select,class_token_select,GPU,969771.6001066676,969778.6385066677
58,fixed_manifest,block_01_residual1,residual_add,GPU,969778.6385066677,969796.9857066678
57,fixed_manifest,classifier,linear_classifier,GPU,969796.9857066678,969804.9457066677
58,fixed_manifest,block_01_norm2,layer_norm,GPU,969804.9457066677,969827.0753066678
58,fixed_manifest,block_01_ffn_island,fused_ffn_island,FPGA,969985.8401066678,970318.5876266679
58,fixed_manifest,block_01_residual2,residual_add,GPU,970477.352426668,970495.699626668
58,fixed_manifest,block_02_norm1,layer_norm,GPU,970495.699626668,970517.8292266681
58,fixed_manifest,block_02_qkv,linear_qkv,GPU,970517.8292266681,970960.5617066681
58,fixed_manifest,block_02_attention,self_attention,GPU,970960.5617066681,971116.5882666681
58,fixed_manifest,block_02_proj,linear_projection,GPU,971116.5882666681,971268.8324266681
58,fixed_manifest,block_02_residual1,residual_add,GPU,971268.8324266681,971287.1796266682
58,fixed_manifest,block_02_norm2,layer_norm,GPU,971287.1796266682,971309.3092266682
58,fixed_manifest,block_02_ffn_island,fused_ffn_island,FPGA,971468.0740266683,971800.8215466683
58,fixed_manifest,block_02_residual2,residual_add,GPU,971959.5863466684,971977.9335466685
58,fixed_manifest,block_03_norm1,layer_norm,GPU,971977.9335466685,972000.0631466685
58,fixed_manifest,block_03_qkv,linear_qkv,GPU,972000.0631466685,972442.7956266686
58,fixed_manifest,block_03_attention,self_attention,GPU,972442.7956266686,972598.8221866686
58,fixed_manifest,block_03_proj,linear_projection,GPU,972598.8221866686,972751.0663466686
58,fixed_manifest,block_03_residual1,residual_add,GPU,972751.0663466686,972769.4135466687
58,fixed_manifest,block_03_norm2,layer_norm,GPU,972769.4135466687,972791.5431466687
58,fixed_manifest,block_03_ffn_island,fused_ffn_island,FPGA,972950.3079466688,973283.0554666688
58,fixed_manifest,block_03_residual2,residual_add,GPU,973441.8202666689,973460.167466669
58,fixed_manifest,block_04_norm1,layer_norm,GPU,973460.167466669,973482.297066669
58,fixed_manifest,block_04_qkv,linear_qkv,GPU,973482.297066669,973925.029546669
58,fixed_manifest,block_04_attention,self_attention,GPU,973925.029546669,974081.056106669
58,fixed_manifest,block_04_proj,linear_projection,GPU,974081.056106669,974233.3002666691
58,fixed_manifest,block_04_residual1,residual_add,GPU,974233.3002666691,974251.6474666691
58,fixed_manifest,block_04_norm2,layer_norm,GPU,974251.6474666691,974273.7770666692
58,fixed_manifest,block_04_ffn_island,fused_ffn_island,FPGA,974432.5418666693,974765.2893866693
58,fixed_manifest,block_04_residual2,residual_add,GPU,974924.0541866694,974942.4013866695
58,fixed_manifest,block_05_norm1,layer_norm,GPU,974942.4013866695,974964.5309866695
58,fixed_manifest,block_05_qkv,linear_qkv,GPU,974964.5309866695,975407.2634666695
58,fixed_manifest,block_05_attention,self_attention,GPU,975407.2634666695,975563.2900266695
58,fixed_manifest,block_05_proj,linear_projection,GPU,975563.2900266695,975715.5341866695
58,fixed_manifest,block_05_residual1,residual_add,GPU,975715.5341866695,975733.8813866696
58,fixed_manifest,block_05_norm2,layer_norm,GPU,975733.8813866696,975756.0109866697
58,fixed_manifest,block_05_ffn_island,fused_ffn_island,FPGA,975914.7757866697,976247.5233066698
58,fixed_manifest,block_05_residual2,residual_add,GPU,976406.2881066699,976424.6353066699
58,fixed_manifest,block_06_norm1,layer_norm,GPU,976424.6353066699,976446.76490667
58,fixed_manifest,block_06_qkv,linear_qkv,GPU,976446.76490667,976889.49738667
58,fixed_manifest,block_06_attention,self_attention,GPU,976889.49738667,977045.52394667
58,fixed_manifest,block_06_proj,linear_projection,GPU,977045.52394667,977197.76810667
58,fixed_manifest,block_06_residual1,residual_add,GPU,977197.76810667,977216.1153066701
58,fixed_manifest,block_06_norm2,layer_norm,GPU,977216.1153066701,977238.2449066701
58,fixed_manifest,block_06_ffn_island,fused_ffn_island,FPGA,977397.0097066702,977729.7572266702
58,fixed_manifest,block_06_residual2,residual_add,GPU,977888.5220266703,977906.8692266704
58,fixed_manifest,block_07_norm1,layer_norm,GPU,977906.8692266704,977928.9988266703
58,fixed_manifest,block_07_qkv,linear_qkv,GPU,977928.9988266703,978371.7313066705
58,fixed_manifest,block_07_attention,self_attention,GPU,978371.7313066705,978527.7578666705
58,fixed_manifest,block_07_proj,linear_projection,GPU,978527.7578666705,978680.0020266705
58,fixed_manifest,block_07_residual1,residual_add,GPU,978680.0020266705,978698.3492266706
58,fixed_manifest,block_07_norm2,layer_norm,GPU,978698.3492266706,978720.4788266706
58,fixed_manifest,block_07_ffn_island,fused_ffn_island,FPGA,978879.2436266707,979211.9911466707
58,fixed_manifest,block_07_residual2,residual_add,GPU,979370.7559466708,979389.1031466709
58,fixed_manifest,block_08_norm1,layer_norm,GPU,979389.1031466709,979411.2327466708
58,fixed_manifest,block_08_qkv,linear_qkv,GPU,979411.2327466708,979853.9652266708
58,fixed_manifest,block_08_attention,self_attention,GPU,979853.9652266708,980009.9917866709
58,fixed_manifest,block_08_proj,linear_projection,GPU,980009.9917866709,980162.235946671
58,fixed_manifest,block_08_residual1,residual_add,GPU,980162.235946671,980180.583146671
58,fixed_manifest,block_08_norm2,layer_norm,GPU,980180.583146671,980202.712746671
58,fixed_manifest,block_08_ffn_island,fused_ffn_island,FPGA,980361.4775466712,980694.2250666711
58,fixed_manifest,block_08_residual2,residual_add,GPU,980852.9898666713,980871.3370666713
58,fixed_manifest,block_09_norm1,layer_norm,GPU,980871.3370666713,980893.4666666713
58,fixed_manifest,block_09_qkv,linear_qkv,GPU,980893.4666666713,981336.1991466713
58,fixed_manifest,block_09_attention,self_attention,GPU,981336.1991466713,981492.2257066714
58,fixed_manifest,block_09_proj,linear_projection,GPU,981492.2257066714,981644.4698666714
58,fixed_manifest,block_09_residual1,residual_add,GPU,981644.4698666714,981662.8170666714
58,fixed_manifest,block_09_norm2,layer_norm,GPU,981662.8170666714,981684.9466666715
58,fixed_manifest,block_09_ffn_island,fused_ffn_island,FPGA,981843.7114666715,982176.4589866716
58,fixed_manifest,block_09_residual2,residual_add,GPU,982335.2237866718,982353.5709866717
58,fixed_manifest,block_10_norm1,layer_norm,GPU,982353.5709866717,982375.7005866718
58,fixed_manifest,block_10_qkv,linear_qkv,GPU,982375.7005866718,982818.4330666718
58,fixed_manifest,block_10_attention,self_attention,GPU,982818.4330666718,982974.4596266719
58,fixed_manifest,block_10_proj,linear_projection,GPU,982974.4596266719,983126.7037866719
58,fixed_manifest,block_10_residual1,residual_add,GPU,983126.7037866719,983145.0509866719
58,fixed_manifest,block_10_norm2,layer_norm,GPU,983145.0509866719,983167.1805866719
58,fixed_manifest,block_10_ffn_island,fused_ffn_island,FPGA,983325.945386672,983658.692906672
59,fixed_manifest,patch_embedding,patch_embedding,GPU,983333.3333333334,983484.8402133334
59,fixed_manifest,token_embedding,token_and_position_embedding,GPU,983484.8402133334,983503.1874133334
59,fixed_manifest,block_00_norm1,layer_norm,GPU,983503.1874133334,983525.3170133334
59,fixed_manifest,block_00_qkv,linear_qkv,GPU,983525.3170133334,983968.0494933334
58,fixed_manifest,block_10_residual2,residual_add,GPU,983968.0494933334,983986.3966933335
59,fixed_manifest,block_00_attention,self_attention,GPU,983986.3966933335,984142.4232533335
58,fixed_manifest,block_11_norm1,layer_norm,GPU,984142.4232533335,984164.5528533336
59,fixed_manifest,block_00_proj,linear_projection,GPU,984164.5528533336,984316.7970133336
58,fixed_manifest,block_11_qkv,linear_qkv,GPU,984316.7970133336,984759.5294933337
59,fixed_manifest,block_00_residual1,residual_add,GPU,984759.5294933337,984777.8766933337
58,fixed_manifest,block_11_attention,self_attention,GPU,984777.8766933337,984933.9032533338
59,fixed_manifest,block_00_norm2,layer_norm,GPU,984933.9032533338,984956.0328533337
58,fixed_manifest,block_11_proj,linear_projection,GPU,984956.0328533337,985108.2770133339
58,fixed_manifest,block_11_residual1,residual_add,GPU,985108.2770133339,985126.6242133338
59,fixed_manifest,block_00_ffn_island,fused_ffn_island,FPGA,985114.7976533339,985447.5451733338
58,fixed_manifest,block_11_norm2,layer_norm,GPU,985126.6242133338,985148.7538133339
58,fixed_manifest,block_11_ffn_island,fused_ffn_island,FPGA,985447.5451733338,985780.2926933339
59,fixed_manifest,block_00_residual2,residual_add,GPU,985606.309973334,985624.657173334
59,fixed_manifest,block_01_norm1,layer_norm,GPU,985624.657173334,985646.786773334
59,fixed_manifest,block_01_qkv,linear_qkv,GPU,985646.786773334,986089.5192533341
58,fixed_manifest,block_11_residual2,residual_add,GPU,986089.5192533341,986107.8664533341
59,fixed_manifest,block_01_attention,self_attention,GPU,986107.8664533341,986263.8930133341
58,fixed_manifest,final_norm,layer_norm,GPU,986263.8930133341,986286.0226133342
59,fixed_manifest,block_01_proj,linear_projection,GPU,986286.0226133342,986438.2667733342
58,fixed_manifest,class_token_select,class_token_select,GPU,986438.2667733342,986445.3051733343
59,fixed_manifest,block_01_residual1,residual_add,GPU,986445.3051733343,986463.6523733343
58,fixed_manifest,classifier,linear_classifier,GPU,986463.6523733343,986471.6123733344
59,fixed_manifest,block_01_norm2,layer_norm,GPU,986471.6123733344,986493.7419733343
59,fixed_manifest,block_01_ffn_island,fused_ffn_island,FPGA,986652.5067733345,986985.2542933346
59,fixed_manifest,block_01_residual2,residual_add,GPU,987144.0190933346,987162.3662933346
59,fixed_manifest,block_02_norm1,layer_norm,GPU,987162.3662933346,987184.4958933347
59,fixed_manifest,block_02_qkv,linear_qkv,GPU,987184.4958933347,987627.2283733347
59,fixed_manifest,block_02_attention,self_attention,GPU,987627.2283733347,987783.2549333348
59,fixed_manifest,block_02_proj,linear_projection,GPU,987783.2549333348,987935.4990933348
59,fixed_manifest,block_02_residual1,residual_add,GPU,987935.4990933348,987953.8462933348
59,fixed_manifest,block_02_norm2,layer_norm,GPU,987953.8462933348,987975.9758933348
59,fixed_manifest,block_02_ffn_island,fused_ffn_island,FPGA,988134.740693335,988467.4882133349
59,fixed_manifest,block_02_residual2,residual_add,GPU,988626.253013335,988644.6002133351
59,fixed_manifest,block_03_norm1,layer_norm,GPU,988644.6002133351,988666.7298133351
59,fixed_manifest,block_03_qkv,linear_qkv,GPU,988666.7298133351,989109.4622933352
59,fixed_manifest,block_03_attention,self_attention,GPU,989109.4622933352,989265.4888533353
59,fixed_manifest,block_03_proj,linear_projection,GPU,989265.4888533353,989417.7330133353
59,fixed_manifest,block_03_residual1,residual_add,GPU,989417.7330133353,989436.0802133353
59,fixed_manifest,block_03_norm2,layer_norm,GPU,989436.0802133353,989458.2098133353
59,fixed_manifest,block_03_ffn_island,fused_ffn_island,FPGA,989616.9746133354,989949.7221333354
59,fixed_manifest,block_03_residual2,residual_add,GPU,990108.4869333355,990126.8341333356
59,fixed_manifest,block_04_norm1,layer_norm,GPU,990126.8341333356,990148.9637333356
59,fixed_manifest,block_04_qkv,linear_qkv,GPU,990148.9637333356,990591.6962133356
59,fixed_manifest,block_04_attention,self_attention,GPU,990591.6962133356,990747.7227733356
59,fixed_manifest,block_04_proj,linear_projection,GPU,990747.7227733356,990899.9669333358
59,fixed_manifest,block_04_residual1,residual_add,GPU,990899.9669333358,990918.3141333357
59,fixed_manifest,block_04_norm2,layer_norm,GPU,990918.3141333357,990940.4437333358
59,fixed_manifest,block_04_ffn_island,fused_ffn_island,FPGA,991099.208533336,991431.9560533359
59,fixed_manifest,block_04_residual2,residual_add,GPU,991590.720853336,991609.068053336
59,fixed_manifest,block_05_norm1,layer_norm,GPU,991609.068053336,991631.1976533361
59,fixed_manifest,block_05_qkv,linear_qkv,GPU,991631.1976533361,992073.9301333361
59,fixed_manifest,block_05_attention,self_attention,GPU,992073.9301333361,992229.9566933361
59,fixed_manifest,block_05_proj,linear_projection,GPU,992229.9566933361,992382.2008533361
59,fixed_manifest,block_05_residual1,residual_add,GPU,992382.2008533361,992400.5480533362
59,fixed_manifest,block_05_norm2,layer_norm,GPU,992400.5480533362,992422.6776533362
59,fixed_manifest,block_05_ffn_island,fused_ffn_island,FPGA,992581.4424533363,992914.1899733364
59,fixed_manifest,block_05_residual2,residual_add,GPU,993072.9547733364,993091.3019733365
59,fixed_manifest,block_06_norm1,layer_norm,GPU,993091.3019733365,993113.4315733365
59,fixed_manifest,block_06_qkv,linear_qkv,GPU,993113.4315733365,993556.1640533366
59,fixed_manifest,block_06_attention,self_attention,GPU,993556.1640533366,993712.1906133366
59,fixed_manifest,block_06_proj,linear_projection,GPU,993712.1906133366,993864.4347733366
59,fixed_manifest,block_06_residual1,residual_add,GPU,993864.4347733366,993882.7819733367
59,fixed_manifest,block_06_norm2,layer_norm,GPU,993882.7819733367,993904.9115733367
59,fixed_manifest,block_06_ffn_island,fused_ffn_island,FPGA,994063.6763733368,994396.4238933368
59,fixed_manifest,block_06_residual2,residual_add,GPU,994555.1886933369,994573.535893337
59,fixed_manifest,block_07_norm1,layer_norm,GPU,994573.535893337,994595.665493337
59,fixed_manifest,block_07_qkv,linear_qkv,GPU,994595.665493337,995038.3979733371
59,fixed_manifest,block_07_attention,self_attention,GPU,995038.3979733371,995194.424533337
59,fixed_manifest,block_07_proj,linear_projection,GPU,995194.424533337,995346.6686933371
59,fixed_manifest,block_07_residual1,residual_add,GPU,995346.6686933371,995365.0158933372
59,fixed_manifest,block_07_norm2,layer_norm,GPU,995365.0158933372,995387.1454933372
59,fixed_manifest,block_07_ffn_island,fused_ffn_island,FPGA,995545.9102933373,995878.6578133373
59,fixed_manifest,block_07_residual2,residual_add,GPU,996037.4226133374,996055.7698133375
59,fixed_manifest,block_08_norm1,layer_norm,GPU,996055.7698133375,996077.8994133375
59,fixed_manifest,block_08_qkv,linear_qkv,GPU,996077.8994133375,996520.6318933375
59,fixed_manifest,block_08_attention,self_attention,GPU,996520.6318933375,996676.6584533375
59,fixed_manifest,block_08_proj,linear_projection,GPU,996676.6584533375,996828.9026133376
59,fixed_manifest,block_08_residual1,residual_add,GPU,996828.9026133376,996847.2498133376
59,fixed_manifest,block_08_norm2,layer_norm,GPU,996847.2498133376,996869.3794133377
59,fixed_manifest,block_08_ffn_island,fused_ffn_island,FPGA,997028.1442133377,997360.8917333378
59,fixed_manifest,block_08_residual2,residual_add,GPU,997519.6565333379,997538.0037333379
59,fixed_manifest,block_09_norm1,layer_norm,GPU,997538.0037333379,997560.133333338
59,fixed_manifest,block_09_qkv,linear_qkv,GPU,997560.133333338,998002.865813338
59,fixed_manifest,block_09_attention,self_attention,GPU,998002.865813338,998158.892373338
59,fixed_manifest,block_09_proj,linear_projection,GPU,998158.892373338,998311.136533338
59,fixed_manifest,block_09_residual1,residual_add,GPU,998311.136533338,998329.4837333381
59,fixed_manifest,block_09_norm2,layer_norm,GPU,998329.4837333381,998351.613333338
59,fixed_manifest,block_09_ffn_island,fused_ffn_island,FPGA,998510.3781333382,998843.1256533383
59,fixed_manifest,block_09_residual2,residual_add,GPU,999001.8904533383,999020.2376533384
59,fixed_manifest,block_10_norm1,layer_norm,GPU,999020.2376533384,999042.3672533383
59,fixed_manifest,block_10_qkv,linear_qkv,GPU,999042.3672533383,999485.0997333385
59,fixed_manifest,block_10_attention,self_attention,GPU,999485.0997333385,999641.1262933385
59,fixed_manifest,block_10_proj,linear_projection,GPU,999641.1262933385,999793.3704533385
59,fixed_manifest,block_10_residual1,residual_add,GPU,999793.3704533385,999811.7176533386
59,fixed_manifest,block_10_norm2,layer_norm,GPU,999811.7176533386,999833.8472533386
59,fixed_manifest,block_10_ffn_island,fused_ffn_island,FPGA,999992.6120533387,1000325.3595733385
60,fixed_manifest,patch_embedding,patch_embedding,GPU,1000000.0000000002,1000151.5068800002
60,fixed_manifest,token_embedding,token_and_position_embedding,GPU,1000151.5068800002,1000169.8540800002
60,fixed_manifest,block_00_norm1,layer_norm,GPU,1000169.8540800002,1000191.9836800002
60,fixed_manifest,block_00_qkv,linear_qkv,GPU,1000191.9836800002,1000634.7161600002
59,fixed_manifest,block_10_residual2,residual_add,GPU,1000634.7161600002,1000653.0633600001
60,fixed_manifest,block_00_attention,self_attention,GPU,1000653.0633600001,1000809.0899200002
59,fixed_manifest,block_11_norm1,layer_norm,GPU,1000809.0899200002,1000831.2195200002
60,fixed_manifest,block_00_proj,linear_projection,GPU,1000831.2195200002,1000983.4636800002
59,fixed_manifest,block_11_qkv,linear_qkv,GPU,1000983.4636800002,1001426.1961600002
60,fixed_manifest,block_00_residual1,residual_add,GPU,1001426.1961600002,1001444.5433600001
59,fixed_manifest,block_11_attention,self_attention,GPU,1001444.5433600001,1001600.5699200002
60,fixed_manifest,block_00_norm2,layer_norm,GPU,1001600.5699200002,1001622.6995200001
59,fixed_manifest,block_11_proj,linear_projection,GPU,1001622.6995200001,1001774.9436800001
59,fixed_manifest,block_11_residual1,residual_add,GPU,1001774.9436800001,1001793.29088
60,fixed_manifest,block_00_ffn_island,fused_ffn_island,FPGA,1001781.46432,1002114.2118399999
59,fixed_manifest,block_11_norm2,layer_norm,GPU,1001793.29088,1001815.4204800001
59,fixed_manifest,block_11_ffn_island,fused_ffn_island,FPGA,1002114.2118399999,1002446.9593599999
60,fixed_manifest,block_00_residual2,residual_add,GPU,1002272.9766399998,1002291.3238399997
60,fixed_manifest,block_01_norm1,layer_norm,GPU,1002291.3238399997,1002313.4534399998
60,fixed_manifest,block_01_qkv,linear_qkv,GPU,1002313.4534399998,1002756.1859199998
59,fixed_manifest,block_11_residual2,residual_add,GPU,1002756.1859199998,1002774.5331199998
60,fixed_manifest,block_01_attention,self_attention,GPU,1002774.5331199998,1002930.5596799998
59,fixed_manifest,final_norm,layer_norm,GPU,1002930.5596799998,1002952.6892799998
60,fixed_manifest,block_01_proj,linear_projection,GPU,1002952.6892799998,1003104.9334399997
59,fixed_manifest,class_token_select,class_token_select,GPU,1003104.9334399997,1003111.9718399997
60,fixed_manifest,block_01_residual1,residual_add,GPU,1003111.9718399997,1003130.3190399996
59,fixed_manifest,classifier,linear_classifier,GPU,1003130.3190399996,1003138.2790399996
60,fixed_manifest,block_01_norm2,layer_norm,GPU,1003138.2790399996,1003160.4086399997
60,fixed_manifest,block_01_ffn_island,fused_ffn_island,FPGA,1003319.1734399996,1003651.9209599994
60,fixed_manifest,block_01_residual2,residual_add,GPU,1003810.6857599993,1003829.0329599993
60,fixed_manifest,block_02_norm1,layer_norm,GPU,1003829.0329599993,1003851.1625599993
60,fixed_manifest,block_02_qkv,linear_qkv,GPU,1003851.1625599993,1004293.8950399993
60,fixed_manifest,block_02_attention,self_attention,GPU,1004293.8950399993,1004449.9215999993
60,fixed_manifest,block_02_proj,linear_projection,GPU,1004449.9215999993,1004602.1657599993
60,fixed_manifest,block_02_residual1,residual_add,GPU,1004602.1657599993,1004620.5129599993
60,fixed_manifest,block_02_norm2,layer_norm,GPU,1004620.5129599993,1004642.6425599993
60,fixed_manifest,block_02_ffn_island,fused_ffn_island,FPGA,1004801.4073599991,1005134.154879999
60,fixed_manifest,block_02_residual2,residual_add,GPU,1005292.9196799989,1005311.2668799988
60,fixed_manifest,block_03_norm1,layer_norm,GPU,1005311.2668799988,1005333.3964799988
60,fixed_manifest,block_03_qkv,linear_qkv,GPU,1005333.3964799988,1005776.128959999
60,fixed_manifest,block_03_attention,self_attention,GPU,1005776.128959999,1005932.155519999
60,fixed_manifest,block_03_proj,linear_projection,GPU,1005932.155519999,1006084.3996799989
60,fixed_manifest,block_03_residual1,residual_add,GPU,1006084.3996799989,1006102.7468799988
60,fixed_manifest,block_03_norm2,layer_norm,GPU,1006102.7468799988,1006124.8764799988
60,fixed_manifest,block_03_ffn_island,fused_ffn_island,FPGA,1006283.6412799987,1006616.3887999986
60,fixed_manifest,block_03_residual2,residual_add,GPU,1006775.1535999984,1006793.5007999984
60,fixed_manifest,block_04_norm1,layer_norm,GPU,1006793.5007999984,1006815.6303999984
60,fixed_manifest,block_04_qkv,linear_qkv,GPU,1006815.6303999984,1007258.3628799985
60,fixed_manifest,block_04_attention,self_attention,GPU,1007258.3628799985,1007414.3894399985
60,fixed_manifest,block_04_proj,linear_projection,GPU,1007414.3894399985,1007566.6335999984
60,fixed_manifest,block_04_residual1,residual_add,GPU,1007566.6335999984,1007584.9807999984
60,fixed_manifest,block_04_norm2,layer_norm,GPU,1007584.9807999984,1007607.1103999984
60,fixed_manifest,block_04_ffn_island,fused_ffn_island,FPGA,1007765.8751999983,1008098.6227199981
60,fixed_manifest,block_04_residual2,residual_add,GPU,1008257.387519998,1008275.734719998
60,fixed_manifest,block_05_norm1,layer_norm,GPU,1008275.734719998,1008297.8643199981
60,fixed_manifest,block_05_qkv,linear_qkv,GPU,1008297.8643199981,1008740.5967999981
60,fixed_manifest,block_05_attention,self_attention,GPU,1008740.5967999981,1008896.6233599981
60,fixed_manifest,block_05_proj,linear_projection,GPU,1008896.6233599981,1009048.867519998
60,fixed_manifest,block_05_residual1,residual_add,GPU,1009048.867519998,1009067.214719998
60,fixed_manifest,block_05_norm2,layer_norm,GPU,1009067.214719998,1009089.3443199979
60,fixed_manifest,block_05_ffn_island,fused_ffn_island,FPGA,1009248.1091199978,1009580.8566399978
60,fixed_manifest,block_05_residual2,residual_add,GPU,1009739.6214399976,1009757.9686399975
60,fixed_manifest,block_06_norm1,layer_norm,GPU,1009757.9686399975,1009780.0982399976
60,fixed_manifest,block_06_qkv,linear_qkv,GPU,1009780.0982399976,1010222.8307199976
60,fixed_manifest,block_06_attention,self_attention,GPU,1010222.8307199976,1010378.8572799977
60,fixed_manifest,block_06_proj,linear_projection,GPU,1010378.8572799977,1010531.1014399976
60,fixed_manifest,block_06_residual1,residual_add,GPU,1010531.1014399976,1010549.4486399975
60,fixed_manifest,block_06_norm2,layer_norm,GPU,1010549.4486399975,1010571.5782399975
60,fixed_manifest,block_06_ffn_island,fused_ffn_island,FPGA,1010730.3430399974,1011063.0905599974
60,fixed_manifest,block_06_residual2,residual_add,GPU,1011221.8553599973,1011240.2025599971
60,fixed_manifest,block_07_norm1,layer_norm,GPU,1011240.2025599971,1011262.3321599972
60,fixed_manifest,block_07_qkv,linear_qkv,GPU,1011262.3321599972,1011705.0646399972
60,fixed_manifest,block_07_attention,self_attention,GPU,1011705.0646399972,1011861.0911999972
60,fixed_manifest,block_07_proj,linear_projection,GPU,1011861.0911999972,1012013.3353599971
60,fixed_manifest,block_07_residual1,residual_add,GPU,1012013.3353599971,1012031.6825599971
60,fixed_manifest,block_07_norm2,layer_norm,GPU,1012031.6825599971,1012053.8121599972
60,fixed_manifest,block_07_ffn_island,fused_ffn_island,FPGA,1012212.576959997,1012545.3244799969
60,fixed_manifest,block_07_residual2,residual_add,GPU,1012704.0892799968,1012722.4364799967
60,fixed_manifest,block_08_norm1,layer_norm,GPU,1012722.4364799967,1012744.5660799968
60,fixed_manifest,block_08_qkv,linear_qkv,GPU,1012744.5660799968,1013187.2985599968
60,fixed_manifest,block_08_attention,self_attention,GPU,1013187.2985599968,1013343.3251199968
60,fixed_manifest,block_08_proj,linear_projection,GPU,1013343.3251199968,1013495.5692799967
60,fixed_manifest,block_08_residual1,residual_add,GPU,1013495.5692799967,1013513.9164799966
60,fixed_manifest,block_08_norm2,layer_norm,GPU,1013513.9164799966,1013536.0460799967
60,fixed_manifest,block_08_ffn_island,fused_ffn_island,FPGA,1013694.8108799966,1014027.5583999965
60,fixed_manifest,block_08_residual2,residual_add,GPU,1014186.3231999964,1014204.6703999963
60,fixed_manifest,block_09_norm1,layer_norm,GPU,1014204.6703999963,1014226.7999999963
60,fixed_manifest,block_09_qkv,linear_qkv,GPU,1014226.7999999963,1014669.5324799963
60,fixed_manifest,block_09_attention,self_attention,GPU,1014669.5324799963,1014825.5590399964
60,fixed_manifest,block_09_proj,linear_projection,GPU,1014825.5590399964,1014977.8031999964
60,fixed_manifest,block_09_residual1,residual_add,GPU,1014977.8031999964,1014996.1503999962
60,fixed_manifest,block_09_norm2,layer_norm,GPU,1014996.1503999962,1015018.2799999963
60,fixed_manifest,block_09_ffn_island,fused_ffn_island,FPGA,1015177.0447999962,1015509.792319996
60,fixed_manifest,block_09_residual2,residual_add,GPU,1015668.5571199959,1015686.9043199959
60,fixed_manifest,block_10_norm1,layer_norm,GPU,1015686.9043199959,1015709.0339199959
60,fixed_manifest,block_10_qkv,linear_qkv,GPU,1015709.0339199959,1016151.7663999959
60,fixed_manifest,block_10_attention,self_attention,GPU,1016151.7663999959,1016307.7929599959
60,fixed_manifest,block_10_proj,linear_projection,GPU,1016307.7929599959,1016460.0371199959
60,fixed_manifest,block_10_residual1,residual_add,GPU,1016460.0371199959,1016478.3843199958
60,fixed_manifest,block_10_norm2,layer_norm,GPU,1016478.3843199958,1016500.5139199959
60,fixed_manifest,block_10_ffn_island,fused_ffn_island,FPGA,1016659.2787199958,1016992.0262399956
61,fixed_manifest,patch_embedding,patch_embedding,GPU,1016666.6666666669,1016818.1735466669
61,fixed_manifest,token_embedding,token_and_position_embedding,GPU,1016818.1735466669,1016836.5207466667
61,fixed_manifest,block_00_norm1,layer_norm,GPU,1016836.5207466667,1016858.6503466668
61,fixed_manifest,block_00_qkv,linear_qkv,GPU,1016858.6503466668,1017301.3828266668
60,fixed_manifest,block_10_residual2,residual_add,GPU,1017301.3828266668,1017319.7300266668
61,fixed_manifest,block_00_attention,self_attention,GPU,1017319.7300266668,1017475.7565866668
60,fixed_manifest,block_11_norm1,layer_norm,GPU,1017475.7565866668,1017497.8861866668
61,fixed_manifest,block_00_proj,linear_projection,GPU,1017497.8861866668,1017650.1303466668
60,fixed_manifest,block_11_qkv,linear_qkv,GPU,1017650.1303466668,1018092.8628266668
61,fixed_manifest,block_00_residual1,residual_add,GPU,1018092.8628266668,1018111.2100266668
60,fixed_manifest,block_11_attention,self_attention,GPU,1018111.2100266668,1018267.2365866668
61,fixed_manifest,block_00_norm2,layer_norm,GPU,1018267.2365866668,1018289.3661866668
60,fixed_manifest,block_11_proj,linear_projection,GPU,1018289.3661866668,1018441.6103466667
60,fixed_manifest,block_11_residual1,residual_add,GPU,1018441.6103466667,1018459.9575466666
61,fixed_manifest,block_00_ffn_island,fused_ffn_island,FPGA,1018448.1309866667,1018780.8785066665
60,fixed_manifest,block_11_norm2,layer_norm,GPU,1018459.9575466666,1018482.0871466667
60,fixed_manifest,block_11_ffn_island,fused_ffn_island,FPGA,1018780.8785066665,1019113.6260266665
61,fixed_manifest,block_00_residual2,residual_add,GPU,1018939.6433066664,1018957.9905066664
61,fixed_manifest,block_01_norm1,layer_norm,GPU,1018957.9905066664,1018980.1201066663
61,fixed_manifest,block_01_qkv,linear_qkv,GPU,1018980.1201066663,1019422.8525866665
60,fixed_manifest,block_11_residual2,residual_add,GPU,1019422.8525866665,1019441.1997866663
61,fixed_manifest,block_01_attention,self_attention,GPU,1019441.1997866663,1019597.2263466663
60,fixed_manifest,final_norm,layer_norm,GPU,1019597.2263466663,1019619.3559466664
61,fixed_manifest,block_01_proj,linear_projection,GPU,1019619.3559466664,1019771.6001066663
60,fixed_manifest,class_token_select,class_token_select,GPU,1019771.6001066663,1019778.6385066663
61,fixed_manifest,block_01_residual1,residual_add,GPU,1019778.6385066663,1019796.9857066663
60,fixed_manifest,classifier,linear_classifier,GPU,1019796.9857066663,1019804.9457066662
61,fixed_manifest,block_01_norm2,layer_norm,GPU,1019804.9457066662,1019827.0753066663
61,fixed_manifest,block_01_ffn_island,fused_ffn_island,FPGA,1019985.8401066662,1020318.5876266661
61,fixed_manifest,block_01_residual2,residual_add,GPU,1020477.352426666,1020495.6996266659
61,fixed_manifest,block_02_norm1,layer_norm,GPU,1020495.6996266659,1020517.8292266659
61,fixed_manifest,block_02_qkv,linear_qkv,GPU,1020517.8292266659,1020960.5617066659
61,fixed_manifest,block_02_attention,self_attention,GPU,1020960.5617066659,1021116.5882666659
61,fixed_manifest,block_02_proj,linear_projection,GPU,1021116.5882666659,1021268.8324266659
61,fixed_manifest,block_02_residual1,residual_add,GPU,1021268.8324266659,1021287.1796266658
61,fixed_manifest,block_02_norm2,layer_norm,GPU,1021287.1796266658,1021309.3092266659
61,fixed_manifest,block_02_ffn_island,fused_ffn_island,FPGA,1021468.0740266658,1021800.8215466656
61,fixed_manifest,block_02_residual2,residual_add,GPU,1021959.5863466655,1021977.9335466655
61,fixed_manifest,block_03_norm1,layer_norm,GPU,1021977.9335466655,1022000.0631466655
61,fixed_manifest,block_03_qkv,linear_qkv,GPU,1022000.0631466655,1022442.7956266655
61,fixed_manifest,block_03_attention,self_attention,GPU,1022442.7956266655,1022598.8221866655
61,fixed_manifest,block_03_proj,linear_projection,GPU,1022598.8221866655,1022751.0663466655
61,fixed_manifest,block_03_residual1,residual_add,GPU,1022751.0663466655,1022769.4135466653
61,fixed_manifest,block_03_norm2,layer_norm,GPU,1022769.4135466653,1022791.5431466654
61,fixed_manifest,block_03_ffn_island,fused_ffn_island,FPGA,1022950.3079466653,1023283.0554666652
61,fixed_manifest,block_03_residual2,residual_add,GPU,1023441.8202666651,1023460.167466665
61,fixed_manifest,block_04_norm1,layer_norm,GPU,1023460.167466665,1023482.297066665
61,fixed_manifest,block_04_qkv,linear_qkv,GPU,1023482.297066665,1023925.0295466651
61,fixed_manifest,block_04_attention,self_attention,GPU,1023925.0295466651,1024081.056106665
61,fixed_manifest,block_04_proj,linear_projection,GPU,1024081.056106665,1024233.300266665
61,fixed_manifest,block_04_residual1,residual_add,GPU,1024233.300266665,1024251.647466665
61,fixed_manifest,block_04_norm2,layer_norm,GPU,1024251.647466665,1024273.777066665
61,fixed_manifest,block_04_ffn_island,fused_ffn_island,FPGA,1024432.5418666649,1024765.2893866648
61,fixed_manifest,block_04_residual2,residual_add,GPU,1024924.0541866646,1024942.4013866646
61,fixed_manifest,block_05_norm1,layer_norm,GPU,1024942.4013866646,1024964.5309866646
61,fixed_manifest,block_05_qkv,linear_qkv,GPU,1024964.5309866646,1025407.2634666647
61,fixed_manifest,block_05_attention,self_attention,GPU,1025407.2634666647,1025563.2900266647
61,fixed_manifest,block_05_proj,linear_projection,GPU,1025563.2900266647,1025715.5341866646
61,fixed_manifest,block_05_residual1,residual_add,GPU,1025715.5341866646,1025733.8813866646
61,fixed_manifest,block_05_norm2,layer_norm,GPU,1025733.8813866646,1025756.0109866646
61,fixed_manifest,block_05_ffn_island,fused_ffn_island,FPGA,1025914.7757866645,1026247.5233066643
61,fixed_manifest,block_05_residual2,residual_add,GPU,1026406.2881066642,1026424.6353066642
61,fixed_manifest,block_06_norm1,layer_norm,GPU,1026424.6353066642,1026446.7649066641
61,fixed_manifest,block_06_qkv,linear_qkv,GPU,1026446.7649066641,1026889.4973866643
61,fixed_manifest,block_06_attention,self_attention,GPU,1026889.4973866643,1027045.5239466643
61,fixed_manifest,block_06_proj,linear_projection,GPU,1027045.5239466643,1027197.7681066642
61,fixed_manifest,block_06_residual1,residual_add,GPU,1027197.7681066642,1027216.1153066641
61,fixed_manifest,block_06_norm2,layer_norm,GPU,1027216.1153066641,1027238.2449066641
61,fixed_manifest,block_06_ffn_island,fused_ffn_island,FPGA,1027397.009706664,1027729.7572266639
61,fixed_manifest,block_06_residual2,residual_add,GPU,1027888.5220266638,1027906.8692266637
61,fixed_manifest,block_07_norm1,layer_norm,GPU,1027906.8692266637,1027928.9988266638
61,fixed_manifest,block_07_qkv,linear_qkv,GPU,1027928.9988266638,1028371.7313066638
61,fixed_manifest,block_07_attention,self_attention,GPU,1028371.7313066638,1028527.7578666639
61,fixed_manifest,block_07_proj,linear_projection,GPU,1028527.7578666639,1028680.0020266637
61,fixed_manifest,block_07_residual1,residual_add,GPU,1028680.0020266637,1028698.3492266637
61,fixed_manifest,block_07_norm2,layer_norm,GPU,1028698.3492266637,1028720.4788266637
61,fixed_manifest,block_07_ffn_island,fused_ffn_island,FPGA,1028879.2436266636,1029211.9911466636
61,fixed_manifest,block_07_residual2,residual_add,GPU,1029370.7559466634,1029389.1031466633
61,fixed_manifest,block_08_norm1,layer_norm,GPU,1029389.1031466633,1029411.2327466634
61,fixed_manifest,block_08_qkv,linear_qkv,GPU,1029411.2327466634,1029853.9652266634
61,fixed_manifest,block_08_attention,self_attention,GPU,1029853.9652266634,1030009.9917866634
61,fixed_manifest,block_08_proj,linear_projection,GPU,1030009.9917866634,1030162.2359466633
61,fixed_manifest,block_08_residual1,residual_add,GPU,1030162.2359466633,1030180.5831466633
61,fixed_manifest,block_08_norm2,layer_norm,GPU,1030180.5831466633,1030202.7127466633
61,fixed_manifest,block_08_ffn_island,fused_ffn_island,FPGA,1030361.4775466631,1030694.2250666631
61,fixed_manifest,block_08_residual2,residual_add,GPU,1030852.989866663,1030871.3370666628
61,fixed_manifest,block_09_norm1,layer_norm,GPU,1030871.3370666628,1030893.466666663
61,fixed_manifest,block_09_qkv,linear_qkv,GPU,1030893.466666663,1031336.199146663
61,fixed_manifest,block_09_attention,self_attention,GPU,1031336.199146663,1031492.225706663
61,fixed_manifest,block_09_proj,linear_projection,GPU,1031492.225706663,1031644.4698666629
61,fixed_manifest,block_09_residual1,residual_add,GPU,1031644.4698666629,1031662.8170666628
61,fixed_manifest,block_09_norm2,layer_norm,GPU,1031662.8170666628,1031684.9466666629
61,fixed_manifest,block_09_ffn_island,fused_ffn_island,FPGA,1031843.7114666628,1032176.4589866627
61,fixed_manifest,block_09_residual2,residual_add,GPU,1032335.2237866626,1032353.5709866625
61,fixed_manifest,block_10_norm1,layer_norm,GPU,1032353.5709866625,1032375.7005866625
61,fixed_manifest,block_10_qkv,linear_qkv,GPU,1032375.7005866625,1032818.4330666625
61,fixed_manifest,block_10_attention,self_attention,GPU,1032818.4330666625,1032974.4596266625
61,fixed_manifest,block_10_proj,linear_projection,GPU,1032974.4596266625,1033126.7037866625
61,fixed_manifest,block_10_residual1,residual_add,GPU,1033126.7037866625,1033145.0509866624
61,fixed_manifest,block_10_norm2,layer_norm,GPU,1033145.0509866624,1033167.1805866625
61,fixed_manifest,block_10_ffn_island,fused_ffn_island,FPGA,1033325.9453866624,1033658.6929066622
62,fixed_manifest,patch_embedding,patch_embedding,GPU,1033333.3333333335,1033484.8402133334
62,fixed_manifest,token_embedding,token_and_position_embedding,GPU,1033484.8402133334,1033503.1874133333
62,fixed_manifest,block_00_norm1,layer_norm,GPU,1033503.1874133333,1033525.3170133334
62,fixed_manifest,block_00_qkv,linear_qkv,GPU,1033525.3170133334,1033968.0494933334
61,fixed_manifest,block_10_residual2,residual_add,GPU,1033968.0494933334,1033986.3966933334
62,fixed_manifest,block_00_attention,self_attention,GPU,1033986.3966933334,1034142.4232533334
61,fixed_manifest,block_11_norm1,layer_norm,GPU,1034142.4232533334,1034164.5528533334
62,fixed_manifest,block_00_proj,linear_projection,GPU,1034164.5528533334,1034316.7970133333
61,fixed_manifest,block_11_qkv,linear_qkv,GPU,1034316.7970133333,1034759.5294933334
62,fixed_manifest,block_00_residual1,residual_add,GPU,1034759.5294933334,1034777.8766933333
61,fixed_manifest,block_11_attention,self_attention,GPU,1034777.8766933333,1034933.9032533333
62,fixed_manifest,block_00_norm2,layer_norm,GPU,1034933.9032533333,1034956.0328533334
61,fixed_manifest,block_11_proj,linear_projection,GPU,1034956.0328533334,1035108.2770133333
61,fixed_manifest,block_11_residual1,residual_add,GPU,1035108.2770133333,1035126.6242133332
62,fixed_manifest,block_00_ffn_island,fused_ffn_island,FPGA,1035114.7976533333,1035447.5451733331
61,fixed_manifest,block_11_norm2,layer_norm,GPU,1035126.6242133332,1035148.7538133332
61,fixed_manifest,block_11_ffn_island,fused_ffn_island,FPGA,1035447.5451733331,1035780.292693333
62,fixed_manifest,block_00_residual2,residual_add,GPU,1035606.309973333,1035624.657173333
62,fixed_manifest,block_01_norm1,layer_norm,GPU,1035624.657173333,1035646.786773333
62,fixed_manifest,block_01_qkv,linear_qkv,GPU,1035646.786773333,1036089.519253333
61,fixed_manifest,block_11_residual2,residual_add,GPU,1036089.519253333,1036107.866453333
62,fixed_manifest,block_01_attention,self_attention,GPU,1036107.866453333,1036263.893013333
61,fixed_manifest,final_norm,layer_norm,GPU,1036263.893013333,1036286.0226133331
62,fixed_manifest,block_01_proj,linear_projection,GPU,1036286.0226133331,1036438.266773333
61,fixed_manifest,class_token_select,class_token_select,GPU,1036438.266773333,1036445.3051733329
62,fixed_manifest,block_01_residual1,residual_add,GPU,1036445.3051733329,1036463.6523733329
61,fixed_manifest,classifier,linear_classifier,GPU,1036463.6523733329,1036471.6123733328
62,fixed_manifest,block_01_norm2,layer_norm,GPU,1036471.6123733328,1036493.7419733328
62,fixed_manifest,block_01_ffn_island,fused_ffn_island,FPGA,1036652.5067733327,1036985.2542933327
62,fixed_manifest,block_01_residual2,residual_add,GPU,1037144.0190933326,1037162.3662933324
62,fixed_manifest,block_02_norm1,layer_norm,GPU,1037162.3662933324,1037184.4958933325
62,fixed_manifest,block_02_qkv,linear_qkv,GPU,1037184.4958933325,1037627.2283733325
62,fixed_manifest,block_02_attention,self_attention,GPU,1037627.2283733325,1037783.2549333326
62,fixed_manifest,block_02_proj,linear_projection,GPU,1037783.2549333326,1037935.4990933324
62,fixed_manifest,block_02_residual1,residual_add,GPU,1037935.4990933324,1037953.8462933324
62,fixed_manifest,block_02_norm2,layer_norm,GPU,1037953.8462933324,1037975.9758933325
62,fixed_manifest,block_02_ffn_island,fused_ffn_island,FPGA,1038134.7406933323,1038467.4882133323
62,fixed_manifest,block_02_residual2,residual_add,GPU,1038626.2530133321,1038644.6002133321
62,fixed_manifest,block_03_norm1,layer_norm,GPU,1038644.6002133321,1038666.7298133321
62,fixed_manifest,block_03_qkv,linear_qkv,GPU,1038666.7298133321,1039109.4622933321
62,fixed_manifest,block_03_attention,self_attention,GPU,1039109.4622933321,1039265.4888533321
62,fixed_manifest,block_03_proj,linear_projection,GPU,1039265.4888533321,1039417.7330133321
62,fixed_manifest,block_03_residual1,residual_add,GPU,1039417.7330133321,1039436.080213332
62,fixed_manifest,block_03_norm2,layer_norm,GPU,1039436.080213332,1039458.2098133321
62,fixed_manifest,block_03_ffn_island,fused_ffn_island,FPGA,1039616.974613332,1039949.7221333318
62,fixed_manifest,block_03_residual2,residual_add,GPU,1040108.4869333317,1040126.8341333317
62,fixed_manifest,block_04_norm1,layer_norm,GPU,1040126.8341333317,1040148.9637333316
62,fixed_manifest,block_04_qkv,linear_qkv,GPU,1040148.9637333316,1040591.6962133317
62,fixed_manifest,block_04_attention,self_attention,GPU,1040591.6962133317,1040747.7227733317
62,fixed_manifest,block_04_proj,linear_projection,GPU,1040747.7227733317,1040899.9669333317
62,fixed_manifest,block_04_residual1,residual_add,GPU,1040899.9669333317,1040918.3141333315
62,fixed_manifest,block_04_norm2,layer_norm,GPU,1040918.3141333315,1040940.4437333316
62,fixed_manifest,block_04_ffn_island,fused_ffn_island,FPGA,1041099.2085333315,1041431.9560533314
62,fixed_manifest,block_04_residual2,residual_add,GPU,1041590.7208533313,1041609.0680533312
62,fixed_manifest,block_05_norm1,layer_norm,GPU,1041609.0680533312,1041631.1976533312
62,fixed_manifest,block_05_qkv,linear_qkv,GPU,1041631.1976533312,1042073.9301333312
62,fixed_manifest,block_05_attention,self_attention,GPU,1042073.9301333312,1042229.9566933312
62,fixed_manifest,block_05_proj,linear_projection,GPU,1042229.9566933312,1042382.2008533312
62,fixed_manifest,block_05_residual1,residual_add,GPU,1042382.2008533312,1042400.5480533312
62,fixed_manifest,block_05_norm2,layer_norm,GPU,1042400.5480533312,1042422.6776533312
62,fixed_manifest,block_05_ffn_island,fused_ffn_island,FPGA,1042581.4424533311,1042914.1899733309
62,fixed_manifest,block_05_residual2,residual_add,GPU,1043072.9547733308,1043091.3019733308
62,fixed_manifest,block_06_norm1,layer_norm,GPU,1043091.3019733308,1043113.4315733308
62,fixed_manifest,block_06_qkv,linear_qkv,GPU,1043113.4315733308,1043556.1640533309
62,fixed_manifest,block_06_attention,self_attention,GPU,1043556.1640533309,1043712.1906133309
62,fixed_manifest,block_06_proj,linear_projection,GPU,1043712.1906133309,1043864.4347733308
62,fixed_manifest,block_06_residual1,residual_add,GPU,1043864.4347733308,1043882.7819733308
62,fixed_manifest,block_06_norm2,layer_norm,GPU,1043882.7819733308,1043904.9115733308
62,fixed_manifest,block_06_ffn_island,fused_ffn_island,FPGA,1044063.6763733306,1044396.4238933305
62,fixed_manifest,block_06_residual2,residual_add,GPU,1044555.1886933304,1044573.5358933304
62,fixed_manifest,block_07_norm1,layer_norm,GPU,1044573.5358933304,1044595.6654933303
62,fixed_manifest,block_07_qkv,linear_qkv,GPU,1044595.6654933303,1045038.3979733305
62,fixed_manifest,block_07_attention,self_attention,GPU,1045038.3979733305,1045194.4245333305
62,fixed_manifest,block_07_proj,linear_projection,GPU,1045194.4245333305,1045346.6686933304
62,fixed_manifest,block_07_residual1,residual_add,GPU,1045346.6686933304,1045365.0158933303
62,fixed_manifest,block_07_norm2,layer_norm,GPU,1045365.0158933303,1045387.1454933303
62,fixed_manifest,block_07_ffn_island,fused_ffn_island,FPGA,1045545.9102933302,1045878.6578133301
62,fixed_manifest,block_07_residual2,residual_add,GPU,1046037.42261333,1046055.7698133299
62,fixed_manifest,block_08_norm1,layer_norm,GPU,1046055.7698133299,1046077.89941333
62,fixed_manifest,block_08_qkv,linear_qkv,GPU,1046077.89941333,1046520.63189333
62,fixed_manifest,block_08_attention,self_attention,GPU,1046520.63189333,1046676.65845333
62,fixed_manifest,block_08_proj,linear_projection,GPU,1046676.65845333,1046828.9026133299
62,fixed_manifest,block_08_residual1,residual_add,GPU,1046828.9026133299,1046847.2498133299
62,fixed_manifest,block_08_norm2,layer_norm,GPU,1046847.2498133299,1046869.3794133299
62,fixed_manifest,block_08_ffn_island,fused_ffn_island,FPGA,1047028.1442133298,1047360.8917333297
62,fixed_manifest,block_08_residual2,residual_add,GPU,1047519.6565333295,1047538.0037333295
62,fixed_manifest,block_09_norm1,layer_norm,GPU,1047538.0037333295,1047560.1333333296
62,fixed_manifest,block_09_qkv,linear_qkv,GPU,1047560.1333333296,1048002.8658133296
62,fixed_manifest,block_09_attention,self_attention,GPU,1048002.8658133296,1048158.8923733296
62,fixed_manifest,block_09_proj,linear_projection,GPU,1048158.8923733296,1048311.1365333295
62,fixed_manifest,block_09_residual1,residual_add,GPU,1048311.1365333295,1048329.4837333295
62,fixed_manifest,block_09_norm2,layer_norm,GPU,1048329.4837333295,1048351.6133333294
62,fixed_manifest,block_09_ffn_island,fused_ffn_island,FPGA,1048510.3781333293,1048843.1256533293
62,fixed_manifest,block_09_residual2,residual_add,GPU,1049001.890453329,1049020.237653329
62,fixed_manifest,block_10_norm1,layer_norm,GPU,1049020.237653329,1049042.3672533291
62,fixed_manifest,block_10_qkv,linear_qkv,GPU,1049042.3672533291,1049485.0997333291
62,fixed_manifest,block_10_attention,self_attention,GPU,1049485.0997333291,1049641.1262933293
62,fixed_manifest,block_10_proj,linear_projection,GPU,1049641.1262933293,1049793.370453329
62,fixed_manifest,block_10_residual1,residual_add,GPU,1049793.370453329,1049811.717653329
62,fixed_manifest,block_10_norm2,layer_norm,GPU,1049811.717653329,1049833.8472533291
62,fixed_manifest,block_10_ffn_island,fused_ffn_island,FPGA,1049992.612053329,1050325.3595733289
63,fixed_manifest,patch_embedding,patch_embedding,GPU,1050000.0,1050151.50688
63,fixed_manifest,token_embedding,token_and_position_embedding,GPU,1050151.50688,1050169.85408
63,fixed_manifest,block_00_norm1,layer_norm,GPU,1050169.85408,1050191.98368
63,fixed_manifest,block_00_qkv,linear_qkv,GPU,1050191.98368,1050634.71616
62,fixed_manifest,block_10_residual2,residual_add,GPU,1050634.71616,1050653.06336
63,fixed_manifest,block_00_attention,self_attention,GPU,1050653.06336,1050809.08992
62,fixed_manifest,block_11_norm1,layer_norm,GPU,1050809.08992,1050831.21952
63,fixed_manifest,block_00_proj,linear_projection,GPU,1050831.21952,1050983.46368
62,fixed_manifest,block_11_qkv,linear_qkv,GPU,1050983.46368,1051426.19616
63,fixed_manifest,block_00_residual1,residual_add,GPU,1051426.19616,1051444.54336
62,fixed_manifest,block_11_attention,self_attention,GPU,1051444.54336,1051600.56992
63,fixed_manifest,block_00_norm2,layer_norm,GPU,1051600.56992,1051622.69952
62,fixed_manifest,block_11_proj,linear_projection,GPU,1051622.69952,1051774.9436799998
62,fixed_manifest,block_11_residual1,residual_add,GPU,1051774.9436799998,1051793.2908799998
63,fixed_manifest,block_00_ffn_island,fused_ffn_island,FPGA,1051781.4643199998,1052114.2118399998
62,fixed_manifest,block_11_norm2,layer_norm,GPU,1051793.2908799998,1051815.4204799999
62,fixed_manifest,block_11_ffn_island,fused_ffn_island,FPGA,1052114.2118399998,1052446.9593599997
63,fixed_manifest,block_00_residual2,residual_add,GPU,1052272.9766399995,1052291.3238399995
63,fixed_manifest,block_01_norm1,layer_norm,GPU,1052291.3238399995,1052313.4534399996
63,fixed_manifest,block_01_qkv,linear_qkv,GPU,1052313.4534399996,1052756.1859199996
62,fixed_manifest,block_11_residual2,residual_add,GPU,1052756.1859199996,1052774.5331199996
63,fixed_manifest,block_01_attention,self_attention,GPU,1052774.5331199996,1052930.5596799997
62,fixed_manifest,final_norm,layer_norm,GPU,1052930.5596799997,1052952.6892799996
63,fixed_manifest,block_01_proj,linear_projection,GPU,1052952.6892799996,1053104.9334399996
62,fixed_manifest,class_token_select,class_token_select,GPU,1053104.9334399996,1053111.9718399995
63,fixed_manifest,block_01_residual1,residual_add,GPU,1053111.9718399995,1053130.3190399995
62,fixed_manifest,classifier,linear_classifier,GPU,1053130.3190399995,1053138.2790399995
63,fixed_manifest,block_01_norm2,layer_norm,GPU,1053138.2790399995,1053160.4086399996
63,fixed_manifest,block_01_ffn_island,fused_ffn_island,FPGA,1053319.1734399993,1053651.9209599993
63,fixed_manifest,block_01_residual2,residual_add,GPU,1053810.685759999,1053829.032959999
63,fixed_manifest,block_02_norm1,layer_norm,GPU,1053829.032959999,1053851.1625599992
63,fixed_manifest,block_02_qkv,linear_qkv,GPU,1053851.1625599992,1054293.8950399992
63,fixed_manifest,block_02_attention,self_attention,GPU,1054293.8950399992,1054449.921599999
63,fixed_manifest,block_02_proj,linear_projection,GPU,1054449.921599999,1054602.165759999
63,fixed_manifest,block_02_residual1,residual_add,GPU,1054602.165759999,1054620.512959999
63,fixed_manifest,block_02_norm2,layer_norm,GPU,1054620.512959999,1054642.6425599991
63,fixed_manifest,block_02_ffn_island,fused_ffn_island,FPGA,1054801.407359999,1055134.1548799989
63,fixed_manifest,block_02_residual2,residual_add,GPU,1055292.9196799987,1055311.2668799986
63,fixed_manifest,block_03_norm1,layer_norm,GPU,1055311.2668799986,1055333.3964799987
63,fixed_manifest,block_03_qkv,linear_qkv,GPU,1055333.3964799987,1055776.1289599987
63,fixed_manifest,block_03_attention,self_attention,GPU,1055776.1289599987,1055932.1555199989
63,fixed_manifest,block_03_proj,linear_projection,GPU,1055932.1555199989,1056084.3996799986
63,fixed_manifest,block_03_residual1,residual_add,GPU,1056084.3996799986,1056102.7468799986
63,fixed_manifest,block_03_norm2,layer_norm,GPU,1056102.7468799986,1056124.8764799987
63,fixed_manifest,block_03_ffn_island,fused_ffn_island,FPGA,1056283.6412799985,1056616.3887999984
63,fixed_manifest,block_03_residual2,residual_add,GPU,1056775.1535999982,1056793.5007999982
63,fixed_manifest,block_04_norm1,layer_norm,GPU,1056793.5007999982,1056815.6303999983
63,fixed_manifest,block_04_qkv,linear_qkv,GPU,1056815.6303999983,1057258.3628799983
63,fixed_manifest,block_04_attention,self_attention,GPU,1057258.3628799983,1057414.3894399984
63,fixed_manifest,block_04_proj,linear_projection,GPU,1057414.3894399984,1057566.6335999982
63,fixed_manifest,block_04_residual1,residual_add,GPU,1057566.6335999982,1057584.9807999982
63,fixed_manifest,block_04_norm2,layer_norm,GPU,1057584.9807999982,1057607.1103999983
63,fixed_manifest,block_04_ffn_island,fused_ffn_island,FPGA,1057765.875199998,1058098.622719998
63,fixed_manifest,block_04_residual2,residual_add,GPU,1058257.3875199978,1058275.7347199977
63,fixed_manifest,block_05_norm1,layer_norm,GPU,1058275.7347199977,1058297.8643199978
63,fixed_manifest,block_05_qkv,linear_qkv,GPU,1058297.8643199978,1058740.5967999978
63,fixed_manifest,block_05_attention,self_attention,GPU,1058740.5967999978,1058896.623359998
63,fixed_manifest,block_05_proj,linear_projection,GPU,1058896.623359998,1059048.8675199978
63,fixed_manifest,block_05_residual1,residual_add,GPU,1059048.8675199978,1059067.2147199977
63,fixed_manifest,block_05_norm2,layer_norm,GPU,1059067.2147199977,1059089.3443199978
63,fixed_manifest,block_05_ffn_island,fused_ffn_island,FPGA,1059248.1091199976,1059580.8566399976
63,fixed_manifest,block_05_residual2,residual_add,GPU,1059739.6214399973,1059757.9686399973
63,fixed_manifest,block_06_norm1,layer_norm,GPU,1059757.9686399973,1059780.0982399974
63,fixed_manifest,block_06_qkv,linear_qkv,GPU,1059780.0982399974,1060222.8307199974
63,fixed_manifest,block_06_attention,self_attention,GPU,1060222.8307199974,1060378.8572799976
63,fixed_manifest,block_06_proj,linear_projection,GPU,1060378.8572799976,1060531.1014399973
63,fixed_manifest,block_06_residual1,residual_add,GPU,1060531.1014399973,1060549.4486399973
63,fixed_manifest,block_06_norm2,layer_norm,GPU,1060549.4486399973,1060571.5782399974
63,fixed_manifest,block_06_ffn_island,fused_ffn_island,FPGA,1060730.3430399972,1061063.0905599971
63,fixed_manifest,block_06_residual2,residual_add,GPU,1061221.8553599971,1061240.2025599969
63,fixed_manifest,block_07_norm1,layer_norm,GPU,1061240.2025599969,1061262.332159997
63,fixed_manifest,block_07_qkv,linear_qkv,GPU,1061262.332159997,1061705.064639997
63,fixed_manifest,block_07_attention,self_attention,GPU,1061705.064639997,1061861.091199997
63,fixed_manifest,block_07_proj,linear_projection,GPU,1061861.091199997,1062013.3353599969
63,fixed_manifest,block_07_residual1,residual_add,GPU,1062013.3353599969,1062031.6825599968
63,fixed_manifest,block_07_norm2,layer_norm,GPU,1062031.6825599968,1062053.812159997
63,fixed_manifest,block_07_ffn_island,fused_ffn_island,FPGA,1062212.5769599967,1062545.3244799967
63,fixed_manifest,block_07_residual2,residual_add,GPU,1062704.0892799967,1062722.4364799964
63,fixed_manifest,block_08_norm1,layer_norm,GPU,1062722.4364799964,1062744.5660799965
63,fixed_manifest,block_08_qkv,linear_qkv,GPU,1062744.5660799965,1063187.2985599965
63,fixed_manifest,block_08_attention,self_attention,GPU,1063187.2985599965,1063343.3251199967
63,fixed_manifest,block_08_proj,linear_projection,GPU,1063343.3251199967,1063495.5692799964
63,fixed_manifest,block_08_residual1,residual_add,GPU,1063495.5692799964,1063513.9164799964
63,fixed_manifest,block_08_norm2,layer_norm,GPU,1063513.9164799964,1063536.0460799965
63,fixed_manifest,block_08_ffn_island,fused_ffn_island,FPGA,1063694.8108799965,1064027.5583999963
63,fixed_manifest,block_08_residual2,residual_add,GPU,1064186.3231999963,1064204.6703999962
63,fixed_manifest,block_09_norm1,layer_norm,GPU,1064204.6703999962,1064226.799999996
63,fixed_manifest,block_09_qkv,linear_qkv,GPU,1064226.799999996,1064669.532479996
63,fixed_manifest,block_09_attention,self_attention,GPU,1064669.532479996,1064825.5590399962
63,fixed_manifest,block_09_proj,linear_projection,GPU,1064825.5590399962,1064977.8031999962
63,fixed_manifest,block_09_residual1,residual_add,GPU,1064977.8031999962,1064996.150399996
63,fixed_manifest,block_09_norm2,layer_norm,GPU,1064996.150399996,1065018.279999996
63,fixed_manifest,block_09_ffn_island,fused_ffn_island,FPGA,1065177.044799996,1065509.7923199958
63,fixed_manifest,block_09_residual2,residual_add,GPU,1065668.5571199958,1065686.9043199958
63,fixed_manifest,block_10_norm1,layer_norm,GPU,1065686.9043199958,1065709.0339199957
63,fixed_manifest,block_10_qkv,linear_qkv,GPU,1065709.0339199957,1066151.7663999957
63,fixed_manifest,block_10_attention,self_attention,GPU,1066151.7663999957,1066307.7929599958
63,fixed_manifest,block_10_proj,linear_projection,GPU,1066307.7929599958,1066460.0371199958
63,fixed_manifest,block_10_residual1,residual_add,GPU,1066460.0371199958,1066478.3843199955
63,fixed_manifest,block_10_norm2,layer_norm,GPU,1066478.3843199955,1066500.5139199956
63,fixed_manifest,block_10_ffn_island,fused_ffn_island,FPGA,1066659.2787199956,1066992.0262399954
63,fixed_manifest,block_10_residual2,residual_add,GPU,1067150.7910399954,1067169.1382399953
63,fixed_manifest,block_11_norm1,layer_norm,GPU,1067169.1382399953,1067191.2678399952
63,fixed_manifest,block_11_qkv,linear_qkv,GPU,1067191.2678399952,1067634.0003199955
63,fixed_manifest,block_11_attention,self_attention,GPU,1067634.0003199955,1067790.0268799954
63,fixed_manifest,block_11_proj,linear_projection,GPU,1067790.0268799954,1067942.2710399954
63,fixed_manifest,block_11_residual1,residual_add,GPU,1067942.2710399954,1067960.6182399953
63,fixed_manifest,block_11_norm2,layer_norm,GPU,1067960.6182399953,1067982.7478399952
63,fixed_manifest,block_11_ffn_island,fused_ffn_island,FPGA,1068141.5126399952,1068474.260159995
63,fixed_manifest,block_11_residual2,residual_add,GPU,1068633.024959995,1068651.372159995
63,fixed_manifest,final_norm,layer_norm,GPU,1068651.372159995,1068673.5017599948
63,fixed_manifest,class_token_select,class_token_select,GPU,1068673.5017599948,1068680.5401599947
63,fixed_manifest,classifier,linear_classifier,GPU,1068680.5401599947,1068688.500159995
