request_id,selected_mode,edge_index,stage,resource,direction,bytes,start_us,finish_us
0,fixed_manifest,9,1,gpu_host,GPU_to_HOST,302592,983.4636800000001,1017.94048
0,fixed_manifest,9,2,host_fpga_pcie,HOST_to_FPGA,302592,1017.94048,1142.2284800000002
0,fixed_manifest,10,1,host_fpga_pcie,FPGA_to_HOST,302592,1474.9760000000003,1599.2640000000004
0,fixed_manifest,10,2,gpu_host,HOST_to_GPU,302592,1599.2640000000004,1633.7408000000003
0,fixed_manifest,19,1,gpu_host,GPU_to_HOST,302592,2465.6976,2500.1744000000003
0,fixed_manifest,19,2,host_fpga_pcie,HOST_to_FPGA,302592,2500.1744000000003,2624.4624
0,fixed_manifest,20,1,host_fpga_pcie,FPGA_to_HOST,302592,2957.20992,3081.49792
0,fixed_manifest,20,2,gpu_host,HOST_to_GPU,302592,3081.49792,3115.9747199999997
0,fixed_manifest,29,1,gpu_host,GPU_to_HOST,302592,3947.9315199999996,3982.4083200000005
0,fixed_manifest,29,2,host_fpga_pcie,HOST_to_FPGA,302592,3982.4083200000005,4106.69632
0,fixed_manifest,30,1,host_fpga_pcie,FPGA_to_HOST,302592,4439.443840000001,4563.73184
0,fixed_manifest,30,2,gpu_host,HOST_to_GPU,302592,4563.73184,4598.208640000002
0,fixed_manifest,39,1,gpu_host,GPU_to_HOST,302592,5430.1654400000025,5464.642240000003
0,fixed_manifest,39,2,host_fpga_pcie,HOST_to_FPGA,302592,5464.642240000003,5588.930240000003
0,fixed_manifest,40,1,host_fpga_pcie,FPGA_to_HOST,302592,5921.677760000003,6045.965760000004
0,fixed_manifest,40,2,gpu_host,HOST_to_GPU,302592,6045.965760000004,6080.442560000004
0,fixed_manifest,49,1,gpu_host,GPU_to_HOST,302592,6912.399360000005,6946.876160000005
0,fixed_manifest,49,2,host_fpga_pcie,HOST_to_FPGA,302592,6946.876160000005,7071.164160000006
0,fixed_manifest,50,1,host_fpga_pcie,FPGA_to_HOST,302592,7403.911680000006,7528.199680000006
0,fixed_manifest,50,2,gpu_host,HOST_to_GPU,302592,7528.199680000006,7562.676480000006
0,fixed_manifest,59,1,gpu_host,GPU_to_HOST,302592,8394.633280000005,8429.110080000006
0,fixed_manifest,59,2,host_fpga_pcie,HOST_to_FPGA,302592,8429.110080000006,8553.398080000004
0,fixed_manifest,60,1,host_fpga_pcie,FPGA_to_HOST,302592,8886.145600000003,9010.433600000004
0,fixed_manifest,60,2,gpu_host,HOST_to_GPU,302592,9010.433600000004,9044.910400000002
0,fixed_manifest,69,1,gpu_host,GPU_to_HOST,302592,9876.867200000002,9911.344000000001
0,fixed_manifest,69,2,host_fpga_pcie,HOST_to_FPGA,302592,9911.344000000001,10035.632000000001
0,fixed_manifest,70,1,host_fpga_pcie,FPGA_to_HOST,302592,10368.37952,10492.66752
0,fixed_manifest,70,2,gpu_host,HOST_to_GPU,302592,10492.66752,10527.14432
0,fixed_manifest,79,1,gpu_host,GPU_to_HOST,302592,11359.101119999998,11393.577919999996
0,fixed_manifest,79,2,host_fpga_pcie,HOST_to_FPGA,302592,11393.577919999996,11517.865919999997
0,fixed_manifest,80,1,host_fpga_pcie,FPGA_to_HOST,302592,11850.613439999996,11974.901439999996
0,fixed_manifest,80,2,gpu_host,HOST_to_GPU,302592,11974.901439999996,12009.378239999995
0,fixed_manifest,89,1,gpu_host,GPU_to_HOST,302592,12841.335039999993,12875.811839999993
0,fixed_manifest,89,2,host_fpga_pcie,HOST_to_FPGA,302592,12875.811839999993,13000.099839999992
0,fixed_manifest,90,1,host_fpga_pcie,FPGA_to_HOST,302592,13332.847359999992,13457.135359999991
0,fixed_manifest,90,2,gpu_host,HOST_to_GPU,302592,13457.135359999991,13491.612159999991
0,fixed_manifest,99,1,gpu_host,GPU_to_HOST,302592,14323.56895999999,14358.045759999988
0,fixed_manifest,99,2,host_fpga_pcie,HOST_to_FPGA,302592,14358.045759999988,14482.333759999989
0,fixed_manifest,100,1,host_fpga_pcie,FPGA_to_HOST,302592,14815.081279999988,14939.369279999988
0,fixed_manifest,100,2,gpu_host,HOST_to_GPU,302592,14939.369279999988,14973.846079999987
0,fixed_manifest,109,1,gpu_host,GPU_to_HOST,302592,15805.802879999987,15840.279679999989
0,fixed_manifest,109,2,host_fpga_pcie,HOST_to_FPGA,302592,15840.279679999989,15964.56767999999
0,fixed_manifest,110,1,host_fpga_pcie,FPGA_to_HOST,302592,16297.315199999988,16421.60319999999
0,fixed_manifest,110,2,gpu_host,HOST_to_GPU,302592,16421.60319999999,16456.07999999999
0,fixed_manifest,119,1,gpu_host,GPU_to_HOST,302592,17922.752959999994,17957.229759999995
0,fixed_manifest,119,2,host_fpga_pcie,HOST_to_FPGA,302592,17957.229759999995,18081.517759999995
1,fixed_manifest,9,1,gpu_host,GPU_to_HOST,302592,18271.500479999995,18305.977279999996
1,fixed_manifest,9,2,host_fpga_pcie,HOST_to_FPGA,302592,18305.977279999996,18430.265279999996
0,fixed_manifest,120,1,host_fpga_pcie,FPGA_to_HOST,302592,18414.265279999996,18538.553279999996
0,fixed_manifest,120,2,gpu_host,HOST_to_GPU,302592,18538.553279999996,18573.030079999997
1,fixed_manifest,10,1,host_fpga_pcie,FPGA_to_HOST,302592,18763.012799999997,18887.300799999997
1,fixed_manifest,10,2,gpu_host,HOST_to_GPU,302592,18887.300799999997,18921.777599999998
1,fixed_manifest,19,1,gpu_host,GPU_to_HOST,302592,19753.7344,19788.2112
1,fixed_manifest,19,2,host_fpga_pcie,HOST_to_FPGA,302592,19788.2112,19912.499200000002
1,fixed_manifest,20,1,host_fpga_pcie,FPGA_to_HOST,302592,20245.246720000003,20369.534720000003
1,fixed_manifest,20,2,gpu_host,HOST_to_GPU,302592,20369.534720000003,20404.011520000004
1,fixed_manifest,29,1,gpu_host,GPU_to_HOST,302592,21235.968320000007,21270.445120000008
1,fixed_manifest,29,2,host_fpga_pcie,HOST_to_FPGA,302592,21270.445120000008,21394.733120000008
1,fixed_manifest,30,1,host_fpga_pcie,FPGA_to_HOST,302592,21727.48064000001,21851.76864000001
1,fixed_manifest,30,2,gpu_host,HOST_to_GPU,302592,21851.76864000001,21886.24544000001
1,fixed_manifest,39,1,gpu_host,GPU_to_HOST,302592,22718.202240000013,22752.679040000014
1,fixed_manifest,39,2,host_fpga_pcie,HOST_to_FPGA,302592,22752.679040000014,22876.967040000014
1,fixed_manifest,40,1,host_fpga_pcie,FPGA_to_HOST,302592,23209.714560000015,23334.002560000015
1,fixed_manifest,40,2,gpu_host,HOST_to_GPU,302592,23334.002560000015,23368.479360000016
1,fixed_manifest,49,1,gpu_host,GPU_to_HOST,302592,24200.43616000002,24234.91296000002
1,fixed_manifest,49,2,host_fpga_pcie,HOST_to_FPGA,302592,24234.91296000002,24359.20096000002
1,fixed_manifest,50,1,host_fpga_pcie,FPGA_to_HOST,302592,24691.94848000002,24816.23648000002
1,fixed_manifest,50,2,gpu_host,HOST_to_GPU,302592,24816.23648000002,24850.71328000002
1,fixed_manifest,59,1,gpu_host,GPU_to_HOST,302592,25682.670080000025,25717.146880000026
1,fixed_manifest,59,2,host_fpga_pcie,HOST_to_FPGA,302592,25717.146880000026,25841.434880000026
1,fixed_manifest,60,1,host_fpga_pcie,FPGA_to_HOST,302592,26174.182400000027,26298.470400000027
1,fixed_manifest,60,2,gpu_host,HOST_to_GPU,302592,26298.470400000027,26332.947200000028
1,fixed_manifest,69,1,gpu_host,GPU_to_HOST,302592,27164.90400000003,27199.380800000035
1,fixed_manifest,69,2,host_fpga_pcie,HOST_to_FPGA,302592,27199.380800000035,27323.668800000032
1,fixed_manifest,70,1,host_fpga_pcie,FPGA_to_HOST,302592,27656.416320000033,27780.704320000033
1,fixed_manifest,70,2,gpu_host,HOST_to_GPU,302592,27780.704320000033,27815.181120000034
1,fixed_manifest,79,1,gpu_host,GPU_to_HOST,302592,28647.137920000037,28681.61472000004
1,fixed_manifest,79,2,host_fpga_pcie,HOST_to_FPGA,302592,28681.61472000004,28805.90272000004
1,fixed_manifest,80,1,host_fpga_pcie,FPGA_to_HOST,302592,29138.65024000004,29262.93824000004
1,fixed_manifest,80,2,gpu_host,HOST_to_GPU,302592,29262.93824000004,29297.415040000044
1,fixed_manifest,89,1,gpu_host,GPU_to_HOST,302592,30129.371840000043,30163.848640000047
1,fixed_manifest,89,2,host_fpga_pcie,HOST_to_FPGA,302592,30163.848640000047,30288.136640000048
1,fixed_manifest,90,1,host_fpga_pcie,FPGA_to_HOST,302592,30620.884160000045,30745.172160000046
1,fixed_manifest,90,2,gpu_host,HOST_to_GPU,302592,30745.172160000046,30779.64896000005
1,fixed_manifest,99,1,gpu_host,GPU_to_HOST,302592,31611.60576000005,31646.082560000053
1,fixed_manifest,99,2,host_fpga_pcie,HOST_to_FPGA,302592,31646.082560000053,31770.370560000054
1,fixed_manifest,100,1,host_fpga_pcie,FPGA_to_HOST,302592,32103.118080000055,32227.406080000055
1,fixed_manifest,100,2,gpu_host,HOST_to_GPU,302592,32227.406080000055,32261.88288000006
1,fixed_manifest,109,1,gpu_host,GPU_to_HOST,302592,33093.83968000005,33128.31648000005
1,fixed_manifest,109,2,host_fpga_pcie,HOST_to_FPGA,302592,33128.31648000005,33252.60448000005
1,fixed_manifest,110,1,host_fpga_pcie,FPGA_to_HOST,302592,33585.35200000006,33709.64000000006
1,fixed_manifest,110,2,gpu_host,HOST_to_GPU,302592,33709.64000000006,33744.116800000054
2,fixed_manifest,9,1,gpu_host,GPU_to_HOST,302592,34956.032853333316,34990.50965333332
2,fixed_manifest,9,2,host_fpga_pcie,HOST_to_FPGA,302592,34990.50965333332,35114.79765333332
1,fixed_manifest,119,1,gpu_host,GPU_to_HOST,302592,35148.753813333315,35183.23061333332
1,fixed_manifest,119,2,host_fpga_pcie,HOST_to_FPGA,302592,35183.23061333332,35307.51861333332
2,fixed_manifest,10,1,host_fpga_pcie,FPGA_to_HOST,302592,35447.545173333325,35571.833173333325
2,fixed_manifest,10,2,gpu_host,HOST_to_GPU,302592,35571.833173333325,35606.30997333333
1,fixed_manifest,120,1,host_fpga_pcie,FPGA_to_HOST,302592,35780.29269333333,35904.58069333333
1,fixed_manifest,120,2,gpu_host,HOST_to_GPU,302592,35904.58069333333,35939.05749333333
2,fixed_manifest,19,1,gpu_host,GPU_to_HOST,302592,36493.741973333315,36528.21877333331
2,fixed_manifest,19,2,host_fpga_pcie,HOST_to_FPGA,302592,36528.21877333331,36652.50677333331
2,fixed_manifest,20,1,host_fpga_pcie,FPGA_to_HOST,302592,36985.25429333332,37109.54229333332
2,fixed_manifest,20,2,gpu_host,HOST_to_GPU,302592,37109.54229333332,37144.01909333332
2,fixed_manifest,29,1,gpu_host,GPU_to_HOST,302592,37975.975893333314,38010.45269333331
2,fixed_manifest,29,2,host_fpga_pcie,HOST_to_FPGA,302592,38010.45269333331,38134.74069333331
2,fixed_manifest,30,1,host_fpga_pcie,FPGA_to_HOST,302592,38467.488213333316,38591.776213333316
2,fixed_manifest,30,2,gpu_host,HOST_to_GPU,302592,38591.776213333316,38626.25301333332
2,fixed_manifest,39,1,gpu_host,GPU_to_HOST,302592,39458.20981333331,39492.68661333332
2,fixed_manifest,39,2,host_fpga_pcie,HOST_to_FPGA,302592,39492.68661333332,39616.97461333332
2,fixed_manifest,40,1,host_fpga_pcie,FPGA_to_HOST,302592,39949.722133333315,40074.010133333315
2,fixed_manifest,40,2,gpu_host,HOST_to_GPU,302592,40074.010133333315,40108.48693333332
2,fixed_manifest,49,1,gpu_host,GPU_to_HOST,302592,40940.44373333331,40974.920533333316
2,fixed_manifest,49,2,host_fpga_pcie,HOST_to_FPGA,302592,40974.920533333316,41099.208533333316
2,fixed_manifest,50,1,host_fpga_pcie,FPGA_to_HOST,302592,41431.95605333331,41556.244053333314
2,fixed_manifest,50,2,gpu_host,HOST_to_GPU,302592,41556.244053333314,41590.72085333332
2,fixed_manifest,59,1,gpu_host,GPU_to_HOST,302592,42422.67765333331,42457.154453333314
2,fixed_manifest,59,2,host_fpga_pcie,HOST_to_FPGA,302592,42457.154453333314,42581.442453333315
2,fixed_manifest,60,1,host_fpga_pcie,FPGA_to_HOST,302592,42914.18997333331,43038.47797333331
2,fixed_manifest,60,2,gpu_host,HOST_to_GPU,302592,43038.47797333331,43072.95477333332
2,fixed_manifest,69,1,gpu_host,GPU_to_HOST,302592,43904.91157333331,43939.38837333331
2,fixed_manifest,69,2,host_fpga_pcie,HOST_to_FPGA,302592,43939.38837333331,44063.676373333314
2,fixed_manifest,70,1,host_fpga_pcie,FPGA_to_HOST,302592,44396.42389333331,44520.71189333331
2,fixed_manifest,70,2,gpu_host,HOST_to_GPU,302592,44520.71189333331,44555.188693333315
2,fixed_manifest,79,1,gpu_host,GPU_to_HOST,302592,45387.14549333331,45421.62229333331
2,fixed_manifest,79,2,host_fpga_pcie,HOST_to_FPGA,302592,45421.62229333331,45545.91029333331
2,fixed_manifest,80,1,host_fpga_pcie,FPGA_to_HOST,302592,45878.65781333332,46002.94581333332
2,fixed_manifest,80,2,gpu_host,HOST_to_GPU,302592,46002.94581333332,46037.422613333314
2,fixed_manifest,89,1,gpu_host,GPU_to_HOST,302592,46869.37941333331,46903.85621333331
2,fixed_manifest,89,2,host_fpga_pcie,HOST_to_FPGA,302592,46903.85621333331,47028.14421333331
2,fixed_manifest,90,1,host_fpga_pcie,FPGA_to_HOST,302592,47360.891733333316,47485.179733333316
2,fixed_manifest,90,2,gpu_host,HOST_to_GPU,302592,47485.179733333316,47519.65653333331
2,fixed_manifest,99,1,gpu_host,GPU_to_HOST,302592,48351.613333333305,48386.09013333331
2,fixed_manifest,99,2,host_fpga_pcie,HOST_to_FPGA,302592,48386.09013333331,48510.37813333331
2,fixed_manifest,100,1,host_fpga_pcie,FPGA_to_HOST,302592,48843.125653333314,48967.413653333315
2,fixed_manifest,100,2,gpu_host,HOST_to_GPU,302592,48967.413653333315,49001.89045333331
2,fixed_manifest,109,1,gpu_host,GPU_to_HOST,302592,49833.847253333304,49868.32405333331
2,fixed_manifest,109,2,host_fpga_pcie,HOST_to_FPGA,302592,49868.32405333331,49992.61205333331
2,fixed_manifest,110,1,host_fpga_pcie,FPGA_to_HOST,302592,50325.35957333331,50449.64757333331
2,fixed_manifest,110,2,gpu_host,HOST_to_GPU,302592,50449.64757333331,50484.12437333331
3,fixed_manifest,9,1,gpu_host,GPU_to_HOST,302592,51622.69951999999,51657.17631999999
3,fixed_manifest,9,2,host_fpga_pcie,HOST_to_FPGA,302592,51657.17631999999,51781.46431999999
2,fixed_manifest,119,1,gpu_host,GPU_to_HOST,302592,51815.420479999986,51849.89727999999
2,fixed_manifest,119,2,host_fpga_pcie,HOST_to_FPGA,302592,51849.89727999999,51974.18527999999
3,fixed_manifest,10,1,host_fpga_pcie,FPGA_to_HOST,302592,52114.211839999996,52238.49984
3,fixed_manifest,10,2,gpu_host,HOST_to_GPU,302592,52238.49984,52272.97663999999
2,fixed_manifest,120,1,host_fpga_pcie,FPGA_to_HOST,302592,52446.95935999999,52571.247359999994
2,fixed_manifest,120,2,gpu_host,HOST_to_GPU,302592,52571.247359999994,52605.72416
3,fixed_manifest,19,1,gpu_host,GPU_to_HOST,302592,53160.40863999998,53194.885439999984
3,fixed_manifest,19,2,host_fpga_pcie,HOST_to_FPGA,302592,53194.885439999984,53319.173439999984
3,fixed_manifest,20,1,host_fpga_pcie,FPGA_to_HOST,302592,53651.92095999999,53776.20895999999
3,fixed_manifest,20,2,gpu_host,HOST_to_GPU,302592,53776.20895999999,53810.68575999999
3,fixed_manifest,29,1,gpu_host,GPU_to_HOST,302592,54642.642559999986,54677.11935999998
3,fixed_manifest,29,2,host_fpga_pcie,HOST_to_FPGA,302592,54677.11935999998,54801.40735999998
3,fixed_manifest,30,1,host_fpga_pcie,FPGA_to_HOST,302592,55134.15487999999,55258.44287999999
3,fixed_manifest,30,2,gpu_host,HOST_to_GPU,302592,55258.44287999999,55292.91967999999
3,fixed_manifest,39,1,gpu_host,GPU_to_HOST,302592,56124.876479999984,56159.35327999998
3,fixed_manifest,39,2,host_fpga_pcie,HOST_to_FPGA,302592,56159.35327999998,56283.64127999998
3,fixed_manifest,40,1,host_fpga_pcie,FPGA_to_HOST,302592,56616.388799999986,56740.67679999999
3,fixed_manifest,40,2,gpu_host,HOST_to_GPU,302592,56740.67679999999,56775.15359999999
3,fixed_manifest,49,1,gpu_host,GPU_to_HOST,302592,57607.11039999998,57641.58719999998
3,fixed_manifest,49,2,host_fpga_pcie,HOST_to_FPGA,302592,57641.58719999998,57765.87519999998
3,fixed_manifest,50,1,host_fpga_pcie,FPGA_to_HOST,302592,58098.622719999985,58222.910719999985
3,fixed_manifest,50,2,gpu_host,HOST_to_GPU,302592,58222.910719999985,58257.38751999999
3,fixed_manifest,59,1,gpu_host,GPU_to_HOST,302592,59089.34431999998,59123.82111999998
3,fixed_manifest,59,2,host_fpga_pcie,HOST_to_FPGA,302592,59123.82111999998,59248.10911999998
3,fixed_manifest,60,1,host_fpga_pcie,FPGA_to_HOST,302592,59580.85663999998,59705.144639999984
3,fixed_manifest,60,2,gpu_host,HOST_to_GPU,302592,59705.144639999984,59739.62143999999
3,fixed_manifest,69,1,gpu_host,GPU_to_HOST,302592,60571.57823999998,60606.055039999985
3,fixed_manifest,69,2,host_fpga_pcie,HOST_to_FPGA,302592,60606.055039999985,60730.343039999985
3,fixed_manifest,70,1,host_fpga_pcie,FPGA_to_HOST,302592,61063.09055999998,61187.37855999998
3,fixed_manifest,70,2,gpu_host,HOST_to_GPU,302592,61187.37855999998,61221.85535999999
3,fixed_manifest,79,1,gpu_host,GPU_to_HOST,302592,62053.81215999998,62088.28895999998
3,fixed_manifest,79,2,host_fpga_pcie,HOST_to_FPGA,302592,62088.28895999998,62212.576959999984
3,fixed_manifest,80,1,host_fpga_pcie,FPGA_to_HOST,302592,62545.32447999998,62669.61247999998
3,fixed_manifest,80,2,gpu_host,HOST_to_GPU,302592,62669.61247999998,62704.08927999997
3,fixed_manifest,89,1,gpu_host,GPU_to_HOST,302592,63536.04607999998,63570.52287999997
3,fixed_manifest,89,2,host_fpga_pcie,HOST_to_FPGA,302592,63570.52287999997,63694.81087999997
3,fixed_manifest,90,1,host_fpga_pcie,FPGA_to_HOST,302592,64027.558399999965,64151.846399999966
3,fixed_manifest,90,2,gpu_host,HOST_to_GPU,302592,64151.846399999966,64186.32319999995
3,fixed_manifest,99,1,gpu_host,GPU_to_HOST,302592,65018.279999999955,65052.756799999945
3,fixed_manifest,99,2,host_fpga_pcie,HOST_to_FPGA,302592,65052.756799999945,65177.044799999945
3,fixed_manifest,100,1,host_fpga_pcie,FPGA_to_HOST,302592,65509.79231999994,65634.08031999994
3,fixed_manifest,100,2,gpu_host,HOST_to_GPU,302592,65634.08031999994,65668.55711999992
3,fixed_manifest,109,1,gpu_host,GPU_to_HOST,302592,66500.51391999994,66534.99071999993
3,fixed_manifest,109,2,host_fpga_pcie,HOST_to_FPGA,302592,66534.99071999993,66659.27871999993
3,fixed_manifest,110,1,host_fpga_pcie,FPGA_to_HOST,302592,66992.02623999992,67116.31423999992
3,fixed_manifest,110,2,gpu_host,HOST_to_GPU,302592,67116.31423999992,67150.79103999991
4,fixed_manifest,9,1,gpu_host,GPU_to_HOST,302592,68289.36618666667,68323.84298666666
4,fixed_manifest,9,2,host_fpga_pcie,HOST_to_FPGA,302592,68323.84298666666,68448.13098666666
3,fixed_manifest,119,1,gpu_host,GPU_to_HOST,302592,68482.08714666667,68516.56394666666
3,fixed_manifest,119,2,host_fpga_pcie,HOST_to_FPGA,302592,68516.56394666666,68640.85194666666
4,fixed_manifest,10,1,host_fpga_pcie,FPGA_to_HOST,302592,68780.87850666666,68905.16650666666
4,fixed_manifest,10,2,gpu_host,HOST_to_GPU,302592,68905.16650666666,68939.64330666665
3,fixed_manifest,120,1,host_fpga_pcie,FPGA_to_HOST,302592,69113.62602666665,69237.91402666665
3,fixed_manifest,120,2,gpu_host,HOST_to_GPU,302592,69237.91402666665,69272.39082666664
4,fixed_manifest,19,1,gpu_host,GPU_to_HOST,302592,69827.07530666667,69861.55210666666
4,fixed_manifest,19,2,host_fpga_pcie,HOST_to_FPGA,302592,69861.55210666666,69985.84010666666
4,fixed_manifest,20,1,host_fpga_pcie,FPGA_to_HOST,302592,70318.58762666665,70442.87562666665
4,fixed_manifest,20,2,gpu_host,HOST_to_GPU,302592,70442.87562666665,70477.35242666664
4,fixed_manifest,29,1,gpu_host,GPU_to_HOST,302592,71309.30922666665,71343.78602666664
4,fixed_manifest,29,2,host_fpga_pcie,HOST_to_FPGA,302592,71343.78602666664,71468.07402666664
4,fixed_manifest,30,1,host_fpga_pcie,FPGA_to_HOST,302592,71800.82154666663,71925.10954666663
4,fixed_manifest,30,2,gpu_host,HOST_to_GPU,302592,71925.10954666663,71959.58634666662
4,fixed_manifest,39,1,gpu_host,GPU_to_HOST,302592,72791.54314666662,72826.01994666661
4,fixed_manifest,39,2,host_fpga_pcie,HOST_to_FPGA,302592,72826.01994666661,72950.30794666661
4,fixed_manifest,40,1,host_fpga_pcie,FPGA_to_HOST,302592,73283.05546666661,73407.34346666661
4,fixed_manifest,40,2,gpu_host,HOST_to_GPU,302592,73407.34346666661,73441.82026666659
4,fixed_manifest,49,1,gpu_host,GPU_to_HOST,302592,74273.7770666666,74308.2538666666
4,fixed_manifest,49,2,host_fpga_pcie,HOST_to_FPGA,302592,74308.2538666666,74432.5418666666
4,fixed_manifest,50,1,host_fpga_pcie,FPGA_to_HOST,302592,74765.28938666658,74889.57738666658
4,fixed_manifest,50,2,gpu_host,HOST_to_GPU,302592,74889.57738666658,74924.05418666657
4,fixed_manifest,59,1,gpu_host,GPU_to_HOST,302592,75756.01098666657,75790.48778666656
4,fixed_manifest,59,2,host_fpga_pcie,HOST_to_FPGA,302592,75790.48778666656,75914.77578666656
4,fixed_manifest,60,1,host_fpga_pcie,FPGA_to_HOST,302592,76247.52330666657,76371.81130666657
4,fixed_manifest,60,2,gpu_host,HOST_to_GPU,302592,76371.81130666657,76406.28810666656
4,fixed_manifest,69,1,gpu_host,GPU_to_HOST,302592,77238.24490666656,77272.72170666655
4,fixed_manifest,69,2,host_fpga_pcie,HOST_to_FPGA,302592,77272.72170666655,77397.00970666655
4,fixed_manifest,70,1,host_fpga_pcie,FPGA_to_HOST,302592,77729.75722666654,77854.04522666654
4,fixed_manifest,70,2,gpu_host,HOST_to_GPU,302592,77854.04522666654,77888.52202666653
4,fixed_manifest,79,1,gpu_host,GPU_to_HOST,302592,78720.47882666654,78754.95562666653
4,fixed_manifest,79,2,host_fpga_pcie,HOST_to_FPGA,302592,78754.95562666653,78879.24362666653
4,fixed_manifest,80,1,host_fpga_pcie,FPGA_to_HOST,302592,79211.99114666652,79336.27914666652
4,fixed_manifest,80,2,gpu_host,HOST_to_GPU,302592,79336.27914666652,79370.75594666651
4,fixed_manifest,89,1,gpu_host,GPU_to_HOST,302592,80202.71274666651,80237.1895466665
4,fixed_manifest,89,2,host_fpga_pcie,HOST_to_FPGA,302592,80237.1895466665,80361.4775466665
4,fixed_manifest,90,1,host_fpga_pcie,FPGA_to_HOST,302592,80694.2250666665,80818.5130666665
4,fixed_manifest,90,2,gpu_host,HOST_to_GPU,302592,80818.5130666665,80852.9898666665
4,fixed_manifest,99,1,gpu_host,GPU_to_HOST,302592,81684.9466666665,81719.42346666649
4,fixed_manifest,99,2,host_fpga_pcie,HOST_to_FPGA,302592,81719.42346666649,81843.71146666649
4,fixed_manifest,100,1,host_fpga_pcie,FPGA_to_HOST,302592,82176.45898666648,82300.74698666648
4,fixed_manifest,100,2,gpu_host,HOST_to_GPU,302592,82300.74698666648,82335.22378666647
4,fixed_manifest,109,1,gpu_host,GPU_to_HOST,302592,83167.18058666647,83201.65738666645
4,fixed_manifest,109,2,host_fpga_pcie,HOST_to_FPGA,302592,83201.65738666645,83325.94538666646
4,fixed_manifest,110,1,host_fpga_pcie,FPGA_to_HOST,302592,83658.69290666646,83782.98090666646
4,fixed_manifest,110,2,gpu_host,HOST_to_GPU,302592,83782.98090666646,83817.45770666645
5,fixed_manifest,9,1,gpu_host,GPU_to_HOST,302592,84956.03285333335,84990.50965333334
5,fixed_manifest,9,2,host_fpga_pcie,HOST_to_FPGA,302592,84990.50965333334,85114.79765333334
4,fixed_manifest,119,1,gpu_host,GPU_to_HOST,302592,85148.75381333336,85183.23061333335
4,fixed_manifest,119,2,host_fpga_pcie,HOST_to_FPGA,302592,85183.23061333335,85307.51861333335
5,fixed_manifest,10,1,host_fpga_pcie,FPGA_to_HOST,302592,85447.54517333333,85571.83317333333
5,fixed_manifest,10,2,gpu_host,HOST_to_GPU,302592,85571.83317333333,85606.30997333332
4,fixed_manifest,120,1,host_fpga_pcie,FPGA_to_HOST,302592,85780.29269333334,85904.58069333332
4,fixed_manifest,120,2,gpu_host,HOST_to_GPU,302592,85904.58069333332,85939.05749333331
5,fixed_manifest,19,1,gpu_host,GPU_to_HOST,302592,86493.74197333334,86528.21877333333
5,fixed_manifest,19,2,host_fpga_pcie,HOST_to_FPGA,302592,86528.21877333333,86652.50677333333
5,fixed_manifest,20,1,host_fpga_pcie,FPGA_to_HOST,302592,86985.25429333333,87109.54229333333
5,fixed_manifest,20,2,gpu_host,HOST_to_GPU,302592,87109.54229333333,87144.01909333332
5,fixed_manifest,29,1,gpu_host,GPU_to_HOST,302592,87975.97589333332,88010.45269333331
5,fixed_manifest,29,2,host_fpga_pcie,HOST_to_FPGA,302592,88010.45269333331,88134.74069333331
5,fixed_manifest,30,1,host_fpga_pcie,FPGA_to_HOST,302592,88467.4882133333,88591.7762133333
5,fixed_manifest,30,2,gpu_host,HOST_to_GPU,302592,88591.7762133333,88626.25301333329
5,fixed_manifest,39,1,gpu_host,GPU_to_HOST,302592,89458.2098133333,89492.6866133333
5,fixed_manifest,39,2,host_fpga_pcie,HOST_to_FPGA,302592,89492.6866133333,89616.9746133333
5,fixed_manifest,40,1,host_fpga_pcie,FPGA_to_HOST,302592,89949.72213333329,90074.01013333329
5,fixed_manifest,40,2,gpu_host,HOST_to_GPU,302592,90074.01013333329,90108.48693333328
5,fixed_manifest,49,1,gpu_host,GPU_to_HOST,302592,90940.44373333328,90974.92053333326
5,fixed_manifest,49,2,host_fpga_pcie,HOST_to_FPGA,302592,90974.92053333326,91099.20853333327
5,fixed_manifest,50,1,host_fpga_pcie,FPGA_to_HOST,302592,91431.95605333327,91556.24405333327
5,fixed_manifest,50,2,gpu_host,HOST_to_GPU,302592,91556.24405333327,91590.72085333325
5,fixed_manifest,59,1,gpu_host,GPU_to_HOST,302592,92422.67765333326,92457.15445333325
5,fixed_manifest,59,2,host_fpga_pcie,HOST_to_FPGA,302592,92457.15445333325,92581.44245333325
5,fixed_manifest,60,1,host_fpga_pcie,FPGA_to_HOST,302592,92914.18997333324,93038.47797333324
5,fixed_manifest,60,2,gpu_host,HOST_to_GPU,302592,93038.47797333324,93072.95477333323
5,fixed_manifest,69,1,gpu_host,GPU_to_HOST,302592,93904.91157333323,93939.38837333322
5,fixed_manifest,69,2,host_fpga_pcie,HOST_to_FPGA,302592,93939.38837333322,94063.67637333322
5,fixed_manifest,70,1,host_fpga_pcie,FPGA_to_HOST,302592,94396.42389333322,94520.71189333322
5,fixed_manifest,70,2,gpu_host,HOST_to_GPU,302592,94520.71189333322,94555.18869333321
5,fixed_manifest,79,1,gpu_host,GPU_to_HOST,302592,95387.14549333321,95421.6222933332
5,fixed_manifest,79,2,host_fpga_pcie,HOST_to_FPGA,302592,95421.6222933332,95545.9102933332
5,fixed_manifest,80,1,host_fpga_pcie,FPGA_to_HOST,302592,95878.6578133332,96002.9458133332
5,fixed_manifest,80,2,gpu_host,HOST_to_GPU,302592,96002.9458133332,96037.42261333318
5,fixed_manifest,89,1,gpu_host,GPU_to_HOST,302592,96869.3794133332,96903.85621333319
5,fixed_manifest,89,2,host_fpga_pcie,HOST_to_FPGA,302592,96903.85621333319,97028.14421333319
5,fixed_manifest,90,1,host_fpga_pcie,FPGA_to_HOST,302592,97360.89173333318,97485.17973333318
5,fixed_manifest,90,2,gpu_host,HOST_to_GPU,302592,97485.17973333318,97519.65653333317
5,fixed_manifest,99,1,gpu_host,GPU_to_HOST,302592,98351.61333333317,98386.09013333316
5,fixed_manifest,99,2,host_fpga_pcie,HOST_to_FPGA,302592,98386.09013333316,98510.37813333316
5,fixed_manifest,100,1,host_fpga_pcie,FPGA_to_HOST,302592,98843.12565333316,98967.41365333316
5,fixed_manifest,100,2,gpu_host,HOST_to_GPU,302592,98967.41365333316,99001.89045333314
5,fixed_manifest,109,1,gpu_host,GPU_to_HOST,302592,99833.84725333315,99868.32405333314
5,fixed_manifest,109,2,host_fpga_pcie,HOST_to_FPGA,302592,99868.32405333314,99992.61205333314
5,fixed_manifest,110,1,host_fpga_pcie,FPGA_to_HOST,302592,100325.35957333313,100449.64757333313
5,fixed_manifest,110,2,gpu_host,HOST_to_GPU,302592,100449.64757333313,100484.12437333312
6,fixed_manifest,9,1,gpu_host,GPU_to_HOST,302592,101622.69952000001,101657.17632
6,fixed_manifest,9,2,host_fpga_pcie,HOST_to_FPGA,302592,101657.17632,101781.46432
5,fixed_manifest,119,1,gpu_host,GPU_to_HOST,302592,101815.42048000002,101849.89728
5,fixed_manifest,119,2,host_fpga_pcie,HOST_to_FPGA,302592,101849.89728,101974.18528
6,fixed_manifest,10,1,host_fpga_pcie,FPGA_to_HOST,302592,102114.21184,102238.49983999999
6,fixed_manifest,10,2,gpu_host,HOST_to_GPU,302592,102238.49983999999,102272.97663999998
5,fixed_manifest,120,1,host_fpga_pcie,FPGA_to_HOST,302592,102446.95936,102571.24736
5,fixed_manifest,120,2,gpu_host,HOST_to_GPU,302592,102571.24736,102605.72415999998
6,fixed_manifest,19,1,gpu_host,GPU_to_HOST,302592,103160.40864000001,103194.88544
6,fixed_manifest,19,2,host_fpga_pcie,HOST_to_FPGA,302592,103194.88544,103319.17344
6,fixed_manifest,20,1,host_fpga_pcie,FPGA_to_HOST,302592,103651.92095999999,103776.20895999999
6,fixed_manifest,20,2,gpu_host,HOST_to_GPU,302592,103776.20895999999,103810.68575999998
6,fixed_manifest,29,1,gpu_host,GPU_to_HOST,302592,104642.64255999998,104677.11935999997
6,fixed_manifest,29,2,host_fpga_pcie,HOST_to_FPGA,302592,104677.11935999997,104801.40735999997
6,fixed_manifest,30,1,host_fpga_pcie,FPGA_to_HOST,302592,105134.15487999997,105258.44287999997
6,fixed_manifest,30,2,gpu_host,HOST_to_GPU,302592,105258.44287999997,105292.91967999996
6,fixed_manifest,39,1,gpu_host,GPU_to_HOST,302592,106124.87647999996,106159.35327999995
6,fixed_manifest,39,2,host_fpga_pcie,HOST_to_FPGA,302592,106159.35327999995,106283.64127999995
6,fixed_manifest,40,1,host_fpga_pcie,FPGA_to_HOST,302592,106616.38879999994,106740.67679999994
6,fixed_manifest,40,2,gpu_host,HOST_to_GPU,302592,106740.67679999994,106775.15359999993
6,fixed_manifest,49,1,gpu_host,GPU_to_HOST,302592,107607.11039999995,107641.58719999994
6,fixed_manifest,49,2,host_fpga_pcie,HOST_to_FPGA,302592,107641.58719999994,107765.87519999994
6,fixed_manifest,50,1,host_fpga_pcie,FPGA_to_HOST,302592,108098.62271999993,108222.91071999993
6,fixed_manifest,50,2,gpu_host,HOST_to_GPU,302592,108222.91071999993,108257.38751999992
6,fixed_manifest,59,1,gpu_host,GPU_to_HOST,302592,109089.34431999992,109123.8211199999
6,fixed_manifest,59,2,host_fpga_pcie,HOST_to_FPGA,302592,109123.8211199999,109248.1091199999
6,fixed_manifest,60,1,host_fpga_pcie,FPGA_to_HOST,302592,109580.85663999991,109705.14463999991
6,fixed_manifest,60,2,gpu_host,HOST_to_GPU,302592,109705.14463999991,109739.62143999989
6,fixed_manifest,69,1,gpu_host,GPU_to_HOST,302592,110571.5782399999,110606.05503999989
6,fixed_manifest,69,2,host_fpga_pcie,HOST_to_FPGA,302592,110606.05503999989,110730.34303999989
6,fixed_manifest,70,1,host_fpga_pcie,FPGA_to_HOST,302592,111063.09055999988,111187.37855999988
6,fixed_manifest,70,2,gpu_host,HOST_to_GPU,302592,111187.37855999988,111221.85535999987
6,fixed_manifest,79,1,gpu_host,GPU_to_HOST,302592,112053.81215999987,112088.28895999986
6,fixed_manifest,79,2,host_fpga_pcie,HOST_to_FPGA,302592,112088.28895999986,112212.57695999986
6,fixed_manifest,80,1,host_fpga_pcie,FPGA_to_HOST,302592,112545.32447999986,112669.61247999987
6,fixed_manifest,80,2,gpu_host,HOST_to_GPU,302592,112669.61247999987,112704.08927999985
6,fixed_manifest,89,1,gpu_host,GPU_to_HOST,302592,113536.04607999985,113570.52287999984
6,fixed_manifest,89,2,host_fpga_pcie,HOST_to_FPGA,302592,113570.52287999984,113694.81087999984
6,fixed_manifest,90,1,host_fpga_pcie,FPGA_to_HOST,302592,114027.55839999983,114151.84639999983
6,fixed_manifest,90,2,gpu_host,HOST_to_GPU,302592,114151.84639999983,114186.32319999982
6,fixed_manifest,99,1,gpu_host,GPU_to_HOST,302592,115018.27999999984,115052.75679999983
6,fixed_manifest,99,2,host_fpga_pcie,HOST_to_FPGA,302592,115052.75679999983,115177.04479999983
6,fixed_manifest,100,1,host_fpga_pcie,FPGA_to_HOST,302592,115509.79231999982,115634.08031999982
6,fixed_manifest,100,2,gpu_host,HOST_to_GPU,302592,115634.08031999982,115668.55711999981
6,fixed_manifest,109,1,gpu_host,GPU_to_HOST,302592,116500.51391999981,116534.9907199998
6,fixed_manifest,109,2,host_fpga_pcie,HOST_to_FPGA,302592,116534.9907199998,116659.2787199998
6,fixed_manifest,110,1,host_fpga_pcie,FPGA_to_HOST,302592,116992.0262399998,117116.3142399998
6,fixed_manifest,110,2,gpu_host,HOST_to_GPU,302592,117116.3142399998,117150.79103999978
7,fixed_manifest,9,1,gpu_host,GPU_to_HOST,302592,118289.36618666668,118323.84298666667
7,fixed_manifest,9,2,host_fpga_pcie,HOST_to_FPGA,302592,118323.84298666667,118448.13098666667
6,fixed_manifest,119,1,gpu_host,GPU_to_HOST,302592,118482.08714666667,118516.56394666666
6,fixed_manifest,119,2,host_fpga_pcie,HOST_to_FPGA,302592,118516.56394666666,118640.85194666666
7,fixed_manifest,10,1,host_fpga_pcie,FPGA_to_HOST,302592,118780.87850666666,118905.16650666666
7,fixed_manifest,10,2,gpu_host,HOST_to_GPU,302592,118905.16650666666,118939.64330666665
6,fixed_manifest,120,1,host_fpga_pcie,FPGA_to_HOST,302592,119113.62602666665,119237.91402666665
6,fixed_manifest,120,2,gpu_host,HOST_to_GPU,302592,119237.91402666665,119272.39082666664
7,fixed_manifest,19,1,gpu_host,GPU_to_HOST,302592,119827.07530666667,119861.55210666666
7,fixed_manifest,19,2,host_fpga_pcie,HOST_to_FPGA,302592,119861.55210666666,119985.84010666666
7,fixed_manifest,20,1,host_fpga_pcie,FPGA_to_HOST,302592,120318.58762666666,120442.87562666666
7,fixed_manifest,20,2,gpu_host,HOST_to_GPU,302592,120442.87562666666,120477.35242666664
7,fixed_manifest,29,1,gpu_host,GPU_to_HOST,302592,121309.30922666665,121343.78602666664
7,fixed_manifest,29,2,host_fpga_pcie,HOST_to_FPGA,302592,121343.78602666664,121468.07402666664
7,fixed_manifest,30,1,host_fpga_pcie,FPGA_to_HOST,302592,121800.82154666663,121925.10954666663
7,fixed_manifest,30,2,gpu_host,HOST_to_GPU,302592,121925.10954666663,121959.58634666662
7,fixed_manifest,39,1,gpu_host,GPU_to_HOST,302592,122791.54314666662,122826.01994666661
7,fixed_manifest,39,2,host_fpga_pcie,HOST_to_FPGA,302592,122826.01994666661,122950.30794666661
7,fixed_manifest,40,1,host_fpga_pcie,FPGA_to_HOST,302592,123283.05546666661,123407.34346666661
7,fixed_manifest,40,2,gpu_host,HOST_to_GPU,302592,123407.34346666661,123441.8202666666
7,fixed_manifest,49,1,gpu_host,GPU_to_HOST,302592,124273.7770666666,124308.2538666666
7,fixed_manifest,49,2,host_fpga_pcie,HOST_to_FPGA,302592,124308.2538666666,124432.5418666666
7,fixed_manifest,50,1,host_fpga_pcie,FPGA_to_HOST,302592,124765.28938666658,124889.57738666658
7,fixed_manifest,50,2,gpu_host,HOST_to_GPU,302592,124889.57738666658,124924.05418666657
7,fixed_manifest,59,1,gpu_host,GPU_to_HOST,302592,125756.01098666659,125790.4877866666
7,fixed_manifest,59,2,host_fpga_pcie,HOST_to_FPGA,302592,125790.4877866666,125914.77578666659
7,fixed_manifest,60,1,host_fpga_pcie,FPGA_to_HOST,302592,126247.52330666661,126371.81130666661
7,fixed_manifest,60,2,gpu_host,HOST_to_GPU,302592,126371.81130666661,126406.28810666663
7,fixed_manifest,69,1,gpu_host,GPU_to_HOST,302592,127238.24490666663,127272.72170666665
7,fixed_manifest,69,2,host_fpga_pcie,HOST_to_FPGA,302592,127272.72170666665,127397.00970666665
7,fixed_manifest,70,1,host_fpga_pcie,FPGA_to_HOST,302592,127729.75722666665,127854.04522666665
7,fixed_manifest,70,2,gpu_host,HOST_to_GPU,302592,127854.04522666665,127888.52202666667
7,fixed_manifest,79,1,gpu_host,GPU_to_HOST,302592,128720.47882666667,128754.95562666669
7,fixed_manifest,79,2,host_fpga_pcie,HOST_to_FPGA,302592,128754.95562666669,128879.24362666669
7,fixed_manifest,80,1,host_fpga_pcie,FPGA_to_HOST,302592,129211.99114666671,129336.27914666671
7,fixed_manifest,80,2,gpu_host,HOST_to_GPU,302592,129336.27914666671,129370.75594666672
7,fixed_manifest,89,1,gpu_host,GPU_to_HOST,302592,130202.71274666673,130237.18954666675
7,fixed_manifest,89,2,host_fpga_pcie,HOST_to_FPGA,302592,130237.18954666675,130361.47754666675
7,fixed_manifest,90,1,host_fpga_pcie,FPGA_to_HOST,302592,130694.22506666675,130818.51306666675
7,fixed_manifest,90,2,gpu_host,HOST_to_GPU,302592,130818.51306666675,130852.98986666677
7,fixed_manifest,99,1,gpu_host,GPU_to_HOST,302592,131684.94666666677,131719.42346666678
7,fixed_manifest,99,2,host_fpga_pcie,HOST_to_FPGA,302592,131719.42346666678,131843.71146666678
7,fixed_manifest,100,1,host_fpga_pcie,FPGA_to_HOST,302592,132176.4589866668,132300.7469866668
7,fixed_manifest,100,2,gpu_host,HOST_to_GPU,302592,132300.7469866668,132335.22378666681
7,fixed_manifest,109,1,gpu_host,GPU_to_HOST,302592,133167.18058666683,133201.65738666683
7,fixed_manifest,109,2,host_fpga_pcie,HOST_to_FPGA,302592,133201.65738666683,133325.94538666683
7,fixed_manifest,110,1,host_fpga_pcie,FPGA_to_HOST,302592,133658.69290666684,133782.98090666684
7,fixed_manifest,110,2,gpu_host,HOST_to_GPU,302592,133782.98090666684,133817.45770666687
8,fixed_manifest,9,1,gpu_host,GPU_to_HOST,302592,134956.03285333334,134990.50965333337
8,fixed_manifest,9,2,host_fpga_pcie,HOST_to_FPGA,302592,134990.50965333337,135114.79765333337
7,fixed_manifest,119,1,gpu_host,GPU_to_HOST,302592,135148.75381333334,135183.23061333338
7,fixed_manifest,119,2,host_fpga_pcie,HOST_to_FPGA,302592,135183.23061333338,135307.51861333338
8,fixed_manifest,10,1,host_fpga_pcie,FPGA_to_HOST,302592,135447.54517333338,135571.83317333338
8,fixed_manifest,10,2,gpu_host,HOST_to_GPU,302592,135571.83317333338,135606.30997333338
7,fixed_manifest,120,1,host_fpga_pcie,FPGA_to_HOST,302592,135780.29269333338,135904.58069333338
7,fixed_manifest,120,2,gpu_host,HOST_to_GPU,302592,135904.58069333338,135939.0574933334
8,fixed_manifest,19,1,gpu_host,GPU_to_HOST,302592,136493.74197333338,136528.2187733334
8,fixed_manifest,19,2,host_fpga_pcie,HOST_to_FPGA,302592,136528.2187733334,136652.5067733334
8,fixed_manifest,20,1,host_fpga_pcie,FPGA_to_HOST,302592,136985.25429333342,137109.54229333342
8,fixed_manifest,20,2,gpu_host,HOST_to_GPU,302592,137109.54229333342,137144.01909333342
8,fixed_manifest,29,1,gpu_host,GPU_to_HOST,302592,137975.97589333344,138010.45269333344
8,fixed_manifest,29,2,host_fpga_pcie,HOST_to_FPGA,302592,138010.45269333344,138134.74069333344
8,fixed_manifest,30,1,host_fpga_pcie,FPGA_to_HOST,302592,138467.48821333348,138591.77621333348
8,fixed_manifest,30,2,gpu_host,HOST_to_GPU,302592,138591.77621333348,138626.25301333348
8,fixed_manifest,39,1,gpu_host,GPU_to_HOST,302592,139458.2098133335,139492.6866133335
8,fixed_manifest,39,2,host_fpga_pcie,HOST_to_FPGA,302592,139492.6866133335,139616.9746133335
8,fixed_manifest,40,1,host_fpga_pcie,FPGA_to_HOST,302592,139949.7221333335,140074.0101333335
8,fixed_manifest,40,2,gpu_host,HOST_to_GPU,302592,140074.0101333335,140108.48693333354
8,fixed_manifest,49,1,gpu_host,GPU_to_HOST,302592,140940.44373333352,140974.92053333356
8,fixed_manifest,49,2,host_fpga_pcie,HOST_to_FPGA,302592,140974.92053333356,141099.20853333356
8,fixed_manifest,50,1,host_fpga_pcie,FPGA_to_HOST,302592,141431.95605333356,141556.24405333356
8,fixed_manifest,50,2,gpu_host,HOST_to_GPU,302592,141556.24405333356,141590.72085333357
8,fixed_manifest,59,1,gpu_host,GPU_to_HOST,302592,142422.67765333358,142457.15445333358
8,fixed_manifest,59,2,host_fpga_pcie,HOST_to_FPGA,302592,142457.15445333358,142581.44245333358
8,fixed_manifest,60,1,host_fpga_pcie,FPGA_to_HOST,302592,142914.18997333362,143038.47797333362
8,fixed_manifest,60,2,gpu_host,HOST_to_GPU,302592,143038.47797333362,143072.95477333362
8,fixed_manifest,69,1,gpu_host,GPU_to_HOST,302592,143904.91157333364,143939.38837333364
8,fixed_manifest,69,2,host_fpga_pcie,HOST_to_FPGA,302592,143939.38837333364,144063.67637333364
8,fixed_manifest,70,1,host_fpga_pcie,FPGA_to_HOST,302592,144396.42389333365,144520.71189333365
8,fixed_manifest,70,2,gpu_host,HOST_to_GPU,302592,144520.71189333365,144555.18869333368
8,fixed_manifest,79,1,gpu_host,GPU_to_HOST,302592,145387.14549333366,145421.6222933337
8,fixed_manifest,79,2,host_fpga_pcie,HOST_to_FPGA,302592,145421.6222933337,145545.9102933337
8,fixed_manifest,80,1,host_fpga_pcie,FPGA_to_HOST,302592,145878.6578133337,146002.9458133337
8,fixed_manifest,80,2,gpu_host,HOST_to_GPU,302592,146002.9458133337,146037.4226133337
8,fixed_manifest,89,1,gpu_host,GPU_to_HOST,302592,146869.37941333372,146903.85621333373
8,fixed_manifest,89,2,host_fpga_pcie,HOST_to_FPGA,302592,146903.85621333373,147028.14421333373
8,fixed_manifest,90,1,host_fpga_pcie,FPGA_to_HOST,302592,147360.89173333376,147485.17973333376
8,fixed_manifest,90,2,gpu_host,HOST_to_GPU,302592,147485.17973333376,147519.65653333376
8,fixed_manifest,99,1,gpu_host,GPU_to_HOST,302592,148351.61333333378,148386.09013333378
8,fixed_manifest,99,2,host_fpga_pcie,HOST_to_FPGA,302592,148386.09013333378,148510.37813333378
8,fixed_manifest,100,1,host_fpga_pcie,FPGA_to_HOST,302592,148843.1256533338,148967.4136533338
8,fixed_manifest,100,2,gpu_host,HOST_to_GPU,302592,148967.4136533338,149001.89045333382
8,fixed_manifest,109,1,gpu_host,GPU_to_HOST,302592,149833.8472533338,149868.32405333384
8,fixed_manifest,109,2,host_fpga_pcie,HOST_to_FPGA,302592,149868.32405333384,149992.61205333384
8,fixed_manifest,110,1,host_fpga_pcie,FPGA_to_HOST,302592,150325.35957333384,150449.64757333384
8,fixed_manifest,110,2,gpu_host,HOST_to_GPU,302592,150449.64757333384,150484.12437333385
9,fixed_manifest,9,1,gpu_host,GPU_to_HOST,302592,151622.69952000002,151657.17632000003
9,fixed_manifest,9,2,host_fpga_pcie,HOST_to_FPGA,302592,151657.17632000003,151781.46432000003
8,fixed_manifest,119,1,gpu_host,GPU_to_HOST,302592,151815.42048000003,151849.89728000003
8,fixed_manifest,119,2,host_fpga_pcie,HOST_to_FPGA,302592,151849.89728000003,151974.18528000003
9,fixed_manifest,10,1,host_fpga_pcie,FPGA_to_HOST,302592,152114.21184000003,152238.49984000003
9,fixed_manifest,10,2,gpu_host,HOST_to_GPU,302592,152238.49984000003,152272.97664000007
8,fixed_manifest,120,1,host_fpga_pcie,FPGA_to_HOST,302592,152446.95936000004,152571.24736000004
8,fixed_manifest,120,2,gpu_host,HOST_to_GPU,302592,152571.24736000004,152605.72416000007
9,fixed_manifest,19,1,gpu_host,GPU_to_HOST,302592,153160.40864000004,153194.88544000007
9,fixed_manifest,19,2,host_fpga_pcie,HOST_to_FPGA,302592,153194.88544000007,153319.17344000007
9,fixed_manifest,20,1,host_fpga_pcie,FPGA_to_HOST,302592,153651.92096000008,153776.20896000008
9,fixed_manifest,20,2,gpu_host,HOST_to_GPU,302592,153776.20896000008,153810.68576000008
9,fixed_manifest,29,1,gpu_host,GPU_to_HOST,302592,154642.6425600001,154677.11936000013
9,fixed_manifest,29,2,host_fpga_pcie,HOST_to_FPGA,302592,154677.11936000013,154801.40736000013
9,fixed_manifest,30,1,host_fpga_pcie,FPGA_to_HOST,302592,155134.15488000013,155258.44288000013
9,fixed_manifest,30,2,gpu_host,HOST_to_GPU,302592,155258.44288000013,155292.91968000014
9,fixed_manifest,39,1,gpu_host,GPU_to_HOST,302592,156124.87648000015,156159.35328000016
9,fixed_manifest,39,2,host_fpga_pcie,HOST_to_FPGA,302592,156159.35328000016,156283.64128000016
9,fixed_manifest,40,1,host_fpga_pcie,FPGA_to_HOST,302592,156616.38880000016,156740.67680000016
9,fixed_manifest,40,2,gpu_host,HOST_to_GPU,302592,156740.67680000016,156775.1536000002
9,fixed_manifest,49,1,gpu_host,GPU_to_HOST,302592,157607.1104000002,157641.5872000002
9,fixed_manifest,49,2,host_fpga_pcie,HOST_to_FPGA,302592,157641.5872000002,157765.8752000002
9,fixed_manifest,50,1,host_fpga_pcie,FPGA_to_HOST,302592,158098.62272000022,158222.91072000022
9,fixed_manifest,50,2,gpu_host,HOST_to_GPU,302592,158222.91072000022,158257.38752000022
9,fixed_manifest,59,1,gpu_host,GPU_to_HOST,302592,159089.34432000024,159123.82112000027
9,fixed_manifest,59,2,host_fpga_pcie,HOST_to_FPGA,302592,159123.82112000027,159248.10912000027
9,fixed_manifest,60,1,host_fpga_pcie,FPGA_to_HOST,302592,159580.85664000027,159705.14464000028
9,fixed_manifest,60,2,gpu_host,HOST_to_GPU,302592,159705.14464000028,159739.62144000028
9,fixed_manifest,69,1,gpu_host,GPU_to_HOST,302592,160571.5782400003,160606.0550400003
9,fixed_manifest,69,2,host_fpga_pcie,HOST_to_FPGA,302592,160606.0550400003,160730.3430400003
9,fixed_manifest,70,1,host_fpga_pcie,FPGA_to_HOST,302592,161063.0905600003,161187.3785600003
9,fixed_manifest,70,2,gpu_host,HOST_to_GPU,302592,161187.3785600003,161221.85536000034
9,fixed_manifest,79,1,gpu_host,GPU_to_HOST,302592,162053.81216000035,162088.28896000035
9,fixed_manifest,79,2,host_fpga_pcie,HOST_to_FPGA,302592,162088.28896000035,162212.57696000036
9,fixed_manifest,80,1,host_fpga_pcie,FPGA_to_HOST,302592,162545.32448000036,162669.61248000036
9,fixed_manifest,80,2,gpu_host,HOST_to_GPU,302592,162669.61248000036,162704.0892800004
9,fixed_manifest,89,1,gpu_host,GPU_to_HOST,302592,163536.04608000038,163570.5228800004
9,fixed_manifest,89,2,host_fpga_pcie,HOST_to_FPGA,302592,163570.5228800004,163694.8108800004
9,fixed_manifest,90,1,host_fpga_pcie,FPGA_to_HOST,302592,164027.55840000042,164151.84640000042
9,fixed_manifest,90,2,gpu_host,HOST_to_GPU,302592,164151.84640000042,164186.32320000042
9,fixed_manifest,99,1,gpu_host,GPU_to_HOST,302592,165018.28000000044,165052.75680000044
9,fixed_manifest,99,2,host_fpga_pcie,HOST_to_FPGA,302592,165052.75680000044,165177.04480000044
9,fixed_manifest,100,1,host_fpga_pcie,FPGA_to_HOST,302592,165509.79232000047,165634.08032000047
9,fixed_manifest,100,2,gpu_host,HOST_to_GPU,302592,165634.08032000047,165668.55712000048
9,fixed_manifest,109,1,gpu_host,GPU_to_HOST,302592,166500.5139200005,166534.9907200005
9,fixed_manifest,109,2,host_fpga_pcie,HOST_to_FPGA,302592,166534.9907200005,166659.2787200005
9,fixed_manifest,110,1,host_fpga_pcie,FPGA_to_HOST,302592,166992.0262400005,167116.3142400005
9,fixed_manifest,110,2,gpu_host,HOST_to_GPU,302592,167116.3142400005,167150.79104000053
10,fixed_manifest,9,1,gpu_host,GPU_to_HOST,302592,168289.3661866667,168323.8429866667
10,fixed_manifest,9,2,host_fpga_pcie,HOST_to_FPGA,302592,168323.8429866667,168448.1309866667
9,fixed_manifest,119,1,gpu_host,GPU_to_HOST,302592,168482.08714666672,168516.56394666672
9,fixed_manifest,119,2,host_fpga_pcie,HOST_to_FPGA,302592,168516.56394666672,168640.85194666672
10,fixed_manifest,10,1,host_fpga_pcie,FPGA_to_HOST,302592,168780.87850666672,168905.16650666672
10,fixed_manifest,10,2,gpu_host,HOST_to_GPU,302592,168905.16650666672,168939.64330666675
9,fixed_manifest,120,1,host_fpga_pcie,FPGA_to_HOST,302592,169113.62602666675,169237.91402666675
9,fixed_manifest,120,2,gpu_host,HOST_to_GPU,302592,169237.91402666675,169272.39082666676
10,fixed_manifest,19,1,gpu_host,GPU_to_HOST,302592,169827.07530666675,169861.55210666676
10,fixed_manifest,19,2,host_fpga_pcie,HOST_to_FPGA,302592,169861.55210666676,169985.84010666676
10,fixed_manifest,20,1,host_fpga_pcie,FPGA_to_HOST,302592,170318.58762666676,170442.87562666676
10,fixed_manifest,20,2,gpu_host,HOST_to_GPU,302592,170442.87562666676,170477.3524266668
10,fixed_manifest,29,1,gpu_host,GPU_to_HOST,302592,171309.30922666678,171343.7860266668
10,fixed_manifest,29,2,host_fpga_pcie,HOST_to_FPGA,302592,171343.7860266668,171468.0740266668
10,fixed_manifest,30,1,host_fpga_pcie,FPGA_to_HOST,302592,171800.82154666682,171925.10954666682
10,fixed_manifest,30,2,gpu_host,HOST_to_GPU,302592,171925.10954666682,171959.58634666682
10,fixed_manifest,39,1,gpu_host,GPU_to_HOST,302592,172791.54314666684,172826.01994666684
10,fixed_manifest,39,2,host_fpga_pcie,HOST_to_FPGA,302592,172826.01994666684,172950.30794666684
10,fixed_manifest,40,1,host_fpga_pcie,FPGA_to_HOST,302592,173283.05546666688,173407.34346666688
10,fixed_manifest,40,2,gpu_host,HOST_to_GPU,302592,173407.34346666688,173441.82026666688
10,fixed_manifest,49,1,gpu_host,GPU_to_HOST,302592,174273.7770666669,174308.2538666669
10,fixed_manifest,49,2,host_fpga_pcie,HOST_to_FPGA,302592,174308.2538666669,174432.5418666669
10,fixed_manifest,50,1,host_fpga_pcie,FPGA_to_HOST,302592,174765.2893866669,174889.5773866669
10,fixed_manifest,50,2,gpu_host,HOST_to_GPU,302592,174889.5773866669,174924.05418666694
10,fixed_manifest,59,1,gpu_host,GPU_to_HOST,302592,175756.01098666692,175790.48778666696
10,fixed_manifest,59,2,host_fpga_pcie,HOST_to_FPGA,302592,175790.48778666696,175914.77578666696
10,fixed_manifest,60,1,host_fpga_pcie,FPGA_to_HOST,302592,176247.52330666696,176371.81130666696
10,fixed_manifest,60,2,gpu_host,HOST_to_GPU,302592,176371.81130666696,176406.28810666697
10,fixed_manifest,69,1,gpu_host,GPU_to_HOST,302592,177238.24490666698,177272.72170666698
10,fixed_manifest,69,2,host_fpga_pcie,HOST_to_FPGA,302592,177272.72170666698,177397.00970666698
10,fixed_manifest,70,1,host_fpga_pcie,FPGA_to_HOST,302592,177729.75722666702,177854.04522666702
10,fixed_manifest,70,2,gpu_host,HOST_to_GPU,302592,177854.04522666702,177888.52202666702
10,fixed_manifest,79,1,gpu_host,GPU_to_HOST,302592,178720.47882666704,178754.95562666704
10,fixed_manifest,79,2,host_fpga_pcie,HOST_to_FPGA,302592,178754.95562666704,178879.24362666704
10,fixed_manifest,80,1,host_fpga_pcie,FPGA_to_HOST,302592,179211.99114666705,179336.27914666705
10,fixed_manifest,80,2,gpu_host,HOST_to_GPU,302592,179336.27914666705,179370.75594666708
10,fixed_manifest,89,1,gpu_host,GPU_to_HOST,302592,180202.71274666706,180237.1895466671
10,fixed_manifest,89,2,host_fpga_pcie,HOST_to_FPGA,302592,180237.1895466671,180361.4775466671
10,fixed_manifest,90,1,host_fpga_pcie,FPGA_to_HOST,302592,180694.2250666671,180818.5130666671
10,fixed_manifest,90,2,gpu_host,HOST_to_GPU,302592,180818.5130666671,180852.9898666671
10,fixed_manifest,99,1,gpu_host,GPU_to_HOST,302592,181684.94666666712,181719.42346666715
10,fixed_manifest,99,2,host_fpga_pcie,HOST_to_FPGA,302592,181719.42346666715,181843.71146666716
10,fixed_manifest,100,1,host_fpga_pcie,FPGA_to_HOST,302592,182176.45898666716,182300.74698666716
10,fixed_manifest,100,2,gpu_host,HOST_to_GPU,302592,182300.74698666716,182335.22378666716
10,fixed_manifest,109,1,gpu_host,GPU_to_HOST,302592,183167.18058666718,183201.65738666718
10,fixed_manifest,109,2,host_fpga_pcie,HOST_to_FPGA,302592,183201.65738666718,183325.94538666718
10,fixed_manifest,110,1,host_fpga_pcie,FPGA_to_HOST,302592,183658.6929066672,183782.9809066672
10,fixed_manifest,110,2,gpu_host,HOST_to_GPU,302592,183782.9809066672,183817.45770666722
11,fixed_manifest,9,1,gpu_host,GPU_to_HOST,302592,184956.03285333337,184990.50965333337
11,fixed_manifest,9,2,host_fpga_pcie,HOST_to_FPGA,302592,184990.50965333337,185114.79765333337
10,fixed_manifest,119,1,gpu_host,GPU_to_HOST,302592,185148.75381333337,185183.23061333338
10,fixed_manifest,119,2,host_fpga_pcie,HOST_to_FPGA,302592,185183.23061333338,185307.51861333338
11,fixed_manifest,10,1,host_fpga_pcie,FPGA_to_HOST,302592,185447.5451733334,185571.8331733334
11,fixed_manifest,10,2,gpu_host,HOST_to_GPU,302592,185571.8331733334,185606.3099733334
10,fixed_manifest,120,1,host_fpga_pcie,FPGA_to_HOST,302592,185780.2926933334,185904.5806933334
10,fixed_manifest,120,2,gpu_host,HOST_to_GPU,302592,185904.5806933334,185939.0574933334
11,fixed_manifest,19,1,gpu_host,GPU_to_HOST,302592,186493.7419733334,186528.2187733334
11,fixed_manifest,19,2,host_fpga_pcie,HOST_to_FPGA,302592,186528.2187733334,186652.5067733334
11,fixed_manifest,20,1,host_fpga_pcie,FPGA_to_HOST,302592,186985.25429333342,187109.54229333342
11,fixed_manifest,20,2,gpu_host,HOST_to_GPU,302592,187109.54229333342,187144.01909333345
11,fixed_manifest,29,1,gpu_host,GPU_to_HOST,302592,187975.97589333344,188010.45269333347
11,fixed_manifest,29,2,host_fpga_pcie,HOST_to_FPGA,302592,188010.45269333347,188134.74069333347
11,fixed_manifest,30,1,host_fpga_pcie,FPGA_to_HOST,302592,188467.48821333348,188591.77621333348
11,fixed_manifest,30,2,gpu_host,HOST_to_GPU,302592,188591.77621333348,188626.25301333348
11,fixed_manifest,39,1,gpu_host,GPU_to_HOST,302592,189458.2098133335,189492.68661333353
11,fixed_manifest,39,2,host_fpga_pcie,HOST_to_FPGA,302592,189492.68661333353,189616.97461333353
11,fixed_manifest,40,1,host_fpga_pcie,FPGA_to_HOST,302592,189949.72213333353,190074.01013333353
11,fixed_manifest,40,2,gpu_host,HOST_to_GPU,302592,190074.01013333353,190108.48693333354
11,fixed_manifest,49,1,gpu_host,GPU_to_HOST,302592,190940.44373333355,190974.92053333356
11,fixed_manifest,49,2,host_fpga_pcie,HOST_to_FPGA,302592,190974.92053333356,191099.20853333356
11,fixed_manifest,50,1,host_fpga_pcie,FPGA_to_HOST,302592,191431.95605333356,191556.24405333356
11,fixed_manifest,50,2,gpu_host,HOST_to_GPU,302592,191556.24405333356,191590.7208533336
11,fixed_manifest,59,1,gpu_host,GPU_to_HOST,302592,192422.6776533336,192457.1544533336
11,fixed_manifest,59,2,host_fpga_pcie,HOST_to_FPGA,302592,192457.1544533336,192581.4424533336
11,fixed_manifest,60,1,host_fpga_pcie,FPGA_to_HOST,302592,192914.18997333362,193038.47797333362
11,fixed_manifest,60,2,gpu_host,HOST_to_GPU,302592,193038.47797333362,193072.95477333365
11,fixed_manifest,69,1,gpu_host,GPU_to_HOST,302592,193904.91157333364,193939.38837333367
11,fixed_manifest,69,2,host_fpga_pcie,HOST_to_FPGA,302592,193939.38837333367,194063.67637333367
11,fixed_manifest,70,1,host_fpga_pcie,FPGA_to_HOST,302592,194396.42389333367,194520.71189333368
11,fixed_manifest,70,2,gpu_host,HOST_to_GPU,302592,194520.71189333368,194555.18869333368
11,fixed_manifest,79,1,gpu_host,GPU_to_HOST,302592,195387.1454933337,195421.6222933337
11,fixed_manifest,79,2,host_fpga_pcie,HOST_to_FPGA,302592,195421.6222933337,195545.9102933337
11,fixed_manifest,80,1,host_fpga_pcie,FPGA_to_HOST,302592,195878.65781333373,196002.94581333373
11,fixed_manifest,80,2,gpu_host,HOST_to_GPU,302592,196002.94581333373,196037.42261333374
11,fixed_manifest,89,1,gpu_host,GPU_to_HOST,302592,196869.37941333375,196903.85621333375
11,fixed_manifest,89,2,host_fpga_pcie,HOST_to_FPGA,302592,196903.85621333375,197028.14421333376
11,fixed_manifest,90,1,host_fpga_pcie,FPGA_to_HOST,302592,197360.89173333376,197485.17973333376
11,fixed_manifest,90,2,gpu_host,HOST_to_GPU,302592,197485.17973333376,197519.6565333338
11,fixed_manifest,99,1,gpu_host,GPU_to_HOST,302592,198351.61333333378,198386.0901333338
11,fixed_manifest,99,2,host_fpga_pcie,HOST_to_FPGA,302592,198386.0901333338,198510.3781333338
11,fixed_manifest,100,1,host_fpga_pcie,FPGA_to_HOST,302592,198843.12565333382,198967.41365333382
11,fixed_manifest,100,2,gpu_host,HOST_to_GPU,302592,198967.41365333382,199001.89045333382
11,fixed_manifest,109,1,gpu_host,GPU_to_HOST,302592,199833.84725333384,199868.32405333384
11,fixed_manifest,109,2,host_fpga_pcie,HOST_to_FPGA,302592,199868.32405333384,199992.61205333384
11,fixed_manifest,110,1,host_fpga_pcie,FPGA_to_HOST,302592,200325.35957333387,200449.64757333387
11,fixed_manifest,110,2,gpu_host,HOST_to_GPU,302592,200449.64757333387,200484.12437333388
12,fixed_manifest,9,1,gpu_host,GPU_to_HOST,302592,201622.69952000002,201657.17632000006
12,fixed_manifest,9,2,host_fpga_pcie,HOST_to_FPGA,302592,201657.17632000006,201781.46432000006
11,fixed_manifest,119,1,gpu_host,GPU_to_HOST,302592,201815.42048000003,201849.89728000006
11,fixed_manifest,119,2,host_fpga_pcie,HOST_to_FPGA,302592,201849.89728000006,201974.18528000006
12,fixed_manifest,10,1,host_fpga_pcie,FPGA_to_HOST,302592,202114.21184000006,202238.49984000006
12,fixed_manifest,10,2,gpu_host,HOST_to_GPU,302592,202238.49984000006,202272.97664000007
11,fixed_manifest,120,1,host_fpga_pcie,FPGA_to_HOST,302592,202446.95936000007,202571.24736000007
11,fixed_manifest,120,2,gpu_host,HOST_to_GPU,302592,202571.24736000007,202605.72416000007
12,fixed_manifest,19,1,gpu_host,GPU_to_HOST,302592,203160.40864000007,203194.88544000007
12,fixed_manifest,19,2,host_fpga_pcie,HOST_to_FPGA,302592,203194.88544000007,203319.17344000007
12,fixed_manifest,20,1,host_fpga_pcie,FPGA_to_HOST,302592,203651.9209600001,203776.2089600001
12,fixed_manifest,20,2,gpu_host,HOST_to_GPU,302592,203776.2089600001,203810.6857600001
12,fixed_manifest,29,1,gpu_host,GPU_to_HOST,302592,204642.64256000012,204677.11936000013
12,fixed_manifest,29,2,host_fpga_pcie,HOST_to_FPGA,302592,204677.11936000013,204801.40736000013
12,fixed_manifest,30,1,host_fpga_pcie,FPGA_to_HOST,302592,205134.15488000013,205258.44288000013
12,fixed_manifest,30,2,gpu_host,HOST_to_GPU,302592,205258.44288000013,205292.91968000017
12,fixed_manifest,39,1,gpu_host,GPU_to_HOST,302592,206124.87648000015,206159.35328000018
12,fixed_manifest,39,2,host_fpga_pcie,HOST_to_FPGA,302592,206159.35328000018,206283.64128000019
12,fixed_manifest,40,1,host_fpga_pcie,FPGA_to_HOST,302592,206616.3888000002,206740.6768000002
12,fixed_manifest,40,2,gpu_host,HOST_to_GPU,302592,206740.6768000002,206775.1536000002
12,fixed_manifest,49,1,gpu_host,GPU_to_HOST,302592,207607.1104000002,207641.5872000002
12,fixed_manifest,49,2,host_fpga_pcie,HOST_to_FPGA,302592,207641.5872000002,207765.8752000002
12,fixed_manifest,50,1,host_fpga_pcie,FPGA_to_HOST,302592,208098.62272000025,208222.91072000025
12,fixed_manifest,50,2,gpu_host,HOST_to_GPU,302592,208222.91072000025,208257.38752000025
12,fixed_manifest,59,1,gpu_host,GPU_to_HOST,302592,209089.34432000027,209123.82112000027
12,fixed_manifest,59,2,host_fpga_pcie,HOST_to_FPGA,302592,209123.82112000027,209248.10912000027
12,fixed_manifest,60,1,host_fpga_pcie,FPGA_to_HOST,302592,209580.85664000027,209705.14464000028
12,fixed_manifest,60,2,gpu_host,HOST_to_GPU,302592,209705.14464000028,209739.6214400003
12,fixed_manifest,69,1,gpu_host,GPU_to_HOST,302592,210571.5782400003,210606.05504000033
12,fixed_manifest,69,2,host_fpga_pcie,HOST_to_FPGA,302592,210606.05504000033,210730.34304000033
12,fixed_manifest,70,1,host_fpga_pcie,FPGA_to_HOST,302592,211063.09056000033,211187.37856000033
12,fixed_manifest,70,2,gpu_host,HOST_to_GPU,302592,211187.37856000033,211221.85536000034
12,fixed_manifest,79,1,gpu_host,GPU_to_HOST,302592,212053.81216000035,212088.28896000038
12,fixed_manifest,79,2,host_fpga_pcie,HOST_to_FPGA,302592,212088.28896000038,212212.57696000038
12,fixed_manifest,80,1,host_fpga_pcie,FPGA_to_HOST,302592,212545.3244800004,212669.6124800004
12,fixed_manifest,80,2,gpu_host,HOST_to_GPU,302592,212669.6124800004,212704.0892800004
12,fixed_manifest,89,1,gpu_host,GPU_to_HOST,302592,213536.0460800004,213570.5228800004
12,fixed_manifest,89,2,host_fpga_pcie,HOST_to_FPGA,302592,213570.5228800004,213694.8108800004
12,fixed_manifest,90,1,host_fpga_pcie,FPGA_to_HOST,302592,214027.55840000042,214151.84640000042
12,fixed_manifest,90,2,gpu_host,HOST_to_GPU,302592,214151.84640000042,214186.32320000045
12,fixed_manifest,99,1,gpu_host,GPU_to_HOST,302592,215018.28000000046,215052.75680000047
12,fixed_manifest,99,2,host_fpga_pcie,HOST_to_FPGA,302592,215052.75680000047,215177.04480000047
12,fixed_manifest,100,1,host_fpga_pcie,FPGA_to_HOST,302592,215509.79232000047,215634.08032000047
12,fixed_manifest,100,2,gpu_host,HOST_to_GPU,302592,215634.08032000047,215668.5571200005
12,fixed_manifest,109,1,gpu_host,GPU_to_HOST,302592,216500.5139200005,216534.99072000053
12,fixed_manifest,109,2,host_fpga_pcie,HOST_to_FPGA,302592,216534.99072000053,216659.27872000053
12,fixed_manifest,110,1,host_fpga_pcie,FPGA_to_HOST,302592,216992.02624000053,217116.31424000053
12,fixed_manifest,110,2,gpu_host,HOST_to_GPU,302592,217116.31424000053,217150.79104000053
13,fixed_manifest,9,1,gpu_host,GPU_to_HOST,302592,218289.36618666668,218323.8429866667
13,fixed_manifest,9,2,host_fpga_pcie,HOST_to_FPGA,302592,218323.8429866667,218448.1309866667
12,fixed_manifest,119,1,gpu_host,GPU_to_HOST,302592,218482.0871466667,218516.56394666672
12,fixed_manifest,119,2,host_fpga_pcie,HOST_to_FPGA,302592,218516.56394666672,218640.85194666672
13,fixed_manifest,10,1,host_fpga_pcie,FPGA_to_HOST,302592,218780.87850666672,218905.16650666672
13,fixed_manifest,10,2,gpu_host,HOST_to_GPU,302592,218905.16650666672,218939.64330666672
12,fixed_manifest,120,1,host_fpga_pcie,FPGA_to_HOST,302592,219113.62602666672,219237.91402666672
12,fixed_manifest,120,2,gpu_host,HOST_to_GPU,302592,219237.91402666672,219272.39082666676
13,fixed_manifest,19,1,gpu_host,GPU_to_HOST,302592,219827.07530666672,219861.55210666676
13,fixed_manifest,19,2,host_fpga_pcie,HOST_to_FPGA,302592,219861.55210666676,219985.84010666676
13,fixed_manifest,20,1,host_fpga_pcie,FPGA_to_HOST,302592,220318.58762666676,220442.87562666676
13,fixed_manifest,20,2,gpu_host,HOST_to_GPU,302592,220442.87562666676,220477.35242666677
13,fixed_manifest,29,1,gpu_host,GPU_to_HOST,302592,221309.30922666678,221343.78602666678
13,fixed_manifest,29,2,host_fpga_pcie,HOST_to_FPGA,302592,221343.78602666678,221468.07402666679
13,fixed_manifest,30,1,host_fpga_pcie,FPGA_to_HOST,302592,221800.8215466668,221925.1095466668
13,fixed_manifest,30,2,gpu_host,HOST_to_GPU,302592,221925.1095466668,221959.58634666682
13,fixed_manifest,39,1,gpu_host,GPU_to_HOST,302592,222791.54314666684,222826.01994666684
13,fixed_manifest,39,2,host_fpga_pcie,HOST_to_FPGA,302592,222826.01994666684,222950.30794666684
13,fixed_manifest,40,1,host_fpga_pcie,FPGA_to_HOST,302592,223283.05546666685,223407.34346666685
13,fixed_manifest,40,2,gpu_host,HOST_to_GPU,302592,223407.34346666685,223441.82026666688
13,fixed_manifest,49,1,gpu_host,GPU_to_HOST,302592,224273.77706666687,224308.2538666669
13,fixed_manifest,49,2,host_fpga_pcie,HOST_to_FPGA,302592,224308.2538666669,224432.5418666669
13,fixed_manifest,50,1,host_fpga_pcie,FPGA_to_HOST,302592,224765.2893866669,224889.5773866669
13,fixed_manifest,50,2,gpu_host,HOST_to_GPU,302592,224889.5773866669,224924.0541866669
13,fixed_manifest,59,1,gpu_host,GPU_to_HOST,302592,225756.01098666692,225790.48778666693
13,fixed_manifest,59,2,host_fpga_pcie,HOST_to_FPGA,302592,225790.48778666693,225914.77578666693
13,fixed_manifest,60,1,host_fpga_pcie,FPGA_to_HOST,302592,226247.52330666696,226371.81130666696
13,fixed_manifest,60,2,gpu_host,HOST_to_GPU,302592,226371.81130666696,226406.28810666697
13,fixed_manifest,69,1,gpu_host,GPU_to_HOST,302592,227238.24490666698,227272.72170666698
13,fixed_manifest,69,2,host_fpga_pcie,HOST_to_FPGA,302592,227272.72170666698,227397.00970666698
13,fixed_manifest,70,1,host_fpga_pcie,FPGA_to_HOST,302592,227729.757226667,227854.045226667
13,fixed_manifest,70,2,gpu_host,HOST_to_GPU,302592,227854.045226667,227888.52202666702
13,fixed_manifest,79,1,gpu_host,GPU_to_HOST,302592,228720.478826667,228754.95562666704
13,fixed_manifest,79,2,host_fpga_pcie,HOST_to_FPGA,302592,228754.95562666704,228879.24362666704
13,fixed_manifest,80,1,host_fpga_pcie,FPGA_to_HOST,302592,229211.99114666705,229336.27914666705
13,fixed_manifest,80,2,gpu_host,HOST_to_GPU,302592,229336.27914666705,229370.75594666705
13,fixed_manifest,89,1,gpu_host,GPU_to_HOST,302592,230202.71274666706,230237.18954666707
13,fixed_manifest,89,2,host_fpga_pcie,HOST_to_FPGA,302592,230237.18954666707,230361.47754666707
13,fixed_manifest,90,1,host_fpga_pcie,FPGA_to_HOST,302592,230694.2250666671,230818.5130666671
13,fixed_manifest,90,2,gpu_host,HOST_to_GPU,302592,230818.5130666671,230852.9898666671
13,fixed_manifest,99,1,gpu_host,GPU_to_HOST,302592,231684.94666666712,231719.42346666713
13,fixed_manifest,99,2,host_fpga_pcie,HOST_to_FPGA,302592,231719.42346666713,231843.71146666713
13,fixed_manifest,100,1,host_fpga_pcie,FPGA_to_HOST,302592,232176.45898666713,232300.74698666713
13,fixed_manifest,100,2,gpu_host,HOST_to_GPU,302592,232300.74698666713,232335.22378666716
13,fixed_manifest,109,1,gpu_host,GPU_to_HOST,302592,233167.18058666715,233201.65738666718
13,fixed_manifest,109,2,host_fpga_pcie,HOST_to_FPGA,302592,233201.65738666718,233325.94538666718
13,fixed_manifest,110,1,host_fpga_pcie,FPGA_to_HOST,302592,233658.6929066672,233782.9809066672
13,fixed_manifest,110,2,gpu_host,HOST_to_GPU,302592,233782.9809066672,233817.4577066672
14,fixed_manifest,9,1,gpu_host,GPU_to_HOST,302592,234956.03285333337,234990.50965333337
14,fixed_manifest,9,2,host_fpga_pcie,HOST_to_FPGA,302592,234990.50965333337,235114.79765333337
13,fixed_manifest,119,1,gpu_host,GPU_to_HOST,302592,235148.75381333337,235183.23061333338
13,fixed_manifest,119,2,host_fpga_pcie,HOST_to_FPGA,302592,235183.23061333338,235307.51861333338
14,fixed_manifest,10,1,host_fpga_pcie,FPGA_to_HOST,302592,235447.54517333338,235571.83317333338
14,fixed_manifest,10,2,gpu_host,HOST_to_GPU,302592,235571.83317333338,235606.3099733334
13,fixed_manifest,120,1,host_fpga_pcie,FPGA_to_HOST,302592,235780.29269333338,235904.58069333338
13,fixed_manifest,120,2,gpu_host,HOST_to_GPU,302592,235904.58069333338,235939.0574933334
14,fixed_manifest,19,1,gpu_host,GPU_to_HOST,302592,236493.74197333338,236528.2187733334
14,fixed_manifest,19,2,host_fpga_pcie,HOST_to_FPGA,302592,236528.2187733334,236652.5067733334
14,fixed_manifest,20,1,host_fpga_pcie,FPGA_to_HOST,302592,236985.25429333342,237109.54229333342
14,fixed_manifest,20,2,gpu_host,HOST_to_GPU,302592,237109.54229333342,237144.01909333342
14,fixed_manifest,29,1,gpu_host,GPU_to_HOST,302592,237975.97589333344,238010.45269333347
14,fixed_manifest,29,2,host_fpga_pcie,HOST_to_FPGA,302592,238010.45269333347,238134.74069333347
14,fixed_manifest,30,1,host_fpga_pcie,FPGA_to_HOST,302592,238467.48821333348,238591.77621333348
14,fixed_manifest,30,2,gpu_host,HOST_to_GPU,302592,238591.77621333348,238626.25301333348
14,fixed_manifest,39,1,gpu_host,GPU_to_HOST,302592,239458.2098133335,239492.6866133335
14,fixed_manifest,39,2,host_fpga_pcie,HOST_to_FPGA,302592,239492.6866133335,239616.9746133335
14,fixed_manifest,40,1,host_fpga_pcie,FPGA_to_HOST,302592,239949.7221333335,240074.0101333335
14,fixed_manifest,40,2,gpu_host,HOST_to_GPU,302592,240074.0101333335,240108.48693333354
14,fixed_manifest,49,1,gpu_host,GPU_to_HOST,302592,240940.44373333352,240974.92053333356
14,fixed_manifest,49,2,host_fpga_pcie,HOST_to_FPGA,302592,240974.92053333356,241099.20853333356
14,fixed_manifest,50,1,host_fpga_pcie,FPGA_to_HOST,302592,241431.95605333356,241556.24405333356
14,fixed_manifest,50,2,gpu_host,HOST_to_GPU,302592,241556.24405333356,241590.72085333357
14,fixed_manifest,59,1,gpu_host,GPU_to_HOST,302592,242422.67765333358,242457.1544533336
14,fixed_manifest,59,2,host_fpga_pcie,HOST_to_FPGA,302592,242457.1544533336,242581.4424533336
14,fixed_manifest,60,1,host_fpga_pcie,FPGA_to_HOST,302592,242914.18997333362,243038.47797333362
14,fixed_manifest,60,2,gpu_host,HOST_to_GPU,302592,243038.47797333362,243072.95477333362
14,fixed_manifest,69,1,gpu_host,GPU_to_HOST,302592,243904.91157333364,243939.38837333364
14,fixed_manifest,69,2,host_fpga_pcie,HOST_to_FPGA,302592,243939.38837333364,244063.67637333364
14,fixed_manifest,70,1,host_fpga_pcie,FPGA_to_HOST,302592,244396.42389333365,244520.71189333365
14,fixed_manifest,70,2,gpu_host,HOST_to_GPU,302592,244520.71189333365,244555.18869333368
14,fixed_manifest,79,1,gpu_host,GPU_to_HOST,302592,245387.1454933337,245421.6222933337
14,fixed_manifest,79,2,host_fpga_pcie,HOST_to_FPGA,302592,245421.6222933337,245545.9102933337
14,fixed_manifest,80,1,host_fpga_pcie,FPGA_to_HOST,302592,245878.6578133337,246002.9458133337
14,fixed_manifest,80,2,gpu_host,HOST_to_GPU,302592,246002.9458133337,246037.42261333374
14,fixed_manifest,89,1,gpu_host,GPU_to_HOST,302592,246869.37941333372,246903.85621333375
14,fixed_manifest,89,2,host_fpga_pcie,HOST_to_FPGA,302592,246903.85621333375,247028.14421333376
14,fixed_manifest,90,1,host_fpga_pcie,FPGA_to_HOST,302592,247360.89173333376,247485.17973333376
14,fixed_manifest,90,2,gpu_host,HOST_to_GPU,302592,247485.17973333376,247519.65653333376
14,fixed_manifest,99,1,gpu_host,GPU_to_HOST,302592,248351.61333333378,248386.09013333378
14,fixed_manifest,99,2,host_fpga_pcie,HOST_to_FPGA,302592,248386.09013333378,248510.37813333378
14,fixed_manifest,100,1,host_fpga_pcie,FPGA_to_HOST,302592,248843.12565333382,248967.4136533338
14,fixed_manifest,100,2,gpu_host,HOST_to_GPU,302592,248967.4136533338,249001.89045333382
14,fixed_manifest,109,1,gpu_host,GPU_to_HOST,302592,249833.84725333384,249868.32405333384
14,fixed_manifest,109,2,host_fpga_pcie,HOST_to_FPGA,302592,249868.32405333384,249992.61205333384
14,fixed_manifest,110,1,host_fpga_pcie,FPGA_to_HOST,302592,250325.35957333384,250449.64757333382
14,fixed_manifest,110,2,gpu_host,HOST_to_GPU,302592,250449.64757333382,250484.12437333385
15,fixed_manifest,9,1,gpu_host,GPU_to_HOST,302592,251622.69951999994,251657.17631999994
15,fixed_manifest,9,2,host_fpga_pcie,HOST_to_FPGA,302592,251657.17631999994,251781.4643199999
14,fixed_manifest,119,1,gpu_host,GPU_to_HOST,302592,251815.42047999988,251849.8972799999
14,fixed_manifest,119,2,host_fpga_pcie,HOST_to_FPGA,302592,251849.8972799999,251974.18527999986
15,fixed_manifest,10,1,host_fpga_pcie,FPGA_to_HOST,302592,252114.21183999995,252238.49983999992
15,fixed_manifest,10,2,gpu_host,HOST_to_GPU,302592,252238.49983999992,252272.97663999992
14,fixed_manifest,120,1,host_fpga_pcie,FPGA_to_HOST,302592,252446.95935999995,252571.24735999992
14,fixed_manifest,120,2,gpu_host,HOST_to_GPU,302592,252571.24735999992,252605.72415999993
15,fixed_manifest,19,1,gpu_host,GPU_to_HOST,302592,253160.40863999978,253194.8854399998
15,fixed_manifest,19,2,host_fpga_pcie,HOST_to_FPGA,302592,253194.8854399998,253319.17343999978
15,fixed_manifest,20,1,host_fpga_pcie,FPGA_to_HOST,302592,253651.92095999978,253776.20895999976
15,fixed_manifest,20,2,gpu_host,HOST_to_GPU,302592,253776.20895999976,253810.68575999976
15,fixed_manifest,29,1,gpu_host,GPU_to_HOST,302592,254642.6425599997,254677.1193599997
15,fixed_manifest,29,2,host_fpga_pcie,HOST_to_FPGA,302592,254677.1193599997,254801.40735999966
15,fixed_manifest,30,1,host_fpga_pcie,FPGA_to_HOST,302592,255134.1548799997,255258.44287999967
15,fixed_manifest,30,2,gpu_host,HOST_to_GPU,302592,255258.44287999967,255292.91967999967
15,fixed_manifest,39,1,gpu_host,GPU_to_HOST,302592,256124.8764799996,256159.3532799996
15,fixed_manifest,39,2,host_fpga_pcie,HOST_to_FPGA,302592,256159.3532799996,256283.64127999957
15,fixed_manifest,40,1,host_fpga_pcie,FPGA_to_HOST,302592,256616.3887999996,256740.67679999958
15,fixed_manifest,40,2,gpu_host,HOST_to_GPU,302592,256740.67679999958,256775.15359999958
15,fixed_manifest,49,1,gpu_host,GPU_to_HOST,302592,257607.1103999995,257641.5871999995
15,fixed_manifest,49,2,host_fpga_pcie,HOST_to_FPGA,302592,257641.5871999995,257765.8751999995
15,fixed_manifest,50,1,host_fpga_pcie,FPGA_to_HOST,302592,258098.6227199995,258222.9107199995
15,fixed_manifest,50,2,gpu_host,HOST_to_GPU,302592,258222.9107199995,258257.3875199995
15,fixed_manifest,59,1,gpu_host,GPU_to_HOST,302592,259089.34431999942,259123.82111999943
15,fixed_manifest,59,2,host_fpga_pcie,HOST_to_FPGA,302592,259123.82111999943,259248.1091199994
15,fixed_manifest,60,1,host_fpga_pcie,FPGA_to_HOST,302592,259580.8566399994,259705.14463999937
15,fixed_manifest,60,2,gpu_host,HOST_to_GPU,302592,259705.14463999937,259739.6214399994
15,fixed_manifest,69,1,gpu_host,GPU_to_HOST,302592,260571.57823999933,260606.05503999934
15,fixed_manifest,69,2,host_fpga_pcie,HOST_to_FPGA,302592,260606.05503999934,260730.3430399993
15,fixed_manifest,70,1,host_fpga_pcie,FPGA_to_HOST,302592,261063.0905599993,261187.37855999928
15,fixed_manifest,70,2,gpu_host,HOST_to_GPU,302592,261187.37855999928,261221.85535999932
15,fixed_manifest,79,1,gpu_host,GPU_to_HOST,302592,262053.81215999924,262088.28895999925
15,fixed_manifest,79,2,host_fpga_pcie,HOST_to_FPGA,302592,262088.28895999925,262212.5769599992
15,fixed_manifest,80,1,host_fpga_pcie,FPGA_to_HOST,302592,262545.32447999925,262669.6124799992
15,fixed_manifest,80,2,gpu_host,HOST_to_GPU,302592,262669.6124799992,262704.0892799992
15,fixed_manifest,89,1,gpu_host,GPU_to_HOST,302592,263536.0460799991,263570.52287999913
15,fixed_manifest,89,2,host_fpga_pcie,HOST_to_FPGA,302592,263570.52287999913,263694.81087999913
15,fixed_manifest,90,1,host_fpga_pcie,FPGA_to_HOST,302592,264027.55839999916,264151.8463999991
15,fixed_manifest,90,2,gpu_host,HOST_to_GPU,302592,264151.8463999991,264186.3231999991
15,fixed_manifest,99,1,gpu_host,GPU_to_HOST,302592,265018.27999999904,265052.75679999904
15,fixed_manifest,99,2,host_fpga_pcie,HOST_to_FPGA,302592,265052.75679999904,265177.04479999904
15,fixed_manifest,100,1,host_fpga_pcie,FPGA_to_HOST,302592,265509.7923199991,265634.080319999
15,fixed_manifest,100,2,gpu_host,HOST_to_GPU,302592,265634.080319999,265668.557119999
15,fixed_manifest,109,1,gpu_host,GPU_to_HOST,302592,266500.51391999895,266534.99071999895
15,fixed_manifest,109,2,host_fpga_pcie,HOST_to_FPGA,302592,266534.99071999895,266659.27871999895
15,fixed_manifest,110,1,host_fpga_pcie,FPGA_to_HOST,302592,266992.02623999893,267116.31423999893
15,fixed_manifest,110,2,gpu_host,HOST_to_GPU,302592,267116.31423999893,267150.79103999893
16,fixed_manifest,9,1,gpu_host,GPU_to_HOST,302592,268289.36618666654,268323.84298666654
16,fixed_manifest,9,2,host_fpga_pcie,HOST_to_FPGA,302592,268323.84298666654,268448.13098666654
15,fixed_manifest,119,1,gpu_host,GPU_to_HOST,302592,268482.0871466665,268516.5639466665
15,fixed_manifest,119,2,host_fpga_pcie,HOST_to_FPGA,302592,268516.5639466665,268640.8519466665
16,fixed_manifest,10,1,host_fpga_pcie,FPGA_to_HOST,302592,268780.8785066665,268905.1665066665
16,fixed_manifest,10,2,gpu_host,HOST_to_GPU,302592,268905.1665066665,268939.6433066665
15,fixed_manifest,120,1,host_fpga_pcie,FPGA_to_HOST,302592,269113.62602666655,269237.91402666655
15,fixed_manifest,120,2,gpu_host,HOST_to_GPU,302592,269237.91402666655,269272.39082666655
16,fixed_manifest,19,1,gpu_host,GPU_to_HOST,302592,269827.0753066664,269861.5521066664
16,fixed_manifest,19,2,host_fpga_pcie,HOST_to_FPGA,302592,269861.5521066664,269985.8401066664
16,fixed_manifest,20,1,host_fpga_pcie,FPGA_to_HOST,302592,270318.5876266664,270442.87562666635
16,fixed_manifest,20,2,gpu_host,HOST_to_GPU,302592,270442.87562666635,270477.35242666636
16,fixed_manifest,29,1,gpu_host,GPU_to_HOST,302592,271309.3092266663,271343.7860266663
16,fixed_manifest,29,2,host_fpga_pcie,HOST_to_FPGA,302592,271343.7860266663,271468.0740266663
16,fixed_manifest,30,1,host_fpga_pcie,FPGA_to_HOST,302592,271800.82154666627,271925.10954666627
16,fixed_manifest,30,2,gpu_host,HOST_to_GPU,302592,271925.10954666627,271959.58634666627
16,fixed_manifest,39,1,gpu_host,GPU_to_HOST,302592,272791.5431466662,272826.0199466662
16,fixed_manifest,39,2,host_fpga_pcie,HOST_to_FPGA,302592,272826.0199466662,272950.3079466662
16,fixed_manifest,40,1,host_fpga_pcie,FPGA_to_HOST,302592,273283.0554666662,273407.3434666662
16,fixed_manifest,40,2,gpu_host,HOST_to_GPU,302592,273407.3434666662,273441.8202666662
16,fixed_manifest,49,1,gpu_host,GPU_to_HOST,302592,274273.7770666661,274308.2538666661
16,fixed_manifest,49,2,host_fpga_pcie,HOST_to_FPGA,302592,274308.2538666661,274432.5418666661
16,fixed_manifest,50,1,host_fpga_pcie,FPGA_to_HOST,302592,274765.2893866661,274889.5773866661
16,fixed_manifest,50,2,gpu_host,HOST_to_GPU,302592,274889.5773866661,274924.0541866661
16,fixed_manifest,59,1,gpu_host,GPU_to_HOST,302592,275756.010986666,275790.487786666
16,fixed_manifest,59,2,host_fpga_pcie,HOST_to_FPGA,302592,275790.487786666,275914.775786666
16,fixed_manifest,60,1,host_fpga_pcie,FPGA_to_HOST,302592,276247.523306666,276371.811306666
16,fixed_manifest,60,2,gpu_host,HOST_to_GPU,302592,276371.811306666,276406.288106666
16,fixed_manifest,69,1,gpu_host,GPU_to_HOST,302592,277238.24490666593,277272.72170666594
16,fixed_manifest,69,2,host_fpga_pcie,HOST_to_FPGA,302592,277272.72170666594,277397.00970666594
16,fixed_manifest,70,1,host_fpga_pcie,FPGA_to_HOST,302592,277729.7572266659,277854.0452266659
16,fixed_manifest,70,2,gpu_host,HOST_to_GPU,302592,277854.0452266659,277888.5220266659
16,fixed_manifest,79,1,gpu_host,GPU_to_HOST,302592,278720.47882666584,278754.95562666585
16,fixed_manifest,79,2,host_fpga_pcie,HOST_to_FPGA,302592,278754.95562666585,278879.24362666585
16,fixed_manifest,80,1,host_fpga_pcie,FPGA_to_HOST,302592,279211.9911466658,279336.2791466658
16,fixed_manifest,80,2,gpu_host,HOST_to_GPU,302592,279336.2791466658,279370.7559466658
16,fixed_manifest,89,1,gpu_host,GPU_to_HOST,302592,280202.71274666575,280237.18954666576
16,fixed_manifest,89,2,host_fpga_pcie,HOST_to_FPGA,302592,280237.18954666576,280361.47754666576
16,fixed_manifest,90,1,host_fpga_pcie,FPGA_to_HOST,302592,280694.22506666573,280818.51306666574
16,fixed_manifest,90,2,gpu_host,HOST_to_GPU,302592,280818.51306666574,280852.98986666574
16,fixed_manifest,99,1,gpu_host,GPU_to_HOST,302592,281684.94666666567,281719.42346666567
16,fixed_manifest,99,2,host_fpga_pcie,HOST_to_FPGA,302592,281719.42346666567,281843.71146666567
16,fixed_manifest,100,1,host_fpga_pcie,FPGA_to_HOST,302592,282176.45898666565,282300.74698666565
16,fixed_manifest,100,2,gpu_host,HOST_to_GPU,302592,282300.74698666565,282335.22378666565
16,fixed_manifest,109,1,gpu_host,GPU_to_HOST,302592,283167.1805866656,283201.6573866656
16,fixed_manifest,109,2,host_fpga_pcie,HOST_to_FPGA,302592,283201.6573866656,283325.9453866656
16,fixed_manifest,110,1,host_fpga_pcie,FPGA_to_HOST,302592,283658.69290666556,283782.98090666556
16,fixed_manifest,110,2,gpu_host,HOST_to_GPU,302592,283782.98090666556,283817.45770666556
17,fixed_manifest,9,1,gpu_host,GPU_to_HOST,302592,284956.0328533333,284990.5096533333
17,fixed_manifest,9,2,host_fpga_pcie,HOST_to_FPGA,302592,284990.5096533333,285114.7976533332
16,fixed_manifest,119,1,gpu_host,GPU_to_HOST,302592,285148.7538133332,285183.23061333323
16,fixed_manifest,119,2,host_fpga_pcie,HOST_to_FPGA,302592,285183.23061333323,285307.5186133332
17,fixed_manifest,10,1,host_fpga_pcie,FPGA_to_HOST,302592,285447.54517333326,285571.83317333326
17,fixed_manifest,10,2,gpu_host,HOST_to_GPU,302592,285571.83317333326,285606.30997333326
16,fixed_manifest,120,1,host_fpga_pcie,FPGA_to_HOST,302592,285780.2926933333,285904.58069333324
16,fixed_manifest,120,2,gpu_host,HOST_to_GPU,302592,285904.58069333324,285939.05749333324
17,fixed_manifest,19,1,gpu_host,GPU_to_HOST,302592,286493.7419733331,286528.2187733331
17,fixed_manifest,19,2,host_fpga_pcie,HOST_to_FPGA,302592,286528.2187733331,286652.50677333307
17,fixed_manifest,20,1,host_fpga_pcie,FPGA_to_HOST,302592,286985.2542933331,287109.5422933331
17,fixed_manifest,20,2,gpu_host,HOST_to_GPU,302592,287109.5422933331,287144.0190933331
17,fixed_manifest,29,1,gpu_host,GPU_to_HOST,302592,287975.97589333303,288010.45269333303
17,fixed_manifest,29,2,host_fpga_pcie,HOST_to_FPGA,302592,288010.45269333303,288134.740693333
17,fixed_manifest,30,1,host_fpga_pcie,FPGA_to_HOST,302592,288467.488213333,288591.776213333
17,fixed_manifest,30,2,gpu_host,HOST_to_GPU,302592,288591.776213333,288626.253013333
17,fixed_manifest,39,1,gpu_host,GPU_to_HOST,302592,289458.20981333294,289492.68661333295
17,fixed_manifest,39,2,host_fpga_pcie,HOST_to_FPGA,302592,289492.68661333295,289616.9746133329
17,fixed_manifest,40,1,host_fpga_pcie,FPGA_to_HOST,302592,289949.7221333329,290074.0101333329
17,fixed_manifest,40,2,gpu_host,HOST_to_GPU,302592,290074.0101333329,290108.4869333329
17,fixed_manifest,49,1,gpu_host,GPU_to_HOST,302592,290940.44373333285,290974.92053333286
17,fixed_manifest,49,2,host_fpga_pcie,HOST_to_FPGA,302592,290974.92053333286,291099.2085333328
17,fixed_manifest,50,1,host_fpga_pcie,FPGA_to_HOST,302592,291431.95605333283,291556.2440533328
17,fixed_manifest,50,2,gpu_host,HOST_to_GPU,302592,291556.2440533328,291590.72085333284
17,fixed_manifest,59,1,gpu_host,GPU_to_HOST,302592,292422.67765333276,292457.15445333277
17,fixed_manifest,59,2,host_fpga_pcie,HOST_to_FPGA,302592,292457.15445333277,292581.4424533327
17,fixed_manifest,60,1,host_fpga_pcie,FPGA_to_HOST,302592,292914.18997333274,293038.4779733327
17,fixed_manifest,60,2,gpu_host,HOST_to_GPU,302592,293038.4779733327,293072.95477333275
17,fixed_manifest,69,1,gpu_host,GPU_to_HOST,302592,293904.9115733327,293939.3883733327
17,fixed_manifest,69,2,host_fpga_pcie,HOST_to_FPGA,302592,293939.3883733327,294063.6763733326
17,fixed_manifest,70,1,host_fpga_pcie,FPGA_to_HOST,302592,294396.42389333266,294520.7118933326
17,fixed_manifest,70,2,gpu_host,HOST_to_GPU,302592,294520.7118933326,294555.18869333266
17,fixed_manifest,79,1,gpu_host,GPU_to_HOST,302592,295387.1454933326,295421.6222933326
17,fixed_manifest,79,2,host_fpga_pcie,HOST_to_FPGA,302592,295421.6222933326,295545.91029333253
17,fixed_manifest,80,1,host_fpga_pcie,FPGA_to_HOST,302592,295878.65781333257,296002.9458133325
17,fixed_manifest,80,2,gpu_host,HOST_to_GPU,302592,296002.9458133325,296037.4226133326
17,fixed_manifest,89,1,gpu_host,GPU_to_HOST,302592,296869.37941333244,296903.8562133325
17,fixed_manifest,89,2,host_fpga_pcie,HOST_to_FPGA,302592,296903.8562133325,297028.14421333245
17,fixed_manifest,90,1,host_fpga_pcie,FPGA_to_HOST,302592,297360.8917333325,297485.1797333324
17,fixed_manifest,90,2,gpu_host,HOST_to_GPU,302592,297485.1797333324,297519.6565333325
17,fixed_manifest,99,1,gpu_host,GPU_to_HOST,302592,298351.61333333235,298386.0901333324
17,fixed_manifest,99,2,host_fpga_pcie,HOST_to_FPGA,302592,298386.0901333324,298510.37813333236
17,fixed_manifest,100,1,host_fpga_pcie,FPGA_to_HOST,302592,298843.1256533324,298967.41365333233
17,fixed_manifest,100,2,gpu_host,HOST_to_GPU,302592,298967.41365333233,299001.89045333234
17,fixed_manifest,109,1,gpu_host,GPU_to_HOST,302592,299833.84725333226,299868.3240533323
17,fixed_manifest,109,2,host_fpga_pcie,HOST_to_FPGA,302592,299868.3240533323,299992.61205333227
17,fixed_manifest,110,1,host_fpga_pcie,FPGA_to_HOST,302592,300325.3595733323,300449.64757333224
17,fixed_manifest,110,2,gpu_host,HOST_to_GPU,302592,300449.64757333224,300484.12437333225
18,fixed_manifest,9,1,gpu_host,GPU_to_HOST,302592,301622.69951999985,301657.1763199999
18,fixed_manifest,9,2,host_fpga_pcie,HOST_to_FPGA,302592,301657.1763199999,301781.46431999985
17,fixed_manifest,119,1,gpu_host,GPU_to_HOST,302592,301815.4204799998,301849.89727999986
17,fixed_manifest,119,2,host_fpga_pcie,HOST_to_FPGA,302592,301849.89727999986,301974.1852799998
18,fixed_manifest,10,1,host_fpga_pcie,FPGA_to_HOST,302592,302114.2118399999,302238.49983999983
18,fixed_manifest,10,2,gpu_host,HOST_to_GPU,302592,302238.49983999983,302272.97663999983
17,fixed_manifest,120,1,host_fpga_pcie,FPGA_to_HOST,302592,302446.95935999986,302571.24735999986
17,fixed_manifest,120,2,gpu_host,HOST_to_GPU,302592,302571.24735999986,302605.72415999987
18,fixed_manifest,19,1,gpu_host,GPU_to_HOST,302592,303160.4086399997,303194.88543999975
18,fixed_manifest,19,2,host_fpga_pcie,HOST_to_FPGA,302592,303194.88543999975,303319.1734399997
18,fixed_manifest,20,1,host_fpga_pcie,FPGA_to_HOST,302592,303651.9209599997,303776.20895999967
18,fixed_manifest,20,2,gpu_host,HOST_to_GPU,302592,303776.20895999967,303810.6857599997
18,fixed_manifest,29,1,gpu_host,GPU_to_HOST,302592,304642.6425599996,304677.11935999966
18,fixed_manifest,29,2,host_fpga_pcie,HOST_to_FPGA,302592,304677.11935999966,304801.4073599996
18,fixed_manifest,30,1,host_fpga_pcie,FPGA_to_HOST,302592,305134.15487999964,305258.4428799996
18,fixed_manifest,30,2,gpu_host,HOST_to_GPU,302592,305258.4428799996,305292.9196799996
18,fixed_manifest,39,1,gpu_host,GPU_to_HOST,302592,306124.8764799995,306159.3532799996
18,fixed_manifest,39,2,host_fpga_pcie,HOST_to_FPGA,302592,306159.3532799996,306283.6412799995
18,fixed_manifest,40,1,host_fpga_pcie,FPGA_to_HOST,302592,306616.38879999955,306740.6767999995
18,fixed_manifest,40,2,gpu_host,HOST_to_GPU,302592,306740.6767999995,306775.1535999995
18,fixed_manifest,49,1,gpu_host,GPU_to_HOST,302592,307607.1103999994,307641.5871999994
18,fixed_manifest,49,2,host_fpga_pcie,HOST_to_FPGA,302592,307641.5871999994,307765.8751999994
18,fixed_manifest,50,1,host_fpga_pcie,FPGA_to_HOST,302592,308098.62271999946,308222.9107199994
18,fixed_manifest,50,2,gpu_host,HOST_to_GPU,302592,308222.9107199994,308257.3875199994
18,fixed_manifest,59,1,gpu_host,GPU_to_HOST,302592,309089.34431999933,309123.82111999934
18,fixed_manifest,59,2,host_fpga_pcie,HOST_to_FPGA,302592,309123.82111999934,309248.10911999934
18,fixed_manifest,60,1,host_fpga_pcie,FPGA_to_HOST,302592,309580.8566399994,309705.1446399993
18,fixed_manifest,60,2,gpu_host,HOST_to_GPU,302592,309705.1446399993,309739.6214399993
18,fixed_manifest,69,1,gpu_host,GPU_to_HOST,302592,310571.57823999925,310606.05503999925
18,fixed_manifest,69,2,host_fpga_pcie,HOST_to_FPGA,302592,310606.05503999925,310730.34303999925
18,fixed_manifest,70,1,host_fpga_pcie,FPGA_to_HOST,302592,311063.0905599993,311187.3785599992
18,fixed_manifest,70,2,gpu_host,HOST_to_GPU,302592,311187.3785599992,311221.85535999923
18,fixed_manifest,79,1,gpu_host,GPU_to_HOST,302592,312053.81215999916,312088.28895999916
18,fixed_manifest,79,2,host_fpga_pcie,HOST_to_FPGA,302592,312088.28895999916,312212.57695999916
18,fixed_manifest,80,1,host_fpga_pcie,FPGA_to_HOST,302592,312545.32447999914,312669.61247999914
18,fixed_manifest,80,2,gpu_host,HOST_to_GPU,302592,312669.61247999914,312704.08927999914
18,fixed_manifest,89,1,gpu_host,GPU_to_HOST,302592,313536.04607999907,313570.5228799991
18,fixed_manifest,89,2,host_fpga_pcie,HOST_to_FPGA,302592,313570.5228799991,313694.8108799991
18,fixed_manifest,90,1,host_fpga_pcie,FPGA_to_HOST,302592,314027.55839999905,314151.84639999905
18,fixed_manifest,90,2,gpu_host,HOST_to_GPU,302592,314151.84639999905,314186.32319999905
18,fixed_manifest,99,1,gpu_host,GPU_to_HOST,302592,315018.279999999,315052.756799999
18,fixed_manifest,99,2,host_fpga_pcie,HOST_to_FPGA,302592,315052.756799999,315177.044799999
18,fixed_manifest,100,1,host_fpga_pcie,FPGA_to_HOST,302592,315509.79231999896,315634.08031999896
18,fixed_manifest,100,2,gpu_host,HOST_to_GPU,302592,315634.08031999896,315668.55711999896
18,fixed_manifest,109,1,gpu_host,GPU_to_HOST,302592,316500.5139199989,316534.9907199989
18,fixed_manifest,109,2,host_fpga_pcie,HOST_to_FPGA,302592,316534.9907199989,316659.2787199989
18,fixed_manifest,110,1,host_fpga_pcie,FPGA_to_HOST,302592,316992.0262399989,317116.3142399989
18,fixed_manifest,110,2,gpu_host,HOST_to_GPU,302592,317116.3142399989,317150.7910399989
19,fixed_manifest,9,1,gpu_host,GPU_to_HOST,302592,318289.3661866666,318323.8429866666
19,fixed_manifest,9,2,host_fpga_pcie,HOST_to_FPGA,302592,318323.8429866666,318448.1309866666
18,fixed_manifest,119,1,gpu_host,GPU_to_HOST,302592,318482.08714666654,318516.56394666655
18,fixed_manifest,119,2,host_fpga_pcie,HOST_to_FPGA,302592,318516.56394666655,318640.85194666655
19,fixed_manifest,10,1,host_fpga_pcie,FPGA_to_HOST,302592,318780.8785066666,318905.1665066666
19,fixed_manifest,10,2,gpu_host,HOST_to_GPU,302592,318905.1665066666,318939.6433066666
18,fixed_manifest,120,1,host_fpga_pcie,FPGA_to_HOST,302592,319113.6260266666,319237.91402666655
18,fixed_manifest,120,2,gpu_host,HOST_to_GPU,302592,319237.91402666655,319272.3908266666
19,fixed_manifest,19,1,gpu_host,GPU_to_HOST,302592,319827.07530666643,319861.55210666644
19,fixed_manifest,19,2,host_fpga_pcie,HOST_to_FPGA,302592,319861.55210666644,319985.84010666644
19,fixed_manifest,20,1,host_fpga_pcie,FPGA_to_HOST,302592,320318.5876266664,320442.8756266664
19,fixed_manifest,20,2,gpu_host,HOST_to_GPU,302592,320442.8756266664,320477.3524266664
19,fixed_manifest,29,1,gpu_host,GPU_to_HOST,302592,321309.30922666634,321343.78602666635
19,fixed_manifest,29,2,host_fpga_pcie,HOST_to_FPGA,302592,321343.78602666635,321468.07402666635
19,fixed_manifest,30,1,host_fpga_pcie,FPGA_to_HOST,302592,321800.8215466663,321925.1095466663
19,fixed_manifest,30,2,gpu_host,HOST_to_GPU,302592,321925.1095466663,321959.5863466663
19,fixed_manifest,39,1,gpu_host,GPU_to_HOST,302592,322791.54314666626,322826.01994666626
19,fixed_manifest,39,2,host_fpga_pcie,HOST_to_FPGA,302592,322826.01994666626,322950.30794666626
19,fixed_manifest,40,1,host_fpga_pcie,FPGA_to_HOST,302592,323283.05546666624,323407.34346666624
19,fixed_manifest,40,2,gpu_host,HOST_to_GPU,302592,323407.34346666624,323441.82026666624
19,fixed_manifest,49,1,gpu_host,GPU_to_HOST,302592,324273.77706666617,324308.2538666662
19,fixed_manifest,49,2,host_fpga_pcie,HOST_to_FPGA,302592,324308.2538666662,324432.5418666662
19,fixed_manifest,50,1,host_fpga_pcie,FPGA_to_HOST,302592,324765.28938666615,324889.57738666615
19,fixed_manifest,50,2,gpu_host,HOST_to_GPU,302592,324889.57738666615,324924.05418666615
19,fixed_manifest,59,1,gpu_host,GPU_to_HOST,302592,325756.0109866661,325790.4877866661
19,fixed_manifest,59,2,host_fpga_pcie,HOST_to_FPGA,302592,325790.4877866661,325914.7757866661
19,fixed_manifest,60,1,host_fpga_pcie,FPGA_to_HOST,302592,326247.52330666606,326371.81130666606
19,fixed_manifest,60,2,gpu_host,HOST_to_GPU,302592,326371.81130666606,326406.28810666606
19,fixed_manifest,69,1,gpu_host,GPU_to_HOST,302592,327238.244906666,327272.721706666
19,fixed_manifest,69,2,host_fpga_pcie,HOST_to_FPGA,302592,327272.721706666,327397.00970666594
19,fixed_manifest,70,1,host_fpga_pcie,FPGA_to_HOST,302592,327729.75722666597,327854.04522666597
19,fixed_manifest,70,2,gpu_host,HOST_to_GPU,302592,327854.04522666597,327888.522026666
19,fixed_manifest,79,1,gpu_host,GPU_to_HOST,302592,328720.4788266659,328754.9556266659
19,fixed_manifest,79,2,host_fpga_pcie,HOST_to_FPGA,302592,328754.9556266659,328879.24362666585
19,fixed_manifest,80,1,host_fpga_pcie,FPGA_to_HOST,302592,329211.9911466659,329336.2791466659
19,fixed_manifest,80,2,gpu_host,HOST_to_GPU,302592,329336.2791466659,329370.7559466659
19,fixed_manifest,89,1,gpu_host,GPU_to_HOST,302592,330202.7127466658,330237.1895466658
19,fixed_manifest,89,2,host_fpga_pcie,HOST_to_FPGA,302592,330237.1895466658,330361.47754666576
19,fixed_manifest,90,1,host_fpga_pcie,FPGA_to_HOST,302592,330694.2250666658,330818.5130666658
19,fixed_manifest,90,2,gpu_host,HOST_to_GPU,302592,330818.5130666658,330852.9898666658
19,fixed_manifest,99,1,gpu_host,GPU_to_HOST,302592,331684.9466666657,331719.4234666657
19,fixed_manifest,99,2,host_fpga_pcie,HOST_to_FPGA,302592,331719.4234666657,331843.71146666567
19,fixed_manifest,100,1,host_fpga_pcie,FPGA_to_HOST,302592,332176.4589866657,332300.74698666565
19,fixed_manifest,100,2,gpu_host,HOST_to_GPU,302592,332300.74698666565,332335.2237866657
19,fixed_manifest,109,1,gpu_host,GPU_to_HOST,302592,333167.18058666564,333201.65738666564
19,fixed_manifest,109,2,host_fpga_pcie,HOST_to_FPGA,302592,333201.65738666564,333325.9453866656
19,fixed_manifest,110,1,host_fpga_pcie,FPGA_to_HOST,302592,333658.6929066656,333782.98090666556
19,fixed_manifest,110,2,gpu_host,HOST_to_GPU,302592,333782.98090666556,333817.4577066656
20,fixed_manifest,9,1,gpu_host,GPU_to_HOST,302592,334956.0328533333,334990.5096533333
20,fixed_manifest,9,2,host_fpga_pcie,HOST_to_FPGA,302592,334990.5096533333,335114.7976533332
19,fixed_manifest,119,1,gpu_host,GPU_to_HOST,302592,335148.7538133332,335183.23061333323
19,fixed_manifest,119,2,host_fpga_pcie,HOST_to_FPGA,302592,335183.23061333323,335307.5186133332
20,fixed_manifest,10,1,host_fpga_pcie,FPGA_to_HOST,302592,335447.54517333326,335571.8331733332
20,fixed_manifest,10,2,gpu_host,HOST_to_GPU,302592,335571.8331733332,335606.30997333326
19,fixed_manifest,120,1,host_fpga_pcie,FPGA_to_HOST,302592,335780.29269333323,335904.58069333324
19,fixed_manifest,120,2,gpu_host,HOST_to_GPU,302592,335904.58069333324,335939.05749333324
20,fixed_manifest,19,1,gpu_host,GPU_to_HOST,302592,336493.7419733331,336528.2187733331
20,fixed_manifest,19,2,host_fpga_pcie,HOST_to_FPGA,302592,336528.2187733331,336652.50677333307
20,fixed_manifest,20,1,host_fpga_pcie,FPGA_to_HOST,302592,336985.2542933331,337109.54229333304
20,fixed_manifest,20,2,gpu_host,HOST_to_GPU,302592,337109.54229333304,337144.0190933331
20,fixed_manifest,29,1,gpu_host,GPU_to_HOST,302592,337975.97589333303,338010.45269333303
20,fixed_manifest,29,2,host_fpga_pcie,HOST_to_FPGA,302592,338010.45269333303,338134.740693333
20,fixed_manifest,30,1,host_fpga_pcie,FPGA_to_HOST,302592,338467.488213333,338591.77621333295
20,fixed_manifest,30,2,gpu_host,HOST_to_GPU,302592,338591.77621333295,338626.253013333
20,fixed_manifest,39,1,gpu_host,GPU_to_HOST,302592,339458.2098133329,339492.68661333295
20,fixed_manifest,39,2,host_fpga_pcie,HOST_to_FPGA,302592,339492.68661333295,339616.9746133329
20,fixed_manifest,40,1,host_fpga_pcie,FPGA_to_HOST,302592,339949.7221333329,340074.01013333286
20,fixed_manifest,40,2,gpu_host,HOST_to_GPU,302592,340074.01013333286,340108.4869333329
20,fixed_manifest,49,1,gpu_host,GPU_to_HOST,302592,340940.4437333328,340974.92053333286
20,fixed_manifest,49,2,host_fpga_pcie,HOST_to_FPGA,302592,340974.92053333286,341099.2085333328
20,fixed_manifest,50,1,host_fpga_pcie,FPGA_to_HOST,302592,341431.95605333283,341556.2440533328
20,fixed_manifest,50,2,gpu_host,HOST_to_GPU,302592,341556.2440533328,341590.7208533328
20,fixed_manifest,59,1,gpu_host,GPU_to_HOST,302592,342422.6776533327,342457.15445333277
20,fixed_manifest,59,2,host_fpga_pcie,HOST_to_FPGA,302592,342457.15445333277,342581.4424533327
20,fixed_manifest,60,1,host_fpga_pcie,FPGA_to_HOST,302592,342914.18997333274,343038.4779733327
20,fixed_manifest,60,2,gpu_host,HOST_to_GPU,302592,343038.4779733327,343072.9547733327
20,fixed_manifest,69,1,gpu_host,GPU_to_HOST,302592,343904.9115733326,343939.3883733327
20,fixed_manifest,69,2,host_fpga_pcie,HOST_to_FPGA,302592,343939.3883733327,344063.6763733326
20,fixed_manifest,70,1,host_fpga_pcie,FPGA_to_HOST,302592,344396.42389333266,344520.7118933326
20,fixed_manifest,70,2,gpu_host,HOST_to_GPU,302592,344520.7118933326,344555.1886933326
20,fixed_manifest,79,1,gpu_host,GPU_to_HOST,302592,345387.14549333253,345421.6222933326
20,fixed_manifest,79,2,host_fpga_pcie,HOST_to_FPGA,302592,345421.6222933326,345545.91029333253
20,fixed_manifest,80,1,host_fpga_pcie,FPGA_to_HOST,302592,345878.65781333257,346002.9458133325
20,fixed_manifest,80,2,gpu_host,HOST_to_GPU,302592,346002.9458133325,346037.4226133325
20,fixed_manifest,89,1,gpu_host,GPU_to_HOST,302592,346869.37941333244,346903.85621333244
20,fixed_manifest,89,2,host_fpga_pcie,HOST_to_FPGA,302592,346903.85621333244,347028.14421333245
20,fixed_manifest,90,1,host_fpga_pcie,FPGA_to_HOST,302592,347360.8917333325,347485.1797333324
20,fixed_manifest,90,2,gpu_host,HOST_to_GPU,302592,347485.1797333324,347519.6565333324
20,fixed_manifest,99,1,gpu_host,GPU_to_HOST,302592,348351.61333333235,348386.09013333236
20,fixed_manifest,99,2,host_fpga_pcie,HOST_to_FPGA,302592,348386.09013333236,348510.37813333236
20,fixed_manifest,100,1,host_fpga_pcie,FPGA_to_HOST,302592,348843.1256533324,348967.41365333233
20,fixed_manifest,100,2,gpu_host,HOST_to_GPU,302592,348967.41365333233,349001.89045333234
20,fixed_manifest,109,1,gpu_host,GPU_to_HOST,302592,349833.84725333226,349868.32405333227
20,fixed_manifest,109,2,host_fpga_pcie,HOST_to_FPGA,302592,349868.32405333227,349992.61205333227
20,fixed_manifest,110,1,host_fpga_pcie,FPGA_to_HOST,302592,350325.3595733323,350449.64757333224
20,fixed_manifest,110,2,gpu_host,HOST_to_GPU,302592,350449.64757333224,350484.12437333225
21,fixed_manifest,9,1,gpu_host,GPU_to_HOST,302592,351622.69951999985,351657.17631999985
21,fixed_manifest,9,2,host_fpga_pcie,HOST_to_FPGA,302592,351657.17631999985,351781.46431999985
20,fixed_manifest,119,1,gpu_host,GPU_to_HOST,302592,351815.4204799998,351849.8972799998
20,fixed_manifest,119,2,host_fpga_pcie,HOST_to_FPGA,302592,351849.8972799998,351974.1852799998
21,fixed_manifest,10,1,host_fpga_pcie,FPGA_to_HOST,302592,352114.2118399998,352238.49983999983
21,fixed_manifest,10,2,gpu_host,HOST_to_GPU,302592,352238.49983999983,352272.97663999983
20,fixed_manifest,120,1,host_fpga_pcie,FPGA_to_HOST,302592,352446.95935999986,352571.24735999986
20,fixed_manifest,120,2,gpu_host,HOST_to_GPU,302592,352571.24735999986,352605.72415999987
21,fixed_manifest,19,1,gpu_host,GPU_to_HOST,302592,353160.4086399997,353194.8854399997
21,fixed_manifest,19,2,host_fpga_pcie,HOST_to_FPGA,302592,353194.8854399997,353319.1734399997
21,fixed_manifest,20,1,host_fpga_pcie,FPGA_to_HOST,302592,353651.9209599997,353776.20895999967
21,fixed_manifest,20,2,gpu_host,HOST_to_GPU,302592,353776.20895999967,353810.6857599997
21,fixed_manifest,29,1,gpu_host,GPU_to_HOST,302592,354642.6425599996,354677.1193599996
21,fixed_manifest,29,2,host_fpga_pcie,HOST_to_FPGA,302592,354677.1193599996,354801.4073599996
21,fixed_manifest,30,1,host_fpga_pcie,FPGA_to_HOST,302592,355134.1548799996,355258.4428799996
21,fixed_manifest,30,2,gpu_host,HOST_to_GPU,302592,355258.4428799996,355292.9196799996
21,fixed_manifest,39,1,gpu_host,GPU_to_HOST,302592,356124.8764799995,356159.3532799995
21,fixed_manifest,39,2,host_fpga_pcie,HOST_to_FPGA,302592,356159.3532799995,356283.6412799995
21,fixed_manifest,40,1,host_fpga_pcie,FPGA_to_HOST,302592,356616.3887999995,356740.6767999995
21,fixed_manifest,40,2,gpu_host,HOST_to_GPU,302592,356740.6767999995,356775.1535999995
21,fixed_manifest,49,1,gpu_host,GPU_to_HOST,302592,357607.1103999994,357641.5871999994
21,fixed_manifest,49,2,host_fpga_pcie,HOST_to_FPGA,302592,357641.5871999994,357765.8751999994
21,fixed_manifest,50,1,host_fpga_pcie,FPGA_to_HOST,302592,358098.6227199994,358222.9107199994
21,fixed_manifest,50,2,gpu_host,HOST_to_GPU,302592,358222.9107199994,358257.3875199994
21,fixed_manifest,59,1,gpu_host,GPU_to_HOST,302592,359089.34431999933,359123.82111999934
21,fixed_manifest,59,2,host_fpga_pcie,HOST_to_FPGA,302592,359123.82111999934,359248.10911999934
21,fixed_manifest,60,1,host_fpga_pcie,FPGA_to_HOST,302592,359580.8566399993,359705.1446399993
21,fixed_manifest,60,2,gpu_host,HOST_to_GPU,302592,359705.1446399993,359739.6214399993
21,fixed_manifest,69,1,gpu_host,GPU_to_HOST,302592,360571.57823999925,360606.05503999925
21,fixed_manifest,69,2,host_fpga_pcie,HOST_to_FPGA,302592,360606.05503999925,360730.34303999925
21,fixed_manifest,70,1,host_fpga_pcie,FPGA_to_HOST,302592,361063.0905599992,361187.3785599992
21,fixed_manifest,70,2,gpu_host,HOST_to_GPU,302592,361187.3785599992,361221.85535999923
21,fixed_manifest,79,1,gpu_host,GPU_to_HOST,302592,362053.81215999916,362088.28895999916
21,fixed_manifest,79,2,host_fpga_pcie,HOST_to_FPGA,302592,362088.28895999916,362212.57695999916
21,fixed_manifest,80,1,host_fpga_pcie,FPGA_to_HOST,302592,362545.32447999914,362669.61247999914
21,fixed_manifest,80,2,gpu_host,HOST_to_GPU,302592,362669.61247999914,362704.08927999914
21,fixed_manifest,89,1,gpu_host,GPU_to_HOST,302592,363536.04607999907,363570.5228799991
21,fixed_manifest,89,2,host_fpga_pcie,HOST_to_FPGA,302592,363570.5228799991,363694.8108799991
21,fixed_manifest,90,1,host_fpga_pcie,FPGA_to_HOST,302592,364027.55839999905,364151.84639999905
21,fixed_manifest,90,2,gpu_host,HOST_to_GPU,302592,364151.84639999905,364186.32319999905
21,fixed_manifest,99,1,gpu_host,GPU_to_HOST,302592,365018.279999999,365052.756799999
21,fixed_manifest,99,2,host_fpga_pcie,HOST_to_FPGA,302592,365052.756799999,365177.044799999
21,fixed_manifest,100,1,host_fpga_pcie,FPGA_to_HOST,302592,365509.79231999896,365634.08031999896
21,fixed_manifest,100,2,gpu_host,HOST_to_GPU,302592,365634.08031999896,365668.55711999896
21,fixed_manifest,109,1,gpu_host,GPU_to_HOST,302592,366500.5139199989,366534.9907199989
21,fixed_manifest,109,2,host_fpga_pcie,HOST_to_FPGA,302592,366534.9907199989,366659.2787199989
21,fixed_manifest,110,1,host_fpga_pcie,FPGA_to_HOST,302592,366992.0262399989,367116.3142399989
21,fixed_manifest,110,2,gpu_host,HOST_to_GPU,302592,367116.3142399989,367150.7910399989
22,fixed_manifest,9,1,gpu_host,GPU_to_HOST,302592,368289.3661866666,368323.8429866666
22,fixed_manifest,9,2,host_fpga_pcie,HOST_to_FPGA,302592,368323.8429866666,368448.13098666654
21,fixed_manifest,119,1,gpu_host,GPU_to_HOST,302592,368482.08714666654,368516.56394666655
21,fixed_manifest,119,2,host_fpga_pcie,HOST_to_FPGA,302592,368516.56394666655,368640.8519466665
22,fixed_manifest,10,1,host_fpga_pcie,FPGA_to_HOST,302592,368780.8785066666,368905.1665066666
22,fixed_manifest,10,2,gpu_host,HOST_to_GPU,302592,368905.1665066666,368939.6433066666
21,fixed_manifest,120,1,host_fpga_pcie,FPGA_to_HOST,302592,369113.6260266666,369237.91402666655
21,fixed_manifest,120,2,gpu_host,HOST_to_GPU,302592,369237.91402666655,369272.39082666655
22,fixed_manifest,19,1,gpu_host,GPU_to_HOST,302592,369827.07530666643,369861.55210666644
22,fixed_manifest,19,2,host_fpga_pcie,HOST_to_FPGA,302592,369861.55210666644,369985.8401066664
22,fixed_manifest,20,1,host_fpga_pcie,FPGA_to_HOST,302592,370318.5876266664,370442.8756266664
22,fixed_manifest,20,2,gpu_host,HOST_to_GPU,302592,370442.8756266664,370477.3524266664
22,fixed_manifest,29,1,gpu_host,GPU_to_HOST,302592,371309.30922666634,371343.78602666635
22,fixed_manifest,29,2,host_fpga_pcie,HOST_to_FPGA,302592,371343.78602666635,371468.0740266663
22,fixed_manifest,30,1,host_fpga_pcie,FPGA_to_HOST,302592,371800.8215466663,371925.1095466663
22,fixed_manifest,30,2,gpu_host,HOST_to_GPU,302592,371925.1095466663,371959.5863466663
22,fixed_manifest,39,1,gpu_host,GPU_to_HOST,302592,372791.54314666626,372826.01994666626
22,fixed_manifest,39,2,host_fpga_pcie,HOST_to_FPGA,302592,372826.01994666626,372950.3079466662
22,fixed_manifest,40,1,host_fpga_pcie,FPGA_to_HOST,302592,373283.05546666624,373407.34346666624
22,fixed_manifest,40,2,gpu_host,HOST_to_GPU,302592,373407.34346666624,373441.82026666624
22,fixed_manifest,49,1,gpu_host,GPU_to_HOST,302592,374273.77706666617,374308.2538666662
22,fixed_manifest,49,2,host_fpga_pcie,HOST_to_FPGA,302592,374308.2538666662,374432.5418666661
22,fixed_manifest,50,1,host_fpga_pcie,FPGA_to_HOST,302592,374765.28938666615,374889.5773866661
22,fixed_manifest,50,2,gpu_host,HOST_to_GPU,302592,374889.5773866661,374924.05418666615
22,fixed_manifest,59,1,gpu_host,GPU_to_HOST,302592,375756.0109866661,375790.4877866661
22,fixed_manifest,59,2,host_fpga_pcie,HOST_to_FPGA,302592,375790.4877866661,375914.775786666
22,fixed_manifest,60,1,host_fpga_pcie,FPGA_to_HOST,302592,376247.52330666606,376371.811306666
22,fixed_manifest,60,2,gpu_host,HOST_to_GPU,302592,376371.811306666,376406.28810666606
22,fixed_manifest,69,1,gpu_host,GPU_to_HOST,302592,377238.244906666,377272.721706666
22,fixed_manifest,69,2,host_fpga_pcie,HOST_to_FPGA,302592,377272.721706666,377397.00970666594
22,fixed_manifest,70,1,host_fpga_pcie,FPGA_to_HOST,302592,377729.75722666597,377854.0452266659
22,fixed_manifest,70,2,gpu_host,HOST_to_GPU,302592,377854.0452266659,377888.522026666
22,fixed_manifest,79,1,gpu_host,GPU_to_HOST,302592,378720.4788266659,378754.9556266659
22,fixed_manifest,79,2,host_fpga_pcie,HOST_to_FPGA,302592,378754.9556266659,378879.24362666585
22,fixed_manifest,80,1,host_fpga_pcie,FPGA_to_HOST,302592,379211.9911466659,379336.2791466658
22,fixed_manifest,80,2,gpu_host,HOST_to_GPU,302592,379336.2791466658,379370.7559466659
22,fixed_manifest,89,1,gpu_host,GPU_to_HOST,302592,380202.71274666575,380237.1895466658
22,fixed_manifest,89,2,host_fpga_pcie,HOST_to_FPGA,302592,380237.1895466658,380361.47754666576
22,fixed_manifest,90,1,host_fpga_pcie,FPGA_to_HOST,302592,380694.2250666658,380818.51306666574
22,fixed_manifest,90,2,gpu_host,HOST_to_GPU,302592,380818.51306666574,380852.9898666658
22,fixed_manifest,99,1,gpu_host,GPU_to_HOST,302592,381684.94666666567,381719.4234666657
22,fixed_manifest,99,2,host_fpga_pcie,HOST_to_FPGA,302592,381719.4234666657,381843.71146666567
22,fixed_manifest,100,1,host_fpga_pcie,FPGA_to_HOST,302592,382176.4589866657,382300.74698666565
22,fixed_manifest,100,2,gpu_host,HOST_to_GPU,302592,382300.74698666565,382335.22378666565
22,fixed_manifest,109,1,gpu_host,GPU_to_HOST,302592,383167.1805866656,383201.65738666564
22,fixed_manifest,109,2,host_fpga_pcie,HOST_to_FPGA,302592,383201.65738666564,383325.9453866656
22,fixed_manifest,110,1,host_fpga_pcie,FPGA_to_HOST,302592,383658.6929066656,383782.98090666556
22,fixed_manifest,110,2,gpu_host,HOST_to_GPU,302592,383782.98090666556,383817.45770666556
23,fixed_manifest,9,1,gpu_host,GPU_to_HOST,302592,384956.0328533332,384990.5096533333
23,fixed_manifest,9,2,host_fpga_pcie,HOST_to_FPGA,302592,384990.5096533333,385114.7976533332
22,fixed_manifest,119,1,gpu_host,GPU_to_HOST,302592,385148.75381333317,385183.23061333323
22,fixed_manifest,119,2,host_fpga_pcie,HOST_to_FPGA,302592,385183.23061333323,385307.5186133332
23,fixed_manifest,10,1,host_fpga_pcie,FPGA_to_HOST,302592,385447.54517333326,385571.8331733332
23,fixed_manifest,10,2,gpu_host,HOST_to_GPU,302592,385571.8331733332,385606.3099733332
22,fixed_manifest,120,1,host_fpga_pcie,FPGA_to_HOST,302592,385780.29269333323,385904.58069333324
22,fixed_manifest,120,2,gpu_host,HOST_to_GPU,302592,385904.58069333324,385939.05749333324
23,fixed_manifest,19,1,gpu_host,GPU_to_HOST,302592,386493.74197333306,386528.2187733331
23,fixed_manifest,19,2,host_fpga_pcie,HOST_to_FPGA,302592,386528.2187733331,386652.50677333307
23,fixed_manifest,20,1,host_fpga_pcie,FPGA_to_HOST,302592,386985.2542933331,387109.54229333304
23,fixed_manifest,20,2,gpu_host,HOST_to_GPU,302592,387109.54229333304,387144.01909333305
23,fixed_manifest,29,1,gpu_host,GPU_to_HOST,302592,387975.975893333,388010.45269333303
23,fixed_manifest,29,2,host_fpga_pcie,HOST_to_FPGA,302592,388010.45269333303,388134.740693333
23,fixed_manifest,30,1,host_fpga_pcie,FPGA_to_HOST,302592,388467.488213333,388591.77621333295
23,fixed_manifest,30,2,gpu_host,HOST_to_GPU,302592,388591.77621333295,388626.25301333296
23,fixed_manifest,39,1,gpu_host,GPU_to_HOST,302592,389458.2098133329,389492.68661333295
23,fixed_manifest,39,2,host_fpga_pcie,HOST_to_FPGA,302592,389492.68661333295,389616.9746133329
23,fixed_manifest,40,1,host_fpga_pcie,FPGA_to_HOST,302592,389949.7221333329,390074.01013333286
23,fixed_manifest,40,2,gpu_host,HOST_to_GPU,302592,390074.01013333286,390108.48693333287
23,fixed_manifest,49,1,gpu_host,GPU_to_HOST,302592,390940.4437333328,390974.9205333328
23,fixed_manifest,49,2,host_fpga_pcie,HOST_to_FPGA,302592,390974.9205333328,391099.2085333328
23,fixed_manifest,50,1,host_fpga_pcie,FPGA_to_HOST,302592,391431.95605333283,391556.2440533328
23,fixed_manifest,50,2,gpu_host,HOST_to_GPU,302592,391556.2440533328,391590.7208533328
23,fixed_manifest,59,1,gpu_host,GPU_to_HOST,302592,392422.6776533327,392457.1544533327
23,fixed_manifest,59,2,host_fpga_pcie,HOST_to_FPGA,302592,392457.1544533327,392581.4424533327
23,fixed_manifest,60,1,host_fpga_pcie,FPGA_to_HOST,302592,392914.18997333274,393038.4779733327
23,fixed_manifest,60,2,gpu_host,HOST_to_GPU,302592,393038.4779733327,393072.9547733327
23,fixed_manifest,69,1,gpu_host,GPU_to_HOST,302592,393904.9115733326,393939.3883733326
23,fixed_manifest,69,2,host_fpga_pcie,HOST_to_FPGA,302592,393939.3883733326,394063.6763733326
23,fixed_manifest,70,1,host_fpga_pcie,FPGA_to_HOST,302592,394396.4238933326,394520.7118933326
23,fixed_manifest,70,2,gpu_host,HOST_to_GPU,302592,394520.7118933326,394555.1886933326
23,fixed_manifest,79,1,gpu_host,GPU_to_HOST,302592,395387.14549333253,395421.62229333253
23,fixed_manifest,79,2,host_fpga_pcie,HOST_to_FPGA,302592,395421.62229333253,395545.91029333253
23,fixed_manifest,80,1,host_fpga_pcie,FPGA_to_HOST,302592,395878.6578133325,396002.9458133325
23,fixed_manifest,80,2,gpu_host,HOST_to_GPU,302592,396002.9458133325,396037.4226133325
23,fixed_manifest,89,1,gpu_host,GPU_to_HOST,302592,396869.37941333244,396903.85621333244
23,fixed_manifest,89,2,host_fpga_pcie,HOST_to_FPGA,302592,396903.85621333244,397028.14421333245
23,fixed_manifest,90,1,host_fpga_pcie,FPGA_to_HOST,302592,397360.8917333324,397485.1797333324
23,fixed_manifest,90,2,gpu_host,HOST_to_GPU,302592,397485.1797333324,397519.6565333324
23,fixed_manifest,99,1,gpu_host,GPU_to_HOST,302592,398351.61333333235,398386.09013333236
23,fixed_manifest,99,2,host_fpga_pcie,HOST_to_FPGA,302592,398386.09013333236,398510.37813333236
23,fixed_manifest,100,1,host_fpga_pcie,FPGA_to_HOST,302592,398843.12565333233,398967.41365333233
23,fixed_manifest,100,2,gpu_host,HOST_to_GPU,302592,398967.41365333233,399001.89045333234
23,fixed_manifest,109,1,gpu_host,GPU_to_HOST,302592,399833.84725333226,399868.32405333227
23,fixed_manifest,109,2,host_fpga_pcie,HOST_to_FPGA,302592,399868.32405333227,399992.61205333227
23,fixed_manifest,110,1,host_fpga_pcie,FPGA_to_HOST,302592,400325.35957333224,400449.64757333224
23,fixed_manifest,110,2,gpu_host,HOST_to_GPU,302592,400449.64757333224,400484.12437333225
24,fixed_manifest,9,1,gpu_host,GPU_to_HOST,302592,401622.6995199999,401657.1763199999
24,fixed_manifest,9,2,host_fpga_pcie,HOST_to_FPGA,302592,401657.1763199999,401781.4643199999
23,fixed_manifest,119,1,gpu_host,GPU_to_HOST,302592,401815.42047999986,401849.89727999986
23,fixed_manifest,119,2,host_fpga_pcie,HOST_to_FPGA,302592,401849.89727999986,401974.18527999986
24,fixed_manifest,10,1,host_fpga_pcie,FPGA_to_HOST,302592,402114.2118399999,402238.4998399999
24,fixed_manifest,10,2,gpu_host,HOST_to_GPU,302592,402238.4998399999,402272.9766399999
23,fixed_manifest,120,1,host_fpga_pcie,FPGA_to_HOST,302592,402446.9593599999,402571.24735999986
23,fixed_manifest,120,2,gpu_host,HOST_to_GPU,302592,402571.24735999986,402605.7241599999
24,fixed_manifest,19,1,gpu_host,GPU_to_HOST,302592,403160.40863999975,403194.88543999975
24,fixed_manifest,19,2,host_fpga_pcie,HOST_to_FPGA,302592,403194.88543999975,403319.17343999975
24,fixed_manifest,20,1,host_fpga_pcie,FPGA_to_HOST,302592,403651.9209599997,403776.2089599997
24,fixed_manifest,20,2,gpu_host,HOST_to_GPU,302592,403776.2089599997,403810.68575999973
24,fixed_manifest,29,1,gpu_host,GPU_to_HOST,302592,404642.64255999966,404677.11935999966
24,fixed_manifest,29,2,host_fpga_pcie,HOST_to_FPGA,302592,404677.11935999966,404801.40735999966
24,fixed_manifest,30,1,host_fpga_pcie,FPGA_to_HOST,302592,405134.15487999964,405258.44287999964
24,fixed_manifest,30,2,gpu_host,HOST_to_GPU,302592,405258.44287999964,405292.91967999964
24,fixed_manifest,39,1,gpu_host,GPU_to_HOST,302592,406124.87647999957,406159.3532799996
24,fixed_manifest,39,2,host_fpga_pcie,HOST_to_FPGA,302592,406159.3532799996,406283.6412799996
24,fixed_manifest,40,1,host_fpga_pcie,FPGA_to_HOST,302592,406616.38879999955,406740.67679999955
24,fixed_manifest,40,2,gpu_host,HOST_to_GPU,302592,406740.67679999955,406775.15359999955
24,fixed_manifest,49,1,gpu_host,GPU_to_HOST,302592,407607.1103999995,407641.5871999995
24,fixed_manifest,49,2,host_fpga_pcie,HOST_to_FPGA,302592,407641.5871999995,407765.8751999995
24,fixed_manifest,50,1,host_fpga_pcie,FPGA_to_HOST,302592,408098.62271999946,408222.91071999946
24,fixed_manifest,50,2,gpu_host,HOST_to_GPU,302592,408222.91071999946,408257.38751999947
24,fixed_manifest,59,1,gpu_host,GPU_to_HOST,302592,409089.3443199994,409123.8211199994
24,fixed_manifest,59,2,host_fpga_pcie,HOST_to_FPGA,302592,409123.8211199994,409248.1091199994
24,fixed_manifest,60,1,host_fpga_pcie,FPGA_to_HOST,302592,409580.8566399994,409705.1446399994
24,fixed_manifest,60,2,gpu_host,HOST_to_GPU,302592,409705.1446399994,409739.6214399994
24,fixed_manifest,69,1,gpu_host,GPU_to_HOST,302592,410571.5782399993,410606.0550399993
24,fixed_manifest,69,2,host_fpga_pcie,HOST_to_FPGA,302592,410606.0550399993,410730.34303999925
24,fixed_manifest,70,1,host_fpga_pcie,FPGA_to_HOST,302592,411063.0905599993,411187.3785599993
24,fixed_manifest,70,2,gpu_host,HOST_to_GPU,302592,411187.3785599993,411221.8553599993
24,fixed_manifest,79,1,gpu_host,GPU_to_HOST,302592,412053.8121599992,412088.2889599992
24,fixed_manifest,79,2,host_fpga_pcie,HOST_to_FPGA,302592,412088.2889599992,412212.57695999916
24,fixed_manifest,80,1,host_fpga_pcie,FPGA_to_HOST,302592,412545.3244799992,412669.6124799992
24,fixed_manifest,80,2,gpu_host,HOST_to_GPU,302592,412669.6124799992,412704.0892799992
24,fixed_manifest,89,1,gpu_host,GPU_to_HOST,302592,413536.0460799991,413570.52287999913
24,fixed_manifest,89,2,host_fpga_pcie,HOST_to_FPGA,302592,413570.52287999913,413694.8108799991
24,fixed_manifest,90,1,host_fpga_pcie,FPGA_to_HOST,302592,414027.5583999991,414151.8463999991
24,fixed_manifest,90,2,gpu_host,HOST_to_GPU,302592,414151.8463999991,414186.3231999991
24,fixed_manifest,99,1,gpu_host,GPU_to_HOST,302592,415018.27999999904,415052.75679999904
24,fixed_manifest,99,2,host_fpga_pcie,HOST_to_FPGA,302592,415052.75679999904,415177.044799999
24,fixed_manifest,100,1,host_fpga_pcie,FPGA_to_HOST,302592,415509.792319999,415634.08031999896
24,fixed_manifest,100,2,gpu_host,HOST_to_GPU,302592,415634.08031999896,415668.557119999
24,fixed_manifest,109,1,gpu_host,GPU_to_HOST,302592,416500.51391999895,416534.99071999895
24,fixed_manifest,109,2,host_fpga_pcie,HOST_to_FPGA,302592,416534.99071999895,416659.2787199989
24,fixed_manifest,110,1,host_fpga_pcie,FPGA_to_HOST,302592,416992.02623999893,417116.3142399989
24,fixed_manifest,110,2,gpu_host,HOST_to_GPU,302592,417116.3142399989,417150.79103999893
25,fixed_manifest,9,1,gpu_host,GPU_to_HOST,302592,418289.3661866666,418323.8429866666
25,fixed_manifest,9,2,host_fpga_pcie,HOST_to_FPGA,302592,418323.8429866666,418448.13098666654
24,fixed_manifest,119,1,gpu_host,GPU_to_HOST,302592,418482.08714666654,418516.56394666655
24,fixed_manifest,119,2,host_fpga_pcie,HOST_to_FPGA,302592,418516.56394666655,418640.8519466665
25,fixed_manifest,10,1,host_fpga_pcie,FPGA_to_HOST,302592,418780.8785066666,418905.1665066665
25,fixed_manifest,10,2,gpu_host,HOST_to_GPU,302592,418905.1665066665,418939.6433066666
24,fixed_manifest,120,1,host_fpga_pcie,FPGA_to_HOST,302592,419113.62602666655,419237.91402666655
24,fixed_manifest,120,2,gpu_host,HOST_to_GPU,302592,419237.91402666655,419272.39082666655
25,fixed_manifest,19,1,gpu_host,GPU_to_HOST,302592,419827.07530666643,419861.55210666644
25,fixed_manifest,19,2,host_fpga_pcie,HOST_to_FPGA,302592,419861.55210666644,419985.8401066664
25,fixed_manifest,20,1,host_fpga_pcie,FPGA_to_HOST,302592,420318.5876266664,420442.87562666635
25,fixed_manifest,20,2,gpu_host,HOST_to_GPU,302592,420442.87562666635,420477.3524266664
25,fixed_manifest,29,1,gpu_host,GPU_to_HOST,302592,421309.30922666634,421343.78602666635
25,fixed_manifest,29,2,host_fpga_pcie,HOST_to_FPGA,302592,421343.78602666635,421468.0740266663
25,fixed_manifest,30,1,host_fpga_pcie,FPGA_to_HOST,302592,421800.8215466663,421925.10954666627
25,fixed_manifest,30,2,gpu_host,HOST_to_GPU,302592,421925.10954666627,421959.5863466663
25,fixed_manifest,39,1,gpu_host,GPU_to_HOST,302592,422791.5431466662,422826.01994666626
25,fixed_manifest,39,2,host_fpga_pcie,HOST_to_FPGA,302592,422826.01994666626,422950.3079466662
25,fixed_manifest,40,1,host_fpga_pcie,FPGA_to_HOST,302592,423283.05546666624,423407.3434666662
25,fixed_manifest,40,2,gpu_host,HOST_to_GPU,302592,423407.3434666662,423441.82026666624
25,fixed_manifest,49,1,gpu_host,GPU_to_HOST,302592,424273.7770666661,424308.2538666662
25,fixed_manifest,49,2,host_fpga_pcie,HOST_to_FPGA,302592,424308.2538666662,424432.5418666661
25,fixed_manifest,50,1,host_fpga_pcie,FPGA_to_HOST,302592,424765.28938666615,424889.5773866661
25,fixed_manifest,50,2,gpu_host,HOST_to_GPU,302592,424889.5773866661,424924.05418666615
25,fixed_manifest,59,1,gpu_host,GPU_to_HOST,302592,425756.010986666,425790.4877866661
25,fixed_manifest,59,2,host_fpga_pcie,HOST_to_FPGA,302592,425790.4877866661,425914.775786666
25,fixed_manifest,60,1,host_fpga_pcie,FPGA_to_HOST,302592,426247.52330666606,426371.811306666
25,fixed_manifest,60,2,gpu_host,HOST_to_GPU,302592,426371.811306666,426406.288106666
25,fixed_manifest,69,1,gpu_host,GPU_to_HOST,302592,427238.24490666593,427272.721706666
25,fixed_manifest,69,2,host_fpga_pcie,HOST_to_FPGA,302592,427272.721706666,427397.00970666594
25,fixed_manifest,70,1,host_fpga_pcie,FPGA_to_HOST,302592,427729.75722666597,427854.0452266659
25,fixed_manifest,70,2,gpu_host,HOST_to_GPU,302592,427854.0452266659,427888.5220266659
25,fixed_manifest,79,1,gpu_host,GPU_to_HOST,302592,428720.47882666584,428754.9556266659
25,fixed_manifest,79,2,host_fpga_pcie,HOST_to_FPGA,302592,428754.9556266659,428879.24362666585
25,fixed_manifest,80,1,host_fpga_pcie,FPGA_to_HOST,302592,429211.9911466659,429336.2791466658
25,fixed_manifest,80,2,gpu_host,HOST_to_GPU,302592,429336.2791466658,429370.7559466658
25,fixed_manifest,89,1,gpu_host,GPU_to_HOST,302592,430202.71274666575,430237.1895466658
25,fixed_manifest,89,2,host_fpga_pcie,HOST_to_FPGA,302592,430237.1895466658,430361.47754666576
25,fixed_manifest,90,1,host_fpga_pcie,FPGA_to_HOST,302592,430694.2250666658,430818.51306666574
25,fixed_manifest,90,2,gpu_host,HOST_to_GPU,302592,430818.51306666574,430852.98986666574
25,fixed_manifest,99,1,gpu_host,GPU_to_HOST,302592,431684.94666666567,431719.42346666567
25,fixed_manifest,99,2,host_fpga_pcie,HOST_to_FPGA,302592,431719.42346666567,431843.71146666567
25,fixed_manifest,100,1,host_fpga_pcie,FPGA_to_HOST,302592,432176.4589866657,432300.74698666565
25,fixed_manifest,100,2,gpu_host,HOST_to_GPU,302592,432300.74698666565,432335.22378666565
25,fixed_manifest,109,1,gpu_host,GPU_to_HOST,302592,433167.1805866656,433201.6573866656
25,fixed_manifest,109,2,host_fpga_pcie,HOST_to_FPGA,302592,433201.6573866656,433325.9453866656
25,fixed_manifest,110,1,host_fpga_pcie,FPGA_to_HOST,302592,433658.6929066656,433782.98090666556
25,fixed_manifest,110,2,gpu_host,HOST_to_GPU,302592,433782.98090666556,433817.45770666556
26,fixed_manifest,9,1,gpu_host,GPU_to_HOST,302592,434956.0328533332,434990.5096533332
26,fixed_manifest,9,2,host_fpga_pcie,HOST_to_FPGA,302592,434990.5096533332,435114.7976533332
25,fixed_manifest,119,1,gpu_host,GPU_to_HOST,302592,435148.75381333317,435183.2306133332
25,fixed_manifest,119,2,host_fpga_pcie,HOST_to_FPGA,302592,435183.2306133332,435307.5186133332
26,fixed_manifest,10,1,host_fpga_pcie,FPGA_to_HOST,302592,435447.5451733332,435571.8331733332
26,fixed_manifest,10,2,gpu_host,HOST_to_GPU,302592,435571.8331733332,435606.3099733332
25,fixed_manifest,120,1,host_fpga_pcie,FPGA_to_HOST,302592,435780.29269333323,435904.58069333324
25,fixed_manifest,120,2,gpu_host,HOST_to_GPU,302592,435904.58069333324,435939.05749333324
26,fixed_manifest,19,1,gpu_host,GPU_to_HOST,302592,436493.74197333306,436528.21877333306
26,fixed_manifest,19,2,host_fpga_pcie,HOST_to_FPGA,302592,436528.21877333306,436652.50677333307
26,fixed_manifest,20,1,host_fpga_pcie,FPGA_to_HOST,302592,436985.2542933331,437109.54229333304
26,fixed_manifest,20,2,gpu_host,HOST_to_GPU,302592,437109.54229333304,437144.01909333305
26,fixed_manifest,29,1,gpu_host,GPU_to_HOST,302592,437975.975893333,438010.452693333
26,fixed_manifest,29,2,host_fpga_pcie,HOST_to_FPGA,302592,438010.452693333,438134.740693333
26,fixed_manifest,30,1,host_fpga_pcie,FPGA_to_HOST,302592,438467.48821333295,438591.77621333295
26,fixed_manifest,30,2,gpu_host,HOST_to_GPU,302592,438591.77621333295,438626.25301333296
26,fixed_manifest,39,1,gpu_host,GPU_to_HOST,302592,439458.2098133329,439492.6866133329
26,fixed_manifest,39,2,host_fpga_pcie,HOST_to_FPGA,302592,439492.6866133329,439616.9746133329
26,fixed_manifest,40,1,host_fpga_pcie,FPGA_to_HOST,302592,439949.72213333286,440074.01013333286
26,fixed_manifest,40,2,gpu_host,HOST_to_GPU,302592,440074.01013333286,440108.48693333287
26,fixed_manifest,49,1,gpu_host,GPU_to_HOST,302592,440940.4437333328,440974.9205333328
26,fixed_manifest,49,2,host_fpga_pcie,HOST_to_FPGA,302592,440974.9205333328,441099.2085333328
26,fixed_manifest,50,1,host_fpga_pcie,FPGA_to_HOST,302592,441431.9560533328,441556.2440533328
26,fixed_manifest,50,2,gpu_host,HOST_to_GPU,302592,441556.2440533328,441590.7208533328
26,fixed_manifest,59,1,gpu_host,GPU_to_HOST,302592,442422.6776533327,442457.1544533327
26,fixed_manifest,59,2,host_fpga_pcie,HOST_to_FPGA,302592,442457.1544533327,442581.4424533327
26,fixed_manifest,60,1,host_fpga_pcie,FPGA_to_HOST,302592,442914.1899733327,443038.4779733327
26,fixed_manifest,60,2,gpu_host,HOST_to_GPU,302592,443038.4779733327,443072.9547733327
26,fixed_manifest,69,1,gpu_host,GPU_to_HOST,302592,443904.9115733326,443939.3883733326
26,fixed_manifest,69,2,host_fpga_pcie,HOST_to_FPGA,302592,443939.3883733326,444063.6763733326
26,fixed_manifest,70,1,host_fpga_pcie,FPGA_to_HOST,302592,444396.4238933326,444520.7118933326
26,fixed_manifest,70,2,gpu_host,HOST_to_GPU,302592,444520.7118933326,444555.1886933326
26,fixed_manifest,79,1,gpu_host,GPU_to_HOST,302592,445387.14549333253,445421.62229333253
26,fixed_manifest,79,2,host_fpga_pcie,HOST_to_FPGA,302592,445421.62229333253,445545.91029333253
26,fixed_manifest,80,1,host_fpga_pcie,FPGA_to_HOST,302592,445878.6578133325,446002.9458133325
26,fixed_manifest,80,2,gpu_host,HOST_to_GPU,302592,446002.9458133325,446037.4226133325
26,fixed_manifest,89,1,gpu_host,GPU_to_HOST,302592,446869.37941333244,446903.85621333244
26,fixed_manifest,89,2,host_fpga_pcie,HOST_to_FPGA,302592,446903.85621333244,447028.14421333245
26,fixed_manifest,90,1,host_fpga_pcie,FPGA_to_HOST,302592,447360.8917333324,447485.1797333324
26,fixed_manifest,90,2,gpu_host,HOST_to_GPU,302592,447485.1797333324,447519.6565333324
26,fixed_manifest,99,1,gpu_host,GPU_to_HOST,302592,448351.61333333235,448386.09013333236
26,fixed_manifest,99,2,host_fpga_pcie,HOST_to_FPGA,302592,448386.09013333236,448510.37813333236
26,fixed_manifest,100,1,host_fpga_pcie,FPGA_to_HOST,302592,448843.12565333233,448967.41365333233
26,fixed_manifest,100,2,gpu_host,HOST_to_GPU,302592,448967.41365333233,449001.89045333234
26,fixed_manifest,109,1,gpu_host,GPU_to_HOST,302592,449833.84725333226,449868.32405333227
26,fixed_manifest,109,2,host_fpga_pcie,HOST_to_FPGA,302592,449868.32405333227,449992.61205333227
26,fixed_manifest,110,1,host_fpga_pcie,FPGA_to_HOST,302592,450325.35957333224,450449.64757333224
26,fixed_manifest,110,2,gpu_host,HOST_to_GPU,302592,450449.64757333224,450484.12437333225
27,fixed_manifest,9,1,gpu_host,GPU_to_HOST,302592,451622.69951999997,451657.17631999997
27,fixed_manifest,9,2,host_fpga_pcie,HOST_to_FPGA,302592,451657.17631999997,451781.4643199999
26,fixed_manifest,119,1,gpu_host,GPU_to_HOST,302592,451815.4204799999,451849.8972799999
26,fixed_manifest,119,2,host_fpga_pcie,HOST_to_FPGA,302592,451849.8972799999,451974.18527999986
27,fixed_manifest,10,1,host_fpga_pcie,FPGA_to_HOST,302592,452114.21183999995,452238.49983999995
27,fixed_manifest,10,2,gpu_host,HOST_to_GPU,302592,452238.49983999995,452272.97663999995
26,fixed_manifest,120,1,host_fpga_pcie,FPGA_to_HOST,302592,452446.95936,452571.2473599999
26,fixed_manifest,120,2,gpu_host,HOST_to_GPU,302592,452571.2473599999,452605.7241599999
27,fixed_manifest,19,1,gpu_host,GPU_to_HOST,302592,453160.4086399998,453194.8854399998
27,fixed_manifest,19,2,host_fpga_pcie,HOST_to_FPGA,302592,453194.8854399998,453319.17343999975
27,fixed_manifest,20,1,host_fpga_pcie,FPGA_to_HOST,302592,453651.9209599998,453776.2089599998
27,fixed_manifest,20,2,gpu_host,HOST_to_GPU,302592,453776.2089599998,453810.6857599998
27,fixed_manifest,29,1,gpu_host,GPU_to_HOST,302592,454642.6425599997,454677.1193599997
27,fixed_manifest,29,2,host_fpga_pcie,HOST_to_FPGA,302592,454677.1193599997,454801.40735999966
27,fixed_manifest,30,1,host_fpga_pcie,FPGA_to_HOST,302592,455134.1548799997,455258.4428799997
27,fixed_manifest,30,2,gpu_host,HOST_to_GPU,302592,455258.4428799997,455292.9196799997
27,fixed_manifest,39,1,gpu_host,GPU_to_HOST,302592,456124.8764799996,456159.35327999963
27,fixed_manifest,39,2,host_fpga_pcie,HOST_to_FPGA,302592,456159.35327999963,456283.6412799996
27,fixed_manifest,40,1,host_fpga_pcie,FPGA_to_HOST,302592,456616.3887999996,456740.67679999955
27,fixed_manifest,40,2,gpu_host,HOST_to_GPU,302592,456740.67679999955,456775.1535999996
27,fixed_manifest,49,1,gpu_host,GPU_to_HOST,302592,457607.11039999954,457641.58719999954
27,fixed_manifest,49,2,host_fpga_pcie,HOST_to_FPGA,302592,457641.58719999954,457765.8751999995
27,fixed_manifest,50,1,host_fpga_pcie,FPGA_to_HOST,302592,458098.6227199995,458222.91071999946
27,fixed_manifest,50,2,gpu_host,HOST_to_GPU,302592,458222.91071999946,458257.3875199995
27,fixed_manifest,59,1,gpu_host,GPU_to_HOST,302592,459089.34431999945,459123.82111999945
27,fixed_manifest,59,2,host_fpga_pcie,HOST_to_FPGA,302592,459123.82111999945,459248.1091199994
27,fixed_manifest,60,1,host_fpga_pcie,FPGA_to_HOST,302592,459580.85663999943,459705.1446399994
27,fixed_manifest,60,2,gpu_host,HOST_to_GPU,302592,459705.1446399994,459739.62143999944
27,fixed_manifest,69,1,gpu_host,GPU_to_HOST,302592,460571.57823999936,460606.05503999937
27,fixed_manifest,69,2,host_fpga_pcie,HOST_to_FPGA,302592,460606.05503999937,460730.3430399993
27,fixed_manifest,70,1,host_fpga_pcie,FPGA_to_HOST,302592,461063.09055999934,461187.3785599993
27,fixed_manifest,70,2,gpu_host,HOST_to_GPU,302592,461187.3785599993,461221.85535999935
27,fixed_manifest,79,1,gpu_host,GPU_to_HOST,302592,462053.8121599992,462088.2889599993
27,fixed_manifest,79,2,host_fpga_pcie,HOST_to_FPGA,302592,462088.2889599993,462212.5769599992
27,fixed_manifest,80,1,host_fpga_pcie,FPGA_to_HOST,302592,462545.32447999925,462669.6124799992
27,fixed_manifest,80,2,gpu_host,HOST_to_GPU,302592,462669.6124799992,462704.08927999926
27,fixed_manifest,89,1,gpu_host,GPU_to_HOST,302592,463536.0460799991,463570.5228799992
27,fixed_manifest,89,2,host_fpga_pcie,HOST_to_FPGA,302592,463570.5228799992,463694.81087999913
27,fixed_manifest,90,1,host_fpga_pcie,FPGA_to_HOST,302592,464027.55839999916,464151.8463999991
27,fixed_manifest,90,2,gpu_host,HOST_to_GPU,302592,464151.8463999991,464186.3231999991
27,fixed_manifest,99,1,gpu_host,GPU_to_HOST,302592,465018.27999999904,465052.7567999991
27,fixed_manifest,99,2,host_fpga_pcie,HOST_to_FPGA,302592,465052.7567999991,465177.04479999904
27,fixed_manifest,100,1,host_fpga_pcie,FPGA_to_HOST,302592,465509.7923199991,465634.080319999
27,fixed_manifest,100,2,gpu_host,HOST_to_GPU,302592,465634.080319999,465668.557119999
27,fixed_manifest,109,1,gpu_host,GPU_to_HOST,302592,466500.51391999895,466534.990719999
27,fixed_manifest,109,2,host_fpga_pcie,HOST_to_FPGA,302592,466534.990719999,466659.27871999895
27,fixed_manifest,110,1,host_fpga_pcie,FPGA_to_HOST,302592,466992.026239999,467116.31423999893
27,fixed_manifest,110,2,gpu_host,HOST_to_GPU,302592,467116.31423999893,467150.79103999893
28,fixed_manifest,9,1,gpu_host,GPU_to_HOST,302592,468289.36618666654,468323.8429866666
28,fixed_manifest,9,2,host_fpga_pcie,HOST_to_FPGA,302592,468323.8429866666,468448.13098666654
27,fixed_manifest,119,1,gpu_host,GPU_to_HOST,302592,468482.0871466665,468516.56394666655
27,fixed_manifest,119,2,host_fpga_pcie,HOST_to_FPGA,302592,468516.56394666655,468640.8519466665
28,fixed_manifest,10,1,host_fpga_pcie,FPGA_to_HOST,302592,468780.8785066666,468905.1665066665
28,fixed_manifest,10,2,gpu_host,HOST_to_GPU,302592,468905.1665066665,468939.6433066665
27,fixed_manifest,120,1,host_fpga_pcie,FPGA_to_HOST,302592,469113.62602666655,469237.91402666655
27,fixed_manifest,120,2,gpu_host,HOST_to_GPU,302592,469237.91402666655,469272.39082666655
28,fixed_manifest,19,1,gpu_host,GPU_to_HOST,302592,469827.0753066664,469861.55210666644
28,fixed_manifest,19,2,host_fpga_pcie,HOST_to_FPGA,302592,469861.55210666644,469985.8401066664
28,fixed_manifest,20,1,host_fpga_pcie,FPGA_to_HOST,302592,470318.5876266664,470442.87562666635
28,fixed_manifest,20,2,gpu_host,HOST_to_GPU,302592,470442.87562666635,470477.35242666636
28,fixed_manifest,29,1,gpu_host,GPU_to_HOST,302592,471309.3092266663,471343.78602666635
28,fixed_manifest,29,2,host_fpga_pcie,HOST_to_FPGA,302592,471343.78602666635,471468.0740266663
28,fixed_manifest,30,1,host_fpga_pcie,FPGA_to_HOST,302592,471800.8215466663,471925.10954666627
28,fixed_manifest,30,2,gpu_host,HOST_to_GPU,302592,471925.10954666627,471959.58634666627
28,fixed_manifest,39,1,gpu_host,GPU_to_HOST,302592,472791.5431466662,472826.01994666626
28,fixed_manifest,39,2,host_fpga_pcie,HOST_to_FPGA,302592,472826.01994666626,472950.3079466662
28,fixed_manifest,40,1,host_fpga_pcie,FPGA_to_HOST,302592,473283.05546666624,473407.3434666662
28,fixed_manifest,40,2,gpu_host,HOST_to_GPU,302592,473407.3434666662,473441.8202666662
28,fixed_manifest,49,1,gpu_host,GPU_to_HOST,302592,474273.7770666661,474308.2538666661
28,fixed_manifest,49,2,host_fpga_pcie,HOST_to_FPGA,302592,474308.2538666661,474432.5418666661
28,fixed_manifest,50,1,host_fpga_pcie,FPGA_to_HOST,302592,474765.28938666615,474889.5773866661
28,fixed_manifest,50,2,gpu_host,HOST_to_GPU,302592,474889.5773866661,474924.0541866661
28,fixed_manifest,59,1,gpu_host,GPU_to_HOST,302592,475756.010986666,475790.487786666
28,fixed_manifest,59,2,host_fpga_pcie,HOST_to_FPGA,302592,475790.487786666,475914.775786666
28,fixed_manifest,60,1,host_fpga_pcie,FPGA_to_HOST,302592,476247.52330666606,476371.811306666
28,fixed_manifest,60,2,gpu_host,HOST_to_GPU,302592,476371.811306666,476406.288106666
28,fixed_manifest,69,1,gpu_host,GPU_to_HOST,302592,477238.24490666593,477272.72170666594
28,fixed_manifest,69,2,host_fpga_pcie,HOST_to_FPGA,302592,477272.72170666594,477397.00970666594
28,fixed_manifest,70,1,host_fpga_pcie,FPGA_to_HOST,302592,477729.75722666597,477854.0452266659
28,fixed_manifest,70,2,gpu_host,HOST_to_GPU,302592,477854.0452266659,477888.5220266659
28,fixed_manifest,79,1,gpu_host,GPU_to_HOST,302592,478720.47882666584,478754.95562666585
28,fixed_manifest,79,2,host_fpga_pcie,HOST_to_FPGA,302592,478754.95562666585,478879.24362666585
28,fixed_manifest,80,1,host_fpga_pcie,FPGA_to_HOST,302592,479211.9911466658,479336.2791466658
28,fixed_manifest,80,2,gpu_host,HOST_to_GPU,302592,479336.2791466658,479370.7559466658
28,fixed_manifest,89,1,gpu_host,GPU_to_HOST,302592,480202.71274666575,480237.18954666576
28,fixed_manifest,89,2,host_fpga_pcie,HOST_to_FPGA,302592,480237.18954666576,480361.47754666576
28,fixed_manifest,90,1,host_fpga_pcie,FPGA_to_HOST,302592,480694.22506666573,480818.51306666574
28,fixed_manifest,90,2,gpu_host,HOST_to_GPU,302592,480818.51306666574,480852.98986666574
28,fixed_manifest,99,1,gpu_host,GPU_to_HOST,302592,481684.94666666567,481719.42346666567
28,fixed_manifest,99,2,host_fpga_pcie,HOST_to_FPGA,302592,481719.42346666567,481843.71146666567
28,fixed_manifest,100,1,host_fpga_pcie,FPGA_to_HOST,302592,482176.45898666565,482300.74698666565
28,fixed_manifest,100,2,gpu_host,HOST_to_GPU,302592,482300.74698666565,482335.22378666565
28,fixed_manifest,109,1,gpu_host,GPU_to_HOST,302592,483167.1805866656,483201.6573866656
28,fixed_manifest,109,2,host_fpga_pcie,HOST_to_FPGA,302592,483201.6573866656,483325.9453866656
28,fixed_manifest,110,1,host_fpga_pcie,FPGA_to_HOST,302592,483658.69290666556,483782.98090666556
28,fixed_manifest,110,2,gpu_host,HOST_to_GPU,302592,483782.98090666556,483817.45770666556
29,fixed_manifest,9,1,gpu_host,GPU_to_HOST,302592,484956.0328533333,484990.5096533333
29,fixed_manifest,9,2,host_fpga_pcie,HOST_to_FPGA,302592,484990.5096533333,485114.7976533333
28,fixed_manifest,119,1,gpu_host,GPU_to_HOST,302592,485148.7538133332,485183.23061333323
28,fixed_manifest,119,2,host_fpga_pcie,HOST_to_FPGA,302592,485183.23061333323,485307.51861333323
29,fixed_manifest,10,1,host_fpga_pcie,FPGA_to_HOST,302592,485447.54517333326,485571.83317333326
29,fixed_manifest,10,2,gpu_host,HOST_to_GPU,302592,485571.83317333326,485606.30997333326
28,fixed_manifest,120,1,host_fpga_pcie,FPGA_to_HOST,302592,485780.2926933333,485904.58069333324
28,fixed_manifest,120,2,gpu_host,HOST_to_GPU,302592,485904.58069333324,485939.0574933333
29,fixed_manifest,19,1,gpu_host,GPU_to_HOST,302592,486493.7419733331,486528.2187733331
29,fixed_manifest,19,2,host_fpga_pcie,HOST_to_FPGA,302592,486528.2187733331,486652.5067733331
29,fixed_manifest,20,1,host_fpga_pcie,FPGA_to_HOST,302592,486985.2542933331,487109.5422933331
29,fixed_manifest,20,2,gpu_host,HOST_to_GPU,302592,487109.5422933331,487144.0190933331
29,fixed_manifest,29,1,gpu_host,GPU_to_HOST,302592,487975.97589333303,488010.45269333303
29,fixed_manifest,29,2,host_fpga_pcie,HOST_to_FPGA,302592,488010.45269333303,488134.74069333303
29,fixed_manifest,30,1,host_fpga_pcie,FPGA_to_HOST,302592,488467.488213333,488591.776213333
29,fixed_manifest,30,2,gpu_host,HOST_to_GPU,302592,488591.776213333,488626.253013333
29,fixed_manifest,39,1,gpu_host,GPU_to_HOST,302592,489458.20981333294,489492.68661333295
29,fixed_manifest,39,2,host_fpga_pcie,HOST_to_FPGA,302592,489492.68661333295,489616.97461333295
29,fixed_manifest,40,1,host_fpga_pcie,FPGA_to_HOST,302592,489949.7221333329,490074.0101333329
29,fixed_manifest,40,2,gpu_host,HOST_to_GPU,302592,490074.0101333329,490108.4869333329
29,fixed_manifest,49,1,gpu_host,GPU_to_HOST,302592,490940.44373333285,490974.92053333286
29,fixed_manifest,49,2,host_fpga_pcie,HOST_to_FPGA,302592,490974.92053333286,491099.20853333286
29,fixed_manifest,50,1,host_fpga_pcie,FPGA_to_HOST,302592,491431.95605333283,491556.24405333283
29,fixed_manifest,50,2,gpu_host,HOST_to_GPU,302592,491556.24405333283,491590.72085333284
29,fixed_manifest,59,1,gpu_host,GPU_to_HOST,302592,492422.67765333276,492457.15445333277
29,fixed_manifest,59,2,host_fpga_pcie,HOST_to_FPGA,302592,492457.15445333277,492581.44245333277
29,fixed_manifest,60,1,host_fpga_pcie,FPGA_to_HOST,302592,492914.18997333274,493038.47797333275
29,fixed_manifest,60,2,gpu_host,HOST_to_GPU,302592,493038.47797333275,493072.95477333275
29,fixed_manifest,69,1,gpu_host,GPU_to_HOST,302592,493904.9115733327,493939.3883733327
29,fixed_manifest,69,2,host_fpga_pcie,HOST_to_FPGA,302592,493939.3883733327,494063.6763733326
29,fixed_manifest,70,1,host_fpga_pcie,FPGA_to_HOST,302592,494396.42389333266,494520.71189333266
29,fixed_manifest,70,2,gpu_host,HOST_to_GPU,302592,494520.71189333266,494555.18869333266
29,fixed_manifest,79,1,gpu_host,GPU_to_HOST,302592,495387.1454933326,495421.6222933326
29,fixed_manifest,79,2,host_fpga_pcie,HOST_to_FPGA,302592,495421.6222933326,495545.91029333253
29,fixed_manifest,80,1,host_fpga_pcie,FPGA_to_HOST,302592,495878.65781333257,496002.94581333257
29,fixed_manifest,80,2,gpu_host,HOST_to_GPU,302592,496002.94581333257,496037.4226133326
29,fixed_manifest,89,1,gpu_host,GPU_to_HOST,302592,496869.3794133325,496903.8562133325
29,fixed_manifest,89,2,host_fpga_pcie,HOST_to_FPGA,302592,496903.8562133325,497028.14421333245
29,fixed_manifest,90,1,host_fpga_pcie,FPGA_to_HOST,302592,497360.8917333325,497485.1797333324
29,fixed_manifest,90,2,gpu_host,HOST_to_GPU,302592,497485.1797333324,497519.6565333325
29,fixed_manifest,99,1,gpu_host,GPU_to_HOST,302592,498351.6133333324,498386.0901333324
29,fixed_manifest,99,2,host_fpga_pcie,HOST_to_FPGA,302592,498386.0901333324,498510.37813333236
29,fixed_manifest,100,1,host_fpga_pcie,FPGA_to_HOST,302592,498843.1256533324,498967.41365333233
29,fixed_manifest,100,2,gpu_host,HOST_to_GPU,302592,498967.41365333233,499001.8904533324
29,fixed_manifest,109,1,gpu_host,GPU_to_HOST,302592,499833.8472533323,499868.3240533323
29,fixed_manifest,109,2,host_fpga_pcie,HOST_to_FPGA,302592,499868.3240533323,499992.61205333227
29,fixed_manifest,110,1,host_fpga_pcie,FPGA_to_HOST,302592,500325.35957333224,500449.6475733323
29,fixed_manifest,110,2,gpu_host,HOST_to_GPU,302592,500449.6475733323,500484.12437333236
30,fixed_manifest,9,1,gpu_host,GPU_to_HOST,302592,501622.6995200005,501657.1763200005
30,fixed_manifest,9,2,host_fpga_pcie,HOST_to_FPGA,302592,501657.1763200005,501781.4643200006
29,fixed_manifest,119,1,gpu_host,GPU_to_HOST,302592,501815.4204800006,501849.8972800006
29,fixed_manifest,119,2,host_fpga_pcie,HOST_to_FPGA,302592,501849.8972800006,501974.18528000073
30,fixed_manifest,10,1,host_fpga_pcie,FPGA_to_HOST,302592,502114.2118400006,502238.4998400007
30,fixed_manifest,10,2,gpu_host,HOST_to_GPU,302592,502238.4998400007,502272.9766400007
29,fixed_manifest,120,1,host_fpga_pcie,FPGA_to_HOST,302592,502446.9593600006,502571.2473600007
29,fixed_manifest,120,2,gpu_host,HOST_to_GPU,302592,502571.2473600007,502605.7241600007
30,fixed_manifest,19,1,gpu_host,GPU_to_HOST,302592,503160.4086400011,503194.88544000115
30,fixed_manifest,19,2,host_fpga_pcie,HOST_to_FPGA,302592,503194.88544000115,503319.1734400012
30,fixed_manifest,20,1,host_fpga_pcie,FPGA_to_HOST,302592,503651.92096000124,503776.2089600013
30,fixed_manifest,20,2,gpu_host,HOST_to_GPU,302592,503776.2089600013,503810.6857600013
30,fixed_manifest,29,1,gpu_host,GPU_to_HOST,302592,504642.6425600016,504677.1193600016
30,fixed_manifest,29,2,host_fpga_pcie,HOST_to_FPGA,302592,504677.1193600016,504801.4073600017
30,fixed_manifest,30,1,host_fpga_pcie,FPGA_to_HOST,302592,505134.1548800017,505258.4428800018
30,fixed_manifest,30,2,gpu_host,HOST_to_GPU,302592,505258.4428800018,505292.9196800018
30,fixed_manifest,39,1,gpu_host,GPU_to_HOST,302592,506124.876480002,506159.3532800021
30,fixed_manifest,39,2,host_fpga_pcie,HOST_to_FPGA,302592,506159.3532800021,506283.64128000214
30,fixed_manifest,40,1,host_fpga_pcie,FPGA_to_HOST,302592,506616.38880000217,506740.6768000022
30,fixed_manifest,40,2,gpu_host,HOST_to_GPU,302592,506740.6768000022,506775.15360000223
30,fixed_manifest,49,1,gpu_host,GPU_to_HOST,302592,507607.1104000025,507641.5872000025
30,fixed_manifest,49,2,host_fpga_pcie,HOST_to_FPGA,302592,507641.5872000025,507765.8752000026
30,fixed_manifest,50,1,host_fpga_pcie,FPGA_to_HOST,302592,508098.6227200026,508222.9107200027
30,fixed_manifest,50,2,gpu_host,HOST_to_GPU,302592,508222.9107200027,508257.3875200027
30,fixed_manifest,59,1,gpu_host,GPU_to_HOST,302592,509089.34432000294,509123.821120003
30,fixed_manifest,59,2,host_fpga_pcie,HOST_to_FPGA,302592,509123.821120003,509248.10912000306
30,fixed_manifest,60,1,host_fpga_pcie,FPGA_to_HOST,302592,509580.8566400031,509705.14464000316
30,fixed_manifest,60,2,gpu_host,HOST_to_GPU,302592,509705.14464000316,509739.62144000316
30,fixed_manifest,69,1,gpu_host,GPU_to_HOST,302592,510571.57824000344,510606.05504000344
30,fixed_manifest,69,2,host_fpga_pcie,HOST_to_FPGA,302592,510606.05504000344,510730.34304000356
30,fixed_manifest,70,1,host_fpga_pcie,FPGA_to_HOST,302592,511063.09056000353,511187.37856000365
30,fixed_manifest,70,2,gpu_host,HOST_to_GPU,302592,511187.37856000365,511221.85536000365
30,fixed_manifest,79,1,gpu_host,GPU_to_HOST,302592,512053.8121600039,512088.28896000393
30,fixed_manifest,79,2,host_fpga_pcie,HOST_to_FPGA,302592,512088.28896000393,512212.576960004
30,fixed_manifest,80,1,host_fpga_pcie,FPGA_to_HOST,302592,512545.324480004,512669.6124800041
30,fixed_manifest,80,2,gpu_host,HOST_to_GPU,302592,512669.6124800041,512704.0892800041
30,fixed_manifest,89,1,gpu_host,GPU_to_HOST,302592,513536.04608000437,513570.52288000437
30,fixed_manifest,89,2,host_fpga_pcie,HOST_to_FPGA,302592,513570.52288000437,513694.8108800045
30,fixed_manifest,90,1,host_fpga_pcie,FPGA_to_HOST,302592,514027.55840000446,514151.8464000046
30,fixed_manifest,90,2,gpu_host,HOST_to_GPU,302592,514151.8464000046,514186.3232000046
30,fixed_manifest,99,1,gpu_host,GPU_to_HOST,302592,515018.2800000048,515052.75680000486
30,fixed_manifest,99,2,host_fpga_pcie,HOST_to_FPGA,302592,515052.75680000486,515177.0448000049
30,fixed_manifest,100,1,host_fpga_pcie,FPGA_to_HOST,302592,515509.79232000496,515634.080320005
30,fixed_manifest,100,2,gpu_host,HOST_to_GPU,302592,515634.080320005,515668.557120005
30,fixed_manifest,109,1,gpu_host,GPU_to_HOST,302592,516500.5139200053,516534.9907200053
30,fixed_manifest,109,2,host_fpga_pcie,HOST_to_FPGA,302592,516534.9907200053,516659.2787200054
30,fixed_manifest,110,1,host_fpga_pcie,FPGA_to_HOST,302592,516992.0262400054,517116.3142400055
30,fixed_manifest,110,2,gpu_host,HOST_to_GPU,302592,517116.3142400055,517150.7910400055
31,fixed_manifest,9,1,gpu_host,GPU_to_HOST,302592,518289.3661866671,518323.8429866671
31,fixed_manifest,9,2,host_fpga_pcie,HOST_to_FPGA,302592,518323.8429866671,518448.1309866672
30,fixed_manifest,119,1,gpu_host,GPU_to_HOST,302592,518482.08714666724,518516.56394666724
30,fixed_manifest,119,2,host_fpga_pcie,HOST_to_FPGA,302592,518516.56394666724,518640.8519466673
31,fixed_manifest,10,1,host_fpga_pcie,FPGA_to_HOST,302592,518780.8785066672,518905.1665066673
31,fixed_manifest,10,2,gpu_host,HOST_to_GPU,302592,518905.1665066673,518939.64330666733
30,fixed_manifest,120,1,host_fpga_pcie,FPGA_to_HOST,302592,519113.62602666725,519237.9140266673
30,fixed_manifest,120,2,gpu_host,HOST_to_GPU,302592,519237.9140266673,519272.3908266673
31,fixed_manifest,19,1,gpu_host,GPU_to_HOST,302592,519827.0753066677,519861.5521066677
31,fixed_manifest,19,2,host_fpga_pcie,HOST_to_FPGA,302592,519861.5521066677,519985.84010666783
31,fixed_manifest,20,1,host_fpga_pcie,FPGA_to_HOST,302592,520318.5876266678,520442.8756266679
31,fixed_manifest,20,2,gpu_host,HOST_to_GPU,302592,520442.8756266679,520477.35242666793
31,fixed_manifest,29,1,gpu_host,GPU_to_HOST,302592,521309.3092266682,521343.7860266682
31,fixed_manifest,29,2,host_fpga_pcie,HOST_to_FPGA,302592,521343.7860266682,521468.07402666827
31,fixed_manifest,30,1,host_fpga_pcie,FPGA_to_HOST,302592,521800.8215466683,521925.10954666836
31,fixed_manifest,30,2,gpu_host,HOST_to_GPU,302592,521925.10954666836,521959.58634666837
31,fixed_manifest,39,1,gpu_host,GPU_to_HOST,302592,522791.54314666864,522826.01994666865
31,fixed_manifest,39,2,host_fpga_pcie,HOST_to_FPGA,302592,522826.01994666865,522950.30794666876
31,fixed_manifest,40,1,host_fpga_pcie,FPGA_to_HOST,302592,523283.05546666874,523407.34346666886
31,fixed_manifest,40,2,gpu_host,HOST_to_GPU,302592,523407.34346666886,523441.82026666886
31,fixed_manifest,49,1,gpu_host,GPU_to_HOST,302592,524273.77706666914,524308.2538666691
31,fixed_manifest,49,2,host_fpga_pcie,HOST_to_FPGA,302592,524308.2538666691,524432.5418666692
31,fixed_manifest,50,1,host_fpga_pcie,FPGA_to_HOST,302592,524765.2893866692,524889.5773866693
31,fixed_manifest,50,2,gpu_host,HOST_to_GPU,302592,524889.5773866693,524924.0541866693
31,fixed_manifest,59,1,gpu_host,GPU_to_HOST,302592,525756.0109866696,525790.4877866696
31,fixed_manifest,59,2,host_fpga_pcie,HOST_to_FPGA,302592,525790.4877866696,525914.7757866697
31,fixed_manifest,60,1,host_fpga_pcie,FPGA_to_HOST,302592,526247.5233066697,526371.8113066697
31,fixed_manifest,60,2,gpu_host,HOST_to_GPU,302592,526371.8113066697,526406.2881066698
31,fixed_manifest,69,1,gpu_host,GPU_to_HOST,302592,527238.2449066701,527272.72170667
31,fixed_manifest,69,2,host_fpga_pcie,HOST_to_FPGA,302592,527272.72170667,527397.0097066702
31,fixed_manifest,70,1,host_fpga_pcie,FPGA_to_HOST,302592,527729.7572266702,527854.0452266702
31,fixed_manifest,70,2,gpu_host,HOST_to_GPU,302592,527854.0452266702,527888.5220266703
31,fixed_manifest,79,1,gpu_host,GPU_to_HOST,302592,528720.4788266706,528754.9556266705
31,fixed_manifest,79,2,host_fpga_pcie,HOST_to_FPGA,302592,528754.9556266705,528879.2436266706
31,fixed_manifest,80,1,host_fpga_pcie,FPGA_to_HOST,302592,529211.9911466707,529336.2791466707
31,fixed_manifest,80,2,gpu_host,HOST_to_GPU,302592,529336.2791466707,529370.7559466707
31,fixed_manifest,89,1,gpu_host,GPU_to_HOST,302592,530202.7127466709,530237.189546671
31,fixed_manifest,89,2,host_fpga_pcie,HOST_to_FPGA,302592,530237.189546671,530361.477546671
31,fixed_manifest,90,1,host_fpga_pcie,FPGA_to_HOST,302592,530694.225066671,530818.5130666712
31,fixed_manifest,90,2,gpu_host,HOST_to_GPU,302592,530818.5130666712,530852.9898666712
31,fixed_manifest,99,1,gpu_host,GPU_to_HOST,302592,531684.9466666714,531719.4234666715
31,fixed_manifest,99,2,host_fpga_pcie,HOST_to_FPGA,302592,531719.4234666715,531843.7114666715
31,fixed_manifest,100,1,host_fpga_pcie,FPGA_to_HOST,302592,532176.4589866715,532300.7469866716
31,fixed_manifest,100,2,gpu_host,HOST_to_GPU,302592,532300.7469866716,532335.2237866716
31,fixed_manifest,109,1,gpu_host,GPU_to_HOST,302592,533167.1805866719,533201.6573866719
31,fixed_manifest,109,2,host_fpga_pcie,HOST_to_FPGA,302592,533201.6573866719,533325.945386672
31,fixed_manifest,110,1,host_fpga_pcie,FPGA_to_HOST,302592,533658.692906672,533782.9809066721
31,fixed_manifest,110,2,gpu_host,HOST_to_GPU,302592,533782.9809066721,533817.4577066721
32,fixed_manifest,9,1,gpu_host,GPU_to_HOST,302592,534956.0328533337,534990.5096533337
32,fixed_manifest,9,2,host_fpga_pcie,HOST_to_FPGA,302592,534990.5096533337,535114.7976533337
31,fixed_manifest,119,1,gpu_host,GPU_to_HOST,302592,535148.7538133338,535183.2306133339
31,fixed_manifest,119,2,host_fpga_pcie,HOST_to_FPGA,302592,535183.2306133339,535307.5186133339
32,fixed_manifest,10,1,host_fpga_pcie,FPGA_to_HOST,302592,535447.5451733338,535571.8331733339
32,fixed_manifest,10,2,gpu_host,HOST_to_GPU,302592,535571.8331733339,535606.309973334
31,fixed_manifest,120,1,host_fpga_pcie,FPGA_to_HOST,302592,535780.2926933338,535904.5806933339
31,fixed_manifest,120,2,gpu_host,HOST_to_GPU,302592,535904.5806933339,535939.0574933339
32,fixed_manifest,19,1,gpu_host,GPU_to_HOST,302592,536493.7419733343,536528.2187733343
32,fixed_manifest,19,2,host_fpga_pcie,HOST_to_FPGA,302592,536528.2187733343,536652.5067733345
32,fixed_manifest,20,1,host_fpga_pcie,FPGA_to_HOST,302592,536985.2542933344,537109.5422933345
32,fixed_manifest,20,2,gpu_host,HOST_to_GPU,302592,537109.5422933345,537144.0190933346
32,fixed_manifest,29,1,gpu_host,GPU_to_HOST,302592,537975.9758933348,538010.4526933348
32,fixed_manifest,29,2,host_fpga_pcie,HOST_to_FPGA,302592,538010.4526933348,538134.7406933348
32,fixed_manifest,30,1,host_fpga_pcie,FPGA_to_HOST,302592,538467.4882133349,538591.776213335
32,fixed_manifest,30,2,gpu_host,HOST_to_GPU,302592,538591.776213335,538626.253013335
32,fixed_manifest,39,1,gpu_host,GPU_to_HOST,302592,539458.2098133352,539492.6866133353
32,fixed_manifest,39,2,host_fpga_pcie,HOST_to_FPGA,302592,539492.6866133353,539616.9746133353
32,fixed_manifest,40,1,host_fpga_pcie,FPGA_to_HOST,302592,539949.7221333353,540074.0101333355
32,fixed_manifest,40,2,gpu_host,HOST_to_GPU,302592,540074.0101333355,540108.4869333354
32,fixed_manifest,49,1,gpu_host,GPU_to_HOST,302592,540940.4437333357,540974.9205333358
32,fixed_manifest,49,2,host_fpga_pcie,HOST_to_FPGA,302592,540974.9205333358,541099.2085333358
32,fixed_manifest,50,1,host_fpga_pcie,FPGA_to_HOST,302592,541431.9560533358,541556.2440533359
32,fixed_manifest,50,2,gpu_host,HOST_to_GPU,302592,541556.2440533359,541590.7208533359
32,fixed_manifest,59,1,gpu_host,GPU_to_HOST,302592,542422.6776533362,542457.1544533361
32,fixed_manifest,59,2,host_fpga_pcie,HOST_to_FPGA,302592,542457.1544533361,542581.4424533363
32,fixed_manifest,60,1,host_fpga_pcie,FPGA_to_HOST,302592,542914.1899733363,543038.4779733364
32,fixed_manifest,60,2,gpu_host,HOST_to_GPU,302592,543038.4779733364,543072.9547733364
32,fixed_manifest,69,1,gpu_host,GPU_to_HOST,302592,543904.9115733367,543939.3883733366
32,fixed_manifest,69,2,host_fpga_pcie,HOST_to_FPGA,302592,543939.3883733366,544063.6763733367
32,fixed_manifest,70,1,host_fpga_pcie,FPGA_to_HOST,302592,544396.4238933368,544520.7118933368
32,fixed_manifest,70,2,gpu_host,HOST_to_GPU,302592,544520.7118933368,544555.1886933369
32,fixed_manifest,79,1,gpu_host,GPU_to_HOST,302592,545387.1454933371,545421.6222933371
32,fixed_manifest,79,2,host_fpga_pcie,HOST_to_FPGA,302592,545421.6222933371,545545.9102933372
32,fixed_manifest,80,1,host_fpga_pcie,FPGA_to_HOST,302592,545878.6578133372,546002.9458133373
32,fixed_manifest,80,2,gpu_host,HOST_to_GPU,302592,546002.9458133373,546037.4226133373
32,fixed_manifest,89,1,gpu_host,GPU_to_HOST,302592,546869.3794133376,546903.8562133376
32,fixed_manifest,89,2,host_fpga_pcie,HOST_to_FPGA,302592,546903.8562133376,547028.1442133377
32,fixed_manifest,90,1,host_fpga_pcie,FPGA_to_HOST,302592,547360.8917333377,547485.1797333377
32,fixed_manifest,90,2,gpu_host,HOST_to_GPU,302592,547485.1797333377,547519.6565333378
32,fixed_manifest,99,1,gpu_host,GPU_to_HOST,302592,548351.613333338,548386.090133338
32,fixed_manifest,99,2,host_fpga_pcie,HOST_to_FPGA,302592,548386.090133338,548510.3781333382
32,fixed_manifest,100,1,host_fpga_pcie,FPGA_to_HOST,302592,548843.1256533382,548967.4136533382
32,fixed_manifest,100,2,gpu_host,HOST_to_GPU,302592,548967.4136533382,549001.8904533383
32,fixed_manifest,109,1,gpu_host,GPU_to_HOST,302592,549833.8472533386,549868.3240533385
32,fixed_manifest,109,2,host_fpga_pcie,HOST_to_FPGA,302592,549868.3240533385,549992.6120533386
32,fixed_manifest,110,1,host_fpga_pcie,FPGA_to_HOST,302592,550325.3595733386,550449.6475733387
32,fixed_manifest,110,2,gpu_host,HOST_to_GPU,302592,550449.6475733387,550484.1243733388
33,fixed_manifest,9,1,gpu_host,GPU_to_HOST,302592,551622.6995200004,551657.1763200004
33,fixed_manifest,9,2,host_fpga_pcie,HOST_to_FPGA,302592,551657.1763200004,551781.4643200005
32,fixed_manifest,119,1,gpu_host,GPU_to_HOST,302592,551815.4204800006,551849.8972800005
32,fixed_manifest,119,2,host_fpga_pcie,HOST_to_FPGA,302592,551849.8972800005,551974.1852800007
33,fixed_manifest,10,1,host_fpga_pcie,FPGA_to_HOST,302592,552114.2118400006,552238.4998400006
33,fixed_manifest,10,2,gpu_host,HOST_to_GPU,302592,552238.4998400006,552272.9766400006
32,fixed_manifest,120,1,host_fpga_pcie,FPGA_to_HOST,302592,552446.9593600006,552571.2473600006
32,fixed_manifest,120,2,gpu_host,HOST_to_GPU,302592,552571.2473600006,552605.7241600007
33,fixed_manifest,19,1,gpu_host,GPU_to_HOST,302592,553160.4086400011,553194.885440001
33,fixed_manifest,19,2,host_fpga_pcie,HOST_to_FPGA,302592,553194.885440001,553319.1734400011
33,fixed_manifest,20,1,host_fpga_pcie,FPGA_to_HOST,302592,553651.9209600012,553776.2089600012
33,fixed_manifest,20,2,gpu_host,HOST_to_GPU,302592,553776.2089600012,553810.6857600013
33,fixed_manifest,29,1,gpu_host,GPU_to_HOST,302592,554642.6425600015,554677.1193600015
33,fixed_manifest,29,2,host_fpga_pcie,HOST_to_FPGA,302592,554677.1193600015,554801.4073600016
33,fixed_manifest,30,1,host_fpga_pcie,FPGA_to_HOST,302592,555134.1548800017,555258.4428800017
33,fixed_manifest,30,2,gpu_host,HOST_to_GPU,302592,555258.4428800017,555292.9196800017
33,fixed_manifest,39,1,gpu_host,GPU_to_HOST,302592,556124.876480002,556159.353280002
33,fixed_manifest,39,2,host_fpga_pcie,HOST_to_FPGA,302592,556159.353280002,556283.6412800021
33,fixed_manifest,40,1,host_fpga_pcie,FPGA_to_HOST,302592,556616.388800002,556740.6768000021
33,fixed_manifest,40,2,gpu_host,HOST_to_GPU,302592,556740.6768000021,556775.1536000022
33,fixed_manifest,49,1,gpu_host,GPU_to_HOST,302592,557607.1104000024,557641.5872000024
33,fixed_manifest,49,2,host_fpga_pcie,HOST_to_FPGA,302592,557641.5872000024,557765.8752000026
33,fixed_manifest,50,1,host_fpga_pcie,FPGA_to_HOST,302592,558098.6227200025,558222.9107200026
33,fixed_manifest,50,2,gpu_host,HOST_to_GPU,302592,558222.9107200026,558257.3875200027
33,fixed_manifest,59,1,gpu_host,GPU_to_HOST,302592,559089.344320003,559123.8211200029
33,fixed_manifest,59,2,host_fpga_pcie,HOST_to_FPGA,302592,559123.8211200029,559248.109120003
33,fixed_manifest,60,1,host_fpga_pcie,FPGA_to_HOST,302592,559580.856640003,559705.1446400031
33,fixed_manifest,60,2,gpu_host,HOST_to_GPU,302592,559705.1446400031,559739.6214400032
33,fixed_manifest,69,1,gpu_host,GPU_to_HOST,302592,560571.5782400033,560606.0550400034
33,fixed_manifest,69,2,host_fpga_pcie,HOST_to_FPGA,302592,560606.0550400034,560730.3430400034
33,fixed_manifest,70,1,host_fpga_pcie,FPGA_to_HOST,302592,561063.0905600034,561187.3785600036
33,fixed_manifest,70,2,gpu_host,HOST_to_GPU,302592,561187.3785600036,561221.8553600035
33,fixed_manifest,79,1,gpu_host,GPU_to_HOST,302592,562053.8121600038,562088.2889600039
33,fixed_manifest,79,2,host_fpga_pcie,HOST_to_FPGA,302592,562088.2889600039,562212.5769600039
33,fixed_manifest,80,1,host_fpga_pcie,FPGA_to_HOST,302592,562545.3244800039,562669.612480004
33,fixed_manifest,80,2,gpu_host,HOST_to_GPU,302592,562669.612480004,562704.089280004
33,fixed_manifest,89,1,gpu_host,GPU_to_HOST,302592,563536.0460800043,563570.5228800043
33,fixed_manifest,89,2,host_fpga_pcie,HOST_to_FPGA,302592,563570.5228800043,563694.8108800044
33,fixed_manifest,90,1,host_fpga_pcie,FPGA_to_HOST,302592,564027.5584000044,564151.8464000045
33,fixed_manifest,90,2,gpu_host,HOST_to_GPU,302592,564151.8464000045,564186.3232000045
33,fixed_manifest,99,1,gpu_host,GPU_to_HOST,302592,565018.2800000048,565052.7568000047
33,fixed_manifest,99,2,host_fpga_pcie,HOST_to_FPGA,302592,565052.7568000047,565177.0448000048
33,fixed_manifest,100,1,host_fpga_pcie,FPGA_to_HOST,302592,565509.7923200049,565634.080320005
33,fixed_manifest,100,2,gpu_host,HOST_to_GPU,302592,565634.080320005,565668.557120005
33,fixed_manifest,109,1,gpu_host,GPU_to_HOST,302592,566500.5139200052,566534.9907200052
33,fixed_manifest,109,2,host_fpga_pcie,HOST_to_FPGA,302592,566534.9907200052,566659.2787200053
33,fixed_manifest,110,1,host_fpga_pcie,FPGA_to_HOST,302592,566992.0262400053,567116.3142400054
33,fixed_manifest,110,2,gpu_host,HOST_to_GPU,302592,567116.3142400054,567150.7910400054
34,fixed_manifest,9,1,gpu_host,GPU_to_HOST,302592,568289.3661866671,568323.8429866672
34,fixed_manifest,9,2,host_fpga_pcie,HOST_to_FPGA,302592,568323.8429866672,568448.1309866672
33,fixed_manifest,119,1,gpu_host,GPU_to_HOST,302592,568482.0871466673,568516.5639466672
33,fixed_manifest,119,2,host_fpga_pcie,HOST_to_FPGA,302592,568516.5639466672,568640.8519466673
34,fixed_manifest,10,1,host_fpga_pcie,FPGA_to_HOST,302592,568780.8785066672,568905.1665066674
34,fixed_manifest,10,2,gpu_host,HOST_to_GPU,302592,568905.1665066674,568939.6433066673
33,fixed_manifest,120,1,host_fpga_pcie,FPGA_to_HOST,302592,569113.6260266673,569237.9140266674
33,fixed_manifest,120,2,gpu_host,HOST_to_GPU,302592,569237.9140266674,569272.3908266673
34,fixed_manifest,19,1,gpu_host,GPU_to_HOST,302592,569827.0753066677,569861.5521066678
34,fixed_manifest,19,2,host_fpga_pcie,HOST_to_FPGA,302592,569861.5521066678,569985.8401066678
34,fixed_manifest,20,1,host_fpga_pcie,FPGA_to_HOST,302592,570318.5876266679,570442.875626668
34,fixed_manifest,20,2,gpu_host,HOST_to_GPU,302592,570442.875626668,570477.3524266679
34,fixed_manifest,29,1,gpu_host,GPU_to_HOST,302592,571309.3092266682,571343.7860266683
34,fixed_manifest,29,2,host_fpga_pcie,HOST_to_FPGA,302592,571343.7860266683,571468.0740266683
34,fixed_manifest,30,1,host_fpga_pcie,FPGA_to_HOST,302592,571800.8215466683,571925.1095466684
34,fixed_manifest,30,2,gpu_host,HOST_to_GPU,302592,571925.1095466684,571959.5863466684
34,fixed_manifest,39,1,gpu_host,GPU_to_HOST,302592,572791.5431466687,572826.0199466688
34,fixed_manifest,39,2,host_fpga_pcie,HOST_to_FPGA,302592,572826.0199466688,572950.3079466688
34,fixed_manifest,40,1,host_fpga_pcie,FPGA_to_HOST,302592,573283.0554666688,573407.3434666689
34,fixed_manifest,40,2,gpu_host,HOST_to_GPU,302592,573407.3434666689,573441.8202666689
34,fixed_manifest,49,1,gpu_host,GPU_to_HOST,302592,574273.7770666692,574308.2538666691
34,fixed_manifest,49,2,host_fpga_pcie,HOST_to_FPGA,302592,574308.2538666691,574432.5418666692
34,fixed_manifest,50,1,host_fpga_pcie,FPGA_to_HOST,302592,574765.2893866693,574889.5773866693
34,fixed_manifest,50,2,gpu_host,HOST_to_GPU,302592,574889.5773866693,574924.0541866694
34,fixed_manifest,59,1,gpu_host,GPU_to_HOST,302592,575756.0109866696,575790.4877866696
34,fixed_manifest,59,2,host_fpga_pcie,HOST_to_FPGA,302592,575790.4877866696,575914.7757866697
34,fixed_manifest,60,1,host_fpga_pcie,FPGA_to_HOST,302592,576247.5233066698,576371.8113066698
34,fixed_manifest,60,2,gpu_host,HOST_to_GPU,302592,576371.8113066698,576406.2881066698
34,fixed_manifest,69,1,gpu_host,GPU_to_HOST,302592,577238.2449066701,577272.7217066701
34,fixed_manifest,69,2,host_fpga_pcie,HOST_to_FPGA,302592,577272.7217066701,577397.0097066702
34,fixed_manifest,70,1,host_fpga_pcie,FPGA_to_HOST,302592,577729.7572266702,577854.0452266702
34,fixed_manifest,70,2,gpu_host,HOST_to_GPU,302592,577854.0452266702,577888.5220266703
34,fixed_manifest,79,1,gpu_host,GPU_to_HOST,302592,578720.4788266706,578754.9556266706
34,fixed_manifest,79,2,host_fpga_pcie,HOST_to_FPGA,302592,578754.9556266706,578879.2436266707
34,fixed_manifest,80,1,host_fpga_pcie,FPGA_to_HOST,302592,579211.9911466707,579336.2791466707
34,fixed_manifest,80,2,gpu_host,HOST_to_GPU,302592,579336.2791466707,579370.7559466708
34,fixed_manifest,89,1,gpu_host,GPU_to_HOST,302592,580202.712746671,580237.189546671
34,fixed_manifest,89,2,host_fpga_pcie,HOST_to_FPGA,302592,580237.189546671,580361.477546671
34,fixed_manifest,90,1,host_fpga_pcie,FPGA_to_HOST,302592,580694.2250666711,580818.5130666712
34,fixed_manifest,90,2,gpu_host,HOST_to_GPU,302592,580818.5130666712,580852.9898666713
34,fixed_manifest,99,1,gpu_host,GPU_to_HOST,302592,581684.9466666714,581719.4234666715
34,fixed_manifest,99,2,host_fpga_pcie,HOST_to_FPGA,302592,581719.4234666715,581843.7114666715
34,fixed_manifest,100,1,host_fpga_pcie,FPGA_to_HOST,302592,582176.4589866716,582300.7469866717
34,fixed_manifest,100,2,gpu_host,HOST_to_GPU,302592,582300.7469866717,582335.2237866716
34,fixed_manifest,109,1,gpu_host,GPU_to_HOST,302592,583167.1805866719,583201.657386672
34,fixed_manifest,109,2,host_fpga_pcie,HOST_to_FPGA,302592,583201.657386672,583325.945386672
34,fixed_manifest,110,1,host_fpga_pcie,FPGA_to_HOST,302592,583658.692906672,583782.9809066721
34,fixed_manifest,110,2,gpu_host,HOST_to_GPU,302592,583782.9809066721,583817.4577066721
35,fixed_manifest,9,1,gpu_host,GPU_to_HOST,302592,584956.0328533337,584990.5096533338
35,fixed_manifest,9,2,host_fpga_pcie,HOST_to_FPGA,302592,584990.5096533338,585114.7976533339
34,fixed_manifest,119,1,gpu_host,GPU_to_HOST,302592,585148.7538133338,585183.2306133339
34,fixed_manifest,119,2,host_fpga_pcie,HOST_to_FPGA,302592,585183.2306133339,585307.5186133339
35,fixed_manifest,10,1,host_fpga_pcie,FPGA_to_HOST,302592,585447.5451733338,585571.8331733339
35,fixed_manifest,10,2,gpu_host,HOST_to_GPU,302592,585571.8331733339,585606.309973334
34,fixed_manifest,120,1,host_fpga_pcie,FPGA_to_HOST,302592,585780.2926933338,585904.580693334
34,fixed_manifest,120,2,gpu_host,HOST_to_GPU,302592,585904.580693334,585939.0574933339
35,fixed_manifest,19,1,gpu_host,GPU_to_HOST,302592,586493.7419733343,586528.2187733344
35,fixed_manifest,19,2,host_fpga_pcie,HOST_to_FPGA,302592,586528.2187733344,586652.5067733345
35,fixed_manifest,20,1,host_fpga_pcie,FPGA_to_HOST,302592,586985.2542933344,587109.5422933346
35,fixed_manifest,20,2,gpu_host,HOST_to_GPU,302592,587109.5422933346,587144.0190933346
35,fixed_manifest,29,1,gpu_host,GPU_to_HOST,302592,587975.9758933348,588010.4526933349
35,fixed_manifest,29,2,host_fpga_pcie,HOST_to_FPGA,302592,588010.4526933349,588134.740693335
35,fixed_manifest,30,1,host_fpga_pcie,FPGA_to_HOST,302592,588467.4882133349,588591.776213335
35,fixed_manifest,30,2,gpu_host,HOST_to_GPU,302592,588591.776213335,588626.253013335
35,fixed_manifest,39,1,gpu_host,GPU_to_HOST,302592,589458.2098133353,589492.6866133353
35,fixed_manifest,39,2,host_fpga_pcie,HOST_to_FPGA,302592,589492.6866133353,589616.9746133354
35,fixed_manifest,40,1,host_fpga_pcie,FPGA_to_HOST,302592,589949.7221333354,590074.0101333355
35,fixed_manifest,40,2,gpu_host,HOST_to_GPU,302592,590074.0101333355,590108.4869333355
35,fixed_manifest,49,1,gpu_host,GPU_to_HOST,302592,590940.4437333357,590974.9205333358
35,fixed_manifest,49,2,host_fpga_pcie,HOST_to_FPGA,302592,590974.9205333358,591099.2085333358
35,fixed_manifest,50,1,host_fpga_pcie,FPGA_to_HOST,302592,591431.9560533359,591556.244053336
35,fixed_manifest,50,2,gpu_host,HOST_to_GPU,302592,591556.244053336,591590.7208533359
35,fixed_manifest,59,1,gpu_host,GPU_to_HOST,302592,592422.6776533362,592457.1544533363
35,fixed_manifest,59,2,host_fpga_pcie,HOST_to_FPGA,302592,592457.1544533363,592581.4424533363
35,fixed_manifest,60,1,host_fpga_pcie,FPGA_to_HOST,302592,592914.1899733363,593038.4779733365
35,fixed_manifest,60,2,gpu_host,HOST_to_GPU,302592,593038.4779733365,593072.9547733364
35,fixed_manifest,69,1,gpu_host,GPU_to_HOST,302592,593904.9115733367,593939.3883733368
35,fixed_manifest,69,2,host_fpga_pcie,HOST_to_FPGA,302592,593939.3883733368,594063.6763733368
35,fixed_manifest,70,1,host_fpga_pcie,FPGA_to_HOST,302592,594396.4238933368,594520.7118933368
35,fixed_manifest,70,2,gpu_host,HOST_to_GPU,302592,594520.7118933368,594555.1886933369
35,fixed_manifest,79,1,gpu_host,GPU_to_HOST,302592,595387.1454933372,595421.6222933371
35,fixed_manifest,79,2,host_fpga_pcie,HOST_to_FPGA,302592,595421.6222933371,595545.9102933373
35,fixed_manifest,80,1,host_fpga_pcie,FPGA_to_HOST,302592,595878.6578133373,596002.9458133373
35,fixed_manifest,80,2,gpu_host,HOST_to_GPU,302592,596002.9458133373,596037.4226133374
35,fixed_manifest,89,1,gpu_host,GPU_to_HOST,302592,596869.3794133376,596903.8562133376
35,fixed_manifest,89,2,host_fpga_pcie,HOST_to_FPGA,302592,596903.8562133376,597028.1442133377
35,fixed_manifest,90,1,host_fpga_pcie,FPGA_to_HOST,302592,597360.8917333378,597485.1797333378
35,fixed_manifest,90,2,gpu_host,HOST_to_GPU,302592,597485.1797333378,597519.6565333378
35,fixed_manifest,99,1,gpu_host,GPU_to_HOST,302592,598351.613333338,598386.0901333381
35,fixed_manifest,99,2,host_fpga_pcie,HOST_to_FPGA,302592,598386.0901333381,598510.3781333382
35,fixed_manifest,100,1,host_fpga_pcie,FPGA_to_HOST,302592,598843.1256533382,598967.4136533383
35,fixed_manifest,100,2,gpu_host,HOST_to_GPU,302592,598967.4136533383,599001.8904533383
35,fixed_manifest,109,1,gpu_host,GPU_to_HOST,302592,599833.8472533386,599868.3240533386
35,fixed_manifest,109,2,host_fpga_pcie,HOST_to_FPGA,302592,599868.3240533386,599992.6120533387
35,fixed_manifest,110,1,host_fpga_pcie,FPGA_to_HOST,302592,600325.3595733386,600449.6475733387
35,fixed_manifest,110,2,gpu_host,HOST_to_GPU,302592,600449.6475733387,600484.1243733388
36,fixed_manifest,9,1,gpu_host,GPU_to_HOST,302592,601622.6995200004,601657.1763200003
36,fixed_manifest,9,2,host_fpga_pcie,HOST_to_FPGA,302592,601657.1763200003,601781.4643200005
35,fixed_manifest,119,1,gpu_host,GPU_to_HOST,302592,601815.4204800004,601849.8972800005
35,fixed_manifest,119,2,host_fpga_pcie,HOST_to_FPGA,302592,601849.8972800005,601974.1852800006
36,fixed_manifest,10,1,host_fpga_pcie,FPGA_to_HOST,302592,602114.2118400005,602238.4998400005
36,fixed_manifest,10,2,gpu_host,HOST_to_GPU,302592,602238.4998400005,602272.9766400006
35,fixed_manifest,120,1,host_fpga_pcie,FPGA_to_HOST,302592,602446.9593600004,602571.2473600005
35,fixed_manifest,120,2,gpu_host,HOST_to_GPU,302592,602571.2473600005,602605.7241600006
36,fixed_manifest,19,1,gpu_host,GPU_to_HOST,302592,603160.408640001,603194.885440001
36,fixed_manifest,19,2,host_fpga_pcie,HOST_to_FPGA,302592,603194.885440001,603319.1734400011
36,fixed_manifest,20,1,host_fpga_pcie,FPGA_to_HOST,302592,603651.9209600011,603776.2089600011
36,fixed_manifest,20,2,gpu_host,HOST_to_GPU,302592,603776.2089600011,603810.6857600012
36,fixed_manifest,29,1,gpu_host,GPU_to_HOST,302592,604642.6425600015,604677.1193600014
36,fixed_manifest,29,2,host_fpga_pcie,HOST_to_FPGA,302592,604677.1193600014,604801.4073600016
36,fixed_manifest,30,1,host_fpga_pcie,FPGA_to_HOST,302592,605134.1548800016,605258.4428800016
36,fixed_manifest,30,2,gpu_host,HOST_to_GPU,302592,605258.4428800016,605292.9196800017
36,fixed_manifest,39,1,gpu_host,GPU_to_HOST,302592,606124.876480002,606159.3532800019
36,fixed_manifest,39,2,host_fpga_pcie,HOST_to_FPGA,302592,606159.3532800019,606283.641280002
36,fixed_manifest,40,1,host_fpga_pcie,FPGA_to_HOST,302592,606616.388800002,606740.6768000021
36,fixed_manifest,40,2,gpu_host,HOST_to_GPU,302592,606740.6768000021,606775.153600002
36,fixed_manifest,49,1,gpu_host,GPU_to_HOST,302592,607607.1104000023,607641.5872000024
36,fixed_manifest,49,2,host_fpga_pcie,HOST_to_FPGA,302592,607641.5872000024,607765.8752000025
36,fixed_manifest,50,1,host_fpga_pcie,FPGA_to_HOST,302592,608098.6227200024,608222.9107200026
36,fixed_manifest,50,2,gpu_host,HOST_to_GPU,302592,608222.9107200026,608257.3875200026
36,fixed_manifest,59,1,gpu_host,GPU_to_HOST,302592,609089.3443200028,609123.8211200029
36,fixed_manifest,59,2,host_fpga_pcie,HOST_to_FPGA,302592,609123.8211200029,609248.109120003
36,fixed_manifest,60,1,host_fpga_pcie,FPGA_to_HOST,302592,609580.8566400029,609705.144640003
36,fixed_manifest,60,2,gpu_host,HOST_to_GPU,302592,609705.144640003,609739.621440003
36,fixed_manifest,69,1,gpu_host,GPU_to_HOST,302592,610571.5782400033,610606.0550400033
36,fixed_manifest,69,2,host_fpga_pcie,HOST_to_FPGA,302592,610606.0550400033,610730.3430400034
36,fixed_manifest,70,1,host_fpga_pcie,FPGA_to_HOST,302592,611063.0905600034,611187.3785600035
36,fixed_manifest,70,2,gpu_host,HOST_to_GPU,302592,611187.3785600035,611221.8553600035
36,fixed_manifest,79,1,gpu_host,GPU_to_HOST,302592,612053.8121600038,612088.2889600038
36,fixed_manifest,79,2,host_fpga_pcie,HOST_to_FPGA,302592,612088.2889600038,612212.5769600038
36,fixed_manifest,80,1,host_fpga_pcie,FPGA_to_HOST,302592,612545.3244800039,612669.612480004
36,fixed_manifest,80,2,gpu_host,HOST_to_GPU,302592,612669.612480004,612704.0892800039
36,fixed_manifest,89,1,gpu_host,GPU_to_HOST,302592,613536.0460800042,613570.5228800043
36,fixed_manifest,89,2,host_fpga_pcie,HOST_to_FPGA,302592,613570.5228800043,613694.8108800043
36,fixed_manifest,90,1,host_fpga_pcie,FPGA_to_HOST,302592,614027.5584000043,614151.8464000045
36,fixed_manifest,90,2,gpu_host,HOST_to_GPU,302592,614151.8464000045,614186.3232000044
36,fixed_manifest,99,1,gpu_host,GPU_to_HOST,302592,615018.2800000047,615052.7568000047
36,fixed_manifest,99,2,host_fpga_pcie,HOST_to_FPGA,302592,615052.7568000047,615177.0448000048
36,fixed_manifest,100,1,host_fpga_pcie,FPGA_to_HOST,302592,615509.7923200048,615634.0803200048
36,fixed_manifest,100,2,gpu_host,HOST_to_GPU,302592,615634.0803200048,615668.5571200049
36,fixed_manifest,109,1,gpu_host,GPU_to_HOST,302592,616500.5139200052,616534.9907200051
36,fixed_manifest,109,2,host_fpga_pcie,HOST_to_FPGA,302592,616534.9907200051,616659.2787200053
36,fixed_manifest,110,1,host_fpga_pcie,FPGA_to_HOST,302592,616992.0262400053,617116.3142400053
36,fixed_manifest,110,2,gpu_host,HOST_to_GPU,302592,617116.3142400053,617150.7910400054
37,fixed_manifest,9,1,gpu_host,GPU_to_HOST,302592,618289.3661866671,618323.8429866671
37,fixed_manifest,9,2,host_fpga_pcie,HOST_to_FPGA,302592,618323.8429866671,618448.1309866671
36,fixed_manifest,119,1,gpu_host,GPU_to_HOST,302592,618482.0871466672,618516.5639466672
36,fixed_manifest,119,2,host_fpga_pcie,HOST_to_FPGA,302592,618516.5639466672,618640.8519466673
37,fixed_manifest,10,1,host_fpga_pcie,FPGA_to_HOST,302592,618780.8785066672,618905.1665066673
37,fixed_manifest,10,2,gpu_host,HOST_to_GPU,302592,618905.1665066673,618939.6433066673
36,fixed_manifest,120,1,host_fpga_pcie,FPGA_to_HOST,302592,619113.6260266672,619237.9140266672
36,fixed_manifest,120,2,gpu_host,HOST_to_GPU,302592,619237.9140266672,619272.3908266673
37,fixed_manifest,19,1,gpu_host,GPU_to_HOST,302592,619827.0753066677,619861.5521066677
37,fixed_manifest,19,2,host_fpga_pcie,HOST_to_FPGA,302592,619861.5521066677,619985.8401066678
37,fixed_manifest,20,1,host_fpga_pcie,FPGA_to_HOST,302592,620318.5876266678,620442.8756266679
37,fixed_manifest,20,2,gpu_host,HOST_to_GPU,302592,620442.8756266679,620477.3524266679
37,fixed_manifest,29,1,gpu_host,GPU_to_HOST,302592,621309.3092266682,621343.7860266682
37,fixed_manifest,29,2,host_fpga_pcie,HOST_to_FPGA,302592,621343.7860266682,621468.0740266682
37,fixed_manifest,30,1,host_fpga_pcie,FPGA_to_HOST,302592,621800.8215466683,621925.1095466684
37,fixed_manifest,30,2,gpu_host,HOST_to_GPU,302592,621925.1095466684,621959.5863466684
37,fixed_manifest,39,1,gpu_host,GPU_to_HOST,302592,622791.5431466686,622826.0199466686
37,fixed_manifest,39,2,host_fpga_pcie,HOST_to_FPGA,302592,622826.0199466686,622950.3079466687
37,fixed_manifest,40,1,host_fpga_pcie,FPGA_to_HOST,302592,623283.0554666687,623407.3434666689
37,fixed_manifest,40,2,gpu_host,HOST_to_GPU,302592,623407.3434666689,623441.8202666688
37,fixed_manifest,49,1,gpu_host,GPU_to_HOST,302592,624273.7770666691,624308.2538666691
37,fixed_manifest,49,2,host_fpga_pcie,HOST_to_FPGA,302592,624308.2538666691,624432.5418666692
37,fixed_manifest,50,1,host_fpga_pcie,FPGA_to_HOST,302592,624765.2893866692,624889.5773866692
37,fixed_manifest,50,2,gpu_host,HOST_to_GPU,302592,624889.5773866692,624924.0541866693
37,fixed_manifest,59,1,gpu_host,GPU_to_HOST,302592,625756.0109866696,625790.4877866695
37,fixed_manifest,59,2,host_fpga_pcie,HOST_to_FPGA,302592,625790.4877866695,625914.7757866697
37,fixed_manifest,60,1,host_fpga_pcie,FPGA_to_HOST,302592,626247.5233066697,626371.8113066697
37,fixed_manifest,60,2,gpu_host,HOST_to_GPU,302592,626371.8113066697,626406.2881066698
37,fixed_manifest,69,1,gpu_host,GPU_to_HOST,302592,627238.2449066701,627272.72170667
37,fixed_manifest,69,2,host_fpga_pcie,HOST_to_FPGA,302592,627272.72170667,627397.0097066701
37,fixed_manifest,70,1,host_fpga_pcie,FPGA_to_HOST,302592,627729.7572266702,627854.0452266702
37,fixed_manifest,70,2,gpu_host,HOST_to_GPU,302592,627854.0452266702,627888.5220266703
37,fixed_manifest,79,1,gpu_host,GPU_to_HOST,302592,628720.4788266704,628754.9556266705
37,fixed_manifest,79,2,host_fpga_pcie,HOST_to_FPGA,302592,628754.9556266705,628879.2436266706
37,fixed_manifest,80,1,host_fpga_pcie,FPGA_to_HOST,302592,629211.9911466705,629336.2791466707
37,fixed_manifest,80,2,gpu_host,HOST_to_GPU,302592,629336.2791466707,629370.7559466707
37,fixed_manifest,89,1,gpu_host,GPU_to_HOST,302592,630202.7127466709,630237.189546671
37,fixed_manifest,89,2,host_fpga_pcie,HOST_to_FPGA,302592,630237.189546671,630361.477546671
37,fixed_manifest,90,1,host_fpga_pcie,FPGA_to_HOST,302592,630694.225066671,630818.5130666711
37,fixed_manifest,90,2,gpu_host,HOST_to_GPU,302592,630818.5130666711,630852.9898666712
37,fixed_manifest,99,1,gpu_host,GPU_to_HOST,302592,631684.9466666714,631719.4234666714
37,fixed_manifest,99,2,host_fpga_pcie,HOST_to_FPGA,302592,631719.4234666714,631843.7114666715
37,fixed_manifest,100,1,host_fpga_pcie,FPGA_to_HOST,302592,632176.4589866715,632300.7469866716
37,fixed_manifest,100,2,gpu_host,HOST_to_GPU,302592,632300.7469866716,632335.2237866716
37,fixed_manifest,109,1,gpu_host,GPU_to_HOST,302592,633167.1805866719,633201.6573866719
37,fixed_manifest,109,2,host_fpga_pcie,HOST_to_FPGA,302592,633201.6573866719,633325.9453866719
37,fixed_manifest,110,1,host_fpga_pcie,FPGA_to_HOST,302592,633658.692906672,633782.9809066721
37,fixed_manifest,110,2,gpu_host,HOST_to_GPU,302592,633782.9809066721,633817.4577066721
38,fixed_manifest,9,1,gpu_host,GPU_to_HOST,302592,634956.0328533337,634990.5096533338
38,fixed_manifest,9,2,host_fpga_pcie,HOST_to_FPGA,302592,634990.5096533338,635114.7976533339
37,fixed_manifest,119,1,gpu_host,GPU_to_HOST,302592,635148.7538133339,635183.2306133339
37,fixed_manifest,119,2,host_fpga_pcie,HOST_to_FPGA,302592,635183.2306133339,635307.518613334
38,fixed_manifest,10,1,host_fpga_pcie,FPGA_to_HOST,302592,635447.545173334,635571.833173334
38,fixed_manifest,10,2,gpu_host,HOST_to_GPU,302592,635571.833173334,635606.309973334
37,fixed_manifest,120,1,host_fpga_pcie,FPGA_to_HOST,302592,635780.2926933339,635904.580693334
37,fixed_manifest,120,2,gpu_host,HOST_to_GPU,302592,635904.580693334,635939.057493334
38,fixed_manifest,19,1,gpu_host,GPU_to_HOST,302592,636493.7419733345,636528.2187733344
38,fixed_manifest,19,2,host_fpga_pcie,HOST_to_FPGA,302592,636528.2187733344,636652.5067733345
38,fixed_manifest,20,1,host_fpga_pcie,FPGA_to_HOST,302592,636985.2542933346,637109.5422933346
38,fixed_manifest,20,2,gpu_host,HOST_to_GPU,302592,637109.5422933346,637144.0190933347
38,fixed_manifest,29,1,gpu_host,GPU_to_HOST,302592,637975.9758933348,638010.4526933349
38,fixed_manifest,29,2,host_fpga_pcie,HOST_to_FPGA,302592,638010.4526933349,638134.740693335
38,fixed_manifest,30,1,host_fpga_pcie,FPGA_to_HOST,302592,638467.4882133349,638591.7762133351
38,fixed_manifest,30,2,gpu_host,HOST_to_GPU,302592,638591.7762133351,638626.253013335
38,fixed_manifest,39,1,gpu_host,GPU_to_HOST,302592,639458.2098133353,639492.6866133354
38,fixed_manifest,39,2,host_fpga_pcie,HOST_to_FPGA,302592,639492.6866133354,639616.9746133354
38,fixed_manifest,40,1,host_fpga_pcie,FPGA_to_HOST,302592,639949.7221333354,640074.0101333355
38,fixed_manifest,40,2,gpu_host,HOST_to_GPU,302592,640074.0101333355,640108.4869333355
38,fixed_manifest,49,1,gpu_host,GPU_to_HOST,302592,640940.4437333358,640974.9205333358
38,fixed_manifest,49,2,host_fpga_pcie,HOST_to_FPGA,302592,640974.9205333358,641099.208533336
38,fixed_manifest,50,1,host_fpga_pcie,FPGA_to_HOST,302592,641431.9560533359,641556.244053336
38,fixed_manifest,50,2,gpu_host,HOST_to_GPU,302592,641556.244053336,641590.720853336
38,fixed_manifest,59,1,gpu_host,GPU_to_HOST,302592,642422.6776533363,642457.1544533363
38,fixed_manifest,59,2,host_fpga_pcie,HOST_to_FPGA,302592,642457.1544533363,642581.4424533363
38,fixed_manifest,60,1,host_fpga_pcie,FPGA_to_HOST,302592,642914.1899733364,643038.4779733365
38,fixed_manifest,60,2,gpu_host,HOST_to_GPU,302592,643038.4779733365,643072.9547733365
38,fixed_manifest,69,1,gpu_host,GPU_to_HOST,302592,643904.9115733367,643939.3883733368
38,fixed_manifest,69,2,host_fpga_pcie,HOST_to_FPGA,302592,643939.3883733368,644063.6763733368
38,fixed_manifest,70,1,host_fpga_pcie,FPGA_to_HOST,302592,644396.4238933368,644520.711893337
38,fixed_manifest,70,2,gpu_host,HOST_to_GPU,302592,644520.711893337,644555.1886933369
38,fixed_manifest,79,1,gpu_host,GPU_to_HOST,302592,645387.1454933372,645421.6222933372
38,fixed_manifest,79,2,host_fpga_pcie,HOST_to_FPGA,302592,645421.6222933372,645545.9102933373
38,fixed_manifest,80,1,host_fpga_pcie,FPGA_to_HOST,302592,645878.6578133373,646002.9458133373
38,fixed_manifest,80,2,gpu_host,HOST_to_GPU,302592,646002.9458133373,646037.4226133374
38,fixed_manifest,89,1,gpu_host,GPU_to_HOST,302592,646869.3794133377,646903.8562133376
38,fixed_manifest,89,2,host_fpga_pcie,HOST_to_FPGA,302592,646903.8562133376,647028.1442133378
38,fixed_manifest,90,1,host_fpga_pcie,FPGA_to_HOST,302592,647360.8917333378,647485.1797333378
38,fixed_manifest,90,2,gpu_host,HOST_to_GPU,302592,647485.1797333378,647519.6565333379
38,fixed_manifest,99,1,gpu_host,GPU_to_HOST,302592,648351.6133333382,648386.0901333381
38,fixed_manifest,99,2,host_fpga_pcie,HOST_to_FPGA,302592,648386.0901333381,648510.3781333382
38,fixed_manifest,100,1,host_fpga_pcie,FPGA_to_HOST,302592,648843.1256533383,648967.4136533383
38,fixed_manifest,100,2,gpu_host,HOST_to_GPU,302592,648967.4136533383,649001.8904533384
38,fixed_manifest,109,1,gpu_host,GPU_to_HOST,302592,649833.8472533386,649868.3240533386
38,fixed_manifest,109,2,host_fpga_pcie,HOST_to_FPGA,302592,649868.3240533386,649992.6120533387
38,fixed_manifest,110,1,host_fpga_pcie,FPGA_to_HOST,302592,650325.3595733386,650449.6475733388
38,fixed_manifest,110,2,gpu_host,HOST_to_GPU,302592,650449.6475733388,650484.1243733388
39,fixed_manifest,9,1,gpu_host,GPU_to_HOST,302592,651622.6995200004,651657.1763200004
39,fixed_manifest,9,2,host_fpga_pcie,HOST_to_FPGA,302592,651657.1763200004,651781.4643200005
38,fixed_manifest,119,1,gpu_host,GPU_to_HOST,302592,651815.4204800006,651849.8972800005
38,fixed_manifest,119,2,host_fpga_pcie,HOST_to_FPGA,302592,651849.8972800005,651974.1852800007
39,fixed_manifest,10,1,host_fpga_pcie,FPGA_to_HOST,302592,652114.2118400005,652238.4998400006
39,fixed_manifest,10,2,gpu_host,HOST_to_GPU,302592,652238.4998400006,652272.9766400006
38,fixed_manifest,120,1,host_fpga_pcie,FPGA_to_HOST,302592,652446.9593600006,652571.2473600006
38,fixed_manifest,120,2,gpu_host,HOST_to_GPU,302592,652571.2473600006,652605.7241600006
39,fixed_manifest,19,1,gpu_host,GPU_to_HOST,302592,653160.408640001,653194.885440001
39,fixed_manifest,19,2,host_fpga_pcie,HOST_to_FPGA,302592,653194.885440001,653319.1734400011
39,fixed_manifest,20,1,host_fpga_pcie,FPGA_to_HOST,302592,653651.9209600012,653776.2089600012
39,fixed_manifest,20,2,gpu_host,HOST_to_GPU,302592,653776.2089600012,653810.6857600012
39,fixed_manifest,29,1,gpu_host,GPU_to_HOST,302592,654642.6425600015,654677.1193600015
39,fixed_manifest,29,2,host_fpga_pcie,HOST_to_FPGA,302592,654677.1193600015,654801.4073600016
39,fixed_manifest,30,1,host_fpga_pcie,FPGA_to_HOST,302592,655134.1548800016,655258.4428800017
39,fixed_manifest,30,2,gpu_host,HOST_to_GPU,302592,655258.4428800017,655292.9196800017
39,fixed_manifest,39,1,gpu_host,GPU_to_HOST,302592,656124.876480002,656159.353280002
39,fixed_manifest,39,2,host_fpga_pcie,HOST_to_FPGA,302592,656159.353280002,656283.6412800021
39,fixed_manifest,40,1,host_fpga_pcie,FPGA_to_HOST,302592,656616.388800002,656740.6768000021
39,fixed_manifest,40,2,gpu_host,HOST_to_GPU,302592,656740.6768000021,656775.1536000022
39,fixed_manifest,49,1,gpu_host,GPU_to_HOST,302592,657607.1104000024,657641.5872000024
39,fixed_manifest,49,2,host_fpga_pcie,HOST_to_FPGA,302592,657641.5872000024,657765.8752000026
39,fixed_manifest,50,1,host_fpga_pcie,FPGA_to_HOST,302592,658098.6227200025,658222.9107200026
39,fixed_manifest,50,2,gpu_host,HOST_to_GPU,302592,658222.9107200026,658257.3875200027
39,fixed_manifest,59,1,gpu_host,GPU_to_HOST,302592,659089.3443200028,659123.8211200029
39,fixed_manifest,59,2,host_fpga_pcie,HOST_to_FPGA,302592,659123.8211200029,659248.109120003
39,fixed_manifest,60,1,host_fpga_pcie,FPGA_to_HOST,302592,659580.856640003,659705.1446400031
39,fixed_manifest,60,2,gpu_host,HOST_to_GPU,302592,659705.1446400031,659739.621440003
39,fixed_manifest,69,1,gpu_host,GPU_to_HOST,302592,660571.5782400033,660606.0550400034
39,fixed_manifest,69,2,host_fpga_pcie,HOST_to_FPGA,302592,660606.0550400034,660730.3430400034
39,fixed_manifest,70,1,host_fpga_pcie,FPGA_to_HOST,302592,661063.0905600034,661187.3785600036
39,fixed_manifest,70,2,gpu_host,HOST_to_GPU,302592,661187.3785600036,661221.8553600035
39,fixed_manifest,79,1,gpu_host,GPU_to_HOST,302592,662053.8121600038,662088.2889600039
39,fixed_manifest,79,2,host_fpga_pcie,HOST_to_FPGA,302592,662088.2889600039,662212.5769600039
39,fixed_manifest,80,1,host_fpga_pcie,FPGA_to_HOST,302592,662545.3244800039,662669.612480004
39,fixed_manifest,80,2,gpu_host,HOST_to_GPU,302592,662669.612480004,662704.089280004
39,fixed_manifest,89,1,gpu_host,GPU_to_HOST,302592,663536.0460800043,663570.5228800043
39,fixed_manifest,89,2,host_fpga_pcie,HOST_to_FPGA,302592,663570.5228800043,663694.8108800044
39,fixed_manifest,90,1,host_fpga_pcie,FPGA_to_HOST,302592,664027.5584000044,664151.8464000045
39,fixed_manifest,90,2,gpu_host,HOST_to_GPU,302592,664151.8464000045,664186.3232000045
39,fixed_manifest,99,1,gpu_host,GPU_to_HOST,302592,665018.2800000047,665052.7568000047
39,fixed_manifest,99,2,host_fpga_pcie,HOST_to_FPGA,302592,665052.7568000047,665177.0448000048
39,fixed_manifest,100,1,host_fpga_pcie,FPGA_to_HOST,302592,665509.7923200049,665634.080320005
39,fixed_manifest,100,2,gpu_host,HOST_to_GPU,302592,665634.080320005,665668.5571200049
39,fixed_manifest,109,1,gpu_host,GPU_to_HOST,302592,666500.5139200052,666534.9907200052
39,fixed_manifest,109,2,host_fpga_pcie,HOST_to_FPGA,302592,666534.9907200052,666659.2787200053
39,fixed_manifest,110,1,host_fpga_pcie,FPGA_to_HOST,302592,666992.0262400053,667116.3142400054
39,fixed_manifest,110,2,gpu_host,HOST_to_GPU,302592,667116.3142400054,667150.7910400054
40,fixed_manifest,9,1,gpu_host,GPU_to_HOST,302592,668289.3661866671,668323.8429866672
40,fixed_manifest,9,2,host_fpga_pcie,HOST_to_FPGA,302592,668323.8429866672,668448.1309866672
39,fixed_manifest,119,1,gpu_host,GPU_to_HOST,302592,668482.0871466672,668516.5639466672
39,fixed_manifest,119,2,host_fpga_pcie,HOST_to_FPGA,302592,668516.5639466672,668640.8519466673
40,fixed_manifest,10,1,host_fpga_pcie,FPGA_to_HOST,302592,668780.8785066672,668905.1665066673
40,fixed_manifest,10,2,gpu_host,HOST_to_GPU,302592,668905.1665066673,668939.6433066673
39,fixed_manifest,120,1,host_fpga_pcie,FPGA_to_HOST,302592,669113.6260266672,669237.9140266674
39,fixed_manifest,120,2,gpu_host,HOST_to_GPU,302592,669237.9140266674,669272.3908266673
40,fixed_manifest,19,1,gpu_host,GPU_to_HOST,302592,669827.0753066677,669861.5521066678
40,fixed_manifest,19,2,host_fpga_pcie,HOST_to_FPGA,302592,669861.5521066678,669985.8401066678
40,fixed_manifest,20,1,host_fpga_pcie,FPGA_to_HOST,302592,670318.5876266678,670442.875626668
40,fixed_manifest,20,2,gpu_host,HOST_to_GPU,302592,670442.875626668,670477.3524266679
40,fixed_manifest,29,1,gpu_host,GPU_to_HOST,302592,671309.3092266682,671343.7860266683
40,fixed_manifest,29,2,host_fpga_pcie,HOST_to_FPGA,302592,671343.7860266683,671468.0740266683
40,fixed_manifest,30,1,host_fpga_pcie,FPGA_to_HOST,302592,671800.8215466683,671925.1095466684
40,fixed_manifest,30,2,gpu_host,HOST_to_GPU,302592,671925.1095466684,671959.5863466684
40,fixed_manifest,39,1,gpu_host,GPU_to_HOST,302592,672791.5431466687,672826.0199466686
40,fixed_manifest,39,2,host_fpga_pcie,HOST_to_FPGA,302592,672826.0199466686,672950.3079466688
40,fixed_manifest,40,1,host_fpga_pcie,FPGA_to_HOST,302592,673283.0554666688,673407.3434666689
40,fixed_manifest,40,2,gpu_host,HOST_to_GPU,302592,673407.3434666689,673441.8202666689
40,fixed_manifest,49,1,gpu_host,GPU_to_HOST,302592,674273.7770666691,674308.2538666691
40,fixed_manifest,49,2,host_fpga_pcie,HOST_to_FPGA,302592,674308.2538666691,674432.5418666692
40,fixed_manifest,50,1,host_fpga_pcie,FPGA_to_HOST,302592,674765.2893866693,674889.5773866693
40,fixed_manifest,50,2,gpu_host,HOST_to_GPU,302592,674889.5773866693,674924.0541866693
40,fixed_manifest,59,1,gpu_host,GPU_to_HOST,302592,675756.0109866696,675790.4877866696
40,fixed_manifest,59,2,host_fpga_pcie,HOST_to_FPGA,302592,675790.4877866696,675914.7757866697
40,fixed_manifest,60,1,host_fpga_pcie,FPGA_to_HOST,302592,676247.5233066697,676371.8113066698
40,fixed_manifest,60,2,gpu_host,HOST_to_GPU,302592,676371.8113066698,676406.2881066698
40,fixed_manifest,69,1,gpu_host,GPU_to_HOST,302592,677238.2449066701,677272.7217066701
40,fixed_manifest,69,2,host_fpga_pcie,HOST_to_FPGA,302592,677272.7217066701,677397.0097066702
40,fixed_manifest,70,1,host_fpga_pcie,FPGA_to_HOST,302592,677729.7572266702,677854.0452266702
40,fixed_manifest,70,2,gpu_host,HOST_to_GPU,302592,677854.0452266702,677888.5220266703
40,fixed_manifest,79,1,gpu_host,GPU_to_HOST,302592,678720.4788266706,678754.9556266705
40,fixed_manifest,79,2,host_fpga_pcie,HOST_to_FPGA,302592,678754.9556266705,678879.2436266707
40,fixed_manifest,80,1,host_fpga_pcie,FPGA_to_HOST,302592,679211.9911466707,679336.2791466707
40,fixed_manifest,80,2,gpu_host,HOST_to_GPU,302592,679336.2791466707,679370.7559466708
40,fixed_manifest,89,1,gpu_host,GPU_to_HOST,302592,680202.7127466709,680237.189546671
40,fixed_manifest,89,2,host_fpga_pcie,HOST_to_FPGA,302592,680237.189546671,680361.477546671
40,fixed_manifest,90,1,host_fpga_pcie,FPGA_to_HOST,302592,680694.2250666711,680818.5130666712
40,fixed_manifest,90,2,gpu_host,HOST_to_GPU,302592,680818.5130666712,680852.9898666712
40,fixed_manifest,99,1,gpu_host,GPU_to_HOST,302592,681684.9466666714,681719.4234666715
40,fixed_manifest,99,2,host_fpga_pcie,HOST_to_FPGA,302592,681719.4234666715,681843.7114666715
40,fixed_manifest,100,1,host_fpga_pcie,FPGA_to_HOST,302592,682176.4589866715,682300.7469866717
40,fixed_manifest,100,2,gpu_host,HOST_to_GPU,302592,682300.7469866717,682335.2237866716
40,fixed_manifest,109,1,gpu_host,GPU_to_HOST,302592,683167.1805866719,683201.657386672
40,fixed_manifest,109,2,host_fpga_pcie,HOST_to_FPGA,302592,683201.657386672,683325.945386672
40,fixed_manifest,110,1,host_fpga_pcie,FPGA_to_HOST,302592,683658.692906672,683782.9809066721
40,fixed_manifest,110,2,gpu_host,HOST_to_GPU,302592,683782.9809066721,683817.4577066721
41,fixed_manifest,9,1,gpu_host,GPU_to_HOST,302592,684956.0328533337,684990.5096533337
41,fixed_manifest,9,2,host_fpga_pcie,HOST_to_FPGA,302592,684990.5096533337,685114.7976533339
40,fixed_manifest,119,1,gpu_host,GPU_to_HOST,302592,685148.7538133338,685183.2306133339
40,fixed_manifest,119,2,host_fpga_pcie,HOST_to_FPGA,302592,685183.2306133339,685307.5186133339
41,fixed_manifest,10,1,host_fpga_pcie,FPGA_to_HOST,302592,685447.5451733338,685571.8331733339
41,fixed_manifest,10,2,gpu_host,HOST_to_GPU,302592,685571.8331733339,685606.309973334
40,fixed_manifest,120,1,host_fpga_pcie,FPGA_to_HOST,302592,685780.2926933338,685904.5806933339
40,fixed_manifest,120,2,gpu_host,HOST_to_GPU,302592,685904.5806933339,685939.0574933339
41,fixed_manifest,19,1,gpu_host,GPU_to_HOST,302592,686493.7419733343,686528.2187733344
41,fixed_manifest,19,2,host_fpga_pcie,HOST_to_FPGA,302592,686528.2187733344,686652.5067733345
41,fixed_manifest,20,1,host_fpga_pcie,FPGA_to_HOST,302592,686985.2542933344,687109.5422933345
41,fixed_manifest,20,2,gpu_host,HOST_to_GPU,302592,687109.5422933345,687144.0190933346
41,fixed_manifest,29,1,gpu_host,GPU_to_HOST,302592,687975.9758933348,688010.4526933348
41,fixed_manifest,29,2,host_fpga_pcie,HOST_to_FPGA,302592,688010.4526933348,688134.740693335
41,fixed_manifest,30,1,host_fpga_pcie,FPGA_to_HOST,302592,688467.4882133349,688591.776213335
41,fixed_manifest,30,2,gpu_host,HOST_to_GPU,302592,688591.776213335,688626.253013335
41,fixed_manifest,39,1,gpu_host,GPU_to_HOST,302592,689458.2098133353,689492.6866133353
41,fixed_manifest,39,2,host_fpga_pcie,HOST_to_FPGA,302592,689492.6866133353,689616.9746133353
41,fixed_manifest,40,1,host_fpga_pcie,FPGA_to_HOST,302592,689949.7221333354,690074.0101333355
41,fixed_manifest,40,2,gpu_host,HOST_to_GPU,302592,690074.0101333355,690108.4869333354
41,fixed_manifest,49,1,gpu_host,GPU_to_HOST,302592,690940.4437333357,690974.9205333358
41,fixed_manifest,49,2,host_fpga_pcie,HOST_to_FPGA,302592,690974.9205333358,691099.2085333358
41,fixed_manifest,50,1,host_fpga_pcie,FPGA_to_HOST,302592,691431.9560533358,691556.244053336
41,fixed_manifest,50,2,gpu_host,HOST_to_GPU,302592,691556.244053336,691590.7208533359
41,fixed_manifest,59,1,gpu_host,GPU_to_HOST,302592,692422.6776533362,692457.1544533363
41,fixed_manifest,59,2,host_fpga_pcie,HOST_to_FPGA,302592,692457.1544533363,692581.4424533363
41,fixed_manifest,60,1,host_fpga_pcie,FPGA_to_HOST,302592,692914.1899733363,693038.4779733364
41,fixed_manifest,60,2,gpu_host,HOST_to_GPU,302592,693038.4779733364,693072.9547733364
41,fixed_manifest,69,1,gpu_host,GPU_to_HOST,302592,693904.9115733367,693939.3883733366
41,fixed_manifest,69,2,host_fpga_pcie,HOST_to_FPGA,302592,693939.3883733366,694063.6763733368
41,fixed_manifest,70,1,host_fpga_pcie,FPGA_to_HOST,302592,694396.4238933368,694520.7118933368
41,fixed_manifest,70,2,gpu_host,HOST_to_GPU,302592,694520.7118933368,694555.1886933369
41,fixed_manifest,79,1,gpu_host,GPU_to_HOST,302592,695387.1454933372,695421.6222933371
41,fixed_manifest,79,2,host_fpga_pcie,HOST_to_FPGA,302592,695421.6222933371,695545.9102933372
41,fixed_manifest,80,1,host_fpga_pcie,FPGA_to_HOST,302592,695878.6578133373,696002.9458133373
41,fixed_manifest,80,2,gpu_host,HOST_to_GPU,302592,696002.9458133373,696037.4226133373
41,fixed_manifest,89,1,gpu_host,GPU_to_HOST,302592,696869.3794133376,696903.8562133376
41,fixed_manifest,89,2,host_fpga_pcie,HOST_to_FPGA,302592,696903.8562133376,697028.1442133377
41,fixed_manifest,90,1,host_fpga_pcie,FPGA_to_HOST,302592,697360.8917333377,697485.1797333378
41,fixed_manifest,90,2,gpu_host,HOST_to_GPU,302592,697485.1797333378,697519.6565333378
41,fixed_manifest,99,1,gpu_host,GPU_to_HOST,302592,698351.613333338,698386.0901333381
41,fixed_manifest,99,2,host_fpga_pcie,HOST_to_FPGA,302592,698386.0901333381,698510.3781333382
41,fixed_manifest,100,1,host_fpga_pcie,FPGA_to_HOST,302592,698843.1256533382,698967.4136533382
41,fixed_manifest,100,2,gpu_host,HOST_to_GPU,302592,698967.4136533382,699001.8904533383
41,fixed_manifest,109,1,gpu_host,GPU_to_HOST,302592,699833.8472533386,699868.3240533385
41,fixed_manifest,109,2,host_fpga_pcie,HOST_to_FPGA,302592,699868.3240533385,699992.6120533387
41,fixed_manifest,110,1,host_fpga_pcie,FPGA_to_HOST,302592,700325.3595733386,700449.6475733387
41,fixed_manifest,110,2,gpu_host,HOST_to_GPU,302592,700449.6475733387,700484.1243733388
42,fixed_manifest,9,1,gpu_host,GPU_to_HOST,302592,701622.6995200004,701657.1763200003
42,fixed_manifest,9,2,host_fpga_pcie,HOST_to_FPGA,302592,701657.1763200003,701781.4643200005
41,fixed_manifest,119,1,gpu_host,GPU_to_HOST,302592,701815.4204800004,701849.8972800005
41,fixed_manifest,119,2,host_fpga_pcie,HOST_to_FPGA,302592,701849.8972800005,701974.1852800006
42,fixed_manifest,10,1,host_fpga_pcie,FPGA_to_HOST,302592,702114.2118400005,702238.4998400005
42,fixed_manifest,10,2,gpu_host,HOST_to_GPU,302592,702238.4998400005,702272.9766400006
41,fixed_manifest,120,1,host_fpga_pcie,FPGA_to_HOST,302592,702446.9593600004,702571.2473600005
41,fixed_manifest,120,2,gpu_host,HOST_to_GPU,302592,702571.2473600005,702605.7241600006
42,fixed_manifest,19,1,gpu_host,GPU_to_HOST,302592,703160.408640001,703194.8854400009
42,fixed_manifest,19,2,host_fpga_pcie,HOST_to_FPGA,302592,703194.8854400009,703319.1734400011
42,fixed_manifest,20,1,host_fpga_pcie,FPGA_to_HOST,302592,703651.9209600011,703776.2089600011
42,fixed_manifest,20,2,gpu_host,HOST_to_GPU,302592,703776.2089600011,703810.6857600012
42,fixed_manifest,29,1,gpu_host,GPU_to_HOST,302592,704642.6425600015,704677.1193600014
42,fixed_manifest,29,2,host_fpga_pcie,HOST_to_FPGA,302592,704677.1193600014,704801.4073600015
42,fixed_manifest,30,1,host_fpga_pcie,FPGA_to_HOST,302592,705134.1548800016,705258.4428800016
42,fixed_manifest,30,2,gpu_host,HOST_to_GPU,302592,705258.4428800016,705292.9196800017
42,fixed_manifest,39,1,gpu_host,GPU_to_HOST,302592,706124.8764800018,706159.3532800019
42,fixed_manifest,39,2,host_fpga_pcie,HOST_to_FPGA,302592,706159.3532800019,706283.641280002
42,fixed_manifest,40,1,host_fpga_pcie,FPGA_to_HOST,302592,706616.3888000019,706740.6768000021
42,fixed_manifest,40,2,gpu_host,HOST_to_GPU,302592,706740.6768000021,706775.153600002
42,fixed_manifest,49,1,gpu_host,GPU_to_HOST,302592,707607.1104000023,707641.5872000024
42,fixed_manifest,49,2,host_fpga_pcie,HOST_to_FPGA,302592,707641.5872000024,707765.8752000025
42,fixed_manifest,50,1,host_fpga_pcie,FPGA_to_HOST,302592,708098.6227200024,708222.9107200025
42,fixed_manifest,50,2,gpu_host,HOST_to_GPU,302592,708222.9107200025,708257.3875200026
42,fixed_manifest,59,1,gpu_host,GPU_to_HOST,302592,709089.3443200028,709123.8211200028
42,fixed_manifest,59,2,host_fpga_pcie,HOST_to_FPGA,302592,709123.8211200028,709248.109120003
42,fixed_manifest,60,1,host_fpga_pcie,FPGA_to_HOST,302592,709580.8566400029,709705.144640003
42,fixed_manifest,60,2,gpu_host,HOST_to_GPU,302592,709705.144640003,709739.621440003
42,fixed_manifest,69,1,gpu_host,GPU_to_HOST,302592,710571.5782400033,710606.0550400033
42,fixed_manifest,69,2,host_fpga_pcie,HOST_to_FPGA,302592,710606.0550400033,710730.3430400033
42,fixed_manifest,70,1,host_fpga_pcie,FPGA_to_HOST,302592,711063.0905600034,711187.3785600035
42,fixed_manifest,70,2,gpu_host,HOST_to_GPU,302592,711187.3785600035,711221.8553600035
42,fixed_manifest,79,1,gpu_host,GPU_to_HOST,302592,712053.8121600037,712088.2889600038
42,fixed_manifest,79,2,host_fpga_pcie,HOST_to_FPGA,302592,712088.2889600038,712212.5769600038
42,fixed_manifest,80,1,host_fpga_pcie,FPGA_to_HOST,302592,712545.3244800038,712669.612480004
42,fixed_manifest,80,2,gpu_host,HOST_to_GPU,302592,712669.612480004,712704.0892800039
42,fixed_manifest,89,1,gpu_host,GPU_to_HOST,302592,713536.0460800042,713570.5228800043
42,fixed_manifest,89,2,host_fpga_pcie,HOST_to_FPGA,302592,713570.5228800043,713694.8108800043
42,fixed_manifest,90,1,host_fpga_pcie,FPGA_to_HOST,302592,714027.5584000043,714151.8464000043
42,fixed_manifest,90,2,gpu_host,HOST_to_GPU,302592,714151.8464000043,714186.3232000044
42,fixed_manifest,99,1,gpu_host,GPU_to_HOST,302592,715018.2800000047,715052.7568000046
42,fixed_manifest,99,2,host_fpga_pcie,HOST_to_FPGA,302592,715052.7568000046,715177.0448000048
42,fixed_manifest,100,1,host_fpga_pcie,FPGA_to_HOST,302592,715509.7923200048,715634.0803200048
42,fixed_manifest,100,2,gpu_host,HOST_to_GPU,302592,715634.0803200048,715668.5571200049
42,fixed_manifest,109,1,gpu_host,GPU_to_HOST,302592,716500.5139200052,716534.9907200051
42,fixed_manifest,109,2,host_fpga_pcie,HOST_to_FPGA,302592,716534.9907200051,716659.2787200052
42,fixed_manifest,110,1,host_fpga_pcie,FPGA_to_HOST,302592,716992.0262400053,717116.3142400053
42,fixed_manifest,110,2,gpu_host,HOST_to_GPU,302592,717116.3142400053,717150.7910400054
43,fixed_manifest,9,1,gpu_host,GPU_to_HOST,302592,718289.3661866671,718323.8429866672
43,fixed_manifest,9,2,host_fpga_pcie,HOST_to_FPGA,302592,718323.8429866672,718448.1309866672
42,fixed_manifest,119,1,gpu_host,GPU_to_HOST,302592,718482.0871466673,718516.5639466672
42,fixed_manifest,119,2,host_fpga_pcie,HOST_to_FPGA,302592,718516.5639466672,718640.8519466674
43,fixed_manifest,10,1,host_fpga_pcie,FPGA_to_HOST,302592,718780.8785066673,718905.1665066674
43,fixed_manifest,10,2,gpu_host,HOST_to_GPU,302592,718905.1665066674,718939.6433066673
42,fixed_manifest,120,1,host_fpga_pcie,FPGA_to_HOST,302592,719113.6260266673,719237.9140266674
42,fixed_manifest,120,2,gpu_host,HOST_to_GPU,302592,719237.9140266674,719272.3908266674
43,fixed_manifest,19,1,gpu_host,GPU_to_HOST,302592,719827.0753066678,719861.5521066678
43,fixed_manifest,19,2,host_fpga_pcie,HOST_to_FPGA,302592,719861.5521066678,719985.8401066678
43,fixed_manifest,20,1,host_fpga_pcie,FPGA_to_HOST,302592,720318.5876266679,720442.875626668
43,fixed_manifest,20,2,gpu_host,HOST_to_GPU,302592,720442.875626668,720477.352426668
43,fixed_manifest,29,1,gpu_host,GPU_to_HOST,302592,721309.3092266682,721343.7860266683
43,fixed_manifest,29,2,host_fpga_pcie,HOST_to_FPGA,302592,721343.7860266683,721468.0740266683
43,fixed_manifest,30,1,host_fpga_pcie,FPGA_to_HOST,302592,721800.8215466683,721925.1095466685
43,fixed_manifest,30,2,gpu_host,HOST_to_GPU,302592,721925.1095466685,721959.5863466684
43,fixed_manifest,39,1,gpu_host,GPU_to_HOST,302592,722791.5431466687,722826.0199466688
43,fixed_manifest,39,2,host_fpga_pcie,HOST_to_FPGA,302592,722826.0199466688,722950.3079466688
43,fixed_manifest,40,1,host_fpga_pcie,FPGA_to_HOST,302592,723283.0554666688,723407.3434666689
43,fixed_manifest,40,2,gpu_host,HOST_to_GPU,302592,723407.3434666689,723441.8202666689
43,fixed_manifest,49,1,gpu_host,GPU_to_HOST,302592,724273.7770666692,724308.2538666691
43,fixed_manifest,49,2,host_fpga_pcie,HOST_to_FPGA,302592,724308.2538666691,724432.5418666693
43,fixed_manifest,50,1,host_fpga_pcie,FPGA_to_HOST,302592,724765.2893866693,724889.5773866693
43,fixed_manifest,50,2,gpu_host,HOST_to_GPU,302592,724889.5773866693,724924.0541866694
43,fixed_manifest,59,1,gpu_host,GPU_to_HOST,302592,725756.0109866697,725790.4877866696
43,fixed_manifest,59,2,host_fpga_pcie,HOST_to_FPGA,302592,725790.4877866696,725914.7757866697
43,fixed_manifest,60,1,host_fpga_pcie,FPGA_to_HOST,302592,726247.5233066698,726371.8113066698
43,fixed_manifest,60,2,gpu_host,HOST_to_GPU,302592,726371.8113066698,726406.2881066699
43,fixed_manifest,69,1,gpu_host,GPU_to_HOST,302592,727238.2449066701,727272.7217066701
43,fixed_manifest,69,2,host_fpga_pcie,HOST_to_FPGA,302592,727272.7217066701,727397.0097066702
43,fixed_manifest,70,1,host_fpga_pcie,FPGA_to_HOST,302592,727729.7572266702,727854.0452266703
43,fixed_manifest,70,2,gpu_host,HOST_to_GPU,302592,727854.0452266703,727888.5220266703
43,fixed_manifest,79,1,gpu_host,GPU_to_HOST,302592,728720.4788266706,728754.9556266706
43,fixed_manifest,79,2,host_fpga_pcie,HOST_to_FPGA,302592,728754.9556266706,728879.2436266707
43,fixed_manifest,80,1,host_fpga_pcie,FPGA_to_HOST,302592,729211.9911466707,729336.2791466707
43,fixed_manifest,80,2,gpu_host,HOST_to_GPU,302592,729336.2791466707,729370.7559466708
43,fixed_manifest,89,1,gpu_host,GPU_to_HOST,302592,730202.712746671,730237.189546671
43,fixed_manifest,89,2,host_fpga_pcie,HOST_to_FPGA,302592,730237.189546671,730361.4775466712
43,fixed_manifest,90,1,host_fpga_pcie,FPGA_to_HOST,302592,730694.2250666711,730818.5130666712
43,fixed_manifest,90,2,gpu_host,HOST_to_GPU,302592,730818.5130666712,730852.9898666713
43,fixed_manifest,99,1,gpu_host,GPU_to_HOST,302592,731684.9466666715,731719.4234666715
43,fixed_manifest,99,2,host_fpga_pcie,HOST_to_FPGA,302592,731719.4234666715,731843.7114666715
43,fixed_manifest,100,1,host_fpga_pcie,FPGA_to_HOST,302592,732176.4589866716,732300.7469866717
43,fixed_manifest,100,2,gpu_host,HOST_to_GPU,302592,732300.7469866717,732335.2237866718
43,fixed_manifest,109,1,gpu_host,GPU_to_HOST,302592,733167.1805866719,733201.657386672
43,fixed_manifest,109,2,host_fpga_pcie,HOST_to_FPGA,302592,733201.657386672,733325.945386672
43,fixed_manifest,110,1,host_fpga_pcie,FPGA_to_HOST,302592,733658.692906672,733782.9809066722
43,fixed_manifest,110,2,gpu_host,HOST_to_GPU,302592,733782.9809066722,733817.4577066721
44,fixed_manifest,9,1,gpu_host,GPU_to_HOST,302592,734956.0328533337,734990.5096533338
44,fixed_manifest,9,2,host_fpga_pcie,HOST_to_FPGA,302592,734990.5096533338,735114.7976533339
43,fixed_manifest,119,1,gpu_host,GPU_to_HOST,302592,735148.7538133339,735183.2306133339
43,fixed_manifest,119,2,host_fpga_pcie,HOST_to_FPGA,302592,735183.2306133339,735307.5186133339
44,fixed_manifest,10,1,host_fpga_pcie,FPGA_to_HOST,302592,735447.5451733338,735571.833173334
44,fixed_manifest,10,2,gpu_host,HOST_to_GPU,302592,735571.833173334,735606.309973334
43,fixed_manifest,120,1,host_fpga_pcie,FPGA_to_HOST,302592,735780.2926933339,735904.580693334
43,fixed_manifest,120,2,gpu_host,HOST_to_GPU,302592,735904.580693334,735939.0574933339
44,fixed_manifest,19,1,gpu_host,GPU_to_HOST,302592,736493.7419733343,736528.2187733344
44,fixed_manifest,19,2,host_fpga_pcie,HOST_to_FPGA,302592,736528.2187733344,736652.5067733345
44,fixed_manifest,20,1,host_fpga_pcie,FPGA_to_HOST,302592,736985.2542933346,737109.5422933346
44,fixed_manifest,20,2,gpu_host,HOST_to_GPU,302592,737109.5422933346,737144.0190933346
44,fixed_manifest,29,1,gpu_host,GPU_to_HOST,302592,737975.9758933348,738010.4526933349
44,fixed_manifest,29,2,host_fpga_pcie,HOST_to_FPGA,302592,738010.4526933349,738134.740693335
44,fixed_manifest,30,1,host_fpga_pcie,FPGA_to_HOST,302592,738467.4882133349,738591.7762133351
44,fixed_manifest,30,2,gpu_host,HOST_to_GPU,302592,738591.7762133351,738626.253013335
44,fixed_manifest,39,1,gpu_host,GPU_to_HOST,302592,739458.2098133353,739492.6866133354
44,fixed_manifest,39,2,host_fpga_pcie,HOST_to_FPGA,302592,739492.6866133354,739616.9746133354
44,fixed_manifest,40,1,host_fpga_pcie,FPGA_to_HOST,302592,739949.7221333354,740074.0101333355
44,fixed_manifest,40,2,gpu_host,HOST_to_GPU,302592,740074.0101333355,740108.4869333355
44,fixed_manifest,49,1,gpu_host,GPU_to_HOST,302592,740940.4437333358,740974.9205333358
44,fixed_manifest,49,2,host_fpga_pcie,HOST_to_FPGA,302592,740974.9205333358,741099.208533336
44,fixed_manifest,50,1,host_fpga_pcie,FPGA_to_HOST,302592,741431.9560533359,741556.244053336
44,fixed_manifest,50,2,gpu_host,HOST_to_GPU,302592,741556.244053336,741590.720853336
44,fixed_manifest,59,1,gpu_host,GPU_to_HOST,302592,742422.6776533362,742457.1544533363
44,fixed_manifest,59,2,host_fpga_pcie,HOST_to_FPGA,302592,742457.1544533363,742581.4424533363
44,fixed_manifest,60,1,host_fpga_pcie,FPGA_to_HOST,302592,742914.1899733364,743038.4779733365
44,fixed_manifest,60,2,gpu_host,HOST_to_GPU,302592,743038.4779733365,743072.9547733364
44,fixed_manifest,69,1,gpu_host,GPU_to_HOST,302592,743904.9115733367,743939.3883733368
44,fixed_manifest,69,2,host_fpga_pcie,HOST_to_FPGA,302592,743939.3883733368,744063.6763733368
44,fixed_manifest,70,1,host_fpga_pcie,FPGA_to_HOST,302592,744396.4238933368,744520.711893337
44,fixed_manifest,70,2,gpu_host,HOST_to_GPU,302592,744520.711893337,744555.1886933369
44,fixed_manifest,79,1,gpu_host,GPU_to_HOST,302592,745387.1454933372,745421.6222933372
44,fixed_manifest,79,2,host_fpga_pcie,HOST_to_FPGA,302592,745421.6222933372,745545.9102933373
44,fixed_manifest,80,1,host_fpga_pcie,FPGA_to_HOST,302592,745878.6578133373,746002.9458133373
44,fixed_manifest,80,2,gpu_host,HOST_to_GPU,302592,746002.9458133373,746037.4226133374
44,fixed_manifest,89,1,gpu_host,GPU_to_HOST,302592,746869.3794133377,746903.8562133376
44,fixed_manifest,89,2,host_fpga_pcie,HOST_to_FPGA,302592,746903.8562133376,747028.1442133377
44,fixed_manifest,90,1,host_fpga_pcie,FPGA_to_HOST,302592,747360.8917333378,747485.1797333378
44,fixed_manifest,90,2,gpu_host,HOST_to_GPU,302592,747485.1797333378,747519.6565333379
44,fixed_manifest,99,1,gpu_host,GPU_to_HOST,302592,748351.613333338,748386.0901333381
44,fixed_manifest,99,2,host_fpga_pcie,HOST_to_FPGA,302592,748386.0901333381,748510.3781333382
44,fixed_manifest,100,1,host_fpga_pcie,FPGA_to_HOST,302592,748843.1256533383,748967.4136533383
44,fixed_manifest,100,2,gpu_host,HOST_to_GPU,302592,748967.4136533383,749001.8904533383
44,fixed_manifest,109,1,gpu_host,GPU_to_HOST,302592,749833.8472533386,749868.3240533386
44,fixed_manifest,109,2,host_fpga_pcie,HOST_to_FPGA,302592,749868.3240533386,749992.6120533387
44,fixed_manifest,110,1,host_fpga_pcie,FPGA_to_HOST,302592,750325.3595733386,750449.6475733387
44,fixed_manifest,110,2,gpu_host,HOST_to_GPU,302592,750449.6475733387,750484.1243733388
45,fixed_manifest,9,1,gpu_host,GPU_to_HOST,302592,751622.6995200004,751657.1763200004
45,fixed_manifest,9,2,host_fpga_pcie,HOST_to_FPGA,302592,751657.1763200004,751781.4643200005
44,fixed_manifest,119,1,gpu_host,GPU_to_HOST,302592,751815.4204800006,751849.8972800005
44,fixed_manifest,119,2,host_fpga_pcie,HOST_to_FPGA,302592,751849.8972800005,751974.1852800006
45,fixed_manifest,10,1,host_fpga_pcie,FPGA_to_HOST,302592,752114.2118400005,752238.4998400005
45,fixed_manifest,10,2,gpu_host,HOST_to_GPU,302592,752238.4998400005,752272.9766400006
44,fixed_manifest,120,1,host_fpga_pcie,FPGA_to_HOST,302592,752446.9593600004,752571.2473600006
44,fixed_manifest,120,2,gpu_host,HOST_to_GPU,302592,752571.2473600006,752605.7241600006
45,fixed_manifest,19,1,gpu_host,GPU_to_HOST,302592,753160.408640001,753194.885440001
45,fixed_manifest,19,2,host_fpga_pcie,HOST_to_FPGA,302592,753194.885440001,753319.1734400011
45,fixed_manifest,20,1,host_fpga_pcie,FPGA_to_HOST,302592,753651.9209600011,753776.2089600012
45,fixed_manifest,20,2,gpu_host,HOST_to_GPU,302592,753776.2089600012,753810.6857600012
45,fixed_manifest,29,1,gpu_host,GPU_to_HOST,302592,754642.6425600015,754677.1193600015
45,fixed_manifest,29,2,host_fpga_pcie,HOST_to_FPGA,302592,754677.1193600015,754801.4073600016
45,fixed_manifest,30,1,host_fpga_pcie,FPGA_to_HOST,302592,755134.1548800016,755258.4428800016
45,fixed_manifest,30,2,gpu_host,HOST_to_GPU,302592,755258.4428800016,755292.9196800017
45,fixed_manifest,39,1,gpu_host,GPU_to_HOST,302592,756124.876480002,756159.3532800019
45,fixed_manifest,39,2,host_fpga_pcie,HOST_to_FPGA,302592,756159.3532800019,756283.6412800021
45,fixed_manifest,40,1,host_fpga_pcie,FPGA_to_HOST,302592,756616.388800002,756740.6768000021
45,fixed_manifest,40,2,gpu_host,HOST_to_GPU,302592,756740.6768000021,756775.1536000022
45,fixed_manifest,49,1,gpu_host,GPU_to_HOST,302592,757607.1104000024,757641.5872000024
45,fixed_manifest,49,2,host_fpga_pcie,HOST_to_FPGA,302592,757641.5872000024,757765.8752000025
45,fixed_manifest,50,1,host_fpga_pcie,FPGA_to_HOST,302592,758098.6227200025,758222.9107200026
45,fixed_manifest,50,2,gpu_host,HOST_to_GPU,302592,758222.9107200026,758257.3875200026
45,fixed_manifest,59,1,gpu_host,GPU_to_HOST,302592,759089.3443200028,759123.8211200029
45,fixed_manifest,59,2,host_fpga_pcie,HOST_to_FPGA,302592,759123.8211200029,759248.109120003
45,fixed_manifest,60,1,host_fpga_pcie,FPGA_to_HOST,302592,759580.8566400029,759705.1446400031
45,fixed_manifest,60,2,gpu_host,HOST_to_GPU,302592,759705.1446400031,759739.621440003
45,fixed_manifest,69,1,gpu_host,GPU_to_HOST,302592,760571.5782400033,760606.0550400034
45,fixed_manifest,69,2,host_fpga_pcie,HOST_to_FPGA,302592,760606.0550400034,760730.3430400034
45,fixed_manifest,70,1,host_fpga_pcie,FPGA_to_HOST,302592,761063.0905600034,761187.3785600035
45,fixed_manifest,70,2,gpu_host,HOST_to_GPU,302592,761187.3785600035,761221.8553600035
45,fixed_manifest,79,1,gpu_host,GPU_to_HOST,302592,762053.8121600038,762088.2889600038
45,fixed_manifest,79,2,host_fpga_pcie,HOST_to_FPGA,302592,762088.2889600038,762212.5769600039
45,fixed_manifest,80,1,host_fpga_pcie,FPGA_to_HOST,302592,762545.3244800039,762669.612480004
45,fixed_manifest,80,2,gpu_host,HOST_to_GPU,302592,762669.612480004,762704.089280004
45,fixed_manifest,89,1,gpu_host,GPU_to_HOST,302592,763536.0460800043,763570.5228800043
45,fixed_manifest,89,2,host_fpga_pcie,HOST_to_FPGA,302592,763570.5228800043,763694.8108800043
45,fixed_manifest,90,1,host_fpga_pcie,FPGA_to_HOST,302592,764027.5584000044,764151.8464000045
45,fixed_manifest,90,2,gpu_host,HOST_to_GPU,302592,764151.8464000045,764186.3232000044
45,fixed_manifest,99,1,gpu_host,GPU_to_HOST,302592,765018.2800000047,765052.7568000047
45,fixed_manifest,99,2,host_fpga_pcie,HOST_to_FPGA,302592,765052.7568000047,765177.0448000048
45,fixed_manifest,100,1,host_fpga_pcie,FPGA_to_HOST,302592,765509.7923200048,765634.080320005
45,fixed_manifest,100,2,gpu_host,HOST_to_GPU,302592,765634.080320005,765668.5571200049
45,fixed_manifest,109,1,gpu_host,GPU_to_HOST,302592,766500.5139200052,766534.9907200052
45,fixed_manifest,109,2,host_fpga_pcie,HOST_to_FPGA,302592,766534.9907200052,766659.2787200053
45,fixed_manifest,110,1,host_fpga_pcie,FPGA_to_HOST,302592,766992.0262400053,767116.3142400053
45,fixed_manifest,110,2,gpu_host,HOST_to_GPU,302592,767116.3142400053,767150.7910400054
46,fixed_manifest,9,1,gpu_host,GPU_to_HOST,302592,768289.3661866671,768323.8429866671
46,fixed_manifest,9,2,host_fpga_pcie,HOST_to_FPGA,302592,768323.8429866671,768448.1309866672
45,fixed_manifest,119,1,gpu_host,GPU_to_HOST,302592,768482.0871466672,768516.5639466672
45,fixed_manifest,119,2,host_fpga_pcie,HOST_to_FPGA,302592,768516.5639466672,768640.8519466673
46,fixed_manifest,10,1,host_fpga_pcie,FPGA_to_HOST,302592,768780.8785066672,768905.1665066673
46,fixed_manifest,10,2,gpu_host,HOST_to_GPU,302592,768905.1665066673,768939.6433066673
45,fixed_manifest,120,1,host_fpga_pcie,FPGA_to_HOST,302592,769113.6260266672,769237.9140266672
45,fixed_manifest,120,2,gpu_host,HOST_to_GPU,302592,769237.9140266672,769272.3908266673
46,fixed_manifest,19,1,gpu_host,GPU_to_HOST,302592,769827.0753066677,769861.5521066678
46,fixed_manifest,19,2,host_fpga_pcie,HOST_to_FPGA,302592,769861.5521066678,769985.8401066678
46,fixed_manifest,20,1,host_fpga_pcie,FPGA_to_HOST,302592,770318.5876266678,770442.8756266679
46,fixed_manifest,20,2,gpu_host,HOST_to_GPU,302592,770442.8756266679,770477.3524266679
46,fixed_manifest,29,1,gpu_host,GPU_to_HOST,302592,771309.3092266682,771343.7860266682
46,fixed_manifest,29,2,host_fpga_pcie,HOST_to_FPGA,302592,771343.7860266682,771468.0740266683
46,fixed_manifest,30,1,host_fpga_pcie,FPGA_to_HOST,302592,771800.8215466683,771925.1095466684
46,fixed_manifest,30,2,gpu_host,HOST_to_GPU,302592,771925.1095466684,771959.5863466684
46,fixed_manifest,39,1,gpu_host,GPU_to_HOST,302592,772791.5431466687,772826.0199466686
46,fixed_manifest,39,2,host_fpga_pcie,HOST_to_FPGA,302592,772826.0199466686,772950.3079466687
46,fixed_manifest,40,1,host_fpga_pcie,FPGA_to_HOST,302592,773283.0554666688,773407.3434666689
46,fixed_manifest,40,2,gpu_host,HOST_to_GPU,302592,773407.3434666689,773441.8202666688
46,fixed_manifest,49,1,gpu_host,GPU_to_HOST,302592,774273.7770666691,774308.2538666691
46,fixed_manifest,49,2,host_fpga_pcie,HOST_to_FPGA,302592,774308.2538666691,774432.5418666692
46,fixed_manifest,50,1,host_fpga_pcie,FPGA_to_HOST,302592,774765.2893866692,774889.5773866693
46,fixed_manifest,50,2,gpu_host,HOST_to_GPU,302592,774889.5773866693,774924.0541866693
46,fixed_manifest,59,1,gpu_host,GPU_to_HOST,302592,775756.0109866696,775790.4877866696
46,fixed_manifest,59,2,host_fpga_pcie,HOST_to_FPGA,302592,775790.4877866696,775914.7757866697
46,fixed_manifest,60,1,host_fpga_pcie,FPGA_to_HOST,302592,776247.5233066697,776371.8113066697
46,fixed_manifest,60,2,gpu_host,HOST_to_GPU,302592,776371.8113066697,776406.2881066698
46,fixed_manifest,69,1,gpu_host,GPU_to_HOST,302592,777238.2449066701,777272.72170667
46,fixed_manifest,69,2,host_fpga_pcie,HOST_to_FPGA,302592,777272.72170667,777397.0097066702
46,fixed_manifest,70,1,host_fpga_pcie,FPGA_to_HOST,302592,777729.7572266702,777854.0452266702
46,fixed_manifest,70,2,gpu_host,HOST_to_GPU,302592,777854.0452266702,777888.5220266703
46,fixed_manifest,79,1,gpu_host,GPU_to_HOST,302592,778720.4788266706,778754.9556266705
46,fixed_manifest,79,2,host_fpga_pcie,HOST_to_FPGA,302592,778754.9556266705,778879.2436266706
46,fixed_manifest,80,1,host_fpga_pcie,FPGA_to_HOST,302592,779211.9911466707,779336.2791466707
46,fixed_manifest,80,2,gpu_host,HOST_to_GPU,302592,779336.2791466707,779370.7559466707
46,fixed_manifest,89,1,gpu_host,GPU_to_HOST,302592,780202.7127466709,780237.189546671
46,fixed_manifest,89,2,host_fpga_pcie,HOST_to_FPGA,302592,780237.189546671,780361.477546671
46,fixed_manifest,90,1,host_fpga_pcie,FPGA_to_HOST,302592,780694.225066671,780818.5130666712
46,fixed_manifest,90,2,gpu_host,HOST_to_GPU,302592,780818.5130666712,780852.9898666712
46,fixed_manifest,99,1,gpu_host,GPU_to_HOST,302592,781684.9466666714,781719.4234666715
46,fixed_manifest,99,2,host_fpga_pcie,HOST_to_FPGA,302592,781719.4234666715,781843.7114666715
46,fixed_manifest,100,1,host_fpga_pcie,FPGA_to_HOST,302592,782176.4589866715,782300.7469866716
46,fixed_manifest,100,2,gpu_host,HOST_to_GPU,302592,782300.7469866716,782335.2237866716
46,fixed_manifest,109,1,gpu_host,GPU_to_HOST,302592,783167.1805866719,783201.6573866719
46,fixed_manifest,109,2,host_fpga_pcie,HOST_to_FPGA,302592,783201.6573866719,783325.945386672
46,fixed_manifest,110,1,host_fpga_pcie,FPGA_to_HOST,302592,783658.692906672,783782.9809066721
46,fixed_manifest,110,2,gpu_host,HOST_to_GPU,302592,783782.9809066721,783817.4577066721
47,fixed_manifest,9,1,gpu_host,GPU_to_HOST,302592,784956.0328533337,784990.5096533337
47,fixed_manifest,9,2,host_fpga_pcie,HOST_to_FPGA,302592,784990.5096533337,785114.7976533337
46,fixed_manifest,119,1,gpu_host,GPU_to_HOST,302592,785148.7538133338,785183.2306133339
46,fixed_manifest,119,2,host_fpga_pcie,HOST_to_FPGA,302592,785183.2306133339,785307.5186133339
47,fixed_manifest,10,1,host_fpga_pcie,FPGA_to_HOST,302592,785447.5451733338,785571.8331733339
47,fixed_manifest,10,2,gpu_host,HOST_to_GPU,302592,785571.8331733339,785606.309973334
46,fixed_manifest,120,1,host_fpga_pcie,FPGA_to_HOST,302592,785780.2926933338,785904.5806933339
46,fixed_manifest,120,2,gpu_host,HOST_to_GPU,302592,785904.5806933339,785939.0574933339
47,fixed_manifest,19,1,gpu_host,GPU_to_HOST,302592,786493.7419733343,786528.2187733343
47,fixed_manifest,19,2,host_fpga_pcie,HOST_to_FPGA,302592,786528.2187733343,786652.5067733345
47,fixed_manifest,20,1,host_fpga_pcie,FPGA_to_HOST,302592,786985.2542933344,787109.5422933345
47,fixed_manifest,20,2,gpu_host,HOST_to_GPU,302592,787109.5422933345,787144.0190933346
47,fixed_manifest,29,1,gpu_host,GPU_to_HOST,302592,787975.9758933348,788010.4526933348
47,fixed_manifest,29,2,host_fpga_pcie,HOST_to_FPGA,302592,788010.4526933348,788134.7406933348
47,fixed_manifest,30,1,host_fpga_pcie,FPGA_to_HOST,302592,788467.4882133349,788591.776213335
47,fixed_manifest,30,2,gpu_host,HOST_to_GPU,302592,788591.776213335,788626.253013335
47,fixed_manifest,39,1,gpu_host,GPU_to_HOST,302592,789458.2098133352,789492.6866133353
47,fixed_manifest,39,2,host_fpga_pcie,HOST_to_FPGA,302592,789492.6866133353,789616.9746133353
47,fixed_manifest,40,1,host_fpga_pcie,FPGA_to_HOST,302592,789949.7221333353,790074.0101333355
47,fixed_manifest,40,2,gpu_host,HOST_to_GPU,302592,790074.0101333355,790108.4869333354
47,fixed_manifest,49,1,gpu_host,GPU_to_HOST,302592,790940.4437333357,790974.9205333358
47,fixed_manifest,49,2,host_fpga_pcie,HOST_to_FPGA,302592,790974.9205333358,791099.2085333358
47,fixed_manifest,50,1,host_fpga_pcie,FPGA_to_HOST,302592,791431.9560533358,791556.2440533359
47,fixed_manifest,50,2,gpu_host,HOST_to_GPU,302592,791556.2440533359,791590.7208533359
47,fixed_manifest,59,1,gpu_host,GPU_to_HOST,302592,792422.6776533362,792457.1544533361
47,fixed_manifest,59,2,host_fpga_pcie,HOST_to_FPGA,302592,792457.1544533361,792581.4424533363
47,fixed_manifest,60,1,host_fpga_pcie,FPGA_to_HOST,302592,792914.1899733363,793038.4779733364
47,fixed_manifest,60,2,gpu_host,HOST_to_GPU,302592,793038.4779733364,793072.9547733364
47,fixed_manifest,69,1,gpu_host,GPU_to_HOST,302592,793904.9115733367,793939.3883733366
47,fixed_manifest,69,2,host_fpga_pcie,HOST_to_FPGA,302592,793939.3883733366,794063.6763733367
47,fixed_manifest,70,1,host_fpga_pcie,FPGA_to_HOST,302592,794396.4238933368,794520.7118933368
47,fixed_manifest,70,2,gpu_host,HOST_to_GPU,302592,794520.7118933368,794555.1886933369
47,fixed_manifest,79,1,gpu_host,GPU_to_HOST,302592,795387.1454933371,795421.6222933371
47,fixed_manifest,79,2,host_fpga_pcie,HOST_to_FPGA,302592,795421.6222933371,795545.9102933372
47,fixed_manifest,80,1,host_fpga_pcie,FPGA_to_HOST,302592,795878.6578133372,796002.9458133373
47,fixed_manifest,80,2,gpu_host,HOST_to_GPU,302592,796002.9458133373,796037.4226133373
47,fixed_manifest,89,1,gpu_host,GPU_to_HOST,302592,796869.3794133376,796903.8562133376
47,fixed_manifest,89,2,host_fpga_pcie,HOST_to_FPGA,302592,796903.8562133376,797028.1442133377
47,fixed_manifest,90,1,host_fpga_pcie,FPGA_to_HOST,302592,797360.8917333377,797485.1797333377
47,fixed_manifest,90,2,gpu_host,HOST_to_GPU,302592,797485.1797333377,797519.6565333378
47,fixed_manifest,99,1,gpu_host,GPU_to_HOST,302592,798351.613333338,798386.090133338
47,fixed_manifest,99,2,host_fpga_pcie,HOST_to_FPGA,302592,798386.090133338,798510.3781333382
47,fixed_manifest,100,1,host_fpga_pcie,FPGA_to_HOST,302592,798843.1256533382,798967.4136533382
47,fixed_manifest,100,2,gpu_host,HOST_to_GPU,302592,798967.4136533382,799001.8904533383
47,fixed_manifest,109,1,gpu_host,GPU_to_HOST,302592,799833.8472533386,799868.3240533385
47,fixed_manifest,109,2,host_fpga_pcie,HOST_to_FPGA,302592,799868.3240533385,799992.6120533386
47,fixed_manifest,110,1,host_fpga_pcie,FPGA_to_HOST,302592,800325.3595733386,800449.6475733387
47,fixed_manifest,110,2,gpu_host,HOST_to_GPU,302592,800449.6475733387,800484.1243733388
48,fixed_manifest,9,1,gpu_host,GPU_to_HOST,302592,801622.6995200004,801657.1763200004
48,fixed_manifest,9,2,host_fpga_pcie,HOST_to_FPGA,302592,801657.1763200004,801781.4643200005
47,fixed_manifest,119,1,gpu_host,GPU_to_HOST,302592,801815.4204800006,801849.8972800005
47,fixed_manifest,119,2,host_fpga_pcie,HOST_to_FPGA,302592,801849.8972800005,801974.1852800007
48,fixed_manifest,10,1,host_fpga_pcie,FPGA_to_HOST,302592,802114.2118400006,802238.4998400006
48,fixed_manifest,10,2,gpu_host,HOST_to_GPU,302592,802238.4998400006,802272.9766400006
47,fixed_manifest,120,1,host_fpga_pcie,FPGA_to_HOST,302592,802446.9593600006,802571.2473600006
47,fixed_manifest,120,2,gpu_host,HOST_to_GPU,302592,802571.2473600006,802605.7241600007
48,fixed_manifest,19,1,gpu_host,GPU_to_HOST,302592,803160.4086400011,803194.885440001
48,fixed_manifest,19,2,host_fpga_pcie,HOST_to_FPGA,302592,803194.885440001,803319.1734400011
48,fixed_manifest,20,1,host_fpga_pcie,FPGA_to_HOST,302592,803651.9209600012,803776.2089600012
48,fixed_manifest,20,2,gpu_host,HOST_to_GPU,302592,803776.2089600012,803810.6857600013
48,fixed_manifest,29,1,gpu_host,GPU_to_HOST,302592,804642.6425600015,804677.1193600015
48,fixed_manifest,29,2,host_fpga_pcie,HOST_to_FPGA,302592,804677.1193600015,804801.4073600016
48,fixed_manifest,30,1,host_fpga_pcie,FPGA_to_HOST,302592,805134.1548800017,805258.4428800017
48,fixed_manifest,30,2,gpu_host,HOST_to_GPU,302592,805258.4428800017,805292.9196800017
48,fixed_manifest,39,1,gpu_host,GPU_to_HOST,302592,806124.876480002,806159.353280002
48,fixed_manifest,39,2,host_fpga_pcie,HOST_to_FPGA,302592,806159.353280002,806283.6412800021
48,fixed_manifest,40,1,host_fpga_pcie,FPGA_to_HOST,302592,806616.388800002,806740.6768000021
48,fixed_manifest,40,2,gpu_host,HOST_to_GPU,302592,806740.6768000021,806775.1536000022
48,fixed_manifest,49,1,gpu_host,GPU_to_HOST,302592,807607.1104000024,807641.5872000024
48,fixed_manifest,49,2,host_fpga_pcie,HOST_to_FPGA,302592,807641.5872000024,807765.8752000026
48,fixed_manifest,50,1,host_fpga_pcie,FPGA_to_HOST,302592,808098.6227200025,808222.9107200026
48,fixed_manifest,50,2,gpu_host,HOST_to_GPU,302592,808222.9107200026,808257.3875200027
48,fixed_manifest,59,1,gpu_host,GPU_to_HOST,302592,809089.344320003,809123.8211200029
48,fixed_manifest,59,2,host_fpga_pcie,HOST_to_FPGA,302592,809123.8211200029,809248.109120003
48,fixed_manifest,60,1,host_fpga_pcie,FPGA_to_HOST,302592,809580.856640003,809705.1446400031
48,fixed_manifest,60,2,gpu_host,HOST_to_GPU,302592,809705.1446400031,809739.6214400032
48,fixed_manifest,69,1,gpu_host,GPU_to_HOST,302592,810571.5782400033,810606.0550400034
48,fixed_manifest,69,2,host_fpga_pcie,HOST_to_FPGA,302592,810606.0550400034,810730.3430400034
48,fixed_manifest,70,1,host_fpga_pcie,FPGA_to_HOST,302592,811063.0905600034,811187.3785600036
48,fixed_manifest,70,2,gpu_host,HOST_to_GPU,302592,811187.3785600036,811221.8553600035
48,fixed_manifest,79,1,gpu_host,GPU_to_HOST,302592,812053.8121600038,812088.2889600039
48,fixed_manifest,79,2,host_fpga_pcie,HOST_to_FPGA,302592,812088.2889600039,812212.5769600039
48,fixed_manifest,80,1,host_fpga_pcie,FPGA_to_HOST,302592,812545.3244800039,812669.612480004
48,fixed_manifest,80,2,gpu_host,HOST_to_GPU,302592,812669.612480004,812704.089280004
48,fixed_manifest,89,1,gpu_host,GPU_to_HOST,302592,813536.0460800043,813570.5228800043
48,fixed_manifest,89,2,host_fpga_pcie,HOST_to_FPGA,302592,813570.5228800043,813694.8108800044
48,fixed_manifest,90,1,host_fpga_pcie,FPGA_to_HOST,302592,814027.5584000044,814151.8464000045
48,fixed_manifest,90,2,gpu_host,HOST_to_GPU,302592,814151.8464000045,814186.3232000045
48,fixed_manifest,99,1,gpu_host,GPU_to_HOST,302592,815018.2800000048,815052.7568000047
48,fixed_manifest,99,2,host_fpga_pcie,HOST_to_FPGA,302592,815052.7568000047,815177.0448000048
48,fixed_manifest,100,1,host_fpga_pcie,FPGA_to_HOST,302592,815509.7923200049,815634.080320005
48,fixed_manifest,100,2,gpu_host,HOST_to_GPU,302592,815634.080320005,815668.557120005
48,fixed_manifest,109,1,gpu_host,GPU_to_HOST,302592,816500.5139200052,816534.9907200052
48,fixed_manifest,109,2,host_fpga_pcie,HOST_to_FPGA,302592,816534.9907200052,816659.2787200053
48,fixed_manifest,110,1,host_fpga_pcie,FPGA_to_HOST,302592,816992.0262400053,817116.3142400054
48,fixed_manifest,110,2,gpu_host,HOST_to_GPU,302592,817116.3142400054,817150.7910400054
49,fixed_manifest,9,1,gpu_host,GPU_to_HOST,302592,818289.3661866671,818323.8429866672
49,fixed_manifest,9,2,host_fpga_pcie,HOST_to_FPGA,302592,818323.8429866672,818448.1309866672
48,fixed_manifest,119,1,gpu_host,GPU_to_HOST,302592,818482.0871466673,818516.5639466672
48,fixed_manifest,119,2,host_fpga_pcie,HOST_to_FPGA,302592,818516.5639466672,818640.8519466673
49,fixed_manifest,10,1,host_fpga_pcie,FPGA_to_HOST,302592,818780.8785066672,818905.1665066674
49,fixed_manifest,10,2,gpu_host,HOST_to_GPU,302592,818905.1665066674,818939.6433066673
48,fixed_manifest,120,1,host_fpga_pcie,FPGA_to_HOST,302592,819113.6260266673,819237.9140266674
48,fixed_manifest,120,2,gpu_host,HOST_to_GPU,302592,819237.9140266674,819272.3908266673
49,fixed_manifest,19,1,gpu_host,GPU_to_HOST,302592,819827.0753066677,819861.5521066678
49,fixed_manifest,19,2,host_fpga_pcie,HOST_to_FPGA,302592,819861.5521066678,819985.8401066678
49,fixed_manifest,20,1,host_fpga_pcie,FPGA_to_HOST,302592,820318.5876266679,820442.875626668
49,fixed_manifest,20,2,gpu_host,HOST_to_GPU,302592,820442.875626668,820477.3524266679
49,fixed_manifest,29,1,gpu_host,GPU_to_HOST,302592,821309.3092266682,821343.7860266683
49,fixed_manifest,29,2,host_fpga_pcie,HOST_to_FPGA,302592,821343.7860266683,821468.0740266683
49,fixed_manifest,30,1,host_fpga_pcie,FPGA_to_HOST,302592,821800.8215466683,821925.1095466684
49,fixed_manifest,30,2,gpu_host,HOST_to_GPU,302592,821925.1095466684,821959.5863466684
49,fixed_manifest,39,1,gpu_host,GPU_to_HOST,302592,822791.5431466687,822826.0199466688
49,fixed_manifest,39,2,host_fpga_pcie,HOST_to_FPGA,302592,822826.0199466688,822950.3079466688
49,fixed_manifest,40,1,host_fpga_pcie,FPGA_to_HOST,302592,823283.0554666688,823407.3434666689
49,fixed_manifest,40,2,gpu_host,HOST_to_GPU,302592,823407.3434666689,823441.8202666689
49,fixed_manifest,49,1,gpu_host,GPU_to_HOST,302592,824273.7770666692,824308.2538666691
49,fixed_manifest,49,2,host_fpga_pcie,HOST_to_FPGA,302592,824308.2538666691,824432.5418666692
49,fixed_manifest,50,1,host_fpga_pcie,FPGA_to_HOST,302592,824765.2893866693,824889.5773866693
49,fixed_manifest,50,2,gpu_host,HOST_to_GPU,302592,824889.5773866693,824924.0541866694
49,fixed_manifest,59,1,gpu_host,GPU_to_HOST,302592,825756.0109866696,825790.4877866696
49,fixed_manifest,59,2,host_fpga_pcie,HOST_to_FPGA,302592,825790.4877866696,825914.7757866697
49,fixed_manifest,60,1,host_fpga_pcie,FPGA_to_HOST,302592,826247.5233066698,826371.8113066698
49,fixed_manifest,60,2,gpu_host,HOST_to_GPU,302592,826371.8113066698,826406.2881066698
49,fixed_manifest,69,1,gpu_host,GPU_to_HOST,302592,827238.2449066701,827272.7217066701
49,fixed_manifest,69,2,host_fpga_pcie,HOST_to_FPGA,302592,827272.7217066701,827397.0097066702
49,fixed_manifest,70,1,host_fpga_pcie,FPGA_to_HOST,302592,827729.7572266702,827854.0452266702
49,fixed_manifest,70,2,gpu_host,HOST_to_GPU,302592,827854.0452266702,827888.5220266703
49,fixed_manifest,79,1,gpu_host,GPU_to_HOST,302592,828720.4788266706,828754.9556266706
49,fixed_manifest,79,2,host_fpga_pcie,HOST_to_FPGA,302592,828754.9556266706,828879.2436266707
49,fixed_manifest,80,1,host_fpga_pcie,FPGA_to_HOST,302592,829211.9911466707,829336.2791466707
49,fixed_manifest,80,2,gpu_host,HOST_to_GPU,302592,829336.2791466707,829370.7559466708
49,fixed_manifest,89,1,gpu_host,GPU_to_HOST,302592,830202.712746671,830237.189546671
49,fixed_manifest,89,2,host_fpga_pcie,HOST_to_FPGA,302592,830237.189546671,830361.477546671
49,fixed_manifest,90,1,host_fpga_pcie,FPGA_to_HOST,302592,830694.2250666711,830818.5130666712
49,fixed_manifest,90,2,gpu_host,HOST_to_GPU,302592,830818.5130666712,830852.9898666713
49,fixed_manifest,99,1,gpu_host,GPU_to_HOST,302592,831684.9466666714,831719.4234666715
49,fixed_manifest,99,2,host_fpga_pcie,HOST_to_FPGA,302592,831719.4234666715,831843.7114666715
49,fixed_manifest,100,1,host_fpga_pcie,FPGA_to_HOST,302592,832176.4589866716,832300.7469866717
49,fixed_manifest,100,2,gpu_host,HOST_to_GPU,302592,832300.7469866717,832335.2237866716
49,fixed_manifest,109,1,gpu_host,GPU_to_HOST,302592,833167.1805866719,833201.657386672
49,fixed_manifest,109,2,host_fpga_pcie,HOST_to_FPGA,302592,833201.657386672,833325.945386672
49,fixed_manifest,110,1,host_fpga_pcie,FPGA_to_HOST,302592,833658.692906672,833782.9809066721
49,fixed_manifest,110,2,gpu_host,HOST_to_GPU,302592,833782.9809066721,833817.4577066721
50,fixed_manifest,9,1,gpu_host,GPU_to_HOST,302592,834956.0328533337,834990.5096533338
50,fixed_manifest,9,2,host_fpga_pcie,HOST_to_FPGA,302592,834990.5096533338,835114.7976533339
49,fixed_manifest,119,1,gpu_host,GPU_to_HOST,302592,835148.7538133338,835183.2306133339
49,fixed_manifest,119,2,host_fpga_pcie,HOST_to_FPGA,302592,835183.2306133339,835307.5186133339
50,fixed_manifest,10,1,host_fpga_pcie,FPGA_to_HOST,302592,835447.5451733338,835571.8331733339
50,fixed_manifest,10,2,gpu_host,HOST_to_GPU,302592,835571.8331733339,835606.309973334
49,fixed_manifest,120,1,host_fpga_pcie,FPGA_to_HOST,302592,835780.2926933338,835904.580693334
49,fixed_manifest,120,2,gpu_host,HOST_to_GPU,302592,835904.580693334,835939.0574933339
50,fixed_manifest,19,1,gpu_host,GPU_to_HOST,302592,836493.7419733343,836528.2187733344
50,fixed_manifest,19,2,host_fpga_pcie,HOST_to_FPGA,302592,836528.2187733344,836652.5067733345
50,fixed_manifest,20,1,host_fpga_pcie,FPGA_to_HOST,302592,836985.2542933344,837109.5422933346
50,fixed_manifest,20,2,gpu_host,HOST_to_GPU,302592,837109.5422933346,837144.0190933346
50,fixed_manifest,29,1,gpu_host,GPU_to_HOST,302592,837975.9758933348,838010.4526933349
50,fixed_manifest,29,2,host_fpga_pcie,HOST_to_FPGA,302592,838010.4526933349,838134.740693335
50,fixed_manifest,30,1,host_fpga_pcie,FPGA_to_HOST,302592,838467.4882133349,838591.776213335
50,fixed_manifest,30,2,gpu_host,HOST_to_GPU,302592,838591.776213335,838626.253013335
50,fixed_manifest,39,1,gpu_host,GPU_to_HOST,302592,839458.2098133353,839492.6866133353
50,fixed_manifest,39,2,host_fpga_pcie,HOST_to_FPGA,302592,839492.6866133353,839616.9746133354
50,fixed_manifest,40,1,host_fpga_pcie,FPGA_to_HOST,302592,839949.7221333354,840074.0101333355
50,fixed_manifest,40,2,gpu_host,HOST_to_GPU,302592,840074.0101333355,840108.4869333355
50,fixed_manifest,49,1,gpu_host,GPU_to_HOST,302592,840940.4437333357,840974.9205333358
50,fixed_manifest,49,2,host_fpga_pcie,HOST_to_FPGA,302592,840974.9205333358,841099.2085333358
50,fixed_manifest,50,1,host_fpga_pcie,FPGA_to_HOST,302592,841431.9560533359,841556.244053336
50,fixed_manifest,50,2,gpu_host,HOST_to_GPU,302592,841556.244053336,841590.7208533359
50,fixed_manifest,59,1,gpu_host,GPU_to_HOST,302592,842422.6776533362,842457.1544533363
50,fixed_manifest,59,2,host_fpga_pcie,HOST_to_FPGA,302592,842457.1544533363,842581.4424533363
50,fixed_manifest,60,1,host_fpga_pcie,FPGA_to_HOST,302592,842914.1899733363,843038.4779733365
50,fixed_manifest,60,2,gpu_host,HOST_to_GPU,302592,843038.4779733365,843072.9547733364
50,fixed_manifest,69,1,gpu_host,GPU_to_HOST,302592,843904.9115733367,843939.3883733368
50,fixed_manifest,69,2,host_fpga_pcie,HOST_to_FPGA,302592,843939.3883733368,844063.6763733368
50,fixed_manifest,70,1,host_fpga_pcie,FPGA_to_HOST,302592,844396.4238933368,844520.7118933368
50,fixed_manifest,70,2,gpu_host,HOST_to_GPU,302592,844520.7118933368,844555.1886933369
50,fixed_manifest,79,1,gpu_host,GPU_to_HOST,302592,845387.1454933372,845421.6222933371
50,fixed_manifest,79,2,host_fpga_pcie,HOST_to_FPGA,302592,845421.6222933371,845545.9102933373
50,fixed_manifest,80,1,host_fpga_pcie,FPGA_to_HOST,302592,845878.6578133373,846002.9458133373
50,fixed_manifest,80,2,gpu_host,HOST_to_GPU,302592,846002.9458133373,846037.4226133374
50,fixed_manifest,89,1,gpu_host,GPU_to_HOST,302592,846869.3794133376,846903.8562133376
50,fixed_manifest,89,2,host_fpga_pcie,HOST_to_FPGA,302592,846903.8562133376,847028.1442133377
50,fixed_manifest,90,1,host_fpga_pcie,FPGA_to_HOST,302592,847360.8917333378,847485.1797333378
50,fixed_manifest,90,2,gpu_host,HOST_to_GPU,302592,847485.1797333378,847519.6565333378
50,fixed_manifest,99,1,gpu_host,GPU_to_HOST,302592,848351.613333338,848386.0901333381
50,fixed_manifest,99,2,host_fpga_pcie,HOST_to_FPGA,302592,848386.0901333381,848510.3781333382
50,fixed_manifest,100,1,host_fpga_pcie,FPGA_to_HOST,302592,848843.1256533382,848967.4136533383
50,fixed_manifest,100,2,gpu_host,HOST_to_GPU,302592,848967.4136533383,849001.8904533383
50,fixed_manifest,109,1,gpu_host,GPU_to_HOST,302592,849833.8472533386,849868.3240533386
50,fixed_manifest,109,2,host_fpga_pcie,HOST_to_FPGA,302592,849868.3240533386,849992.6120533387
50,fixed_manifest,110,1,host_fpga_pcie,FPGA_to_HOST,302592,850325.3595733386,850449.6475733387
50,fixed_manifest,110,2,gpu_host,HOST_to_GPU,302592,850449.6475733387,850484.1243733388
51,fixed_manifest,9,1,gpu_host,GPU_to_HOST,302592,851622.6995200005,851657.1763200004
51,fixed_manifest,9,2,host_fpga_pcie,HOST_to_FPGA,302592,851657.1763200004,851781.4643200006
50,fixed_manifest,119,1,gpu_host,GPU_to_HOST,302592,851815.4204800006,851849.8972800006
50,fixed_manifest,119,2,host_fpga_pcie,HOST_to_FPGA,302592,851849.8972800006,851974.1852800007
51,fixed_manifest,10,1,host_fpga_pcie,FPGA_to_HOST,302592,852114.2118400006,852238.4998400006
51,fixed_manifest,10,2,gpu_host,HOST_to_GPU,302592,852238.4998400006,852272.9766400007
50,fixed_manifest,120,1,host_fpga_pcie,FPGA_to_HOST,302592,852446.9593600006,852571.2473600006
50,fixed_manifest,120,2,gpu_host,HOST_to_GPU,302592,852571.2473600006,852605.7241600007
51,fixed_manifest,19,1,gpu_host,GPU_to_HOST,302592,853160.4086400011,853194.8854400011
51,fixed_manifest,19,2,host_fpga_pcie,HOST_to_FPGA,302592,853194.8854400011,853319.1734400012
51,fixed_manifest,20,1,host_fpga_pcie,FPGA_to_HOST,302592,853651.9209600012,853776.2089600012
51,fixed_manifest,20,2,gpu_host,HOST_to_GPU,302592,853776.2089600012,853810.6857600013
51,fixed_manifest,29,1,gpu_host,GPU_to_HOST,302592,854642.6425600016,854677.1193600015
51,fixed_manifest,29,2,host_fpga_pcie,HOST_to_FPGA,302592,854677.1193600015,854801.4073600017
51,fixed_manifest,30,1,host_fpga_pcie,FPGA_to_HOST,302592,855134.1548800017,855258.4428800017
51,fixed_manifest,30,2,gpu_host,HOST_to_GPU,302592,855258.4428800017,855292.9196800018
51,fixed_manifest,39,1,gpu_host,GPU_to_HOST,302592,856124.8764800021,856159.353280002
51,fixed_manifest,39,2,host_fpga_pcie,HOST_to_FPGA,302592,856159.353280002,856283.6412800021
51,fixed_manifest,40,1,host_fpga_pcie,FPGA_to_HOST,302592,856616.3888000022,856740.6768000022
51,fixed_manifest,40,2,gpu_host,HOST_to_GPU,302592,856740.6768000022,856775.1536000022
51,fixed_manifest,49,1,gpu_host,GPU_to_HOST,302592,857607.1104000024,857641.5872000025
51,fixed_manifest,49,2,host_fpga_pcie,HOST_to_FPGA,302592,857641.5872000025,857765.8752000026
51,fixed_manifest,50,1,host_fpga_pcie,FPGA_to_HOST,302592,858098.6227200025,858222.9107200027
51,fixed_manifest,50,2,gpu_host,HOST_to_GPU,302592,858222.9107200027,858257.3875200027
51,fixed_manifest,59,1,gpu_host,GPU_to_HOST,302592,859089.344320003,859123.821120003
51,fixed_manifest,59,2,host_fpga_pcie,HOST_to_FPGA,302592,859123.821120003,859248.1091200031
51,fixed_manifest,60,1,host_fpga_pcie,FPGA_to_HOST,302592,859580.856640003,859705.1446400031
51,fixed_manifest,60,2,gpu_host,HOST_to_GPU,302592,859705.1446400031,859739.6214400032
51,fixed_manifest,69,1,gpu_host,GPU_to_HOST,302592,860571.5782400034,860606.0550400034
51,fixed_manifest,69,2,host_fpga_pcie,HOST_to_FPGA,302592,860606.0550400034,860730.3430400036
51,fixed_manifest,70,1,host_fpga_pcie,FPGA_to_HOST,302592,861063.0905600035,861187.3785600036
51,fixed_manifest,70,2,gpu_host,HOST_to_GPU,302592,861187.3785600036,861221.8553600037
51,fixed_manifest,79,1,gpu_host,GPU_to_HOST,302592,862053.8121600039,862088.2889600039
51,fixed_manifest,79,2,host_fpga_pcie,HOST_to_FPGA,302592,862088.2889600039,862212.5769600039
51,fixed_manifest,80,1,host_fpga_pcie,FPGA_to_HOST,302592,862545.324480004,862669.6124800041
51,fixed_manifest,80,2,gpu_host,HOST_to_GPU,302592,862669.6124800041,862704.089280004
51,fixed_manifest,89,1,gpu_host,GPU_to_HOST,302592,863536.0460800043,863570.5228800044
51,fixed_manifest,89,2,host_fpga_pcie,HOST_to_FPGA,302592,863570.5228800044,863694.8108800044
51,fixed_manifest,90,1,host_fpga_pcie,FPGA_to_HOST,302592,864027.5584000044,864151.8464000046
51,fixed_manifest,90,2,gpu_host,HOST_to_GPU,302592,864151.8464000046,864186.3232000045
51,fixed_manifest,99,1,gpu_host,GPU_to_HOST,302592,865018.2800000048,865052.7568000049
51,fixed_manifest,99,2,host_fpga_pcie,HOST_to_FPGA,302592,865052.7568000049,865177.0448000049
51,fixed_manifest,100,1,host_fpga_pcie,FPGA_to_HOST,302592,865509.7923200049,865634.080320005
51,fixed_manifest,100,2,gpu_host,HOST_to_GPU,302592,865634.080320005,865668.557120005
51,fixed_manifest,109,1,gpu_host,GPU_to_HOST,302592,866500.5139200053,866534.9907200052
51,fixed_manifest,109,2,host_fpga_pcie,HOST_to_FPGA,302592,866534.9907200052,866659.2787200054
51,fixed_manifest,110,1,host_fpga_pcie,FPGA_to_HOST,302592,866992.0262400054,867116.3142400054
51,fixed_manifest,110,2,gpu_host,HOST_to_GPU,302592,867116.3142400054,867150.7910400055
52,fixed_manifest,9,1,gpu_host,GPU_to_HOST,302592,868289.3661866671,868323.8429866671
52,fixed_manifest,9,2,host_fpga_pcie,HOST_to_FPGA,302592,868323.8429866671,868448.1309866671
51,fixed_manifest,119,1,gpu_host,GPU_to_HOST,302592,868482.0871466672,868516.5639466672
51,fixed_manifest,119,2,host_fpga_pcie,HOST_to_FPGA,302592,868516.5639466672,868640.8519466673
52,fixed_manifest,10,1,host_fpga_pcie,FPGA_to_HOST,302592,868780.8785066672,868905.1665066673
52,fixed_manifest,10,2,gpu_host,HOST_to_GPU,302592,868905.1665066673,868939.6433066673
51,fixed_manifest,120,1,host_fpga_pcie,FPGA_to_HOST,302592,869113.6260266672,869237.9140266672
51,fixed_manifest,120,2,gpu_host,HOST_to_GPU,302592,869237.9140266672,869272.3908266673
52,fixed_manifest,19,1,gpu_host,GPU_to_HOST,302592,869827.0753066677,869861.5521066677
52,fixed_manifest,19,2,host_fpga_pcie,HOST_to_FPGA,302592,869861.5521066677,869985.8401066678
52,fixed_manifest,20,1,host_fpga_pcie,FPGA_to_HOST,302592,870318.5876266678,870442.8756266679
52,fixed_manifest,20,2,gpu_host,HOST_to_GPU,302592,870442.8756266679,870477.3524266679
52,fixed_manifest,29,1,gpu_host,GPU_to_HOST,302592,871309.3092266682,871343.7860266682
52,fixed_manifest,29,2,host_fpga_pcie,HOST_to_FPGA,302592,871343.7860266682,871468.0740266682
52,fixed_manifest,30,1,host_fpga_pcie,FPGA_to_HOST,302592,871800.8215466683,871925.1095466684
52,fixed_manifest,30,2,gpu_host,HOST_to_GPU,302592,871925.1095466684,871959.5863466684
52,fixed_manifest,39,1,gpu_host,GPU_to_HOST,302592,872791.5431466686,872826.0199466686
52,fixed_manifest,39,2,host_fpga_pcie,HOST_to_FPGA,302592,872826.0199466686,872950.3079466687
52,fixed_manifest,40,1,host_fpga_pcie,FPGA_to_HOST,302592,873283.0554666687,873407.3434666689
52,fixed_manifest,40,2,gpu_host,HOST_to_GPU,302592,873407.3434666689,873441.8202666688
52,fixed_manifest,49,1,gpu_host,GPU_to_HOST,302592,874273.7770666691,874308.2538666691
52,fixed_manifest,49,2,host_fpga_pcie,HOST_to_FPGA,302592,874308.2538666691,874432.5418666692
52,fixed_manifest,50,1,host_fpga_pcie,FPGA_to_HOST,302592,874765.2893866692,874889.5773866692
52,fixed_manifest,50,2,gpu_host,HOST_to_GPU,302592,874889.5773866692,874924.0541866693
52,fixed_manifest,59,1,gpu_host,GPU_to_HOST,302592,875756.0109866696,875790.4877866695
52,fixed_manifest,59,2,host_fpga_pcie,HOST_to_FPGA,302592,875790.4877866695,875914.7757866697
52,fixed_manifest,60,1,host_fpga_pcie,FPGA_to_HOST,302592,876247.5233066697,876371.8113066697
52,fixed_manifest,60,2,gpu_host,HOST_to_GPU,302592,876371.8113066697,876406.2881066698
52,fixed_manifest,69,1,gpu_host,GPU_to_HOST,302592,877238.2449066701,877272.72170667
52,fixed_manifest,69,2,host_fpga_pcie,HOST_to_FPGA,302592,877272.72170667,877397.0097066701
52,fixed_manifest,70,1,host_fpga_pcie,FPGA_to_HOST,302592,877729.7572266702,877854.0452266702
52,fixed_manifest,70,2,gpu_host,HOST_to_GPU,302592,877854.0452266702,877888.5220266703
52,fixed_manifest,79,1,gpu_host,GPU_to_HOST,302592,878720.4788266704,878754.9556266705
52,fixed_manifest,79,2,host_fpga_pcie,HOST_to_FPGA,302592,878754.9556266705,878879.2436266706
52,fixed_manifest,80,1,host_fpga_pcie,FPGA_to_HOST,302592,879211.9911466705,879336.2791466707
52,fixed_manifest,80,2,gpu_host,HOST_to_GPU,302592,879336.2791466707,879370.7559466707
52,fixed_manifest,89,1,gpu_host,GPU_to_HOST,302592,880202.7127466709,880237.189546671
52,fixed_manifest,89,2,host_fpga_pcie,HOST_to_FPGA,302592,880237.189546671,880361.477546671
52,fixed_manifest,90,1,host_fpga_pcie,FPGA_to_HOST,302592,880694.225066671,880818.5130666711
52,fixed_manifest,90,2,gpu_host,HOST_to_GPU,302592,880818.5130666711,880852.9898666712
52,fixed_manifest,99,1,gpu_host,GPU_to_HOST,302592,881684.9466666714,881719.4234666714
52,fixed_manifest,99,2,host_fpga_pcie,HOST_to_FPGA,302592,881719.4234666714,881843.7114666715
52,fixed_manifest,100,1,host_fpga_pcie,FPGA_to_HOST,302592,882176.4589866715,882300.7469866716
52,fixed_manifest,100,2,gpu_host,HOST_to_GPU,302592,882300.7469866716,882335.2237866716
52,fixed_manifest,109,1,gpu_host,GPU_to_HOST,302592,883167.1805866719,883201.6573866719
52,fixed_manifest,109,2,host_fpga_pcie,HOST_to_FPGA,302592,883201.6573866719,883325.9453866719
52,fixed_manifest,110,1,host_fpga_pcie,FPGA_to_HOST,302592,883658.692906672,883782.9809066721
52,fixed_manifest,110,2,gpu_host,HOST_to_GPU,302592,883782.9809066721,883817.4577066721
53,fixed_manifest,9,1,gpu_host,GPU_to_HOST,302592,884956.0328533337,884990.5096533338
53,fixed_manifest,9,2,host_fpga_pcie,HOST_to_FPGA,302592,884990.5096533338,885114.7976533339
52,fixed_manifest,119,1,gpu_host,GPU_to_HOST,302592,885148.7538133339,885183.2306133339
52,fixed_manifest,119,2,host_fpga_pcie,HOST_to_FPGA,302592,885183.2306133339,885307.518613334
53,fixed_manifest,10,1,host_fpga_pcie,FPGA_to_HOST,302592,885447.545173334,885571.833173334
53,fixed_manifest,10,2,gpu_host,HOST_to_GPU,302592,885571.833173334,885606.309973334
52,fixed_manifest,120,1,host_fpga_pcie,FPGA_to_HOST,302592,885780.2926933339,885904.580693334
52,fixed_manifest,120,2,gpu_host,HOST_to_GPU,302592,885904.580693334,885939.057493334
53,fixed_manifest,19,1,gpu_host,GPU_to_HOST,302592,886493.7419733345,886528.2187733344
53,fixed_manifest,19,2,host_fpga_pcie,HOST_to_FPGA,302592,886528.2187733344,886652.5067733345
53,fixed_manifest,20,1,host_fpga_pcie,FPGA_to_HOST,302592,886985.2542933346,887109.5422933346
53,fixed_manifest,20,2,gpu_host,HOST_to_GPU,302592,887109.5422933346,887144.0190933347
53,fixed_manifest,29,1,gpu_host,GPU_to_HOST,302592,887975.9758933348,888010.4526933349
53,fixed_manifest,29,2,host_fpga_pcie,HOST_to_FPGA,302592,888010.4526933349,888134.740693335
53,fixed_manifest,30,1,host_fpga_pcie,FPGA_to_HOST,302592,888467.4882133349,888591.7762133351
53,fixed_manifest,30,2,gpu_host,HOST_to_GPU,302592,888591.7762133351,888626.253013335
53,fixed_manifest,39,1,gpu_host,GPU_to_HOST,302592,889458.2098133353,889492.6866133354
53,fixed_manifest,39,2,host_fpga_pcie,HOST_to_FPGA,302592,889492.6866133354,889616.9746133354
53,fixed_manifest,40,1,host_fpga_pcie,FPGA_to_HOST,302592,889949.7221333354,890074.0101333355
53,fixed_manifest,40,2,gpu_host,HOST_to_GPU,302592,890074.0101333355,890108.4869333355
53,fixed_manifest,49,1,gpu_host,GPU_to_HOST,302592,890940.4437333358,890974.9205333358
53,fixed_manifest,49,2,host_fpga_pcie,HOST_to_FPGA,302592,890974.9205333358,891099.208533336
53,fixed_manifest,50,1,host_fpga_pcie,FPGA_to_HOST,302592,891431.9560533359,891556.244053336
53,fixed_manifest,50,2,gpu_host,HOST_to_GPU,302592,891556.244053336,891590.720853336
53,fixed_manifest,59,1,gpu_host,GPU_to_HOST,302592,892422.6776533363,892457.1544533363
53,fixed_manifest,59,2,host_fpga_pcie,HOST_to_FPGA,302592,892457.1544533363,892581.4424533363
53,fixed_manifest,60,1,host_fpga_pcie,FPGA_to_HOST,302592,892914.1899733364,893038.4779733365
53,fixed_manifest,60,2,gpu_host,HOST_to_GPU,302592,893038.4779733365,893072.9547733365
53,fixed_manifest,69,1,gpu_host,GPU_to_HOST,302592,893904.9115733367,893939.3883733368
53,fixed_manifest,69,2,host_fpga_pcie,HOST_to_FPGA,302592,893939.3883733368,894063.6763733368
53,fixed_manifest,70,1,host_fpga_pcie,FPGA_to_HOST,302592,894396.4238933368,894520.711893337
53,fixed_manifest,70,2,gpu_host,HOST_to_GPU,302592,894520.711893337,894555.1886933369
53,fixed_manifest,79,1,gpu_host,GPU_to_HOST,302592,895387.1454933372,895421.6222933372
53,fixed_manifest,79,2,host_fpga_pcie,HOST_to_FPGA,302592,895421.6222933372,895545.9102933373
53,fixed_manifest,80,1,host_fpga_pcie,FPGA_to_HOST,302592,895878.6578133373,896002.9458133373
53,fixed_manifest,80,2,gpu_host,HOST_to_GPU,302592,896002.9458133373,896037.4226133374
53,fixed_manifest,89,1,gpu_host,GPU_to_HOST,302592,896869.3794133377,896903.8562133376
53,fixed_manifest,89,2,host_fpga_pcie,HOST_to_FPGA,302592,896903.8562133376,897028.1442133378
53,fixed_manifest,90,1,host_fpga_pcie,FPGA_to_HOST,302592,897360.8917333378,897485.1797333378
53,fixed_manifest,90,2,gpu_host,HOST_to_GPU,302592,897485.1797333378,897519.6565333379
53,fixed_manifest,99,1,gpu_host,GPU_to_HOST,302592,898351.6133333382,898386.0901333381
53,fixed_manifest,99,2,host_fpga_pcie,HOST_to_FPGA,302592,898386.0901333381,898510.3781333382
53,fixed_manifest,100,1,host_fpga_pcie,FPGA_to_HOST,302592,898843.1256533383,898967.4136533383
53,fixed_manifest,100,2,gpu_host,HOST_to_GPU,302592,898967.4136533383,899001.8904533384
53,fixed_manifest,109,1,gpu_host,GPU_to_HOST,302592,899833.8472533386,899868.3240533386
53,fixed_manifest,109,2,host_fpga_pcie,HOST_to_FPGA,302592,899868.3240533386,899992.6120533387
53,fixed_manifest,110,1,host_fpga_pcie,FPGA_to_HOST,302592,900325.3595733386,900449.6475733388
53,fixed_manifest,110,2,gpu_host,HOST_to_GPU,302592,900449.6475733388,900484.1243733388
54,fixed_manifest,9,1,gpu_host,GPU_to_HOST,302592,901622.6995200005,901657.1763200006
54,fixed_manifest,9,2,host_fpga_pcie,HOST_to_FPGA,302592,901657.1763200006,901781.4643200006
53,fixed_manifest,119,1,gpu_host,GPU_to_HOST,302592,901815.4204800007,901849.8972800006
53,fixed_manifest,119,2,host_fpga_pcie,HOST_to_FPGA,302592,901849.8972800006,901974.1852800007
54,fixed_manifest,10,1,host_fpga_pcie,FPGA_to_HOST,302592,902114.2118400006,902238.4998400008
54,fixed_manifest,10,2,gpu_host,HOST_to_GPU,302592,902238.4998400008,902272.9766400007
53,fixed_manifest,120,1,host_fpga_pcie,FPGA_to_HOST,302592,902446.9593600007,902571.2473600007
53,fixed_manifest,120,2,gpu_host,HOST_to_GPU,302592,902571.2473600007,902605.7241600007
54,fixed_manifest,19,1,gpu_host,GPU_to_HOST,302592,903160.4086400011,903194.8854400011
54,fixed_manifest,19,2,host_fpga_pcie,HOST_to_FPGA,302592,903194.8854400011,903319.1734400012
54,fixed_manifest,20,1,host_fpga_pcie,FPGA_to_HOST,302592,903651.9209600013,903776.2089600014
54,fixed_manifest,20,2,gpu_host,HOST_to_GPU,302592,903776.2089600014,903810.6857600013
54,fixed_manifest,29,1,gpu_host,GPU_to_HOST,302592,904642.6425600016,904677.1193600016
54,fixed_manifest,29,2,host_fpga_pcie,HOST_to_FPGA,302592,904677.1193600016,904801.4073600017
54,fixed_manifest,30,1,host_fpga_pcie,FPGA_to_HOST,302592,905134.1548800017,905258.4428800017
54,fixed_manifest,30,2,gpu_host,HOST_to_GPU,302592,905258.4428800017,905292.9196800018
54,fixed_manifest,39,1,gpu_host,GPU_to_HOST,302592,906124.8764800021,906159.3532800021
54,fixed_manifest,39,2,host_fpga_pcie,HOST_to_FPGA,302592,906159.3532800021,906283.6412800022
54,fixed_manifest,40,1,host_fpga_pcie,FPGA_to_HOST,302592,906616.3888000022,906740.6768000022
54,fixed_manifest,40,2,gpu_host,HOST_to_GPU,302592,906740.6768000022,906775.1536000023
54,fixed_manifest,49,1,gpu_host,GPU_to_HOST,302592,907607.1104000026,907641.5872000025
54,fixed_manifest,49,2,host_fpga_pcie,HOST_to_FPGA,302592,907641.5872000025,907765.8752000026
54,fixed_manifest,50,1,host_fpga_pcie,FPGA_to_HOST,302592,908098.6227200027,908222.9107200027
54,fixed_manifest,50,2,gpu_host,HOST_to_GPU,302592,908222.9107200027,908257.3875200028
54,fixed_manifest,59,1,gpu_host,GPU_to_HOST,302592,909089.344320003,909123.821120003
54,fixed_manifest,59,2,host_fpga_pcie,HOST_to_FPGA,302592,909123.821120003,909248.1091200031
54,fixed_manifest,60,1,host_fpga_pcie,FPGA_to_HOST,302592,909580.8566400032,909705.1446400032
54,fixed_manifest,60,2,gpu_host,HOST_to_GPU,302592,909705.1446400032,909739.6214400032
54,fixed_manifest,69,1,gpu_host,GPU_to_HOST,302592,910571.5782400034,910606.0550400035
54,fixed_manifest,69,2,host_fpga_pcie,HOST_to_FPGA,302592,910606.0550400035,910730.3430400036
54,fixed_manifest,70,1,host_fpga_pcie,FPGA_to_HOST,302592,911063.0905600035,911187.3785600036
54,fixed_manifest,70,2,gpu_host,HOST_to_GPU,302592,911187.3785600036,911221.8553600037
54,fixed_manifest,79,1,gpu_host,GPU_to_HOST,302592,912053.8121600039,912088.288960004
54,fixed_manifest,79,2,host_fpga_pcie,HOST_to_FPGA,302592,912088.288960004,912212.576960004
54,fixed_manifest,80,1,host_fpga_pcie,FPGA_to_HOST,302592,912545.324480004,912669.6124800041
54,fixed_manifest,80,2,gpu_host,HOST_to_GPU,302592,912669.6124800041,912704.0892800041
54,fixed_manifest,89,1,gpu_host,GPU_to_HOST,302592,913536.0460800044,913570.5228800044
54,fixed_manifest,89,2,host_fpga_pcie,HOST_to_FPGA,302592,913570.5228800044,913694.8108800044
54,fixed_manifest,90,1,host_fpga_pcie,FPGA_to_HOST,302592,914027.5584000045,914151.8464000046
54,fixed_manifest,90,2,gpu_host,HOST_to_GPU,302592,914151.8464000046,914186.3232000046
54,fixed_manifest,99,1,gpu_host,GPU_to_HOST,302592,915018.2800000048,915052.7568000049
54,fixed_manifest,99,2,host_fpga_pcie,HOST_to_FPGA,302592,915052.7568000049,915177.0448000049
54,fixed_manifest,100,1,host_fpga_pcie,FPGA_to_HOST,302592,915509.792320005,915634.0803200051
54,fixed_manifest,100,2,gpu_host,HOST_to_GPU,302592,915634.0803200051,915668.557120005
54,fixed_manifest,109,1,gpu_host,GPU_to_HOST,302592,916500.5139200053,916534.9907200054
54,fixed_manifest,109,2,host_fpga_pcie,HOST_to_FPGA,302592,916534.9907200054,916659.2787200054
54,fixed_manifest,110,1,host_fpga_pcie,FPGA_to_HOST,302592,916992.0262400054,917116.3142400054
54,fixed_manifest,110,2,gpu_host,HOST_to_GPU,302592,917116.3142400054,917150.7910400055
55,fixed_manifest,9,1,gpu_host,GPU_to_HOST,302592,918289.3661866671,918323.8429866672
55,fixed_manifest,9,2,host_fpga_pcie,HOST_to_FPGA,302592,918323.8429866672,918448.1309866672
54,fixed_manifest,119,1,gpu_host,GPU_to_HOST,302592,918482.0871466672,918516.5639466672
54,fixed_manifest,119,2,host_fpga_pcie,HOST_to_FPGA,302592,918516.5639466672,918640.8519466673
55,fixed_manifest,10,1,host_fpga_pcie,FPGA_to_HOST,302592,918780.8785066672,918905.1665066673
55,fixed_manifest,10,2,gpu_host,HOST_to_GPU,302592,918905.1665066673,918939.6433066673
54,fixed_manifest,120,1,host_fpga_pcie,FPGA_to_HOST,302592,919113.6260266672,919237.9140266674
54,fixed_manifest,120,2,gpu_host,HOST_to_GPU,302592,919237.9140266674,919272.3908266673
55,fixed_manifest,19,1,gpu_host,GPU_to_HOST,302592,919827.0753066677,919861.5521066678
55,fixed_manifest,19,2,host_fpga_pcie,HOST_to_FPGA,302592,919861.5521066678,919985.8401066678
55,fixed_manifest,20,1,host_fpga_pcie,FPGA_to_HOST,302592,920318.5876266678,920442.875626668
55,fixed_manifest,20,2,gpu_host,HOST_to_GPU,302592,920442.875626668,920477.3524266679
55,fixed_manifest,29,1,gpu_host,GPU_to_HOST,302592,921309.3092266682,921343.7860266683
55,fixed_manifest,29,2,host_fpga_pcie,HOST_to_FPGA,302592,921343.7860266683,921468.0740266683
55,fixed_manifest,30,1,host_fpga_pcie,FPGA_to_HOST,302592,921800.8215466683,921925.1095466684
55,fixed_manifest,30,2,gpu_host,HOST_to_GPU,302592,921925.1095466684,921959.5863466684
55,fixed_manifest,39,1,gpu_host,GPU_to_HOST,302592,922791.5431466687,922826.0199466686
55,fixed_manifest,39,2,host_fpga_pcie,HOST_to_FPGA,302592,922826.0199466686,922950.3079466688
55,fixed_manifest,40,1,host_fpga_pcie,FPGA_to_HOST,302592,923283.0554666688,923407.3434666689
55,fixed_manifest,40,2,gpu_host,HOST_to_GPU,302592,923407.3434666689,923441.8202666689
55,fixed_manifest,49,1,gpu_host,GPU_to_HOST,302592,924273.7770666691,924308.2538666691
55,fixed_manifest,49,2,host_fpga_pcie,HOST_to_FPGA,302592,924308.2538666691,924432.5418666692
55,fixed_manifest,50,1,host_fpga_pcie,FPGA_to_HOST,302592,924765.2893866693,924889.5773866693
55,fixed_manifest,50,2,gpu_host,HOST_to_GPU,302592,924889.5773866693,924924.0541866693
55,fixed_manifest,59,1,gpu_host,GPU_to_HOST,302592,925756.0109866696,925790.4877866696
55,fixed_manifest,59,2,host_fpga_pcie,HOST_to_FPGA,302592,925790.4877866696,925914.7757866697
55,fixed_manifest,60,1,host_fpga_pcie,FPGA_to_HOST,302592,926247.5233066697,926371.8113066698
55,fixed_manifest,60,2,gpu_host,HOST_to_GPU,302592,926371.8113066698,926406.2881066698
55,fixed_manifest,69,1,gpu_host,GPU_to_HOST,302592,927238.2449066701,927272.7217066701
55,fixed_manifest,69,2,host_fpga_pcie,HOST_to_FPGA,302592,927272.7217066701,927397.0097066702
55,fixed_manifest,70,1,host_fpga_pcie,FPGA_to_HOST,302592,927729.7572266702,927854.0452266702
55,fixed_manifest,70,2,gpu_host,HOST_to_GPU,302592,927854.0452266702,927888.5220266703
55,fixed_manifest,79,1,gpu_host,GPU_to_HOST,302592,928720.4788266706,928754.9556266705
55,fixed_manifest,79,2,host_fpga_pcie,HOST_to_FPGA,302592,928754.9556266705,928879.2436266707
55,fixed_manifest,80,1,host_fpga_pcie,FPGA_to_HOST,302592,929211.9911466707,929336.2791466707
55,fixed_manifest,80,2,gpu_host,HOST_to_GPU,302592,929336.2791466707,929370.7559466708
55,fixed_manifest,89,1,gpu_host,GPU_to_HOST,302592,930202.7127466709,930237.189546671
55,fixed_manifest,89,2,host_fpga_pcie,HOST_to_FPGA,302592,930237.189546671,930361.477546671
55,fixed_manifest,90,1,host_fpga_pcie,FPGA_to_HOST,302592,930694.2250666711,930818.5130666712
55,fixed_manifest,90,2,gpu_host,HOST_to_GPU,302592,930818.5130666712,930852.9898666712
55,fixed_manifest,99,1,gpu_host,GPU_to_HOST,302592,931684.9466666714,931719.4234666715
55,fixed_manifest,99,2,host_fpga_pcie,HOST_to_FPGA,302592,931719.4234666715,931843.7114666715
55,fixed_manifest,100,1,host_fpga_pcie,FPGA_to_HOST,302592,932176.4589866715,932300.7469866717
55,fixed_manifest,100,2,gpu_host,HOST_to_GPU,302592,932300.7469866717,932335.2237866716
55,fixed_manifest,109,1,gpu_host,GPU_to_HOST,302592,933167.1805866719,933201.657386672
55,fixed_manifest,109,2,host_fpga_pcie,HOST_to_FPGA,302592,933201.657386672,933325.945386672
55,fixed_manifest,110,1,host_fpga_pcie,FPGA_to_HOST,302592,933658.692906672,933782.9809066721
55,fixed_manifest,110,2,gpu_host,HOST_to_GPU,302592,933782.9809066721,933817.4577066721
56,fixed_manifest,9,1,gpu_host,GPU_to_HOST,302592,934956.0328533337,934990.5096533337
56,fixed_manifest,9,2,host_fpga_pcie,HOST_to_FPGA,302592,934990.5096533337,935114.7976533339
55,fixed_manifest,119,1,gpu_host,GPU_to_HOST,302592,935148.7538133338,935183.2306133339
55,fixed_manifest,119,2,host_fpga_pcie,HOST_to_FPGA,302592,935183.2306133339,935307.5186133339
56,fixed_manifest,10,1,host_fpga_pcie,FPGA_to_HOST,302592,935447.5451733338,935571.8331733339
56,fixed_manifest,10,2,gpu_host,HOST_to_GPU,302592,935571.8331733339,935606.309973334
55,fixed_manifest,120,1,host_fpga_pcie,FPGA_to_HOST,302592,935780.2926933338,935904.5806933339
55,fixed_manifest,120,2,gpu_host,HOST_to_GPU,302592,935904.5806933339,935939.0574933339
56,fixed_manifest,19,1,gpu_host,GPU_to_HOST,302592,936493.7419733343,936528.2187733344
56,fixed_manifest,19,2,host_fpga_pcie,HOST_to_FPGA,302592,936528.2187733344,936652.5067733345
56,fixed_manifest,20,1,host_fpga_pcie,FPGA_to_HOST,302592,936985.2542933344,937109.5422933345
56,fixed_manifest,20,2,gpu_host,HOST_to_GPU,302592,937109.5422933345,937144.0190933346
56,fixed_manifest,29,1,gpu_host,GPU_to_HOST,302592,937975.9758933348,938010.4526933348
56,fixed_manifest,29,2,host_fpga_pcie,HOST_to_FPGA,302592,938010.4526933348,938134.740693335
56,fixed_manifest,30,1,host_fpga_pcie,FPGA_to_HOST,302592,938467.4882133349,938591.776213335
56,fixed_manifest,30,2,gpu_host,HOST_to_GPU,302592,938591.776213335,938626.253013335
56,fixed_manifest,39,1,gpu_host,GPU_to_HOST,302592,939458.2098133353,939492.6866133353
56,fixed_manifest,39,2,host_fpga_pcie,HOST_to_FPGA,302592,939492.6866133353,939616.9746133353
56,fixed_manifest,40,1,host_fpga_pcie,FPGA_to_HOST,302592,939949.7221333354,940074.0101333355
56,fixed_manifest,40,2,gpu_host,HOST_to_GPU,302592,940074.0101333355,940108.4869333354
56,fixed_manifest,49,1,gpu_host,GPU_to_HOST,302592,940940.4437333357,940974.9205333358
56,fixed_manifest,49,2,host_fpga_pcie,HOST_to_FPGA,302592,940974.9205333358,941099.2085333358
56,fixed_manifest,50,1,host_fpga_pcie,FPGA_to_HOST,302592,941431.9560533358,941556.244053336
56,fixed_manifest,50,2,gpu_host,HOST_to_GPU,302592,941556.244053336,941590.7208533359
56,fixed_manifest,59,1,gpu_host,GPU_to_HOST,302592,942422.6776533362,942457.1544533363
56,fixed_manifest,59,2,host_fpga_pcie,HOST_to_FPGA,302592,942457.1544533363,942581.4424533363
56,fixed_manifest,60,1,host_fpga_pcie,FPGA_to_HOST,302592,942914.1899733363,943038.4779733364
56,fixed_manifest,60,2,gpu_host,HOST_to_GPU,302592,943038.4779733364,943072.9547733364
56,fixed_manifest,69,1,gpu_host,GPU_to_HOST,302592,943904.9115733367,943939.3883733366
56,fixed_manifest,69,2,host_fpga_pcie,HOST_to_FPGA,302592,943939.3883733366,944063.6763733368
56,fixed_manifest,70,1,host_fpga_pcie,FPGA_to_HOST,302592,944396.4238933368,944520.7118933368
56,fixed_manifest,70,2,gpu_host,HOST_to_GPU,302592,944520.7118933368,944555.1886933369
56,fixed_manifest,79,1,gpu_host,GPU_to_HOST,302592,945387.1454933372,945421.6222933371
56,fixed_manifest,79,2,host_fpga_pcie,HOST_to_FPGA,302592,945421.6222933371,945545.9102933372
56,fixed_manifest,80,1,host_fpga_pcie,FPGA_to_HOST,302592,945878.6578133373,946002.9458133373
56,fixed_manifest,80,2,gpu_host,HOST_to_GPU,302592,946002.9458133373,946037.4226133373
56,fixed_manifest,89,1,gpu_host,GPU_to_HOST,302592,946869.3794133376,946903.8562133376
56,fixed_manifest,89,2,host_fpga_pcie,HOST_to_FPGA,302592,946903.8562133376,947028.1442133377
56,fixed_manifest,90,1,host_fpga_pcie,FPGA_to_HOST,302592,947360.8917333377,947485.1797333378
56,fixed_manifest,90,2,gpu_host,HOST_to_GPU,302592,947485.1797333378,947519.6565333378
56,fixed_manifest,99,1,gpu_host,GPU_to_HOST,302592,948351.613333338,948386.0901333381
56,fixed_manifest,99,2,host_fpga_pcie,HOST_to_FPGA,302592,948386.0901333381,948510.3781333382
56,fixed_manifest,100,1,host_fpga_pcie,FPGA_to_HOST,302592,948843.1256533382,948967.4136533382
56,fixed_manifest,100,2,gpu_host,HOST_to_GPU,302592,948967.4136533382,949001.8904533383
56,fixed_manifest,109,1,gpu_host,GPU_to_HOST,302592,949833.8472533386,949868.3240533385
56,fixed_manifest,109,2,host_fpga_pcie,HOST_to_FPGA,302592,949868.3240533385,949992.6120533387
56,fixed_manifest,110,1,host_fpga_pcie,FPGA_to_HOST,302592,950325.3595733386,950449.6475733387
56,fixed_manifest,110,2,gpu_host,HOST_to_GPU,302592,950449.6475733387,950484.1243733388
57,fixed_manifest,9,1,gpu_host,GPU_to_HOST,302592,951622.6995200005,951657.1763200004
57,fixed_manifest,9,2,host_fpga_pcie,HOST_to_FPGA,302592,951657.1763200004,951781.4643200005
56,fixed_manifest,119,1,gpu_host,GPU_to_HOST,302592,951815.4204800006,951849.8972800006
56,fixed_manifest,119,2,host_fpga_pcie,HOST_to_FPGA,302592,951849.8972800006,951974.1852800007
57,fixed_manifest,10,1,host_fpga_pcie,FPGA_to_HOST,302592,952114.2118400006,952238.4998400006
57,fixed_manifest,10,2,gpu_host,HOST_to_GPU,302592,952238.4998400006,952272.9766400007
56,fixed_manifest,120,1,host_fpga_pcie,FPGA_to_HOST,302592,952446.9593600006,952571.2473600006
56,fixed_manifest,120,2,gpu_host,HOST_to_GPU,302592,952571.2473600006,952605.7241600007
57,fixed_manifest,19,1,gpu_host,GPU_to_HOST,302592,953160.4086400011,953194.885440001
57,fixed_manifest,19,2,host_fpga_pcie,HOST_to_FPGA,302592,953194.885440001,953319.1734400012
57,fixed_manifest,20,1,host_fpga_pcie,FPGA_to_HOST,302592,953651.9209600012,953776.2089600012
57,fixed_manifest,20,2,gpu_host,HOST_to_GPU,302592,953776.2089600012,953810.6857600013
57,fixed_manifest,29,1,gpu_host,GPU_to_HOST,302592,954642.6425600016,954677.1193600015
57,fixed_manifest,29,2,host_fpga_pcie,HOST_to_FPGA,302592,954677.1193600015,954801.4073600016
57,fixed_manifest,30,1,host_fpga_pcie,FPGA_to_HOST,302592,955134.1548800017,955258.4428800017
57,fixed_manifest,30,2,gpu_host,HOST_to_GPU,302592,955258.4428800017,955292.9196800018
57,fixed_manifest,39,1,gpu_host,GPU_to_HOST,302592,956124.876480002,956159.353280002
57,fixed_manifest,39,2,host_fpga_pcie,HOST_to_FPGA,302592,956159.353280002,956283.6412800021
57,fixed_manifest,40,1,host_fpga_pcie,FPGA_to_HOST,302592,956616.388800002,956740.6768000022
57,fixed_manifest,40,2,gpu_host,HOST_to_GPU,302592,956740.6768000022,956775.1536000022
57,fixed_manifest,49,1,gpu_host,GPU_to_HOST,302592,957607.1104000024,957641.5872000025
57,fixed_manifest,49,2,host_fpga_pcie,HOST_to_FPGA,302592,957641.5872000025,957765.8752000026
57,fixed_manifest,50,1,host_fpga_pcie,FPGA_to_HOST,302592,958098.6227200025,958222.9107200026
57,fixed_manifest,50,2,gpu_host,HOST_to_GPU,302592,958222.9107200026,958257.3875200027
57,fixed_manifest,59,1,gpu_host,GPU_to_HOST,302592,959089.344320003,959123.8211200029
57,fixed_manifest,59,2,host_fpga_pcie,HOST_to_FPGA,302592,959123.8211200029,959248.1091200031
57,fixed_manifest,60,1,host_fpga_pcie,FPGA_to_HOST,302592,959580.856640003,959705.1446400031
57,fixed_manifest,60,2,gpu_host,HOST_to_GPU,302592,959705.1446400031,959739.6214400032
57,fixed_manifest,69,1,gpu_host,GPU_to_HOST,302592,960571.5782400034,960606.0550400034
57,fixed_manifest,69,2,host_fpga_pcie,HOST_to_FPGA,302592,960606.0550400034,960730.3430400034
57,fixed_manifest,70,1,host_fpga_pcie,FPGA_to_HOST,302592,961063.0905600035,961187.3785600036
57,fixed_manifest,70,2,gpu_host,HOST_to_GPU,302592,961187.3785600036,961221.8553600037
57,fixed_manifest,79,1,gpu_host,GPU_to_HOST,302592,962053.8121600038,962088.2889600039
57,fixed_manifest,79,2,host_fpga_pcie,HOST_to_FPGA,302592,962088.2889600039,962212.5769600039
57,fixed_manifest,80,1,host_fpga_pcie,FPGA_to_HOST,302592,962545.3244800039,962669.6124800041
57,fixed_manifest,80,2,gpu_host,HOST_to_GPU,302592,962669.6124800041,962704.089280004
57,fixed_manifest,89,1,gpu_host,GPU_to_HOST,302592,963536.0460800043,963570.5228800044
57,fixed_manifest,89,2,host_fpga_pcie,HOST_to_FPGA,302592,963570.5228800044,963694.8108800044
57,fixed_manifest,90,1,host_fpga_pcie,FPGA_to_HOST,302592,964027.5584000044,964151.8464000045
57,fixed_manifest,90,2,gpu_host,HOST_to_GPU,302592,964151.8464000045,964186.3232000045
57,fixed_manifest,99,1,gpu_host,GPU_to_HOST,302592,965018.2800000048,965052.7568000047
57,fixed_manifest,99,2,host_fpga_pcie,HOST_to_FPGA,302592,965052.7568000047,965177.0448000049
57,fixed_manifest,100,1,host_fpga_pcie,FPGA_to_HOST,302592,965509.7923200049,965634.080320005
57,fixed_manifest,100,2,gpu_host,HOST_to_GPU,302592,965634.080320005,965668.557120005
57,fixed_manifest,109,1,gpu_host,GPU_to_HOST,302592,966500.5139200053,966534.9907200052
57,fixed_manifest,109,2,host_fpga_pcie,HOST_to_FPGA,302592,966534.9907200052,966659.2787200053
57,fixed_manifest,110,1,host_fpga_pcie,FPGA_to_HOST,302592,966992.0262400054,967116.3142400054
57,fixed_manifest,110,2,gpu_host,HOST_to_GPU,302592,967116.3142400054,967150.7910400054
58,fixed_manifest,9,1,gpu_host,GPU_to_HOST,302592,968289.3661866671,968323.8429866672
58,fixed_manifest,9,2,host_fpga_pcie,HOST_to_FPGA,302592,968323.8429866672,968448.1309866672
57,fixed_manifest,119,1,gpu_host,GPU_to_HOST,302592,968482.0871466673,968516.5639466672
57,fixed_manifest,119,2,host_fpga_pcie,HOST_to_FPGA,302592,968516.5639466672,968640.8519466674
58,fixed_manifest,10,1,host_fpga_pcie,FPGA_to_HOST,302592,968780.8785066673,968905.1665066674
58,fixed_manifest,10,2,gpu_host,HOST_to_GPU,302592,968905.1665066674,968939.6433066673
57,fixed_manifest,120,1,host_fpga_pcie,FPGA_to_HOST,302592,969113.6260266673,969237.9140266674
57,fixed_manifest,120,2,gpu_host,HOST_to_GPU,302592,969237.9140266674,969272.3908266674
58,fixed_manifest,19,1,gpu_host,GPU_to_HOST,302592,969827.0753066678,969861.5521066678
58,fixed_manifest,19,2,host_fpga_pcie,HOST_to_FPGA,302592,969861.5521066678,969985.8401066678
58,fixed_manifest,20,1,host_fpga_pcie,FPGA_to_HOST,302592,970318.5876266679,970442.875626668
58,fixed_manifest,20,2,gpu_host,HOST_to_GPU,302592,970442.875626668,970477.352426668
58,fixed_manifest,29,1,gpu_host,GPU_to_HOST,302592,971309.3092266682,971343.7860266683
58,fixed_manifest,29,2,host_fpga_pcie,HOST_to_FPGA,302592,971343.7860266683,971468.0740266683
58,fixed_manifest,30,1,host_fpga_pcie,FPGA_to_HOST,302592,971800.8215466683,971925.1095466685
58,fixed_manifest,30,2,gpu_host,HOST_to_GPU,302592,971925.1095466685,971959.5863466684
58,fixed_manifest,39,1,gpu_host,GPU_to_HOST,302592,972791.5431466687,972826.0199466688
58,fixed_manifest,39,2,host_fpga_pcie,HOST_to_FPGA,302592,972826.0199466688,972950.3079466688
58,fixed_manifest,40,1,host_fpga_pcie,FPGA_to_HOST,302592,973283.0554666688,973407.3434666689
58,fixed_manifest,40,2,gpu_host,HOST_to_GPU,302592,973407.3434666689,973441.8202666689
58,fixed_manifest,49,1,gpu_host,GPU_to_HOST,302592,974273.7770666692,974308.2538666691
58,fixed_manifest,49,2,host_fpga_pcie,HOST_to_FPGA,302592,974308.2538666691,974432.5418666693
58,fixed_manifest,50,1,host_fpga_pcie,FPGA_to_HOST,302592,974765.2893866693,974889.5773866693
58,fixed_manifest,50,2,gpu_host,HOST_to_GPU,302592,974889.5773866693,974924.0541866694
58,fixed_manifest,59,1,gpu_host,GPU_to_HOST,302592,975756.0109866697,975790.4877866696
58,fixed_manifest,59,2,host_fpga_pcie,HOST_to_FPGA,302592,975790.4877866696,975914.7757866697
58,fixed_manifest,60,1,host_fpga_pcie,FPGA_to_HOST,302592,976247.5233066698,976371.8113066698
58,fixed_manifest,60,2,gpu_host,HOST_to_GPU,302592,976371.8113066698,976406.2881066699
58,fixed_manifest,69,1,gpu_host,GPU_to_HOST,302592,977238.2449066701,977272.7217066701
58,fixed_manifest,69,2,host_fpga_pcie,HOST_to_FPGA,302592,977272.7217066701,977397.0097066702
58,fixed_manifest,70,1,host_fpga_pcie,FPGA_to_HOST,302592,977729.7572266702,977854.0452266703
58,fixed_manifest,70,2,gpu_host,HOST_to_GPU,302592,977854.0452266703,977888.5220266703
58,fixed_manifest,79,1,gpu_host,GPU_to_HOST,302592,978720.4788266706,978754.9556266706
58,fixed_manifest,79,2,host_fpga_pcie,HOST_to_FPGA,302592,978754.9556266706,978879.2436266707
58,fixed_manifest,80,1,host_fpga_pcie,FPGA_to_HOST,302592,979211.9911466707,979336.2791466707
58,fixed_manifest,80,2,gpu_host,HOST_to_GPU,302592,979336.2791466707,979370.7559466708
58,fixed_manifest,89,1,gpu_host,GPU_to_HOST,302592,980202.712746671,980237.189546671
58,fixed_manifest,89,2,host_fpga_pcie,HOST_to_FPGA,302592,980237.189546671,980361.4775466712
58,fixed_manifest,90,1,host_fpga_pcie,FPGA_to_HOST,302592,980694.2250666711,980818.5130666712
58,fixed_manifest,90,2,gpu_host,HOST_to_GPU,302592,980818.5130666712,980852.9898666713
58,fixed_manifest,99,1,gpu_host,GPU_to_HOST,302592,981684.9466666715,981719.4234666715
58,fixed_manifest,99,2,host_fpga_pcie,HOST_to_FPGA,302592,981719.4234666715,981843.7114666715
58,fixed_manifest,100,1,host_fpga_pcie,FPGA_to_HOST,302592,982176.4589866716,982300.7469866717
58,fixed_manifest,100,2,gpu_host,HOST_to_GPU,302592,982300.7469866717,982335.2237866718
58,fixed_manifest,109,1,gpu_host,GPU_to_HOST,302592,983167.1805866719,983201.657386672
58,fixed_manifest,109,2,host_fpga_pcie,HOST_to_FPGA,302592,983201.657386672,983325.945386672
58,fixed_manifest,110,1,host_fpga_pcie,FPGA_to_HOST,302592,983658.692906672,983782.9809066722
58,fixed_manifest,110,2,gpu_host,HOST_to_GPU,302592,983782.9809066722,983817.4577066721
59,fixed_manifest,9,1,gpu_host,GPU_to_HOST,302592,984956.0328533337,984990.5096533338
59,fixed_manifest,9,2,host_fpga_pcie,HOST_to_FPGA,302592,984990.5096533338,985114.7976533339
58,fixed_manifest,119,1,gpu_host,GPU_to_HOST,302592,985148.7538133339,985183.2306133339
58,fixed_manifest,119,2,host_fpga_pcie,HOST_to_FPGA,302592,985183.2306133339,985307.5186133339
59,fixed_manifest,10,1,host_fpga_pcie,FPGA_to_HOST,302592,985447.5451733338,985571.833173334
59,fixed_manifest,10,2,gpu_host,HOST_to_GPU,302592,985571.833173334,985606.309973334
58,fixed_manifest,120,1,host_fpga_pcie,FPGA_to_HOST,302592,985780.2926933339,985904.580693334
58,fixed_manifest,120,2,gpu_host,HOST_to_GPU,302592,985904.580693334,985939.0574933339
59,fixed_manifest,19,1,gpu_host,GPU_to_HOST,302592,986493.7419733343,986528.2187733344
59,fixed_manifest,19,2,host_fpga_pcie,HOST_to_FPGA,302592,986528.2187733344,986652.5067733345
59,fixed_manifest,20,1,host_fpga_pcie,FPGA_to_HOST,302592,986985.2542933346,987109.5422933346
59,fixed_manifest,20,2,gpu_host,HOST_to_GPU,302592,987109.5422933346,987144.0190933346
59,fixed_manifest,29,1,gpu_host,GPU_to_HOST,302592,987975.9758933348,988010.4526933349
59,fixed_manifest,29,2,host_fpga_pcie,HOST_to_FPGA,302592,988010.4526933349,988134.740693335
59,fixed_manifest,30,1,host_fpga_pcie,FPGA_to_HOST,302592,988467.4882133349,988591.7762133351
59,fixed_manifest,30,2,gpu_host,HOST_to_GPU,302592,988591.7762133351,988626.253013335
59,fixed_manifest,39,1,gpu_host,GPU_to_HOST,302592,989458.2098133353,989492.6866133354
59,fixed_manifest,39,2,host_fpga_pcie,HOST_to_FPGA,302592,989492.6866133354,989616.9746133354
59,fixed_manifest,40,1,host_fpga_pcie,FPGA_to_HOST,302592,989949.7221333354,990074.0101333355
59,fixed_manifest,40,2,gpu_host,HOST_to_GPU,302592,990074.0101333355,990108.4869333355
59,fixed_manifest,49,1,gpu_host,GPU_to_HOST,302592,990940.4437333358,990974.9205333358
59,fixed_manifest,49,2,host_fpga_pcie,HOST_to_FPGA,302592,990974.9205333358,991099.208533336
59,fixed_manifest,50,1,host_fpga_pcie,FPGA_to_HOST,302592,991431.9560533359,991556.244053336
59,fixed_manifest,50,2,gpu_host,HOST_to_GPU,302592,991556.244053336,991590.720853336
59,fixed_manifest,59,1,gpu_host,GPU_to_HOST,302592,992422.6776533362,992457.1544533363
59,fixed_manifest,59,2,host_fpga_pcie,HOST_to_FPGA,302592,992457.1544533363,992581.4424533363
59,fixed_manifest,60,1,host_fpga_pcie,FPGA_to_HOST,302592,992914.1899733364,993038.4779733365
59,fixed_manifest,60,2,gpu_host,HOST_to_GPU,302592,993038.4779733365,993072.9547733364
59,fixed_manifest,69,1,gpu_host,GPU_to_HOST,302592,993904.9115733367,993939.3883733368
59,fixed_manifest,69,2,host_fpga_pcie,HOST_to_FPGA,302592,993939.3883733368,994063.6763733368
59,fixed_manifest,70,1,host_fpga_pcie,FPGA_to_HOST,302592,994396.4238933368,994520.711893337
59,fixed_manifest,70,2,gpu_host,HOST_to_GPU,302592,994520.711893337,994555.1886933369
59,fixed_manifest,79,1,gpu_host,GPU_to_HOST,302592,995387.1454933372,995421.6222933372
59,fixed_manifest,79,2,host_fpga_pcie,HOST_to_FPGA,302592,995421.6222933372,995545.9102933373
59,fixed_manifest,80,1,host_fpga_pcie,FPGA_to_HOST,302592,995878.6578133373,996002.9458133373
59,fixed_manifest,80,2,gpu_host,HOST_to_GPU,302592,996002.9458133373,996037.4226133374
59,fixed_manifest,89,1,gpu_host,GPU_to_HOST,302592,996869.3794133377,996903.8562133376
59,fixed_manifest,89,2,host_fpga_pcie,HOST_to_FPGA,302592,996903.8562133376,997028.1442133377
59,fixed_manifest,90,1,host_fpga_pcie,FPGA_to_HOST,302592,997360.8917333378,997485.1797333378
59,fixed_manifest,90,2,gpu_host,HOST_to_GPU,302592,997485.1797333378,997519.6565333379
59,fixed_manifest,99,1,gpu_host,GPU_to_HOST,302592,998351.613333338,998386.0901333381
59,fixed_manifest,99,2,host_fpga_pcie,HOST_to_FPGA,302592,998386.0901333381,998510.3781333382
59,fixed_manifest,100,1,host_fpga_pcie,FPGA_to_HOST,302592,998843.1256533383,998967.4136533383
59,fixed_manifest,100,2,gpu_host,HOST_to_GPU,302592,998967.4136533383,999001.8904533383
59,fixed_manifest,109,1,gpu_host,GPU_to_HOST,302592,999833.8472533386,999868.3240533386
59,fixed_manifest,109,2,host_fpga_pcie,HOST_to_FPGA,302592,999868.3240533386,999992.6120533387
59,fixed_manifest,110,1,host_fpga_pcie,FPGA_to_HOST,302592,1000325.3595733385,1000449.6475733385
59,fixed_manifest,110,2,gpu_host,HOST_to_GPU,302592,1000449.6475733385,1000484.1243733384
60,fixed_manifest,9,1,gpu_host,GPU_to_HOST,302592,1001622.6995200001,1001657.1763200002
60,fixed_manifest,9,2,host_fpga_pcie,HOST_to_FPGA,302592,1001657.1763200002,1001781.46432
59,fixed_manifest,119,1,gpu_host,GPU_to_HOST,302592,1001815.4204800001,1001849.89728
59,fixed_manifest,119,2,host_fpga_pcie,HOST_to_FPGA,302592,1001849.89728,1001974.18528
60,fixed_manifest,10,1,host_fpga_pcie,FPGA_to_HOST,302592,1002114.2118399999,1002238.4998399998
60,fixed_manifest,10,2,gpu_host,HOST_to_GPU,302592,1002238.4998399998,1002272.9766399998
59,fixed_manifest,120,1,host_fpga_pcie,FPGA_to_HOST,302592,1002446.9593599999,1002571.2473599997
59,fixed_manifest,120,2,gpu_host,HOST_to_GPU,302592,1002571.2473599997,1002605.7241599998
60,fixed_manifest,19,1,gpu_host,GPU_to_HOST,302592,1003160.4086399997,1003194.8854399996
60,fixed_manifest,19,2,host_fpga_pcie,HOST_to_FPGA,302592,1003194.8854399996,1003319.1734399996
60,fixed_manifest,20,1,host_fpga_pcie,FPGA_to_HOST,302592,1003651.9209599994,1003776.2089599993
60,fixed_manifest,20,2,gpu_host,HOST_to_GPU,302592,1003776.2089599993,1003810.6857599993
60,fixed_manifest,29,1,gpu_host,GPU_to_HOST,302592,1004642.6425599993,1004677.1193599993
60,fixed_manifest,29,2,host_fpga_pcie,HOST_to_FPGA,302592,1004677.1193599993,1004801.4073599991
60,fixed_manifest,30,1,host_fpga_pcie,FPGA_to_HOST,302592,1005134.154879999,1005258.4428799988
60,fixed_manifest,30,2,gpu_host,HOST_to_GPU,302592,1005258.4428799988,1005292.9196799989
60,fixed_manifest,39,1,gpu_host,GPU_to_HOST,302592,1006124.8764799988,1006159.3532799989
60,fixed_manifest,39,2,host_fpga_pcie,HOST_to_FPGA,302592,1006159.3532799989,1006283.6412799987
60,fixed_manifest,40,1,host_fpga_pcie,FPGA_to_HOST,302592,1006616.3887999986,1006740.6767999985
60,fixed_manifest,40,2,gpu_host,HOST_to_GPU,302592,1006740.6767999985,1006775.1535999984
60,fixed_manifest,49,1,gpu_host,GPU_to_HOST,302592,1007607.1103999984,1007641.5871999984
60,fixed_manifest,49,2,host_fpga_pcie,HOST_to_FPGA,302592,1007641.5871999984,1007765.8751999983
60,fixed_manifest,50,1,host_fpga_pcie,FPGA_to_HOST,302592,1008098.6227199981,1008222.9107199981
60,fixed_manifest,50,2,gpu_host,HOST_to_GPU,302592,1008222.9107199981,1008257.387519998
60,fixed_manifest,59,1,gpu_host,GPU_to_HOST,302592,1009089.3443199979,1009123.821119998
60,fixed_manifest,59,2,host_fpga_pcie,HOST_to_FPGA,302592,1009123.821119998,1009248.1091199978
60,fixed_manifest,60,1,host_fpga_pcie,FPGA_to_HOST,302592,1009580.8566399978,1009705.1446399976
60,fixed_manifest,60,2,gpu_host,HOST_to_GPU,302592,1009705.1446399976,1009739.6214399976
60,fixed_manifest,69,1,gpu_host,GPU_to_HOST,302592,1010571.5782399975,1010606.0550399976
60,fixed_manifest,69,2,host_fpga_pcie,HOST_to_FPGA,302592,1010606.0550399976,1010730.3430399974
60,fixed_manifest,70,1,host_fpga_pcie,FPGA_to_HOST,302592,1011063.0905599974,1011187.3785599972
60,fixed_manifest,70,2,gpu_host,HOST_to_GPU,302592,1011187.3785599972,1011221.8553599973
60,fixed_manifest,79,1,gpu_host,GPU_to_HOST,302592,1012053.8121599972,1012088.2889599971
60,fixed_manifest,79,2,host_fpga_pcie,HOST_to_FPGA,302592,1012088.2889599971,1012212.576959997
60,fixed_manifest,80,1,host_fpga_pcie,FPGA_to_HOST,302592,1012545.3244799969,1012669.6124799968
60,fixed_manifest,80,2,gpu_host,HOST_to_GPU,302592,1012669.6124799968,1012704.0892799968
60,fixed_manifest,89,1,gpu_host,GPU_to_HOST,302592,1013536.0460799967,1013570.5228799967
60,fixed_manifest,89,2,host_fpga_pcie,HOST_to_FPGA,302592,1013570.5228799967,1013694.8108799966
60,fixed_manifest,90,1,host_fpga_pcie,FPGA_to_HOST,302592,1014027.5583999965,1014151.8463999963
60,fixed_manifest,90,2,gpu_host,HOST_to_GPU,302592,1014151.8463999963,1014186.3231999964
60,fixed_manifest,99,1,gpu_host,GPU_to_HOST,302592,1015018.2799999963,1015052.7567999962
60,fixed_manifest,99,2,host_fpga_pcie,HOST_to_FPGA,302592,1015052.7567999962,1015177.0447999962
60,fixed_manifest,100,1,host_fpga_pcie,FPGA_to_HOST,302592,1015509.792319996,1015634.0803199959
60,fixed_manifest,100,2,gpu_host,HOST_to_GPU,302592,1015634.0803199959,1015668.5571199959
60,fixed_manifest,109,1,gpu_host,GPU_to_HOST,302592,1016500.5139199959,1016534.9907199958
60,fixed_manifest,109,2,host_fpga_pcie,HOST_to_FPGA,302592,1016534.9907199958,1016659.2787199958
60,fixed_manifest,110,1,host_fpga_pcie,FPGA_to_HOST,302592,1016992.0262399956,1017116.3142399954
60,fixed_manifest,110,2,gpu_host,HOST_to_GPU,302592,1017116.3142399954,1017150.7910399955
61,fixed_manifest,9,1,gpu_host,GPU_to_HOST,302592,1018289.3661866668,1018323.8429866668
61,fixed_manifest,9,2,host_fpga_pcie,HOST_to_FPGA,302592,1018323.8429866668,1018448.1309866667
60,fixed_manifest,119,1,gpu_host,GPU_to_HOST,302592,1018482.0871466667,1018516.5639466667
60,fixed_manifest,119,2,host_fpga_pcie,HOST_to_FPGA,302592,1018516.5639466667,1018640.8519466665
61,fixed_manifest,10,1,host_fpga_pcie,FPGA_to_HOST,302592,1018780.8785066665,1018905.1665066665
61,fixed_manifest,10,2,gpu_host,HOST_to_GPU,302592,1018905.1665066665,1018939.6433066664
60,fixed_manifest,120,1,host_fpga_pcie,FPGA_to_HOST,302592,1019113.6260266665,1019237.9140266663
60,fixed_manifest,120,2,gpu_host,HOST_to_GPU,302592,1019237.9140266663,1019272.3908266663
61,fixed_manifest,19,1,gpu_host,GPU_to_HOST,302592,1019827.0753066663,1019861.5521066663
61,fixed_manifest,19,2,host_fpga_pcie,HOST_to_FPGA,302592,1019861.5521066663,1019985.8401066662
61,fixed_manifest,20,1,host_fpga_pcie,FPGA_to_HOST,302592,1020318.5876266661,1020442.8756266659
61,fixed_manifest,20,2,gpu_host,HOST_to_GPU,302592,1020442.8756266659,1020477.352426666
61,fixed_manifest,29,1,gpu_host,GPU_to_HOST,302592,1021309.3092266659,1021343.7860266658
61,fixed_manifest,29,2,host_fpga_pcie,HOST_to_FPGA,302592,1021343.7860266658,1021468.0740266658
61,fixed_manifest,30,1,host_fpga_pcie,FPGA_to_HOST,302592,1021800.8215466656,1021925.1095466655
61,fixed_manifest,30,2,gpu_host,HOST_to_GPU,302592,1021925.1095466655,1021959.5863466655
61,fixed_manifest,39,1,gpu_host,GPU_to_HOST,302592,1022791.5431466654,1022826.0199466654
61,fixed_manifest,39,2,host_fpga_pcie,HOST_to_FPGA,302592,1022826.0199466654,1022950.3079466653
61,fixed_manifest,40,1,host_fpga_pcie,FPGA_to_HOST,302592,1023283.0554666652,1023407.343466665
61,fixed_manifest,40,2,gpu_host,HOST_to_GPU,302592,1023407.343466665,1023441.8202666651
61,fixed_manifest,49,1,gpu_host,GPU_to_HOST,302592,1024273.777066665,1024308.2538666651
61,fixed_manifest,49,2,host_fpga_pcie,HOST_to_FPGA,302592,1024308.2538666651,1024432.5418666649
61,fixed_manifest,50,1,host_fpga_pcie,FPGA_to_HOST,302592,1024765.2893866648,1024889.5773866647
61,fixed_manifest,50,2,gpu_host,HOST_to_GPU,302592,1024889.5773866647,1024924.0541866646
61,fixed_manifest,59,1,gpu_host,GPU_to_HOST,302592,1025756.0109866646,1025790.4877866646
61,fixed_manifest,59,2,host_fpga_pcie,HOST_to_FPGA,302592,1025790.4877866646,1025914.7757866645
61,fixed_manifest,60,1,host_fpga_pcie,FPGA_to_HOST,302592,1026247.5233066643,1026371.8113066643
61,fixed_manifest,60,2,gpu_host,HOST_to_GPU,302592,1026371.8113066643,1026406.2881066642
61,fixed_manifest,69,1,gpu_host,GPU_to_HOST,302592,1027238.2449066641,1027272.7217066642
61,fixed_manifest,69,2,host_fpga_pcie,HOST_to_FPGA,302592,1027272.7217066642,1027397.009706664
61,fixed_manifest,70,1,host_fpga_pcie,FPGA_to_HOST,302592,1027729.7572266639,1027854.0452266638
61,fixed_manifest,70,2,gpu_host,HOST_to_GPU,302592,1027854.0452266638,1027888.5220266638
61,fixed_manifest,79,1,gpu_host,GPU_to_HOST,302592,1028720.4788266637,1028754.9556266638
61,fixed_manifest,79,2,host_fpga_pcie,HOST_to_FPGA,302592,1028754.9556266638,1028879.2436266636
61,fixed_manifest,80,1,host_fpga_pcie,FPGA_to_HOST,302592,1029211.9911466636,1029336.2791466634
61,fixed_manifest,80,2,gpu_host,HOST_to_GPU,302592,1029336.2791466634,1029370.7559466634
61,fixed_manifest,89,1,gpu_host,GPU_to_HOST,302592,1030202.7127466633,1030237.1895466633
61,fixed_manifest,89,2,host_fpga_pcie,HOST_to_FPGA,302592,1030237.1895466633,1030361.4775466631
61,fixed_manifest,90,1,host_fpga_pcie,FPGA_to_HOST,302592,1030694.2250666631,1030818.5130666629
61,fixed_manifest,90,2,gpu_host,HOST_to_GPU,302592,1030818.5130666629,1030852.989866663
61,fixed_manifest,99,1,gpu_host,GPU_to_HOST,302592,1031684.9466666629,1031719.4234666629
61,fixed_manifest,99,2,host_fpga_pcie,HOST_to_FPGA,302592,1031719.4234666629,1031843.7114666628
61,fixed_manifest,100,1,host_fpga_pcie,FPGA_to_HOST,302592,1032176.4589866627,1032300.7469866625
61,fixed_manifest,100,2,gpu_host,HOST_to_GPU,302592,1032300.7469866625,1032335.2237866626
61,fixed_manifest,109,1,gpu_host,GPU_to_HOST,302592,1033167.1805866625,1033201.6573866624
61,fixed_manifest,109,2,host_fpga_pcie,HOST_to_FPGA,302592,1033201.6573866624,1033325.9453866624
61,fixed_manifest,110,1,host_fpga_pcie,FPGA_to_HOST,302592,1033658.6929066622,1033782.9809066621
61,fixed_manifest,110,2,gpu_host,HOST_to_GPU,302592,1033782.9809066621,1033817.4577066621
62,fixed_manifest,9,1,gpu_host,GPU_to_HOST,302592,1034956.0328533334,1034990.5096533333
62,fixed_manifest,9,2,host_fpga_pcie,HOST_to_FPGA,302592,1034990.5096533333,1035114.7976533333
61,fixed_manifest,119,1,gpu_host,GPU_to_HOST,302592,1035148.7538133332,1035183.2306133333
61,fixed_manifest,119,2,host_fpga_pcie,HOST_to_FPGA,302592,1035183.2306133333,1035307.5186133331
62,fixed_manifest,10,1,host_fpga_pcie,FPGA_to_HOST,302592,1035447.5451733331,1035571.833173333
62,fixed_manifest,10,2,gpu_host,HOST_to_GPU,302592,1035571.833173333,1035606.309973333
61,fixed_manifest,120,1,host_fpga_pcie,FPGA_to_HOST,302592,1035780.292693333,1035904.580693333
61,fixed_manifest,120,2,gpu_host,HOST_to_GPU,302592,1035904.580693333,1035939.0574933329
62,fixed_manifest,19,1,gpu_host,GPU_to_HOST,302592,1036493.7419733328,1036528.2187733329
62,fixed_manifest,19,2,host_fpga_pcie,HOST_to_FPGA,302592,1036528.2187733329,1036652.5067733327
62,fixed_manifest,20,1,host_fpga_pcie,FPGA_to_HOST,302592,1036985.2542933327,1037109.5422933325
62,fixed_manifest,20,2,gpu_host,HOST_to_GPU,302592,1037109.5422933325,1037144.0190933326
62,fixed_manifest,29,1,gpu_host,GPU_to_HOST,302592,1037975.9758933325,1038010.4526933325
62,fixed_manifest,29,2,host_fpga_pcie,HOST_to_FPGA,302592,1038010.4526933325,1038134.7406933323
62,fixed_manifest,30,1,host_fpga_pcie,FPGA_to_HOST,302592,1038467.4882133323,1038591.7762133321
62,fixed_manifest,30,2,gpu_host,HOST_to_GPU,302592,1038591.7762133321,1038626.2530133321
62,fixed_manifest,39,1,gpu_host,GPU_to_HOST,302592,1039458.2098133321,1039492.686613332
62,fixed_manifest,39,2,host_fpga_pcie,HOST_to_FPGA,302592,1039492.686613332,1039616.974613332
62,fixed_manifest,40,1,host_fpga_pcie,FPGA_to_HOST,302592,1039949.7221333318,1040074.0101333316
62,fixed_manifest,40,2,gpu_host,HOST_to_GPU,302592,1040074.0101333316,1040108.4869333317
62,fixed_manifest,49,1,gpu_host,GPU_to_HOST,302592,1040940.4437333316,1040974.9205333316
62,fixed_manifest,49,2,host_fpga_pcie,HOST_to_FPGA,302592,1040974.9205333316,1041099.2085333315
62,fixed_manifest,50,1,host_fpga_pcie,FPGA_to_HOST,302592,1041431.9560533314,1041556.2440533312
62,fixed_manifest,50,2,gpu_host,HOST_to_GPU,302592,1041556.2440533312,1041590.7208533313
62,fixed_manifest,59,1,gpu_host,GPU_to_HOST,302592,1042422.6776533312,1042457.1544533313
62,fixed_manifest,59,2,host_fpga_pcie,HOST_to_FPGA,302592,1042457.1544533313,1042581.4424533311
62,fixed_manifest,60,1,host_fpga_pcie,FPGA_to_HOST,302592,1042914.1899733309,1043038.4779733309
62,fixed_manifest,60,2,gpu_host,HOST_to_GPU,302592,1043038.4779733309,1043072.9547733308
62,fixed_manifest,69,1,gpu_host,GPU_to_HOST,302592,1043904.9115733308,1043939.3883733308
62,fixed_manifest,69,2,host_fpga_pcie,HOST_to_FPGA,302592,1043939.3883733308,1044063.6763733306
62,fixed_manifest,70,1,host_fpga_pcie,FPGA_to_HOST,302592,1044396.4238933305,1044520.7118933304
62,fixed_manifest,70,2,gpu_host,HOST_to_GPU,302592,1044520.7118933304,1044555.1886933304
62,fixed_manifest,79,1,gpu_host,GPU_to_HOST,302592,1045387.1454933303,1045421.6222933304
62,fixed_manifest,79,2,host_fpga_pcie,HOST_to_FPGA,302592,1045421.6222933304,1045545.9102933302
62,fixed_manifest,80,1,host_fpga_pcie,FPGA_to_HOST,302592,1045878.6578133301,1046002.94581333
62,fixed_manifest,80,2,gpu_host,HOST_to_GPU,302592,1046002.94581333,1046037.42261333
62,fixed_manifest,89,1,gpu_host,GPU_to_HOST,302592,1046869.3794133299,1046903.85621333
62,fixed_manifest,89,2,host_fpga_pcie,HOST_to_FPGA,302592,1046903.85621333,1047028.1442133298
62,fixed_manifest,90,1,host_fpga_pcie,FPGA_to_HOST,302592,1047360.8917333297,1047485.1797333296
62,fixed_manifest,90,2,gpu_host,HOST_to_GPU,302592,1047485.1797333296,1047519.6565333295
62,fixed_manifest,99,1,gpu_host,GPU_to_HOST,302592,1048351.6133333294,1048386.0901333295
62,fixed_manifest,99,2,host_fpga_pcie,HOST_to_FPGA,302592,1048386.0901333295,1048510.3781333293
62,fixed_manifest,100,1,host_fpga_pcie,FPGA_to_HOST,302592,1048843.1256533293,1048967.413653329
62,fixed_manifest,100,2,gpu_host,HOST_to_GPU,302592,1048967.413653329,1049001.890453329
62,fixed_manifest,109,1,gpu_host,GPU_to_HOST,302592,1049833.8472533291,1049868.3240533292
62,fixed_manifest,109,2,host_fpga_pcie,HOST_to_FPGA,302592,1049868.3240533292,1049992.612053329
62,fixed_manifest,110,1,host_fpga_pcie,FPGA_to_HOST,302592,1050325.3595733289,1050449.6475733288
62,fixed_manifest,110,2,gpu_host,HOST_to_GPU,302592,1050449.6475733288,1050484.1243733286
63,fixed_manifest,9,1,gpu_host,GPU_to_HOST,302592,1051622.69952,1051657.17632
63,fixed_manifest,9,2,host_fpga_pcie,HOST_to_FPGA,302592,1051657.17632,1051781.4643199998
62,fixed_manifest,119,1,gpu_host,GPU_to_HOST,302592,1051815.4204799999,1051849.89728
62,fixed_manifest,119,2,host_fpga_pcie,HOST_to_FPGA,302592,1051849.89728,1051974.1852799999
63,fixed_manifest,10,1,host_fpga_pcie,FPGA_to_HOST,302592,1052114.2118399998,1052238.4998399997
63,fixed_manifest,10,2,gpu_host,HOST_to_GPU,302592,1052238.4998399997,1052272.9766399995
62,fixed_manifest,120,1,host_fpga_pcie,FPGA_to_HOST,302592,1052446.9593599997,1052571.2473599995
62,fixed_manifest,120,2,gpu_host,HOST_to_GPU,302592,1052571.2473599995,1052605.7241599995
63,fixed_manifest,19,1,gpu_host,GPU_to_HOST,302592,1053160.4086399996,1053194.8854399994
63,fixed_manifest,19,2,host_fpga_pcie,HOST_to_FPGA,302592,1053194.8854399994,1053319.1734399993
63,fixed_manifest,20,1,host_fpga_pcie,FPGA_to_HOST,302592,1053651.9209599993,1053776.208959999
63,fixed_manifest,20,2,gpu_host,HOST_to_GPU,302592,1053776.208959999,1053810.685759999
63,fixed_manifest,29,1,gpu_host,GPU_to_HOST,302592,1054642.6425599991,1054677.1193599992
63,fixed_manifest,29,2,host_fpga_pcie,HOST_to_FPGA,302592,1054677.1193599992,1054801.407359999
63,fixed_manifest,30,1,host_fpga_pcie,FPGA_to_HOST,302592,1055134.1548799989,1055258.4428799986
63,fixed_manifest,30,2,gpu_host,HOST_to_GPU,302592,1055258.4428799986,1055292.9196799987
63,fixed_manifest,39,1,gpu_host,GPU_to_HOST,302592,1056124.8764799987,1056159.3532799988
63,fixed_manifest,39,2,host_fpga_pcie,HOST_to_FPGA,302592,1056159.3532799988,1056283.6412799985
63,fixed_manifest,40,1,host_fpga_pcie,FPGA_to_HOST,302592,1056616.3887999984,1056740.6767999984
63,fixed_manifest,40,2,gpu_host,HOST_to_GPU,302592,1056740.6767999984,1056775.1535999982
63,fixed_manifest,49,1,gpu_host,GPU_to_HOST,302592,1057607.1103999983,1057641.5871999983
63,fixed_manifest,49,2,host_fpga_pcie,HOST_to_FPGA,302592,1057641.5871999983,1057765.875199998
63,fixed_manifest,50,1,host_fpga_pcie,FPGA_to_HOST,302592,1058098.622719998,1058222.910719998
63,fixed_manifest,50,2,gpu_host,HOST_to_GPU,302592,1058222.910719998,1058257.3875199978
63,fixed_manifest,59,1,gpu_host,GPU_to_HOST,302592,1059089.3443199978,1059123.8211199979
63,fixed_manifest,59,2,host_fpga_pcie,HOST_to_FPGA,302592,1059123.8211199979,1059248.1091199976
63,fixed_manifest,60,1,host_fpga_pcie,FPGA_to_HOST,302592,1059580.8566399976,1059705.1446399975
63,fixed_manifest,60,2,gpu_host,HOST_to_GPU,302592,1059705.1446399975,1059739.6214399973
63,fixed_manifest,69,1,gpu_host,GPU_to_HOST,302592,1060571.5782399974,1060606.0550399974
63,fixed_manifest,69,2,host_fpga_pcie,HOST_to_FPGA,302592,1060606.0550399974,1060730.3430399972
63,fixed_manifest,70,1,host_fpga_pcie,FPGA_to_HOST,302592,1061063.0905599971,1061187.378559997
63,fixed_manifest,70,2,gpu_host,HOST_to_GPU,302592,1061187.378559997,1061221.8553599971
63,fixed_manifest,79,1,gpu_host,GPU_to_HOST,302592,1062053.812159997,1062088.288959997
63,fixed_manifest,79,2,host_fpga_pcie,HOST_to_FPGA,302592,1062088.288959997,1062212.5769599967
63,fixed_manifest,80,1,host_fpga_pcie,FPGA_to_HOST,302592,1062545.3244799967,1062669.6124799966
63,fixed_manifest,80,2,gpu_host,HOST_to_GPU,302592,1062669.6124799966,1062704.0892799967
63,fixed_manifest,89,1,gpu_host,GPU_to_HOST,302592,1063536.0460799965,1063570.5228799966
63,fixed_manifest,89,2,host_fpga_pcie,HOST_to_FPGA,302592,1063570.5228799966,1063694.8108799965
63,fixed_manifest,90,1,host_fpga_pcie,FPGA_to_HOST,302592,1064027.5583999963,1064151.8463999962
63,fixed_manifest,90,2,gpu_host,HOST_to_GPU,302592,1064151.8463999962,1064186.3231999963
63,fixed_manifest,99,1,gpu_host,GPU_to_HOST,302592,1065018.279999996,1065052.7567999961
63,fixed_manifest,99,2,host_fpga_pcie,HOST_to_FPGA,302592,1065052.7567999961,1065177.044799996
63,fixed_manifest,100,1,host_fpga_pcie,FPGA_to_HOST,302592,1065509.7923199958,1065634.0803199958
63,fixed_manifest,100,2,gpu_host,HOST_to_GPU,302592,1065634.0803199958,1065668.5571199958
63,fixed_manifest,109,1,gpu_host,GPU_to_HOST,302592,1066500.5139199956,1066534.9907199957
63,fixed_manifest,109,2,host_fpga_pcie,HOST_to_FPGA,302592,1066534.9907199957,1066659.2787199956
63,fixed_manifest,110,1,host_fpga_pcie,FPGA_to_HOST,302592,1066992.0262399954,1067116.3142399953
63,fixed_manifest,110,2,gpu_host,HOST_to_GPU,302592,1067116.3142399953,1067150.7910399954
63,fixed_manifest,119,1,gpu_host,GPU_to_HOST,302592,1067982.7478399952,1068017.2246399953
63,fixed_manifest,119,2,host_fpga_pcie,HOST_to_FPGA,302592,1068017.2246399953,1068141.5126399952
63,fixed_manifest,120,1,host_fpga_pcie,FPGA_to_HOST,302592,1068474.260159995,1068598.5481599949
63,fixed_manifest,120,2,gpu_host,HOST_to_GPU,302592,1068598.5481599949,1068633.024959995
