request_id,selected_mode,edge_index,stage,resource,direction,bytes,start_us,finish_us
0,fixed_manifest,9,1,gpu_host,GPU_to_HOST,302592,983.4636800000001,1017.94048
0,fixed_manifest,9,2,host_fpga_pcie,HOST_to_FPGA,302592,1017.94048,1142.2284800000002
0,fixed_manifest,10,1,host_fpga_pcie,FPGA_to_HOST,302592,1474.9760000000003,1599.2640000000004
0,fixed_manifest,10,2,gpu_host,HOST_to_GPU,302592,1599.2640000000004,1633.7408000000003
0,fixed_manifest,19,1,gpu_host,GPU_to_HOST,302592,2465.6976,2500.1744000000003
0,fixed_manifest,19,2,host_fpga_pcie,HOST_to_FPGA,302592,2500.1744000000003,2624.4624
0,fixed_manifest,20,1,host_fpga_pcie,FPGA_to_HOST,302592,2957.20992,3081.49792
0,fixed_manifest,20,2,gpu_host,HOST_to_GPU,302592,3081.49792,3115.9747199999997
0,fixed_manifest,29,1,gpu_host,GPU_to_HOST,302592,3947.9315199999996,3982.4083200000005
0,fixed_manifest,29,2,host_fpga_pcie,HOST_to_FPGA,302592,3982.4083200000005,4106.69632
0,fixed_manifest,30,1,host_fpga_pcie,FPGA_to_HOST,302592,4439.443840000001,4563.73184
0,fixed_manifest,30,2,gpu_host,HOST_to_GPU,302592,4563.73184,4598.208640000002
0,fixed_manifest,39,1,gpu_host,GPU_to_HOST,302592,5430.1654400000025,5464.642240000003
0,fixed_manifest,39,2,host_fpga_pcie,HOST_to_FPGA,302592,5464.642240000003,5588.930240000003
0,fixed_manifest,40,1,host_fpga_pcie,FPGA_to_HOST,302592,5921.677760000003,6045.965760000004
0,fixed_manifest,40,2,gpu_host,HOST_to_GPU,302592,6045.965760000004,6080.442560000004
0,fixed_manifest,49,1,gpu_host,GPU_to_HOST,302592,6912.399360000005,6946.876160000005
0,fixed_manifest,49,2,host_fpga_pcie,HOST_to_FPGA,302592,6946.876160000005,7071.164160000006
0,fixed_manifest,50,1,host_fpga_pcie,FPGA_to_HOST,302592,7403.911680000006,7528.199680000006
0,fixed_manifest,50,2,gpu_host,HOST_to_GPU,302592,7528.199680000006,7562.676480000006
0,fixed_manifest,59,1,gpu_host,GPU_to_HOST,302592,8394.633280000005,8429.110080000006
0,fixed_manifest,59,2,host_fpga_pcie,HOST_to_FPGA,302592,8429.110080000006,8553.398080000004
0,fixed_manifest,60,1,host_fpga_pcie,FPGA_to_HOST,302592,8886.145600000003,9010.433600000004
0,fixed_manifest,60,2,gpu_host,HOST_to_GPU,302592,9010.433600000004,9044.910400000002
0,fixed_manifest,69,1,gpu_host,GPU_to_HOST,302592,9876.867200000002,9911.344000000001
0,fixed_manifest,69,2,host_fpga_pcie,HOST_to_FPGA,302592,9911.344000000001,10035.632000000001
0,fixed_manifest,70,1,host_fpga_pcie,FPGA_to_HOST,302592,10368.37952,10492.66752
0,fixed_manifest,70,2,gpu_host,HOST_to_GPU,302592,10492.66752,10527.14432
0,fixed_manifest,79,1,gpu_host,GPU_to_HOST,302592,11359.101119999998,11393.577919999996
0,fixed_manifest,79,2,host_fpga_pcie,HOST_to_FPGA,302592,11393.577919999996,11517.865919999997
0,fixed_manifest,80,1,host_fpga_pcie,FPGA_to_HOST,302592,11850.613439999996,11974.901439999996
0,fixed_manifest,80,2,gpu_host,HOST_to_GPU,302592,11974.901439999996,12009.378239999995
0,fixed_manifest,89,1,gpu_host,GPU_to_HOST,302592,12841.335039999993,12875.811839999993
0,fixed_manifest,89,2,host_fpga_pcie,HOST_to_FPGA,302592,12875.811839999993,13000.099839999992
0,fixed_manifest,90,1,host_fpga_pcie,FPGA_to_HOST,302592,13332.847359999992,13457.135359999991
0,fixed_manifest,90,2,gpu_host,HOST_to_GPU,302592,13457.135359999991,13491.612159999991
0,fixed_manifest,99,1,gpu_host,GPU_to_HOST,302592,14323.56895999999,14358.045759999988
0,fixed_manifest,99,2,host_fpga_pcie,HOST_to_FPGA,302592,14358.045759999988,14482.333759999989
0,fixed_manifest,100,1,host_fpga_pcie,FPGA_to_HOST,302592,14815.081279999988,14939.369279999988
0,fixed_manifest,100,2,gpu_host,HOST_to_GPU,302592,14939.369279999988,14973.846079999987
0,fixed_manifest,109,1,gpu_host,GPU_to_HOST,302592,15805.802879999987,15840.279679999989
0,fixed_manifest,109,2,host_fpga_pcie,HOST_to_FPGA,302592,15840.279679999989,15964.56767999999
0,fixed_manifest,110,1,host_fpga_pcie,FPGA_to_HOST,302592,16297.315199999988,16421.60319999999
0,fixed_manifest,110,2,gpu_host,HOST_to_GPU,302592,16421.60319999999,16456.07999999999
0,fixed_manifest,119,1,gpu_host,GPU_to_HOST,302592,17922.752959999994,17957.229759999995
0,fixed_manifest,119,2,host_fpga_pcie,HOST_to_FPGA,302592,17957.229759999995,18081.517759999995
0,fixed_manifest,120,1,host_fpga_pcie,FPGA_to_HOST,302592,18414.265279999996,18603.364479999993
1,fixed_manifest,9,1,gpu_host,GPU_to_HOST,302592,18414.265279999996,18448.742079999996
1,fixed_manifest,9,2,host_fpga_pcie,HOST_to_FPGA,302592,18448.742079999996,18637.841279999993
0,fixed_manifest,120,2,gpu_host,HOST_to_GPU,302592,18603.364479999993,18637.841279999993
1,fixed_manifest,10,1,host_fpga_pcie,FPGA_to_HOST,302592,18970.588799999994,19094.876799999995
1,fixed_manifest,10,2,gpu_host,HOST_to_GPU,302592,19094.876799999995,19129.353599999995
1,fixed_manifest,19,1,gpu_host,GPU_to_HOST,302592,19961.3104,19995.7872
1,fixed_manifest,19,2,host_fpga_pcie,HOST_to_FPGA,302592,19995.7872,20120.0752
1,fixed_manifest,20,1,host_fpga_pcie,FPGA_to_HOST,302592,20452.82272,20577.11072
1,fixed_manifest,20,2,gpu_host,HOST_to_GPU,302592,20577.11072,20611.58752
1,fixed_manifest,29,1,gpu_host,GPU_to_HOST,302592,21443.544320000005,21478.021120000005
1,fixed_manifest,29,2,host_fpga_pcie,HOST_to_FPGA,302592,21478.021120000005,21602.309120000005
1,fixed_manifest,30,1,host_fpga_pcie,FPGA_to_HOST,302592,21935.056640000006,22059.344640000007
1,fixed_manifest,30,2,gpu_host,HOST_to_GPU,302592,22059.344640000007,22093.821440000007
1,fixed_manifest,39,1,gpu_host,GPU_to_HOST,302592,22925.77824000001,22960.25504000001
1,fixed_manifest,39,2,host_fpga_pcie,HOST_to_FPGA,302592,22960.25504000001,23084.54304000001
1,fixed_manifest,40,1,host_fpga_pcie,FPGA_to_HOST,302592,23417.290560000012,23541.578560000013
1,fixed_manifest,40,2,gpu_host,HOST_to_GPU,302592,23541.578560000013,23576.055360000013
1,fixed_manifest,49,1,gpu_host,GPU_to_HOST,302592,24408.012160000017,24442.488960000017
1,fixed_manifest,49,2,host_fpga_pcie,HOST_to_FPGA,302592,24442.488960000017,24566.776960000017
1,fixed_manifest,50,1,host_fpga_pcie,FPGA_to_HOST,302592,24899.52448000002,25023.81248000002
1,fixed_manifest,50,2,gpu_host,HOST_to_GPU,302592,25023.81248000002,25058.28928000002
1,fixed_manifest,59,1,gpu_host,GPU_to_HOST,302592,25890.246080000023,25924.722880000027
1,fixed_manifest,59,2,host_fpga_pcie,HOST_to_FPGA,302592,25924.722880000027,26049.010880000023
1,fixed_manifest,60,1,host_fpga_pcie,FPGA_to_HOST,302592,26381.758400000024,26506.046400000025
1,fixed_manifest,60,2,gpu_host,HOST_to_GPU,302592,26506.046400000025,26540.523200000025
1,fixed_manifest,69,1,gpu_host,GPU_to_HOST,302592,27372.48000000003,27406.956800000033
1,fixed_manifest,69,2,host_fpga_pcie,HOST_to_FPGA,302592,27406.956800000033,27531.244800000033
1,fixed_manifest,70,1,host_fpga_pcie,FPGA_to_HOST,302592,27863.99232000003,27988.28032000003
1,fixed_manifest,70,2,gpu_host,HOST_to_GPU,302592,27988.28032000003,28022.757120000035
1,fixed_manifest,79,1,gpu_host,GPU_to_HOST,302592,28854.713920000035,28889.19072000004
1,fixed_manifest,79,2,host_fpga_pcie,HOST_to_FPGA,302592,28889.19072000004,29013.47872000004
1,fixed_manifest,80,1,host_fpga_pcie,FPGA_to_HOST,302592,29346.226240000036,29470.514240000037
1,fixed_manifest,80,2,gpu_host,HOST_to_GPU,302592,29470.514240000037,29504.99104000004
1,fixed_manifest,89,1,gpu_host,GPU_to_HOST,302592,30336.94784000004,30371.424640000045
1,fixed_manifest,89,2,host_fpga_pcie,HOST_to_FPGA,302592,30371.424640000045,30495.712640000045
1,fixed_manifest,90,1,host_fpga_pcie,FPGA_to_HOST,302592,30828.460160000042,30952.748160000043
1,fixed_manifest,90,2,gpu_host,HOST_to_GPU,302592,30952.748160000043,30987.224960000047
1,fixed_manifest,99,1,gpu_host,GPU_to_HOST,302592,31819.181760000043,31853.658560000047
1,fixed_manifest,99,2,host_fpga_pcie,HOST_to_FPGA,302592,31853.658560000047,31977.946560000048
1,fixed_manifest,100,1,host_fpga_pcie,FPGA_to_HOST,302592,32310.69408000005,32434.98208000005
1,fixed_manifest,100,2,gpu_host,HOST_to_GPU,302592,32434.98208000005,32469.458880000053
1,fixed_manifest,109,1,gpu_host,GPU_to_HOST,302592,33301.41568000004,33335.892480000046
1,fixed_manifest,109,2,host_fpga_pcie,HOST_to_FPGA,302592,33335.892480000046,33460.18048000005
1,fixed_manifest,110,1,host_fpga_pcie,FPGA_to_HOST,302592,33792.92800000005,33917.21600000005
1,fixed_manifest,110,2,gpu_host,HOST_to_GPU,302592,33917.21600000005,33951.69280000005
2,fixed_manifest,9,1,gpu_host,GPU_to_HOST,302592,34956.032853333316,34990.50965333332
2,fixed_manifest,9,2,host_fpga_pcie,HOST_to_FPGA,302592,34990.50965333332,35114.79765333332
1,fixed_manifest,119,1,gpu_host,GPU_to_HOST,302592,35447.545173333325,35482.02197333333
2,fixed_manifest,10,1,host_fpga_pcie,FPGA_to_HOST,302592,35447.545173333325,35636.644373333314
1,fixed_manifest,119,2,host_fpga_pcie,HOST_to_FPGA,302592,35482.02197333333,35671.12117333332
2,fixed_manifest,10,2,gpu_host,HOST_to_GPU,302592,35636.644373333314,35671.12117333332
1,fixed_manifest,120,1,host_fpga_pcie,FPGA_to_HOST,302592,36003.86869333332,36128.15669333332
1,fixed_manifest,120,2,gpu_host,HOST_to_GPU,302592,36128.15669333332,36162.63349333333
2,fixed_manifest,19,1,gpu_host,GPU_to_HOST,302592,36550.593173333305,36585.06997333331
2,fixed_manifest,19,2,host_fpga_pcie,HOST_to_FPGA,302592,36585.06997333331,36709.35797333331
2,fixed_manifest,20,1,host_fpga_pcie,FPGA_to_HOST,302592,37042.10549333331,37166.39349333331
2,fixed_manifest,20,2,gpu_host,HOST_to_GPU,302592,37166.39349333331,37200.87029333331
2,fixed_manifest,29,1,gpu_host,GPU_to_HOST,302592,38032.827093333304,38067.30389333331
2,fixed_manifest,29,2,host_fpga_pcie,HOST_to_FPGA,302592,38067.30389333331,38191.59189333331
2,fixed_manifest,30,1,host_fpga_pcie,FPGA_to_HOST,302592,38524.33941333331,38648.627413333306
2,fixed_manifest,30,2,gpu_host,HOST_to_GPU,302592,38648.627413333306,38683.10421333331
2,fixed_manifest,39,1,gpu_host,GPU_to_HOST,302592,39515.0610133333,39549.53781333331
2,fixed_manifest,39,2,host_fpga_pcie,HOST_to_FPGA,302592,39549.53781333331,39673.82581333331
2,fixed_manifest,40,1,host_fpga_pcie,FPGA_to_HOST,302592,40006.57333333331,40130.86133333331
2,fixed_manifest,40,2,gpu_host,HOST_to_GPU,302592,40130.86133333331,40165.33813333331
2,fixed_manifest,49,1,gpu_host,GPU_to_HOST,302592,40997.2949333333,41031.771733333306
2,fixed_manifest,49,2,host_fpga_pcie,HOST_to_FPGA,302592,41031.771733333306,41156.059733333306
2,fixed_manifest,50,1,host_fpga_pcie,FPGA_to_HOST,302592,41488.80725333331,41613.09525333331
2,fixed_manifest,50,2,gpu_host,HOST_to_GPU,302592,41613.09525333331,41647.57205333331
2,fixed_manifest,59,1,gpu_host,GPU_to_HOST,302592,42479.5288533333,42514.005653333305
2,fixed_manifest,59,2,host_fpga_pcie,HOST_to_FPGA,302592,42514.005653333305,42638.293653333305
2,fixed_manifest,60,1,host_fpga_pcie,FPGA_to_HOST,302592,42971.04117333331,43095.32917333331
2,fixed_manifest,60,2,gpu_host,HOST_to_GPU,302592,43095.32917333331,43129.80597333331
2,fixed_manifest,69,1,gpu_host,GPU_to_HOST,302592,43961.7627733333,43996.2395733333
2,fixed_manifest,69,2,host_fpga_pcie,HOST_to_FPGA,302592,43996.2395733333,44120.527573333304
2,fixed_manifest,70,1,host_fpga_pcie,FPGA_to_HOST,302592,44453.27509333331,44577.56309333331
2,fixed_manifest,70,2,gpu_host,HOST_to_GPU,302592,44577.56309333331,44612.03989333331
2,fixed_manifest,79,1,gpu_host,GPU_to_HOST,302592,45443.9966933333,45478.4734933333
2,fixed_manifest,79,2,host_fpga_pcie,HOST_to_FPGA,302592,45478.4734933333,45602.7614933333
2,fixed_manifest,80,1,host_fpga_pcie,FPGA_to_HOST,302592,45935.50901333331,46059.79701333331
2,fixed_manifest,80,2,gpu_host,HOST_to_GPU,302592,46059.79701333331,46094.27381333331
2,fixed_manifest,89,1,gpu_host,GPU_to_HOST,302592,46926.2306133333,46960.7074133333
2,fixed_manifest,89,2,host_fpga_pcie,HOST_to_FPGA,302592,46960.7074133333,47084.9954133333
2,fixed_manifest,90,1,host_fpga_pcie,FPGA_to_HOST,302592,47417.742933333306,47542.030933333306
2,fixed_manifest,90,2,gpu_host,HOST_to_GPU,302592,47542.030933333306,47576.50773333331
2,fixed_manifest,99,1,gpu_host,GPU_to_HOST,302592,48408.4645333333,48442.9413333333
2,fixed_manifest,99,2,host_fpga_pcie,HOST_to_FPGA,302592,48442.9413333333,48567.2293333333
2,fixed_manifest,100,1,host_fpga_pcie,FPGA_to_HOST,302592,48899.976853333304,49024.264853333305
2,fixed_manifest,100,2,gpu_host,HOST_to_GPU,302592,49024.264853333305,49058.74165333331
2,fixed_manifest,109,1,gpu_host,GPU_to_HOST,302592,49890.6984533333,49925.1752533333
2,fixed_manifest,109,2,host_fpga_pcie,HOST_to_FPGA,302592,49925.1752533333,50049.4632533333
2,fixed_manifest,110,1,host_fpga_pcie,FPGA_to_HOST,302592,50382.2107733333,50506.498773333304
2,fixed_manifest,110,2,gpu_host,HOST_to_GPU,302592,50506.498773333304,50540.97557333331
3,fixed_manifest,9,1,gpu_host,GPU_to_HOST,302592,51622.69951999999,51657.17631999999
3,fixed_manifest,9,2,host_fpga_pcie,HOST_to_FPGA,302592,51657.17631999999,51781.46431999999
2,fixed_manifest,119,1,gpu_host,GPU_to_HOST,302592,52114.211839999996,52148.68863999999
3,fixed_manifest,10,1,host_fpga_pcie,FPGA_to_HOST,302592,52114.211839999996,52303.311039999986
2,fixed_manifest,119,2,host_fpga_pcie,HOST_to_FPGA,302592,52148.68863999999,52337.78783999999
3,fixed_manifest,10,2,gpu_host,HOST_to_GPU,302592,52303.311039999986,52337.78783999999
2,fixed_manifest,120,1,host_fpga_pcie,FPGA_to_HOST,302592,52670.535359999994,52794.823359999995
2,fixed_manifest,120,2,gpu_host,HOST_to_GPU,302592,52794.823359999995,52829.30015999999
3,fixed_manifest,19,1,gpu_host,GPU_to_HOST,302592,53217.25983999998,53251.73663999998
3,fixed_manifest,19,2,host_fpga_pcie,HOST_to_FPGA,302592,53251.73663999998,53376.024639999974
3,fixed_manifest,20,1,host_fpga_pcie,FPGA_to_HOST,302592,53708.77215999998,53833.06015999998
3,fixed_manifest,20,2,gpu_host,HOST_to_GPU,302592,53833.06015999998,53867.53695999998
3,fixed_manifest,29,1,gpu_host,GPU_to_HOST,302592,54699.493759999976,54733.97055999998
3,fixed_manifest,29,2,host_fpga_pcie,HOST_to_FPGA,302592,54733.97055999998,54858.25855999998
3,fixed_manifest,30,1,host_fpga_pcie,FPGA_to_HOST,302592,55191.00607999998,55315.29407999998
3,fixed_manifest,30,2,gpu_host,HOST_to_GPU,302592,55315.29407999998,55349.77087999998
3,fixed_manifest,39,1,gpu_host,GPU_to_HOST,302592,56181.727679999974,56216.20447999998
3,fixed_manifest,39,2,host_fpga_pcie,HOST_to_FPGA,302592,56216.20447999998,56340.49247999998
3,fixed_manifest,40,1,host_fpga_pcie,FPGA_to_HOST,302592,56673.239999999976,56797.52799999998
3,fixed_manifest,40,2,gpu_host,HOST_to_GPU,302592,56797.52799999998,56832.00479999998
3,fixed_manifest,49,1,gpu_host,GPU_to_HOST,302592,57663.96159999997,57698.43839999998
3,fixed_manifest,49,2,host_fpga_pcie,HOST_to_FPGA,302592,57698.43839999998,57822.72639999998
3,fixed_manifest,50,1,host_fpga_pcie,FPGA_to_HOST,302592,58155.473919999975,58279.761919999975
3,fixed_manifest,50,2,gpu_host,HOST_to_GPU,302592,58279.761919999975,58314.23871999998
3,fixed_manifest,59,1,gpu_host,GPU_to_HOST,302592,59146.19551999997,59180.672319999976
3,fixed_manifest,59,2,host_fpga_pcie,HOST_to_FPGA,302592,59180.672319999976,59304.96031999998
3,fixed_manifest,60,1,host_fpga_pcie,FPGA_to_HOST,302592,59637.70783999998,59761.995839999974
3,fixed_manifest,60,2,gpu_host,HOST_to_GPU,302592,59761.995839999974,59796.47263999998
3,fixed_manifest,69,1,gpu_host,GPU_to_HOST,302592,60628.42943999997,60662.906239999975
3,fixed_manifest,69,2,host_fpga_pcie,HOST_to_FPGA,302592,60662.906239999975,60787.194239999975
3,fixed_manifest,70,1,host_fpga_pcie,FPGA_to_HOST,302592,61119.94175999998,61244.22975999998
3,fixed_manifest,70,2,gpu_host,HOST_to_GPU,302592,61244.22975999998,61278.70655999998
3,fixed_manifest,79,1,gpu_host,GPU_to_HOST,302592,62110.66335999997,62145.14015999997
3,fixed_manifest,79,2,host_fpga_pcie,HOST_to_FPGA,302592,62145.14015999997,62269.428159999974
3,fixed_manifest,80,1,host_fpga_pcie,FPGA_to_HOST,302592,62602.17567999997,62726.46367999997
3,fixed_manifest,80,2,gpu_host,HOST_to_GPU,302592,62726.46367999997,62760.94047999996
3,fixed_manifest,89,1,gpu_host,GPU_to_HOST,302592,63592.89727999996,63627.37407999995
3,fixed_manifest,89,2,host_fpga_pcie,HOST_to_FPGA,302592,63627.37407999995,63751.66207999995
3,fixed_manifest,90,1,host_fpga_pcie,FPGA_to_HOST,302592,64084.40959999995,64208.69759999995
3,fixed_manifest,90,2,gpu_host,HOST_to_GPU,302592,64208.69759999995,64243.17439999994
3,fixed_manifest,99,1,gpu_host,GPU_to_HOST,302592,65075.13119999994,65109.60799999993
3,fixed_manifest,99,2,host_fpga_pcie,HOST_to_FPGA,302592,65109.60799999993,65233.89599999993
3,fixed_manifest,100,1,host_fpga_pcie,FPGA_to_HOST,302592,65566.64351999993,65690.93151999993
3,fixed_manifest,100,2,gpu_host,HOST_to_GPU,302592,65690.93151999993,65725.40831999991
3,fixed_manifest,109,1,gpu_host,GPU_to_HOST,302592,66557.36511999991,66591.8419199999
3,fixed_manifest,109,2,host_fpga_pcie,HOST_to_FPGA,302592,66591.8419199999,66716.1299199999
3,fixed_manifest,110,1,host_fpga_pcie,FPGA_to_HOST,302592,67048.87743999991,67173.16543999991
3,fixed_manifest,110,2,gpu_host,HOST_to_GPU,302592,67173.16543999991,67207.6422399999
4,fixed_manifest,9,1,gpu_host,GPU_to_HOST,302592,68289.36618666667,68323.84298666666
4,fixed_manifest,9,2,host_fpga_pcie,HOST_to_FPGA,302592,68323.84298666666,68448.13098666666
3,fixed_manifest,119,1,gpu_host,GPU_to_HOST,302592,68780.87850666666,68815.35530666665
4,fixed_manifest,10,1,host_fpga_pcie,FPGA_to_HOST,302592,68780.87850666666,68969.97770666667
3,fixed_manifest,119,2,host_fpga_pcie,HOST_to_FPGA,302592,68815.35530666665,69004.45450666666
4,fixed_manifest,10,2,gpu_host,HOST_to_GPU,302592,68969.97770666667,69004.45450666666
3,fixed_manifest,120,1,host_fpga_pcie,FPGA_to_HOST,302592,69337.20202666665,69461.49002666665
3,fixed_manifest,120,2,gpu_host,HOST_to_GPU,302592,69461.49002666665,69495.96682666664
4,fixed_manifest,19,1,gpu_host,GPU_to_HOST,302592,69883.92650666668,69918.40330666667
4,fixed_manifest,19,2,host_fpga_pcie,HOST_to_FPGA,302592,69918.40330666667,70042.69130666667
4,fixed_manifest,20,1,host_fpga_pcie,FPGA_to_HOST,302592,70375.43882666666,70499.72682666667
4,fixed_manifest,20,2,gpu_host,HOST_to_GPU,302592,70499.72682666667,70534.20362666665
4,fixed_manifest,29,1,gpu_host,GPU_to_HOST,302592,71366.16042666665,71400.63722666664
4,fixed_manifest,29,2,host_fpga_pcie,HOST_to_FPGA,302592,71400.63722666664,71524.92522666664
4,fixed_manifest,30,1,host_fpga_pcie,FPGA_to_HOST,302592,71857.67274666665,71981.96074666665
4,fixed_manifest,30,2,gpu_host,HOST_to_GPU,302592,71981.96074666665,72016.43754666662
4,fixed_manifest,39,1,gpu_host,GPU_to_HOST,302592,72848.39434666664,72882.87114666663
4,fixed_manifest,39,2,host_fpga_pcie,HOST_to_FPGA,302592,72882.87114666663,73007.15914666663
4,fixed_manifest,40,1,host_fpga_pcie,FPGA_to_HOST,302592,73339.90666666662,73464.19466666662
4,fixed_manifest,40,2,gpu_host,HOST_to_GPU,302592,73464.19466666662,73498.67146666661
4,fixed_manifest,49,1,gpu_host,GPU_to_HOST,302592,74330.62826666661,74365.1050666666
4,fixed_manifest,49,2,host_fpga_pcie,HOST_to_FPGA,302592,74365.1050666666,74489.3930666666
4,fixed_manifest,50,1,host_fpga_pcie,FPGA_to_HOST,302592,74822.1405866666,74946.4285866666
4,fixed_manifest,50,2,gpu_host,HOST_to_GPU,302592,74946.4285866666,74980.90538666659
4,fixed_manifest,59,1,gpu_host,GPU_to_HOST,302592,75812.86218666659,75847.33898666658
4,fixed_manifest,59,2,host_fpga_pcie,HOST_to_FPGA,302592,75847.33898666658,75971.62698666658
4,fixed_manifest,60,1,host_fpga_pcie,FPGA_to_HOST,302592,76304.37450666657,76428.66250666657
4,fixed_manifest,60,2,gpu_host,HOST_to_GPU,302592,76428.66250666657,76463.13930666656
4,fixed_manifest,69,1,gpu_host,GPU_to_HOST,302592,77295.09610666658,77329.57290666657
4,fixed_manifest,69,2,host_fpga_pcie,HOST_to_FPGA,302592,77329.57290666657,77453.86090666657
4,fixed_manifest,70,1,host_fpga_pcie,FPGA_to_HOST,302592,77786.60842666656,77910.89642666656
4,fixed_manifest,70,2,gpu_host,HOST_to_GPU,302592,77910.89642666656,77945.37322666655
4,fixed_manifest,79,1,gpu_host,GPU_to_HOST,302592,78777.33002666655,78811.80682666654
4,fixed_manifest,79,2,host_fpga_pcie,HOST_to_FPGA,302592,78811.80682666654,78936.09482666654
4,fixed_manifest,80,1,host_fpga_pcie,FPGA_to_HOST,302592,79268.84234666654,79393.13034666654
4,fixed_manifest,80,2,gpu_host,HOST_to_GPU,302592,79393.13034666654,79427.60714666652
4,fixed_manifest,89,1,gpu_host,GPU_to_HOST,302592,80259.56394666653,80294.04074666652
4,fixed_manifest,89,2,host_fpga_pcie,HOST_to_FPGA,302592,80294.04074666652,80418.32874666652
4,fixed_manifest,90,1,host_fpga_pcie,FPGA_to_HOST,302592,80751.07626666651,80875.36426666651
4,fixed_manifest,90,2,gpu_host,HOST_to_GPU,302592,80875.36426666651,80909.8410666665
4,fixed_manifest,99,1,gpu_host,GPU_to_HOST,302592,81741.7978666665,81776.27466666649
4,fixed_manifest,99,2,host_fpga_pcie,HOST_to_FPGA,302592,81776.27466666649,81900.56266666649
4,fixed_manifest,100,1,host_fpga_pcie,FPGA_to_HOST,302592,82233.3101866665,82357.5981866665
4,fixed_manifest,100,2,gpu_host,HOST_to_GPU,302592,82357.5981866665,82392.07498666648
4,fixed_manifest,109,1,gpu_host,GPU_to_HOST,302592,83224.03178666648,83258.50858666647
4,fixed_manifest,109,2,host_fpga_pcie,HOST_to_FPGA,302592,83258.50858666647,83382.79658666647
4,fixed_manifest,110,1,host_fpga_pcie,FPGA_to_HOST,302592,83715.54410666646,83839.83210666646
4,fixed_manifest,110,2,gpu_host,HOST_to_GPU,302592,83839.83210666646,83874.30890666645
5,fixed_manifest,9,1,gpu_host,GPU_to_HOST,302592,84956.03285333335,84990.50965333334
5,fixed_manifest,9,2,host_fpga_pcie,HOST_to_FPGA,302592,84990.50965333334,85114.79765333334
4,fixed_manifest,119,1,gpu_host,GPU_to_HOST,302592,85447.54517333333,85482.02197333332
5,fixed_manifest,10,1,host_fpga_pcie,FPGA_to_HOST,302592,85447.54517333333,85636.64437333334
4,fixed_manifest,119,2,host_fpga_pcie,HOST_to_FPGA,302592,85482.02197333332,85671.12117333333
5,fixed_manifest,10,2,gpu_host,HOST_to_GPU,302592,85636.64437333334,85671.12117333333
4,fixed_manifest,120,1,host_fpga_pcie,FPGA_to_HOST,302592,86003.86869333334,86128.15669333334
4,fixed_manifest,120,2,gpu_host,HOST_to_GPU,302592,86128.15669333334,86162.63349333333
5,fixed_manifest,19,1,gpu_host,GPU_to_HOST,302592,86550.59317333336,86585.06997333335
5,fixed_manifest,19,2,host_fpga_pcie,HOST_to_FPGA,302592,86585.06997333335,86709.35797333335
5,fixed_manifest,20,1,host_fpga_pcie,FPGA_to_HOST,302592,87042.10549333334,87166.39349333334
5,fixed_manifest,20,2,gpu_host,HOST_to_GPU,302592,87166.39349333334,87200.87029333333
5,fixed_manifest,29,1,gpu_host,GPU_to_HOST,302592,88032.82709333334,88067.30389333333
5,fixed_manifest,29,2,host_fpga_pcie,HOST_to_FPGA,302592,88067.30389333333,88191.59189333333
5,fixed_manifest,30,1,host_fpga_pcie,FPGA_to_HOST,302592,88524.33941333332,88648.62741333332
5,fixed_manifest,30,2,gpu_host,HOST_to_GPU,302592,88648.62741333332,88683.10421333331
5,fixed_manifest,39,1,gpu_host,GPU_to_HOST,302592,89515.06101333331,89549.5378133333
5,fixed_manifest,39,2,host_fpga_pcie,HOST_to_FPGA,302592,89549.5378133333,89673.8258133333
5,fixed_manifest,40,1,host_fpga_pcie,FPGA_to_HOST,302592,90006.5733333333,90130.8613333333
5,fixed_manifest,40,2,gpu_host,HOST_to_GPU,302592,90130.8613333333,90165.33813333328
5,fixed_manifest,49,1,gpu_host,GPU_to_HOST,302592,90997.2949333333,91031.77173333328
5,fixed_manifest,49,2,host_fpga_pcie,HOST_to_FPGA,302592,91031.77173333328,91156.05973333328
5,fixed_manifest,50,1,host_fpga_pcie,FPGA_to_HOST,302592,91488.80725333327,91613.09525333327
5,fixed_manifest,50,2,gpu_host,HOST_to_GPU,302592,91613.09525333327,91647.57205333326
5,fixed_manifest,59,1,gpu_host,GPU_to_HOST,302592,92479.52885333326,92514.00565333325
5,fixed_manifest,59,2,host_fpga_pcie,HOST_to_FPGA,302592,92514.00565333325,92638.29365333325
5,fixed_manifest,60,1,host_fpga_pcie,FPGA_to_HOST,302592,92971.04117333326,93095.32917333326
5,fixed_manifest,60,2,gpu_host,HOST_to_GPU,302592,93095.32917333326,93129.80597333325
5,fixed_manifest,69,1,gpu_host,GPU_to_HOST,302592,93961.76277333325,93996.23957333324
5,fixed_manifest,69,2,host_fpga_pcie,HOST_to_FPGA,302592,93996.23957333324,94120.52757333324
5,fixed_manifest,70,1,host_fpga_pcie,FPGA_to_HOST,302592,94453.27509333323,94577.56309333323
5,fixed_manifest,70,2,gpu_host,HOST_to_GPU,302592,94577.56309333323,94612.03989333322
5,fixed_manifest,79,1,gpu_host,GPU_to_HOST,302592,95443.99669333323,95478.47349333322
5,fixed_manifest,79,2,host_fpga_pcie,HOST_to_FPGA,302592,95478.47349333322,95602.76149333322
5,fixed_manifest,80,1,host_fpga_pcie,FPGA_to_HOST,302592,95935.50901333321,96059.79701333321
5,fixed_manifest,80,2,gpu_host,HOST_to_GPU,302592,96059.79701333321,96094.2738133332
5,fixed_manifest,89,1,gpu_host,GPU_to_HOST,302592,96926.2306133332,96960.70741333319
5,fixed_manifest,89,2,host_fpga_pcie,HOST_to_FPGA,302592,96960.70741333319,97084.99541333319
5,fixed_manifest,90,1,host_fpga_pcie,FPGA_to_HOST,302592,97417.7429333332,97542.0309333332
5,fixed_manifest,90,2,gpu_host,HOST_to_GPU,302592,97542.0309333332,97576.50773333317
5,fixed_manifest,99,1,gpu_host,GPU_to_HOST,302592,98408.46453333319,98442.94133333318
5,fixed_manifest,99,2,host_fpga_pcie,HOST_to_FPGA,302592,98442.94133333318,98567.22933333318
5,fixed_manifest,100,1,host_fpga_pcie,FPGA_to_HOST,302592,98899.97685333317,99024.26485333317
5,fixed_manifest,100,2,gpu_host,HOST_to_GPU,302592,99024.26485333317,99058.74165333316
5,fixed_manifest,109,1,gpu_host,GPU_to_HOST,302592,99890.69845333316,99925.17525333315
5,fixed_manifest,109,2,host_fpga_pcie,HOST_to_FPGA,302592,99925.17525333315,100049.46325333315
5,fixed_manifest,110,1,host_fpga_pcie,FPGA_to_HOST,302592,100382.21077333315,100506.49877333315
5,fixed_manifest,110,2,gpu_host,HOST_to_GPU,302592,100506.49877333315,100540.97557333314
6,fixed_manifest,9,1,gpu_host,GPU_to_HOST,302592,101622.69952000001,101657.17632
6,fixed_manifest,9,2,host_fpga_pcie,HOST_to_FPGA,302592,101657.17632,101781.46432
5,fixed_manifest,119,1,gpu_host,GPU_to_HOST,302592,102114.21184,102148.68863999998
6,fixed_manifest,10,1,host_fpga_pcie,FPGA_to_HOST,302592,102114.21184,102303.31104000002
5,fixed_manifest,119,2,host_fpga_pcie,HOST_to_FPGA,302592,102148.68863999998,102337.78784
6,fixed_manifest,10,2,gpu_host,HOST_to_GPU,302592,102303.31104000002,102337.78784
5,fixed_manifest,120,1,host_fpga_pcie,FPGA_to_HOST,302592,102670.53536,102794.82336
5,fixed_manifest,120,2,gpu_host,HOST_to_GPU,302592,102794.82336,102829.30015999998
6,fixed_manifest,19,1,gpu_host,GPU_to_HOST,302592,103217.25984000001,103251.73664
6,fixed_manifest,19,2,host_fpga_pcie,HOST_to_FPGA,302592,103251.73664,103376.02464
6,fixed_manifest,20,1,host_fpga_pcie,FPGA_to_HOST,302592,103708.77216000001,103833.06016000001
6,fixed_manifest,20,2,gpu_host,HOST_to_GPU,302592,103833.06016000001,103867.53696
6,fixed_manifest,29,1,gpu_host,GPU_to_HOST,302592,104699.49376,104733.97055999999
6,fixed_manifest,29,2,host_fpga_pcie,HOST_to_FPGA,302592,104733.97055999999,104858.25855999999
6,fixed_manifest,30,1,host_fpga_pcie,FPGA_to_HOST,302592,105191.00607999998,105315.29407999998
6,fixed_manifest,30,2,gpu_host,HOST_to_GPU,302592,105315.29407999998,105349.77087999997
6,fixed_manifest,39,1,gpu_host,GPU_to_HOST,302592,106181.72767999998,106216.20447999997
6,fixed_manifest,39,2,host_fpga_pcie,HOST_to_FPGA,302592,106216.20447999997,106340.49247999997
6,fixed_manifest,40,1,host_fpga_pcie,FPGA_to_HOST,302592,106673.23999999996,106797.52799999996
6,fixed_manifest,40,2,gpu_host,HOST_to_GPU,302592,106797.52799999996,106832.00479999995
6,fixed_manifest,49,1,gpu_host,GPU_to_HOST,302592,107663.96159999995,107698.43839999994
6,fixed_manifest,49,2,host_fpga_pcie,HOST_to_FPGA,302592,107698.43839999994,107822.72639999994
6,fixed_manifest,50,1,host_fpga_pcie,FPGA_to_HOST,302592,108155.47391999995,108279.76191999995
6,fixed_manifest,50,2,gpu_host,HOST_to_GPU,302592,108279.76191999995,108314.23871999992
6,fixed_manifest,59,1,gpu_host,GPU_to_HOST,302592,109146.19551999994,109180.67231999993
6,fixed_manifest,59,2,host_fpga_pcie,HOST_to_FPGA,302592,109180.67231999993,109304.96031999993
6,fixed_manifest,60,1,host_fpga_pcie,FPGA_to_HOST,302592,109637.70783999992,109761.99583999992
6,fixed_manifest,60,2,gpu_host,HOST_to_GPU,302592,109761.99583999992,109796.4726399999
6,fixed_manifest,69,1,gpu_host,GPU_to_HOST,302592,110628.4294399999,110662.9062399999
6,fixed_manifest,69,2,host_fpga_pcie,HOST_to_FPGA,302592,110662.9062399999,110787.1942399999
6,fixed_manifest,70,1,host_fpga_pcie,FPGA_to_HOST,302592,111119.9417599999,111244.2297599999
6,fixed_manifest,70,2,gpu_host,HOST_to_GPU,302592,111244.2297599999,111278.70655999989
6,fixed_manifest,79,1,gpu_host,GPU_to_HOST,302592,112110.66335999989,112145.14015999988
6,fixed_manifest,79,2,host_fpga_pcie,HOST_to_FPGA,302592,112145.14015999988,112269.42815999988
6,fixed_manifest,80,1,host_fpga_pcie,FPGA_to_HOST,302592,112602.17567999987,112726.46367999987
6,fixed_manifest,80,2,gpu_host,HOST_to_GPU,302592,112726.46367999987,112760.94047999986
6,fixed_manifest,89,1,gpu_host,GPU_to_HOST,302592,113592.89727999987,113627.37407999986
6,fixed_manifest,89,2,host_fpga_pcie,HOST_to_FPGA,302592,113627.37407999986,113751.66207999986
6,fixed_manifest,90,1,host_fpga_pcie,FPGA_to_HOST,302592,114084.40959999985,114208.69759999985
6,fixed_manifest,90,2,gpu_host,HOST_to_GPU,302592,114208.69759999985,114243.17439999984
6,fixed_manifest,99,1,gpu_host,GPU_to_HOST,302592,115075.13119999984,115109.60799999983
6,fixed_manifest,99,2,host_fpga_pcie,HOST_to_FPGA,302592,115109.60799999983,115233.89599999983
6,fixed_manifest,100,1,host_fpga_pcie,FPGA_to_HOST,302592,115566.64351999984,115690.93151999984
6,fixed_manifest,100,2,gpu_host,HOST_to_GPU,302592,115690.93151999984,115725.40831999981
6,fixed_manifest,109,1,gpu_host,GPU_to_HOST,302592,116557.36511999983,116591.84191999982
6,fixed_manifest,109,2,host_fpga_pcie,HOST_to_FPGA,302592,116591.84191999982,116716.12991999982
6,fixed_manifest,110,1,host_fpga_pcie,FPGA_to_HOST,302592,117048.87743999981,117173.16543999981
6,fixed_manifest,110,2,gpu_host,HOST_to_GPU,302592,117173.16543999981,117207.6422399998
7,fixed_manifest,9,1,gpu_host,GPU_to_HOST,302592,118289.36618666668,118323.84298666667
7,fixed_manifest,9,2,host_fpga_pcie,HOST_to_FPGA,302592,118323.84298666667,118448.13098666667
6,fixed_manifest,119,1,gpu_host,GPU_to_HOST,302592,118780.87850666666,118815.35530666665
7,fixed_manifest,10,1,host_fpga_pcie,FPGA_to_HOST,302592,118780.87850666666,118969.97770666667
6,fixed_manifest,119,2,host_fpga_pcie,HOST_to_FPGA,302592,118815.35530666665,119004.45450666666
7,fixed_manifest,10,2,gpu_host,HOST_to_GPU,302592,118969.97770666667,119004.45450666666
6,fixed_manifest,120,1,host_fpga_pcie,FPGA_to_HOST,302592,119337.20202666665,119461.49002666665
6,fixed_manifest,120,2,gpu_host,HOST_to_GPU,302592,119461.49002666665,119495.96682666664
7,fixed_manifest,19,1,gpu_host,GPU_to_HOST,302592,119883.92650666668,119918.40330666667
7,fixed_manifest,19,2,host_fpga_pcie,HOST_to_FPGA,302592,119918.40330666667,120042.69130666667
7,fixed_manifest,20,1,host_fpga_pcie,FPGA_to_HOST,302592,120375.43882666666,120499.72682666667
7,fixed_manifest,20,2,gpu_host,HOST_to_GPU,302592,120499.72682666667,120534.20362666665
7,fixed_manifest,29,1,gpu_host,GPU_to_HOST,302592,121366.16042666665,121400.63722666664
7,fixed_manifest,29,2,host_fpga_pcie,HOST_to_FPGA,302592,121400.63722666664,121524.92522666664
7,fixed_manifest,30,1,host_fpga_pcie,FPGA_to_HOST,302592,121857.67274666665,121981.96074666665
7,fixed_manifest,30,2,gpu_host,HOST_to_GPU,302592,121981.96074666665,122016.43754666664
7,fixed_manifest,39,1,gpu_host,GPU_to_HOST,302592,122848.39434666664,122882.87114666663
7,fixed_manifest,39,2,host_fpga_pcie,HOST_to_FPGA,302592,122882.87114666663,123007.15914666663
7,fixed_manifest,40,1,host_fpga_pcie,FPGA_to_HOST,302592,123339.90666666662,123464.19466666662
7,fixed_manifest,40,2,gpu_host,HOST_to_GPU,302592,123464.19466666662,123498.67146666661
7,fixed_manifest,49,1,gpu_host,GPU_to_HOST,302592,124330.62826666662,124365.10506666661
7,fixed_manifest,49,2,host_fpga_pcie,HOST_to_FPGA,302592,124365.10506666661,124489.39306666661
7,fixed_manifest,50,1,host_fpga_pcie,FPGA_to_HOST,302592,124822.1405866666,124946.4285866666
7,fixed_manifest,50,2,gpu_host,HOST_to_GPU,302592,124946.4285866666,124980.90538666659
7,fixed_manifest,59,1,gpu_host,GPU_to_HOST,302592,125812.86218666659,125847.33898666661
7,fixed_manifest,59,2,host_fpga_pcie,HOST_to_FPGA,302592,125847.33898666661,125971.62698666661
7,fixed_manifest,60,1,host_fpga_pcie,FPGA_to_HOST,302592,126304.37450666662,126428.66250666662
7,fixed_manifest,60,2,gpu_host,HOST_to_GPU,302592,126428.66250666662,126463.13930666664
7,fixed_manifest,69,1,gpu_host,GPU_to_HOST,302592,127295.09610666665,127329.57290666665
7,fixed_manifest,69,2,host_fpga_pcie,HOST_to_FPGA,302592,127329.57290666665,127453.86090666665
7,fixed_manifest,70,1,host_fpga_pcie,FPGA_to_HOST,302592,127786.60842666667,127910.89642666667
7,fixed_manifest,70,2,gpu_host,HOST_to_GPU,302592,127910.89642666667,127945.37322666669
7,fixed_manifest,79,1,gpu_host,GPU_to_HOST,302592,128777.33002666669,128811.80682666671
7,fixed_manifest,79,2,host_fpga_pcie,HOST_to_FPGA,302592,128811.80682666671,128936.09482666671
7,fixed_manifest,80,1,host_fpga_pcie,FPGA_to_HOST,302592,129268.84234666672,129393.13034666672
7,fixed_manifest,80,2,gpu_host,HOST_to_GPU,302592,129393.13034666672,129427.60714666673
7,fixed_manifest,89,1,gpu_host,GPU_to_HOST,302592,130259.56394666673,130294.04074666675
7,fixed_manifest,89,2,host_fpga_pcie,HOST_to_FPGA,302592,130294.04074666675,130418.32874666675
7,fixed_manifest,90,1,host_fpga_pcie,FPGA_to_HOST,302592,130751.07626666677,130875.36426666677
7,fixed_manifest,90,2,gpu_host,HOST_to_GPU,302592,130875.36426666677,130909.84106666678
7,fixed_manifest,99,1,gpu_host,GPU_to_HOST,302592,131741.79786666678,131776.2746666668
7,fixed_manifest,99,2,host_fpga_pcie,HOST_to_FPGA,302592,131776.2746666668,131900.5626666668
7,fixed_manifest,100,1,host_fpga_pcie,FPGA_to_HOST,302592,132233.31018666681,132357.59818666682
7,fixed_manifest,100,2,gpu_host,HOST_to_GPU,302592,132357.59818666682,132392.07498666682
7,fixed_manifest,109,1,gpu_host,GPU_to_HOST,302592,133224.03178666683,133258.50858666684
7,fixed_manifest,109,2,host_fpga_pcie,HOST_to_FPGA,302592,133258.50858666684,133382.79658666684
7,fixed_manifest,110,1,host_fpga_pcie,FPGA_to_HOST,302592,133715.54410666687,133839.83210666687
7,fixed_manifest,110,2,gpu_host,HOST_to_GPU,302592,133839.83210666687,133874.30890666688
8,fixed_manifest,9,1,gpu_host,GPU_to_HOST,302592,134956.03285333334,134990.50965333337
8,fixed_manifest,9,2,host_fpga_pcie,HOST_to_FPGA,302592,134990.50965333337,135114.79765333337
7,fixed_manifest,119,1,gpu_host,GPU_to_HOST,302592,135447.54517333338,135482.02197333338
8,fixed_manifest,10,1,host_fpga_pcie,FPGA_to_HOST,302592,135447.54517333338,135636.64437333337
7,fixed_manifest,119,2,host_fpga_pcie,HOST_to_FPGA,302592,135482.02197333338,135671.12117333338
8,fixed_manifest,10,2,gpu_host,HOST_to_GPU,302592,135636.64437333337,135671.12117333338
7,fixed_manifest,120,1,host_fpga_pcie,FPGA_to_HOST,302592,136003.86869333338,136128.15669333338
7,fixed_manifest,120,2,gpu_host,HOST_to_GPU,302592,136128.15669333338,136162.63349333341
8,fixed_manifest,19,1,gpu_host,GPU_to_HOST,302592,136550.5931733334,136585.0699733334
8,fixed_manifest,19,2,host_fpga_pcie,HOST_to_FPGA,302592,136585.0699733334,136709.3579733334
8,fixed_manifest,20,1,host_fpga_pcie,FPGA_to_HOST,302592,137042.1054933334,137166.3934933334
8,fixed_manifest,20,2,gpu_host,HOST_to_GPU,302592,137166.3934933334,137200.87029333343
8,fixed_manifest,29,1,gpu_host,GPU_to_HOST,302592,138032.8270933334,138067.30389333345
8,fixed_manifest,29,2,host_fpga_pcie,HOST_to_FPGA,302592,138067.30389333345,138191.59189333345
8,fixed_manifest,30,1,host_fpga_pcie,FPGA_to_HOST,302592,138524.33941333345,138648.62741333345
8,fixed_manifest,30,2,gpu_host,HOST_to_GPU,302592,138648.62741333345,138683.10421333346
8,fixed_manifest,39,1,gpu_host,GPU_to_HOST,302592,139515.06101333347,139549.53781333347
8,fixed_manifest,39,2,host_fpga_pcie,HOST_to_FPGA,302592,139549.53781333347,139673.82581333347
8,fixed_manifest,40,1,host_fpga_pcie,FPGA_to_HOST,302592,140006.5733333335,140130.8613333335
8,fixed_manifest,40,2,gpu_host,HOST_to_GPU,302592,140130.8613333335,140165.3381333335
8,fixed_manifest,49,1,gpu_host,GPU_to_HOST,302592,140997.29493333353,141031.77173333353
8,fixed_manifest,49,2,host_fpga_pcie,HOST_to_FPGA,302592,141031.77173333353,141156.05973333353
8,fixed_manifest,50,1,host_fpga_pcie,FPGA_to_HOST,302592,141488.80725333354,141613.09525333354
8,fixed_manifest,50,2,gpu_host,HOST_to_GPU,302592,141613.09525333354,141647.57205333357
8,fixed_manifest,59,1,gpu_host,GPU_to_HOST,302592,142479.52885333356,142514.0056533336
8,fixed_manifest,59,2,host_fpga_pcie,HOST_to_FPGA,302592,142514.0056533336,142638.2936533336
8,fixed_manifest,60,1,host_fpga_pcie,FPGA_to_HOST,302592,142971.0411733336,143095.3291733336
8,fixed_manifest,60,2,gpu_host,HOST_to_GPU,302592,143095.3291733336,143129.8059733336
8,fixed_manifest,69,1,gpu_host,GPU_to_HOST,302592,143961.7627733336,143996.23957333362
8,fixed_manifest,69,2,host_fpga_pcie,HOST_to_FPGA,302592,143996.23957333362,144120.52757333362
8,fixed_manifest,70,1,host_fpga_pcie,FPGA_to_HOST,302592,144453.27509333365,144577.56309333365
8,fixed_manifest,70,2,gpu_host,HOST_to_GPU,302592,144577.56309333365,144612.03989333365
8,fixed_manifest,79,1,gpu_host,GPU_to_HOST,302592,145443.99669333367,145478.47349333367
8,fixed_manifest,79,2,host_fpga_pcie,HOST_to_FPGA,302592,145478.47349333367,145602.76149333367
8,fixed_manifest,80,1,host_fpga_pcie,FPGA_to_HOST,302592,145935.50901333368,146059.79701333368
8,fixed_manifest,80,2,gpu_host,HOST_to_GPU,302592,146059.79701333368,146094.2738133337
8,fixed_manifest,89,1,gpu_host,GPU_to_HOST,302592,146926.2306133337,146960.70741333373
8,fixed_manifest,89,2,host_fpga_pcie,HOST_to_FPGA,302592,146960.70741333373,147084.99541333373
8,fixed_manifest,90,1,host_fpga_pcie,FPGA_to_HOST,302592,147417.74293333373,147542.03093333374
8,fixed_manifest,90,2,gpu_host,HOST_to_GPU,302592,147542.03093333374,147576.50773333374
8,fixed_manifest,99,1,gpu_host,GPU_to_HOST,302592,148408.46453333375,148442.94133333376
8,fixed_manifest,99,2,host_fpga_pcie,HOST_to_FPGA,302592,148442.94133333376,148567.22933333376
8,fixed_manifest,100,1,host_fpga_pcie,FPGA_to_HOST,302592,148899.9768533338,149024.2648533338
8,fixed_manifest,100,2,gpu_host,HOST_to_GPU,302592,149024.2648533338,149058.7416533338
8,fixed_manifest,109,1,gpu_host,GPU_to_HOST,302592,149890.6984533338,149925.17525333381
8,fixed_manifest,109,2,host_fpga_pcie,HOST_to_FPGA,302592,149925.17525333381,150049.46325333382
8,fixed_manifest,110,1,host_fpga_pcie,FPGA_to_HOST,302592,150382.21077333382,150506.49877333382
8,fixed_manifest,110,2,gpu_host,HOST_to_GPU,302592,150506.49877333382,150540.97557333385
9,fixed_manifest,9,1,gpu_host,GPU_to_HOST,302592,151622.69952000002,151657.17632000003
9,fixed_manifest,9,2,host_fpga_pcie,HOST_to_FPGA,302592,151657.17632000003,151781.46432000003
8,fixed_manifest,119,1,gpu_host,GPU_to_HOST,302592,152114.21184000003,152148.68864000007
9,fixed_manifest,10,1,host_fpga_pcie,FPGA_to_HOST,302592,152114.21184000003,152303.31104000003
8,fixed_manifest,119,2,host_fpga_pcie,HOST_to_FPGA,302592,152148.68864000007,152337.78784000003
9,fixed_manifest,10,2,gpu_host,HOST_to_GPU,302592,152303.31104000003,152337.78784000003
8,fixed_manifest,120,1,host_fpga_pcie,FPGA_to_HOST,302592,152670.53536000007,152794.82336000007
8,fixed_manifest,120,2,gpu_host,HOST_to_GPU,302592,152794.82336000007,152829.30016000007
9,fixed_manifest,19,1,gpu_host,GPU_to_HOST,302592,153217.25984000004,153251.73664000005
9,fixed_manifest,19,2,host_fpga_pcie,HOST_to_FPGA,302592,153251.73664000005,153376.02464000005
9,fixed_manifest,20,1,host_fpga_pcie,FPGA_to_HOST,302592,153708.77216000005,153833.06016000005
9,fixed_manifest,20,2,gpu_host,HOST_to_GPU,302592,153833.06016000005,153867.53696000008
9,fixed_manifest,29,1,gpu_host,GPU_to_HOST,302592,154699.49376000007,154733.9705600001
9,fixed_manifest,29,2,host_fpga_pcie,HOST_to_FPGA,302592,154733.9705600001,154858.2585600001
9,fixed_manifest,30,1,host_fpga_pcie,FPGA_to_HOST,302592,155191.0060800001,155315.2940800001
9,fixed_manifest,30,2,gpu_host,HOST_to_GPU,302592,155315.2940800001,155349.7708800001
9,fixed_manifest,39,1,gpu_host,GPU_to_HOST,302592,156181.72768000013,156216.20448000016
9,fixed_manifest,39,2,host_fpga_pcie,HOST_to_FPGA,302592,156216.20448000016,156340.49248000016
9,fixed_manifest,40,1,host_fpga_pcie,FPGA_to_HOST,302592,156673.24000000017,156797.52800000017
9,fixed_manifest,40,2,gpu_host,HOST_to_GPU,302592,156797.52800000017,156832.00480000017
9,fixed_manifest,49,1,gpu_host,GPU_to_HOST,302592,157663.96160000018,157698.4384000002
9,fixed_manifest,49,2,host_fpga_pcie,HOST_to_FPGA,302592,157698.4384000002,157822.7264000002
9,fixed_manifest,50,1,host_fpga_pcie,FPGA_to_HOST,302592,158155.4739200002,158279.7619200002
9,fixed_manifest,50,2,gpu_host,HOST_to_GPU,302592,158279.7619200002,158314.23872000023
9,fixed_manifest,59,1,gpu_host,GPU_to_HOST,302592,159146.19552000024,159180.67232000025
9,fixed_manifest,59,2,host_fpga_pcie,HOST_to_FPGA,302592,159180.67232000025,159304.96032000025
9,fixed_manifest,60,1,host_fpga_pcie,FPGA_to_HOST,302592,159637.70784000025,159761.99584000025
9,fixed_manifest,60,2,gpu_host,HOST_to_GPU,302592,159761.99584000025,159796.47264000028
9,fixed_manifest,69,1,gpu_host,GPU_to_HOST,302592,160628.42944000027,160662.9062400003
9,fixed_manifest,69,2,host_fpga_pcie,HOST_to_FPGA,302592,160662.9062400003,160787.1942400003
9,fixed_manifest,70,1,host_fpga_pcie,FPGA_to_HOST,302592,161119.9417600003,161244.2297600003
9,fixed_manifest,70,2,gpu_host,HOST_to_GPU,302592,161244.2297600003,161278.7065600003
9,fixed_manifest,79,1,gpu_host,GPU_to_HOST,302592,162110.66336000033,162145.14016000033
9,fixed_manifest,79,2,host_fpga_pcie,HOST_to_FPGA,302592,162145.14016000033,162269.42816000033
9,fixed_manifest,80,1,host_fpga_pcie,FPGA_to_HOST,302592,162602.17568000033,162726.46368000034
9,fixed_manifest,80,2,gpu_host,HOST_to_GPU,302592,162726.46368000034,162760.94048000037
9,fixed_manifest,89,1,gpu_host,GPU_to_HOST,302592,163592.89728000038,163627.3740800004
9,fixed_manifest,89,2,host_fpga_pcie,HOST_to_FPGA,302592,163627.3740800004,163751.6620800004
9,fixed_manifest,90,1,host_fpga_pcie,FPGA_to_HOST,302592,164084.4096000004,164208.6976000004
9,fixed_manifest,90,2,gpu_host,HOST_to_GPU,302592,164208.6976000004,164243.17440000043
9,fixed_manifest,99,1,gpu_host,GPU_to_HOST,302592,165075.1312000004,165109.60800000044
9,fixed_manifest,99,2,host_fpga_pcie,HOST_to_FPGA,302592,165109.60800000044,165233.89600000044
9,fixed_manifest,100,1,host_fpga_pcie,FPGA_to_HOST,302592,165566.64352000045,165690.93152000045
9,fixed_manifest,100,2,gpu_host,HOST_to_GPU,302592,165690.93152000045,165725.40832000045
9,fixed_manifest,109,1,gpu_host,GPU_to_HOST,302592,166557.36512000047,166591.84192000047
9,fixed_manifest,109,2,host_fpga_pcie,HOST_to_FPGA,302592,166591.84192000047,166716.12992000047
9,fixed_manifest,110,1,host_fpga_pcie,FPGA_to_HOST,302592,167048.8774400005,167173.1654400005
9,fixed_manifest,110,2,gpu_host,HOST_to_GPU,302592,167173.1654400005,167207.6422400005
10,fixed_manifest,9,1,gpu_host,GPU_to_HOST,302592,168289.3661866667,168323.8429866667
10,fixed_manifest,9,2,host_fpga_pcie,HOST_to_FPGA,302592,168323.8429866667,168448.1309866667
9,fixed_manifest,119,1,gpu_host,GPU_to_HOST,302592,168780.87850666672,168815.35530666675
10,fixed_manifest,10,1,host_fpga_pcie,FPGA_to_HOST,302592,168780.87850666672,168969.97770666672
9,fixed_manifest,119,2,host_fpga_pcie,HOST_to_FPGA,302592,168815.35530666675,169004.45450666675
10,fixed_manifest,10,2,gpu_host,HOST_to_GPU,302592,168969.97770666672,169004.45450666675
9,fixed_manifest,120,1,host_fpga_pcie,FPGA_to_HOST,302592,169337.20202666675,169461.49002666675
9,fixed_manifest,120,2,gpu_host,HOST_to_GPU,302592,169461.49002666675,169495.96682666676
10,fixed_manifest,19,1,gpu_host,GPU_to_HOST,302592,169883.92650666673,169918.40330666673
10,fixed_manifest,19,2,host_fpga_pcie,HOST_to_FPGA,302592,169918.40330666673,170042.69130666673
10,fixed_manifest,20,1,host_fpga_pcie,FPGA_to_HOST,302592,170375.43882666677,170499.72682666677
10,fixed_manifest,20,2,gpu_host,HOST_to_GPU,302592,170499.72682666677,170534.20362666677
10,fixed_manifest,29,1,gpu_host,GPU_to_HOST,302592,171366.1604266668,171400.6372266668
10,fixed_manifest,29,2,host_fpga_pcie,HOST_to_FPGA,302592,171400.6372266668,171524.9252266668
10,fixed_manifest,30,1,host_fpga_pcie,FPGA_to_HOST,302592,171857.6727466668,171981.9607466668
10,fixed_manifest,30,2,gpu_host,HOST_to_GPU,302592,171981.9607466668,172016.43754666683
10,fixed_manifest,39,1,gpu_host,GPU_to_HOST,302592,172848.3943466668,172882.87114666685
10,fixed_manifest,39,2,host_fpga_pcie,HOST_to_FPGA,302592,172882.87114666685,173007.15914666685
10,fixed_manifest,40,1,host_fpga_pcie,FPGA_to_HOST,302592,173339.90666666685,173464.19466666685
10,fixed_manifest,40,2,gpu_host,HOST_to_GPU,302592,173464.19466666685,173498.67146666686
10,fixed_manifest,49,1,gpu_host,GPU_to_HOST,302592,174330.62826666687,174365.10506666687
10,fixed_manifest,49,2,host_fpga_pcie,HOST_to_FPGA,302592,174365.10506666687,174489.39306666687
10,fixed_manifest,50,1,host_fpga_pcie,FPGA_to_HOST,302592,174822.1405866669,174946.4285866669
10,fixed_manifest,50,2,gpu_host,HOST_to_GPU,302592,174946.4285866669,174980.9053866669
10,fixed_manifest,59,1,gpu_host,GPU_to_HOST,302592,175812.86218666693,175847.33898666693
10,fixed_manifest,59,2,host_fpga_pcie,HOST_to_FPGA,302592,175847.33898666693,175971.62698666693
10,fixed_manifest,60,1,host_fpga_pcie,FPGA_to_HOST,302592,176304.37450666694,176428.66250666694
10,fixed_manifest,60,2,gpu_host,HOST_to_GPU,302592,176428.66250666694,176463.13930666697
10,fixed_manifest,69,1,gpu_host,GPU_to_HOST,302592,177295.09610666696,177329.572906667
10,fixed_manifest,69,2,host_fpga_pcie,HOST_to_FPGA,302592,177329.572906667,177453.860906667
10,fixed_manifest,70,1,host_fpga_pcie,FPGA_to_HOST,302592,177786.608426667,177910.896426667
10,fixed_manifest,70,2,gpu_host,HOST_to_GPU,302592,177910.896426667,177945.373226667
10,fixed_manifest,79,1,gpu_host,GPU_to_HOST,302592,178777.330026667,178811.80682666702
10,fixed_manifest,79,2,host_fpga_pcie,HOST_to_FPGA,302592,178811.80682666702,178936.09482666702
10,fixed_manifest,80,1,host_fpga_pcie,FPGA_to_HOST,302592,179268.84234666705,179393.13034666705
10,fixed_manifest,80,2,gpu_host,HOST_to_GPU,302592,179393.13034666705,179427.60714666705
10,fixed_manifest,89,1,gpu_host,GPU_to_HOST,302592,180259.56394666707,180294.04074666707
10,fixed_manifest,89,2,host_fpga_pcie,HOST_to_FPGA,302592,180294.04074666707,180418.32874666707
10,fixed_manifest,90,1,host_fpga_pcie,FPGA_to_HOST,302592,180751.07626666708,180875.36426666708
10,fixed_manifest,90,2,gpu_host,HOST_to_GPU,302592,180875.36426666708,180909.8410666671
10,fixed_manifest,99,1,gpu_host,GPU_to_HOST,302592,181741.7978666671,181776.27466666713
10,fixed_manifest,99,2,host_fpga_pcie,HOST_to_FPGA,302592,181776.27466666713,181900.56266666713
10,fixed_manifest,100,1,host_fpga_pcie,FPGA_to_HOST,302592,182233.31018666713,182357.59818666714
10,fixed_manifest,100,2,gpu_host,HOST_to_GPU,302592,182357.59818666714,182392.07498666714
10,fixed_manifest,109,1,gpu_host,GPU_to_HOST,302592,183224.03178666715,183258.5085866672
10,fixed_manifest,109,2,host_fpga_pcie,HOST_to_FPGA,302592,183258.5085866672,183382.7965866672
10,fixed_manifest,110,1,host_fpga_pcie,FPGA_to_HOST,302592,183715.5441066672,183839.8321066672
10,fixed_manifest,110,2,gpu_host,HOST_to_GPU,302592,183839.8321066672,183874.3089066672
11,fixed_manifest,9,1,gpu_host,GPU_to_HOST,302592,184956.03285333337,184990.50965333337
11,fixed_manifest,9,2,host_fpga_pcie,HOST_to_FPGA,302592,184990.50965333337,185114.79765333337
10,fixed_manifest,119,1,gpu_host,GPU_to_HOST,302592,185447.5451733334,185482.0219733334
11,fixed_manifest,10,1,host_fpga_pcie,FPGA_to_HOST,302592,185447.5451733334,185636.64437333337
10,fixed_manifest,119,2,host_fpga_pcie,HOST_to_FPGA,302592,185482.0219733334,185671.1211733334
11,fixed_manifest,10,2,gpu_host,HOST_to_GPU,302592,185636.64437333337,185671.1211733334
10,fixed_manifest,120,1,host_fpga_pcie,FPGA_to_HOST,302592,186003.8686933334,186128.1566933334
10,fixed_manifest,120,2,gpu_host,HOST_to_GPU,302592,186128.1566933334,186162.63349333341
11,fixed_manifest,19,1,gpu_host,GPU_to_HOST,302592,186550.5931733334,186585.06997333342
11,fixed_manifest,19,2,host_fpga_pcie,HOST_to_FPGA,302592,186585.06997333342,186709.35797333342
11,fixed_manifest,20,1,host_fpga_pcie,FPGA_to_HOST,302592,187042.10549333342,187166.39349333342
11,fixed_manifest,20,2,gpu_host,HOST_to_GPU,302592,187166.39349333342,187200.87029333343
11,fixed_manifest,29,1,gpu_host,GPU_to_HOST,302592,188032.82709333344,188067.30389333345
11,fixed_manifest,29,2,host_fpga_pcie,HOST_to_FPGA,302592,188067.30389333345,188191.59189333345
11,fixed_manifest,30,1,host_fpga_pcie,FPGA_to_HOST,302592,188524.33941333345,188648.62741333345
11,fixed_manifest,30,2,gpu_host,HOST_to_GPU,302592,188648.62741333345,188683.10421333348
11,fixed_manifest,39,1,gpu_host,GPU_to_HOST,302592,189515.0610133335,189549.5378133335
11,fixed_manifest,39,2,host_fpga_pcie,HOST_to_FPGA,302592,189549.5378133335,189673.8258133335
11,fixed_manifest,40,1,host_fpga_pcie,FPGA_to_HOST,302592,190006.5733333335,190130.8613333335
11,fixed_manifest,40,2,gpu_host,HOST_to_GPU,302592,190130.8613333335,190165.33813333354
11,fixed_manifest,49,1,gpu_host,GPU_to_HOST,302592,190997.29493333353,191031.77173333356
11,fixed_manifest,49,2,host_fpga_pcie,HOST_to_FPGA,302592,191031.77173333356,191156.05973333356
11,fixed_manifest,50,1,host_fpga_pcie,FPGA_to_HOST,302592,191488.80725333357,191613.09525333357
11,fixed_manifest,50,2,gpu_host,HOST_to_GPU,302592,191613.09525333357,191647.57205333357
11,fixed_manifest,59,1,gpu_host,GPU_to_HOST,302592,192479.52885333358,192514.0056533336
11,fixed_manifest,59,2,host_fpga_pcie,HOST_to_FPGA,302592,192514.0056533336,192638.2936533336
11,fixed_manifest,60,1,host_fpga_pcie,FPGA_to_HOST,302592,192971.0411733336,193095.3291733336
11,fixed_manifest,60,2,gpu_host,HOST_to_GPU,302592,193095.3291733336,193129.80597333363
11,fixed_manifest,69,1,gpu_host,GPU_to_HOST,302592,193961.76277333364,193996.23957333365
11,fixed_manifest,69,2,host_fpga_pcie,HOST_to_FPGA,302592,193996.23957333365,194120.52757333365
11,fixed_manifest,70,1,host_fpga_pcie,FPGA_to_HOST,302592,194453.27509333365,194577.56309333365
11,fixed_manifest,70,2,gpu_host,HOST_to_GPU,302592,194577.56309333365,194612.03989333368
11,fixed_manifest,79,1,gpu_host,GPU_to_HOST,302592,195443.99669333367,195478.4734933337
11,fixed_manifest,79,2,host_fpga_pcie,HOST_to_FPGA,302592,195478.4734933337,195602.7614933337
11,fixed_manifest,80,1,host_fpga_pcie,FPGA_to_HOST,302592,195935.5090133337,196059.7970133337
11,fixed_manifest,80,2,gpu_host,HOST_to_GPU,302592,196059.7970133337,196094.2738133337
11,fixed_manifest,89,1,gpu_host,GPU_to_HOST,302592,196926.23061333373,196960.70741333373
11,fixed_manifest,89,2,host_fpga_pcie,HOST_to_FPGA,302592,196960.70741333373,197084.99541333373
11,fixed_manifest,90,1,host_fpga_pcie,FPGA_to_HOST,302592,197417.74293333376,197542.03093333376
11,fixed_manifest,90,2,gpu_host,HOST_to_GPU,302592,197542.03093333376,197576.50773333377
11,fixed_manifest,99,1,gpu_host,GPU_to_HOST,302592,198408.46453333378,198442.9413333338
11,fixed_manifest,99,2,host_fpga_pcie,HOST_to_FPGA,302592,198442.9413333338,198567.2293333338
11,fixed_manifest,100,1,host_fpga_pcie,FPGA_to_HOST,302592,198899.9768533338,199024.2648533338
11,fixed_manifest,100,2,gpu_host,HOST_to_GPU,302592,199024.2648533338,199058.74165333383
11,fixed_manifest,109,1,gpu_host,GPU_to_HOST,302592,199890.6984533338,199925.17525333384
11,fixed_manifest,109,2,host_fpga_pcie,HOST_to_FPGA,302592,199925.17525333384,200049.46325333384
11,fixed_manifest,110,1,host_fpga_pcie,FPGA_to_HOST,302592,200382.21077333385,200506.49877333385
11,fixed_manifest,110,2,gpu_host,HOST_to_GPU,302592,200506.49877333385,200540.97557333385
12,fixed_manifest,9,1,gpu_host,GPU_to_HOST,302592,201622.69952000002,201657.17632000006
12,fixed_manifest,9,2,host_fpga_pcie,HOST_to_FPGA,302592,201657.17632000006,201781.46432000006
11,fixed_manifest,119,1,gpu_host,GPU_to_HOST,302592,202114.21184000006,202148.68864000007
12,fixed_manifest,10,1,host_fpga_pcie,FPGA_to_HOST,302592,202114.21184000006,202303.31104000006
11,fixed_manifest,119,2,host_fpga_pcie,HOST_to_FPGA,302592,202148.68864000007,202337.78784000006
12,fixed_manifest,10,2,gpu_host,HOST_to_GPU,302592,202303.31104000006,202337.78784000006
11,fixed_manifest,120,1,host_fpga_pcie,FPGA_to_HOST,302592,202670.53536000007,202794.82336000007
11,fixed_manifest,120,2,gpu_host,HOST_to_GPU,302592,202794.82336000007,202829.3001600001
12,fixed_manifest,19,1,gpu_host,GPU_to_HOST,302592,203217.25984000004,203251.73664000008
12,fixed_manifest,19,2,host_fpga_pcie,HOST_to_FPGA,302592,203251.73664000008,203376.02464000008
12,fixed_manifest,20,1,host_fpga_pcie,FPGA_to_HOST,302592,203708.77216000008,203833.06016000008
12,fixed_manifest,20,2,gpu_host,HOST_to_GPU,302592,203833.06016000008,203867.53696000008
12,fixed_manifest,29,1,gpu_host,GPU_to_HOST,302592,204699.4937600001,204733.9705600001
12,fixed_manifest,29,2,host_fpga_pcie,HOST_to_FPGA,302592,204733.9705600001,204858.2585600001
12,fixed_manifest,30,1,host_fpga_pcie,FPGA_to_HOST,302592,205191.00608000014,205315.29408000014
12,fixed_manifest,30,2,gpu_host,HOST_to_GPU,302592,205315.29408000014,205349.77088000014
12,fixed_manifest,39,1,gpu_host,GPU_to_HOST,302592,206181.72768000016,206216.20448000016
12,fixed_manifest,39,2,host_fpga_pcie,HOST_to_FPGA,302592,206216.20448000016,206340.49248000016
12,fixed_manifest,40,1,host_fpga_pcie,FPGA_to_HOST,302592,206673.24000000017,206797.52800000017
12,fixed_manifest,40,2,gpu_host,HOST_to_GPU,302592,206797.52800000017,206832.0048000002
12,fixed_manifest,49,1,gpu_host,GPU_to_HOST,302592,207663.96160000018,207698.43840000022
12,fixed_manifest,49,2,host_fpga_pcie,HOST_to_FPGA,302592,207698.43840000022,207822.72640000022
12,fixed_manifest,50,1,host_fpga_pcie,FPGA_to_HOST,302592,208155.47392000022,208279.76192000022
12,fixed_manifest,50,2,gpu_host,HOST_to_GPU,302592,208279.76192000022,208314.23872000023
12,fixed_manifest,59,1,gpu_host,GPU_to_HOST,302592,209146.19552000024,209180.67232000027
12,fixed_manifest,59,2,host_fpga_pcie,HOST_to_FPGA,302592,209180.67232000027,209304.96032000027
12,fixed_manifest,60,1,host_fpga_pcie,FPGA_to_HOST,302592,209637.70784000028,209761.99584000028
12,fixed_manifest,60,2,gpu_host,HOST_to_GPU,302592,209761.99584000028,209796.47264000028
12,fixed_manifest,69,1,gpu_host,GPU_to_HOST,302592,210628.4294400003,210662.9062400003
12,fixed_manifest,69,2,host_fpga_pcie,HOST_to_FPGA,302592,210662.9062400003,210787.1942400003
12,fixed_manifest,70,1,host_fpga_pcie,FPGA_to_HOST,302592,211119.9417600003,211244.2297600003
12,fixed_manifest,70,2,gpu_host,HOST_to_GPU,302592,211244.2297600003,211278.70656000034
12,fixed_manifest,79,1,gpu_host,GPU_to_HOST,302592,212110.66336000033,212145.14016000036
12,fixed_manifest,79,2,host_fpga_pcie,HOST_to_FPGA,302592,212145.14016000036,212269.42816000036
12,fixed_manifest,80,1,host_fpga_pcie,FPGA_to_HOST,302592,212602.17568000036,212726.46368000036
12,fixed_manifest,80,2,gpu_host,HOST_to_GPU,302592,212726.46368000036,212760.94048000037
12,fixed_manifest,89,1,gpu_host,GPU_to_HOST,302592,213592.89728000038,213627.37408000042
12,fixed_manifest,89,2,host_fpga_pcie,HOST_to_FPGA,302592,213627.37408000042,213751.66208000042
12,fixed_manifest,90,1,host_fpga_pcie,FPGA_to_HOST,302592,214084.40960000042,214208.69760000042
12,fixed_manifest,90,2,gpu_host,HOST_to_GPU,302592,214208.69760000042,214243.17440000043
12,fixed_manifest,99,1,gpu_host,GPU_to_HOST,302592,215075.13120000044,215109.60800000044
12,fixed_manifest,99,2,host_fpga_pcie,HOST_to_FPGA,302592,215109.60800000044,215233.89600000044
12,fixed_manifest,100,1,host_fpga_pcie,FPGA_to_HOST,302592,215566.64352000045,215690.93152000045
12,fixed_manifest,100,2,gpu_host,HOST_to_GPU,302592,215690.93152000045,215725.40832000048
12,fixed_manifest,109,1,gpu_host,GPU_to_HOST,302592,216557.3651200005,216591.8419200005
12,fixed_manifest,109,2,host_fpga_pcie,HOST_to_FPGA,302592,216591.8419200005,216716.1299200005
12,fixed_manifest,110,1,host_fpga_pcie,FPGA_to_HOST,302592,217048.8774400005,217173.1654400005
12,fixed_manifest,110,2,gpu_host,HOST_to_GPU,302592,217173.1654400005,217207.64224000054
13,fixed_manifest,9,1,gpu_host,GPU_to_HOST,302592,218289.36618666668,218323.8429866667
13,fixed_manifest,9,2,host_fpga_pcie,HOST_to_FPGA,302592,218323.8429866667,218448.1309866667
12,fixed_manifest,119,1,gpu_host,GPU_to_HOST,302592,218780.87850666672,218815.35530666672
13,fixed_manifest,10,1,host_fpga_pcie,FPGA_to_HOST,302592,218780.87850666672,218969.97770666672
12,fixed_manifest,119,2,host_fpga_pcie,HOST_to_FPGA,302592,218815.35530666672,219004.45450666672
13,fixed_manifest,10,2,gpu_host,HOST_to_GPU,302592,218969.97770666672,219004.45450666672
12,fixed_manifest,120,1,host_fpga_pcie,FPGA_to_HOST,302592,219337.20202666672,219461.49002666672
12,fixed_manifest,120,2,gpu_host,HOST_to_GPU,302592,219461.49002666672,219495.96682666676
13,fixed_manifest,19,1,gpu_host,GPU_to_HOST,302592,219883.92650666673,219918.40330666673
13,fixed_manifest,19,2,host_fpga_pcie,HOST_to_FPGA,302592,219918.40330666673,220042.69130666673
13,fixed_manifest,20,1,host_fpga_pcie,FPGA_to_HOST,302592,220375.43882666674,220499.72682666674
13,fixed_manifest,20,2,gpu_host,HOST_to_GPU,302592,220499.72682666674,220534.20362666677
13,fixed_manifest,29,1,gpu_host,GPU_to_HOST,302592,221366.16042666676,221400.6372266668
13,fixed_manifest,29,2,host_fpga_pcie,HOST_to_FPGA,302592,221400.6372266668,221524.9252266668
13,fixed_manifest,30,1,host_fpga_pcie,FPGA_to_HOST,302592,221857.6727466668,221981.9607466668
13,fixed_manifest,30,2,gpu_host,HOST_to_GPU,302592,221981.9607466668,222016.4375466668
13,fixed_manifest,39,1,gpu_host,GPU_to_HOST,302592,222848.3943466668,222882.87114666682
13,fixed_manifest,39,2,host_fpga_pcie,HOST_to_FPGA,302592,222882.87114666682,223007.15914666682
13,fixed_manifest,40,1,host_fpga_pcie,FPGA_to_HOST,302592,223339.90666666685,223464.19466666685
13,fixed_manifest,40,2,gpu_host,HOST_to_GPU,302592,223464.19466666685,223498.67146666686
13,fixed_manifest,49,1,gpu_host,GPU_to_HOST,302592,224330.62826666687,224365.10506666687
13,fixed_manifest,49,2,host_fpga_pcie,HOST_to_FPGA,302592,224365.10506666687,224489.39306666687
13,fixed_manifest,50,1,host_fpga_pcie,FPGA_to_HOST,302592,224822.14058666688,224946.42858666688
13,fixed_manifest,50,2,gpu_host,HOST_to_GPU,302592,224946.42858666688,224980.9053866669
13,fixed_manifest,59,1,gpu_host,GPU_to_HOST,302592,225812.8621866669,225847.33898666693
13,fixed_manifest,59,2,host_fpga_pcie,HOST_to_FPGA,302592,225847.33898666693,225971.62698666693
13,fixed_manifest,60,1,host_fpga_pcie,FPGA_to_HOST,302592,226304.37450666694,226428.66250666694
13,fixed_manifest,60,2,gpu_host,HOST_to_GPU,302592,226428.66250666694,226463.13930666694
13,fixed_manifest,69,1,gpu_host,GPU_to_HOST,302592,227295.09610666696,227329.57290666696
13,fixed_manifest,69,2,host_fpga_pcie,HOST_to_FPGA,302592,227329.57290666696,227453.86090666696
13,fixed_manifest,70,1,host_fpga_pcie,FPGA_to_HOST,302592,227786.608426667,227910.896426667
13,fixed_manifest,70,2,gpu_host,HOST_to_GPU,302592,227910.896426667,227945.373226667
13,fixed_manifest,79,1,gpu_host,GPU_to_HOST,302592,228777.330026667,228811.80682666702
13,fixed_manifest,79,2,host_fpga_pcie,HOST_to_FPGA,302592,228811.80682666702,228936.09482666702
13,fixed_manifest,80,1,host_fpga_pcie,FPGA_to_HOST,302592,229268.84234666702,229393.13034666702
13,fixed_manifest,80,2,gpu_host,HOST_to_GPU,302592,229393.13034666702,229427.60714666705
13,fixed_manifest,89,1,gpu_host,GPU_to_HOST,302592,230259.56394666704,230294.04074666707
13,fixed_manifest,89,2,host_fpga_pcie,HOST_to_FPGA,302592,230294.04074666707,230418.32874666707
13,fixed_manifest,90,1,host_fpga_pcie,FPGA_to_HOST,302592,230751.07626666708,230875.36426666708
13,fixed_manifest,90,2,gpu_host,HOST_to_GPU,302592,230875.36426666708,230909.84106666708
13,fixed_manifest,99,1,gpu_host,GPU_to_HOST,302592,231741.7978666671,231776.2746666671
13,fixed_manifest,99,2,host_fpga_pcie,HOST_to_FPGA,302592,231776.2746666671,231900.5626666671
13,fixed_manifest,100,1,host_fpga_pcie,FPGA_to_HOST,302592,232233.31018666713,232357.59818666714
13,fixed_manifest,100,2,gpu_host,HOST_to_GPU,302592,232357.59818666714,232392.07498666714
13,fixed_manifest,109,1,gpu_host,GPU_to_HOST,302592,233224.03178666715,233258.50858666716
13,fixed_manifest,109,2,host_fpga_pcie,HOST_to_FPGA,302592,233258.50858666716,233382.79658666716
13,fixed_manifest,110,1,host_fpga_pcie,FPGA_to_HOST,302592,233715.54410666716,233839.83210666716
13,fixed_manifest,110,2,gpu_host,HOST_to_GPU,302592,233839.83210666716,233874.3089066672
14,fixed_manifest,9,1,gpu_host,GPU_to_HOST,302592,234956.03285333337,234990.50965333337
14,fixed_manifest,9,2,host_fpga_pcie,HOST_to_FPGA,302592,234990.50965333337,235114.79765333337
13,fixed_manifest,119,1,gpu_host,GPU_to_HOST,302592,235447.54517333338,235482.0219733334
14,fixed_manifest,10,1,host_fpga_pcie,FPGA_to_HOST,302592,235447.54517333338,235636.64437333337
13,fixed_manifest,119,2,host_fpga_pcie,HOST_to_FPGA,302592,235482.0219733334,235671.12117333338
14,fixed_manifest,10,2,gpu_host,HOST_to_GPU,302592,235636.64437333337,235671.12117333338
13,fixed_manifest,120,1,host_fpga_pcie,FPGA_to_HOST,302592,236003.8686933334,236128.1566933334
13,fixed_manifest,120,2,gpu_host,HOST_to_GPU,302592,236128.1566933334,236162.63349333341
14,fixed_manifest,19,1,gpu_host,GPU_to_HOST,302592,236550.5931733334,236585.0699733334
14,fixed_manifest,19,2,host_fpga_pcie,HOST_to_FPGA,302592,236585.0699733334,236709.3579733334
14,fixed_manifest,20,1,host_fpga_pcie,FPGA_to_HOST,302592,237042.1054933334,237166.3934933334
14,fixed_manifest,20,2,gpu_host,HOST_to_GPU,302592,237166.3934933334,237200.87029333343
14,fixed_manifest,29,1,gpu_host,GPU_to_HOST,302592,238032.8270933334,238067.30389333345
14,fixed_manifest,29,2,host_fpga_pcie,HOST_to_FPGA,302592,238067.30389333345,238191.59189333345
14,fixed_manifest,30,1,host_fpga_pcie,FPGA_to_HOST,302592,238524.33941333345,238648.62741333345
14,fixed_manifest,30,2,gpu_host,HOST_to_GPU,302592,238648.62741333345,238683.10421333346
14,fixed_manifest,39,1,gpu_host,GPU_to_HOST,302592,239515.06101333347,239549.5378133335
14,fixed_manifest,39,2,host_fpga_pcie,HOST_to_FPGA,302592,239549.5378133335,239673.8258133335
14,fixed_manifest,40,1,host_fpga_pcie,FPGA_to_HOST,302592,240006.5733333335,240130.8613333335
14,fixed_manifest,40,2,gpu_host,HOST_to_GPU,302592,240130.8613333335,240165.3381333335
14,fixed_manifest,49,1,gpu_host,GPU_to_HOST,302592,240997.29493333353,241031.77173333353
14,fixed_manifest,49,2,host_fpga_pcie,HOST_to_FPGA,302592,241031.77173333353,241156.05973333353
14,fixed_manifest,50,1,host_fpga_pcie,FPGA_to_HOST,302592,241488.80725333354,241613.09525333354
14,fixed_manifest,50,2,gpu_host,HOST_to_GPU,302592,241613.09525333354,241647.57205333357
14,fixed_manifest,59,1,gpu_host,GPU_to_HOST,302592,242479.52885333358,242514.0056533336
14,fixed_manifest,59,2,host_fpga_pcie,HOST_to_FPGA,302592,242514.0056533336,242638.2936533336
14,fixed_manifest,60,1,host_fpga_pcie,FPGA_to_HOST,302592,242971.0411733336,243095.3291733336
14,fixed_manifest,60,2,gpu_host,HOST_to_GPU,302592,243095.3291733336,243129.80597333363
14,fixed_manifest,69,1,gpu_host,GPU_to_HOST,302592,243961.7627733336,243996.23957333365
14,fixed_manifest,69,2,host_fpga_pcie,HOST_to_FPGA,302592,243996.23957333365,244120.52757333365
14,fixed_manifest,70,1,host_fpga_pcie,FPGA_to_HOST,302592,244453.27509333365,244577.56309333365
14,fixed_manifest,70,2,gpu_host,HOST_to_GPU,302592,244577.56309333365,244612.03989333365
14,fixed_manifest,79,1,gpu_host,GPU_to_HOST,302592,245443.99669333367,245478.47349333367
14,fixed_manifest,79,2,host_fpga_pcie,HOST_to_FPGA,302592,245478.47349333367,245602.76149333367
14,fixed_manifest,80,1,host_fpga_pcie,FPGA_to_HOST,302592,245935.50901333368,246059.79701333368
14,fixed_manifest,80,2,gpu_host,HOST_to_GPU,302592,246059.79701333368,246094.2738133337
14,fixed_manifest,89,1,gpu_host,GPU_to_HOST,302592,246926.23061333373,246960.70741333373
14,fixed_manifest,89,2,host_fpga_pcie,HOST_to_FPGA,302592,246960.70741333373,247084.99541333373
14,fixed_manifest,90,1,host_fpga_pcie,FPGA_to_HOST,302592,247417.74293333373,247542.03093333374
14,fixed_manifest,90,2,gpu_host,HOST_to_GPU,302592,247542.03093333374,247576.50773333377
14,fixed_manifest,99,1,gpu_host,GPU_to_HOST,302592,248408.46453333375,248442.9413333338
14,fixed_manifest,99,2,host_fpga_pcie,HOST_to_FPGA,302592,248442.9413333338,248567.2293333338
14,fixed_manifest,100,1,host_fpga_pcie,FPGA_to_HOST,302592,248899.9768533338,249024.2648533338
14,fixed_manifest,100,2,gpu_host,HOST_to_GPU,302592,249024.2648533338,249058.7416533338
14,fixed_manifest,109,1,gpu_host,GPU_to_HOST,302592,249890.6984533338,249925.17525333381
14,fixed_manifest,109,2,host_fpga_pcie,HOST_to_FPGA,302592,249925.17525333381,250049.46325333382
14,fixed_manifest,110,1,host_fpga_pcie,FPGA_to_HOST,302592,250382.21077333385,250506.49877333382
14,fixed_manifest,110,2,gpu_host,HOST_to_GPU,302592,250506.49877333382,250540.97557333382
15,fixed_manifest,9,1,gpu_host,GPU_to_HOST,302592,251622.69951999994,251657.17631999994
15,fixed_manifest,9,2,host_fpga_pcie,HOST_to_FPGA,302592,251657.17631999994,251781.4643199999
14,fixed_manifest,119,1,gpu_host,GPU_to_HOST,302592,252114.21183999995,252148.68863999995
15,fixed_manifest,10,1,host_fpga_pcie,FPGA_to_HOST,302592,252114.21183999995,252303.3110399999
14,fixed_manifest,119,2,host_fpga_pcie,HOST_to_FPGA,302592,252148.68863999995,252337.78783999995
15,fixed_manifest,10,2,gpu_host,HOST_to_GPU,302592,252303.3110399999,252337.78783999995
14,fixed_manifest,120,1,host_fpga_pcie,FPGA_to_HOST,302592,252670.53535999995,252794.82335999992
14,fixed_manifest,120,2,gpu_host,HOST_to_GPU,302592,252794.82335999992,252829.30015999993
15,fixed_manifest,19,1,gpu_host,GPU_to_HOST,302592,253217.2598399998,253251.73663999984
15,fixed_manifest,19,2,host_fpga_pcie,HOST_to_FPGA,302592,253251.73663999984,253376.0246399998
15,fixed_manifest,20,1,host_fpga_pcie,FPGA_to_HOST,302592,253708.77215999982,253833.0601599998
15,fixed_manifest,20,2,gpu_host,HOST_to_GPU,302592,253833.0601599998,253867.5369599998
15,fixed_manifest,29,1,gpu_host,GPU_to_HOST,302592,254699.49375999972,254733.97055999975
15,fixed_manifest,29,2,host_fpga_pcie,HOST_to_FPGA,302592,254733.97055999975,254858.25855999973
15,fixed_manifest,30,1,host_fpga_pcie,FPGA_to_HOST,302592,255191.00607999973,255315.2940799997
15,fixed_manifest,30,2,gpu_host,HOST_to_GPU,302592,255315.2940799997,255349.7708799997
15,fixed_manifest,39,1,gpu_host,GPU_to_HOST,302592,256181.72767999963,256216.20447999967
15,fixed_manifest,39,2,host_fpga_pcie,HOST_to_FPGA,302592,256216.20447999967,256340.49247999964
15,fixed_manifest,40,1,host_fpga_pcie,FPGA_to_HOST,302592,256673.23999999964,256797.5279999996
15,fixed_manifest,40,2,gpu_host,HOST_to_GPU,302592,256797.5279999996,256832.00479999962
15,fixed_manifest,49,1,gpu_host,GPU_to_HOST,302592,257663.96159999954,257698.43839999958
15,fixed_manifest,49,2,host_fpga_pcie,HOST_to_FPGA,302592,257698.43839999958,257822.72639999955
15,fixed_manifest,50,1,host_fpga_pcie,FPGA_to_HOST,302592,258155.47391999955,258279.76191999952
15,fixed_manifest,50,2,gpu_host,HOST_to_GPU,302592,258279.76191999952,258314.23871999953
15,fixed_manifest,59,1,gpu_host,GPU_to_HOST,302592,259146.19551999946,259180.67231999946
15,fixed_manifest,59,2,host_fpga_pcie,HOST_to_FPGA,302592,259180.67231999946,259304.96031999943
15,fixed_manifest,60,1,host_fpga_pcie,FPGA_to_HOST,302592,259637.70783999946,259761.99583999944
15,fixed_manifest,60,2,gpu_host,HOST_to_GPU,302592,259761.99583999944,259796.47263999944
15,fixed_manifest,69,1,gpu_host,GPU_to_HOST,302592,260628.42943999937,260662.90623999937
15,fixed_manifest,69,2,host_fpga_pcie,HOST_to_FPGA,302592,260662.90623999937,260787.19423999934
15,fixed_manifest,70,1,host_fpga_pcie,FPGA_to_HOST,302592,261119.94175999938,261244.22975999935
15,fixed_manifest,70,2,gpu_host,HOST_to_GPU,302592,261244.22975999935,261278.70655999935
15,fixed_manifest,79,1,gpu_host,GPU_to_HOST,302592,262110.66335999928,262145.1401599993
15,fixed_manifest,79,2,host_fpga_pcie,HOST_to_FPGA,302592,262145.1401599993,262269.42815999925
15,fixed_manifest,80,1,host_fpga_pcie,FPGA_to_HOST,302592,262602.1756799993,262726.46367999923
15,fixed_manifest,80,2,gpu_host,HOST_to_GPU,302592,262726.46367999923,262760.94047999923
15,fixed_manifest,89,1,gpu_host,GPU_to_HOST,302592,263592.89727999916,263627.3740799992
15,fixed_manifest,89,2,host_fpga_pcie,HOST_to_FPGA,302592,263627.3740799992,263751.66207999917
15,fixed_manifest,90,1,host_fpga_pcie,FPGA_to_HOST,302592,264084.4095999992,264208.69759999914
15,fixed_manifest,90,2,gpu_host,HOST_to_GPU,302592,264208.69759999914,264243.17439999914
15,fixed_manifest,99,1,gpu_host,GPU_to_HOST,302592,265075.1311999991,265109.60799999913
15,fixed_manifest,99,2,host_fpga_pcie,HOST_to_FPGA,302592,265109.60799999913,265233.8959999991
15,fixed_manifest,100,1,host_fpga_pcie,FPGA_to_HOST,302592,265566.6435199991,265690.93151999905
15,fixed_manifest,100,2,gpu_host,HOST_to_GPU,302592,265690.93151999905,265725.40831999906
15,fixed_manifest,109,1,gpu_host,GPU_to_HOST,302592,266557.365119999,266591.84191999905
15,fixed_manifest,109,2,host_fpga_pcie,HOST_to_FPGA,302592,266591.84191999905,266716.129919999
15,fixed_manifest,110,1,host_fpga_pcie,FPGA_to_HOST,302592,267048.877439999,267173.16543999896
15,fixed_manifest,110,2,gpu_host,HOST_to_GPU,302592,267173.16543999896,267207.64223999897
16,fixed_manifest,9,1,gpu_host,GPU_to_HOST,302592,268289.36618666654,268323.84298666654
16,fixed_manifest,9,2,host_fpga_pcie,HOST_to_FPGA,302592,268323.84298666654,268448.13098666654
15,fixed_manifest,119,1,gpu_host,GPU_to_HOST,302592,268780.8785066665,268815.3553066666
16,fixed_manifest,10,1,host_fpga_pcie,FPGA_to_HOST,302592,268780.8785066665,268969.9777066665
15,fixed_manifest,119,2,host_fpga_pcie,HOST_to_FPGA,302592,268815.3553066666,269004.4545066666
16,fixed_manifest,10,2,gpu_host,HOST_to_GPU,302592,268969.9777066665,269004.4545066666
15,fixed_manifest,120,1,host_fpga_pcie,FPGA_to_HOST,302592,269337.20202666655,269461.49002666655
15,fixed_manifest,120,2,gpu_host,HOST_to_GPU,302592,269461.49002666655,269495.96682666655
16,fixed_manifest,19,1,gpu_host,GPU_to_HOST,302592,269883.9265066664,269918.40330666647
16,fixed_manifest,19,2,host_fpga_pcie,HOST_to_FPGA,302592,269918.40330666647,270042.6913066664
16,fixed_manifest,20,1,host_fpga_pcie,FPGA_to_HOST,302592,270375.43882666645,270499.7268266664
16,fixed_manifest,20,2,gpu_host,HOST_to_GPU,302592,270499.7268266664,270534.2036266664
16,fixed_manifest,29,1,gpu_host,GPU_to_HOST,302592,271366.1604266663,271400.6372266663
16,fixed_manifest,29,2,host_fpga_pcie,HOST_to_FPGA,302592,271400.6372266663,271524.9252266663
16,fixed_manifest,30,1,host_fpga_pcie,FPGA_to_HOST,302592,271857.67274666636,271981.9607466663
16,fixed_manifest,30,2,gpu_host,HOST_to_GPU,302592,271981.9607466663,272016.4375466663
16,fixed_manifest,39,1,gpu_host,GPU_to_HOST,302592,272848.39434666623,272882.87114666624
16,fixed_manifest,39,2,host_fpga_pcie,HOST_to_FPGA,302592,272882.87114666624,273007.15914666624
16,fixed_manifest,40,1,host_fpga_pcie,FPGA_to_HOST,302592,273339.90666666627,273464.1946666662
16,fixed_manifest,40,2,gpu_host,HOST_to_GPU,302592,273464.1946666662,273498.6714666662
16,fixed_manifest,49,1,gpu_host,GPU_to_HOST,302592,274330.62826666614,274365.10506666615
16,fixed_manifest,49,2,host_fpga_pcie,HOST_to_FPGA,302592,274365.10506666615,274489.39306666615
16,fixed_manifest,50,1,host_fpga_pcie,FPGA_to_HOST,302592,274822.1405866662,274946.4285866661
16,fixed_manifest,50,2,gpu_host,HOST_to_GPU,302592,274946.4285866661,274980.9053866661
16,fixed_manifest,59,1,gpu_host,GPU_to_HOST,302592,275812.86218666605,275847.33898666606
16,fixed_manifest,59,2,host_fpga_pcie,HOST_to_FPGA,302592,275847.33898666606,275971.62698666606
16,fixed_manifest,60,1,host_fpga_pcie,FPGA_to_HOST,302592,276304.37450666603,276428.66250666603
16,fixed_manifest,60,2,gpu_host,HOST_to_GPU,302592,276428.66250666603,276463.13930666604
16,fixed_manifest,69,1,gpu_host,GPU_to_HOST,302592,277295.09610666597,277329.57290666597
16,fixed_manifest,69,2,host_fpga_pcie,HOST_to_FPGA,302592,277329.57290666597,277453.86090666597
16,fixed_manifest,70,1,host_fpga_pcie,FPGA_to_HOST,302592,277786.60842666595,277910.89642666595
16,fixed_manifest,70,2,gpu_host,HOST_to_GPU,302592,277910.89642666595,277945.37322666595
16,fixed_manifest,79,1,gpu_host,GPU_to_HOST,302592,278777.3300266659,278811.8068266659
16,fixed_manifest,79,2,host_fpga_pcie,HOST_to_FPGA,302592,278811.8068266659,278936.0948266659
16,fixed_manifest,80,1,host_fpga_pcie,FPGA_to_HOST,302592,279268.84234666586,279393.13034666586
16,fixed_manifest,80,2,gpu_host,HOST_to_GPU,302592,279393.13034666586,279427.60714666586
16,fixed_manifest,89,1,gpu_host,GPU_to_HOST,302592,280259.5639466658,280294.0407466658
16,fixed_manifest,89,2,host_fpga_pcie,HOST_to_FPGA,302592,280294.0407466658,280418.3287466658
16,fixed_manifest,90,1,host_fpga_pcie,FPGA_to_HOST,302592,280751.07626666577,280875.36426666577
16,fixed_manifest,90,2,gpu_host,HOST_to_GPU,302592,280875.36426666577,280909.8410666658
16,fixed_manifest,99,1,gpu_host,GPU_to_HOST,302592,281741.7978666657,281776.2746666657
16,fixed_manifest,99,2,host_fpga_pcie,HOST_to_FPGA,302592,281776.2746666657,281900.5626666657
16,fixed_manifest,100,1,host_fpga_pcie,FPGA_to_HOST,302592,282233.3101866657,282357.5981866657
16,fixed_manifest,100,2,gpu_host,HOST_to_GPU,302592,282357.5981866657,282392.0749866657
16,fixed_manifest,109,1,gpu_host,GPU_to_HOST,302592,283224.0317866656,283258.5085866656
16,fixed_manifest,109,2,host_fpga_pcie,HOST_to_FPGA,302592,283258.5085866656,283382.7965866656
16,fixed_manifest,110,1,host_fpga_pcie,FPGA_to_HOST,302592,283715.5441066656,283839.8321066656
16,fixed_manifest,110,2,gpu_host,HOST_to_GPU,302592,283839.8321066656,283874.3089066656
17,fixed_manifest,9,1,gpu_host,GPU_to_HOST,302592,284956.0328533333,284990.5096533333
17,fixed_manifest,9,2,host_fpga_pcie,HOST_to_FPGA,302592,284990.5096533333,285114.7976533332
16,fixed_manifest,119,1,gpu_host,GPU_to_HOST,302592,285447.54517333326,285482.02197333326
17,fixed_manifest,10,1,host_fpga_pcie,FPGA_to_HOST,302592,285447.54517333326,285636.64437333326
16,fixed_manifest,119,2,host_fpga_pcie,HOST_to_FPGA,302592,285482.02197333326,285671.12117333326
17,fixed_manifest,10,2,gpu_host,HOST_to_GPU,302592,285636.64437333326,285671.12117333326
16,fixed_manifest,120,1,host_fpga_pcie,FPGA_to_HOST,302592,286003.8686933333,286128.15669333324
16,fixed_manifest,120,2,gpu_host,HOST_to_GPU,302592,286128.15669333324,286162.63349333324
17,fixed_manifest,19,1,gpu_host,GPU_to_HOST,302592,286550.59317333315,286585.06997333316
17,fixed_manifest,19,2,host_fpga_pcie,HOST_to_FPGA,302592,286585.06997333316,286709.35797333316
17,fixed_manifest,20,1,host_fpga_pcie,FPGA_to_HOST,302592,287042.10549333313,287166.39349333313
17,fixed_manifest,20,2,gpu_host,HOST_to_GPU,302592,287166.39349333313,287200.87029333314
17,fixed_manifest,29,1,gpu_host,GPU_to_HOST,302592,288032.82709333306,288067.30389333307
17,fixed_manifest,29,2,host_fpga_pcie,HOST_to_FPGA,302592,288067.30389333307,288191.59189333307
17,fixed_manifest,30,1,host_fpga_pcie,FPGA_to_HOST,302592,288524.33941333304,288648.62741333304
17,fixed_manifest,30,2,gpu_host,HOST_to_GPU,302592,288648.62741333304,288683.10421333305
17,fixed_manifest,39,1,gpu_host,GPU_to_HOST,302592,289515.061013333,289549.537813333
17,fixed_manifest,39,2,host_fpga_pcie,HOST_to_FPGA,302592,289549.537813333,289673.825813333
17,fixed_manifest,40,1,host_fpga_pcie,FPGA_to_HOST,302592,290006.57333333296,290130.86133333296
17,fixed_manifest,40,2,gpu_host,HOST_to_GPU,302592,290130.86133333296,290165.33813333296
17,fixed_manifest,49,1,gpu_host,GPU_to_HOST,302592,290997.2949333329,291031.7717333329
17,fixed_manifest,49,2,host_fpga_pcie,HOST_to_FPGA,302592,291031.7717333329,291156.05973333283
17,fixed_manifest,50,1,host_fpga_pcie,FPGA_to_HOST,302592,291488.80725333287,291613.09525333287
17,fixed_manifest,50,2,gpu_host,HOST_to_GPU,302592,291613.09525333287,291647.5720533329
17,fixed_manifest,59,1,gpu_host,GPU_to_HOST,302592,292479.5288533328,292514.0056533328
17,fixed_manifest,59,2,host_fpga_pcie,HOST_to_FPGA,302592,292514.0056533328,292638.29365333274
17,fixed_manifest,60,1,host_fpga_pcie,FPGA_to_HOST,302592,292971.0411733328,293095.3291733328
17,fixed_manifest,60,2,gpu_host,HOST_to_GPU,302592,293095.3291733328,293129.8059733328
17,fixed_manifest,69,1,gpu_host,GPU_to_HOST,302592,293961.7627733327,293996.2395733327
17,fixed_manifest,69,2,host_fpga_pcie,HOST_to_FPGA,302592,293996.2395733327,294120.52757333266
17,fixed_manifest,70,1,host_fpga_pcie,FPGA_to_HOST,302592,294453.2750933327,294577.5630933327
17,fixed_manifest,70,2,gpu_host,HOST_to_GPU,302592,294577.5630933327,294612.0398933327
17,fixed_manifest,79,1,gpu_host,GPU_to_HOST,302592,295443.9966933326,295478.4734933326
17,fixed_manifest,79,2,host_fpga_pcie,HOST_to_FPGA,302592,295478.4734933326,295602.76149333257
17,fixed_manifest,80,1,host_fpga_pcie,FPGA_to_HOST,302592,295935.5090133326,296059.79701333254
17,fixed_manifest,80,2,gpu_host,HOST_to_GPU,302592,296059.79701333254,296094.2738133326
17,fixed_manifest,89,1,gpu_host,GPU_to_HOST,302592,296926.23061333253,296960.70741333254
17,fixed_manifest,89,2,host_fpga_pcie,HOST_to_FPGA,302592,296960.70741333254,297084.9954133325
17,fixed_manifest,90,1,host_fpga_pcie,FPGA_to_HOST,302592,297417.7429333325,297542.03093333245
17,fixed_manifest,90,2,gpu_host,HOST_to_GPU,302592,297542.03093333245,297576.5077333325
17,fixed_manifest,99,1,gpu_host,GPU_to_HOST,302592,298408.46453333244,298442.94133333245
17,fixed_manifest,99,2,host_fpga_pcie,HOST_to_FPGA,302592,298442.94133333245,298567.2293333324
17,fixed_manifest,100,1,host_fpga_pcie,FPGA_to_HOST,302592,298899.9768533324,299024.26485333237
17,fixed_manifest,100,2,gpu_host,HOST_to_GPU,302592,299024.26485333237,299058.7416533324
17,fixed_manifest,109,1,gpu_host,GPU_to_HOST,302592,299890.69845333236,299925.17525333236
17,fixed_manifest,109,2,host_fpga_pcie,HOST_to_FPGA,302592,299925.17525333236,300049.4632533323
17,fixed_manifest,110,1,host_fpga_pcie,FPGA_to_HOST,302592,300382.21077333234,300506.4987733323
17,fixed_manifest,110,2,gpu_host,HOST_to_GPU,302592,300506.4987733323,300540.97557333234
18,fixed_manifest,9,1,gpu_host,GPU_to_HOST,302592,301622.69951999985,301657.1763199999
18,fixed_manifest,9,2,host_fpga_pcie,HOST_to_FPGA,302592,301657.1763199999,301781.46431999985
17,fixed_manifest,119,1,gpu_host,GPU_to_HOST,302592,302114.2118399999,302148.6886399999
18,fixed_manifest,10,1,host_fpga_pcie,FPGA_to_HOST,302592,302114.2118399999,302303.3110399999
17,fixed_manifest,119,2,host_fpga_pcie,HOST_to_FPGA,302592,302148.6886399999,302337.7878399999
18,fixed_manifest,10,2,gpu_host,HOST_to_GPU,302592,302303.3110399999,302337.7878399999
17,fixed_manifest,120,1,host_fpga_pcie,FPGA_to_HOST,302592,302670.53535999986,302794.82335999986
17,fixed_manifest,120,2,gpu_host,HOST_to_GPU,302592,302794.82335999986,302829.30015999987
18,fixed_manifest,19,1,gpu_host,GPU_to_HOST,302592,303217.2598399998,303251.7366399998
18,fixed_manifest,19,2,host_fpga_pcie,HOST_to_FPGA,302592,303251.7366399998,303376.0246399997
18,fixed_manifest,20,1,host_fpga_pcie,FPGA_to_HOST,302592,303708.77215999976,303833.0601599997
18,fixed_manifest,20,2,gpu_host,HOST_to_GPU,302592,303833.0601599997,303867.53695999976
18,fixed_manifest,29,1,gpu_host,GPU_to_HOST,302592,304699.49375999963,304733.9705599997
18,fixed_manifest,29,2,host_fpga_pcie,HOST_to_FPGA,302592,304733.9705599997,304858.25855999964
18,fixed_manifest,30,1,host_fpga_pcie,FPGA_to_HOST,302592,305191.0060799997,305315.2940799996
18,fixed_manifest,30,2,gpu_host,HOST_to_GPU,302592,305315.2940799996,305349.7708799997
18,fixed_manifest,39,1,gpu_host,GPU_to_HOST,302592,306181.72767999955,306216.2044799996
18,fixed_manifest,39,2,host_fpga_pcie,HOST_to_FPGA,302592,306216.2044799996,306340.49247999955
18,fixed_manifest,40,1,host_fpga_pcie,FPGA_to_HOST,302592,306673.2399999996,306797.5279999995
18,fixed_manifest,40,2,gpu_host,HOST_to_GPU,302592,306797.5279999995,306832.00479999953
18,fixed_manifest,49,1,gpu_host,GPU_to_HOST,302592,307663.96159999946,307698.4383999995
18,fixed_manifest,49,2,host_fpga_pcie,HOST_to_FPGA,302592,307698.4383999995,307822.72639999946
18,fixed_manifest,50,1,host_fpga_pcie,FPGA_to_HOST,302592,308155.4739199995,308279.76191999944
18,fixed_manifest,50,2,gpu_host,HOST_to_GPU,302592,308279.76191999944,308314.23871999944
18,fixed_manifest,59,1,gpu_host,GPU_to_HOST,302592,309146.19551999937,309180.67231999943
18,fixed_manifest,59,2,host_fpga_pcie,HOST_to_FPGA,302592,309180.67231999943,309304.9603199994
18,fixed_manifest,60,1,host_fpga_pcie,FPGA_to_HOST,302592,309637.7078399994,309761.99583999935
18,fixed_manifest,60,2,gpu_host,HOST_to_GPU,302592,309761.99583999935,309796.47263999935
18,fixed_manifest,69,1,gpu_host,GPU_to_HOST,302592,310628.4294399993,310662.90623999934
18,fixed_manifest,69,2,host_fpga_pcie,HOST_to_FPGA,302592,310662.90623999934,310787.1942399993
18,fixed_manifest,70,1,host_fpga_pcie,FPGA_to_HOST,302592,311119.9417599993,311244.22975999926
18,fixed_manifest,70,2,gpu_host,HOST_to_GPU,302592,311244.22975999926,311278.70655999926
18,fixed_manifest,79,1,gpu_host,GPU_to_HOST,302592,312110.6633599992,312145.1401599992
18,fixed_manifest,79,2,host_fpga_pcie,HOST_to_FPGA,302592,312145.1401599992,312269.4281599992
18,fixed_manifest,80,1,host_fpga_pcie,FPGA_to_HOST,302592,312602.1756799992,312726.4636799992
18,fixed_manifest,80,2,gpu_host,HOST_to_GPU,302592,312726.4636799992,312760.9404799992
18,fixed_manifest,89,1,gpu_host,GPU_to_HOST,302592,313592.8972799991,313627.3740799991
18,fixed_manifest,89,2,host_fpga_pcie,HOST_to_FPGA,302592,313627.3740799991,313751.6620799991
18,fixed_manifest,90,1,host_fpga_pcie,FPGA_to_HOST,302592,314084.40959999914,314208.6975999991
18,fixed_manifest,90,2,gpu_host,HOST_to_GPU,302592,314208.6975999991,314243.1743999991
18,fixed_manifest,99,1,gpu_host,GPU_to_HOST,302592,315075.131199999,315109.607999999
18,fixed_manifest,99,2,host_fpga_pcie,HOST_to_FPGA,302592,315109.607999999,315233.895999999
18,fixed_manifest,100,1,host_fpga_pcie,FPGA_to_HOST,302592,315566.64351999905,315690.931519999
18,fixed_manifest,100,2,gpu_host,HOST_to_GPU,302592,315690.931519999,315725.408319999
18,fixed_manifest,109,1,gpu_host,GPU_to_HOST,302592,316557.3651199989,316591.84191999893
18,fixed_manifest,109,2,host_fpga_pcie,HOST_to_FPGA,302592,316591.84191999893,316716.12991999893
18,fixed_manifest,110,1,host_fpga_pcie,FPGA_to_HOST,302592,317048.8774399989,317173.1654399989
18,fixed_manifest,110,2,gpu_host,HOST_to_GPU,302592,317173.1654399989,317207.6422399989
19,fixed_manifest,9,1,gpu_host,GPU_to_HOST,302592,318289.3661866666,318323.8429866666
19,fixed_manifest,9,2,host_fpga_pcie,HOST_to_FPGA,302592,318323.8429866666,318448.1309866666
18,fixed_manifest,119,1,gpu_host,GPU_to_HOST,302592,318780.8785066666,318815.3553066666
19,fixed_manifest,10,1,host_fpga_pcie,FPGA_to_HOST,302592,318780.8785066666,318969.97770666657
18,fixed_manifest,119,2,host_fpga_pcie,HOST_to_FPGA,302592,318815.3553066666,319004.4545066666
19,fixed_manifest,10,2,gpu_host,HOST_to_GPU,302592,318969.97770666657,319004.4545066666
18,fixed_manifest,120,1,host_fpga_pcie,FPGA_to_HOST,302592,319337.2020266666,319461.49002666655
18,fixed_manifest,120,2,gpu_host,HOST_to_GPU,302592,319461.49002666655,319495.9668266666
19,fixed_manifest,19,1,gpu_host,GPU_to_HOST,302592,319883.92650666647,319918.40330666647
19,fixed_manifest,19,2,host_fpga_pcie,HOST_to_FPGA,302592,319918.40330666647,320042.6913066665
19,fixed_manifest,20,1,host_fpga_pcie,FPGA_to_HOST,302592,320375.43882666645,320499.72682666645
19,fixed_manifest,20,2,gpu_host,HOST_to_GPU,302592,320499.72682666645,320534.20362666645
19,fixed_manifest,29,1,gpu_host,GPU_to_HOST,302592,321366.1604266664,321400.6372266664
19,fixed_manifest,29,2,host_fpga_pcie,HOST_to_FPGA,302592,321400.6372266664,321524.9252266664
19,fixed_manifest,30,1,host_fpga_pcie,FPGA_to_HOST,302592,321857.67274666636,321981.96074666636
19,fixed_manifest,30,2,gpu_host,HOST_to_GPU,302592,321981.96074666636,322016.43754666636
19,fixed_manifest,39,1,gpu_host,GPU_to_HOST,302592,322848.3943466663,322882.8711466663
19,fixed_manifest,39,2,host_fpga_pcie,HOST_to_FPGA,302592,322882.8711466663,323007.1591466663
19,fixed_manifest,40,1,host_fpga_pcie,FPGA_to_HOST,302592,323339.90666666627,323464.19466666627
19,fixed_manifest,40,2,gpu_host,HOST_to_GPU,302592,323464.19466666627,323498.6714666663
19,fixed_manifest,49,1,gpu_host,GPU_to_HOST,302592,324330.6282666662,324365.1050666662
19,fixed_manifest,49,2,host_fpga_pcie,HOST_to_FPGA,302592,324365.1050666662,324489.3930666662
19,fixed_manifest,50,1,host_fpga_pcie,FPGA_to_HOST,302592,324822.1405866662,324946.4285866662
19,fixed_manifest,50,2,gpu_host,HOST_to_GPU,302592,324946.4285866662,324980.9053866662
19,fixed_manifest,59,1,gpu_host,GPU_to_HOST,302592,325812.8621866661,325847.3389866661
19,fixed_manifest,59,2,host_fpga_pcie,HOST_to_FPGA,302592,325847.3389866661,325971.6269866661
19,fixed_manifest,60,1,host_fpga_pcie,FPGA_to_HOST,302592,326304.3745066661,326428.6625066661
19,fixed_manifest,60,2,gpu_host,HOST_to_GPU,302592,326428.6625066661,326463.1393066661
19,fixed_manifest,69,1,gpu_host,GPU_to_HOST,302592,327295.096106666,327329.572906666
19,fixed_manifest,69,2,host_fpga_pcie,HOST_to_FPGA,302592,327329.572906666,327453.860906666
19,fixed_manifest,70,1,host_fpga_pcie,FPGA_to_HOST,302592,327786.608426666,327910.896426666
19,fixed_manifest,70,2,gpu_host,HOST_to_GPU,302592,327910.896426666,327945.373226666
19,fixed_manifest,79,1,gpu_host,GPU_to_HOST,302592,328777.33002666594,328811.80682666594
19,fixed_manifest,79,2,host_fpga_pcie,HOST_to_FPGA,302592,328811.80682666594,328936.09482666594
19,fixed_manifest,80,1,host_fpga_pcie,FPGA_to_HOST,302592,329268.8423466659,329393.1303466659
19,fixed_manifest,80,2,gpu_host,HOST_to_GPU,302592,329393.1303466659,329427.6071466659
19,fixed_manifest,89,1,gpu_host,GPU_to_HOST,302592,330259.56394666585,330294.04074666585
19,fixed_manifest,89,2,host_fpga_pcie,HOST_to_FPGA,302592,330294.04074666585,330418.32874666585
19,fixed_manifest,90,1,host_fpga_pcie,FPGA_to_HOST,302592,330751.0762666658,330875.3642666658
19,fixed_manifest,90,2,gpu_host,HOST_to_GPU,302592,330875.3642666658,330909.84106666583
19,fixed_manifest,99,1,gpu_host,GPU_to_HOST,302592,331741.79786666576,331776.27466666576
19,fixed_manifest,99,2,host_fpga_pcie,HOST_to_FPGA,302592,331776.27466666576,331900.5626666657
19,fixed_manifest,100,1,host_fpga_pcie,FPGA_to_HOST,302592,332233.31018666574,332357.59818666574
19,fixed_manifest,100,2,gpu_host,HOST_to_GPU,302592,332357.59818666574,332392.07498666574
19,fixed_manifest,109,1,gpu_host,GPU_to_HOST,302592,333224.03178666567,333258.5085866657
19,fixed_manifest,109,2,host_fpga_pcie,HOST_to_FPGA,302592,333258.5085866657,333382.7965866656
19,fixed_manifest,110,1,host_fpga_pcie,FPGA_to_HOST,302592,333715.54410666565,333839.83210666565
19,fixed_manifest,110,2,gpu_host,HOST_to_GPU,302592,333839.83210666565,333874.30890666565
20,fixed_manifest,9,1,gpu_host,GPU_to_HOST,302592,334956.0328533333,334990.5096533333
20,fixed_manifest,9,2,host_fpga_pcie,HOST_to_FPGA,302592,334990.5096533333,335114.7976533332
19,fixed_manifest,119,1,gpu_host,GPU_to_HOST,302592,335447.54517333326,335482.02197333326
20,fixed_manifest,10,1,host_fpga_pcie,FPGA_to_HOST,302592,335447.54517333326,335636.64437333326
19,fixed_manifest,119,2,host_fpga_pcie,HOST_to_FPGA,302592,335482.02197333326,335671.12117333326
20,fixed_manifest,10,2,gpu_host,HOST_to_GPU,302592,335636.64437333326,335671.12117333326
19,fixed_manifest,120,1,host_fpga_pcie,FPGA_to_HOST,302592,336003.86869333324,336128.15669333324
19,fixed_manifest,120,2,gpu_host,HOST_to_GPU,302592,336128.15669333324,336162.63349333324
20,fixed_manifest,19,1,gpu_host,GPU_to_HOST,302592,336550.59317333315,336585.06997333316
20,fixed_manifest,19,2,host_fpga_pcie,HOST_to_FPGA,302592,336585.06997333316,336709.3579733331
20,fixed_manifest,20,1,host_fpga_pcie,FPGA_to_HOST,302592,337042.10549333313,337166.39349333313
20,fixed_manifest,20,2,gpu_host,HOST_to_GPU,302592,337166.39349333313,337200.87029333314
20,fixed_manifest,29,1,gpu_host,GPU_to_HOST,302592,338032.82709333306,338067.30389333307
20,fixed_manifest,29,2,host_fpga_pcie,HOST_to_FPGA,302592,338067.30389333307,338191.591893333
20,fixed_manifest,30,1,host_fpga_pcie,FPGA_to_HOST,302592,338524.33941333304,338648.627413333
20,fixed_manifest,30,2,gpu_host,HOST_to_GPU,302592,338648.627413333,338683.10421333305
20,fixed_manifest,39,1,gpu_host,GPU_to_HOST,302592,339515.061013333,339549.537813333
20,fixed_manifest,39,2,host_fpga_pcie,HOST_to_FPGA,302592,339549.537813333,339673.8258133329
20,fixed_manifest,40,1,host_fpga_pcie,FPGA_to_HOST,302592,340006.57333333296,340130.8613333329
20,fixed_manifest,40,2,gpu_host,HOST_to_GPU,302592,340130.8613333329,340165.33813333296
20,fixed_manifest,49,1,gpu_host,GPU_to_HOST,302592,340997.2949333329,341031.7717333329
20,fixed_manifest,49,2,host_fpga_pcie,HOST_to_FPGA,302592,341031.7717333329,341156.05973333283
20,fixed_manifest,50,1,host_fpga_pcie,FPGA_to_HOST,302592,341488.80725333287,341613.0952533328
20,fixed_manifest,50,2,gpu_host,HOST_to_GPU,302592,341613.0952533328,341647.5720533329
20,fixed_manifest,59,1,gpu_host,GPU_to_HOST,302592,342479.5288533328,342514.0056533328
20,fixed_manifest,59,2,host_fpga_pcie,HOST_to_FPGA,302592,342514.0056533328,342638.29365333274
20,fixed_manifest,60,1,host_fpga_pcie,FPGA_to_HOST,302592,342971.0411733328,343095.3291733327
20,fixed_manifest,60,2,gpu_host,HOST_to_GPU,302592,343095.3291733327,343129.8059733328
20,fixed_manifest,69,1,gpu_host,GPU_to_HOST,302592,343961.76277333265,343996.2395733327
20,fixed_manifest,69,2,host_fpga_pcie,HOST_to_FPGA,302592,343996.2395733327,344120.52757333266
20,fixed_manifest,70,1,host_fpga_pcie,FPGA_to_HOST,302592,344453.2750933327,344577.56309333263
20,fixed_manifest,70,2,gpu_host,HOST_to_GPU,302592,344577.56309333263,344612.0398933327
20,fixed_manifest,79,1,gpu_host,GPU_to_HOST,302592,345443.99669333256,345478.4734933326
20,fixed_manifest,79,2,host_fpga_pcie,HOST_to_FPGA,302592,345478.4734933326,345602.76149333257
20,fixed_manifest,80,1,host_fpga_pcie,FPGA_to_HOST,302592,345935.5090133326,346059.79701333254
20,fixed_manifest,80,2,gpu_host,HOST_to_GPU,302592,346059.79701333254,346094.27381333255
20,fixed_manifest,89,1,gpu_host,GPU_to_HOST,302592,346926.2306133325,346960.70741333254
20,fixed_manifest,89,2,host_fpga_pcie,HOST_to_FPGA,302592,346960.70741333254,347084.9954133325
20,fixed_manifest,90,1,host_fpga_pcie,FPGA_to_HOST,302592,347417.7429333325,347542.03093333245
20,fixed_manifest,90,2,gpu_host,HOST_to_GPU,302592,347542.03093333245,347576.50773333246
20,fixed_manifest,99,1,gpu_host,GPU_to_HOST,302592,348408.4645333324,348442.94133333245
20,fixed_manifest,99,2,host_fpga_pcie,HOST_to_FPGA,302592,348442.94133333245,348567.2293333324
20,fixed_manifest,100,1,host_fpga_pcie,FPGA_to_HOST,302592,348899.9768533324,349024.26485333237
20,fixed_manifest,100,2,gpu_host,HOST_to_GPU,302592,349024.26485333237,349058.74165333237
20,fixed_manifest,109,1,gpu_host,GPU_to_HOST,302592,349890.6984533323,349925.17525333236
20,fixed_manifest,109,2,host_fpga_pcie,HOST_to_FPGA,302592,349925.17525333236,350049.4632533323
20,fixed_manifest,110,1,host_fpga_pcie,FPGA_to_HOST,302592,350382.21077333234,350506.4987733323
20,fixed_manifest,110,2,gpu_host,HOST_to_GPU,302592,350506.4987733323,350540.9755733323
21,fixed_manifest,9,1,gpu_host,GPU_to_HOST,302592,351622.69951999985,351657.17631999985
21,fixed_manifest,9,2,host_fpga_pcie,HOST_to_FPGA,302592,351657.17631999985,351781.46431999985
20,fixed_manifest,119,1,gpu_host,GPU_to_HOST,302592,352114.2118399998,352148.6886399999
21,fixed_manifest,10,1,host_fpga_pcie,FPGA_to_HOST,302592,352114.2118399998,352303.3110399998
20,fixed_manifest,119,2,host_fpga_pcie,HOST_to_FPGA,302592,352148.6886399999,352337.7878399999
21,fixed_manifest,10,2,gpu_host,HOST_to_GPU,302592,352303.3110399998,352337.7878399999
20,fixed_manifest,120,1,host_fpga_pcie,FPGA_to_HOST,302592,352670.53535999986,352794.82335999986
20,fixed_manifest,120,2,gpu_host,HOST_to_GPU,302592,352794.82335999986,352829.30015999987
21,fixed_manifest,19,1,gpu_host,GPU_to_HOST,302592,353217.2598399997,353251.7366399998
21,fixed_manifest,19,2,host_fpga_pcie,HOST_to_FPGA,302592,353251.7366399998,353376.0246399997
21,fixed_manifest,20,1,host_fpga_pcie,FPGA_to_HOST,302592,353708.77215999976,353833.0601599997
21,fixed_manifest,20,2,gpu_host,HOST_to_GPU,302592,353833.0601599997,353867.5369599997
21,fixed_manifest,29,1,gpu_host,GPU_to_HOST,302592,354699.49375999963,354733.9705599997
21,fixed_manifest,29,2,host_fpga_pcie,HOST_to_FPGA,302592,354733.9705599997,354858.25855999964
21,fixed_manifest,30,1,host_fpga_pcie,FPGA_to_HOST,302592,355191.0060799997,355315.2940799996
21,fixed_manifest,30,2,gpu_host,HOST_to_GPU,302592,355315.2940799996,355349.7708799996
21,fixed_manifest,39,1,gpu_host,GPU_to_HOST,302592,356181.72767999955,356216.20447999955
21,fixed_manifest,39,2,host_fpga_pcie,HOST_to_FPGA,302592,356216.20447999955,356340.49247999955
21,fixed_manifest,40,1,host_fpga_pcie,FPGA_to_HOST,302592,356673.2399999996,356797.5279999995
21,fixed_manifest,40,2,gpu_host,HOST_to_GPU,302592,356797.5279999995,356832.00479999953
21,fixed_manifest,49,1,gpu_host,GPU_to_HOST,302592,357663.96159999946,357698.43839999946
21,fixed_manifest,49,2,host_fpga_pcie,HOST_to_FPGA,302592,357698.43839999946,357822.72639999946
21,fixed_manifest,50,1,host_fpga_pcie,FPGA_to_HOST,302592,358155.4739199995,358279.76191999944
21,fixed_manifest,50,2,gpu_host,HOST_to_GPU,302592,358279.76191999944,358314.23871999944
21,fixed_manifest,59,1,gpu_host,GPU_to_HOST,302592,359146.19551999937,359180.6723199994
21,fixed_manifest,59,2,host_fpga_pcie,HOST_to_FPGA,302592,359180.6723199994,359304.9603199994
21,fixed_manifest,60,1,host_fpga_pcie,FPGA_to_HOST,302592,359637.70783999935,359761.99583999935
21,fixed_manifest,60,2,gpu_host,HOST_to_GPU,302592,359761.99583999935,359796.47263999935
21,fixed_manifest,69,1,gpu_host,GPU_to_HOST,302592,360628.4294399993,360662.9062399993
21,fixed_manifest,69,2,host_fpga_pcie,HOST_to_FPGA,302592,360662.9062399993,360787.1942399993
21,fixed_manifest,70,1,host_fpga_pcie,FPGA_to_HOST,302592,361119.94175999926,361244.22975999926
21,fixed_manifest,70,2,gpu_host,HOST_to_GPU,302592,361244.22975999926,361278.70655999926
21,fixed_manifest,79,1,gpu_host,GPU_to_HOST,302592,362110.6633599992,362145.1401599992
21,fixed_manifest,79,2,host_fpga_pcie,HOST_to_FPGA,302592,362145.1401599992,362269.4281599992
21,fixed_manifest,80,1,host_fpga_pcie,FPGA_to_HOST,302592,362602.17567999917,362726.4636799992
21,fixed_manifest,80,2,gpu_host,HOST_to_GPU,302592,362726.4636799992,362760.9404799992
21,fixed_manifest,89,1,gpu_host,GPU_to_HOST,302592,363592.8972799991,363627.3740799991
21,fixed_manifest,89,2,host_fpga_pcie,HOST_to_FPGA,302592,363627.3740799991,363751.6620799991
21,fixed_manifest,90,1,host_fpga_pcie,FPGA_to_HOST,302592,364084.4095999991,364208.6975999991
21,fixed_manifest,90,2,gpu_host,HOST_to_GPU,302592,364208.6975999991,364243.1743999991
21,fixed_manifest,99,1,gpu_host,GPU_to_HOST,302592,365075.131199999,365109.607999999
21,fixed_manifest,99,2,host_fpga_pcie,HOST_to_FPGA,302592,365109.607999999,365233.895999999
21,fixed_manifest,100,1,host_fpga_pcie,FPGA_to_HOST,302592,365566.643519999,365690.931519999
21,fixed_manifest,100,2,gpu_host,HOST_to_GPU,302592,365690.931519999,365725.408319999
21,fixed_manifest,109,1,gpu_host,GPU_to_HOST,302592,366557.3651199989,366591.84191999893
21,fixed_manifest,109,2,host_fpga_pcie,HOST_to_FPGA,302592,366591.84191999893,366716.12991999893
21,fixed_manifest,110,1,host_fpga_pcie,FPGA_to_HOST,302592,367048.8774399989,367173.1654399989
21,fixed_manifest,110,2,gpu_host,HOST_to_GPU,302592,367173.1654399989,367207.6422399989
22,fixed_manifest,9,1,gpu_host,GPU_to_HOST,302592,368289.3661866666,368323.8429866666
22,fixed_manifest,9,2,host_fpga_pcie,HOST_to_FPGA,302592,368323.8429866666,368448.13098666654
21,fixed_manifest,119,1,gpu_host,GPU_to_HOST,302592,368780.8785066666,368815.3553066666
22,fixed_manifest,10,1,host_fpga_pcie,FPGA_to_HOST,302592,368780.8785066666,368969.97770666657
21,fixed_manifest,119,2,host_fpga_pcie,HOST_to_FPGA,302592,368815.3553066666,369004.4545066666
22,fixed_manifest,10,2,gpu_host,HOST_to_GPU,302592,368969.97770666657,369004.4545066666
21,fixed_manifest,120,1,host_fpga_pcie,FPGA_to_HOST,302592,369337.2020266666,369461.49002666655
21,fixed_manifest,120,2,gpu_host,HOST_to_GPU,302592,369461.49002666655,369495.96682666655
22,fixed_manifest,19,1,gpu_host,GPU_to_HOST,302592,369883.92650666647,369918.40330666647
22,fixed_manifest,19,2,host_fpga_pcie,HOST_to_FPGA,302592,369918.40330666647,370042.6913066665
22,fixed_manifest,20,1,host_fpga_pcie,FPGA_to_HOST,302592,370375.43882666645,370499.72682666645
22,fixed_manifest,20,2,gpu_host,HOST_to_GPU,302592,370499.72682666645,370534.20362666645
22,fixed_manifest,29,1,gpu_host,GPU_to_HOST,302592,371366.1604266664,371400.6372266664
22,fixed_manifest,29,2,host_fpga_pcie,HOST_to_FPGA,302592,371400.6372266664,371524.9252266664
22,fixed_manifest,30,1,host_fpga_pcie,FPGA_to_HOST,302592,371857.67274666636,371981.96074666636
22,fixed_manifest,30,2,gpu_host,HOST_to_GPU,302592,371981.96074666636,372016.43754666636
22,fixed_manifest,39,1,gpu_host,GPU_to_HOST,302592,372848.3943466663,372882.8711466663
22,fixed_manifest,39,2,host_fpga_pcie,HOST_to_FPGA,302592,372882.8711466663,373007.1591466663
22,fixed_manifest,40,1,host_fpga_pcie,FPGA_to_HOST,302592,373339.90666666627,373464.19466666627
22,fixed_manifest,40,2,gpu_host,HOST_to_GPU,302592,373464.19466666627,373498.6714666663
22,fixed_manifest,49,1,gpu_host,GPU_to_HOST,302592,374330.6282666662,374365.1050666662
22,fixed_manifest,49,2,host_fpga_pcie,HOST_to_FPGA,302592,374365.1050666662,374489.3930666662
22,fixed_manifest,50,1,host_fpga_pcie,FPGA_to_HOST,302592,374822.1405866662,374946.4285866662
22,fixed_manifest,50,2,gpu_host,HOST_to_GPU,302592,374946.4285866662,374980.9053866662
22,fixed_manifest,59,1,gpu_host,GPU_to_HOST,302592,375812.8621866661,375847.3389866661
22,fixed_manifest,59,2,host_fpga_pcie,HOST_to_FPGA,302592,375847.3389866661,375971.62698666606
22,fixed_manifest,60,1,host_fpga_pcie,FPGA_to_HOST,302592,376304.3745066661,376428.6625066661
22,fixed_manifest,60,2,gpu_host,HOST_to_GPU,302592,376428.6625066661,376463.1393066661
22,fixed_manifest,69,1,gpu_host,GPU_to_HOST,302592,377295.096106666,377329.572906666
22,fixed_manifest,69,2,host_fpga_pcie,HOST_to_FPGA,302592,377329.572906666,377453.86090666597
22,fixed_manifest,70,1,host_fpga_pcie,FPGA_to_HOST,302592,377786.608426666,377910.896426666
22,fixed_manifest,70,2,gpu_host,HOST_to_GPU,302592,377910.896426666,377945.373226666
22,fixed_manifest,79,1,gpu_host,GPU_to_HOST,302592,378777.33002666594,378811.80682666594
22,fixed_manifest,79,2,host_fpga_pcie,HOST_to_FPGA,302592,378811.80682666594,378936.0948266659
22,fixed_manifest,80,1,host_fpga_pcie,FPGA_to_HOST,302592,379268.8423466659,379393.13034666586
22,fixed_manifest,80,2,gpu_host,HOST_to_GPU,302592,379393.13034666586,379427.6071466659
22,fixed_manifest,89,1,gpu_host,GPU_to_HOST,302592,380259.56394666585,380294.04074666585
22,fixed_manifest,89,2,host_fpga_pcie,HOST_to_FPGA,302592,380294.04074666585,380418.3287466658
22,fixed_manifest,90,1,host_fpga_pcie,FPGA_to_HOST,302592,380751.0762666658,380875.36426666577
22,fixed_manifest,90,2,gpu_host,HOST_to_GPU,302592,380875.36426666577,380909.84106666583
22,fixed_manifest,99,1,gpu_host,GPU_to_HOST,302592,381741.79786666576,381776.27466666576
22,fixed_manifest,99,2,host_fpga_pcie,HOST_to_FPGA,302592,381776.27466666576,381900.5626666657
22,fixed_manifest,100,1,host_fpga_pcie,FPGA_to_HOST,302592,382233.31018666574,382357.5981866657
22,fixed_manifest,100,2,gpu_host,HOST_to_GPU,302592,382357.5981866657,382392.07498666574
22,fixed_manifest,109,1,gpu_host,GPU_to_HOST,302592,383224.03178666567,383258.5085866657
22,fixed_manifest,109,2,host_fpga_pcie,HOST_to_FPGA,302592,383258.5085866657,383382.7965866656
22,fixed_manifest,110,1,host_fpga_pcie,FPGA_to_HOST,302592,383715.54410666565,383839.8321066656
22,fixed_manifest,110,2,gpu_host,HOST_to_GPU,302592,383839.8321066656,383874.30890666565
23,fixed_manifest,9,1,gpu_host,GPU_to_HOST,302592,384956.0328533332,384990.5096533333
23,fixed_manifest,9,2,host_fpga_pcie,HOST_to_FPGA,302592,384990.5096533333,385114.7976533332
22,fixed_manifest,119,1,gpu_host,GPU_to_HOST,302592,385447.54517333326,385482.02197333326
23,fixed_manifest,10,1,host_fpga_pcie,FPGA_to_HOST,302592,385447.54517333326,385636.6443733332
22,fixed_manifest,119,2,host_fpga_pcie,HOST_to_FPGA,302592,385482.02197333326,385671.12117333326
23,fixed_manifest,10,2,gpu_host,HOST_to_GPU,302592,385636.6443733332,385671.12117333326
22,fixed_manifest,120,1,host_fpga_pcie,FPGA_to_HOST,302592,386003.86869333324,386128.15669333324
22,fixed_manifest,120,2,gpu_host,HOST_to_GPU,302592,386128.15669333324,386162.63349333324
23,fixed_manifest,19,1,gpu_host,GPU_to_HOST,302592,386550.5931733331,386585.06997333316
23,fixed_manifest,19,2,host_fpga_pcie,HOST_to_FPGA,302592,386585.06997333316,386709.3579733331
23,fixed_manifest,20,1,host_fpga_pcie,FPGA_to_HOST,302592,387042.10549333313,387166.3934933331
23,fixed_manifest,20,2,gpu_host,HOST_to_GPU,302592,387166.3934933331,387200.87029333314
23,fixed_manifest,29,1,gpu_host,GPU_to_HOST,302592,388032.827093333,388067.30389333307
23,fixed_manifest,29,2,host_fpga_pcie,HOST_to_FPGA,302592,388067.30389333307,388191.591893333
23,fixed_manifest,30,1,host_fpga_pcie,FPGA_to_HOST,302592,388524.33941333304,388648.627413333
23,fixed_manifest,30,2,gpu_host,HOST_to_GPU,302592,388648.627413333,388683.10421333305
23,fixed_manifest,39,1,gpu_host,GPU_to_HOST,302592,389515.0610133329,389549.537813333
23,fixed_manifest,39,2,host_fpga_pcie,HOST_to_FPGA,302592,389549.537813333,389673.8258133329
23,fixed_manifest,40,1,host_fpga_pcie,FPGA_to_HOST,302592,390006.57333333296,390130.8613333329
23,fixed_manifest,40,2,gpu_host,HOST_to_GPU,302592,390130.8613333329,390165.3381333329
23,fixed_manifest,49,1,gpu_host,GPU_to_HOST,302592,390997.2949333328,391031.7717333329
23,fixed_manifest,49,2,host_fpga_pcie,HOST_to_FPGA,302592,391031.7717333329,391156.05973333283
23,fixed_manifest,50,1,host_fpga_pcie,FPGA_to_HOST,302592,391488.80725333287,391613.0952533328
23,fixed_manifest,50,2,gpu_host,HOST_to_GPU,302592,391613.0952533328,391647.5720533328
23,fixed_manifest,59,1,gpu_host,GPU_to_HOST,302592,392479.52885333274,392514.0056533328
23,fixed_manifest,59,2,host_fpga_pcie,HOST_to_FPGA,302592,392514.0056533328,392638.29365333274
23,fixed_manifest,60,1,host_fpga_pcie,FPGA_to_HOST,302592,392971.0411733328,393095.3291733327
23,fixed_manifest,60,2,gpu_host,HOST_to_GPU,302592,393095.3291733327,393129.8059733327
23,fixed_manifest,69,1,gpu_host,GPU_to_HOST,302592,393961.76277333265,393996.2395733327
23,fixed_manifest,69,2,host_fpga_pcie,HOST_to_FPGA,302592,393996.2395733327,394120.52757333266
23,fixed_manifest,70,1,host_fpga_pcie,FPGA_to_HOST,302592,394453.2750933327,394577.56309333263
23,fixed_manifest,70,2,gpu_host,HOST_to_GPU,302592,394577.56309333263,394612.03989333264
23,fixed_manifest,79,1,gpu_host,GPU_to_HOST,302592,395443.99669333256,395478.47349333257
23,fixed_manifest,79,2,host_fpga_pcie,HOST_to_FPGA,302592,395478.47349333257,395602.76149333257
23,fixed_manifest,80,1,host_fpga_pcie,FPGA_to_HOST,302592,395935.5090133326,396059.79701333254
23,fixed_manifest,80,2,gpu_host,HOST_to_GPU,302592,396059.79701333254,396094.27381333255
23,fixed_manifest,89,1,gpu_host,GPU_to_HOST,302592,396926.2306133325,396960.7074133325
23,fixed_manifest,89,2,host_fpga_pcie,HOST_to_FPGA,302592,396960.7074133325,397084.9954133325
23,fixed_manifest,90,1,host_fpga_pcie,FPGA_to_HOST,302592,397417.7429333325,397542.03093333245
23,fixed_manifest,90,2,gpu_host,HOST_to_GPU,302592,397542.03093333245,397576.50773333246
23,fixed_manifest,99,1,gpu_host,GPU_to_HOST,302592,398408.4645333324,398442.9413333324
23,fixed_manifest,99,2,host_fpga_pcie,HOST_to_FPGA,302592,398442.9413333324,398567.2293333324
23,fixed_manifest,100,1,host_fpga_pcie,FPGA_to_HOST,302592,398899.97685333237,399024.26485333237
23,fixed_manifest,100,2,gpu_host,HOST_to_GPU,302592,399024.26485333237,399058.74165333237
23,fixed_manifest,109,1,gpu_host,GPU_to_HOST,302592,399890.6984533323,399925.1752533323
23,fixed_manifest,109,2,host_fpga_pcie,HOST_to_FPGA,302592,399925.1752533323,400049.4632533323
23,fixed_manifest,110,1,host_fpga_pcie,FPGA_to_HOST,302592,400382.2107733323,400506.4987733323
23,fixed_manifest,110,2,gpu_host,HOST_to_GPU,302592,400506.4987733323,400540.9755733323
24,fixed_manifest,9,1,gpu_host,GPU_to_HOST,302592,401622.6995199999,401657.1763199999
24,fixed_manifest,9,2,host_fpga_pcie,HOST_to_FPGA,302592,401657.1763199999,401781.4643199999
23,fixed_manifest,119,1,gpu_host,GPU_to_HOST,302592,402114.2118399999,402148.6886399999
24,fixed_manifest,10,1,host_fpga_pcie,FPGA_to_HOST,302592,402114.2118399999,402303.3110399999
23,fixed_manifest,119,2,host_fpga_pcie,HOST_to_FPGA,302592,402148.6886399999,402337.7878399999
24,fixed_manifest,10,2,gpu_host,HOST_to_GPU,302592,402303.3110399999,402337.7878399999
23,fixed_manifest,120,1,host_fpga_pcie,FPGA_to_HOST,302592,402670.5353599999,402794.82335999986
23,fixed_manifest,120,2,gpu_host,HOST_to_GPU,302592,402794.82335999986,402829.3001599999
24,fixed_manifest,19,1,gpu_host,GPU_to_HOST,302592,403217.2598399998,403251.7366399998
24,fixed_manifest,19,2,host_fpga_pcie,HOST_to_FPGA,302592,403251.7366399998,403376.0246399998
24,fixed_manifest,20,1,host_fpga_pcie,FPGA_to_HOST,302592,403708.77215999976,403833.06015999976
24,fixed_manifest,20,2,gpu_host,HOST_to_GPU,302592,403833.06015999976,403867.53695999976
24,fixed_manifest,29,1,gpu_host,GPU_to_HOST,302592,404699.4937599997,404733.9705599997
24,fixed_manifest,29,2,host_fpga_pcie,HOST_to_FPGA,302592,404733.9705599997,404858.2585599997
24,fixed_manifest,30,1,host_fpga_pcie,FPGA_to_HOST,302592,405191.0060799997,405315.2940799997
24,fixed_manifest,30,2,gpu_host,HOST_to_GPU,302592,405315.2940799997,405349.7708799997
24,fixed_manifest,39,1,gpu_host,GPU_to_HOST,302592,406181.7276799996,406216.2044799996
24,fixed_manifest,39,2,host_fpga_pcie,HOST_to_FPGA,302592,406216.2044799996,406340.4924799996
24,fixed_manifest,40,1,host_fpga_pcie,FPGA_to_HOST,302592,406673.2399999996,406797.5279999996
24,fixed_manifest,40,2,gpu_host,HOST_to_GPU,302592,406797.5279999996,406832.0047999996
24,fixed_manifest,49,1,gpu_host,GPU_to_HOST,302592,407663.9615999995,407698.4383999995
24,fixed_manifest,49,2,host_fpga_pcie,HOST_to_FPGA,302592,407698.4383999995,407822.7263999995
24,fixed_manifest,50,1,host_fpga_pcie,FPGA_to_HOST,302592,408155.4739199995,408279.7619199995
24,fixed_manifest,50,2,gpu_host,HOST_to_GPU,302592,408279.7619199995,408314.2387199995
24,fixed_manifest,59,1,gpu_host,GPU_to_HOST,302592,409146.1955199994,409180.67231999943
24,fixed_manifest,59,2,host_fpga_pcie,HOST_to_FPGA,302592,409180.67231999943,409304.96031999943
24,fixed_manifest,60,1,host_fpga_pcie,FPGA_to_HOST,302592,409637.7078399994,409761.9958399994
24,fixed_manifest,60,2,gpu_host,HOST_to_GPU,302592,409761.9958399994,409796.4726399994
24,fixed_manifest,69,1,gpu_host,GPU_to_HOST,302592,410628.42943999934,410662.90623999934
24,fixed_manifest,69,2,host_fpga_pcie,HOST_to_FPGA,302592,410662.90623999934,410787.19423999934
24,fixed_manifest,70,1,host_fpga_pcie,FPGA_to_HOST,302592,411119.9417599993,411244.2297599993
24,fixed_manifest,70,2,gpu_host,HOST_to_GPU,302592,411244.2297599993,411278.7065599993
24,fixed_manifest,79,1,gpu_host,GPU_to_HOST,302592,412110.66335999925,412145.14015999925
24,fixed_manifest,79,2,host_fpga_pcie,HOST_to_FPGA,302592,412145.14015999925,412269.42815999925
24,fixed_manifest,80,1,host_fpga_pcie,FPGA_to_HOST,302592,412602.1756799992,412726.46367999923
24,fixed_manifest,80,2,gpu_host,HOST_to_GPU,302592,412726.46367999923,412760.94047999923
24,fixed_manifest,89,1,gpu_host,GPU_to_HOST,302592,413592.89727999916,413627.37407999916
24,fixed_manifest,89,2,host_fpga_pcie,HOST_to_FPGA,302592,413627.37407999916,413751.66207999917
24,fixed_manifest,90,1,host_fpga_pcie,FPGA_to_HOST,302592,414084.40959999914,414208.69759999914
24,fixed_manifest,90,2,gpu_host,HOST_to_GPU,302592,414208.69759999914,414243.17439999914
24,fixed_manifest,99,1,gpu_host,GPU_to_HOST,302592,415075.1311999991,415109.6079999991
24,fixed_manifest,99,2,host_fpga_pcie,HOST_to_FPGA,302592,415109.6079999991,415233.8959999991
24,fixed_manifest,100,1,host_fpga_pcie,FPGA_to_HOST,302592,415566.64351999905,415690.93151999905
24,fixed_manifest,100,2,gpu_host,HOST_to_GPU,302592,415690.93151999905,415725.40831999906
24,fixed_manifest,109,1,gpu_host,GPU_to_HOST,302592,416557.365119999,416591.841919999
24,fixed_manifest,109,2,host_fpga_pcie,HOST_to_FPGA,302592,416591.841919999,416716.12991999893
24,fixed_manifest,110,1,host_fpga_pcie,FPGA_to_HOST,302592,417048.87743999896,417173.16543999896
24,fixed_manifest,110,2,gpu_host,HOST_to_GPU,302592,417173.16543999896,417207.64223999897
25,fixed_manifest,9,1,gpu_host,GPU_to_HOST,302592,418289.3661866666,418323.8429866666
25,fixed_manifest,9,2,host_fpga_pcie,HOST_to_FPGA,302592,418323.8429866666,418448.13098666654
24,fixed_manifest,119,1,gpu_host,GPU_to_HOST,302592,418780.8785066666,418815.3553066666
25,fixed_manifest,10,1,host_fpga_pcie,FPGA_to_HOST,302592,418780.8785066666,418969.97770666657
24,fixed_manifest,119,2,host_fpga_pcie,HOST_to_FPGA,302592,418815.3553066666,419004.4545066666
25,fixed_manifest,10,2,gpu_host,HOST_to_GPU,302592,418969.97770666657,419004.4545066666
24,fixed_manifest,120,1,host_fpga_pcie,FPGA_to_HOST,302592,419337.20202666655,419461.49002666655
24,fixed_manifest,120,2,gpu_host,HOST_to_GPU,302592,419461.49002666655,419495.96682666655
25,fixed_manifest,19,1,gpu_host,GPU_to_HOST,302592,419883.92650666647,419918.40330666647
25,fixed_manifest,19,2,host_fpga_pcie,HOST_to_FPGA,302592,419918.40330666647,420042.6913066664
25,fixed_manifest,20,1,host_fpga_pcie,FPGA_to_HOST,302592,420375.43882666645,420499.72682666645
25,fixed_manifest,20,2,gpu_host,HOST_to_GPU,302592,420499.72682666645,420534.20362666645
25,fixed_manifest,29,1,gpu_host,GPU_to_HOST,302592,421366.1604266664,421400.6372266664
25,fixed_manifest,29,2,host_fpga_pcie,HOST_to_FPGA,302592,421400.6372266664,421524.9252266663
25,fixed_manifest,30,1,host_fpga_pcie,FPGA_to_HOST,302592,421857.67274666636,421981.9607466663
25,fixed_manifest,30,2,gpu_host,HOST_to_GPU,302592,421981.9607466663,422016.43754666636
25,fixed_manifest,39,1,gpu_host,GPU_to_HOST,302592,422848.3943466663,422882.8711466663
25,fixed_manifest,39,2,host_fpga_pcie,HOST_to_FPGA,302592,422882.8711466663,423007.15914666624
25,fixed_manifest,40,1,host_fpga_pcie,FPGA_to_HOST,302592,423339.90666666627,423464.1946666662
25,fixed_manifest,40,2,gpu_host,HOST_to_GPU,302592,423464.1946666662,423498.6714666663
25,fixed_manifest,49,1,gpu_host,GPU_to_HOST,302592,424330.6282666662,424365.1050666662
25,fixed_manifest,49,2,host_fpga_pcie,HOST_to_FPGA,302592,424365.1050666662,424489.39306666615
25,fixed_manifest,50,1,host_fpga_pcie,FPGA_to_HOST,302592,424822.1405866662,424946.4285866661
25,fixed_manifest,50,2,gpu_host,HOST_to_GPU,302592,424946.4285866661,424980.9053866662
25,fixed_manifest,59,1,gpu_host,GPU_to_HOST,302592,425812.8621866661,425847.3389866661
25,fixed_manifest,59,2,host_fpga_pcie,HOST_to_FPGA,302592,425847.3389866661,425971.62698666606
25,fixed_manifest,60,1,host_fpga_pcie,FPGA_to_HOST,302592,426304.3745066661,426428.66250666603
25,fixed_manifest,60,2,gpu_host,HOST_to_GPU,302592,426428.66250666603,426463.1393066661
25,fixed_manifest,69,1,gpu_host,GPU_to_HOST,302592,427295.09610666597,427329.572906666
25,fixed_manifest,69,2,host_fpga_pcie,HOST_to_FPGA,302592,427329.572906666,427453.86090666597
25,fixed_manifest,70,1,host_fpga_pcie,FPGA_to_HOST,302592,427786.608426666,427910.89642666595
25,fixed_manifest,70,2,gpu_host,HOST_to_GPU,302592,427910.89642666595,427945.373226666
25,fixed_manifest,79,1,gpu_host,GPU_to_HOST,302592,428777.3300266659,428811.80682666594
25,fixed_manifest,79,2,host_fpga_pcie,HOST_to_FPGA,302592,428811.80682666594,428936.0948266659
25,fixed_manifest,80,1,host_fpga_pcie,FPGA_to_HOST,302592,429268.8423466659,429393.13034666586
25,fixed_manifest,80,2,gpu_host,HOST_to_GPU,302592,429393.13034666586,429427.6071466659
25,fixed_manifest,89,1,gpu_host,GPU_to_HOST,302592,430259.5639466658,430294.04074666585
25,fixed_manifest,89,2,host_fpga_pcie,HOST_to_FPGA,302592,430294.04074666585,430418.3287466658
25,fixed_manifest,90,1,host_fpga_pcie,FPGA_to_HOST,302592,430751.0762666658,430875.36426666577
25,fixed_manifest,90,2,gpu_host,HOST_to_GPU,302592,430875.36426666577,430909.8410666658
25,fixed_manifest,99,1,gpu_host,GPU_to_HOST,302592,431741.7978666657,431776.27466666576
25,fixed_manifest,99,2,host_fpga_pcie,HOST_to_FPGA,302592,431776.27466666576,431900.5626666657
25,fixed_manifest,100,1,host_fpga_pcie,FPGA_to_HOST,302592,432233.31018666574,432357.5981866657
25,fixed_manifest,100,2,gpu_host,HOST_to_GPU,302592,432357.5981866657,432392.0749866657
25,fixed_manifest,109,1,gpu_host,GPU_to_HOST,302592,433224.0317866656,433258.5085866657
25,fixed_manifest,109,2,host_fpga_pcie,HOST_to_FPGA,302592,433258.5085866657,433382.7965866656
25,fixed_manifest,110,1,host_fpga_pcie,FPGA_to_HOST,302592,433715.54410666565,433839.8321066656
25,fixed_manifest,110,2,gpu_host,HOST_to_GPU,302592,433839.8321066656,433874.3089066656
26,fixed_manifest,9,1,gpu_host,GPU_to_HOST,302592,434956.0328533332,434990.5096533332
26,fixed_manifest,9,2,host_fpga_pcie,HOST_to_FPGA,302592,434990.5096533332,435114.7976533332
25,fixed_manifest,119,1,gpu_host,GPU_to_HOST,302592,435447.5451733332,435482.02197333326
26,fixed_manifest,10,1,host_fpga_pcie,FPGA_to_HOST,302592,435447.5451733332,435636.6443733332
25,fixed_manifest,119,2,host_fpga_pcie,HOST_to_FPGA,302592,435482.02197333326,435671.12117333326
26,fixed_manifest,10,2,gpu_host,HOST_to_GPU,302592,435636.6443733332,435671.12117333326
25,fixed_manifest,120,1,host_fpga_pcie,FPGA_to_HOST,302592,436003.86869333324,436128.15669333324
25,fixed_manifest,120,2,gpu_host,HOST_to_GPU,302592,436128.15669333324,436162.63349333324
26,fixed_manifest,19,1,gpu_host,GPU_to_HOST,302592,436550.5931733331,436585.06997333316
26,fixed_manifest,19,2,host_fpga_pcie,HOST_to_FPGA,302592,436585.06997333316,436709.3579733331
26,fixed_manifest,20,1,host_fpga_pcie,FPGA_to_HOST,302592,437042.10549333313,437166.3934933331
26,fixed_manifest,20,2,gpu_host,HOST_to_GPU,302592,437166.3934933331,437200.8702933331
26,fixed_manifest,29,1,gpu_host,GPU_to_HOST,302592,438032.827093333,438067.303893333
26,fixed_manifest,29,2,host_fpga_pcie,HOST_to_FPGA,302592,438067.303893333,438191.591893333
26,fixed_manifest,30,1,host_fpga_pcie,FPGA_to_HOST,302592,438524.33941333304,438648.627413333
26,fixed_manifest,30,2,gpu_host,HOST_to_GPU,302592,438648.627413333,438683.104213333
26,fixed_manifest,39,1,gpu_host,GPU_to_HOST,302592,439515.0610133329,439549.5378133329
26,fixed_manifest,39,2,host_fpga_pcie,HOST_to_FPGA,302592,439549.5378133329,439673.8258133329
26,fixed_manifest,40,1,host_fpga_pcie,FPGA_to_HOST,302592,440006.57333333296,440130.8613333329
26,fixed_manifest,40,2,gpu_host,HOST_to_GPU,302592,440130.8613333329,440165.3381333329
26,fixed_manifest,49,1,gpu_host,GPU_to_HOST,302592,440997.2949333328,441031.77173333283
26,fixed_manifest,49,2,host_fpga_pcie,HOST_to_FPGA,302592,441031.77173333283,441156.05973333283
26,fixed_manifest,50,1,host_fpga_pcie,FPGA_to_HOST,302592,441488.80725333287,441613.0952533328
26,fixed_manifest,50,2,gpu_host,HOST_to_GPU,302592,441613.0952533328,441647.5720533328
26,fixed_manifest,59,1,gpu_host,GPU_to_HOST,302592,442479.52885333274,442514.00565333274
26,fixed_manifest,59,2,host_fpga_pcie,HOST_to_FPGA,302592,442514.00565333274,442638.29365333274
26,fixed_manifest,60,1,host_fpga_pcie,FPGA_to_HOST,302592,442971.0411733327,443095.3291733327
26,fixed_manifest,60,2,gpu_host,HOST_to_GPU,302592,443095.3291733327,443129.8059733327
26,fixed_manifest,69,1,gpu_host,GPU_to_HOST,302592,443961.76277333265,443996.23957333266
26,fixed_manifest,69,2,host_fpga_pcie,HOST_to_FPGA,302592,443996.23957333266,444120.52757333266
26,fixed_manifest,70,1,host_fpga_pcie,FPGA_to_HOST,302592,444453.27509333263,444577.56309333263
26,fixed_manifest,70,2,gpu_host,HOST_to_GPU,302592,444577.56309333263,444612.03989333264
26,fixed_manifest,79,1,gpu_host,GPU_to_HOST,302592,445443.99669333256,445478.47349333257
26,fixed_manifest,79,2,host_fpga_pcie,HOST_to_FPGA,302592,445478.47349333257,445602.76149333257
26,fixed_manifest,80,1,host_fpga_pcie,FPGA_to_HOST,302592,445935.50901333254,446059.79701333254
26,fixed_manifest,80,2,gpu_host,HOST_to_GPU,302592,446059.79701333254,446094.27381333255
26,fixed_manifest,89,1,gpu_host,GPU_to_HOST,302592,446926.2306133325,446960.7074133325
26,fixed_manifest,89,2,host_fpga_pcie,HOST_to_FPGA,302592,446960.7074133325,447084.9954133325
26,fixed_manifest,90,1,host_fpga_pcie,FPGA_to_HOST,302592,447417.74293333245,447542.03093333245
26,fixed_manifest,90,2,gpu_host,HOST_to_GPU,302592,447542.03093333245,447576.50773333246
26,fixed_manifest,99,1,gpu_host,GPU_to_HOST,302592,448408.4645333324,448442.9413333324
26,fixed_manifest,99,2,host_fpga_pcie,HOST_to_FPGA,302592,448442.9413333324,448567.2293333324
26,fixed_manifest,100,1,host_fpga_pcie,FPGA_to_HOST,302592,448899.97685333237,449024.26485333237
26,fixed_manifest,100,2,gpu_host,HOST_to_GPU,302592,449024.26485333237,449058.74165333237
26,fixed_manifest,109,1,gpu_host,GPU_to_HOST,302592,449890.6984533323,449925.1752533323
26,fixed_manifest,109,2,host_fpga_pcie,HOST_to_FPGA,302592,449925.1752533323,450049.4632533323
26,fixed_manifest,110,1,host_fpga_pcie,FPGA_to_HOST,302592,450382.2107733323,450506.4987733323
26,fixed_manifest,110,2,gpu_host,HOST_to_GPU,302592,450506.4987733323,450540.9755733323
27,fixed_manifest,9,1,gpu_host,GPU_to_HOST,302592,451622.69951999997,451657.17631999997
27,fixed_manifest,9,2,host_fpga_pcie,HOST_to_FPGA,302592,451657.17631999997,451781.4643199999
26,fixed_manifest,119,1,gpu_host,GPU_to_HOST,302592,452114.21183999995,452148.68863999995
27,fixed_manifest,10,1,host_fpga_pcie,FPGA_to_HOST,302592,452114.21183999995,452303.31103999994
26,fixed_manifest,119,2,host_fpga_pcie,HOST_to_FPGA,302592,452148.68863999995,452337.78783999995
27,fixed_manifest,10,2,gpu_host,HOST_to_GPU,302592,452303.31103999994,452337.78783999995
26,fixed_manifest,120,1,host_fpga_pcie,FPGA_to_HOST,302592,452670.53536,452794.8233599999
26,fixed_manifest,120,2,gpu_host,HOST_to_GPU,302592,452794.8233599999,452829.3001599999
27,fixed_manifest,19,1,gpu_host,GPU_to_HOST,302592,453217.25983999984,453251.73663999984
27,fixed_manifest,19,2,host_fpga_pcie,HOST_to_FPGA,302592,453251.73663999984,453376.02463999984
27,fixed_manifest,20,1,host_fpga_pcie,FPGA_to_HOST,302592,453708.7721599998,453833.0601599998
27,fixed_manifest,20,2,gpu_host,HOST_to_GPU,302592,453833.0601599998,453867.5369599998
27,fixed_manifest,29,1,gpu_host,GPU_to_HOST,302592,454699.49375999975,454733.97055999975
27,fixed_manifest,29,2,host_fpga_pcie,HOST_to_FPGA,302592,454733.97055999975,454858.25855999975
27,fixed_manifest,30,1,host_fpga_pcie,FPGA_to_HOST,302592,455191.00607999973,455315.29407999973
27,fixed_manifest,30,2,gpu_host,HOST_to_GPU,302592,455315.29407999973,455349.77087999973
27,fixed_manifest,39,1,gpu_host,GPU_to_HOST,302592,456181.72767999966,456216.20447999967
27,fixed_manifest,39,2,host_fpga_pcie,HOST_to_FPGA,302592,456216.20447999967,456340.49247999967
27,fixed_manifest,40,1,host_fpga_pcie,FPGA_to_HOST,302592,456673.23999999964,456797.52799999964
27,fixed_manifest,40,2,gpu_host,HOST_to_GPU,302592,456797.52799999964,456832.00479999965
27,fixed_manifest,49,1,gpu_host,GPU_to_HOST,302592,457663.9615999996,457698.4383999996
27,fixed_manifest,49,2,host_fpga_pcie,HOST_to_FPGA,302592,457698.4383999996,457822.7263999995
27,fixed_manifest,50,1,host_fpga_pcie,FPGA_to_HOST,302592,458155.47391999955,458279.76191999955
27,fixed_manifest,50,2,gpu_host,HOST_to_GPU,302592,458279.76191999955,458314.23871999956
27,fixed_manifest,59,1,gpu_host,GPU_to_HOST,302592,459146.1955199995,459180.6723199995
27,fixed_manifest,59,2,host_fpga_pcie,HOST_to_FPGA,302592,459180.6723199995,459304.96031999943
27,fixed_manifest,60,1,host_fpga_pcie,FPGA_to_HOST,302592,459637.70783999946,459761.99583999946
27,fixed_manifest,60,2,gpu_host,HOST_to_GPU,302592,459761.99583999946,459796.47263999947
27,fixed_manifest,69,1,gpu_host,GPU_to_HOST,302592,460628.4294399994,460662.9062399994
27,fixed_manifest,69,2,host_fpga_pcie,HOST_to_FPGA,302592,460662.9062399994,460787.19423999934
27,fixed_manifest,70,1,host_fpga_pcie,FPGA_to_HOST,302592,461119.9417599994,461244.2297599993
27,fixed_manifest,70,2,gpu_host,HOST_to_GPU,302592,461244.2297599993,461278.7065599994
27,fixed_manifest,79,1,gpu_host,GPU_to_HOST,302592,462110.6633599993,462145.1401599993
27,fixed_manifest,79,2,host_fpga_pcie,HOST_to_FPGA,302592,462145.1401599993,462269.42815999925
27,fixed_manifest,80,1,host_fpga_pcie,FPGA_to_HOST,302592,462602.1756799993,462726.46367999923
27,fixed_manifest,80,2,gpu_host,HOST_to_GPU,302592,462726.46367999923,462760.9404799993
27,fixed_manifest,89,1,gpu_host,GPU_to_HOST,302592,463592.8972799992,463627.3740799992
27,fixed_manifest,89,2,host_fpga_pcie,HOST_to_FPGA,302592,463627.3740799992,463751.66207999917
27,fixed_manifest,90,1,host_fpga_pcie,FPGA_to_HOST,302592,464084.4095999992,464208.69759999914
27,fixed_manifest,90,2,gpu_host,HOST_to_GPU,302592,464208.69759999914,464243.1743999992
27,fixed_manifest,99,1,gpu_host,GPU_to_HOST,302592,465075.13119999913,465109.60799999913
27,fixed_manifest,99,2,host_fpga_pcie,HOST_to_FPGA,302592,465109.60799999913,465233.8959999991
27,fixed_manifest,100,1,host_fpga_pcie,FPGA_to_HOST,302592,465566.6435199991,465690.93151999905
27,fixed_manifest,100,2,gpu_host,HOST_to_GPU,302592,465690.93151999905,465725.4083199991
27,fixed_manifest,109,1,gpu_host,GPU_to_HOST,302592,466557.365119999,466591.84191999905
27,fixed_manifest,109,2,host_fpga_pcie,HOST_to_FPGA,302592,466591.84191999905,466716.129919999
27,fixed_manifest,110,1,host_fpga_pcie,FPGA_to_HOST,302592,467048.877439999,467173.16543999896
27,fixed_manifest,110,2,gpu_host,HOST_to_GPU,302592,467173.16543999896,467207.642239999
28,fixed_manifest,9,1,gpu_host,GPU_to_HOST,302592,468289.36618666654,468323.8429866666
28,fixed_manifest,9,2,host_fpga_pcie,HOST_to_FPGA,302592,468323.8429866666,468448.13098666654
27,fixed_manifest,119,1,gpu_host,GPU_to_HOST,302592,468780.8785066666,468815.3553066666
28,fixed_manifest,10,1,host_fpga_pcie,FPGA_to_HOST,302592,468780.8785066666,468969.9777066665
27,fixed_manifest,119,2,host_fpga_pcie,HOST_to_FPGA,302592,468815.3553066666,469004.4545066666
28,fixed_manifest,10,2,gpu_host,HOST_to_GPU,302592,468969.9777066665,469004.4545066666
27,fixed_manifest,120,1,host_fpga_pcie,FPGA_to_HOST,302592,469337.20202666655,469461.49002666655
27,fixed_manifest,120,2,gpu_host,HOST_to_GPU,302592,469461.49002666655,469495.96682666655
28,fixed_manifest,19,1,gpu_host,GPU_to_HOST,302592,469883.92650666647,469918.40330666647
28,fixed_manifest,19,2,host_fpga_pcie,HOST_to_FPGA,302592,469918.40330666647,470042.6913066664
28,fixed_manifest,20,1,host_fpga_pcie,FPGA_to_HOST,302592,470375.43882666645,470499.7268266664
28,fixed_manifest,20,2,gpu_host,HOST_to_GPU,302592,470499.7268266664,470534.20362666645
28,fixed_manifest,29,1,gpu_host,GPU_to_HOST,302592,471366.1604266663,471400.6372266664
28,fixed_manifest,29,2,host_fpga_pcie,HOST_to_FPGA,302592,471400.6372266664,471524.9252266663
28,fixed_manifest,30,1,host_fpga_pcie,FPGA_to_HOST,302592,471857.67274666636,471981.9607466663
28,fixed_manifest,30,2,gpu_host,HOST_to_GPU,302592,471981.9607466663,472016.43754666636
28,fixed_manifest,39,1,gpu_host,GPU_to_HOST,302592,472848.39434666623,472882.8711466663
28,fixed_manifest,39,2,host_fpga_pcie,HOST_to_FPGA,302592,472882.8711466663,473007.15914666624
28,fixed_manifest,40,1,host_fpga_pcie,FPGA_to_HOST,302592,473339.90666666627,473464.1946666662
28,fixed_manifest,40,2,gpu_host,HOST_to_GPU,302592,473464.1946666662,473498.6714666662
28,fixed_manifest,49,1,gpu_host,GPU_to_HOST,302592,474330.62826666614,474365.1050666662
28,fixed_manifest,49,2,host_fpga_pcie,HOST_to_FPGA,302592,474365.1050666662,474489.39306666615
28,fixed_manifest,50,1,host_fpga_pcie,FPGA_to_HOST,302592,474822.1405866662,474946.4285866661
28,fixed_manifest,50,2,gpu_host,HOST_to_GPU,302592,474946.4285866661,474980.9053866661
28,fixed_manifest,59,1,gpu_host,GPU_to_HOST,302592,475812.86218666605,475847.3389866661
28,fixed_manifest,59,2,host_fpga_pcie,HOST_to_FPGA,302592,475847.3389866661,475971.62698666606
28,fixed_manifest,60,1,host_fpga_pcie,FPGA_to_HOST,302592,476304.3745066661,476428.66250666603
28,fixed_manifest,60,2,gpu_host,HOST_to_GPU,302592,476428.66250666603,476463.13930666604
28,fixed_manifest,69,1,gpu_host,GPU_to_HOST,302592,477295.09610666597,477329.572906666
28,fixed_manifest,69,2,host_fpga_pcie,HOST_to_FPGA,302592,477329.572906666,477453.86090666597
28,fixed_manifest,70,1,host_fpga_pcie,FPGA_to_HOST,302592,477786.608426666,477910.89642666595
28,fixed_manifest,70,2,gpu_host,HOST_to_GPU,302592,477910.89642666595,477945.37322666595
28,fixed_manifest,79,1,gpu_host,GPU_to_HOST,302592,478777.3300266659,478811.8068266659
28,fixed_manifest,79,2,host_fpga_pcie,HOST_to_FPGA,302592,478811.8068266659,478936.0948266659
28,fixed_manifest,80,1,host_fpga_pcie,FPGA_to_HOST,302592,479268.8423466659,479393.13034666586
28,fixed_manifest,80,2,gpu_host,HOST_to_GPU,302592,479393.13034666586,479427.60714666586
28,fixed_manifest,89,1,gpu_host,GPU_to_HOST,302592,480259.5639466658,480294.0407466658
28,fixed_manifest,89,2,host_fpga_pcie,HOST_to_FPGA,302592,480294.0407466658,480418.3287466658
28,fixed_manifest,90,1,host_fpga_pcie,FPGA_to_HOST,302592,480751.0762666658,480875.36426666577
28,fixed_manifest,90,2,gpu_host,HOST_to_GPU,302592,480875.36426666577,480909.8410666658
28,fixed_manifest,99,1,gpu_host,GPU_to_HOST,302592,481741.7978666657,481776.2746666657
28,fixed_manifest,99,2,host_fpga_pcie,HOST_to_FPGA,302592,481776.2746666657,481900.5626666657
28,fixed_manifest,100,1,host_fpga_pcie,FPGA_to_HOST,302592,482233.31018666574,482357.5981866657
28,fixed_manifest,100,2,gpu_host,HOST_to_GPU,302592,482357.5981866657,482392.0749866657
28,fixed_manifest,109,1,gpu_host,GPU_to_HOST,302592,483224.0317866656,483258.5085866656
28,fixed_manifest,109,2,host_fpga_pcie,HOST_to_FPGA,302592,483258.5085866656,483382.7965866656
28,fixed_manifest,110,1,host_fpga_pcie,FPGA_to_HOST,302592,483715.5441066656,483839.8321066656
28,fixed_manifest,110,2,gpu_host,HOST_to_GPU,302592,483839.8321066656,483874.3089066656
29,fixed_manifest,9,1,gpu_host,GPU_to_HOST,302592,484956.0328533333,484990.5096533333
29,fixed_manifest,9,2,host_fpga_pcie,HOST_to_FPGA,302592,484990.5096533333,485114.7976533333
28,fixed_manifest,119,1,gpu_host,GPU_to_HOST,302592,485447.54517333326,485482.02197333326
29,fixed_manifest,10,1,host_fpga_pcie,FPGA_to_HOST,302592,485447.54517333326,485636.64437333326
28,fixed_manifest,119,2,host_fpga_pcie,HOST_to_FPGA,302592,485482.02197333326,485671.12117333326
29,fixed_manifest,10,2,gpu_host,HOST_to_GPU,302592,485636.64437333326,485671.12117333326
28,fixed_manifest,120,1,host_fpga_pcie,FPGA_to_HOST,302592,486003.8686933333,486128.15669333324
28,fixed_manifest,120,2,gpu_host,HOST_to_GPU,302592,486128.15669333324,486162.6334933333
29,fixed_manifest,19,1,gpu_host,GPU_to_HOST,302592,486550.59317333315,486585.06997333316
29,fixed_manifest,19,2,host_fpga_pcie,HOST_to_FPGA,302592,486585.06997333316,486709.35797333316
29,fixed_manifest,20,1,host_fpga_pcie,FPGA_to_HOST,302592,487042.10549333313,487166.39349333313
29,fixed_manifest,20,2,gpu_host,HOST_to_GPU,302592,487166.39349333313,487200.87029333314
29,fixed_manifest,29,1,gpu_host,GPU_to_HOST,302592,488032.82709333306,488067.30389333307
29,fixed_manifest,29,2,host_fpga_pcie,HOST_to_FPGA,302592,488067.30389333307,488191.59189333307
29,fixed_manifest,30,1,host_fpga_pcie,FPGA_to_HOST,302592,488524.33941333304,488648.62741333304
29,fixed_manifest,30,2,gpu_host,HOST_to_GPU,302592,488648.62741333304,488683.10421333305
29,fixed_manifest,39,1,gpu_host,GPU_to_HOST,302592,489515.061013333,489549.537813333
29,fixed_manifest,39,2,host_fpga_pcie,HOST_to_FPGA,302592,489549.537813333,489673.825813333
29,fixed_manifest,40,1,host_fpga_pcie,FPGA_to_HOST,302592,490006.57333333296,490130.86133333296
29,fixed_manifest,40,2,gpu_host,HOST_to_GPU,302592,490130.86133333296,490165.33813333296
29,fixed_manifest,49,1,gpu_host,GPU_to_HOST,302592,490997.2949333329,491031.7717333329
29,fixed_manifest,49,2,host_fpga_pcie,HOST_to_FPGA,302592,491031.7717333329,491156.0597333329
29,fixed_manifest,50,1,host_fpga_pcie,FPGA_to_HOST,302592,491488.80725333287,491613.09525333287
29,fixed_manifest,50,2,gpu_host,HOST_to_GPU,302592,491613.09525333287,491647.5720533329
29,fixed_manifest,59,1,gpu_host,GPU_to_HOST,302592,492479.5288533328,492514.0056533328
29,fixed_manifest,59,2,host_fpga_pcie,HOST_to_FPGA,302592,492514.0056533328,492638.2936533328
29,fixed_manifest,60,1,host_fpga_pcie,FPGA_to_HOST,302592,492971.0411733328,493095.3291733328
29,fixed_manifest,60,2,gpu_host,HOST_to_GPU,302592,493095.3291733328,493129.8059733328
29,fixed_manifest,69,1,gpu_host,GPU_to_HOST,302592,493961.7627733327,493996.2395733327
29,fixed_manifest,69,2,host_fpga_pcie,HOST_to_FPGA,302592,493996.2395733327,494120.5275733327
29,fixed_manifest,70,1,host_fpga_pcie,FPGA_to_HOST,302592,494453.2750933327,494577.5630933327
29,fixed_manifest,70,2,gpu_host,HOST_to_GPU,302592,494577.5630933327,494612.0398933327
29,fixed_manifest,79,1,gpu_host,GPU_to_HOST,302592,495443.9966933326,495478.4734933326
29,fixed_manifest,79,2,host_fpga_pcie,HOST_to_FPGA,302592,495478.4734933326,495602.7614933326
29,fixed_manifest,80,1,host_fpga_pcie,FPGA_to_HOST,302592,495935.5090133326,496059.7970133326
29,fixed_manifest,80,2,gpu_host,HOST_to_GPU,302592,496059.7970133326,496094.2738133326
29,fixed_manifest,89,1,gpu_host,GPU_to_HOST,302592,496926.23061333253,496960.70741333254
29,fixed_manifest,89,2,host_fpga_pcie,HOST_to_FPGA,302592,496960.70741333254,497084.99541333254
29,fixed_manifest,90,1,host_fpga_pcie,FPGA_to_HOST,302592,497417.7429333325,497542.0309333325
29,fixed_manifest,90,2,gpu_host,HOST_to_GPU,302592,497542.0309333325,497576.5077333325
29,fixed_manifest,99,1,gpu_host,GPU_to_HOST,302592,498408.46453333244,498442.94133333245
29,fixed_manifest,99,2,host_fpga_pcie,HOST_to_FPGA,302592,498442.94133333245,498567.2293333324
29,fixed_manifest,100,1,host_fpga_pcie,FPGA_to_HOST,302592,498899.9768533324,499024.2648533324
29,fixed_manifest,100,2,gpu_host,HOST_to_GPU,302592,499024.2648533324,499058.7416533324
29,fixed_manifest,109,1,gpu_host,GPU_to_HOST,302592,499890.69845333236,499925.17525333236
29,fixed_manifest,109,2,host_fpga_pcie,HOST_to_FPGA,302592,499925.17525333236,500049.4632533323
29,fixed_manifest,110,1,host_fpga_pcie,FPGA_to_HOST,302592,500382.21077333234,500506.4987733324
29,fixed_manifest,110,2,gpu_host,HOST_to_GPU,302592,500506.4987733324,500540.97557333246
30,fixed_manifest,9,1,gpu_host,GPU_to_HOST,302592,501622.6995200005,501657.1763200005
30,fixed_manifest,9,2,host_fpga_pcie,HOST_to_FPGA,302592,501657.1763200005,501781.4643200006
29,fixed_manifest,119,1,gpu_host,GPU_to_HOST,302592,502114.2118400006,502148.6886400006
30,fixed_manifest,10,1,host_fpga_pcie,FPGA_to_HOST,302592,502114.2118400006,502303.3110400006
29,fixed_manifest,119,2,host_fpga_pcie,HOST_to_FPGA,302592,502148.6886400006,502337.7878400006
30,fixed_manifest,10,2,gpu_host,HOST_to_GPU,302592,502303.3110400006,502337.7878400006
29,fixed_manifest,120,1,host_fpga_pcie,FPGA_to_HOST,302592,502670.5353600006,502794.8233600007
29,fixed_manifest,120,2,gpu_host,HOST_to_GPU,302592,502794.8233600007,502829.30016000074
30,fixed_manifest,19,1,gpu_host,GPU_to_HOST,302592,503217.259840001,503251.736640001
30,fixed_manifest,19,2,host_fpga_pcie,HOST_to_FPGA,302592,503251.736640001,503376.02464000107
30,fixed_manifest,20,1,host_fpga_pcie,FPGA_to_HOST,302592,503708.7721600011,503833.06016000116
30,fixed_manifest,20,2,gpu_host,HOST_to_GPU,302592,503833.06016000116,503867.5369600012
30,fixed_manifest,29,1,gpu_host,GPU_to_HOST,302592,504699.49376000144,504733.97056000144
30,fixed_manifest,29,2,host_fpga_pcie,HOST_to_FPGA,302592,504733.97056000144,504858.25856000156
30,fixed_manifest,30,1,host_fpga_pcie,FPGA_to_HOST,302592,505191.00608000153,505315.29408000165
30,fixed_manifest,30,2,gpu_host,HOST_to_GPU,302592,505315.29408000165,505349.77088000166
30,fixed_manifest,39,1,gpu_host,GPU_to_HOST,302592,506181.72768000193,506216.20448000194
30,fixed_manifest,39,2,host_fpga_pcie,HOST_to_FPGA,302592,506216.20448000194,506340.492480002
30,fixed_manifest,40,1,host_fpga_pcie,FPGA_to_HOST,302592,506673.240000002,506797.5280000021
30,fixed_manifest,40,2,gpu_host,HOST_to_GPU,302592,506797.5280000021,506832.00480000215
30,fixed_manifest,49,1,gpu_host,GPU_to_HOST,302592,507663.96160000237,507698.4384000024
30,fixed_manifest,49,2,host_fpga_pcie,HOST_to_FPGA,302592,507698.4384000024,507822.7264000025
30,fixed_manifest,50,1,host_fpga_pcie,FPGA_to_HOST,302592,508155.47392000246,508279.7619200026
30,fixed_manifest,50,2,gpu_host,HOST_to_GPU,302592,508279.7619200026,508314.2387200026
30,fixed_manifest,59,1,gpu_host,GPU_to_HOST,302592,509146.19552000286,509180.67232000286
30,fixed_manifest,59,2,host_fpga_pcie,HOST_to_FPGA,302592,509180.67232000286,509304.9603200029
30,fixed_manifest,60,1,host_fpga_pcie,FPGA_to_HOST,302592,509637.70784000296,509761.995840003
30,fixed_manifest,60,2,gpu_host,HOST_to_GPU,302592,509761.995840003,509796.4726400031
30,fixed_manifest,69,1,gpu_host,GPU_to_HOST,302592,510628.4294400033,510662.9062400033
30,fixed_manifest,69,2,host_fpga_pcie,HOST_to_FPGA,302592,510662.9062400033,510787.1942400034
30,fixed_manifest,70,1,host_fpga_pcie,FPGA_to_HOST,302592,511119.9417600034,511244.2297600035
30,fixed_manifest,70,2,gpu_host,HOST_to_GPU,302592,511244.2297600035,511278.7065600035
30,fixed_manifest,79,1,gpu_host,GPU_to_HOST,302592,512110.6633600038,512145.1401600038
30,fixed_manifest,79,2,host_fpga_pcie,HOST_to_FPGA,302592,512145.1401600038,512269.42816000385
30,fixed_manifest,80,1,host_fpga_pcie,FPGA_to_HOST,302592,512602.1756800039,512726.46368000394
30,fixed_manifest,80,2,gpu_host,HOST_to_GPU,302592,512726.46368000394,512760.940480004
30,fixed_manifest,89,1,gpu_host,GPU_to_HOST,302592,513592.8972800042,513627.3740800042
30,fixed_manifest,89,2,host_fpga_pcie,HOST_to_FPGA,302592,513627.3740800042,513751.66208000435
30,fixed_manifest,90,1,host_fpga_pcie,FPGA_to_HOST,302592,514084.4096000043,514208.69760000444
30,fixed_manifest,90,2,gpu_host,HOST_to_GPU,302592,514208.69760000444,514243.17440000444
30,fixed_manifest,99,1,gpu_host,GPU_to_HOST,302592,515075.1312000047,515109.6080000047
30,fixed_manifest,99,2,host_fpga_pcie,HOST_to_FPGA,302592,515109.6080000047,515233.8960000048
30,fixed_manifest,100,1,host_fpga_pcie,FPGA_to_HOST,302592,515566.6435200048,515690.9315200049
30,fixed_manifest,100,2,gpu_host,HOST_to_GPU,302592,515690.9315200049,515725.40832000494
30,fixed_manifest,109,1,gpu_host,GPU_to_HOST,302592,516557.36512000515,516591.84192000516
30,fixed_manifest,109,2,host_fpga_pcie,HOST_to_FPGA,302592,516591.84192000516,516716.1299200053
30,fixed_manifest,110,1,host_fpga_pcie,FPGA_to_HOST,302592,517048.87744000525,517173.16544000537
30,fixed_manifest,110,2,gpu_host,HOST_to_GPU,302592,517173.16544000537,517207.64224000537
31,fixed_manifest,9,1,gpu_host,GPU_to_HOST,302592,518289.3661866671,518323.8429866671
31,fixed_manifest,9,2,host_fpga_pcie,HOST_to_FPGA,302592,518323.8429866671,518448.1309866672
30,fixed_manifest,119,1,gpu_host,GPU_to_HOST,302592,518780.8785066672,518815.3553066672
31,fixed_manifest,10,1,host_fpga_pcie,FPGA_to_HOST,302592,518780.8785066672,518969.9777066672
30,fixed_manifest,119,2,host_fpga_pcie,HOST_to_FPGA,302592,518815.3553066672,519004.4545066672
31,fixed_manifest,10,2,gpu_host,HOST_to_GPU,302592,518969.9777066672,519004.4545066672
30,fixed_manifest,120,1,host_fpga_pcie,FPGA_to_HOST,302592,519337.20202666725,519461.4900266673
30,fixed_manifest,120,2,gpu_host,HOST_to_GPU,302592,519461.4900266673,519495.9668266673
31,fixed_manifest,19,1,gpu_host,GPU_to_HOST,302592,519883.9265066676,519918.40330666763
31,fixed_manifest,19,2,host_fpga_pcie,HOST_to_FPGA,302592,519918.40330666763,520042.6913066677
31,fixed_manifest,20,1,host_fpga_pcie,FPGA_to_HOST,302592,520375.4388266677,520499.7268266678
31,fixed_manifest,20,2,gpu_host,HOST_to_GPU,302592,520499.7268266678,520534.2036266678
31,fixed_manifest,29,1,gpu_host,GPU_to_HOST,302592,521366.16042666807,521400.63722666807
31,fixed_manifest,29,2,host_fpga_pcie,HOST_to_FPGA,302592,521400.63722666807,521524.9252266681
31,fixed_manifest,30,1,host_fpga_pcie,FPGA_to_HOST,302592,521857.67274666816,521981.9607466682
31,fixed_manifest,30,2,gpu_host,HOST_to_GPU,302592,521981.9607466682,522016.4375466683
31,fixed_manifest,39,1,gpu_host,GPU_to_HOST,302592,522848.3943466685,522882.87114666856
31,fixed_manifest,39,2,host_fpga_pcie,HOST_to_FPGA,302592,522882.87114666856,523007.1591466686
31,fixed_manifest,40,1,host_fpga_pcie,FPGA_to_HOST,302592,523339.90666666866,523464.1946666687
31,fixed_manifest,40,2,gpu_host,HOST_to_GPU,302592,523464.1946666687,523498.6714666687
31,fixed_manifest,49,1,gpu_host,GPU_to_HOST,302592,524330.628266669,524365.105066669
31,fixed_manifest,49,2,host_fpga_pcie,HOST_to_FPGA,302592,524365.105066669,524489.3930666691
31,fixed_manifest,50,1,host_fpga_pcie,FPGA_to_HOST,302592,524822.1405866691,524946.4285866691
31,fixed_manifest,50,2,gpu_host,HOST_to_GPU,302592,524946.4285866691,524980.9053866692
31,fixed_manifest,59,1,gpu_host,GPU_to_HOST,302592,525812.8621866695,525847.3389866694
31,fixed_manifest,59,2,host_fpga_pcie,HOST_to_FPGA,302592,525847.3389866694,525971.6269866695
31,fixed_manifest,60,1,host_fpga_pcie,FPGA_to_HOST,302592,526304.3745066696,526428.6625066696
31,fixed_manifest,60,2,gpu_host,HOST_to_GPU,302592,526428.6625066696,526463.1393066697
31,fixed_manifest,69,1,gpu_host,GPU_to_HOST,302592,527295.0961066699,527329.5729066699
31,fixed_manifest,69,2,host_fpga_pcie,HOST_to_FPGA,302592,527329.5729066699,527453.86090667
31,fixed_manifest,70,1,host_fpga_pcie,FPGA_to_HOST,302592,527786.6084266701,527910.8964266701
31,fixed_manifest,70,2,gpu_host,HOST_to_GPU,302592,527910.8964266701,527945.3732266701
31,fixed_manifest,79,1,gpu_host,GPU_to_HOST,302592,528777.3300266704,528811.8068266704
31,fixed_manifest,79,2,host_fpga_pcie,HOST_to_FPGA,302592,528811.8068266704,528936.0948266705
31,fixed_manifest,80,1,host_fpga_pcie,FPGA_to_HOST,302592,529268.8423466705,529393.1303466705
31,fixed_manifest,80,2,gpu_host,HOST_to_GPU,302592,529393.1303466705,529427.6071466706
31,fixed_manifest,89,1,gpu_host,GPU_to_HOST,302592,530259.5639466709,530294.0407466709
31,fixed_manifest,89,2,host_fpga_pcie,HOST_to_FPGA,302592,530294.0407466709,530418.328746671
31,fixed_manifest,90,1,host_fpga_pcie,FPGA_to_HOST,302592,530751.076266671,530875.364266671
31,fixed_manifest,90,2,gpu_host,HOST_to_GPU,302592,530875.364266671,530909.8410666711
31,fixed_manifest,99,1,gpu_host,GPU_to_HOST,302592,531741.7978666713,531776.2746666713
31,fixed_manifest,99,2,host_fpga_pcie,HOST_to_FPGA,302592,531776.2746666713,531900.5626666714
31,fixed_manifest,100,1,host_fpga_pcie,FPGA_to_HOST,302592,532233.3101866714,532357.5981866715
31,fixed_manifest,100,2,gpu_host,HOST_to_GPU,302592,532357.5981866715,532392.0749866716
31,fixed_manifest,109,1,gpu_host,GPU_to_HOST,302592,533224.0317866717,533258.5085866718
31,fixed_manifest,109,2,host_fpga_pcie,HOST_to_FPGA,302592,533258.5085866718,533382.7965866718
31,fixed_manifest,110,1,host_fpga_pcie,FPGA_to_HOST,302592,533715.5441066719,533839.832106672
31,fixed_manifest,110,2,gpu_host,HOST_to_GPU,302592,533839.832106672,533874.3089066719
32,fixed_manifest,9,1,gpu_host,GPU_to_HOST,302592,534956.0328533337,534990.5096533337
32,fixed_manifest,9,2,host_fpga_pcie,HOST_to_FPGA,302592,534990.5096533337,535114.7976533337
31,fixed_manifest,119,1,gpu_host,GPU_to_HOST,302592,535447.5451733338,535482.0219733338
32,fixed_manifest,10,1,host_fpga_pcie,FPGA_to_HOST,302592,535447.5451733338,535636.6443733338
31,fixed_manifest,119,2,host_fpga_pcie,HOST_to_FPGA,302592,535482.0219733338,535671.1211733338
32,fixed_manifest,10,2,gpu_host,HOST_to_GPU,302592,535636.6443733338,535671.1211733338
31,fixed_manifest,120,1,host_fpga_pcie,FPGA_to_HOST,302592,536003.8686933338,536128.1566933339
31,fixed_manifest,120,2,gpu_host,HOST_to_GPU,302592,536128.1566933339,536162.6334933339
32,fixed_manifest,19,1,gpu_host,GPU_to_HOST,302592,536550.5931733343,536585.0699733342
32,fixed_manifest,19,2,host_fpga_pcie,HOST_to_FPGA,302592,536585.0699733342,536709.3579733343
32,fixed_manifest,20,1,host_fpga_pcie,FPGA_to_HOST,302592,537042.1054933344,537166.3934933344
32,fixed_manifest,20,2,gpu_host,HOST_to_GPU,302592,537166.3934933344,537200.8702933344
32,fixed_manifest,29,1,gpu_host,GPU_to_HOST,302592,538032.8270933346,538067.3038933347
32,fixed_manifest,29,2,host_fpga_pcie,HOST_to_FPGA,302592,538067.3038933347,538191.5918933348
32,fixed_manifest,30,1,host_fpga_pcie,FPGA_to_HOST,302592,538524.3394133347,538648.6274133349
32,fixed_manifest,30,2,gpu_host,HOST_to_GPU,302592,538648.6274133349,538683.1042133349
32,fixed_manifest,39,1,gpu_host,GPU_to_HOST,302592,539515.0610133351,539549.5378133352
32,fixed_manifest,39,2,host_fpga_pcie,HOST_to_FPGA,302592,539549.5378133352,539673.8258133353
32,fixed_manifest,40,1,host_fpga_pcie,FPGA_to_HOST,302592,540006.5733333352,540130.8613333353
32,fixed_manifest,40,2,gpu_host,HOST_to_GPU,302592,540130.8613333353,540165.3381333353
32,fixed_manifest,49,1,gpu_host,GPU_to_HOST,302592,540997.2949333356,541031.7717333356
32,fixed_manifest,49,2,host_fpga_pcie,HOST_to_FPGA,302592,541031.7717333356,541156.0597333357
32,fixed_manifest,50,1,host_fpga_pcie,FPGA_to_HOST,302592,541488.8072533357,541613.0952533358
32,fixed_manifest,50,2,gpu_host,HOST_to_GPU,302592,541613.0952533358,541647.5720533358
32,fixed_manifest,59,1,gpu_host,GPU_to_HOST,302592,542479.528853336,542514.0056533361
32,fixed_manifest,59,2,host_fpga_pcie,HOST_to_FPGA,302592,542514.0056533361,542638.2936533361
32,fixed_manifest,60,1,host_fpga_pcie,FPGA_to_HOST,302592,542971.0411733362,543095.3291733363
32,fixed_manifest,60,2,gpu_host,HOST_to_GPU,302592,543095.3291733363,543129.8059733362
32,fixed_manifest,69,1,gpu_host,GPU_to_HOST,302592,543961.7627733365,543996.2395733366
32,fixed_manifest,69,2,host_fpga_pcie,HOST_to_FPGA,302592,543996.2395733366,544120.5275733366
32,fixed_manifest,70,1,host_fpga_pcie,FPGA_to_HOST,302592,544453.2750933366,544577.5630933368
32,fixed_manifest,70,2,gpu_host,HOST_to_GPU,302592,544577.5630933368,544612.0398933367
32,fixed_manifest,79,1,gpu_host,GPU_to_HOST,302592,545443.996693337,545478.473493337
32,fixed_manifest,79,2,host_fpga_pcie,HOST_to_FPGA,302592,545478.473493337,545602.7614933371
32,fixed_manifest,80,1,host_fpga_pcie,FPGA_to_HOST,302592,545935.5090133371,546059.7970133371
32,fixed_manifest,80,2,gpu_host,HOST_to_GPU,302592,546059.7970133371,546094.2738133372
32,fixed_manifest,89,1,gpu_host,GPU_to_HOST,302592,546926.2306133375,546960.7074133374
32,fixed_manifest,89,2,host_fpga_pcie,HOST_to_FPGA,302592,546960.7074133374,547084.9954133376
32,fixed_manifest,90,1,host_fpga_pcie,FPGA_to_HOST,302592,547417.7429333376,547542.0309333376
32,fixed_manifest,90,2,gpu_host,HOST_to_GPU,302592,547542.0309333376,547576.5077333377
32,fixed_manifest,99,1,gpu_host,GPU_to_HOST,302592,548408.4645333379,548442.9413333379
32,fixed_manifest,99,2,host_fpga_pcie,HOST_to_FPGA,302592,548442.9413333379,548567.229333338
32,fixed_manifest,100,1,host_fpga_pcie,FPGA_to_HOST,302592,548899.9768533381,549024.2648533381
32,fixed_manifest,100,2,gpu_host,HOST_to_GPU,302592,549024.2648533381,549058.7416533381
32,fixed_manifest,109,1,gpu_host,GPU_to_HOST,302592,549890.6984533384,549925.1752533384
32,fixed_manifest,109,2,host_fpga_pcie,HOST_to_FPGA,302592,549925.1752533384,550049.4632533385
32,fixed_manifest,110,1,host_fpga_pcie,FPGA_to_HOST,302592,550382.2107733384,550506.4987733386
32,fixed_manifest,110,2,gpu_host,HOST_to_GPU,302592,550506.4987733386,550540.9755733386
33,fixed_manifest,9,1,gpu_host,GPU_to_HOST,302592,551622.6995200004,551657.1763200004
33,fixed_manifest,9,2,host_fpga_pcie,HOST_to_FPGA,302592,551657.1763200004,551781.4643200005
32,fixed_manifest,119,1,gpu_host,GPU_to_HOST,302592,552114.2118400006,552148.6886400005
33,fixed_manifest,10,1,host_fpga_pcie,FPGA_to_HOST,302592,552114.2118400006,552303.3110400005
32,fixed_manifest,119,2,host_fpga_pcie,HOST_to_FPGA,302592,552148.6886400005,552337.7878400006
33,fixed_manifest,10,2,gpu_host,HOST_to_GPU,302592,552303.3110400005,552337.7878400006
32,fixed_manifest,120,1,host_fpga_pcie,FPGA_to_HOST,302592,552670.5353600006,552794.8233600006
32,fixed_manifest,120,2,gpu_host,HOST_to_GPU,302592,552794.8233600006,552829.3001600007
33,fixed_manifest,19,1,gpu_host,GPU_to_HOST,302592,553217.2598400009,553251.736640001
33,fixed_manifest,19,2,host_fpga_pcie,HOST_to_FPGA,302592,553251.736640001,553376.024640001
33,fixed_manifest,20,1,host_fpga_pcie,FPGA_to_HOST,302592,553708.772160001,553833.0601600012
33,fixed_manifest,20,2,gpu_host,HOST_to_GPU,302592,553833.0601600012,553867.5369600011
33,fixed_manifest,29,1,gpu_host,GPU_to_HOST,302592,554699.4937600014,554733.9705600014
33,fixed_manifest,29,2,host_fpga_pcie,HOST_to_FPGA,302592,554733.9705600014,554858.2585600015
33,fixed_manifest,30,1,host_fpga_pcie,FPGA_to_HOST,302592,555191.0060800015,555315.2940800015
33,fixed_manifest,30,2,gpu_host,HOST_to_GPU,302592,555315.2940800015,555349.7708800016
33,fixed_manifest,39,1,gpu_host,GPU_to_HOST,302592,556181.7276800019,556216.2044800018
33,fixed_manifest,39,2,host_fpga_pcie,HOST_to_FPGA,302592,556216.2044800018,556340.492480002
33,fixed_manifest,40,1,host_fpga_pcie,FPGA_to_HOST,302592,556673.240000002,556797.528000002
33,fixed_manifest,40,2,gpu_host,HOST_to_GPU,302592,556797.528000002,556832.0048000021
33,fixed_manifest,49,1,gpu_host,GPU_to_HOST,302592,557663.9616000024,557698.4384000023
33,fixed_manifest,49,2,host_fpga_pcie,HOST_to_FPGA,302592,557698.4384000023,557822.7264000024
33,fixed_manifest,50,1,host_fpga_pcie,FPGA_to_HOST,302592,558155.4739200025,558279.7619200025
33,fixed_manifest,50,2,gpu_host,HOST_to_GPU,302592,558279.7619200025,558314.2387200025
33,fixed_manifest,59,1,gpu_host,GPU_to_HOST,302592,559146.1955200027,559180.6723200028
33,fixed_manifest,59,2,host_fpga_pcie,HOST_to_FPGA,302592,559180.6723200028,559304.9603200029
33,fixed_manifest,60,1,host_fpga_pcie,FPGA_to_HOST,302592,559637.7078400028,559761.995840003
33,fixed_manifest,60,2,gpu_host,HOST_to_GPU,302592,559761.995840003,559796.472640003
33,fixed_manifest,69,1,gpu_host,GPU_to_HOST,302592,560628.4294400032,560662.9062400033
33,fixed_manifest,69,2,host_fpga_pcie,HOST_to_FPGA,302592,560662.9062400033,560787.1942400034
33,fixed_manifest,70,1,host_fpga_pcie,FPGA_to_HOST,302592,561119.9417600033,561244.2297600034
33,fixed_manifest,70,2,gpu_host,HOST_to_GPU,302592,561244.2297600034,561278.7065600035
33,fixed_manifest,79,1,gpu_host,GPU_to_HOST,302592,562110.6633600037,562145.1401600037
33,fixed_manifest,79,2,host_fpga_pcie,HOST_to_FPGA,302592,562145.1401600037,562269.4281600039
33,fixed_manifest,80,1,host_fpga_pcie,FPGA_to_HOST,302592,562602.1756800038,562726.4636800039
33,fixed_manifest,80,2,gpu_host,HOST_to_GPU,302592,562726.4636800039,562760.940480004
33,fixed_manifest,89,1,gpu_host,GPU_to_HOST,302592,563592.8972800042,563627.3740800042
33,fixed_manifest,89,2,host_fpga_pcie,HOST_to_FPGA,302592,563627.3740800042,563751.6620800042
33,fixed_manifest,90,1,host_fpga_pcie,FPGA_to_HOST,302592,564084.4096000043,564208.6976000044
33,fixed_manifest,90,2,gpu_host,HOST_to_GPU,302592,564208.6976000044,564243.1744000043
33,fixed_manifest,99,1,gpu_host,GPU_to_HOST,302592,565075.1312000046,565109.6080000047
33,fixed_manifest,99,2,host_fpga_pcie,HOST_to_FPGA,302592,565109.6080000047,565233.8960000047
33,fixed_manifest,100,1,host_fpga_pcie,FPGA_to_HOST,302592,565566.6435200047,565690.9315200049
33,fixed_manifest,100,2,gpu_host,HOST_to_GPU,302592,565690.9315200049,565725.4083200048
33,fixed_manifest,109,1,gpu_host,GPU_to_HOST,302592,566557.3651200051,566591.8419200052
33,fixed_manifest,109,2,host_fpga_pcie,HOST_to_FPGA,302592,566591.8419200052,566716.1299200052
33,fixed_manifest,110,1,host_fpga_pcie,FPGA_to_HOST,302592,567048.8774400052,567173.1654400053
33,fixed_manifest,110,2,gpu_host,HOST_to_GPU,302592,567173.1654400053,567207.6422400053
34,fixed_manifest,9,1,gpu_host,GPU_to_HOST,302592,568289.3661866671,568323.8429866672
34,fixed_manifest,9,2,host_fpga_pcie,HOST_to_FPGA,302592,568323.8429866672,568448.1309866672
33,fixed_manifest,119,1,gpu_host,GPU_to_HOST,302592,568780.8785066672,568815.3553066673
34,fixed_manifest,10,1,host_fpga_pcie,FPGA_to_HOST,302592,568780.8785066672,568969.9777066673
33,fixed_manifest,119,2,host_fpga_pcie,HOST_to_FPGA,302592,568815.3553066673,569004.4545066672
34,fixed_manifest,10,2,gpu_host,HOST_to_GPU,302592,568969.9777066673,569004.4545066672
33,fixed_manifest,120,1,host_fpga_pcie,FPGA_to_HOST,302592,569337.2020266673,569461.4900266674
33,fixed_manifest,120,2,gpu_host,HOST_to_GPU,302592,569461.4900266674,569495.9668266673
34,fixed_manifest,19,1,gpu_host,GPU_to_HOST,302592,569883.9265066676,569918.4033066677
34,fixed_manifest,19,2,host_fpga_pcie,HOST_to_FPGA,302592,569918.4033066677,570042.6913066678
34,fixed_manifest,20,1,host_fpga_pcie,FPGA_to_HOST,302592,570375.4388266677,570499.7268266678
34,fixed_manifest,20,2,gpu_host,HOST_to_GPU,302592,570499.7268266678,570534.2036266678
34,fixed_manifest,29,1,gpu_host,GPU_to_HOST,302592,571366.1604266681,571400.6372266681
34,fixed_manifest,29,2,host_fpga_pcie,HOST_to_FPGA,302592,571400.6372266681,571524.9252266682
34,fixed_manifest,30,1,host_fpga_pcie,FPGA_to_HOST,302592,571857.6727466682,571981.9607466683
34,fixed_manifest,30,2,gpu_host,HOST_to_GPU,302592,571981.9607466683,572016.4375466683
34,fixed_manifest,39,1,gpu_host,GPU_to_HOST,302592,572848.3943466686,572882.8711466686
34,fixed_manifest,39,2,host_fpga_pcie,HOST_to_FPGA,302592,572882.8711466686,573007.1591466686
34,fixed_manifest,40,1,host_fpga_pcie,FPGA_to_HOST,302592,573339.9066666687,573464.1946666688
34,fixed_manifest,40,2,gpu_host,HOST_to_GPU,302592,573464.1946666688,573498.6714666687
34,fixed_manifest,49,1,gpu_host,GPU_to_HOST,302592,574330.628266669,574365.105066669
34,fixed_manifest,49,2,host_fpga_pcie,HOST_to_FPGA,302592,574365.105066669,574489.3930666691
34,fixed_manifest,50,1,host_fpga_pcie,FPGA_to_HOST,302592,574822.1405866691,574946.4285866693
34,fixed_manifest,50,2,gpu_host,HOST_to_GPU,302592,574946.4285866693,574980.9053866692
34,fixed_manifest,59,1,gpu_host,GPU_to_HOST,302592,575812.8621866695,575847.3389866696
34,fixed_manifest,59,2,host_fpga_pcie,HOST_to_FPGA,302592,575847.3389866696,575971.6269866696
34,fixed_manifest,60,1,host_fpga_pcie,FPGA_to_HOST,302592,576304.3745066696,576428.6625066696
34,fixed_manifest,60,2,gpu_host,HOST_to_GPU,302592,576428.6625066696,576463.1393066697
34,fixed_manifest,69,1,gpu_host,GPU_to_HOST,302592,577295.09610667,577329.5729066699
34,fixed_manifest,69,2,host_fpga_pcie,HOST_to_FPGA,302592,577329.5729066699,577453.8609066701
34,fixed_manifest,70,1,host_fpga_pcie,FPGA_to_HOST,302592,577786.6084266701,577910.8964266701
34,fixed_manifest,70,2,gpu_host,HOST_to_GPU,302592,577910.8964266701,577945.3732266702
34,fixed_manifest,79,1,gpu_host,GPU_to_HOST,302592,578777.3300266705,578811.8068266704
34,fixed_manifest,79,2,host_fpga_pcie,HOST_to_FPGA,302592,578811.8068266704,578936.0948266705
34,fixed_manifest,80,1,host_fpga_pcie,FPGA_to_HOST,302592,579268.8423466706,579393.1303466706
34,fixed_manifest,80,2,gpu_host,HOST_to_GPU,302592,579393.1303466706,579427.6071466706
34,fixed_manifest,89,1,gpu_host,GPU_to_HOST,302592,580259.5639466709,580294.0407466709
34,fixed_manifest,89,2,host_fpga_pcie,HOST_to_FPGA,302592,580294.0407466709,580418.328746671
34,fixed_manifest,90,1,host_fpga_pcie,FPGA_to_HOST,302592,580751.076266671,580875.3642666711
34,fixed_manifest,90,2,gpu_host,HOST_to_GPU,302592,580875.3642666711,580909.8410666711
34,fixed_manifest,99,1,gpu_host,GPU_to_HOST,302592,581741.7978666713,581776.2746666714
34,fixed_manifest,99,2,host_fpga_pcie,HOST_to_FPGA,302592,581776.2746666714,581900.5626666715
34,fixed_manifest,100,1,host_fpga_pcie,FPGA_to_HOST,302592,582233.3101866714,582357.5981866715
34,fixed_manifest,100,2,gpu_host,HOST_to_GPU,302592,582357.5981866715,582392.0749866716
34,fixed_manifest,109,1,gpu_host,GPU_to_HOST,302592,583224.0317866718,583258.5085866718
34,fixed_manifest,109,2,host_fpga_pcie,HOST_to_FPGA,302592,583258.5085866718,583382.796586672
34,fixed_manifest,110,1,host_fpga_pcie,FPGA_to_HOST,302592,583715.5441066719,583839.832106672
34,fixed_manifest,110,2,gpu_host,HOST_to_GPU,302592,583839.832106672,583874.308906672
35,fixed_manifest,9,1,gpu_host,GPU_to_HOST,302592,584956.0328533337,584990.5096533338
35,fixed_manifest,9,2,host_fpga_pcie,HOST_to_FPGA,302592,584990.5096533338,585114.7976533339
34,fixed_manifest,119,1,gpu_host,GPU_to_HOST,302592,585447.5451733338,585482.0219733339
35,fixed_manifest,10,1,host_fpga_pcie,FPGA_to_HOST,302592,585447.5451733338,585636.6443733339
34,fixed_manifest,119,2,host_fpga_pcie,HOST_to_FPGA,302592,585482.0219733339,585671.1211733338
35,fixed_manifest,10,2,gpu_host,HOST_to_GPU,302592,585636.6443733339,585671.1211733338
34,fixed_manifest,120,1,host_fpga_pcie,FPGA_to_HOST,302592,586003.8686933338,586128.156693334
34,fixed_manifest,120,2,gpu_host,HOST_to_GPU,302592,586128.156693334,586162.6334933339
35,fixed_manifest,19,1,gpu_host,GPU_to_HOST,302592,586550.5931733343,586585.0699733342
35,fixed_manifest,19,2,host_fpga_pcie,HOST_to_FPGA,302592,586585.0699733342,586709.3579733344
35,fixed_manifest,20,1,host_fpga_pcie,FPGA_to_HOST,302592,587042.1054933344,587166.3934933344
35,fixed_manifest,20,2,gpu_host,HOST_to_GPU,302592,587166.3934933344,587200.8702933345
35,fixed_manifest,29,1,gpu_host,GPU_to_HOST,302592,588032.8270933348,588067.3038933347
35,fixed_manifest,29,2,host_fpga_pcie,HOST_to_FPGA,302592,588067.3038933347,588191.5918933348
35,fixed_manifest,30,1,host_fpga_pcie,FPGA_to_HOST,302592,588524.3394133348,588648.6274133349
35,fixed_manifest,30,2,gpu_host,HOST_to_GPU,302592,588648.6274133349,588683.104213335
35,fixed_manifest,39,1,gpu_host,GPU_to_HOST,302592,589515.0610133351,589549.5378133352
35,fixed_manifest,39,2,host_fpga_pcie,HOST_to_FPGA,302592,589549.5378133352,589673.8258133353
35,fixed_manifest,40,1,host_fpga_pcie,FPGA_to_HOST,302592,590006.5733333352,590130.8613333354
35,fixed_manifest,40,2,gpu_host,HOST_to_GPU,302592,590130.8613333354,590165.3381333353
35,fixed_manifest,49,1,gpu_host,GPU_to_HOST,302592,590997.2949333356,591031.7717333357
35,fixed_manifest,49,2,host_fpga_pcie,HOST_to_FPGA,302592,591031.7717333357,591156.0597333357
35,fixed_manifest,50,1,host_fpga_pcie,FPGA_to_HOST,302592,591488.8072533357,591613.0952533358
35,fixed_manifest,50,2,gpu_host,HOST_to_GPU,302592,591613.0952533358,591647.5720533358
35,fixed_manifest,59,1,gpu_host,GPU_to_HOST,302592,592479.5288533361,592514.0056533361
35,fixed_manifest,59,2,host_fpga_pcie,HOST_to_FPGA,302592,592514.0056533361,592638.2936533362
35,fixed_manifest,60,1,host_fpga_pcie,FPGA_to_HOST,302592,592971.0411733362,593095.3291733363
35,fixed_manifest,60,2,gpu_host,HOST_to_GPU,302592,593095.3291733363,593129.8059733363
35,fixed_manifest,69,1,gpu_host,GPU_to_HOST,302592,593961.7627733366,593996.2395733366
35,fixed_manifest,69,2,host_fpga_pcie,HOST_to_FPGA,302592,593996.2395733366,594120.5275733366
35,fixed_manifest,70,1,host_fpga_pcie,FPGA_to_HOST,302592,594453.2750933367,594577.5630933368
35,fixed_manifest,70,2,gpu_host,HOST_to_GPU,302592,594577.5630933368,594612.0398933368
35,fixed_manifest,79,1,gpu_host,GPU_to_HOST,302592,595443.996693337,595478.473493337
35,fixed_manifest,79,2,host_fpga_pcie,HOST_to_FPGA,302592,595478.473493337,595602.7614933371
35,fixed_manifest,80,1,host_fpga_pcie,FPGA_to_HOST,302592,595935.5090133371,596059.7970133373
35,fixed_manifest,80,2,gpu_host,HOST_to_GPU,302592,596059.7970133373,596094.2738133372
35,fixed_manifest,89,1,gpu_host,GPU_to_HOST,302592,596926.2306133375,596960.7074133375
35,fixed_manifest,89,2,host_fpga_pcie,HOST_to_FPGA,302592,596960.7074133375,597084.9954133376
35,fixed_manifest,90,1,host_fpga_pcie,FPGA_to_HOST,302592,597417.7429333376,597542.0309333376
35,fixed_manifest,90,2,gpu_host,HOST_to_GPU,302592,597542.0309333376,597576.5077333377
35,fixed_manifest,99,1,gpu_host,GPU_to_HOST,302592,598408.464533338,598442.9413333379
35,fixed_manifest,99,2,host_fpga_pcie,HOST_to_FPGA,302592,598442.9413333379,598567.2293333381
35,fixed_manifest,100,1,host_fpga_pcie,FPGA_to_HOST,302592,598899.9768533381,599024.2648533381
35,fixed_manifest,100,2,gpu_host,HOST_to_GPU,302592,599024.2648533381,599058.7416533382
35,fixed_manifest,109,1,gpu_host,GPU_to_HOST,302592,599890.6984533385,599925.1752533384
35,fixed_manifest,109,2,host_fpga_pcie,HOST_to_FPGA,302592,599925.1752533384,600049.4632533385
35,fixed_manifest,110,1,host_fpga_pcie,FPGA_to_HOST,302592,600382.2107733386,600506.4987733386
35,fixed_manifest,110,2,gpu_host,HOST_to_GPU,302592,600506.4987733386,600540.9755733387
36,fixed_manifest,9,1,gpu_host,GPU_to_HOST,302592,601622.6995200004,601657.1763200003
36,fixed_manifest,9,2,host_fpga_pcie,HOST_to_FPGA,302592,601657.1763200003,601781.4643200005
35,fixed_manifest,119,1,gpu_host,GPU_to_HOST,302592,602114.2118400005,602148.6886400005
36,fixed_manifest,10,1,host_fpga_pcie,FPGA_to_HOST,302592,602114.2118400005,602303.3110400004
35,fixed_manifest,119,2,host_fpga_pcie,HOST_to_FPGA,302592,602148.6886400005,602337.7878400005
36,fixed_manifest,10,2,gpu_host,HOST_to_GPU,302592,602303.3110400004,602337.7878400005
35,fixed_manifest,120,1,host_fpga_pcie,FPGA_to_HOST,302592,602670.5353600004,602794.8233600006
35,fixed_manifest,120,2,gpu_host,HOST_to_GPU,302592,602794.8233600006,602829.3001600006
36,fixed_manifest,19,1,gpu_host,GPU_to_HOST,302592,603217.2598400009,603251.7366400008
36,fixed_manifest,19,2,host_fpga_pcie,HOST_to_FPGA,302592,603251.7366400008,603376.024640001
36,fixed_manifest,20,1,host_fpga_pcie,FPGA_to_HOST,302592,603708.772160001,603833.060160001
36,fixed_manifest,20,2,gpu_host,HOST_to_GPU,302592,603833.060160001,603867.5369600011
36,fixed_manifest,29,1,gpu_host,GPU_to_HOST,302592,604699.4937600013,604733.9705600013
36,fixed_manifest,29,2,host_fpga_pcie,HOST_to_FPGA,302592,604733.9705600013,604858.2585600014
36,fixed_manifest,30,1,host_fpga_pcie,FPGA_to_HOST,302592,605191.0060800015,605315.2940800015
36,fixed_manifest,30,2,gpu_host,HOST_to_GPU,302592,605315.2940800015,605349.7708800015
36,fixed_manifest,39,1,gpu_host,GPU_to_HOST,302592,606181.7276800018,606216.2044800018
36,fixed_manifest,39,2,host_fpga_pcie,HOST_to_FPGA,302592,606216.2044800018,606340.4924800019
36,fixed_manifest,40,1,host_fpga_pcie,FPGA_to_HOST,302592,606673.2400000019,606797.528000002
36,fixed_manifest,40,2,gpu_host,HOST_to_GPU,302592,606797.528000002,606832.004800002
36,fixed_manifest,49,1,gpu_host,GPU_to_HOST,302592,607663.9616000023,607698.4384000023
36,fixed_manifest,49,2,host_fpga_pcie,HOST_to_FPGA,302592,607698.4384000023,607822.7264000024
36,fixed_manifest,50,1,host_fpga_pcie,FPGA_to_HOST,302592,608155.4739200023,608279.7619200024
36,fixed_manifest,50,2,gpu_host,HOST_to_GPU,302592,608279.7619200024,608314.2387200025
36,fixed_manifest,59,1,gpu_host,GPU_to_HOST,302592,609146.1955200027,609180.6723200027
36,fixed_manifest,59,2,host_fpga_pcie,HOST_to_FPGA,302592,609180.6723200027,609304.9603200029
36,fixed_manifest,60,1,host_fpga_pcie,FPGA_to_HOST,302592,609637.7078400028,609761.9958400029
36,fixed_manifest,60,2,gpu_host,HOST_to_GPU,302592,609761.9958400029,609796.472640003
36,fixed_manifest,69,1,gpu_host,GPU_to_HOST,302592,610628.4294400031,610662.9062400032
36,fixed_manifest,69,2,host_fpga_pcie,HOST_to_FPGA,302592,610662.9062400032,610787.1942400032
36,fixed_manifest,70,1,host_fpga_pcie,FPGA_to_HOST,302592,611119.9417600033,611244.2297600034
36,fixed_manifest,70,2,gpu_host,HOST_to_GPU,302592,611244.2297600034,611278.7065600033
36,fixed_manifest,79,1,gpu_host,GPU_to_HOST,302592,612110.6633600036,612145.1401600037
36,fixed_manifest,79,2,host_fpga_pcie,HOST_to_FPGA,302592,612145.1401600037,612269.4281600037
36,fixed_manifest,80,1,host_fpga_pcie,FPGA_to_HOST,302592,612602.1756800037,612726.4636800039
36,fixed_manifest,80,2,gpu_host,HOST_to_GPU,302592,612726.4636800039,612760.9404800038
36,fixed_manifest,89,1,gpu_host,GPU_to_HOST,302592,613592.8972800041,613627.3740800042
36,fixed_manifest,89,2,host_fpga_pcie,HOST_to_FPGA,302592,613627.3740800042,613751.6620800042
36,fixed_manifest,90,1,host_fpga_pcie,FPGA_to_HOST,302592,614084.4096000042,614208.6976000043
36,fixed_manifest,90,2,gpu_host,HOST_to_GPU,302592,614208.6976000043,614243.1744000043
36,fixed_manifest,99,1,gpu_host,GPU_to_HOST,302592,615075.1312000046,615109.6080000045
36,fixed_manifest,99,2,host_fpga_pcie,HOST_to_FPGA,302592,615109.6080000045,615233.8960000047
36,fixed_manifest,100,1,host_fpga_pcie,FPGA_to_HOST,302592,615566.6435200047,615690.9315200048
36,fixed_manifest,100,2,gpu_host,HOST_to_GPU,302592,615690.9315200048,615725.4083200048
36,fixed_manifest,109,1,gpu_host,GPU_to_HOST,302592,616557.365120005,616591.841920005
36,fixed_manifest,109,2,host_fpga_pcie,HOST_to_FPGA,302592,616591.841920005,616716.1299200051
36,fixed_manifest,110,1,host_fpga_pcie,FPGA_to_HOST,302592,617048.8774400052,617173.1654400053
36,fixed_manifest,110,2,gpu_host,HOST_to_GPU,302592,617173.1654400053,617207.6422400052
37,fixed_manifest,9,1,gpu_host,GPU_to_HOST,302592,618289.3661866671,618323.8429866671
37,fixed_manifest,9,2,host_fpga_pcie,HOST_to_FPGA,302592,618323.8429866671,618448.1309866671
36,fixed_manifest,119,1,gpu_host,GPU_to_HOST,302592,618780.8785066672,618815.3553066672
37,fixed_manifest,10,1,host_fpga_pcie,FPGA_to_HOST,302592,618780.8785066672,618969.9777066672
36,fixed_manifest,119,2,host_fpga_pcie,HOST_to_FPGA,302592,618815.3553066672,619004.4545066672
37,fixed_manifest,10,2,gpu_host,HOST_to_GPU,302592,618969.9777066672,619004.4545066672
36,fixed_manifest,120,1,host_fpga_pcie,FPGA_to_HOST,302592,619337.2020266672,619461.4900266672
36,fixed_manifest,120,2,gpu_host,HOST_to_GPU,302592,619461.4900266672,619495.9668266673
37,fixed_manifest,19,1,gpu_host,GPU_to_HOST,302592,619883.9265066675,619918.4033066676
37,fixed_manifest,19,2,host_fpga_pcie,HOST_to_FPGA,302592,619918.4033066676,620042.6913066676
37,fixed_manifest,20,1,host_fpga_pcie,FPGA_to_HOST,302592,620375.4388266677,620499.7268266678
37,fixed_manifest,20,2,gpu_host,HOST_to_GPU,302592,620499.7268266678,620534.2036266677
37,fixed_manifest,29,1,gpu_host,GPU_to_HOST,302592,621366.160426668,621400.6372266681
37,fixed_manifest,29,2,host_fpga_pcie,HOST_to_FPGA,302592,621400.6372266681,621524.9252266681
37,fixed_manifest,30,1,host_fpga_pcie,FPGA_to_HOST,302592,621857.6727466681,621981.9607466683
37,fixed_manifest,30,2,gpu_host,HOST_to_GPU,302592,621981.9607466683,622016.4375466682
37,fixed_manifest,39,1,gpu_host,GPU_to_HOST,302592,622848.3943466685,622882.8711466686
37,fixed_manifest,39,2,host_fpga_pcie,HOST_to_FPGA,302592,622882.8711466686,623007.1591466686
37,fixed_manifest,40,1,host_fpga_pcie,FPGA_to_HOST,302592,623339.9066666686,623464.1946666687
37,fixed_manifest,40,2,gpu_host,HOST_to_GPU,302592,623464.1946666687,623498.6714666687
37,fixed_manifest,49,1,gpu_host,GPU_to_HOST,302592,624330.628266669,624365.1050666689
37,fixed_manifest,49,2,host_fpga_pcie,HOST_to_FPGA,302592,624365.1050666689,624489.3930666691
37,fixed_manifest,50,1,host_fpga_pcie,FPGA_to_HOST,302592,624822.1405866691,624946.4285866691
37,fixed_manifest,50,2,gpu_host,HOST_to_GPU,302592,624946.4285866691,624980.9053866692
37,fixed_manifest,59,1,gpu_host,GPU_to_HOST,302592,625812.8621866694,625847.3389866694
37,fixed_manifest,59,2,host_fpga_pcie,HOST_to_FPGA,302592,625847.3389866694,625971.6269866695
37,fixed_manifest,60,1,host_fpga_pcie,FPGA_to_HOST,302592,626304.3745066696,626428.6625066696
37,fixed_manifest,60,2,gpu_host,HOST_to_GPU,302592,626428.6625066696,626463.1393066696
37,fixed_manifest,69,1,gpu_host,GPU_to_HOST,302592,627295.0961066699,627329.5729066699
37,fixed_manifest,69,2,host_fpga_pcie,HOST_to_FPGA,302592,627329.5729066699,627453.86090667
37,fixed_manifest,70,1,host_fpga_pcie,FPGA_to_HOST,302592,627786.60842667,627910.8964266701
37,fixed_manifest,70,2,gpu_host,HOST_to_GPU,302592,627910.8964266701,627945.3732266701
37,fixed_manifest,79,1,gpu_host,GPU_to_HOST,302592,628777.3300266704,628811.8068266704
37,fixed_manifest,79,2,host_fpga_pcie,HOST_to_FPGA,302592,628811.8068266704,628936.0948266705
37,fixed_manifest,80,1,host_fpga_pcie,FPGA_to_HOST,302592,629268.8423466705,629393.1303466705
37,fixed_manifest,80,2,gpu_host,HOST_to_GPU,302592,629393.1303466705,629427.6071466706
37,fixed_manifest,89,1,gpu_host,GPU_to_HOST,302592,630259.5639466709,630294.0407466708
37,fixed_manifest,89,2,host_fpga_pcie,HOST_to_FPGA,302592,630294.0407466708,630418.328746671
37,fixed_manifest,90,1,host_fpga_pcie,FPGA_to_HOST,302592,630751.076266671,630875.364266671
37,fixed_manifest,90,2,gpu_host,HOST_to_GPU,302592,630875.364266671,630909.8410666711
37,fixed_manifest,99,1,gpu_host,GPU_to_HOST,302592,631741.7978666712,631776.2746666713
37,fixed_manifest,99,2,host_fpga_pcie,HOST_to_FPGA,302592,631776.2746666713,631900.5626666714
37,fixed_manifest,100,1,host_fpga_pcie,FPGA_to_HOST,302592,632233.3101866714,632357.5981866715
37,fixed_manifest,100,2,gpu_host,HOST_to_GPU,302592,632357.5981866715,632392.0749866714
37,fixed_manifest,109,1,gpu_host,GPU_to_HOST,302592,633224.0317866717,633258.5085866718
37,fixed_manifest,109,2,host_fpga_pcie,HOST_to_FPGA,302592,633258.5085866718,633382.7965866718
37,fixed_manifest,110,1,host_fpga_pcie,FPGA_to_HOST,302592,633715.5441066718,633839.832106672
37,fixed_manifest,110,2,gpu_host,HOST_to_GPU,302592,633839.832106672,633874.3089066719
38,fixed_manifest,9,1,gpu_host,GPU_to_HOST,302592,634956.0328533337,634990.5096533338
38,fixed_manifest,9,2,host_fpga_pcie,HOST_to_FPGA,302592,634990.5096533338,635114.7976533339
37,fixed_manifest,119,1,gpu_host,GPU_to_HOST,302592,635447.545173334,635482.0219733339
38,fixed_manifest,10,1,host_fpga_pcie,FPGA_to_HOST,302592,635447.545173334,635636.6443733339
37,fixed_manifest,119,2,host_fpga_pcie,HOST_to_FPGA,302592,635482.0219733339,635671.121173334
38,fixed_manifest,10,2,gpu_host,HOST_to_GPU,302592,635636.6443733339,635671.121173334
37,fixed_manifest,120,1,host_fpga_pcie,FPGA_to_HOST,302592,636003.8686933339,636128.156693334
37,fixed_manifest,120,2,gpu_host,HOST_to_GPU,302592,636128.156693334,636162.633493334
38,fixed_manifest,19,1,gpu_host,GPU_to_HOST,302592,636550.5931733343,636585.0699733343
38,fixed_manifest,19,2,host_fpga_pcie,HOST_to_FPGA,302592,636585.0699733343,636709.3579733344
38,fixed_manifest,20,1,host_fpga_pcie,FPGA_to_HOST,302592,637042.1054933344,637166.3934933345
38,fixed_manifest,20,2,gpu_host,HOST_to_GPU,302592,637166.3934933345,637200.8702933345
38,fixed_manifest,29,1,gpu_host,GPU_to_HOST,302592,638032.8270933348,638067.3038933348
38,fixed_manifest,29,2,host_fpga_pcie,HOST_to_FPGA,302592,638067.3038933348,638191.5918933349
38,fixed_manifest,30,1,host_fpga_pcie,FPGA_to_HOST,302592,638524.3394133348,638648.6274133349
38,fixed_manifest,30,2,gpu_host,HOST_to_GPU,302592,638648.6274133349,638683.104213335
38,fixed_manifest,39,1,gpu_host,GPU_to_HOST,302592,639515.0610133352,639549.5378133352
38,fixed_manifest,39,2,host_fpga_pcie,HOST_to_FPGA,302592,639549.5378133352,639673.8258133354
38,fixed_manifest,40,1,host_fpga_pcie,FPGA_to_HOST,302592,640006.5733333353,640130.8613333354
38,fixed_manifest,40,2,gpu_host,HOST_to_GPU,302592,640130.8613333354,640165.3381333355
38,fixed_manifest,49,1,gpu_host,GPU_to_HOST,302592,640997.2949333357,641031.7717333357
38,fixed_manifest,49,2,host_fpga_pcie,HOST_to_FPGA,302592,641031.7717333357,641156.0597333357
38,fixed_manifest,50,1,host_fpga_pcie,FPGA_to_HOST,302592,641488.8072533358,641613.0952533359
38,fixed_manifest,50,2,gpu_host,HOST_to_GPU,302592,641613.0952533359,641647.5720533358
38,fixed_manifest,59,1,gpu_host,GPU_to_HOST,302592,642479.5288533361,642514.0056533362
38,fixed_manifest,59,2,host_fpga_pcie,HOST_to_FPGA,302592,642514.0056533362,642638.2936533362
38,fixed_manifest,60,1,host_fpga_pcie,FPGA_to_HOST,302592,642971.0411733362,643095.3291733364
38,fixed_manifest,60,2,gpu_host,HOST_to_GPU,302592,643095.3291733364,643129.8059733363
38,fixed_manifest,69,1,gpu_host,GPU_to_HOST,302592,643961.7627733366,643996.2395733367
38,fixed_manifest,69,2,host_fpga_pcie,HOST_to_FPGA,302592,643996.2395733367,644120.5275733367
38,fixed_manifest,70,1,host_fpga_pcie,FPGA_to_HOST,302592,644453.2750933367,644577.5630933368
38,fixed_manifest,70,2,gpu_host,HOST_to_GPU,302592,644577.5630933368,644612.0398933368
38,fixed_manifest,79,1,gpu_host,GPU_to_HOST,302592,645443.9966933371,645478.473493337
38,fixed_manifest,79,2,host_fpga_pcie,HOST_to_FPGA,302592,645478.473493337,645602.7614933372
38,fixed_manifest,80,1,host_fpga_pcie,FPGA_to_HOST,302592,645935.5090133372,646059.7970133373
38,fixed_manifest,80,2,gpu_host,HOST_to_GPU,302592,646059.7970133373,646094.2738133373
38,fixed_manifest,89,1,gpu_host,GPU_to_HOST,302592,646926.2306133375,646960.7074133375
38,fixed_manifest,89,2,host_fpga_pcie,HOST_to_FPGA,302592,646960.7074133375,647084.9954133376
38,fixed_manifest,90,1,host_fpga_pcie,FPGA_to_HOST,302592,647417.7429333377,647542.0309333378
38,fixed_manifest,90,2,gpu_host,HOST_to_GPU,302592,647542.0309333378,647576.5077333377
38,fixed_manifest,99,1,gpu_host,GPU_to_HOST,302592,648408.464533338,648442.941333338
38,fixed_manifest,99,2,host_fpga_pcie,HOST_to_FPGA,302592,648442.941333338,648567.2293333381
38,fixed_manifest,100,1,host_fpga_pcie,FPGA_to_HOST,302592,648899.9768533381,649024.2648533382
38,fixed_manifest,100,2,gpu_host,HOST_to_GPU,302592,649024.2648533382,649058.7416533382
38,fixed_manifest,109,1,gpu_host,GPU_to_HOST,302592,649890.6984533385,649925.1752533385
38,fixed_manifest,109,2,host_fpga_pcie,HOST_to_FPGA,302592,649925.1752533385,650049.4632533386
38,fixed_manifest,110,1,host_fpga_pcie,FPGA_to_HOST,302592,650382.2107733386,650506.4987733386
38,fixed_manifest,110,2,gpu_host,HOST_to_GPU,302592,650506.4987733386,650540.9755733387
39,fixed_manifest,9,1,gpu_host,GPU_to_HOST,302592,651622.6995200004,651657.1763200004
39,fixed_manifest,9,2,host_fpga_pcie,HOST_to_FPGA,302592,651657.1763200004,651781.4643200005
38,fixed_manifest,119,1,gpu_host,GPU_to_HOST,302592,652114.2118400005,652148.6886400005
39,fixed_manifest,10,1,host_fpga_pcie,FPGA_to_HOST,302592,652114.2118400005,652303.3110400005
38,fixed_manifest,119,2,host_fpga_pcie,HOST_to_FPGA,302592,652148.6886400005,652337.7878400005
39,fixed_manifest,10,2,gpu_host,HOST_to_GPU,302592,652303.3110400005,652337.7878400005
38,fixed_manifest,120,1,host_fpga_pcie,FPGA_to_HOST,302592,652670.5353600006,652794.8233600006
38,fixed_manifest,120,2,gpu_host,HOST_to_GPU,302592,652794.8233600006,652829.3001600007
39,fixed_manifest,19,1,gpu_host,GPU_to_HOST,302592,653217.2598400009,653251.736640001
39,fixed_manifest,19,2,host_fpga_pcie,HOST_to_FPGA,302592,653251.736640001,653376.024640001
39,fixed_manifest,20,1,host_fpga_pcie,FPGA_to_HOST,302592,653708.772160001,653833.060160001
39,fixed_manifest,20,2,gpu_host,HOST_to_GPU,302592,653833.060160001,653867.5369600011
39,fixed_manifest,29,1,gpu_host,GPU_to_HOST,302592,654699.4937600014,654733.9705600013
39,fixed_manifest,29,2,host_fpga_pcie,HOST_to_FPGA,302592,654733.9705600013,654858.2585600015
39,fixed_manifest,30,1,host_fpga_pcie,FPGA_to_HOST,302592,655191.0060800015,655315.2940800015
39,fixed_manifest,30,2,gpu_host,HOST_to_GPU,302592,655315.2940800015,655349.7708800016
39,fixed_manifest,39,1,gpu_host,GPU_to_HOST,302592,656181.7276800019,656216.2044800018
39,fixed_manifest,39,2,host_fpga_pcie,HOST_to_FPGA,302592,656216.2044800018,656340.4924800019
39,fixed_manifest,40,1,host_fpga_pcie,FPGA_to_HOST,302592,656673.240000002,656797.528000002
39,fixed_manifest,40,2,gpu_host,HOST_to_GPU,302592,656797.528000002,656832.0048000021
39,fixed_manifest,49,1,gpu_host,GPU_to_HOST,302592,657663.9616000023,657698.4384000023
39,fixed_manifest,49,2,host_fpga_pcie,HOST_to_FPGA,302592,657698.4384000023,657822.7264000024
39,fixed_manifest,50,1,host_fpga_pcie,FPGA_to_HOST,302592,658155.4739200023,658279.7619200025
39,fixed_manifest,50,2,gpu_host,HOST_to_GPU,302592,658279.7619200025,658314.2387200025
39,fixed_manifest,59,1,gpu_host,GPU_to_HOST,302592,659146.1955200027,659180.6723200028
39,fixed_manifest,59,2,host_fpga_pcie,HOST_to_FPGA,302592,659180.6723200028,659304.9603200029
39,fixed_manifest,60,1,host_fpga_pcie,FPGA_to_HOST,302592,659637.7078400028,659761.9958400029
39,fixed_manifest,60,2,gpu_host,HOST_to_GPU,302592,659761.9958400029,659796.472640003
39,fixed_manifest,69,1,gpu_host,GPU_to_HOST,302592,660628.4294400032,660662.9062400032
39,fixed_manifest,69,2,host_fpga_pcie,HOST_to_FPGA,302592,660662.9062400032,660787.1942400034
39,fixed_manifest,70,1,host_fpga_pcie,FPGA_to_HOST,302592,661119.9417600033,661244.2297600034
39,fixed_manifest,70,2,gpu_host,HOST_to_GPU,302592,661244.2297600034,661278.7065600035
39,fixed_manifest,79,1,gpu_host,GPU_to_HOST,302592,662110.6633600037,662145.1401600037
39,fixed_manifest,79,2,host_fpga_pcie,HOST_to_FPGA,302592,662145.1401600037,662269.4281600037
39,fixed_manifest,80,1,host_fpga_pcie,FPGA_to_HOST,302592,662602.1756800038,662726.4636800039
39,fixed_manifest,80,2,gpu_host,HOST_to_GPU,302592,662726.4636800039,662760.940480004
39,fixed_manifest,89,1,gpu_host,GPU_to_HOST,302592,663592.8972800041,663627.3740800042
39,fixed_manifest,89,2,host_fpga_pcie,HOST_to_FPGA,302592,663627.3740800042,663751.6620800042
39,fixed_manifest,90,1,host_fpga_pcie,FPGA_to_HOST,302592,664084.4096000042,664208.6976000044
39,fixed_manifest,90,2,gpu_host,HOST_to_GPU,302592,664208.6976000044,664243.1744000043
39,fixed_manifest,99,1,gpu_host,GPU_to_HOST,302592,665075.1312000046,665109.6080000047
39,fixed_manifest,99,2,host_fpga_pcie,HOST_to_FPGA,302592,665109.6080000047,665233.8960000047
39,fixed_manifest,100,1,host_fpga_pcie,FPGA_to_HOST,302592,665566.6435200047,665690.9315200048
39,fixed_manifest,100,2,gpu_host,HOST_to_GPU,302592,665690.9315200048,665725.4083200048
39,fixed_manifest,109,1,gpu_host,GPU_to_HOST,302592,666557.3651200051,666591.841920005
39,fixed_manifest,109,2,host_fpga_pcie,HOST_to_FPGA,302592,666591.841920005,666716.1299200052
39,fixed_manifest,110,1,host_fpga_pcie,FPGA_to_HOST,302592,667048.8774400052,667173.1654400053
39,fixed_manifest,110,2,gpu_host,HOST_to_GPU,302592,667173.1654400053,667207.6422400053
40,fixed_manifest,9,1,gpu_host,GPU_to_HOST,302592,668289.3661866671,668323.8429866672
40,fixed_manifest,9,2,host_fpga_pcie,HOST_to_FPGA,302592,668323.8429866672,668448.1309866672
39,fixed_manifest,119,1,gpu_host,GPU_to_HOST,302592,668780.8785066672,668815.3553066673
40,fixed_manifest,10,1,host_fpga_pcie,FPGA_to_HOST,302592,668780.8785066672,668969.9777066673
39,fixed_manifest,119,2,host_fpga_pcie,HOST_to_FPGA,302592,668815.3553066673,669004.4545066672
40,fixed_manifest,10,2,gpu_host,HOST_to_GPU,302592,668969.9777066673,669004.4545066672
39,fixed_manifest,120,1,host_fpga_pcie,FPGA_to_HOST,302592,669337.2020266672,669461.4900266674
39,fixed_manifest,120,2,gpu_host,HOST_to_GPU,302592,669461.4900266674,669495.9668266673
40,fixed_manifest,19,1,gpu_host,GPU_to_HOST,302592,669883.9265066676,669918.4033066676
40,fixed_manifest,19,2,host_fpga_pcie,HOST_to_FPGA,302592,669918.4033066676,670042.6913066678
40,fixed_manifest,20,1,host_fpga_pcie,FPGA_to_HOST,302592,670375.4388266677,670499.7268266678
40,fixed_manifest,20,2,gpu_host,HOST_to_GPU,302592,670499.7268266678,670534.2036266678
40,fixed_manifest,29,1,gpu_host,GPU_to_HOST,302592,671366.1604266681,671400.6372266681
40,fixed_manifest,29,2,host_fpga_pcie,HOST_to_FPGA,302592,671400.6372266681,671524.9252266681
40,fixed_manifest,30,1,host_fpga_pcie,FPGA_to_HOST,302592,671857.6727466682,671981.9607466683
40,fixed_manifest,30,2,gpu_host,HOST_to_GPU,302592,671981.9607466683,672016.4375466683
40,fixed_manifest,39,1,gpu_host,GPU_to_HOST,302592,672848.3943466685,672882.8711466686
40,fixed_manifest,39,2,host_fpga_pcie,HOST_to_FPGA,302592,672882.8711466686,673007.1591466686
40,fixed_manifest,40,1,host_fpga_pcie,FPGA_to_HOST,302592,673339.9066666686,673464.1946666688
40,fixed_manifest,40,2,gpu_host,HOST_to_GPU,302592,673464.1946666688,673498.6714666687
40,fixed_manifest,49,1,gpu_host,GPU_to_HOST,302592,674330.628266669,674365.105066669
40,fixed_manifest,49,2,host_fpga_pcie,HOST_to_FPGA,302592,674365.105066669,674489.3930666691
40,fixed_manifest,50,1,host_fpga_pcie,FPGA_to_HOST,302592,674822.1405866691,674946.4285866691
40,fixed_manifest,50,2,gpu_host,HOST_to_GPU,302592,674946.4285866691,674980.9053866692
40,fixed_manifest,59,1,gpu_host,GPU_to_HOST,302592,675812.8621866695,675847.3389866694
40,fixed_manifest,59,2,host_fpga_pcie,HOST_to_FPGA,302592,675847.3389866694,675971.6269866696
40,fixed_manifest,60,1,host_fpga_pcie,FPGA_to_HOST,302592,676304.3745066696,676428.6625066696
40,fixed_manifest,60,2,gpu_host,HOST_to_GPU,302592,676428.6625066696,676463.1393066697
40,fixed_manifest,69,1,gpu_host,GPU_to_HOST,302592,677295.09610667,677329.5729066699
40,fixed_manifest,69,2,host_fpga_pcie,HOST_to_FPGA,302592,677329.5729066699,677453.86090667
40,fixed_manifest,70,1,host_fpga_pcie,FPGA_to_HOST,302592,677786.6084266701,677910.8964266701
40,fixed_manifest,70,2,gpu_host,HOST_to_GPU,302592,677910.8964266701,677945.3732266702
40,fixed_manifest,79,1,gpu_host,GPU_to_HOST,302592,678777.3300266704,678811.8068266704
40,fixed_manifest,79,2,host_fpga_pcie,HOST_to_FPGA,302592,678811.8068266704,678936.0948266705
40,fixed_manifest,80,1,host_fpga_pcie,FPGA_to_HOST,302592,679268.8423466705,679393.1303466706
40,fixed_manifest,80,2,gpu_host,HOST_to_GPU,302592,679393.1303466706,679427.6071466706
40,fixed_manifest,89,1,gpu_host,GPU_to_HOST,302592,680259.5639466709,680294.0407466709
40,fixed_manifest,89,2,host_fpga_pcie,HOST_to_FPGA,302592,680294.0407466709,680418.328746671
40,fixed_manifest,90,1,host_fpga_pcie,FPGA_to_HOST,302592,680751.076266671,680875.364266671
40,fixed_manifest,90,2,gpu_host,HOST_to_GPU,302592,680875.364266671,680909.8410666711
40,fixed_manifest,99,1,gpu_host,GPU_to_HOST,302592,681741.7978666713,681776.2746666713
40,fixed_manifest,99,2,host_fpga_pcie,HOST_to_FPGA,302592,681776.2746666713,681900.5626666715
40,fixed_manifest,100,1,host_fpga_pcie,FPGA_to_HOST,302592,682233.3101866714,682357.5981866715
40,fixed_manifest,100,2,gpu_host,HOST_to_GPU,302592,682357.5981866715,682392.0749866716
40,fixed_manifest,109,1,gpu_host,GPU_to_HOST,302592,683224.0317866718,683258.5085866718
40,fixed_manifest,109,2,host_fpga_pcie,HOST_to_FPGA,302592,683258.5085866718,683382.7965866718
40,fixed_manifest,110,1,host_fpga_pcie,FPGA_to_HOST,302592,683715.5441066719,683839.832106672
40,fixed_manifest,110,2,gpu_host,HOST_to_GPU,302592,683839.832106672,683874.308906672
41,fixed_manifest,9,1,gpu_host,GPU_to_HOST,302592,684956.0328533337,684990.5096533337
41,fixed_manifest,9,2,host_fpga_pcie,HOST_to_FPGA,302592,684990.5096533337,685114.7976533339
40,fixed_manifest,119,1,gpu_host,GPU_to_HOST,302592,685447.5451733338,685482.0219733339
41,fixed_manifest,10,1,host_fpga_pcie,FPGA_to_HOST,302592,685447.5451733338,685636.6443733338
40,fixed_manifest,119,2,host_fpga_pcie,HOST_to_FPGA,302592,685482.0219733339,685671.1211733338
41,fixed_manifest,10,2,gpu_host,HOST_to_GPU,302592,685636.6443733338,685671.1211733338
40,fixed_manifest,120,1,host_fpga_pcie,FPGA_to_HOST,302592,686003.8686933338,686128.156693334
40,fixed_manifest,120,2,gpu_host,HOST_to_GPU,302592,686128.156693334,686162.6334933339
41,fixed_manifest,19,1,gpu_host,GPU_to_HOST,302592,686550.5931733343,686585.0699733342
41,fixed_manifest,19,2,host_fpga_pcie,HOST_to_FPGA,302592,686585.0699733342,686709.3579733344
41,fixed_manifest,20,1,host_fpga_pcie,FPGA_to_HOST,302592,687042.1054933344,687166.3934933344
41,fixed_manifest,20,2,gpu_host,HOST_to_GPU,302592,687166.3934933344,687200.8702933345
41,fixed_manifest,29,1,gpu_host,GPU_to_HOST,302592,688032.8270933346,688067.3038933347
41,fixed_manifest,29,2,host_fpga_pcie,HOST_to_FPGA,302592,688067.3038933347,688191.5918933348
41,fixed_manifest,30,1,host_fpga_pcie,FPGA_to_HOST,302592,688524.3394133348,688648.6274133349
41,fixed_manifest,30,2,gpu_host,HOST_to_GPU,302592,688648.6274133349,688683.1042133349
41,fixed_manifest,39,1,gpu_host,GPU_to_HOST,302592,689515.0610133351,689549.5378133352
41,fixed_manifest,39,2,host_fpga_pcie,HOST_to_FPGA,302592,689549.5378133352,689673.8258133353
41,fixed_manifest,40,1,host_fpga_pcie,FPGA_to_HOST,302592,690006.5733333352,690130.8613333354
41,fixed_manifest,40,2,gpu_host,HOST_to_GPU,302592,690130.8613333354,690165.3381333353
41,fixed_manifest,49,1,gpu_host,GPU_to_HOST,302592,690997.2949333356,691031.7717333357
41,fixed_manifest,49,2,host_fpga_pcie,HOST_to_FPGA,302592,691031.7717333357,691156.0597333357
41,fixed_manifest,50,1,host_fpga_pcie,FPGA_to_HOST,302592,691488.8072533357,691613.0952533358
41,fixed_manifest,50,2,gpu_host,HOST_to_GPU,302592,691613.0952533358,691647.5720533358
41,fixed_manifest,59,1,gpu_host,GPU_to_HOST,302592,692479.5288533361,692514.0056533361
41,fixed_manifest,59,2,host_fpga_pcie,HOST_to_FPGA,302592,692514.0056533361,692638.2936533361
41,fixed_manifest,60,1,host_fpga_pcie,FPGA_to_HOST,302592,692971.0411733362,693095.3291733363
41,fixed_manifest,60,2,gpu_host,HOST_to_GPU,302592,693095.3291733363,693129.8059733363
41,fixed_manifest,69,1,gpu_host,GPU_to_HOST,302592,693961.7627733365,693996.2395733366
41,fixed_manifest,69,2,host_fpga_pcie,HOST_to_FPGA,302592,693996.2395733366,694120.5275733366
41,fixed_manifest,70,1,host_fpga_pcie,FPGA_to_HOST,302592,694453.2750933367,694577.5630933368
41,fixed_manifest,70,2,gpu_host,HOST_to_GPU,302592,694577.5630933368,694612.0398933367
41,fixed_manifest,79,1,gpu_host,GPU_to_HOST,302592,695443.996693337,695478.473493337
41,fixed_manifest,79,2,host_fpga_pcie,HOST_to_FPGA,302592,695478.473493337,695602.7614933371
41,fixed_manifest,80,1,host_fpga_pcie,FPGA_to_HOST,302592,695935.5090133371,696059.7970133373
41,fixed_manifest,80,2,gpu_host,HOST_to_GPU,302592,696059.7970133373,696094.2738133372
41,fixed_manifest,89,1,gpu_host,GPU_to_HOST,302592,696926.2306133375,696960.7074133375
41,fixed_manifest,89,2,host_fpga_pcie,HOST_to_FPGA,302592,696960.7074133375,697084.9954133376
41,fixed_manifest,90,1,host_fpga_pcie,FPGA_to_HOST,302592,697417.7429333376,697542.0309333376
41,fixed_manifest,90,2,gpu_host,HOST_to_GPU,302592,697542.0309333376,697576.5077333377
41,fixed_manifest,99,1,gpu_host,GPU_to_HOST,302592,698408.464533338,698442.9413333379
41,fixed_manifest,99,2,host_fpga_pcie,HOST_to_FPGA,302592,698442.9413333379,698567.229333338
41,fixed_manifest,100,1,host_fpga_pcie,FPGA_to_HOST,302592,698899.9768533381,699024.2648533381
41,fixed_manifest,100,2,gpu_host,HOST_to_GPU,302592,699024.2648533381,699058.7416533382
41,fixed_manifest,109,1,gpu_host,GPU_to_HOST,302592,699890.6984533384,699925.1752533384
41,fixed_manifest,109,2,host_fpga_pcie,HOST_to_FPGA,302592,699925.1752533384,700049.4632533385
41,fixed_manifest,110,1,host_fpga_pcie,FPGA_to_HOST,302592,700382.2107733386,700506.4987733386
41,fixed_manifest,110,2,gpu_host,HOST_to_GPU,302592,700506.4987733386,700540.9755733386
42,fixed_manifest,9,1,gpu_host,GPU_to_HOST,302592,701622.6995200004,701657.1763200003
42,fixed_manifest,9,2,host_fpga_pcie,HOST_to_FPGA,302592,701657.1763200003,701781.4643200005
41,fixed_manifest,119,1,gpu_host,GPU_to_HOST,302592,702114.2118400005,702148.6886400004
42,fixed_manifest,10,1,host_fpga_pcie,FPGA_to_HOST,302592,702114.2118400005,702303.3110400004
41,fixed_manifest,119,2,host_fpga_pcie,HOST_to_FPGA,302592,702148.6886400004,702337.7878400005
42,fixed_manifest,10,2,gpu_host,HOST_to_GPU,302592,702303.3110400004,702337.7878400005
41,fixed_manifest,120,1,host_fpga_pcie,FPGA_to_HOST,302592,702670.5353600004,702794.8233600005
41,fixed_manifest,120,2,gpu_host,HOST_to_GPU,302592,702794.8233600005,702829.3001600006
42,fixed_manifest,19,1,gpu_host,GPU_to_HOST,302592,703217.2598400009,703251.7366400008
42,fixed_manifest,19,2,host_fpga_pcie,HOST_to_FPGA,302592,703251.7366400008,703376.0246400009
42,fixed_manifest,20,1,host_fpga_pcie,FPGA_to_HOST,302592,703708.772160001,703833.060160001
42,fixed_manifest,20,2,gpu_host,HOST_to_GPU,302592,703833.060160001,703867.536960001
42,fixed_manifest,29,1,gpu_host,GPU_to_HOST,302592,704699.4937600013,704733.9705600013
42,fixed_manifest,29,2,host_fpga_pcie,HOST_to_FPGA,302592,704733.9705600013,704858.2585600014
42,fixed_manifest,30,1,host_fpga_pcie,FPGA_to_HOST,302592,705191.0060800014,705315.2940800015
42,fixed_manifest,30,2,gpu_host,HOST_to_GPU,302592,705315.2940800015,705349.7708800015
42,fixed_manifest,39,1,gpu_host,GPU_to_HOST,302592,706181.7276800018,706216.2044800018
42,fixed_manifest,39,2,host_fpga_pcie,HOST_to_FPGA,302592,706216.2044800018,706340.4924800019
42,fixed_manifest,40,1,host_fpga_pcie,FPGA_to_HOST,302592,706673.2400000019,706797.5280000019
42,fixed_manifest,40,2,gpu_host,HOST_to_GPU,302592,706797.5280000019,706832.004800002
42,fixed_manifest,49,1,gpu_host,GPU_to_HOST,302592,707663.9616000023,707698.4384000022
42,fixed_manifest,49,2,host_fpga_pcie,HOST_to_FPGA,302592,707698.4384000022,707822.7264000024
42,fixed_manifest,50,1,host_fpga_pcie,FPGA_to_HOST,302592,708155.4739200023,708279.7619200024
42,fixed_manifest,50,2,gpu_host,HOST_to_GPU,302592,708279.7619200024,708314.2387200025
42,fixed_manifest,59,1,gpu_host,GPU_to_HOST,302592,709146.1955200027,709180.6723200027
42,fixed_manifest,59,2,host_fpga_pcie,HOST_to_FPGA,302592,709180.6723200027,709304.9603200027
42,fixed_manifest,60,1,host_fpga_pcie,FPGA_to_HOST,302592,709637.7078400028,709761.9958400029
42,fixed_manifest,60,2,gpu_host,HOST_to_GPU,302592,709761.9958400029,709796.4726400028
42,fixed_manifest,69,1,gpu_host,GPU_to_HOST,302592,710628.4294400031,710662.9062400032
42,fixed_manifest,69,2,host_fpga_pcie,HOST_to_FPGA,302592,710662.9062400032,710787.1942400032
42,fixed_manifest,70,1,host_fpga_pcie,FPGA_to_HOST,302592,711119.9417600032,711244.2297600034
42,fixed_manifest,70,2,gpu_host,HOST_to_GPU,302592,711244.2297600034,711278.7065600033
42,fixed_manifest,79,1,gpu_host,GPU_to_HOST,302592,712110.6633600036,712145.1401600037
42,fixed_manifest,79,2,host_fpga_pcie,HOST_to_FPGA,302592,712145.1401600037,712269.4281600037
42,fixed_manifest,80,1,host_fpga_pcie,FPGA_to_HOST,302592,712602.1756800037,712726.4636800038
42,fixed_manifest,80,2,gpu_host,HOST_to_GPU,302592,712726.4636800038,712760.9404800038
42,fixed_manifest,89,1,gpu_host,GPU_to_HOST,302592,713592.8972800041,713627.374080004
42,fixed_manifest,89,2,host_fpga_pcie,HOST_to_FPGA,302592,713627.374080004,713751.6620800042
42,fixed_manifest,90,1,host_fpga_pcie,FPGA_to_HOST,302592,714084.4096000042,714208.6976000043
42,fixed_manifest,90,2,gpu_host,HOST_to_GPU,302592,714208.6976000043,714243.1744000043
42,fixed_manifest,99,1,gpu_host,GPU_to_HOST,302592,715075.1312000045,715109.6080000045
42,fixed_manifest,99,2,host_fpga_pcie,HOST_to_FPGA,302592,715109.6080000045,715233.8960000046
42,fixed_manifest,100,1,host_fpga_pcie,FPGA_to_HOST,302592,715566.6435200047,715690.9315200048
42,fixed_manifest,100,2,gpu_host,HOST_to_GPU,302592,715690.9315200048,715725.4083200047
42,fixed_manifest,109,1,gpu_host,GPU_to_HOST,302592,716557.365120005,716591.841920005
42,fixed_manifest,109,2,host_fpga_pcie,HOST_to_FPGA,302592,716591.841920005,716716.1299200051
42,fixed_manifest,110,1,host_fpga_pcie,FPGA_to_HOST,302592,717048.8774400051,717173.1654400053
42,fixed_manifest,110,2,gpu_host,HOST_to_GPU,302592,717173.1654400053,717207.6422400052
43,fixed_manifest,9,1,gpu_host,GPU_to_HOST,302592,718289.3661866671,718323.8429866672
43,fixed_manifest,9,2,host_fpga_pcie,HOST_to_FPGA,302592,718323.8429866672,718448.1309866672
42,fixed_manifest,119,1,gpu_host,GPU_to_HOST,302592,718780.8785066673,718815.3553066673
43,fixed_manifest,10,1,host_fpga_pcie,FPGA_to_HOST,302592,718780.8785066673,718969.9777066673
42,fixed_manifest,119,2,host_fpga_pcie,HOST_to_FPGA,302592,718815.3553066673,719004.4545066673
43,fixed_manifest,10,2,gpu_host,HOST_to_GPU,302592,718969.9777066673,719004.4545066673
42,fixed_manifest,120,1,host_fpga_pcie,FPGA_to_HOST,302592,719337.2020266673,719461.4900266674
42,fixed_manifest,120,2,gpu_host,HOST_to_GPU,302592,719461.4900266674,719495.9668266674
43,fixed_manifest,19,1,gpu_host,GPU_to_HOST,302592,719883.9265066676,719918.4033066677
43,fixed_manifest,19,2,host_fpga_pcie,HOST_to_FPGA,302592,719918.4033066677,720042.6913066678
43,fixed_manifest,20,1,host_fpga_pcie,FPGA_to_HOST,302592,720375.4388266677,720499.7268266679
43,fixed_manifest,20,2,gpu_host,HOST_to_GPU,302592,720499.7268266679,720534.2036266678
43,fixed_manifest,29,1,gpu_host,GPU_to_HOST,302592,721366.1604266681,721400.6372266682
43,fixed_manifest,29,2,host_fpga_pcie,HOST_to_FPGA,302592,721400.6372266682,721524.9252266682
43,fixed_manifest,30,1,host_fpga_pcie,FPGA_to_HOST,302592,721857.6727466682,721981.9607466683
43,fixed_manifest,30,2,gpu_host,HOST_to_GPU,302592,721981.9607466683,722016.4375466683
43,fixed_manifest,39,1,gpu_host,GPU_to_HOST,302592,722848.3943466686,722882.8711466686
43,fixed_manifest,39,2,host_fpga_pcie,HOST_to_FPGA,302592,722882.8711466686,723007.1591466687
43,fixed_manifest,40,1,host_fpga_pcie,FPGA_to_HOST,302592,723339.9066666687,723464.1946666688
43,fixed_manifest,40,2,gpu_host,HOST_to_GPU,302592,723464.1946666688,723498.6714666688
43,fixed_manifest,49,1,gpu_host,GPU_to_HOST,302592,724330.628266669,724365.105066669
43,fixed_manifest,49,2,host_fpga_pcie,HOST_to_FPGA,302592,724365.105066669,724489.3930666691
43,fixed_manifest,50,1,host_fpga_pcie,FPGA_to_HOST,302592,724822.1405866692,724946.4285866693
43,fixed_manifest,50,2,gpu_host,HOST_to_GPU,302592,724946.4285866693,724980.9053866692
43,fixed_manifest,59,1,gpu_host,GPU_to_HOST,302592,725812.8621866695,725847.3389866696
43,fixed_manifest,59,2,host_fpga_pcie,HOST_to_FPGA,302592,725847.3389866696,725971.6269866696
43,fixed_manifest,60,1,host_fpga_pcie,FPGA_to_HOST,302592,726304.3745066696,726428.6625066698
43,fixed_manifest,60,2,gpu_host,HOST_to_GPU,302592,726428.6625066698,726463.1393066697
43,fixed_manifest,69,1,gpu_host,GPU_to_HOST,302592,727295.09610667,727329.57290667
43,fixed_manifest,69,2,host_fpga_pcie,HOST_to_FPGA,302592,727329.57290667,727453.8609066701
43,fixed_manifest,70,1,host_fpga_pcie,FPGA_to_HOST,302592,727786.6084266701,727910.8964266701
43,fixed_manifest,70,2,gpu_host,HOST_to_GPU,302592,727910.8964266701,727945.3732266702
43,fixed_manifest,79,1,gpu_host,GPU_to_HOST,302592,728777.3300266705,728811.8068266704
43,fixed_manifest,79,2,host_fpga_pcie,HOST_to_FPGA,302592,728811.8068266704,728936.0948266706
43,fixed_manifest,80,1,host_fpga_pcie,FPGA_to_HOST,302592,729268.8423466706,729393.1303466706
43,fixed_manifest,80,2,gpu_host,HOST_to_GPU,302592,729393.1303466706,729427.6071466707
43,fixed_manifest,89,1,gpu_host,GPU_to_HOST,302592,730259.5639466709,730294.0407466709
43,fixed_manifest,89,2,host_fpga_pcie,HOST_to_FPGA,302592,730294.0407466709,730418.328746671
43,fixed_manifest,90,1,host_fpga_pcie,FPGA_to_HOST,302592,730751.0762666711,730875.3642666711
43,fixed_manifest,90,2,gpu_host,HOST_to_GPU,302592,730875.3642666711,730909.8410666711
43,fixed_manifest,99,1,gpu_host,GPU_to_HOST,302592,731741.7978666713,731776.2746666714
43,fixed_manifest,99,2,host_fpga_pcie,HOST_to_FPGA,302592,731776.2746666714,731900.5626666715
43,fixed_manifest,100,1,host_fpga_pcie,FPGA_to_HOST,302592,732233.3101866714,732357.5981866716
43,fixed_manifest,100,2,gpu_host,HOST_to_GPU,302592,732357.5981866716,732392.0749866716
43,fixed_manifest,109,1,gpu_host,GPU_to_HOST,302592,733224.0317866718,733258.5085866719
43,fixed_manifest,109,2,host_fpga_pcie,HOST_to_FPGA,302592,733258.5085866719,733382.796586672
43,fixed_manifest,110,1,host_fpga_pcie,FPGA_to_HOST,302592,733715.5441066719,733839.832106672
43,fixed_manifest,110,2,gpu_host,HOST_to_GPU,302592,733839.832106672,733874.308906672
44,fixed_manifest,9,1,gpu_host,GPU_to_HOST,302592,734956.0328533337,734990.5096533338
44,fixed_manifest,9,2,host_fpga_pcie,HOST_to_FPGA,302592,734990.5096533338,735114.7976533339
43,fixed_manifest,119,1,gpu_host,GPU_to_HOST,302592,735447.5451733338,735482.0219733339
44,fixed_manifest,10,1,host_fpga_pcie,FPGA_to_HOST,302592,735447.5451733338,735636.6443733339
43,fixed_manifest,119,2,host_fpga_pcie,HOST_to_FPGA,302592,735482.0219733339,735671.1211733338
44,fixed_manifest,10,2,gpu_host,HOST_to_GPU,302592,735636.6443733339,735671.1211733338
43,fixed_manifest,120,1,host_fpga_pcie,FPGA_to_HOST,302592,736003.8686933339,736128.156693334
43,fixed_manifest,120,2,gpu_host,HOST_to_GPU,302592,736128.156693334,736162.6334933339
44,fixed_manifest,19,1,gpu_host,GPU_to_HOST,302592,736550.5931733343,736585.0699733343
44,fixed_manifest,19,2,host_fpga_pcie,HOST_to_FPGA,302592,736585.0699733343,736709.3579733344
44,fixed_manifest,20,1,host_fpga_pcie,FPGA_to_HOST,302592,737042.1054933344,737166.3934933344
44,fixed_manifest,20,2,gpu_host,HOST_to_GPU,302592,737166.3934933344,737200.8702933345
44,fixed_manifest,29,1,gpu_host,GPU_to_HOST,302592,738032.8270933348,738067.3038933347
44,fixed_manifest,29,2,host_fpga_pcie,HOST_to_FPGA,302592,738067.3038933347,738191.5918933349
44,fixed_manifest,30,1,host_fpga_pcie,FPGA_to_HOST,302592,738524.3394133348,738648.6274133349
44,fixed_manifest,30,2,gpu_host,HOST_to_GPU,302592,738648.6274133349,738683.104213335
44,fixed_manifest,39,1,gpu_host,GPU_to_HOST,302592,739515.0610133352,739549.5378133352
44,fixed_manifest,39,2,host_fpga_pcie,HOST_to_FPGA,302592,739549.5378133352,739673.8258133353
44,fixed_manifest,40,1,host_fpga_pcie,FPGA_to_HOST,302592,740006.5733333353,740130.8613333354
44,fixed_manifest,40,2,gpu_host,HOST_to_GPU,302592,740130.8613333354,740165.3381333353
44,fixed_manifest,49,1,gpu_host,GPU_to_HOST,302592,740997.2949333356,741031.7717333357
44,fixed_manifest,49,2,host_fpga_pcie,HOST_to_FPGA,302592,741031.7717333357,741156.0597333357
44,fixed_manifest,50,1,host_fpga_pcie,FPGA_to_HOST,302592,741488.8072533357,741613.0952533359
44,fixed_manifest,50,2,gpu_host,HOST_to_GPU,302592,741613.0952533359,741647.5720533358
44,fixed_manifest,59,1,gpu_host,GPU_to_HOST,302592,742479.5288533361,742514.0056533362
44,fixed_manifest,59,2,host_fpga_pcie,HOST_to_FPGA,302592,742514.0056533362,742638.2936533362
44,fixed_manifest,60,1,host_fpga_pcie,FPGA_to_HOST,302592,742971.0411733362,743095.3291733363
44,fixed_manifest,60,2,gpu_host,HOST_to_GPU,302592,743095.3291733363,743129.8059733363
44,fixed_manifest,69,1,gpu_host,GPU_to_HOST,302592,743961.7627733366,743996.2395733366
44,fixed_manifest,69,2,host_fpga_pcie,HOST_to_FPGA,302592,743996.2395733366,744120.5275733367
44,fixed_manifest,70,1,host_fpga_pcie,FPGA_to_HOST,302592,744453.2750933367,744577.5630933368
44,fixed_manifest,70,2,gpu_host,HOST_to_GPU,302592,744577.5630933368,744612.0398933368
44,fixed_manifest,79,1,gpu_host,GPU_to_HOST,302592,745443.9966933371,745478.473493337
44,fixed_manifest,79,2,host_fpga_pcie,HOST_to_FPGA,302592,745478.473493337,745602.7614933371
44,fixed_manifest,80,1,host_fpga_pcie,FPGA_to_HOST,302592,745935.5090133372,746059.7970133373
44,fixed_manifest,80,2,gpu_host,HOST_to_GPU,302592,746059.7970133373,746094.2738133372
44,fixed_manifest,89,1,gpu_host,GPU_to_HOST,302592,746926.2306133375,746960.7074133375
44,fixed_manifest,89,2,host_fpga_pcie,HOST_to_FPGA,302592,746960.7074133375,747084.9954133376
44,fixed_manifest,90,1,host_fpga_pcie,FPGA_to_HOST,302592,747417.7429333376,747542.0309333378
44,fixed_manifest,90,2,gpu_host,HOST_to_GPU,302592,747542.0309333378,747576.5077333377
44,fixed_manifest,99,1,gpu_host,GPU_to_HOST,302592,748408.464533338,748442.941333338
44,fixed_manifest,99,2,host_fpga_pcie,HOST_to_FPGA,302592,748442.941333338,748567.2293333381
44,fixed_manifest,100,1,host_fpga_pcie,FPGA_to_HOST,302592,748899.9768533381,749024.2648533381
44,fixed_manifest,100,2,gpu_host,HOST_to_GPU,302592,749024.2648533381,749058.7416533382
44,fixed_manifest,109,1,gpu_host,GPU_to_HOST,302592,749890.6984533385,749925.1752533384
44,fixed_manifest,109,2,host_fpga_pcie,HOST_to_FPGA,302592,749925.1752533384,750049.4632533386
44,fixed_manifest,110,1,host_fpga_pcie,FPGA_to_HOST,302592,750382.2107733386,750506.4987733386
44,fixed_manifest,110,2,gpu_host,HOST_to_GPU,302592,750506.4987733386,750540.9755733387
45,fixed_manifest,9,1,gpu_host,GPU_to_HOST,302592,751622.6995200004,751657.1763200004
45,fixed_manifest,9,2,host_fpga_pcie,HOST_to_FPGA,302592,751657.1763200004,751781.4643200005
44,fixed_manifest,119,1,gpu_host,GPU_to_HOST,302592,752114.2118400005,752148.6886400005
45,fixed_manifest,10,1,host_fpga_pcie,FPGA_to_HOST,302592,752114.2118400005,752303.3110400005
44,fixed_manifest,119,2,host_fpga_pcie,HOST_to_FPGA,302592,752148.6886400005,752337.7878400005
45,fixed_manifest,10,2,gpu_host,HOST_to_GPU,302592,752303.3110400005,752337.7878400005
44,fixed_manifest,120,1,host_fpga_pcie,FPGA_to_HOST,302592,752670.5353600004,752794.8233600006
44,fixed_manifest,120,2,gpu_host,HOST_to_GPU,302592,752794.8233600006,752829.3001600006
45,fixed_manifest,19,1,gpu_host,GPU_to_HOST,302592,753217.2598400009,753251.736640001
45,fixed_manifest,19,2,host_fpga_pcie,HOST_to_FPGA,302592,753251.736640001,753376.024640001
45,fixed_manifest,20,1,host_fpga_pcie,FPGA_to_HOST,302592,753708.772160001,753833.060160001
45,fixed_manifest,20,2,gpu_host,HOST_to_GPU,302592,753833.060160001,753867.5369600011
45,fixed_manifest,29,1,gpu_host,GPU_to_HOST,302592,754699.4937600014,754733.9705600013
45,fixed_manifest,29,2,host_fpga_pcie,HOST_to_FPGA,302592,754733.9705600013,754858.2585600014
45,fixed_manifest,30,1,host_fpga_pcie,FPGA_to_HOST,302592,755191.0060800015,755315.2940800015
45,fixed_manifest,30,2,gpu_host,HOST_to_GPU,302592,755315.2940800015,755349.7708800016
45,fixed_manifest,39,1,gpu_host,GPU_to_HOST,302592,756181.7276800018,756216.2044800018
45,fixed_manifest,39,2,host_fpga_pcie,HOST_to_FPGA,302592,756216.2044800018,756340.4924800019
45,fixed_manifest,40,1,host_fpga_pcie,FPGA_to_HOST,302592,756673.240000002,756797.528000002
45,fixed_manifest,40,2,gpu_host,HOST_to_GPU,302592,756797.528000002,756832.004800002
45,fixed_manifest,49,1,gpu_host,GPU_to_HOST,302592,757663.9616000023,757698.4384000023
45,fixed_manifest,49,2,host_fpga_pcie,HOST_to_FPGA,302592,757698.4384000023,757822.7264000024
45,fixed_manifest,50,1,host_fpga_pcie,FPGA_to_HOST,302592,758155.4739200023,758279.7619200024
45,fixed_manifest,50,2,gpu_host,HOST_to_GPU,302592,758279.7619200024,758314.2387200025
45,fixed_manifest,59,1,gpu_host,GPU_to_HOST,302592,759146.1955200027,759180.6723200027
45,fixed_manifest,59,2,host_fpga_pcie,HOST_to_FPGA,302592,759180.6723200027,759304.9603200029
45,fixed_manifest,60,1,host_fpga_pcie,FPGA_to_HOST,302592,759637.7078400028,759761.9958400029
45,fixed_manifest,60,2,gpu_host,HOST_to_GPU,302592,759761.9958400029,759796.472640003
45,fixed_manifest,69,1,gpu_host,GPU_to_HOST,302592,760628.4294400032,760662.9062400032
45,fixed_manifest,69,2,host_fpga_pcie,HOST_to_FPGA,302592,760662.9062400032,760787.1942400032
45,fixed_manifest,70,1,host_fpga_pcie,FPGA_to_HOST,302592,761119.9417600033,761244.2297600034
45,fixed_manifest,70,2,gpu_host,HOST_to_GPU,302592,761244.2297600034,761278.7065600035
45,fixed_manifest,79,1,gpu_host,GPU_to_HOST,302592,762110.6633600036,762145.1401600037
45,fixed_manifest,79,2,host_fpga_pcie,HOST_to_FPGA,302592,762145.1401600037,762269.4281600037
45,fixed_manifest,80,1,host_fpga_pcie,FPGA_to_HOST,302592,762602.1756800037,762726.4636800039
45,fixed_manifest,80,2,gpu_host,HOST_to_GPU,302592,762726.4636800039,762760.9404800038
45,fixed_manifest,89,1,gpu_host,GPU_to_HOST,302592,763592.8972800041,763627.3740800042
45,fixed_manifest,89,2,host_fpga_pcie,HOST_to_FPGA,302592,763627.3740800042,763751.6620800042
45,fixed_manifest,90,1,host_fpga_pcie,FPGA_to_HOST,302592,764084.4096000042,764208.6976000043
45,fixed_manifest,90,2,gpu_host,HOST_to_GPU,302592,764208.6976000043,764243.1744000043
45,fixed_manifest,99,1,gpu_host,GPU_to_HOST,302592,765075.1312000046,765109.6080000045
45,fixed_manifest,99,2,host_fpga_pcie,HOST_to_FPGA,302592,765109.6080000045,765233.8960000047
45,fixed_manifest,100,1,host_fpga_pcie,FPGA_to_HOST,302592,765566.6435200047,765690.9315200048
45,fixed_manifest,100,2,gpu_host,HOST_to_GPU,302592,765690.9315200048,765725.4083200048
45,fixed_manifest,109,1,gpu_host,GPU_to_HOST,302592,766557.3651200051,766591.841920005
45,fixed_manifest,109,2,host_fpga_pcie,HOST_to_FPGA,302592,766591.841920005,766716.1299200051
45,fixed_manifest,110,1,host_fpga_pcie,FPGA_to_HOST,302592,767048.8774400052,767173.1654400053
45,fixed_manifest,110,2,gpu_host,HOST_to_GPU,302592,767173.1654400053,767207.6422400053
46,fixed_manifest,9,1,gpu_host,GPU_to_HOST,302592,768289.3661866671,768323.8429866671
46,fixed_manifest,9,2,host_fpga_pcie,HOST_to_FPGA,302592,768323.8429866671,768448.1309866672
45,fixed_manifest,119,1,gpu_host,GPU_to_HOST,302592,768780.8785066672,768815.3553066673
46,fixed_manifest,10,1,host_fpga_pcie,FPGA_to_HOST,302592,768780.8785066672,768969.9777066672
45,fixed_manifest,119,2,host_fpga_pcie,HOST_to_FPGA,302592,768815.3553066673,769004.4545066672
46,fixed_manifest,10,2,gpu_host,HOST_to_GPU,302592,768969.9777066672,769004.4545066672
45,fixed_manifest,120,1,host_fpga_pcie,FPGA_to_HOST,302592,769337.2020266672,769461.4900266672
45,fixed_manifest,120,2,gpu_host,HOST_to_GPU,302592,769461.4900266672,769495.9668266673
46,fixed_manifest,19,1,gpu_host,GPU_to_HOST,302592,769883.9265066676,769918.4033066676
46,fixed_manifest,19,2,host_fpga_pcie,HOST_to_FPGA,302592,769918.4033066676,770042.6913066676
46,fixed_manifest,20,1,host_fpga_pcie,FPGA_to_HOST,302592,770375.4388266677,770499.7268266678
46,fixed_manifest,20,2,gpu_host,HOST_to_GPU,302592,770499.7268266678,770534.2036266678
46,fixed_manifest,29,1,gpu_host,GPU_to_HOST,302592,771366.160426668,771400.6372266681
46,fixed_manifest,29,2,host_fpga_pcie,HOST_to_FPGA,302592,771400.6372266681,771524.9252266681
46,fixed_manifest,30,1,host_fpga_pcie,FPGA_to_HOST,302592,771857.6727466682,771981.9607466683
46,fixed_manifest,30,2,gpu_host,HOST_to_GPU,302592,771981.9607466683,772016.4375466682
46,fixed_manifest,39,1,gpu_host,GPU_to_HOST,302592,772848.3943466685,772882.8711466686
46,fixed_manifest,39,2,host_fpga_pcie,HOST_to_FPGA,302592,772882.8711466686,773007.1591466686
46,fixed_manifest,40,1,host_fpga_pcie,FPGA_to_HOST,302592,773339.9066666686,773464.1946666687
46,fixed_manifest,40,2,gpu_host,HOST_to_GPU,302592,773464.1946666687,773498.6714666687
46,fixed_manifest,49,1,gpu_host,GPU_to_HOST,302592,774330.628266669,774365.105066669
46,fixed_manifest,49,2,host_fpga_pcie,HOST_to_FPGA,302592,774365.105066669,774489.3930666691
46,fixed_manifest,50,1,host_fpga_pcie,FPGA_to_HOST,302592,774822.1405866691,774946.4285866691
46,fixed_manifest,50,2,gpu_host,HOST_to_GPU,302592,774946.4285866691,774980.9053866692
46,fixed_manifest,59,1,gpu_host,GPU_to_HOST,302592,775812.8621866695,775847.3389866694
46,fixed_manifest,59,2,host_fpga_pcie,HOST_to_FPGA,302592,775847.3389866694,775971.6269866695
46,fixed_manifest,60,1,host_fpga_pcie,FPGA_to_HOST,302592,776304.3745066696,776428.6625066696
46,fixed_manifest,60,2,gpu_host,HOST_to_GPU,302592,776428.6625066696,776463.1393066697
46,fixed_manifest,69,1,gpu_host,GPU_to_HOST,302592,777295.0961066699,777329.5729066699
46,fixed_manifest,69,2,host_fpga_pcie,HOST_to_FPGA,302592,777329.5729066699,777453.86090667
46,fixed_manifest,70,1,host_fpga_pcie,FPGA_to_HOST,302592,777786.6084266701,777910.8964266701
46,fixed_manifest,70,2,gpu_host,HOST_to_GPU,302592,777910.8964266701,777945.3732266701
46,fixed_manifest,79,1,gpu_host,GPU_to_HOST,302592,778777.3300266704,778811.8068266704
46,fixed_manifest,79,2,host_fpga_pcie,HOST_to_FPGA,302592,778811.8068266704,778936.0948266705
46,fixed_manifest,80,1,host_fpga_pcie,FPGA_to_HOST,302592,779268.8423466705,779393.1303466705
46,fixed_manifest,80,2,gpu_host,HOST_to_GPU,302592,779393.1303466705,779427.6071466706
46,fixed_manifest,89,1,gpu_host,GPU_to_HOST,302592,780259.5639466709,780294.0407466709
46,fixed_manifest,89,2,host_fpga_pcie,HOST_to_FPGA,302592,780294.0407466709,780418.328746671
46,fixed_manifest,90,1,host_fpga_pcie,FPGA_to_HOST,302592,780751.076266671,780875.364266671
46,fixed_manifest,90,2,gpu_host,HOST_to_GPU,302592,780875.364266671,780909.8410666711
46,fixed_manifest,99,1,gpu_host,GPU_to_HOST,302592,781741.7978666713,781776.2746666713
46,fixed_manifest,99,2,host_fpga_pcie,HOST_to_FPGA,302592,781776.2746666713,781900.5626666714
46,fixed_manifest,100,1,host_fpga_pcie,FPGA_to_HOST,302592,782233.3101866714,782357.5981866715
46,fixed_manifest,100,2,gpu_host,HOST_to_GPU,302592,782357.5981866715,782392.0749866716
46,fixed_manifest,109,1,gpu_host,GPU_to_HOST,302592,783224.0317866717,783258.5085866718
46,fixed_manifest,109,2,host_fpga_pcie,HOST_to_FPGA,302592,783258.5085866718,783382.7965866718
46,fixed_manifest,110,1,host_fpga_pcie,FPGA_to_HOST,302592,783715.5441066719,783839.832106672
46,fixed_manifest,110,2,gpu_host,HOST_to_GPU,302592,783839.832106672,783874.3089066719
47,fixed_manifest,9,1,gpu_host,GPU_to_HOST,302592,784956.0328533337,784990.5096533337
47,fixed_manifest,9,2,host_fpga_pcie,HOST_to_FPGA,302592,784990.5096533337,785114.7976533337
46,fixed_manifest,119,1,gpu_host,GPU_to_HOST,302592,785447.5451733338,785482.0219733338
47,fixed_manifest,10,1,host_fpga_pcie,FPGA_to_HOST,302592,785447.5451733338,785636.6443733338
46,fixed_manifest,119,2,host_fpga_pcie,HOST_to_FPGA,302592,785482.0219733338,785671.1211733338
47,fixed_manifest,10,2,gpu_host,HOST_to_GPU,302592,785636.6443733338,785671.1211733338
46,fixed_manifest,120,1,host_fpga_pcie,FPGA_to_HOST,302592,786003.8686933338,786128.1566933339
46,fixed_manifest,120,2,gpu_host,HOST_to_GPU,302592,786128.1566933339,786162.6334933339
47,fixed_manifest,19,1,gpu_host,GPU_to_HOST,302592,786550.5931733343,786585.0699733342
47,fixed_manifest,19,2,host_fpga_pcie,HOST_to_FPGA,302592,786585.0699733342,786709.3579733343
47,fixed_manifest,20,1,host_fpga_pcie,FPGA_to_HOST,302592,787042.1054933344,787166.3934933344
47,fixed_manifest,20,2,gpu_host,HOST_to_GPU,302592,787166.3934933344,787200.8702933344
47,fixed_manifest,29,1,gpu_host,GPU_to_HOST,302592,788032.8270933346,788067.3038933347
47,fixed_manifest,29,2,host_fpga_pcie,HOST_to_FPGA,302592,788067.3038933347,788191.5918933348
47,fixed_manifest,30,1,host_fpga_pcie,FPGA_to_HOST,302592,788524.3394133347,788648.6274133349
47,fixed_manifest,30,2,gpu_host,HOST_to_GPU,302592,788648.6274133349,788683.1042133349
47,fixed_manifest,39,1,gpu_host,GPU_to_HOST,302592,789515.0610133351,789549.5378133352
47,fixed_manifest,39,2,host_fpga_pcie,HOST_to_FPGA,302592,789549.5378133352,789673.8258133353
47,fixed_manifest,40,1,host_fpga_pcie,FPGA_to_HOST,302592,790006.5733333352,790130.8613333353
47,fixed_manifest,40,2,gpu_host,HOST_to_GPU,302592,790130.8613333353,790165.3381333353
47,fixed_manifest,49,1,gpu_host,GPU_to_HOST,302592,790997.2949333356,791031.7717333356
47,fixed_manifest,49,2,host_fpga_pcie,HOST_to_FPGA,302592,791031.7717333356,791156.0597333357
47,fixed_manifest,50,1,host_fpga_pcie,FPGA_to_HOST,302592,791488.8072533357,791613.0952533358
47,fixed_manifest,50,2,gpu_host,HOST_to_GPU,302592,791613.0952533358,791647.5720533358
47,fixed_manifest,59,1,gpu_host,GPU_to_HOST,302592,792479.528853336,792514.0056533361
47,fixed_manifest,59,2,host_fpga_pcie,HOST_to_FPGA,302592,792514.0056533361,792638.2936533361
47,fixed_manifest,60,1,host_fpga_pcie,FPGA_to_HOST,302592,792971.0411733362,793095.3291733363
47,fixed_manifest,60,2,gpu_host,HOST_to_GPU,302592,793095.3291733363,793129.8059733362
47,fixed_manifest,69,1,gpu_host,GPU_to_HOST,302592,793961.7627733365,793996.2395733366
47,fixed_manifest,69,2,host_fpga_pcie,HOST_to_FPGA,302592,793996.2395733366,794120.5275733366
47,fixed_manifest,70,1,host_fpga_pcie,FPGA_to_HOST,302592,794453.2750933366,794577.5630933368
47,fixed_manifest,70,2,gpu_host,HOST_to_GPU,302592,794577.5630933368,794612.0398933367
47,fixed_manifest,79,1,gpu_host,GPU_to_HOST,302592,795443.996693337,795478.473493337
47,fixed_manifest,79,2,host_fpga_pcie,HOST_to_FPGA,302592,795478.473493337,795602.7614933371
47,fixed_manifest,80,1,host_fpga_pcie,FPGA_to_HOST,302592,795935.5090133371,796059.7970133371
47,fixed_manifest,80,2,gpu_host,HOST_to_GPU,302592,796059.7970133371,796094.2738133372
47,fixed_manifest,89,1,gpu_host,GPU_to_HOST,302592,796926.2306133375,796960.7074133374
47,fixed_manifest,89,2,host_fpga_pcie,HOST_to_FPGA,302592,796960.7074133374,797084.9954133376
47,fixed_manifest,90,1,host_fpga_pcie,FPGA_to_HOST,302592,797417.7429333376,797542.0309333376
47,fixed_manifest,90,2,gpu_host,HOST_to_GPU,302592,797542.0309333376,797576.5077333377
47,fixed_manifest,99,1,gpu_host,GPU_to_HOST,302592,798408.4645333379,798442.9413333379
47,fixed_manifest,99,2,host_fpga_pcie,HOST_to_FPGA,302592,798442.9413333379,798567.229333338
47,fixed_manifest,100,1,host_fpga_pcie,FPGA_to_HOST,302592,798899.9768533381,799024.2648533381
47,fixed_manifest,100,2,gpu_host,HOST_to_GPU,302592,799024.2648533381,799058.7416533381
47,fixed_manifest,109,1,gpu_host,GPU_to_HOST,302592,799890.6984533384,799925.1752533384
47,fixed_manifest,109,2,host_fpga_pcie,HOST_to_FPGA,302592,799925.1752533384,800049.4632533385
47,fixed_manifest,110,1,host_fpga_pcie,FPGA_to_HOST,302592,800382.2107733384,800506.4987733386
47,fixed_manifest,110,2,gpu_host,HOST_to_GPU,302592,800506.4987733386,800540.9755733386
48,fixed_manifest,9,1,gpu_host,GPU_to_HOST,302592,801622.6995200004,801657.1763200004
48,fixed_manifest,9,2,host_fpga_pcie,HOST_to_FPGA,302592,801657.1763200004,801781.4643200005
47,fixed_manifest,119,1,gpu_host,GPU_to_HOST,302592,802114.2118400006,802148.6886400005
48,fixed_manifest,10,1,host_fpga_pcie,FPGA_to_HOST,302592,802114.2118400006,802303.3110400005
47,fixed_manifest,119,2,host_fpga_pcie,HOST_to_FPGA,302592,802148.6886400005,802337.7878400006
48,fixed_manifest,10,2,gpu_host,HOST_to_GPU,302592,802303.3110400005,802337.7878400006
47,fixed_manifest,120,1,host_fpga_pcie,FPGA_to_HOST,302592,802670.5353600006,802794.8233600006
47,fixed_manifest,120,2,gpu_host,HOST_to_GPU,302592,802794.8233600006,802829.3001600007
48,fixed_manifest,19,1,gpu_host,GPU_to_HOST,302592,803217.2598400009,803251.736640001
48,fixed_manifest,19,2,host_fpga_pcie,HOST_to_FPGA,302592,803251.736640001,803376.024640001
48,fixed_manifest,20,1,host_fpga_pcie,FPGA_to_HOST,302592,803708.772160001,803833.0601600012
48,fixed_manifest,20,2,gpu_host,HOST_to_GPU,302592,803833.0601600012,803867.5369600011
48,fixed_manifest,29,1,gpu_host,GPU_to_HOST,302592,804699.4937600014,804733.9705600014
48,fixed_manifest,29,2,host_fpga_pcie,HOST_to_FPGA,302592,804733.9705600014,804858.2585600015
48,fixed_manifest,30,1,host_fpga_pcie,FPGA_to_HOST,302592,805191.0060800015,805315.2940800015
48,fixed_manifest,30,2,gpu_host,HOST_to_GPU,302592,805315.2940800015,805349.7708800016
48,fixed_manifest,39,1,gpu_host,GPU_to_HOST,302592,806181.7276800019,806216.2044800018
48,fixed_manifest,39,2,host_fpga_pcie,HOST_to_FPGA,302592,806216.2044800018,806340.492480002
48,fixed_manifest,40,1,host_fpga_pcie,FPGA_to_HOST,302592,806673.240000002,806797.528000002
48,fixed_manifest,40,2,gpu_host,HOST_to_GPU,302592,806797.528000002,806832.0048000021
48,fixed_manifest,49,1,gpu_host,GPU_to_HOST,302592,807663.9616000024,807698.4384000023
48,fixed_manifest,49,2,host_fpga_pcie,HOST_to_FPGA,302592,807698.4384000023,807822.7264000024
48,fixed_manifest,50,1,host_fpga_pcie,FPGA_to_HOST,302592,808155.4739200025,808279.7619200025
48,fixed_manifest,50,2,gpu_host,HOST_to_GPU,302592,808279.7619200025,808314.2387200025
48,fixed_manifest,59,1,gpu_host,GPU_to_HOST,302592,809146.1955200027,809180.6723200028
48,fixed_manifest,59,2,host_fpga_pcie,HOST_to_FPGA,302592,809180.6723200028,809304.9603200029
48,fixed_manifest,60,1,host_fpga_pcie,FPGA_to_HOST,302592,809637.7078400028,809761.995840003
48,fixed_manifest,60,2,gpu_host,HOST_to_GPU,302592,809761.995840003,809796.472640003
48,fixed_manifest,69,1,gpu_host,GPU_to_HOST,302592,810628.4294400032,810662.9062400033
48,fixed_manifest,69,2,host_fpga_pcie,HOST_to_FPGA,302592,810662.9062400033,810787.1942400034
48,fixed_manifest,70,1,host_fpga_pcie,FPGA_to_HOST,302592,811119.9417600033,811244.2297600034
48,fixed_manifest,70,2,gpu_host,HOST_to_GPU,302592,811244.2297600034,811278.7065600035
48,fixed_manifest,79,1,gpu_host,GPU_to_HOST,302592,812110.6633600037,812145.1401600037
48,fixed_manifest,79,2,host_fpga_pcie,HOST_to_FPGA,302592,812145.1401600037,812269.4281600039
48,fixed_manifest,80,1,host_fpga_pcie,FPGA_to_HOST,302592,812602.1756800038,812726.4636800039
48,fixed_manifest,80,2,gpu_host,HOST_to_GPU,302592,812726.4636800039,812760.940480004
48,fixed_manifest,89,1,gpu_host,GPU_to_HOST,302592,813592.8972800042,813627.3740800042
48,fixed_manifest,89,2,host_fpga_pcie,HOST_to_FPGA,302592,813627.3740800042,813751.6620800042
48,fixed_manifest,90,1,host_fpga_pcie,FPGA_to_HOST,302592,814084.4096000043,814208.6976000044
48,fixed_manifest,90,2,gpu_host,HOST_to_GPU,302592,814208.6976000044,814243.1744000043
48,fixed_manifest,99,1,gpu_host,GPU_to_HOST,302592,815075.1312000046,815109.6080000047
48,fixed_manifest,99,2,host_fpga_pcie,HOST_to_FPGA,302592,815109.6080000047,815233.8960000047
48,fixed_manifest,100,1,host_fpga_pcie,FPGA_to_HOST,302592,815566.6435200047,815690.9315200049
48,fixed_manifest,100,2,gpu_host,HOST_to_GPU,302592,815690.9315200049,815725.4083200048
48,fixed_manifest,109,1,gpu_host,GPU_to_HOST,302592,816557.3651200051,816591.8419200052
48,fixed_manifest,109,2,host_fpga_pcie,HOST_to_FPGA,302592,816591.8419200052,816716.1299200052
48,fixed_manifest,110,1,host_fpga_pcie,FPGA_to_HOST,302592,817048.8774400052,817173.1654400053
48,fixed_manifest,110,2,gpu_host,HOST_to_GPU,302592,817173.1654400053,817207.6422400053
49,fixed_manifest,9,1,gpu_host,GPU_to_HOST,302592,818289.3661866671,818323.8429866672
49,fixed_manifest,9,2,host_fpga_pcie,HOST_to_FPGA,302592,818323.8429866672,818448.1309866672
48,fixed_manifest,119,1,gpu_host,GPU_to_HOST,302592,818780.8785066672,818815.3553066673
49,fixed_manifest,10,1,host_fpga_pcie,FPGA_to_HOST,302592,818780.8785066672,818969.9777066673
48,fixed_manifest,119,2,host_fpga_pcie,HOST_to_FPGA,302592,818815.3553066673,819004.4545066672
49,fixed_manifest,10,2,gpu_host,HOST_to_GPU,302592,818969.9777066673,819004.4545066672
48,fixed_manifest,120,1,host_fpga_pcie,FPGA_to_HOST,302592,819337.2020266673,819461.4900266674
48,fixed_manifest,120,2,gpu_host,HOST_to_GPU,302592,819461.4900266674,819495.9668266673
49,fixed_manifest,19,1,gpu_host,GPU_to_HOST,302592,819883.9265066676,819918.4033066677
49,fixed_manifest,19,2,host_fpga_pcie,HOST_to_FPGA,302592,819918.4033066677,820042.6913066678
49,fixed_manifest,20,1,host_fpga_pcie,FPGA_to_HOST,302592,820375.4388266677,820499.7268266678
49,fixed_manifest,20,2,gpu_host,HOST_to_GPU,302592,820499.7268266678,820534.2036266678
49,fixed_manifest,29,1,gpu_host,GPU_to_HOST,302592,821366.1604266681,821400.6372266681
49,fixed_manifest,29,2,host_fpga_pcie,HOST_to_FPGA,302592,821400.6372266681,821524.9252266682
49,fixed_manifest,30,1,host_fpga_pcie,FPGA_to_HOST,302592,821857.6727466682,821981.9607466683
49,fixed_manifest,30,2,gpu_host,HOST_to_GPU,302592,821981.9607466683,822016.4375466683
49,fixed_manifest,39,1,gpu_host,GPU_to_HOST,302592,822848.3943466686,822882.8711466686
49,fixed_manifest,39,2,host_fpga_pcie,HOST_to_FPGA,302592,822882.8711466686,823007.1591466686
49,fixed_manifest,40,1,host_fpga_pcie,FPGA_to_HOST,302592,823339.9066666687,823464.1946666688
49,fixed_manifest,40,2,gpu_host,HOST_to_GPU,302592,823464.1946666688,823498.6714666687
49,fixed_manifest,49,1,gpu_host,GPU_to_HOST,302592,824330.628266669,824365.105066669
49,fixed_manifest,49,2,host_fpga_pcie,HOST_to_FPGA,302592,824365.105066669,824489.3930666691
49,fixed_manifest,50,1,host_fpga_pcie,FPGA_to_HOST,302592,824822.1405866691,824946.4285866693
49,fixed_manifest,50,2,gpu_host,HOST_to_GPU,302592,824946.4285866693,824980.9053866692
49,fixed_manifest,59,1,gpu_host,GPU_to_HOST,302592,825812.8621866695,825847.3389866696
49,fixed_manifest,59,2,host_fpga_pcie,HOST_to_FPGA,302592,825847.3389866696,825971.6269866696
49,fixed_manifest,60,1,host_fpga_pcie,FPGA_to_HOST,302592,826304.3745066696,826428.6625066696
49,fixed_manifest,60,2,gpu_host,HOST_to_GPU,302592,826428.6625066696,826463.1393066697
49,fixed_manifest,69,1,gpu_host,GPU_to_HOST,302592,827295.09610667,827329.5729066699
49,fixed_manifest,69,2,host_fpga_pcie,HOST_to_FPGA,302592,827329.5729066699,827453.8609066701
49,fixed_manifest,70,1,host_fpga_pcie,FPGA_to_HOST,302592,827786.6084266701,827910.8964266701
49,fixed_manifest,70,2,gpu_host,HOST_to_GPU,302592,827910.8964266701,827945.3732266702
49,fixed_manifest,79,1,gpu_host,GPU_to_HOST,302592,828777.3300266705,828811.8068266704
49,fixed_manifest,79,2,host_fpga_pcie,HOST_to_FPGA,302592,828811.8068266704,828936.0948266705
49,fixed_manifest,80,1,host_fpga_pcie,FPGA_to_HOST,302592,829268.8423466706,829393.1303466706
49,fixed_manifest,80,2,gpu_host,HOST_to_GPU,302592,829393.1303466706,829427.6071466706
49,fixed_manifest,89,1,gpu_host,GPU_to_HOST,302592,830259.5639466709,830294.0407466709
49,fixed_manifest,89,2,host_fpga_pcie,HOST_to_FPGA,302592,830294.0407466709,830418.328746671
49,fixed_manifest,90,1,host_fpga_pcie,FPGA_to_HOST,302592,830751.076266671,830875.3642666711
49,fixed_manifest,90,2,gpu_host,HOST_to_GPU,302592,830875.3642666711,830909.8410666711
49,fixed_manifest,99,1,gpu_host,GPU_to_HOST,302592,831741.7978666713,831776.2746666714
49,fixed_manifest,99,2,host_fpga_pcie,HOST_to_FPGA,302592,831776.2746666714,831900.5626666715
49,fixed_manifest,100,1,host_fpga_pcie,FPGA_to_HOST,302592,832233.3101866714,832357.5981866715
49,fixed_manifest,100,2,gpu_host,HOST_to_GPU,302592,832357.5981866715,832392.0749866716
49,fixed_manifest,109,1,gpu_host,GPU_to_HOST,302592,833224.0317866718,833258.5085866718
49,fixed_manifest,109,2,host_fpga_pcie,HOST_to_FPGA,302592,833258.5085866718,833382.796586672
49,fixed_manifest,110,1,host_fpga_pcie,FPGA_to_HOST,302592,833715.5441066719,833839.832106672
49,fixed_manifest,110,2,gpu_host,HOST_to_GPU,302592,833839.832106672,833874.308906672
50,fixed_manifest,9,1,gpu_host,GPU_to_HOST,302592,834956.0328533337,834990.5096533338
50,fixed_manifest,9,2,host_fpga_pcie,HOST_to_FPGA,302592,834990.5096533338,835114.7976533339
49,fixed_manifest,119,1,gpu_host,GPU_to_HOST,302592,835447.5451733338,835482.0219733339
50,fixed_manifest,10,1,host_fpga_pcie,FPGA_to_HOST,302592,835447.5451733338,835636.6443733339
49,fixed_manifest,119,2,host_fpga_pcie,HOST_to_FPGA,302592,835482.0219733339,835671.1211733338
50,fixed_manifest,10,2,gpu_host,HOST_to_GPU,302592,835636.6443733339,835671.1211733338
49,fixed_manifest,120,1,host_fpga_pcie,FPGA_to_HOST,302592,836003.8686933338,836128.156693334
49,fixed_manifest,120,2,gpu_host,HOST_to_GPU,302592,836128.156693334,836162.6334933339
50,fixed_manifest,19,1,gpu_host,GPU_to_HOST,302592,836550.5931733343,836585.0699733342
50,fixed_manifest,19,2,host_fpga_pcie,HOST_to_FPGA,302592,836585.0699733342,836709.3579733344
50,fixed_manifest,20,1,host_fpga_pcie,FPGA_to_HOST,302592,837042.1054933344,837166.3934933344
50,fixed_manifest,20,2,gpu_host,HOST_to_GPU,302592,837166.3934933344,837200.8702933345
50,fixed_manifest,29,1,gpu_host,GPU_to_HOST,302592,838032.8270933348,838067.3038933347
50,fixed_manifest,29,2,host_fpga_pcie,HOST_to_FPGA,302592,838067.3038933347,838191.5918933348
50,fixed_manifest,30,1,host_fpga_pcie,FPGA_to_HOST,302592,838524.3394133348,838648.6274133349
50,fixed_manifest,30,2,gpu_host,HOST_to_GPU,302592,838648.6274133349,838683.104213335
50,fixed_manifest,39,1,gpu_host,GPU_to_HOST,302592,839515.0610133351,839549.5378133352
50,fixed_manifest,39,2,host_fpga_pcie,HOST_to_FPGA,302592,839549.5378133352,839673.8258133353
50,fixed_manifest,40,1,host_fpga_pcie,FPGA_to_HOST,302592,840006.5733333352,840130.8613333354
50,fixed_manifest,40,2,gpu_host,HOST_to_GPU,302592,840130.8613333354,840165.3381333353
50,fixed_manifest,49,1,gpu_host,GPU_to_HOST,302592,840997.2949333356,841031.7717333357
50,fixed_manifest,49,2,host_fpga_pcie,HOST_to_FPGA,302592,841031.7717333357,841156.0597333357
50,fixed_manifest,50,1,host_fpga_pcie,FPGA_to_HOST,302592,841488.8072533357,841613.0952533358
50,fixed_manifest,50,2,gpu_host,HOST_to_GPU,302592,841613.0952533358,841647.5720533358
50,fixed_manifest,59,1,gpu_host,GPU_to_HOST,302592,842479.5288533361,842514.0056533361
50,fixed_manifest,59,2,host_fpga_pcie,HOST_to_FPGA,302592,842514.0056533361,842638.2936533362
50,fixed_manifest,60,1,host_fpga_pcie,FPGA_to_HOST,302592,842971.0411733362,843095.3291733363
50,fixed_manifest,60,2,gpu_host,HOST_to_GPU,302592,843095.3291733363,843129.8059733363
50,fixed_manifest,69,1,gpu_host,GPU_to_HOST,302592,843961.7627733366,843996.2395733366
50,fixed_manifest,69,2,host_fpga_pcie,HOST_to_FPGA,302592,843996.2395733366,844120.5275733366
50,fixed_manifest,70,1,host_fpga_pcie,FPGA_to_HOST,302592,844453.2750933367,844577.5630933368
50,fixed_manifest,70,2,gpu_host,HOST_to_GPU,302592,844577.5630933368,844612.0398933368
50,fixed_manifest,79,1,gpu_host,GPU_to_HOST,302592,845443.996693337,845478.473493337
50,fixed_manifest,79,2,host_fpga_pcie,HOST_to_FPGA,302592,845478.473493337,845602.7614933371
50,fixed_manifest,80,1,host_fpga_pcie,FPGA_to_HOST,302592,845935.5090133371,846059.7970133373
50,fixed_manifest,80,2,gpu_host,HOST_to_GPU,302592,846059.7970133373,846094.2738133372
50,fixed_manifest,89,1,gpu_host,GPU_to_HOST,302592,846926.2306133375,846960.7074133375
50,fixed_manifest,89,2,host_fpga_pcie,HOST_to_FPGA,302592,846960.7074133375,847084.9954133376
50,fixed_manifest,90,1,host_fpga_pcie,FPGA_to_HOST,302592,847417.7429333376,847542.0309333376
50,fixed_manifest,90,2,gpu_host,HOST_to_GPU,302592,847542.0309333376,847576.5077333377
50,fixed_manifest,99,1,gpu_host,GPU_to_HOST,302592,848408.464533338,848442.9413333379
50,fixed_manifest,99,2,host_fpga_pcie,HOST_to_FPGA,302592,848442.9413333379,848567.2293333381
50,fixed_manifest,100,1,host_fpga_pcie,FPGA_to_HOST,302592,848899.9768533381,849024.2648533381
50,fixed_manifest,100,2,gpu_host,HOST_to_GPU,302592,849024.2648533381,849058.7416533382
50,fixed_manifest,109,1,gpu_host,GPU_to_HOST,302592,849890.6984533385,849925.1752533384
50,fixed_manifest,109,2,host_fpga_pcie,HOST_to_FPGA,302592,849925.1752533384,850049.4632533385
50,fixed_manifest,110,1,host_fpga_pcie,FPGA_to_HOST,302592,850382.2107733386,850506.4987733386
50,fixed_manifest,110,2,gpu_host,HOST_to_GPU,302592,850506.4987733386,850540.9755733387
51,fixed_manifest,9,1,gpu_host,GPU_to_HOST,302592,851622.6995200005,851657.1763200004
51,fixed_manifest,9,2,host_fpga_pcie,HOST_to_FPGA,302592,851657.1763200004,851781.4643200006
50,fixed_manifest,119,1,gpu_host,GPU_to_HOST,302592,852114.2118400006,852148.6886400006
51,fixed_manifest,10,1,host_fpga_pcie,FPGA_to_HOST,302592,852114.2118400006,852303.3110400005
50,fixed_manifest,119,2,host_fpga_pcie,HOST_to_FPGA,302592,852148.6886400006,852337.7878400006
51,fixed_manifest,10,2,gpu_host,HOST_to_GPU,302592,852303.3110400005,852337.7878400006
50,fixed_manifest,120,1,host_fpga_pcie,FPGA_to_HOST,302592,852670.5353600006,852794.8233600006
50,fixed_manifest,120,2,gpu_host,HOST_to_GPU,302592,852794.8233600006,852829.3001600007
51,fixed_manifest,19,1,gpu_host,GPU_to_HOST,302592,853217.259840001,853251.736640001
51,fixed_manifest,19,2,host_fpga_pcie,HOST_to_FPGA,302592,853251.736640001,853376.024640001
51,fixed_manifest,20,1,host_fpga_pcie,FPGA_to_HOST,302592,853708.7721600011,853833.0601600012
51,fixed_manifest,20,2,gpu_host,HOST_to_GPU,302592,853833.0601600012,853867.5369600012
51,fixed_manifest,29,1,gpu_host,GPU_to_HOST,302592,854699.4937600014,854733.9705600014
51,fixed_manifest,29,2,host_fpga_pcie,HOST_to_FPGA,302592,854733.9705600014,854858.2585600015
51,fixed_manifest,30,1,host_fpga_pcie,FPGA_to_HOST,302592,855191.0060800016,855315.2940800017
51,fixed_manifest,30,2,gpu_host,HOST_to_GPU,302592,855315.2940800017,855349.7708800016
51,fixed_manifest,39,1,gpu_host,GPU_to_HOST,302592,856181.7276800019,856216.2044800019
51,fixed_manifest,39,2,host_fpga_pcie,HOST_to_FPGA,302592,856216.2044800019,856340.492480002
51,fixed_manifest,40,1,host_fpga_pcie,FPGA_to_HOST,302592,856673.240000002,856797.528000002
51,fixed_manifest,40,2,gpu_host,HOST_to_GPU,302592,856797.528000002,856832.0048000021
51,fixed_manifest,49,1,gpu_host,GPU_to_HOST,302592,857663.9616000024,857698.4384000024
51,fixed_manifest,49,2,host_fpga_pcie,HOST_to_FPGA,302592,857698.4384000024,857822.7264000025
51,fixed_manifest,50,1,host_fpga_pcie,FPGA_to_HOST,302592,858155.4739200025,858279.7619200025
51,fixed_manifest,50,2,gpu_host,HOST_to_GPU,302592,858279.7619200025,858314.2387200026
51,fixed_manifest,59,1,gpu_host,GPU_to_HOST,302592,859146.1955200029,859180.6723200028
51,fixed_manifest,59,2,host_fpga_pcie,HOST_to_FPGA,302592,859180.6723200028,859304.9603200029
51,fixed_manifest,60,1,host_fpga_pcie,FPGA_to_HOST,302592,859637.707840003,859761.995840003
51,fixed_manifest,60,2,gpu_host,HOST_to_GPU,302592,859761.995840003,859796.4726400031
51,fixed_manifest,69,1,gpu_host,GPU_to_HOST,302592,860628.4294400032,860662.9062400033
51,fixed_manifest,69,2,host_fpga_pcie,HOST_to_FPGA,302592,860662.9062400033,860787.1942400034
51,fixed_manifest,70,1,host_fpga_pcie,FPGA_to_HOST,302592,861119.9417600035,861244.2297600035
51,fixed_manifest,70,2,gpu_host,HOST_to_GPU,302592,861244.2297600035,861278.7065600035
51,fixed_manifest,79,1,gpu_host,GPU_to_HOST,302592,862110.6633600037,862145.1401600038
51,fixed_manifest,79,2,host_fpga_pcie,HOST_to_FPGA,302592,862145.1401600038,862269.4281600039
51,fixed_manifest,80,1,host_fpga_pcie,FPGA_to_HOST,302592,862602.1756800038,862726.4636800039
51,fixed_manifest,80,2,gpu_host,HOST_to_GPU,302592,862726.4636800039,862760.940480004
51,fixed_manifest,89,1,gpu_host,GPU_to_HOST,302592,863592.8972800042,863627.3740800042
51,fixed_manifest,89,2,host_fpga_pcie,HOST_to_FPGA,302592,863627.3740800042,863751.6620800043
51,fixed_manifest,90,1,host_fpga_pcie,FPGA_to_HOST,302592,864084.4096000043,864208.6976000044
51,fixed_manifest,90,2,gpu_host,HOST_to_GPU,302592,864208.6976000044,864243.1744000044
51,fixed_manifest,99,1,gpu_host,GPU_to_HOST,302592,865075.1312000047,865109.6080000047
51,fixed_manifest,99,2,host_fpga_pcie,HOST_to_FPGA,302592,865109.6080000047,865233.8960000047
51,fixed_manifest,100,1,host_fpga_pcie,FPGA_to_HOST,302592,865566.6435200048,865690.9315200049
51,fixed_manifest,100,2,gpu_host,HOST_to_GPU,302592,865690.9315200049,865725.4083200049
51,fixed_manifest,109,1,gpu_host,GPU_to_HOST,302592,866557.3651200051,866591.8419200052
51,fixed_manifest,109,2,host_fpga_pcie,HOST_to_FPGA,302592,866591.8419200052,866716.1299200052
51,fixed_manifest,110,1,host_fpga_pcie,FPGA_to_HOST,302592,867048.8774400053,867173.1654400054
51,fixed_manifest,110,2,gpu_host,HOST_to_GPU,302592,867173.1654400054,867207.6422400053
52,fixed_manifest,9,1,gpu_host,GPU_to_HOST,302592,868289.3661866671,868323.8429866671
52,fixed_manifest,9,2,host_fpga_pcie,HOST_to_FPGA,302592,868323.8429866671,868448.1309866671
51,fixed_manifest,119,1,gpu_host,GPU_to_HOST,302592,868780.8785066672,868815.3553066672
52,fixed_manifest,10,1,host_fpga_pcie,FPGA_to_HOST,302592,868780.8785066672,868969.9777066672
51,fixed_manifest,119,2,host_fpga_pcie,HOST_to_FPGA,302592,868815.3553066672,869004.4545066672
52,fixed_manifest,10,2,gpu_host,HOST_to_GPU,302592,868969.9777066672,869004.4545066672
51,fixed_manifest,120,1,host_fpga_pcie,FPGA_to_HOST,302592,869337.2020266672,869461.4900266672
51,fixed_manifest,120,2,gpu_host,HOST_to_GPU,302592,869461.4900266672,869495.9668266673
52,fixed_manifest,19,1,gpu_host,GPU_to_HOST,302592,869883.9265066675,869918.4033066676
52,fixed_manifest,19,2,host_fpga_pcie,HOST_to_FPGA,302592,869918.4033066676,870042.6913066676
52,fixed_manifest,20,1,host_fpga_pcie,FPGA_to_HOST,302592,870375.4388266677,870499.7268266678
52,fixed_manifest,20,2,gpu_host,HOST_to_GPU,302592,870499.7268266678,870534.2036266677
52,fixed_manifest,29,1,gpu_host,GPU_to_HOST,302592,871366.160426668,871400.6372266681
52,fixed_manifest,29,2,host_fpga_pcie,HOST_to_FPGA,302592,871400.6372266681,871524.9252266681
52,fixed_manifest,30,1,host_fpga_pcie,FPGA_to_HOST,302592,871857.6727466681,871981.9607466683
52,fixed_manifest,30,2,gpu_host,HOST_to_GPU,302592,871981.9607466683,872016.4375466682
52,fixed_manifest,39,1,gpu_host,GPU_to_HOST,302592,872848.3943466685,872882.8711466686
52,fixed_manifest,39,2,host_fpga_pcie,HOST_to_FPGA,302592,872882.8711466686,873007.1591466686
52,fixed_manifest,40,1,host_fpga_pcie,FPGA_to_HOST,302592,873339.9066666686,873464.1946666687
52,fixed_manifest,40,2,gpu_host,HOST_to_GPU,302592,873464.1946666687,873498.6714666687
52,fixed_manifest,49,1,gpu_host,GPU_to_HOST,302592,874330.628266669,874365.1050666689
52,fixed_manifest,49,2,host_fpga_pcie,HOST_to_FPGA,302592,874365.1050666689,874489.3930666691
52,fixed_manifest,50,1,host_fpga_pcie,FPGA_to_HOST,302592,874822.1405866691,874946.4285866691
52,fixed_manifest,50,2,gpu_host,HOST_to_GPU,302592,874946.4285866691,874980.9053866692
52,fixed_manifest,59,1,gpu_host,GPU_to_HOST,302592,875812.8621866694,875847.3389866694
52,fixed_manifest,59,2,host_fpga_pcie,HOST_to_FPGA,302592,875847.3389866694,875971.6269866695
52,fixed_manifest,60,1,host_fpga_pcie,FPGA_to_HOST,302592,876304.3745066696,876428.6625066696
52,fixed_manifest,60,2,gpu_host,HOST_to_GPU,302592,876428.6625066696,876463.1393066696
52,fixed_manifest,69,1,gpu_host,GPU_to_HOST,302592,877295.0961066699,877329.5729066699
52,fixed_manifest,69,2,host_fpga_pcie,HOST_to_FPGA,302592,877329.5729066699,877453.86090667
52,fixed_manifest,70,1,host_fpga_pcie,FPGA_to_HOST,302592,877786.60842667,877910.8964266701
52,fixed_manifest,70,2,gpu_host,HOST_to_GPU,302592,877910.8964266701,877945.3732266701
52,fixed_manifest,79,1,gpu_host,GPU_to_HOST,302592,878777.3300266704,878811.8068266704
52,fixed_manifest,79,2,host_fpga_pcie,HOST_to_FPGA,302592,878811.8068266704,878936.0948266705
52,fixed_manifest,80,1,host_fpga_pcie,FPGA_to_HOST,302592,879268.8423466705,879393.1303466705
52,fixed_manifest,80,2,gpu_host,HOST_to_GPU,302592,879393.1303466705,879427.6071466706
52,fixed_manifest,89,1,gpu_host,GPU_to_HOST,302592,880259.5639466709,880294.0407466708
52,fixed_manifest,89,2,host_fpga_pcie,HOST_to_FPGA,302592,880294.0407466708,880418.328746671
52,fixed_manifest,90,1,host_fpga_pcie,FPGA_to_HOST,302592,880751.076266671,880875.364266671
52,fixed_manifest,90,2,gpu_host,HOST_to_GPU,302592,880875.364266671,880909.8410666711
52,fixed_manifest,99,1,gpu_host,GPU_to_HOST,302592,881741.7978666712,881776.2746666713
52,fixed_manifest,99,2,host_fpga_pcie,HOST_to_FPGA,302592,881776.2746666713,881900.5626666714
52,fixed_manifest,100,1,host_fpga_pcie,FPGA_to_HOST,302592,882233.3101866714,882357.5981866715
52,fixed_manifest,100,2,gpu_host,HOST_to_GPU,302592,882357.5981866715,882392.0749866714
52,fixed_manifest,109,1,gpu_host,GPU_to_HOST,302592,883224.0317866717,883258.5085866718
52,fixed_manifest,109,2,host_fpga_pcie,HOST_to_FPGA,302592,883258.5085866718,883382.7965866718
52,fixed_manifest,110,1,host_fpga_pcie,FPGA_to_HOST,302592,883715.5441066718,883839.832106672
52,fixed_manifest,110,2,gpu_host,HOST_to_GPU,302592,883839.832106672,883874.3089066719
53,fixed_manifest,9,1,gpu_host,GPU_to_HOST,302592,884956.0328533337,884990.5096533338
53,fixed_manifest,9,2,host_fpga_pcie,HOST_to_FPGA,302592,884990.5096533338,885114.7976533339
52,fixed_manifest,119,1,gpu_host,GPU_to_HOST,302592,885447.545173334,885482.0219733339
53,fixed_manifest,10,1,host_fpga_pcie,FPGA_to_HOST,302592,885447.545173334,885636.6443733339
52,fixed_manifest,119,2,host_fpga_pcie,HOST_to_FPGA,302592,885482.0219733339,885671.121173334
53,fixed_manifest,10,2,gpu_host,HOST_to_GPU,302592,885636.6443733339,885671.121173334
52,fixed_manifest,120,1,host_fpga_pcie,FPGA_to_HOST,302592,886003.8686933339,886128.156693334
52,fixed_manifest,120,2,gpu_host,HOST_to_GPU,302592,886128.156693334,886162.633493334
53,fixed_manifest,19,1,gpu_host,GPU_to_HOST,302592,886550.5931733343,886585.0699733343
53,fixed_manifest,19,2,host_fpga_pcie,HOST_to_FPGA,302592,886585.0699733343,886709.3579733344
53,fixed_manifest,20,1,host_fpga_pcie,FPGA_to_HOST,302592,887042.1054933344,887166.3934933345
53,fixed_manifest,20,2,gpu_host,HOST_to_GPU,302592,887166.3934933345,887200.8702933345
53,fixed_manifest,29,1,gpu_host,GPU_to_HOST,302592,888032.8270933348,888067.3038933348
53,fixed_manifest,29,2,host_fpga_pcie,HOST_to_FPGA,302592,888067.3038933348,888191.5918933349
53,fixed_manifest,30,1,host_fpga_pcie,FPGA_to_HOST,302592,888524.3394133348,888648.6274133349
53,fixed_manifest,30,2,gpu_host,HOST_to_GPU,302592,888648.6274133349,888683.104213335
53,fixed_manifest,39,1,gpu_host,GPU_to_HOST,302592,889515.0610133352,889549.5378133352
53,fixed_manifest,39,2,host_fpga_pcie,HOST_to_FPGA,302592,889549.5378133352,889673.8258133354
53,fixed_manifest,40,1,host_fpga_pcie,FPGA_to_HOST,302592,890006.5733333353,890130.8613333354
53,fixed_manifest,40,2,gpu_host,HOST_to_GPU,302592,890130.8613333354,890165.3381333355
53,fixed_manifest,49,1,gpu_host,GPU_to_HOST,302592,890997.2949333357,891031.7717333357
53,fixed_manifest,49,2,host_fpga_pcie,HOST_to_FPGA,302592,891031.7717333357,891156.0597333357
53,fixed_manifest,50,1,host_fpga_pcie,FPGA_to_HOST,302592,891488.8072533358,891613.0952533359
53,fixed_manifest,50,2,gpu_host,HOST_to_GPU,302592,891613.0952533359,891647.5720533358
53,fixed_manifest,59,1,gpu_host,GPU_to_HOST,302592,892479.5288533361,892514.0056533362
53,fixed_manifest,59,2,host_fpga_pcie,HOST_to_FPGA,302592,892514.0056533362,892638.2936533362
53,fixed_manifest,60,1,host_fpga_pcie,FPGA_to_HOST,302592,892971.0411733362,893095.3291733364
53,fixed_manifest,60,2,gpu_host,HOST_to_GPU,302592,893095.3291733364,893129.8059733363
53,fixed_manifest,69,1,gpu_host,GPU_to_HOST,302592,893961.7627733366,893996.2395733367
53,fixed_manifest,69,2,host_fpga_pcie,HOST_to_FPGA,302592,893996.2395733367,894120.5275733367
53,fixed_manifest,70,1,host_fpga_pcie,FPGA_to_HOST,302592,894453.2750933367,894577.5630933368
53,fixed_manifest,70,2,gpu_host,HOST_to_GPU,302592,894577.5630933368,894612.0398933368
53,fixed_manifest,79,1,gpu_host,GPU_to_HOST,302592,895443.9966933371,895478.473493337
53,fixed_manifest,79,2,host_fpga_pcie,HOST_to_FPGA,302592,895478.473493337,895602.7614933372
53,fixed_manifest,80,1,host_fpga_pcie,FPGA_to_HOST,302592,895935.5090133372,896059.7970133373
53,fixed_manifest,80,2,gpu_host,HOST_to_GPU,302592,896059.7970133373,896094.2738133373
53,fixed_manifest,89,1,gpu_host,GPU_to_HOST,302592,896926.2306133375,896960.7074133375
53,fixed_manifest,89,2,host_fpga_pcie,HOST_to_FPGA,302592,896960.7074133375,897084.9954133376
53,fixed_manifest,90,1,host_fpga_pcie,FPGA_to_HOST,302592,897417.7429333377,897542.0309333378
53,fixed_manifest,90,2,gpu_host,HOST_to_GPU,302592,897542.0309333378,897576.5077333377
53,fixed_manifest,99,1,gpu_host,GPU_to_HOST,302592,898408.464533338,898442.941333338
53,fixed_manifest,99,2,host_fpga_pcie,HOST_to_FPGA,302592,898442.941333338,898567.2293333381
53,fixed_manifest,100,1,host_fpga_pcie,FPGA_to_HOST,302592,898899.9768533381,899024.2648533382
53,fixed_manifest,100,2,gpu_host,HOST_to_GPU,302592,899024.2648533382,899058.7416533382
53,fixed_manifest,109,1,gpu_host,GPU_to_HOST,302592,899890.6984533385,899925.1752533385
53,fixed_manifest,109,2,host_fpga_pcie,HOST_to_FPGA,302592,899925.1752533385,900049.4632533386
53,fixed_manifest,110,1,host_fpga_pcie,FPGA_to_HOST,302592,900382.2107733386,900506.4987733386
53,fixed_manifest,110,2,gpu_host,HOST_to_GPU,302592,900506.4987733386,900540.9755733387
54,fixed_manifest,9,1,gpu_host,GPU_to_HOST,302592,901622.6995200005,901657.1763200006
54,fixed_manifest,9,2,host_fpga_pcie,HOST_to_FPGA,302592,901657.1763200006,901781.4643200006
53,fixed_manifest,119,1,gpu_host,GPU_to_HOST,302592,902114.2118400006,902148.6886400006
54,fixed_manifest,10,1,host_fpga_pcie,FPGA_to_HOST,302592,902114.2118400006,902303.3110400006
53,fixed_manifest,119,2,host_fpga_pcie,HOST_to_FPGA,302592,902148.6886400006,902337.7878400006
54,fixed_manifest,10,2,gpu_host,HOST_to_GPU,302592,902303.3110400006,902337.7878400006
53,fixed_manifest,120,1,host_fpga_pcie,FPGA_to_HOST,302592,902670.5353600007,902794.8233600007
53,fixed_manifest,120,2,gpu_host,HOST_to_GPU,302592,902794.8233600007,902829.3001600007
54,fixed_manifest,19,1,gpu_host,GPU_to_HOST,302592,903217.259840001,903251.7366400011
54,fixed_manifest,19,2,host_fpga_pcie,HOST_to_FPGA,302592,903251.7366400011,903376.0246400011
54,fixed_manifest,20,1,host_fpga_pcie,FPGA_to_HOST,302592,903708.7721600011,903833.0601600012
54,fixed_manifest,20,2,gpu_host,HOST_to_GPU,302592,903833.0601600012,903867.5369600012
54,fixed_manifest,29,1,gpu_host,GPU_to_HOST,302592,904699.4937600015,904733.9705600014
54,fixed_manifest,29,2,host_fpga_pcie,HOST_to_FPGA,302592,904733.9705600014,904858.2585600016
54,fixed_manifest,30,1,host_fpga_pcie,FPGA_to_HOST,302592,905191.0060800016,905315.2940800017
54,fixed_manifest,30,2,gpu_host,HOST_to_GPU,302592,905315.2940800017,905349.7708800017
54,fixed_manifest,39,1,gpu_host,GPU_to_HOST,302592,906181.727680002,906216.2044800019
54,fixed_manifest,39,2,host_fpga_pcie,HOST_to_FPGA,302592,906216.2044800019,906340.492480002
54,fixed_manifest,40,1,host_fpga_pcie,FPGA_to_HOST,302592,906673.2400000021,906797.5280000021
54,fixed_manifest,40,2,gpu_host,HOST_to_GPU,302592,906797.5280000021,906832.0048000021
54,fixed_manifest,49,1,gpu_host,GPU_to_HOST,302592,907663.9616000024,907698.4384000024
54,fixed_manifest,49,2,host_fpga_pcie,HOST_to_FPGA,302592,907698.4384000024,907822.7264000025
54,fixed_manifest,50,1,host_fpga_pcie,FPGA_to_HOST,302592,908155.4739200025,908279.7619200026
54,fixed_manifest,50,2,gpu_host,HOST_to_GPU,302592,908279.7619200026,908314.2387200026
54,fixed_manifest,59,1,gpu_host,GPU_to_HOST,302592,909146.1955200029,909180.6723200029
54,fixed_manifest,59,2,host_fpga_pcie,HOST_to_FPGA,302592,909180.6723200029,909304.960320003
54,fixed_manifest,60,1,host_fpga_pcie,FPGA_to_HOST,302592,909637.707840003,909761.995840003
54,fixed_manifest,60,2,gpu_host,HOST_to_GPU,302592,909761.995840003,909796.4726400031
54,fixed_manifest,69,1,gpu_host,GPU_to_HOST,302592,910628.4294400034,910662.9062400033
54,fixed_manifest,69,2,host_fpga_pcie,HOST_to_FPGA,302592,910662.9062400033,910787.1942400035
54,fixed_manifest,70,1,host_fpga_pcie,FPGA_to_HOST,302592,911119.9417600035,911244.2297600035
54,fixed_manifest,70,2,gpu_host,HOST_to_GPU,302592,911244.2297600035,911278.7065600036
54,fixed_manifest,79,1,gpu_host,GPU_to_HOST,302592,912110.6633600038,912145.1401600038
54,fixed_manifest,79,2,host_fpga_pcie,HOST_to_FPGA,302592,912145.1401600038,912269.4281600039
54,fixed_manifest,80,1,host_fpga_pcie,FPGA_to_HOST,302592,912602.175680004,912726.463680004
54,fixed_manifest,80,2,gpu_host,HOST_to_GPU,302592,912726.463680004,912760.940480004
54,fixed_manifest,89,1,gpu_host,GPU_to_HOST,302592,913592.8972800042,913627.3740800043
54,fixed_manifest,89,2,host_fpga_pcie,HOST_to_FPGA,302592,913627.3740800043,913751.6620800043
54,fixed_manifest,90,1,host_fpga_pcie,FPGA_to_HOST,302592,914084.4096000043,914208.6976000045
54,fixed_manifest,90,2,gpu_host,HOST_to_GPU,302592,914208.6976000045,914243.1744000044
54,fixed_manifest,99,1,gpu_host,GPU_to_HOST,302592,915075.1312000047,915109.6080000048
54,fixed_manifest,99,2,host_fpga_pcie,HOST_to_FPGA,302592,915109.6080000048,915233.8960000048
54,fixed_manifest,100,1,host_fpga_pcie,FPGA_to_HOST,302592,915566.6435200048,915690.9315200049
54,fixed_manifest,100,2,gpu_host,HOST_to_GPU,302592,915690.9315200049,915725.4083200049
54,fixed_manifest,109,1,gpu_host,GPU_to_HOST,302592,916557.3651200052,916591.8419200052
54,fixed_manifest,109,2,host_fpga_pcie,HOST_to_FPGA,302592,916591.8419200052,916716.1299200053
54,fixed_manifest,110,1,host_fpga_pcie,FPGA_to_HOST,302592,917048.8774400053,917173.1654400054
54,fixed_manifest,110,2,gpu_host,HOST_to_GPU,302592,917173.1654400054,917207.6422400054
55,fixed_manifest,9,1,gpu_host,GPU_to_HOST,302592,918289.3661866671,918323.8429866672
55,fixed_manifest,9,2,host_fpga_pcie,HOST_to_FPGA,302592,918323.8429866672,918448.1309866672
54,fixed_manifest,119,1,gpu_host,GPU_to_HOST,302592,918780.8785066672,918815.3553066673
55,fixed_manifest,10,1,host_fpga_pcie,FPGA_to_HOST,302592,918780.8785066672,918969.9777066673
54,fixed_manifest,119,2,host_fpga_pcie,HOST_to_FPGA,302592,918815.3553066673,919004.4545066672
55,fixed_manifest,10,2,gpu_host,HOST_to_GPU,302592,918969.9777066673,919004.4545066672
54,fixed_manifest,120,1,host_fpga_pcie,FPGA_to_HOST,302592,919337.2020266672,919461.4900266674
54,fixed_manifest,120,2,gpu_host,HOST_to_GPU,302592,919461.4900266674,919495.9668266673
55,fixed_manifest,19,1,gpu_host,GPU_to_HOST,302592,919883.9265066676,919918.4033066676
55,fixed_manifest,19,2,host_fpga_pcie,HOST_to_FPGA,302592,919918.4033066676,920042.6913066678
55,fixed_manifest,20,1,host_fpga_pcie,FPGA_to_HOST,302592,920375.4388266677,920499.7268266678
55,fixed_manifest,20,2,gpu_host,HOST_to_GPU,302592,920499.7268266678,920534.2036266678
55,fixed_manifest,29,1,gpu_host,GPU_to_HOST,302592,921366.1604266681,921400.6372266681
55,fixed_manifest,29,2,host_fpga_pcie,HOST_to_FPGA,302592,921400.6372266681,921524.9252266681
55,fixed_manifest,30,1,host_fpga_pcie,FPGA_to_HOST,302592,921857.6727466682,921981.9607466683
55,fixed_manifest,30,2,gpu_host,HOST_to_GPU,302592,921981.9607466683,922016.4375466683
55,fixed_manifest,39,1,gpu_host,GPU_to_HOST,302592,922848.3943466685,922882.8711466686
55,fixed_manifest,39,2,host_fpga_pcie,HOST_to_FPGA,302592,922882.8711466686,923007.1591466686
55,fixed_manifest,40,1,host_fpga_pcie,FPGA_to_HOST,302592,923339.9066666686,923464.1946666688
55,fixed_manifest,40,2,gpu_host,HOST_to_GPU,302592,923464.1946666688,923498.6714666687
55,fixed_manifest,49,1,gpu_host,GPU_to_HOST,302592,924330.628266669,924365.105066669
55,fixed_manifest,49,2,host_fpga_pcie,HOST_to_FPGA,302592,924365.105066669,924489.3930666691
55,fixed_manifest,50,1,host_fpga_pcie,FPGA_to_HOST,302592,924822.1405866691,924946.4285866691
55,fixed_manifest,50,2,gpu_host,HOST_to_GPU,302592,924946.4285866691,924980.9053866692
55,fixed_manifest,59,1,gpu_host,GPU_to_HOST,302592,925812.8621866695,925847.3389866694
55,fixed_manifest,59,2,host_fpga_pcie,HOST_to_FPGA,302592,925847.3389866694,925971.6269866696
55,fixed_manifest,60,1,host_fpga_pcie,FPGA_to_HOST,302592,926304.3745066696,926428.6625066696
55,fixed_manifest,60,2,gpu_host,HOST_to_GPU,302592,926428.6625066696,926463.1393066697
55,fixed_manifest,69,1,gpu_host,GPU_to_HOST,302592,927295.09610667,927329.5729066699
55,fixed_manifest,69,2,host_fpga_pcie,HOST_to_FPGA,302592,927329.5729066699,927453.86090667
55,fixed_manifest,70,1,host_fpga_pcie,FPGA_to_HOST,302592,927786.6084266701,927910.8964266701
55,fixed_manifest,70,2,gpu_host,HOST_to_GPU,302592,927910.8964266701,927945.3732266702
55,fixed_manifest,79,1,gpu_host,GPU_to_HOST,302592,928777.3300266704,928811.8068266704
55,fixed_manifest,79,2,host_fpga_pcie,HOST_to_FPGA,302592,928811.8068266704,928936.0948266705
55,fixed_manifest,80,1,host_fpga_pcie,FPGA_to_HOST,302592,929268.8423466705,929393.1303466706
55,fixed_manifest,80,2,gpu_host,HOST_to_GPU,302592,929393.1303466706,929427.6071466706
55,fixed_manifest,89,1,gpu_host,GPU_to_HOST,302592,930259.5639466709,930294.0407466709
55,fixed_manifest,89,2,host_fpga_pcie,HOST_to_FPGA,302592,930294.0407466709,930418.328746671
55,fixed_manifest,90,1,host_fpga_pcie,FPGA_to_HOST,302592,930751.076266671,930875.364266671
55,fixed_manifest,90,2,gpu_host,HOST_to_GPU,302592,930875.364266671,930909.8410666711
55,fixed_manifest,99,1,gpu_host,GPU_to_HOST,302592,931741.7978666713,931776.2746666713
55,fixed_manifest,99,2,host_fpga_pcie,HOST_to_FPGA,302592,931776.2746666713,931900.5626666715
55,fixed_manifest,100,1,host_fpga_pcie,FPGA_to_HOST,302592,932233.3101866714,932357.5981866715
55,fixed_manifest,100,2,gpu_host,HOST_to_GPU,302592,932357.5981866715,932392.0749866716
55,fixed_manifest,109,1,gpu_host,GPU_to_HOST,302592,933224.0317866718,933258.5085866718
55,fixed_manifest,109,2,host_fpga_pcie,HOST_to_FPGA,302592,933258.5085866718,933382.7965866718
55,fixed_manifest,110,1,host_fpga_pcie,FPGA_to_HOST,302592,933715.5441066719,933839.832106672
55,fixed_manifest,110,2,gpu_host,HOST_to_GPU,302592,933839.832106672,933874.308906672
56,fixed_manifest,9,1,gpu_host,GPU_to_HOST,302592,934956.0328533337,934990.5096533337
56,fixed_manifest,9,2,host_fpga_pcie,HOST_to_FPGA,302592,934990.5096533337,935114.7976533339
55,fixed_manifest,119,1,gpu_host,GPU_to_HOST,302592,935447.5451733338,935482.0219733339
56,fixed_manifest,10,1,host_fpga_pcie,FPGA_to_HOST,302592,935447.5451733338,935636.6443733338
55,fixed_manifest,119,2,host_fpga_pcie,HOST_to_FPGA,302592,935482.0219733339,935671.1211733338
56,fixed_manifest,10,2,gpu_host,HOST_to_GPU,302592,935636.6443733338,935671.1211733338
55,fixed_manifest,120,1,host_fpga_pcie,FPGA_to_HOST,302592,936003.8686933338,936128.156693334
55,fixed_manifest,120,2,gpu_host,HOST_to_GPU,302592,936128.156693334,936162.6334933339
56,fixed_manifest,19,1,gpu_host,GPU_to_HOST,302592,936550.5931733343,936585.0699733342
56,fixed_manifest,19,2,host_fpga_pcie,HOST_to_FPGA,302592,936585.0699733342,936709.3579733344
56,fixed_manifest,20,1,host_fpga_pcie,FPGA_to_HOST,302592,937042.1054933344,937166.3934933344
56,fixed_manifest,20,2,gpu_host,HOST_to_GPU,302592,937166.3934933344,937200.8702933345
56,fixed_manifest,29,1,gpu_host,GPU_to_HOST,302592,938032.8270933346,938067.3038933347
56,fixed_manifest,29,2,host_fpga_pcie,HOST_to_FPGA,302592,938067.3038933347,938191.5918933348
56,fixed_manifest,30,1,host_fpga_pcie,FPGA_to_HOST,302592,938524.3394133348,938648.6274133349
56,fixed_manifest,30,2,gpu_host,HOST_to_GPU,302592,938648.6274133349,938683.1042133349
56,fixed_manifest,39,1,gpu_host,GPU_to_HOST,302592,939515.0610133351,939549.5378133352
56,fixed_manifest,39,2,host_fpga_pcie,HOST_to_FPGA,302592,939549.5378133352,939673.8258133353
56,fixed_manifest,40,1,host_fpga_pcie,FPGA_to_HOST,302592,940006.5733333352,940130.8613333354
56,fixed_manifest,40,2,gpu_host,HOST_to_GPU,302592,940130.8613333354,940165.3381333353
56,fixed_manifest,49,1,gpu_host,GPU_to_HOST,302592,940997.2949333356,941031.7717333357
56,fixed_manifest,49,2,host_fpga_pcie,HOST_to_FPGA,302592,941031.7717333357,941156.0597333357
56,fixed_manifest,50,1,host_fpga_pcie,FPGA_to_HOST,302592,941488.8072533357,941613.0952533358
56,fixed_manifest,50,2,gpu_host,HOST_to_GPU,302592,941613.0952533358,941647.5720533358
56,fixed_manifest,59,1,gpu_host,GPU_to_HOST,302592,942479.5288533361,942514.0056533361
56,fixed_manifest,59,2,host_fpga_pcie,HOST_to_FPGA,302592,942514.0056533361,942638.2936533361
56,fixed_manifest,60,1,host_fpga_pcie,FPGA_to_HOST,302592,942971.0411733362,943095.3291733363
56,fixed_manifest,60,2,gpu_host,HOST_to_GPU,302592,943095.3291733363,943129.8059733363
56,fixed_manifest,69,1,gpu_host,GPU_to_HOST,302592,943961.7627733365,943996.2395733366
56,fixed_manifest,69,2,host_fpga_pcie,HOST_to_FPGA,302592,943996.2395733366,944120.5275733366
56,fixed_manifest,70,1,host_fpga_pcie,FPGA_to_HOST,302592,944453.2750933367,944577.5630933368
56,fixed_manifest,70,2,gpu_host,HOST_to_GPU,302592,944577.5630933368,944612.0398933367
56,fixed_manifest,79,1,gpu_host,GPU_to_HOST,302592,945443.996693337,945478.473493337
56,fixed_manifest,79,2,host_fpga_pcie,HOST_to_FPGA,302592,945478.473493337,945602.7614933371
56,fixed_manifest,80,1,host_fpga_pcie,FPGA_to_HOST,302592,945935.5090133371,946059.7970133373
56,fixed_manifest,80,2,gpu_host,HOST_to_GPU,302592,946059.7970133373,946094.2738133372
56,fixed_manifest,89,1,gpu_host,GPU_to_HOST,302592,946926.2306133375,946960.7074133375
56,fixed_manifest,89,2,host_fpga_pcie,HOST_to_FPGA,302592,946960.7074133375,947084.9954133376
56,fixed_manifest,90,1,host_fpga_pcie,FPGA_to_HOST,302592,947417.7429333376,947542.0309333376
56,fixed_manifest,90,2,gpu_host,HOST_to_GPU,302592,947542.0309333376,947576.5077333377
56,fixed_manifest,99,1,gpu_host,GPU_to_HOST,302592,948408.464533338,948442.9413333379
56,fixed_manifest,99,2,host_fpga_pcie,HOST_to_FPGA,302592,948442.9413333379,948567.229333338
56,fixed_manifest,100,1,host_fpga_pcie,FPGA_to_HOST,302592,948899.9768533381,949024.2648533381
56,fixed_manifest,100,2,gpu_host,HOST_to_GPU,302592,949024.2648533381,949058.7416533382
56,fixed_manifest,109,1,gpu_host,GPU_to_HOST,302592,949890.6984533384,949925.1752533384
56,fixed_manifest,109,2,host_fpga_pcie,HOST_to_FPGA,302592,949925.1752533384,950049.4632533385
56,fixed_manifest,110,1,host_fpga_pcie,FPGA_to_HOST,302592,950382.2107733386,950506.4987733386
56,fixed_manifest,110,2,gpu_host,HOST_to_GPU,302592,950506.4987733386,950540.9755733386
57,fixed_manifest,9,1,gpu_host,GPU_to_HOST,302592,951622.6995200005,951657.1763200004
57,fixed_manifest,9,2,host_fpga_pcie,HOST_to_FPGA,302592,951657.1763200004,951781.4643200005
56,fixed_manifest,119,1,gpu_host,GPU_to_HOST,302592,952114.2118400006,952148.6886400005
57,fixed_manifest,10,1,host_fpga_pcie,FPGA_to_HOST,302592,952114.2118400006,952303.3110400005
56,fixed_manifest,119,2,host_fpga_pcie,HOST_to_FPGA,302592,952148.6886400005,952337.7878400006
57,fixed_manifest,10,2,gpu_host,HOST_to_GPU,302592,952303.3110400005,952337.7878400006
56,fixed_manifest,120,1,host_fpga_pcie,FPGA_to_HOST,302592,952670.5353600006,952794.8233600006
56,fixed_manifest,120,2,gpu_host,HOST_to_GPU,302592,952794.8233600006,952829.3001600007
57,fixed_manifest,19,1,gpu_host,GPU_to_HOST,302592,953217.2598400009,953251.736640001
57,fixed_manifest,19,2,host_fpga_pcie,HOST_to_FPGA,302592,953251.736640001,953376.024640001
57,fixed_manifest,20,1,host_fpga_pcie,FPGA_to_HOST,302592,953708.7721600011,953833.0601600012
57,fixed_manifest,20,2,gpu_host,HOST_to_GPU,302592,953833.0601600012,953867.5369600011
57,fixed_manifest,29,1,gpu_host,GPU_to_HOST,302592,954699.4937600014,954733.9705600014
57,fixed_manifest,29,2,host_fpga_pcie,HOST_to_FPGA,302592,954733.9705600014,954858.2585600015
57,fixed_manifest,30,1,host_fpga_pcie,FPGA_to_HOST,302592,955191.0060800015,955315.2940800017
57,fixed_manifest,30,2,gpu_host,HOST_to_GPU,302592,955315.2940800017,955349.7708800016
57,fixed_manifest,39,1,gpu_host,GPU_to_HOST,302592,956181.7276800019,956216.2044800019
57,fixed_manifest,39,2,host_fpga_pcie,HOST_to_FPGA,302592,956216.2044800019,956340.492480002
57,fixed_manifest,40,1,host_fpga_pcie,FPGA_to_HOST,302592,956673.240000002,956797.528000002
57,fixed_manifest,40,2,gpu_host,HOST_to_GPU,302592,956797.528000002,956832.0048000021
57,fixed_manifest,49,1,gpu_host,GPU_to_HOST,302592,957663.9616000024,957698.4384000023
57,fixed_manifest,49,2,host_fpga_pcie,HOST_to_FPGA,302592,957698.4384000023,957822.7264000025
57,fixed_manifest,50,1,host_fpga_pcie,FPGA_to_HOST,302592,958155.4739200025,958279.7619200025
57,fixed_manifest,50,2,gpu_host,HOST_to_GPU,302592,958279.7619200025,958314.2387200026
57,fixed_manifest,59,1,gpu_host,GPU_to_HOST,302592,959146.1955200027,959180.6723200028
57,fixed_manifest,59,2,host_fpga_pcie,HOST_to_FPGA,302592,959180.6723200028,959304.9603200029
57,fixed_manifest,60,1,host_fpga_pcie,FPGA_to_HOST,302592,959637.707840003,959761.995840003
57,fixed_manifest,60,2,gpu_host,HOST_to_GPU,302592,959761.995840003,959796.472640003
57,fixed_manifest,69,1,gpu_host,GPU_to_HOST,302592,960628.4294400032,960662.9062400033
57,fixed_manifest,69,2,host_fpga_pcie,HOST_to_FPGA,302592,960662.9062400033,960787.1942400034
57,fixed_manifest,70,1,host_fpga_pcie,FPGA_to_HOST,302592,961119.9417600033,961244.2297600035
57,fixed_manifest,70,2,gpu_host,HOST_to_GPU,302592,961244.2297600035,961278.7065600035
57,fixed_manifest,79,1,gpu_host,GPU_to_HOST,302592,962110.6633600037,962145.1401600038
57,fixed_manifest,79,2,host_fpga_pcie,HOST_to_FPGA,302592,962145.1401600038,962269.4281600039
57,fixed_manifest,80,1,host_fpga_pcie,FPGA_to_HOST,302592,962602.1756800038,962726.4636800039
57,fixed_manifest,80,2,gpu_host,HOST_to_GPU,302592,962726.4636800039,962760.940480004
57,fixed_manifest,89,1,gpu_host,GPU_to_HOST,302592,963592.8972800042,963627.3740800042
57,fixed_manifest,89,2,host_fpga_pcie,HOST_to_FPGA,302592,963627.3740800042,963751.6620800043
57,fixed_manifest,90,1,host_fpga_pcie,FPGA_to_HOST,302592,964084.4096000043,964208.6976000044
57,fixed_manifest,90,2,gpu_host,HOST_to_GPU,302592,964208.6976000044,964243.1744000044
57,fixed_manifest,99,1,gpu_host,GPU_to_HOST,302592,965075.1312000046,965109.6080000047
57,fixed_manifest,99,2,host_fpga_pcie,HOST_to_FPGA,302592,965109.6080000047,965233.8960000047
57,fixed_manifest,100,1,host_fpga_pcie,FPGA_to_HOST,302592,965566.6435200048,965690.9315200049
57,fixed_manifest,100,2,gpu_host,HOST_to_GPU,302592,965690.9315200049,965725.4083200048
57,fixed_manifest,109,1,gpu_host,GPU_to_HOST,302592,966557.3651200051,966591.8419200052
57,fixed_manifest,109,2,host_fpga_pcie,HOST_to_FPGA,302592,966591.8419200052,966716.1299200052
57,fixed_manifest,110,1,host_fpga_pcie,FPGA_to_HOST,302592,967048.8774400052,967173.1654400054
57,fixed_manifest,110,2,gpu_host,HOST_to_GPU,302592,967173.1654400054,967207.6422400053
58,fixed_manifest,9,1,gpu_host,GPU_to_HOST,302592,968289.3661866671,968323.8429866672
58,fixed_manifest,9,2,host_fpga_pcie,HOST_to_FPGA,302592,968323.8429866672,968448.1309866672
57,fixed_manifest,119,1,gpu_host,GPU_to_HOST,302592,968780.8785066673,968815.3553066673
58,fixed_manifest,10,1,host_fpga_pcie,FPGA_to_HOST,302592,968780.8785066673,968969.9777066673
57,fixed_manifest,119,2,host_fpga_pcie,HOST_to_FPGA,302592,968815.3553066673,969004.4545066673
58,fixed_manifest,10,2,gpu_host,HOST_to_GPU,302592,968969.9777066673,969004.4545066673
57,fixed_manifest,120,1,host_fpga_pcie,FPGA_to_HOST,302592,969337.2020266673,969461.4900266674
57,fixed_manifest,120,2,gpu_host,HOST_to_GPU,302592,969461.4900266674,969495.9668266674
58,fixed_manifest,19,1,gpu_host,GPU_to_HOST,302592,969883.9265066676,969918.4033066677
58,fixed_manifest,19,2,host_fpga_pcie,HOST_to_FPGA,302592,969918.4033066677,970042.6913066678
58,fixed_manifest,20,1,host_fpga_pcie,FPGA_to_HOST,302592,970375.4388266677,970499.7268266679
58,fixed_manifest,20,2,gpu_host,HOST_to_GPU,302592,970499.7268266679,970534.2036266678
58,fixed_manifest,29,1,gpu_host,GPU_to_HOST,302592,971366.1604266681,971400.6372266682
58,fixed_manifest,29,2,host_fpga_pcie,HOST_to_FPGA,302592,971400.6372266682,971524.9252266682
58,fixed_manifest,30,1,host_fpga_pcie,FPGA_to_HOST,302592,971857.6727466682,971981.9607466683
58,fixed_manifest,30,2,gpu_host,HOST_to_GPU,302592,971981.9607466683,972016.4375466683
58,fixed_manifest,39,1,gpu_host,GPU_to_HOST,302592,972848.3943466686,972882.8711466686
58,fixed_manifest,39,2,host_fpga_pcie,HOST_to_FPGA,302592,972882.8711466686,973007.1591466687
58,fixed_manifest,40,1,host_fpga_pcie,FPGA_to_HOST,302592,973339.9066666687,973464.1946666688
58,fixed_manifest,40,2,gpu_host,HOST_to_GPU,302592,973464.1946666688,973498.6714666688
58,fixed_manifest,49,1,gpu_host,GPU_to_HOST,302592,974330.628266669,974365.105066669
58,fixed_manifest,49,2,host_fpga_pcie,HOST_to_FPGA,302592,974365.105066669,974489.3930666691
58,fixed_manifest,50,1,host_fpga_pcie,FPGA_to_HOST,302592,974822.1405866692,974946.4285866693
58,fixed_manifest,50,2,gpu_host,HOST_to_GPU,302592,974946.4285866693,974980.9053866692
58,fixed_manifest,59,1,gpu_host,GPU_to_HOST,302592,975812.8621866695,975847.3389866696
58,fixed_manifest,59,2,host_fpga_pcie,HOST_to_FPGA,302592,975847.3389866696,975971.6269866696
58,fixed_manifest,60,1,host_fpga_pcie,FPGA_to_HOST,302592,976304.3745066696,976428.6625066698
58,fixed_manifest,60,2,gpu_host,HOST_to_GPU,302592,976428.6625066698,976463.1393066697
58,fixed_manifest,69,1,gpu_host,GPU_to_HOST,302592,977295.09610667,977329.57290667
58,fixed_manifest,69,2,host_fpga_pcie,HOST_to_FPGA,302592,977329.57290667,977453.8609066701
58,fixed_manifest,70,1,host_fpga_pcie,FPGA_to_HOST,302592,977786.6084266701,977910.8964266701
58,fixed_manifest,70,2,gpu_host,HOST_to_GPU,302592,977910.8964266701,977945.3732266702
58,fixed_manifest,79,1,gpu_host,GPU_to_HOST,302592,978777.3300266705,978811.8068266704
58,fixed_manifest,79,2,host_fpga_pcie,HOST_to_FPGA,302592,978811.8068266704,978936.0948266706
58,fixed_manifest,80,1,host_fpga_pcie,FPGA_to_HOST,302592,979268.8423466706,979393.1303466706
58,fixed_manifest,80,2,gpu_host,HOST_to_GPU,302592,979393.1303466706,979427.6071466707
58,fixed_manifest,89,1,gpu_host,GPU_to_HOST,302592,980259.5639466709,980294.0407466709
58,fixed_manifest,89,2,host_fpga_pcie,HOST_to_FPGA,302592,980294.0407466709,980418.328746671
58,fixed_manifest,90,1,host_fpga_pcie,FPGA_to_HOST,302592,980751.0762666711,980875.3642666711
58,fixed_manifest,90,2,gpu_host,HOST_to_GPU,302592,980875.3642666711,980909.8410666711
58,fixed_manifest,99,1,gpu_host,GPU_to_HOST,302592,981741.7978666713,981776.2746666714
58,fixed_manifest,99,2,host_fpga_pcie,HOST_to_FPGA,302592,981776.2746666714,981900.5626666715
58,fixed_manifest,100,1,host_fpga_pcie,FPGA_to_HOST,302592,982233.3101866714,982357.5981866716
58,fixed_manifest,100,2,gpu_host,HOST_to_GPU,302592,982357.5981866716,982392.0749866716
58,fixed_manifest,109,1,gpu_host,GPU_to_HOST,302592,983224.0317866718,983258.5085866719
58,fixed_manifest,109,2,host_fpga_pcie,HOST_to_FPGA,302592,983258.5085866719,983382.796586672
58,fixed_manifest,110,1,host_fpga_pcie,FPGA_to_HOST,302592,983715.5441066719,983839.832106672
58,fixed_manifest,110,2,gpu_host,HOST_to_GPU,302592,983839.832106672,983874.308906672
59,fixed_manifest,9,1,gpu_host,GPU_to_HOST,302592,984956.0328533337,984990.5096533338
59,fixed_manifest,9,2,host_fpga_pcie,HOST_to_FPGA,302592,984990.5096533338,985114.7976533339
58,fixed_manifest,119,1,gpu_host,GPU_to_HOST,302592,985447.5451733338,985482.0219733339
59,fixed_manifest,10,1,host_fpga_pcie,FPGA_to_HOST,302592,985447.5451733338,985636.6443733339
58,fixed_manifest,119,2,host_fpga_pcie,HOST_to_FPGA,302592,985482.0219733339,985671.1211733338
59,fixed_manifest,10,2,gpu_host,HOST_to_GPU,302592,985636.6443733339,985671.1211733338
58,fixed_manifest,120,1,host_fpga_pcie,FPGA_to_HOST,302592,986003.8686933339,986128.156693334
58,fixed_manifest,120,2,gpu_host,HOST_to_GPU,302592,986128.156693334,986162.6334933339
59,fixed_manifest,19,1,gpu_host,GPU_to_HOST,302592,986550.5931733343,986585.0699733343
59,fixed_manifest,19,2,host_fpga_pcie,HOST_to_FPGA,302592,986585.0699733343,986709.3579733344
59,fixed_manifest,20,1,host_fpga_pcie,FPGA_to_HOST,302592,987042.1054933344,987166.3934933344
59,fixed_manifest,20,2,gpu_host,HOST_to_GPU,302592,987166.3934933344,987200.8702933345
59,fixed_manifest,29,1,gpu_host,GPU_to_HOST,302592,988032.8270933348,988067.3038933347
59,fixed_manifest,29,2,host_fpga_pcie,HOST_to_FPGA,302592,988067.3038933347,988191.5918933349
59,fixed_manifest,30,1,host_fpga_pcie,FPGA_to_HOST,302592,988524.3394133348,988648.6274133349
59,fixed_manifest,30,2,gpu_host,HOST_to_GPU,302592,988648.6274133349,988683.104213335
59,fixed_manifest,39,1,gpu_host,GPU_to_HOST,302592,989515.0610133352,989549.5378133352
59,fixed_manifest,39,2,host_fpga_pcie,HOST_to_FPGA,302592,989549.5378133352,989673.8258133353
59,fixed_manifest,40,1,host_fpga_pcie,FPGA_to_HOST,302592,990006.5733333353,990130.8613333354
59,fixed_manifest,40,2,gpu_host,HOST_to_GPU,302592,990130.8613333354,990165.3381333353
59,fixed_manifest,49,1,gpu_host,GPU_to_HOST,302592,990997.2949333356,991031.7717333357
59,fixed_manifest,49,2,host_fpga_pcie,HOST_to_FPGA,302592,991031.7717333357,991156.0597333357
59,fixed_manifest,50,1,host_fpga_pcie,FPGA_to_HOST,302592,991488.8072533357,991613.0952533359
59,fixed_manifest,50,2,gpu_host,HOST_to_GPU,302592,991613.0952533359,991647.5720533358
59,fixed_manifest,59,1,gpu_host,GPU_to_HOST,302592,992479.5288533361,992514.0056533362
59,fixed_manifest,59,2,host_fpga_pcie,HOST_to_FPGA,302592,992514.0056533362,992638.2936533362
59,fixed_manifest,60,1,host_fpga_pcie,FPGA_to_HOST,302592,992971.0411733362,993095.3291733363
59,fixed_manifest,60,2,gpu_host,HOST_to_GPU,302592,993095.3291733363,993129.8059733363
59,fixed_manifest,69,1,gpu_host,GPU_to_HOST,302592,993961.7627733366,993996.2395733366
59,fixed_manifest,69,2,host_fpga_pcie,HOST_to_FPGA,302592,993996.2395733366,994120.5275733367
59,fixed_manifest,70,1,host_fpga_pcie,FPGA_to_HOST,302592,994453.2750933367,994577.5630933368
59,fixed_manifest,70,2,gpu_host,HOST_to_GPU,302592,994577.5630933368,994612.0398933368
59,fixed_manifest,79,1,gpu_host,GPU_to_HOST,302592,995443.9966933371,995478.473493337
59,fixed_manifest,79,2,host_fpga_pcie,HOST_to_FPGA,302592,995478.473493337,995602.7614933371
59,fixed_manifest,80,1,host_fpga_pcie,FPGA_to_HOST,302592,995935.5090133372,996059.7970133373
59,fixed_manifest,80,2,gpu_host,HOST_to_GPU,302592,996059.7970133373,996094.2738133372
59,fixed_manifest,89,1,gpu_host,GPU_to_HOST,302592,996926.2306133375,996960.7074133375
59,fixed_manifest,89,2,host_fpga_pcie,HOST_to_FPGA,302592,996960.7074133375,997084.9954133376
59,fixed_manifest,90,1,host_fpga_pcie,FPGA_to_HOST,302592,997417.7429333376,997542.0309333378
59,fixed_manifest,90,2,gpu_host,HOST_to_GPU,302592,997542.0309333378,997576.5077333377
59,fixed_manifest,99,1,gpu_host,GPU_to_HOST,302592,998408.464533338,998442.941333338
59,fixed_manifest,99,2,host_fpga_pcie,HOST_to_FPGA,302592,998442.941333338,998567.2293333381
59,fixed_manifest,100,1,host_fpga_pcie,FPGA_to_HOST,302592,998899.9768533381,999024.2648533381
59,fixed_manifest,100,2,gpu_host,HOST_to_GPU,302592,999024.2648533381,999058.7416533382
59,fixed_manifest,109,1,gpu_host,GPU_to_HOST,302592,999890.6984533385,999925.1752533384
59,fixed_manifest,109,2,host_fpga_pcie,HOST_to_FPGA,302592,999925.1752533384,1000049.4632533386
59,fixed_manifest,110,1,host_fpga_pcie,FPGA_to_HOST,302592,1000382.2107733384,1000506.4987733383
59,fixed_manifest,110,2,gpu_host,HOST_to_GPU,302592,1000506.4987733383,1000540.9755733383
60,fixed_manifest,9,1,gpu_host,GPU_to_HOST,302592,1001622.6995200001,1001657.1763200002
60,fixed_manifest,9,2,host_fpga_pcie,HOST_to_FPGA,302592,1001657.1763200002,1001781.46432
59,fixed_manifest,119,1,gpu_host,GPU_to_HOST,302592,1002114.2118399999,1002148.68864
60,fixed_manifest,10,1,host_fpga_pcie,FPGA_to_HOST,302592,1002114.2118399999,1002303.31104
59,fixed_manifest,119,2,host_fpga_pcie,HOST_to_FPGA,302592,1002148.68864,1002337.7878399999
60,fixed_manifest,10,2,gpu_host,HOST_to_GPU,302592,1002303.31104,1002337.7878399999
59,fixed_manifest,120,1,host_fpga_pcie,FPGA_to_HOST,302592,1002670.5353599999,1002794.8233599997
59,fixed_manifest,120,2,gpu_host,HOST_to_GPU,302592,1002794.8233599997,1002829.3001599998
60,fixed_manifest,19,1,gpu_host,GPU_to_HOST,302592,1003217.2598399997,1003251.7366399998
60,fixed_manifest,19,2,host_fpga_pcie,HOST_to_FPGA,302592,1003251.7366399998,1003376.0246399996
60,fixed_manifest,20,1,host_fpga_pcie,FPGA_to_HOST,302592,1003708.7721599996,1003833.0601599994
60,fixed_manifest,20,2,gpu_host,HOST_to_GPU,302592,1003833.0601599994,1003867.5369599995
60,fixed_manifest,29,1,gpu_host,GPU_to_HOST,302592,1004699.4937599993,1004733.9705599993
60,fixed_manifest,29,2,host_fpga_pcie,HOST_to_FPGA,302592,1004733.9705599993,1004858.2585599992
60,fixed_manifest,30,1,host_fpga_pcie,FPGA_to_HOST,302592,1005191.0060799991,1005315.294079999
60,fixed_manifest,30,2,gpu_host,HOST_to_GPU,302592,1005315.294079999,1005349.770879999
60,fixed_manifest,39,1,gpu_host,GPU_to_HOST,302592,1006181.727679999,1006216.2044799989
60,fixed_manifest,39,2,host_fpga_pcie,HOST_to_FPGA,302592,1006216.2044799989,1006340.4924799989
60,fixed_manifest,40,1,host_fpga_pcie,FPGA_to_HOST,302592,1006673.2399999987,1006797.5279999985
60,fixed_manifest,40,2,gpu_host,HOST_to_GPU,302592,1006797.5279999985,1006832.0047999986
60,fixed_manifest,49,1,gpu_host,GPU_to_HOST,302592,1007663.9615999985,1007698.4383999985
60,fixed_manifest,49,2,host_fpga_pcie,HOST_to_FPGA,302592,1007698.4383999985,1007822.7263999984
60,fixed_manifest,50,1,host_fpga_pcie,FPGA_to_HOST,302592,1008155.4739199983,1008279.7619199981
60,fixed_manifest,50,2,gpu_host,HOST_to_GPU,302592,1008279.7619199981,1008314.2387199982
60,fixed_manifest,59,1,gpu_host,GPU_to_HOST,302592,1009146.1955199981,1009180.672319998
60,fixed_manifest,59,2,host_fpga_pcie,HOST_to_FPGA,302592,1009180.672319998,1009304.960319998
60,fixed_manifest,60,1,host_fpga_pcie,FPGA_to_HOST,302592,1009637.7078399978,1009761.9958399977
60,fixed_manifest,60,2,gpu_host,HOST_to_GPU,302592,1009761.9958399977,1009796.4726399977
60,fixed_manifest,69,1,gpu_host,GPU_to_HOST,302592,1010628.4294399976,1010662.9062399977
60,fixed_manifest,69,2,host_fpga_pcie,HOST_to_FPGA,302592,1010662.9062399977,1010787.1942399975
60,fixed_manifest,70,1,host_fpga_pcie,FPGA_to_HOST,302592,1011119.9417599974,1011244.2297599973
60,fixed_manifest,70,2,gpu_host,HOST_to_GPU,302592,1011244.2297599973,1011278.7065599973
60,fixed_manifest,79,1,gpu_host,GPU_to_HOST,302592,1012110.6633599972,1012145.1401599973
60,fixed_manifest,79,2,host_fpga_pcie,HOST_to_FPGA,302592,1012145.1401599973,1012269.4281599971
60,fixed_manifest,80,1,host_fpga_pcie,FPGA_to_HOST,302592,1012602.175679997,1012726.4636799969
60,fixed_manifest,80,2,gpu_host,HOST_to_GPU,302592,1012726.4636799969,1012760.9404799968
60,fixed_manifest,89,1,gpu_host,GPU_to_HOST,302592,1013592.8972799968,1013627.3740799968
60,fixed_manifest,89,2,host_fpga_pcie,HOST_to_FPGA,302592,1013627.3740799968,1013751.6620799967
60,fixed_manifest,90,1,host_fpga_pcie,FPGA_to_HOST,302592,1014084.4095999965,1014208.6975999965
60,fixed_manifest,90,2,gpu_host,HOST_to_GPU,302592,1014208.6975999965,1014243.1743999964
60,fixed_manifest,99,1,gpu_host,GPU_to_HOST,302592,1015075.1311999963,1015109.6079999964
60,fixed_manifest,99,2,host_fpga_pcie,HOST_to_FPGA,302592,1015109.6079999964,1015233.8959999962
60,fixed_manifest,100,1,host_fpga_pcie,FPGA_to_HOST,302592,1015566.6435199962,1015690.931519996
60,fixed_manifest,100,2,gpu_host,HOST_to_GPU,302592,1015690.931519996,1015725.408319996
60,fixed_manifest,109,1,gpu_host,GPU_to_HOST,302592,1016557.3651199959,1016591.841919996
60,fixed_manifest,109,2,host_fpga_pcie,HOST_to_FPGA,302592,1016591.841919996,1016716.1299199958
60,fixed_manifest,110,1,host_fpga_pcie,FPGA_to_HOST,302592,1017048.8774399958,1017173.1654399956
60,fixed_manifest,110,2,gpu_host,HOST_to_GPU,302592,1017173.1654399956,1017207.6422399957
61,fixed_manifest,9,1,gpu_host,GPU_to_HOST,302592,1018289.3661866668,1018323.8429866668
61,fixed_manifest,9,2,host_fpga_pcie,HOST_to_FPGA,302592,1018323.8429866668,1018448.1309866667
60,fixed_manifest,119,1,gpu_host,GPU_to_HOST,302592,1018780.8785066665,1018815.3553066666
61,fixed_manifest,10,1,host_fpga_pcie,FPGA_to_HOST,302592,1018780.8785066665,1018969.9777066666
60,fixed_manifest,119,2,host_fpga_pcie,HOST_to_FPGA,302592,1018815.3553066666,1019004.4545066665
61,fixed_manifest,10,2,gpu_host,HOST_to_GPU,302592,1018969.9777066666,1019004.4545066665
60,fixed_manifest,120,1,host_fpga_pcie,FPGA_to_HOST,302592,1019337.2020266665,1019461.4900266663
60,fixed_manifest,120,2,gpu_host,HOST_to_GPU,302592,1019461.4900266663,1019495.9668266664
61,fixed_manifest,19,1,gpu_host,GPU_to_HOST,302592,1019883.9265066664,1019918.4033066664
61,fixed_manifest,19,2,host_fpga_pcie,HOST_to_FPGA,302592,1019918.4033066664,1020042.6913066662
61,fixed_manifest,20,1,host_fpga_pcie,FPGA_to_HOST,302592,1020375.4388266661,1020499.726826666
61,fixed_manifest,20,2,gpu_host,HOST_to_GPU,302592,1020499.726826666,1020534.203626666
61,fixed_manifest,29,1,gpu_host,GPU_to_HOST,302592,1021366.1604266659,1021400.637226666
61,fixed_manifest,29,2,host_fpga_pcie,HOST_to_FPGA,302592,1021400.637226666,1021524.9252266658
61,fixed_manifest,30,1,host_fpga_pcie,FPGA_to_HOST,302592,1021857.6727466658,1021981.9607466656
61,fixed_manifest,30,2,gpu_host,HOST_to_GPU,302592,1021981.9607466656,1022016.4375466655
61,fixed_manifest,39,1,gpu_host,GPU_to_HOST,302592,1022848.3943466655,1022882.8711466655
61,fixed_manifest,39,2,host_fpga_pcie,HOST_to_FPGA,302592,1022882.8711466655,1023007.1591466654
61,fixed_manifest,40,1,host_fpga_pcie,FPGA_to_HOST,302592,1023339.9066666653,1023464.1946666652
61,fixed_manifest,40,2,gpu_host,HOST_to_GPU,302592,1023464.1946666652,1023498.6714666652
61,fixed_manifest,49,1,gpu_host,GPU_to_HOST,302592,1024330.6282666652,1024365.1050666651
61,fixed_manifest,49,2,host_fpga_pcie,HOST_to_FPGA,302592,1024365.1050666651,1024489.3930666649
61,fixed_manifest,50,1,host_fpga_pcie,FPGA_to_HOST,302592,1024822.1405866649,1024946.4285866647
61,fixed_manifest,50,2,gpu_host,HOST_to_GPU,302592,1024946.4285866647,1024980.9053866648
61,fixed_manifest,59,1,gpu_host,GPU_to_HOST,302592,1025812.8621866647,1025847.3389866647
61,fixed_manifest,59,2,host_fpga_pcie,HOST_to_FPGA,302592,1025847.3389866647,1025971.6269866646
61,fixed_manifest,60,1,host_fpga_pcie,FPGA_to_HOST,302592,1026304.3745066645,1026428.6625066643
61,fixed_manifest,60,2,gpu_host,HOST_to_GPU,302592,1026428.6625066643,1026463.1393066644
61,fixed_manifest,69,1,gpu_host,GPU_to_HOST,302592,1027295.0961066643,1027329.5729066642
61,fixed_manifest,69,2,host_fpga_pcie,HOST_to_FPGA,302592,1027329.5729066642,1027453.8609066642
61,fixed_manifest,70,1,host_fpga_pcie,FPGA_to_HOST,302592,1027786.608426664,1027910.8964266639
61,fixed_manifest,70,2,gpu_host,HOST_to_GPU,302592,1027910.8964266639,1027945.3732266639
61,fixed_manifest,79,1,gpu_host,GPU_to_HOST,302592,1028777.3300266638,1028811.8068266639
61,fixed_manifest,79,2,host_fpga_pcie,HOST_to_FPGA,302592,1028811.8068266639,1028936.0948266637
61,fixed_manifest,80,1,host_fpga_pcie,FPGA_to_HOST,302592,1029268.8423466636,1029393.1303466634
61,fixed_manifest,80,2,gpu_host,HOST_to_GPU,302592,1029393.1303466634,1029427.6071466635
61,fixed_manifest,89,1,gpu_host,GPU_to_HOST,302592,1030259.5639466634,1030294.0407466635
61,fixed_manifest,89,2,host_fpga_pcie,HOST_to_FPGA,302592,1030294.0407466635,1030418.3287466633
61,fixed_manifest,90,1,host_fpga_pcie,FPGA_to_HOST,302592,1030751.0762666631,1030875.3642666631
61,fixed_manifest,90,2,gpu_host,HOST_to_GPU,302592,1030875.3642666631,1030909.841066663
61,fixed_manifest,99,1,gpu_host,GPU_to_HOST,302592,1031741.797866663,1031776.274666663
61,fixed_manifest,99,2,host_fpga_pcie,HOST_to_FPGA,302592,1031776.274666663,1031900.5626666629
61,fixed_manifest,100,1,host_fpga_pcie,FPGA_to_HOST,302592,1032233.3101866627,1032357.5981866627
61,fixed_manifest,100,2,gpu_host,HOST_to_GPU,302592,1032357.5981866627,1032392.0749866626
61,fixed_manifest,109,1,gpu_host,GPU_to_HOST,302592,1033224.0317866625,1033258.5085866626
61,fixed_manifest,109,2,host_fpga_pcie,HOST_to_FPGA,302592,1033258.5085866626,1033382.7965866624
61,fixed_manifest,110,1,host_fpga_pcie,FPGA_to_HOST,302592,1033715.5441066624,1033839.8321066622
61,fixed_manifest,110,2,gpu_host,HOST_to_GPU,302592,1033839.8321066622,1033874.3089066622
62,fixed_manifest,9,1,gpu_host,GPU_to_HOST,302592,1034956.0328533334,1034990.5096533333
62,fixed_manifest,9,2,host_fpga_pcie,HOST_to_FPGA,302592,1034990.5096533333,1035114.7976533333
61,fixed_manifest,119,1,gpu_host,GPU_to_HOST,302592,1035447.5451733331,1035482.0219733332
62,fixed_manifest,10,1,host_fpga_pcie,FPGA_to_HOST,302592,1035447.5451733331,1035636.6443733331
61,fixed_manifest,119,2,host_fpga_pcie,HOST_to_FPGA,302592,1035482.0219733332,1035671.1211733331
62,fixed_manifest,10,2,gpu_host,HOST_to_GPU,302592,1035636.6443733331,1035671.1211733331
61,fixed_manifest,120,1,host_fpga_pcie,FPGA_to_HOST,302592,1036003.868693333,1036128.156693333
61,fixed_manifest,120,2,gpu_host,HOST_to_GPU,302592,1036128.156693333,1036162.6334933329
62,fixed_manifest,19,1,gpu_host,GPU_to_HOST,302592,1036550.593173333,1036585.069973333
62,fixed_manifest,19,2,host_fpga_pcie,HOST_to_FPGA,302592,1036585.069973333,1036709.3579733329
62,fixed_manifest,20,1,host_fpga_pcie,FPGA_to_HOST,302592,1037042.1054933327,1037166.3934933327
62,fixed_manifest,20,2,gpu_host,HOST_to_GPU,302592,1037166.3934933327,1037200.8702933326
62,fixed_manifest,29,1,gpu_host,GPU_to_HOST,302592,1038032.8270933325,1038067.3038933326
62,fixed_manifest,29,2,host_fpga_pcie,HOST_to_FPGA,302592,1038067.3038933326,1038191.5918933324
62,fixed_manifest,30,1,host_fpga_pcie,FPGA_to_HOST,302592,1038524.3394133323,1038648.6274133322
62,fixed_manifest,30,2,gpu_host,HOST_to_GPU,302592,1038648.6274133322,1038683.1042133322
62,fixed_manifest,39,1,gpu_host,GPU_to_HOST,302592,1039515.0610133321,1039549.5378133322
62,fixed_manifest,39,2,host_fpga_pcie,HOST_to_FPGA,302592,1039549.5378133322,1039673.825813332
62,fixed_manifest,40,1,host_fpga_pcie,FPGA_to_HOST,302592,1040006.5733333318,1040130.8613333318
62,fixed_manifest,40,2,gpu_host,HOST_to_GPU,302592,1040130.8613333318,1040165.3381333317
62,fixed_manifest,49,1,gpu_host,GPU_to_HOST,302592,1040997.2949333317,1041031.7717333317
62,fixed_manifest,49,2,host_fpga_pcie,HOST_to_FPGA,302592,1041031.7717333317,1041156.0597333316
62,fixed_manifest,50,1,host_fpga_pcie,FPGA_to_HOST,302592,1041488.8072533315,1041613.0952533314
62,fixed_manifest,50,2,gpu_host,HOST_to_GPU,302592,1041613.0952533314,1041647.5720533314
62,fixed_manifest,59,1,gpu_host,GPU_to_HOST,302592,1042479.5288533312,1042514.0056533313
62,fixed_manifest,59,2,host_fpga_pcie,HOST_to_FPGA,302592,1042514.0056533313,1042638.2936533311
62,fixed_manifest,60,1,host_fpga_pcie,FPGA_to_HOST,302592,1042971.0411733311,1043095.3291733309
62,fixed_manifest,60,2,gpu_host,HOST_to_GPU,302592,1043095.3291733309,1043129.805973331
62,fixed_manifest,69,1,gpu_host,GPU_to_HOST,302592,1043961.7627733309,1043996.2395733309
62,fixed_manifest,69,2,host_fpga_pcie,HOST_to_FPGA,302592,1043996.2395733309,1044120.5275733308
62,fixed_manifest,70,1,host_fpga_pcie,FPGA_to_HOST,302592,1044453.2750933307,1044577.5630933305
62,fixed_manifest,70,2,gpu_host,HOST_to_GPU,302592,1044577.5630933305,1044612.0398933305
62,fixed_manifest,79,1,gpu_host,GPU_to_HOST,302592,1045443.9966933305,1045478.4734933304
62,fixed_manifest,79,2,host_fpga_pcie,HOST_to_FPGA,302592,1045478.4734933304,1045602.7614933304
62,fixed_manifest,80,1,host_fpga_pcie,FPGA_to_HOST,302592,1045935.5090133302,1046059.79701333
62,fixed_manifest,80,2,gpu_host,HOST_to_GPU,302592,1046059.79701333,1046094.2738133301
62,fixed_manifest,89,1,gpu_host,GPU_to_HOST,302592,1046926.23061333,1046960.70741333
62,fixed_manifest,89,2,host_fpga_pcie,HOST_to_FPGA,302592,1046960.70741333,1047084.9954133299
62,fixed_manifest,90,1,host_fpga_pcie,FPGA_to_HOST,302592,1047417.7429333298,1047542.0309333296
62,fixed_manifest,90,2,gpu_host,HOST_to_GPU,302592,1047542.0309333296,1047576.5077333297
62,fixed_manifest,99,1,gpu_host,GPU_to_HOST,302592,1048408.4645333296,1048442.9413333297
62,fixed_manifest,99,2,host_fpga_pcie,HOST_to_FPGA,302592,1048442.9413333297,1048567.2293333295
62,fixed_manifest,100,1,host_fpga_pcie,FPGA_to_HOST,302592,1048899.9768533295,1049024.2648533292
62,fixed_manifest,100,2,gpu_host,HOST_to_GPU,302592,1049024.2648533292,1049058.7416533292
62,fixed_manifest,109,1,gpu_host,GPU_to_HOST,302592,1049890.6984533293,1049925.175253329
62,fixed_manifest,109,2,host_fpga_pcie,HOST_to_FPGA,302592,1049925.175253329,1050049.463253329
62,fixed_manifest,110,1,host_fpga_pcie,FPGA_to_HOST,302592,1050382.210773329,1050506.4987733287
62,fixed_manifest,110,2,gpu_host,HOST_to_GPU,302592,1050506.4987733287,1050540.9755733288
63,fixed_manifest,9,1,gpu_host,GPU_to_HOST,302592,1051622.69952,1051657.17632
63,fixed_manifest,9,2,host_fpga_pcie,HOST_to_FPGA,302592,1051657.17632,1051781.4643199998
62,fixed_manifest,119,1,gpu_host,GPU_to_HOST,302592,1052114.2118399998,1052148.6886399998
63,fixed_manifest,10,1,host_fpga_pcie,FPGA_to_HOST,302592,1052114.2118399998,1052303.3110399998
62,fixed_manifest,119,2,host_fpga_pcie,HOST_to_FPGA,302592,1052148.6886399998,1052337.7878399997
63,fixed_manifest,10,2,gpu_host,HOST_to_GPU,302592,1052303.3110399998,1052337.7878399997
62,fixed_manifest,120,1,host_fpga_pcie,FPGA_to_HOST,302592,1052670.5353599996,1052794.8233599996
62,fixed_manifest,120,2,gpu_host,HOST_to_GPU,302592,1052794.8233599996,1052829.3001599996
63,fixed_manifest,19,1,gpu_host,GPU_to_HOST,302592,1053217.2598399995,1053251.7366399996
63,fixed_manifest,19,2,host_fpga_pcie,HOST_to_FPGA,302592,1053251.7366399996,1053376.0246399995
63,fixed_manifest,20,1,host_fpga_pcie,FPGA_to_HOST,302592,1053708.7721599995,1053833.0601599992
63,fixed_manifest,20,2,gpu_host,HOST_to_GPU,302592,1053833.0601599992,1053867.5369599992
63,fixed_manifest,29,1,gpu_host,GPU_to_HOST,302592,1054699.493759999,1054733.970559999
63,fixed_manifest,29,2,host_fpga_pcie,HOST_to_FPGA,302592,1054733.970559999,1054858.258559999
63,fixed_manifest,30,1,host_fpga_pcie,FPGA_to_HOST,302592,1055191.006079999,1055315.2940799987
63,fixed_manifest,30,2,gpu_host,HOST_to_GPU,302592,1055315.2940799987,1055349.7708799988
63,fixed_manifest,39,1,gpu_host,GPU_to_HOST,302592,1056181.7276799988,1056216.2044799987
63,fixed_manifest,39,2,host_fpga_pcie,HOST_to_FPGA,302592,1056216.2044799987,1056340.4924799986
63,fixed_manifest,40,1,host_fpga_pcie,FPGA_to_HOST,302592,1056673.2399999986,1056797.5279999983
63,fixed_manifest,40,2,gpu_host,HOST_to_GPU,302592,1056797.5279999983,1056832.0047999984
63,fixed_manifest,49,1,gpu_host,GPU_to_HOST,302592,1057663.9615999984,1057698.4383999982
63,fixed_manifest,49,2,host_fpga_pcie,HOST_to_FPGA,302592,1057698.4383999982,1057822.7263999982
63,fixed_manifest,50,1,host_fpga_pcie,FPGA_to_HOST,302592,1058155.4739199982,1058279.7619199979
63,fixed_manifest,50,2,gpu_host,HOST_to_GPU,302592,1058279.7619199979,1058314.238719998
63,fixed_manifest,59,1,gpu_host,GPU_to_HOST,302592,1059146.195519998,1059180.6723199978
63,fixed_manifest,59,2,host_fpga_pcie,HOST_to_FPGA,302592,1059180.6723199978,1059304.9603199977
63,fixed_manifest,60,1,host_fpga_pcie,FPGA_to_HOST,302592,1059637.7078399977,1059761.9958399974
63,fixed_manifest,60,2,gpu_host,HOST_to_GPU,302592,1059761.9958399974,1059796.4726399975
63,fixed_manifest,69,1,gpu_host,GPU_to_HOST,302592,1060628.4294399975,1060662.9062399976
63,fixed_manifest,69,2,host_fpga_pcie,HOST_to_FPGA,302592,1060662.9062399976,1060787.1942399973
63,fixed_manifest,70,1,host_fpga_pcie,FPGA_to_HOST,302592,1061119.9417599973,1061244.229759997
63,fixed_manifest,70,2,gpu_host,HOST_to_GPU,302592,1061244.229759997,1061278.706559997
63,fixed_manifest,79,1,gpu_host,GPU_to_HOST,302592,1062110.663359997,1062145.1401599972
63,fixed_manifest,79,2,host_fpga_pcie,HOST_to_FPGA,302592,1062145.1401599972,1062269.4281599969
63,fixed_manifest,80,1,host_fpga_pcie,FPGA_to_HOST,302592,1062602.1756799968,1062726.4636799968
63,fixed_manifest,80,2,gpu_host,HOST_to_GPU,302592,1062726.4636799968,1062760.9404799966
63,fixed_manifest,89,1,gpu_host,GPU_to_HOST,302592,1063592.8972799967,1063627.3740799967
63,fixed_manifest,89,2,host_fpga_pcie,HOST_to_FPGA,302592,1063627.3740799967,1063751.6620799964
63,fixed_manifest,90,1,host_fpga_pcie,FPGA_to_HOST,302592,1064084.4095999964,1064208.6975999963
63,fixed_manifest,90,2,gpu_host,HOST_to_GPU,302592,1064208.6975999963,1064243.1743999962
63,fixed_manifest,99,1,gpu_host,GPU_to_HOST,302592,1065075.1311999962,1065109.6079999963
63,fixed_manifest,99,2,host_fpga_pcie,HOST_to_FPGA,302592,1065109.6079999963,1065233.895999996
63,fixed_manifest,100,1,host_fpga_pcie,FPGA_to_HOST,302592,1065566.643519996,1065690.931519996
63,fixed_manifest,100,2,gpu_host,HOST_to_GPU,302592,1065690.931519996,1065725.4083199957
63,fixed_manifest,109,1,gpu_host,GPU_to_HOST,302592,1066557.3651199958,1066591.8419199958
63,fixed_manifest,109,2,host_fpga_pcie,HOST_to_FPGA,302592,1066591.8419199958,1066716.1299199956
63,fixed_manifest,110,1,host_fpga_pcie,FPGA_to_HOST,302592,1067048.8774399955,1067173.1654399955
63,fixed_manifest,110,2,gpu_host,HOST_to_GPU,302592,1067173.1654399955,1067207.6422399955
63,fixed_manifest,119,1,gpu_host,GPU_to_HOST,302592,1068039.5990399953,1068074.0758399954
63,fixed_manifest,119,2,host_fpga_pcie,HOST_to_FPGA,302592,1068074.0758399954,1068198.363839995
63,fixed_manifest,120,1,host_fpga_pcie,FPGA_to_HOST,302592,1068531.111359995,1068655.399359995
63,fixed_manifest,120,2,gpu_host,HOST_to_GPU,302592,1068655.399359995,1068689.876159995
