request_id,edge_index,source,target,stage,resource,direction,bytes,start_us,finish_us,duration_us
0,3,block_00_norm1,block_00_qkv,1,gpu_host,GPU_to_HOST,605184,1348.7470720000008,1385.5192320000008,36.77216000000003
0,3,block_00_norm1,block_00_qkv,2,host_fpga_pcie,HOST_to_FPGA,605184,1385.5192320000008,1430.2344320000007,44.715199999999925
1,3,block_00_norm1,block_00_qkv,1,gpu_host,GPU_to_HOST,605184,1402.1617920000008,1438.9339520000008,36.77216000000003
1,3,block_00_norm1,block_00_qkv,2,host_fpga_pcie,HOST_to_FPGA,605184,1438.9339520000008,1483.6491520000009,44.715199999999925
2,3,block_00_norm1,block_00_qkv,1,gpu_host,GPU_to_HOST,605184,1455.5765120000008,1492.348672000001,36.77216000000003
0,4,block_00_qkv,block_00_attention,1,host_fpga_pcie,FPGA_to_HOST,1815552,1482.4326800000006,2057.2828132502636,574.8501332502631
2,3,block_00_norm1,block_00_qkv,2,host_fpga_pcie,HOST_to_FPGA,605184,1492.348672000001,1610.7122386666676,118.36356666666673
3,3,block_00_norm1,block_00_qkv,1,gpu_host,GPU_to_HOST,605184,1508.991232000001,1545.763392000001,36.77216000000003
1,4,block_00_qkv,block_00_attention,1,host_fpga_pcie,FPGA_to_HOST,1815552,1535.8474000000008,2270.1207891311287,734.2733891311278
3,3,block_00_norm1,block_00_qkv,2,host_fpga_pcie,HOST_to_FPGA,605184,1545.763392000001,1739.6247502444453,193.86135824444435
4,3,block_00_norm1,block_00_qkv,1,gpu_host,GPU_to_HOST,605184,1562.405952000001,1599.178112000001,36.77216000000003
4,3,block_00_norm1,block_00_qkv,2,host_fpga_pcie,HOST_to_FPGA,605184,1599.178112000001,1833.5596744814825,234.3815624814814
5,3,block_00_norm1,block_00_qkv,1,gpu_host,GPU_to_HOST,605184,1615.820672000001,1652.592832000001,36.77216000000003
5,3,block_00_norm1,block_00_qkv,2,host_fpga_pcie,HOST_to_FPGA,605184,1652.592832000001,1929.6042855291016,277.01145352910055
2,4,block_00_qkv,block_00_attention,1,host_fpga_pcie,FPGA_to_HOST,1815552,1662.9104866666676,2478.1600506446066,815.2495639779391
6,3,block_00_norm1,block_00_qkv,1,gpu_host,GPU_to_HOST,605184,1669.235392000001,1706.0075520000012,36.77216000000003
6,3,block_00_norm1,block_00_qkv,2,host_fpga_pcie,HOST_to_FPGA,605184,1706.0075520000012,1995.4041084878318,289.3965564878306
7,3,block_00_norm1,block_00_qkv,1,gpu_host,GPU_to_HOST,605184,1722.6501120000012,1759.4222720000012,36.77216000000003
7,3,block_00_norm1,block_00_qkv,2,host_fpga_pcie,HOST_to_FPGA,605184,1759.4222720000012,2053.0016619650805,293.5793899650793
3,4,block_00_qkv,block_00_attention,1,host_fpga_pcie,FPGA_to_HOST,1815552,1791.8229982444452,2598.355715866829,806.5327176223839
4,4,block_00_qkv,block_00_attention,1,host_fpga_pcie,FPGA_to_HOST,1815552,1885.7579224814824,2668.9815533060328,783.2236308245506
5,4,block_00_qkv,block_00_attention,1,host_fpga_pcie,FPGA_to_HOST,1815552,1981.8025335291015,2734.1164216393663,752.3138881102647
6,4,block_00_qkv,block_00_attention,1,host_fpga_pcie,FPGA_to_HOST,1815552,2047.602356487832,2771.1019222615887,723.4995657737567
0,4,block_00_qkv,block_00_attention,2,gpu_host,HOST_to_GPU,1815552,2057.2828132502636,2157.5992932502636,100.31647999999986
7,4,block_00_qkv,block_00_attention,1,host_fpga_pcie,FPGA_to_HOST,1815552,2105.1999099650807,2795.066411565948,689.8665016008671
1,4,block_00_qkv,block_00_attention,2,gpu_host,HOST_to_GPU,1815552,2270.1207891311287,2402.209429131128,132.08863999999986
0,5,block_00_attention,block_00_proj,1,gpu_host,GPU_to_HOST,605184,2281.820541250264,2350.3648612502634,68.54431999999983
0,5,block_00_attention,block_00_proj,2,host_fpga_pcie,HOST_to_FPGA,605184,2350.3648612502634,2610.874374910881,260.5095136606174
2,4,block_00_qkv,block_00_attention,2,gpu_host,HOST_to_GPU,1815552,2478.1600506446066,2617.141665422384,138.98161477777757
1,5,block_00_attention,block_00_proj,1,gpu_host,GPU_to_HOST,605184,2526.4306771311285,2594.9749971311285,68.54431999999983
1,5,block_00_attention,block_00_proj,2,host_fpga_pcie,HOST_to_FPGA,605184,2594.9749971311285,2786.1092561074697,191.13425897634116
3,4,block_00_qkv,block_00_attention,2,gpu_host,HOST_to_GPU,1815552,2598.355715866829,2737.1487879831802,138.79307211635142
0,6,block_00_proj,block_00_residual1,1,host_fpga_pcie,FPGA_to_HOST,605184,2634.023790910881,2798.0342800000008,164.0104890891195
4,4,block_00_qkv,block_00_attention,2,gpu_host,HOST_to_GPU,1815552,2668.9815533060328,3088.615407309277,419.63385400324444
5,4,block_00_qkv,block_00_attention,2,gpu_host,HOST_to_GPU,1815552,2734.1164216393663,3245.2854924263984,511.1690707870322
2,5,block_00_attention,block_00_proj,1,gpu_host,GPU_to_HOST,605184,2741.3629134223843,2904.9248248638232,163.5619114414388
6,4,block_00_qkv,block_00_attention,2,gpu_host,HOST_to_GPU,1815552,2771.1019222615887,3293.734380838705,522.6324585771167
7,4,block_00_qkv,block_00_attention,2,gpu_host,HOST_to_GPU,1815552,2795.066411565948,3311.7077478169745,516.641336251027
0,6,block_00_proj,block_00_residual1,2,gpu_host,HOST_to_GPU,605184,2798.0342800000008,3020.4087175789355,222.3744375789349
1,6,block_00_proj,block_00_residual1,1,host_fpga_pcie,FPGA_to_HOST,605184,2809.25867210747,2853.9738721074696,44.715199999999925
1,6,block_00_proj,block_00_residual1,2,gpu_host,HOST_to_GPU,605184,2853.9738721074696,3085.3222544901682,231.34838238269856
3,5,block_00_attention,block_00_proj,1,gpu_host,GPU_to_HOST,605184,2865.5841614223846,3094.164177089721,228.58001566733628
2,5,block_00_attention,block_00_proj,2,host_fpga_pcie,HOST_to_FPGA,605184,2904.9248248638232,2949.6400248638233,44.715199999999925
2,6,block_00_proj,block_00_residual1,1,host_fpga_pcie,FPGA_to_HOST,605184,2972.789440863823,3017.504640863823,44.715199999999925
2,6,block_00_proj,block_00_residual1,2,gpu_host,HOST_to_GPU,605184,3017.504640863823,3193.3696141522314,175.86497328840818
3,5,block_00_attention,block_00_proj,2,host_fpga_pcie,HOST_to_FPGA,605184,3094.164177089721,3138.879377089721,44.715199999999925
0,9,block_00_norm2,block_00_fc1,1,gpu_host,GPU_to_HOST,605184,3115.1344775789353,3268.5784447609303,153.4439671819947
3,6,block_00_proj,block_00_residual1,1,host_fpga_pcie,FPGA_to_HOST,605184,3162.028793089721,3206.743993089721,44.715199999999925
3,6,block_00_proj,block_00_residual1,2,gpu_host,HOST_to_GPU,605184,3206.743993089721,3322.780725754303,116.03673266458213
0,9,block_00_norm2,block_00_fc1,2,host_fpga_pcie,HOST_to_FPGA,605184,3268.5784447609303,3313.29364476093,44.715199999999925
4,5,block_00_attention,block_00_proj,1,gpu_host,GPU_to_HOST,605184,3280.6667655789356,3342.9352557102775,62.26849013134207
1,9,block_00_norm2,block_00_fc1,1,gpu_host,GPU_to_HOST,605184,3334.0814855789354,3372.7805306446066,38.69904506567092
4,5,block_00_attention,block_00_proj,2,host_fpga_pcie,HOST_to_FPGA,605184,3342.9352557102775,3403.7724167834576,60.837161073180184
1,9,block_00_norm2,block_00_fc1,2,host_fpga_pcie,HOST_to_FPGA,605184,3372.7805306446066,3479.2335335864445,106.45300294183802
0,10,block_00_fc1,block_00_gelu,1,host_fpga_pcie,FPGA_to_HOST,2420736,3380.01630876093,3818.4888892381687,438.47258047723886
4,6,block_00_proj,block_00_residual1,1,host_fpga_pcie,FPGA_to_HOST,605184,3426.921832783458,3527.1227997177866,100.20096693432855
5,5,block_00_attention,block_00_proj,1,gpu_host,GPU_to_HOST,605184,3499.6137735789357,3540.6490674400848,41.035293861148986
4,6,block_00_proj,block_00_residual1,2,gpu_host,HOST_to_GPU,605184,3527.1227997177866,3568.1580935789357,41.035293861148986
5,5,block_00_attention,block_00_proj,2,host_fpga_pcie,HOST_to_FPGA,605184,3540.6490674400848,3662.1411023669048,121.49203492682007
1,10,block_00_fc1,block_00_gelu,1,host_fpga_pcie,FPGA_to_HOST,2420736,3545.9561975864444,4052.6068849899434,506.65068740349915
6,5,block_00_attention,block_00_proj,1,gpu_host,GPU_to_HOST,605184,3623.835021578936,3660.6071815789355,36.772159999999815
6,5,block_00_attention,block_00_proj,2,host_fpga_pcie,HOST_to_FPGA,605184,3660.6071815789355,3821.9722945814588,161.36511300252326
5,6,block_00_proj,block_00_residual1,1,host_fpga_pcie,FPGA_to_HOST,605184,3685.290518366905,3846.655631369428,161.36511300252326
7,5,block_00_attention,block_00_proj,1,gpu_host,GPU_to_HOST,605184,3748.056269578936,3784.828429578936,36.772159999999815
7,5,block_00_attention,block_00_proj,2,host_fpga_pcie,HOST_to_FPGA,605184,3784.828429578936,3919.5760251724364,134.74759559350048
0,10,block_00_fc1,block_00_gelu,2,gpu_host,HOST_to_GPU,2420736,3818.4888892381687,4196.920625323852,378.4317360856827
2,9,block_00_norm2,block_00_fc1,1,gpu_host,GPU_to_HOST,605184,3842.782029578936,3941.161708683689,98.37967910475334
6,6,block_00_proj,block_00_residual1,1,host_fpga_pcie,FPGA_to_HOST,605184,3845.121710581459,3958.724144710298,113.60243412883875
5,6,block_00_proj,block_00_residual1,2,gpu_host,HOST_to_GPU,605184,3846.655631369428,3946.2990709218043,99.64343955237622
3,9,block_00_norm2,block_00_fc1,1,gpu_host,GPU_to_HOST,605184,3937.507789578936,4040.1748070532735,102.66701747433781
2,9,block_00_norm2,block_00_fc1,2,host_fpga_pcie,HOST_to_FPGA,605184,3941.161708683689,4069.9150040523223,128.75329536863288
7,6,block_00_proj,block_00_residual1,1,host_fpga_pcie,FPGA_to_HOST,605184,3942.7254411724366,4070.957492378154,128.23205120571745
6,6,block_00_proj,block_00_residual1,2,gpu_host,HOST_to_GPU,605184,3958.724144710298,4074.269303775195,115.54515906489742
4,9,block_00_norm2,block_00_fc1,1,gpu_host,GPU_to_HOST,605184,3990.9225095789357,4123.13509185409,132.21258227515477
3,9,block_00_norm2,block_00_fc1,2,host_fpga_pcie,HOST_to_FPGA,605184,4040.1748070532735,4102.524055710277,62.34924865700358
1,10,block_00_fc1,block_00_gelu,2,gpu_host,HOST_to_GPU,2420736,4052.6068849899434,4359.936833152486,307.3299481625418
7,6,block_00_proj,block_00_residual1,2,gpu_host,HOST_to_GPU,605184,4070.957492378154,4211.852815982168,140.8953236040145
5,9,block_00_norm2,block_00_fc1,1,gpu_host,GPU_to_HOST,605184,4085.6482695789355,4222.870898882754,137.22262930381848
4,9,block_00_norm2,block_00_fc1,2,host_fpga_pcie,HOST_to_FPGA,605184,4123.13509185409,4194.062915655859,70.92782380176827
2,10,block_00_fc1,block_00_gelu,1,host_fpga_pcie,FPGA_to_HOST,2420736,4136.637668052322,4813.789963625125,677.1522955728027
6,9,block_00_norm2,block_00_fc1,1,gpu_host,GPU_to_HOST,605184,4180.374029578936,4266.9850966552385,86.61106707630317
3,10,block_00_fc1,block_00_gelu,1,host_fpga_pcie,FPGA_to_HOST,2420736,4203.360332052322,5097.3602450127455,893.9999129604238
5,9,block_00_norm2,block_00_fc1,2,host_fpga_pcie,HOST_to_FPGA,605184,4222.870898882754,4396.262958851827,173.39205996907276
6,9,block_00_norm2,block_00_fc1,2,host_fpga_pcie,HOST_to_FPGA,605184,4266.9850966552385,4455.081889215139,188.09679255990096
4,10,block_00_fc1,block_00_gelu,1,host_fpga_pcie,FPGA_to_HOST,2420736,4270.0829960523215,5248.767190144636,978.6841940923139
0,11,block_00_gelu,block_00_fc2,1,gpu_host,GPU_to_HOST,2420736,4298.750065323852,4490.704249238168,191.95418391431633
7,9,block_00_norm2,block_00_fc1,1,gpu_host,GPU_to_HOST,605184,4393.4758253238515,4462.0201453238515,68.54431999999983
7,9,block_00_norm2,block_00_fc1,2,host_fpga_pcie,HOST_to_FPGA,605184,4462.0201453238515,4740.188657739705,278.1685124158542
5,10,block_00_fc1,block_00_gelu,1,host_fpga_pcie,FPGA_to_HOST,2420736,4462.9856228518265,5504.696489930537,1041.7108670787104
0,11,block_00_gelu,block_00_fc2,2,host_fpga_pcie,HOST_to_FPGA,2420736,4490.704249238168,5532.415116316879,1041.7108670787104
1,11,block_00_gelu,block_00_fc2,1,gpu_host,GPU_to_HOST,2420736,4495.305265323852,4627.393905323852,132.08863999999986
6,10,block_00_fc1,block_00_gelu,1,host_fpga_pcie,FPGA_to_HOST,2420736,4529.708286851826,5558.417808059317,1028.7095212074912
1,11,block_00_gelu,block_00_fc2,2,host_fpga_pcie,HOST_to_FPGA,2420736,4627.393905323852,5600.283073118757,972.8891677949049
7,10,block_00_fc1,block_00_gelu,1,host_fpga_pcie,FPGA_to_HOST,2420736,4806.911321739705,5669.51703624707,862.6057145073645
2,10,block_00_fc1,block_00_gelu,2,gpu_host,HOST_to_GPU,2420736,4813.789963625125,4945.878603625125,132.08863999999986
2,11,block_00_gelu,block_00_fc2,1,gpu_host,GPU_to_HOST,2420736,5047.708043625125,5258.966088283938,211.25804465881288
3,10,block_00_fc1,block_00_gelu,2,gpu_host,HOST_to_GPU,2420736,5097.3602450127455,5358.270491059179,260.9102460464337
4,10,block_00_fc1,block_00_gelu,2,gpu_host,HOST_to_GPU,2420736,5248.767190144636,5433.973963625125,185.20677348048912
2,11,block_00_gelu,block_00_fc2,2,host_fpga_pcie,HOST_to_FPGA,2420736,5258.966088283938,5796.173491854091,537.2074035701526
3,11,block_00_gelu,block_00_fc2,1,gpu_host,GPU_to_HOST,2420736,5460.09993105918,5838.776986916129,378.67705585694927
5,10,block_00_fc1,block_00_gelu,2,gpu_host,HOST_to_GPU,2420736,5504.696489930537,6081.298164399157,576.6016744686202
6,10,block_00_fc1,block_00_gelu,2,gpu_host,HOST_to_GPU,2420736,5558.417808059317,6225.646838305411,667.2290302460931
4,11,block_00_gelu,block_00_fc2,1,gpu_host,GPU_to_HOST,2420736,5561.92937105918,6232.669964305135,670.7405932459553
0,12,block_00_fc2,block_00_residual2,1,host_fpga_pcie,FPGA_to_HOST,605184,5599.137780316879,5722.039029881035,122.90124956415659
1,12,block_00_fc2,block_00_residual2,1,host_fpga_pcie,FPGA_to_HOST,605184,5667.005737118757,5768.11390137285,101.1081642540929
7,10,block_00_fc1,block_00_gelu,2,gpu_host,HOST_to_GPU,2420736,5669.51703624707,6319.574020875032,650.056984627962
0,12,block_00_fc2,block_00_residual2,2,gpu_host,HOST_to_GPU,605184,5722.039029881035,5927.052430672932,205.01340079189663
1,12,block_00_fc2,block_00_residual2,2,gpu_host,HOST_to_GPU,605184,5768.11390137285,5968.072477128515,199.95857575566544
3,11,block_00_gelu,block_00_fc2,2,host_fpga_pcie,HOST_to_FPGA,2420736,5838.776986916129,6042.352986916128,203.5759999999996
2,12,block_00_fc2,block_00_residual2,1,host_fpga_pcie,FPGA_to_HOST,605184,5862.8961558540905,5947.326555854091,84.43040000000006
2,12,block_00_fc2,block_00_residual2,2,gpu_host,HOST_to_GPU,605184,5947.326555854091,6116.013165020865,168.68660916677467
0,15,block_01_norm1,block_01_qkv,1,gpu_host,GPU_to_HOST,605184,6063.089230672932,6240.367419211559,177.2781885386269
3,12,block_00_fc2,block_00_residual2,1,host_fpga_pcie,FPGA_to_HOST,605184,6109.075650916128,6153.790850916129,44.715199999999925
1,15,block_01_norm1,block_01_qkv,1,gpu_host,GPU_to_HOST,605184,6116.503950672932,6282.436161178475,165.93221050554325
3,12,block_00_fc2,block_00_residual2,2,gpu_host,HOST_to_GPU,605184,6153.790850916129,6304.808301324393,151.01745040826432
5,11,block_00_gelu,block_00_fc2,1,gpu_host,GPU_to_HOST,2420736,6218.333390672932,6495.139091831676,276.80570115874366
4,11,block_00_gelu,block_00_fc2,2,host_fpga_pcie,HOST_to_FPGA,2420736,6232.669964305135,6677.492285395735,444.82232109059953
0,15,block_01_norm1,block_01_qkv,2,host_fpga_pcie,HOST_to_FPGA,605184,6240.367419211559,6343.478648228101,103.1112290165422
1,15,block_01_norm1,block_01_qkv,2,host_fpga_pcie,HOST_to_FPGA,605184,6282.436161178475,6385.547390195017,103.1112290165422
6,11,block_00_gelu,block_00_fc2,1,gpu_host,GPU_to_HOST,2420736,6361.473870672932,6591.221991445427,229.74812077249453
0,16,block_01_qkv,block_01_attention,1,host_fpga_pcie,FPGA_to_HOST,1815552,6395.6768962281,6990.447572964531,594.7706767364305
2,15,block_01_norm1,block_01_qkv,1,gpu_host,GPU_to_HOST,605184,6414.888590672932,6508.5164110591795,93.62782038624742
1,16,block_01_qkv,block_01_attention,1,host_fpga_pcie,FPGA_to_HOST,1815552,6447.8751442281,7148.895543267341,701.020399039241
5,11,block_00_gelu,block_00_fc2,2,host_fpga_pcie,HOST_to_FPGA,2420736,6495.139091831676,7460.664889644675,965.5257978129997
2,15,block_01_norm1,block_01_qkv,2,host_fpga_pcie,HOST_to_FPGA,605184,6508.5164110591795,6733.767329926491,225.250918867311
7,11,block_00_gelu,block_00_fc2,1,gpu_host,GPU_to_HOST,2420736,6558.029070672933,6735.986331059179,177.9572603862467
6,11,block_00_gelu,block_00_fc2,2,host_fpga_pcie,HOST_to_FPGA,2420736,6591.221991445427,7594.75242683099,1003.5304353855626
3,15,block_01_norm1,block_01_qkv,1,gpu_host,GPU_to_HOST,605184,6611.443790672933,6679.988110672932,68.54431999999983
3,15,block_01_norm1,block_01_qkv,2,host_fpga_pcie,HOST_to_FPGA,605184,6679.988110672932,6971.918804891852,291.93069421892034
7,11,block_00_gelu,block_00_fc2,2,host_fpga_pcie,HOST_to_FPGA,2420736,6735.986331059179,7729.568002713865,993.5816716546854
4,12,block_00_fc2,block_00_residual2,1,host_fpga_pcie,FPGA_to_HOST,605184,6744.214949395735,7042.089637011529,297.87468761579424
2,16,block_01_qkv,block_01_attention,1,host_fpga_pcie,FPGA_to_HOST,1815552,6796.413197395735,7552.701041338468,756.2878439427329
0,16,block_01_qkv,block_01_attention,2,gpu_host,HOST_to_GPU,1815552,6990.447572964531,7122.536212964531,132.08863999999986
3,16,block_01_qkv,block_01_attention,1,host_fpga_pcie,FPGA_to_HOST,1815552,7024.117052891852,7727.159053146939,703.0420002550868
4,12,block_00_fc2,block_00_residual2,2,gpu_host,HOST_to_GPU,605184,7042.089637011529,7110.633957011529,68.54431999999983
1,16,block_01_qkv,block_01_attention,2,gpu_host,HOST_to_GPU,1815552,7148.895543267341,7249.212023267341,100.31647999999942
0,17,block_01_attention,block_01_proj,1,gpu_host,GPU_to_HOST,605184,7276.166245011529,7312.938405011529,36.77215999999938
0,17,block_01_attention,block_01_proj,2,host_fpga_pcie,HOST_to_FPGA,605184,7312.938405011529,7583.76329041211,270.8248854005821
4,15,block_01_norm1,block_01_qkv,1,gpu_host,GPU_to_HOST,605184,7329.580965011529,7366.353125011528,36.77215999999938
4,15,block_01_norm1,block_01_qkv,2,host_fpga_pcie,HOST_to_FPGA,605184,7366.353125011528,7633.745954495886,267.3928294843579
1,17,block_01_attention,block_01_proj,1,gpu_host,GPU_to_HOST,605184,7453.802213011529,7490.574373011527,36.77215999999938
1,17,block_01_attention,block_01_proj,2,host_fpga_pcie,HOST_to_FPGA,605184,7490.574373011527,7734.402184761278,243.82781174975017
5,12,block_00_fc2,block_00_residual2,1,host_fpga_pcie,FPGA_to_HOST,605184,7527.387553644675,7755.43828798022,228.05073433554423
2,16,block_01_qkv,block_01_attention,2,gpu_host,HOST_to_GPU,1815552,7552.701041338468,7653.017521338467,100.31647999999942
0,18,block_01_proj,block_01_residual1,1,host_fpga_pcie,FPGA_to_HOST,605184,7606.91270641211,7792.158974283637,185.2462678715262
6,12,block_00_fc2,block_00_residual2,1,host_fpga_pcie,FPGA_to_HOST,605184,7673.63537041211,7825.777841308905,152.14247089679472
4,16,block_01_qkv,block_01_attention,1,host_fpga_pcie,FPGA_to_HOST,1815552,7725.83361841211,8024.853964305136,299.0203458930257
3,16,block_01_qkv,block_01_attention,2,gpu_host,HOST_to_GPU,1815552,7727.159053146939,7991.102813274994,263.9437601280551
5,12,block_00_fc2,block_00_residual2,2,gpu_host,HOST_to_GPU,605184,7755.43828798022,7868.246845889751,112.80855790953177
2,17,block_01_attention,block_01_proj,1,gpu_host,GPU_to_HOST,605184,7777.238769338467,7911.847808606246,134.60903926777908
0,18,block_01_proj,block_01_residual1,2,gpu_host,HOST_to_GPU,605184,7792.158974283637,7926.768013551416,134.60903926777908
7,12,block_00_fc2,block_00_residual2,1,host_fpga_pcie,FPGA_to_HOST,605184,7796.290666713865,7922.078338948084,125.78767223421927
1,18,block_01_proj,block_01_residual1,1,host_fpga_pcie,FPGA_to_HOST,605184,7819.440082713864,7945.227754948084,125.78767223422015
6,12,block_00_fc2,block_00_residual2,2,gpu_host,HOST_to_GPU,605184,7825.777841308905,7952.360083180017,126.58224187111176
2,17,block_01_attention,block_01_proj,2,host_fpga_pcie,HOST_to_FPGA,605184,7911.847808606246,8006.609945777164,94.76213717091869
7,12,block_00_fc2,block_00_residual2,2,gpu_host,HOST_to_GPU,605184,7922.078338948084,8028.710452852377,106.63211390429285
1,18,block_01_proj,block_01_residual1,2,gpu_host,HOST_to_GPU,605184,7945.227754948084,8051.288113125998,106.06035817791425
5,15,block_01_norm1,block_01_qkv,1,gpu_host,GPU_to_HOST,605184,7962.972605889752,8062.762625715121,99.79001982536941
4,16,block_01_qkv,block_01_attention,2,gpu_host,HOST_to_GPU,1815552,8024.853964305136,8179.122652404124,154.26868809898832
2,18,block_01_proj,block_01_residual1,1,host_fpga_pcie,FPGA_to_HOST,605184,8029.7593617771645,8081.186497839208,51.4271360620433
5,15,block_01_norm1,block_01_qkv,2,host_fpga_pcie,HOST_to_FPGA,605184,8062.762625715121,8114.189761777165,51.4271360620433
2,18,block_01_proj,block_01_residual1,2,gpu_host,HOST_to_GPU,605184,8081.186497839208,8149.730817839207,68.54431999999896
5,16,block_01_qkv,block_01_attention,1,host_fpga_pcie,FPGA_to_HOST,1815552,8166.388009777165,8407.860911999545,241.47290222237967
3,17,block_01_attention,block_01_proj,1,gpu_host,GPU_to_HOST,605184,8169.815933889752,8208.741453146939,38.92551925718628
3,17,block_01_attention,block_01_proj,2,host_fpga_pcie,HOST_to_FPGA,605184,8208.741453146939,8307.256372775531,98.51491962859296
0,21,block_01_norm2,block_01_fc1,1,gpu_host,GPU_to_HOST,605184,8223.230653889754,8260.002813889752,36.77216000000025
0,21,block_01_norm2,block_01_fc1,2,host_fpga_pcie,HOST_to_FPGA,605184,8260.002813889752,8373.522083223086,113.51926933333284
6,15,block_01_norm1,block_01_qkv,1,gpu_host,GPU_to_HOST,605184,8317.956413889753,8354.728573889754,36.77216000000025
3,18,block_01_proj,block_01_residual1,1,host_fpga_pcie,FPGA_to_HOST,605184,8330.405788775532,8441.286814739091,110.88102596355961
6,15,block_01_norm1,block_01_qkv,2,host_fpga_pcie,HOST_to_FPGA,605184,8354.728573889754,8453.544072331244,98.81549844148984
5,16,block_01_qkv,block_01_attention,2,gpu_host,HOST_to_GPU,1815552,8407.860911999545,8550.099362109335,142.2384501097891
0,22,block_01_fc1,block_01_gelu,1,host_fpga_pcie,FPGA_to_HOST,2420736,8440.244747223087,8867.18941959826,426.9446723751732
3,18,block_01_proj,block_01_residual1,2,gpu_host,HOST_to_GPU,605184,8441.286814739091,8509.83113473909,68.54431999999896
6,16,block_01_qkv,block_01_attention,1,host_fpga_pcie,FPGA_to_HOST,1815552,8505.742320331245,8959.989417984814,454.2470976535706
4,17,block_01_attention,block_01_proj,1,gpu_host,GPU_to_HOST,605184,8524.799741889754,8571.721711999544,46.92197010978949
4,17,block_01_attention,block_01_proj,2,host_fpga_pcie,HOST_to_FPGA,605184,8571.721711999544,8734.357698109332,162.63598610978883
7,15,block_01_norm1,block_01_qkv,1,gpu_host,GPU_to_HOST,605184,8578.214461889755,8614.986621889755,36.77216000000025
7,15,block_01_norm1,block_01_qkv,2,host_fpga_pcie,HOST_to_FPGA,605184,8614.986621889755,8815.257634689753,200.27101279999903
1,21,block_01_norm2,block_01_fc1,1,gpu_host,GPU_to_HOST,605184,8631.629181889755,8668.401341889756,36.77216000000025
1,21,block_01_norm2,block_01_fc1,2,host_fpga_pcie,HOST_to_FPGA,605184,8668.401341889756,8880.70941891688,212.3080770271256
2,21,block_01_norm2,block_01_fc1,1,gpu_host,GPU_to_HOST,605184,8685.043901889756,8721.816061889756,36.77216000000025
2,21,block_01_norm2,block_01_fc1,2,host_fpga_pcie,HOST_to_FPGA,605184,8721.816061889756,8927.42467360079,205.60861171103375
4,18,block_01_proj,block_01_residual1,1,host_fpga_pcie,FPGA_to_HOST,605184,8757.507114109332,8955.606934121413,198.099820012081
5,17,block_01_attention,block_01_proj,1,gpu_host,GPU_to_HOST,605184,8850.576189889756,8902.50728018125,51.93109029149462
0,22,block_01_fc1,block_01_gelu,2,gpu_host,HOST_to_GPU,2420736,8867.18941959826,9156.158549819458,288.96913022119844
7,16,block_01_qkv,block_01_attention,1,host_fpga_pcie,FPGA_to_HOST,1815552,8867.455882689754,9419.763220799978,552.307338110224
5,17,block_01_attention,block_01_proj,2,host_fpga_pcie,HOST_to_FPGA,605184,8902.50728018125,9072.27227477052,169.76499458926966
3,21,block_01_norm2,block_01_fc1,1,gpu_host,GPU_to_HOST,605184,8903.990909889757,8983.00269770363,79.01178781387526
1,22,block_01_fc1,block_01_gelu,1,host_fpga_pcie,FPGA_to_HOST,2420736,8947.432082916881,9739.81290473671,792.3808218198279
4,18,block_01_proj,block_01_residual1,2,gpu_host,HOST_to_GPU,605184,8955.606934121413,9060.426734051116,104.81979992970312
6,16,block_01_qkv,block_01_attention,2,gpu_host,HOST_to_GPU,1815552,8959.989417984814,9186.443085728391,226.45366774357717
3,21,block_01_norm2,block_01_fc1,2,host_fpga_pcie,HOST_to_FPGA,605184,8983.00269770363,9171.753331400318,188.75063369668683
2,22,block_01_fc1,block_01_gelu,1,host_fpga_pcie,FPGA_to_HOST,2420736,9014.154746916882,9861.253945154165,847.099198237283
5,18,block_01_proj,block_01_residual1,1,host_fpga_pcie,FPGA_to_HOST,605184,9095.42169077052,9298.607044297729,203.18535352720906
4,21,block_01_norm2,block_01_fc1,1,gpu_host,GPU_to_HOST,605184,9155.152494051117,9205.069949889756,49.917455838637686
4,21,block_01_norm2,block_01_fc1,2,host_fpga_pcie,HOST_to_FPGA,605184,9205.069949889756,9417.834458039324,212.76450814956826
3,22,block_01_fc1,block_01_gelu,1,host_fpga_pcie,FPGA_to_HOST,2420736,9238.475995400318,10112.467941114515,873.9919457141955
0,23,block_01_gelu,block_01_fc2,1,gpu_host,GPU_to_HOST,2420736,9257.987989819458,9469.483510329197,211.49552050973853
5,18,block_01_proj,block_01_residual1,2,gpu_host,HOST_to_GPU,605184,9298.607044297729,9367.151364297728,68.54431999999896
6,17,block_01_attention,block_01_proj,1,gpu_host,GPU_to_HOST,605184,9382.209237819457,9463.748726329197,81.53948850973987
7,16,block_01_qkv,block_01_attention,2,gpu_host,HOST_to_GPU,1815552,9419.763220799978,9580.709589819457,160.9463690194785
6,17,block_01_attention,block_01_proj,2,host_fpga_pcie,HOST_to_FPGA,605184,9463.748726329197,9726.270894348458,262.52216801926113
0,23,block_01_gelu,block_01_fc2,2,host_fpga_pcie,HOST_to_FPGA,2420736,9469.483510329197,10297.124547606136,827.641037276939
5,21,block_01_norm2,block_01_fc1,1,gpu_host,GPU_to_HOST,605184,9476.934997819459,9545.479317819458,68.54431999999896
4,22,block_01_fc1,block_01_gelu,1,host_fpga_pcie,FPGA_to_HOST,2420736,9484.557122039325,10306.168714632213,821.6115925928879
5,21,block_01_norm2,block_01_fc1,2,host_fpga_pcie,HOST_to_FPGA,605184,9545.479317819458,9822.186460100149,276.70714228069176
7,17,block_01_attention,block_01_proj,1,gpu_host,GPU_to_HOST,605184,9704.930837819456,9741.702997819457,36.77216000000025
1,22,block_01_fc1,block_01_gelu,2,gpu_host,HOST_to_GPU,2420736,9739.81290473671,9877.549144319253,137.7362395825442
7,17,block_01_attention,block_01_proj,2,host_fpga_pcie,HOST_to_FPGA,605184,9741.702997819457,9988.144040566216,246.44104274675928
6,18,block_01_proj,block_01_residual1,1,host_fpga_pcie,FPGA_to_HOST,605184,9749.420310348458,9994.575134340384,245.15482399192595
2,22,block_01_fc1,block_01_gelu,2,gpu_host,HOST_to_GPU,2420736,9861.253945154165,10020.615110561057,159.36116540689153
5,22,block_01_fc1,block_01_gelu,1,host_fpga_pcie,FPGA_to_HOST,2420736,9888.90912410015,10497.544012825043,608.6348887248926
1,23,block_01_gelu,block_01_fc2,1,gpu_host,GPU_to_HOST,2420736,9979.378584319253,10250.759887174501,271.38130285524716
6,18,block_01_proj,block_01_residual1,2,gpu_host,HOST_to_GPU,605184,9994.575134340384,10070.132779747275,75.55764540688979
7,18,block_01_proj,block_01_residual1,1,host_fpga_pcie,FPGA_to_HOST,605184,10011.293456566216,10194.389153475877,183.09569690965964
3,22,block_01_fc1,block_01_gelu,2,gpu_host,HOST_to_GPU,2420736,10112.467941114515,10606.9995399037,494.5315987891861
2,23,block_01_gelu,block_01_fc2,1,gpu_host,GPU_to_HOST,2420736,10122.444550561057,10626.952758796784,504.50820823572803
7,18,block_01_proj,block_01_residual1,2,gpu_host,HOST_to_GPU,605184,10194.389153475877,10337.452457340152,143.06330386427632
6,21,block_01_norm2,block_01_fc1,1,gpu_host,GPU_to_HOST,605184,10217.170310561058,10360.233614425333,143.06330386427632
1,23,block_01_gelu,block_01_fc2,2,host_fpga_pcie,HOST_to_FPGA,2420736,10250.759887174501,10601.709218106775,350.94933093227434
4,22,block_01_fc1,block_01_gelu,2,gpu_host,HOST_to_GPU,2420736,10306.168714632213,10753.614255669645,447.44554103743303
6,21,block_01_norm2,block_01_fc1,2,host_fpga_pcie,HOST_to_FPGA,605184,10360.233614425333,10516.55341473006,156.31980030472727
0,24,block_01_fc2,block_01_residual2,1,host_fpga_pcie,FPGA_to_HOST,605184,10363.847211606137,10518.962479517262,155.11526791112638
7,21,block_01_norm2,block_01_fc1,1,gpu_host,GPU_to_HOST,605184,10432.178217340153,10590.844586259263,158.66636891911057
5,22,block_01_fc1,block_01_gelu,2,gpu_host,HOST_to_GPU,2420736,10497.544012825043,10908.830392879634,411.28638005459226
0,24,block_01_fc2,block_01_residual2,2,gpu_host,HOST_to_GPU,605184,10518.962479517262,10664.170299069308,145.20781955204563
6,22,block_01_fc1,block_01_gelu,1,host_fpga_pcie,FPGA_to_HOST,2420736,10583.276078730061,11111.282798681976,528.0067199519151
7,21,block_01_norm2,block_01_fc1,2,host_fpga_pcie,HOST_to_FPGA,605184,10590.844586259263,10708.680593850087,117.83600759082344
2,23,block_01_gelu,block_01_fc2,2,host_fpga_pcie,HOST_to_FPGA,2420736,10626.952758796784,11177.482178577931,550.5294197811465
1,24,block_01_fc2,block_01_residual2,1,host_fpga_pcie,FPGA_to_HOST,605184,10668.431882106775,10808.38512744011,139.95324533333346
3,23,block_01_gelu,block_01_fc2,1,gpu_host,GPU_to_HOST,2420736,10708.8289799037,11058.611697786673,349.78271788297343
7,22,block_01_fc1,block_01_gelu,1,host_fpga_pcie,FPGA_to_HOST,2420736,10775.403257850088,11390.00140167285,614.5981438227619
0,27,block_02_norm1,block_02_qkv,1,gpu_host,GPU_to_HOST,605184,10803.5547399037,10933.515321716877,129.9605818131759
1,24,block_01_fc2,block_01_residual2,2,gpu_host,HOST_to_GPU,605184,10808.38512744011,10938.345709253284,129.9605818131759
4,23,block_01_gelu,block_01_fc2,1,gpu_host,GPU_to_HOST,2420736,10905.3841799037,11262.695300729893,357.3111208261918
0,27,block_02_norm1,block_02_qkv,2,host_fpga_pcie,HOST_to_FPGA,605184,10933.515321716877,11105.817227699428,172.30190598255084
5,23,block_01_gelu,block_01_fc2,1,gpu_host,GPU_to_HOST,2420736,11010.659832879634,11354.795253620434,344.13542074080044
3,23,block_01_gelu,block_01_fc2,2,host_fpga_pcie,HOST_to_FPGA,2420736,11058.611697786673,11810.748124632879,752.1364268462047
1,27,block_02_norm1,block_02_qkv,1,gpu_host,GPU_to_HOST,605184,11105.385592879635,11235.508497612187,130.12290473255266
6,22,block_01_fc1,block_01_gelu,2,gpu_host,HOST_to_GPU,2420736,11111.282798681976,11398.929047800568,287.64624911859113
0,28,block_02_qkv,block_02_attention,1,host_fpga_pcie,FPGA_to_HOST,1815552,11158.015475699429,11747.430746636239,589.4152709368105
1,27,block_02_norm1,block_02_qkv,2,host_fpga_pcie,HOST_to_FPGA,605184,11235.508497612187,11475.06859750641,239.56009989422287
2,24,block_01_fc2,block_01_residual2,1,host_fpga_pcie,FPGA_to_HOST,605184,11244.204842577932,11485.93902871359,241.73418613565937
4,23,block_01_gelu,block_01_fc2,2,host_fpga_pcie,HOST_to_FPGA,2420736,11262.695300729893,12143.118311823328,880.4230110934352
5,23,block_01_gelu,block_01_fc2,2,host_fpga_pcie,HOST_to_FPGA,2420736,11354.795253620434,12216.029076811326,861.2338231908916
7,22,block_01_fc1,block_01_gelu,2,gpu_host,HOST_to_GPU,2420736,11390.00140167285,11581.53113121634,191.52972954348917
2,24,block_01_fc2,block_01_residual2,2,gpu_host,HOST_to_GPU,605184,11485.93902871359,11578.845779170102,92.9067504565114
6,23,block_01_gelu,block_01_fc2,1,gpu_host,GPU_to_HOST,2420736,11500.758487800567,11682.914664736709,182.15617693614212
1,28,block_02_qkv,block_02_attention,1,host_fpga_pcie,FPGA_to_HOST,1815552,11527.26684550641,12182.546473185708,655.2796276792974
6,23,block_01_gelu,block_01_fc2,2,host_fpga_pcie,HOST_to_FPGA,2420736,11682.914664736709,12602.145524019412,919.2308592827023
7,23,block_01_gelu,block_01_fc2,1,gpu_host,GPU_to_HOST,2420736,11721.986259170102,11981.163539170102,259.17727999999994
0,28,block_02_qkv,block_02_attention,2,gpu_host,HOST_to_GPU,1815552,11747.430746636239,11974.835866636238,227.4051199999995
2,27,block_02_norm1,block_02_qkv,1,gpu_host,GPU_to_HOST,605184,11775.400979170103,11875.717459170102,100.31647999999942
2,27,block_02_norm1,block_02_qkv,2,host_fpga_pcie,HOST_to_FPGA,605184,11875.717459170102,12140.740402295454,265.0229431253523
3,24,block_01_fc2,block_01_residual2,1,host_fpga_pcie,FPGA_to_HOST,605184,11877.47078863288,12143.171402963228,265.7006143303494
7,23,block_01_gelu,block_01_fc2,2,host_fpga_pcie,HOST_to_FPGA,2420736,11981.163539170102,12842.928080549545,861.764541379444
0,29,block_02_attention,block_02_proj,1,gpu_host,GPU_to_HOST,605184,12099.057114636238,12135.829274636239,36.77216000000025
0,29,block_02_attention,block_02_proj,2,host_fpga_pcie,HOST_to_FPGA,605184,12135.829274636239,12324.94741352602,189.1181388897819
3,24,block_01_fc2,block_01_residual2,2,gpu_host,HOST_to_GPU,605184,12143.171402963228,12179.943562963228,36.77216000000025
1,28,block_02_qkv,block_02_attention,2,gpu_host,HOST_to_GPU,1815552,12182.546473185708,12286.056583408186,103.51011022247808
2,28,block_02_qkv,block_02_attention,1,host_fpga_pcie,FPGA_to_HOST,1815552,12192.938650295455,12815.132746711524,622.1940964160691
4,24,block_01_fc2,block_01_residual2,1,host_fpga_pcie,FPGA_to_HOST,605184,12259.661314295456,12522.118514874863,262.45720057940616
3,27,block_02_norm1,block_02_qkv,1,gpu_host,GPU_to_HOST,605184,12274.66932296323,12314.635113185708,39.96579022247891
3,27,block_02_norm1,block_02_qkv,2,host_fpga_pcie,HOST_to_FPGA,605184,12314.635113185708,12599.081833321216,284.44672013550746
5,24,block_01_fc2,block_01_residual2,1,host_fpga_pcie,FPGA_to_HOST,605184,12326.383978295456,12610.455930157279,284.0719518618223
0,30,block_02_proj,block_02_residual1,1,host_fpga_pcie,FPGA_to_HOST,605184,12349.533394295457,12625.888874157277,276.3554798618211
1,29,block_02_attention,block_02_proj,1,gpu_host,GPU_to_HOST,605184,12410.277831408186,12447.049991408187,36.77216000000025
1,29,block_02_attention,block_02_proj,2,host_fpga_pcie,HOST_to_FPGA,605184,12447.049991408187,12671.482241548001,224.4322501398152
4,24,block_01_fc2,block_01_residual2,2,gpu_host,HOST_to_GPU,605184,12522.118514874863,12558.890674874861,36.77216000000025
5,24,block_01_fc2,block_01_residual2,2,gpu_host,HOST_to_GPU,605184,12610.455930157279,12666.042741798488,55.58681164120893
0,30,block_02_proj,block_02_residual1,2,gpu_host,HOST_to_GPU,605184,12625.888874157277,12696.908629798485,71.01975564120788
3,28,block_02_qkv,block_02_attention,1,host_fpga_pcie,FPGA_to_HOST,1815552,12651.280081321216,13159.878842685976,508.59876136476015
4,27,block_02_norm1,block_02_qkv,1,gpu_host,GPU_to_HOST,605184,12653.616434874863,12710.772410157279,57.1559752824153
4,27,block_02_norm1,block_02_qkv,2,host_fpga_pcie,HOST_to_FPGA,605184,12710.772410157279,12920.022186906932,209.24977674965407
6,24,block_01_fc2,block_01_residual2,1,host_fpga_pcie,FPGA_to_HOST,605184,12718.002745321217,12929.06441067453,211.0616653533126
1,30,block_02_proj,block_02_residual1,1,host_fpga_pcie,FPGA_to_HOST,605184,12741.152161321217,12952.21382667453,211.0616653533126
5,27,block_02_norm1,block_02_qkv,1,gpu_host,GPU_to_HOST,605184,12802.079541798488,12857.570656885453,55.49111508696379
2,28,block_02_qkv,block_02_attention,2,gpu_host,HOST_to_GPU,1815552,12815.132746711524,13018.013724922446,202.88097821092276
0,33,block_02_norm2,block_02_fc1,1,gpu_host,GPU_to_HOST,605184,12855.494261798489,12924.038581798488,68.54431999999896
5,27,block_02_norm1,block_02_qkv,2,host_fpga_pcie,HOST_to_FPGA,605184,12857.570656885453,13055.794550032922,198.22389314747002
7,24,block_01_fc2,block_01_residual2,1,host_fpga_pcie,FPGA_to_HOST,605184,12909.650744549546,13097.4586201642,187.80787561465186
0,33,block_02_norm2,block_02_fc1,2,host_fpga_pcie,HOST_to_FPGA,605184,12924.038581798488,13105.554178277825,181.51559647933655
6,24,block_01_fc2,block_01_residual2,2,gpu_host,HOST_to_GPU,605184,12929.06441067453,13017.80618267453,88.74177200000021
1,30,block_02_proj,block_02_residual1,2,gpu_host,HOST_to_GPU,605184,12952.21382667453,13029.484661798488,77.27083512395865
4,28,block_02_qkv,block_02_attention,1,host_fpga_pcie,FPGA_to_HOST,1815552,12972.220434906932,13415.754839600288,443.53440469335413
7,24,block_01_fc2,block_01_residual2,2,gpu_host,HOST_to_GPU,605184,13097.4586201642,13134.230780164198,36.77216000000025
5,28,block_02_qkv,block_02_attention,1,host_fpga_pcie,FPGA_to_HOST,1815552,13107.992798032923,13563.36923227749,455.37643424456604
3,28,block_02_qkv,block_02_attention,2,gpu_host,HOST_to_GPU,1815552,13159.878842685976,13300.87073469742,140.9918920114439
0,34,block_02_fc1,block_02_gelu,1,host_fpga_pcie,FPGA_to_HOST,2420736,13174.715462032924,13884.639668457266,709.9242064243418
2,29,block_02_attention,block_02_proj,1,gpu_host,GPU_to_HOST,605184,13183.33847067453,13251.882790674528,68.54431999999896
2,29,block_02_attention,block_02_proj,2,host_fpga_pcie,HOST_to_FPGA,605184,13251.882790674528,13437.693359159293,185.81056848476427
6,27,block_02_norm1,block_02_qkv,1,gpu_host,GPU_to_HOST,605184,13278.06423067453,13323.739642685974,45.67541201144429
6,27,block_02_norm1,block_02_qkv,2,host_fpga_pcie,HOST_to_FPGA,605184,13323.739642685974,13520.477070173602,196.7374274876258
1,33,block_02_norm2,block_02_fc1,1,gpu_host,GPU_to_HOST,605184,13372.789990674532,13409.562150674532,36.77216000000025
1,33,block_02_norm2,block_02_fc1,2,host_fpga_pcie,HOST_to_FPGA,605184,13409.562150674532,13594.631454331457,185.0693036569255
4,28,block_02_qkv,block_02_attention,2,gpu_host,HOST_to_GPU,1815552,13415.754839600288,13530.131400526043,114.37656092575486
2,30,block_02_proj,block_02_residual1,1,host_fpga_pcie,FPGA_to_HOST,605184,13460.842775159294,13648.651763643564,187.80898848427125
3,29,block_02_attention,block_02_proj,1,gpu_host,GPU_to_HOST,605184,13497.011238674531,13547.843479600288,50.8322409257557
3,29,block_02_attention,block_02_proj,2,host_fpga_pcie,HOST_to_FPGA,605184,13547.843479600288,13739.318481769256,191.47500216896984
7,27,block_02_norm1,block_02_qkv,1,gpu_host,GPU_to_HOST,605184,13550.425958674532,13606.027005071574,55.60104639704133
5,28,block_02_qkv,block_02_attention,2,gpu_host,HOST_to_GPU,1815552,13563.36923227749,13727.242547220982,163.87331494349158
6,28,block_02_qkv,block_02_attention,1,host_fpga_pcie,FPGA_to_HOST,1815552,13572.675318173602,14207.121538444191,634.4462202705903
7,27,block_02_norm1,block_02_qkv,2,host_fpga_pcie,HOST_to_FPGA,605184,13606.027005071574,13809.197189054086,203.1701839825123
2,30,block_02_proj,block_02_residual1,2,gpu_host,HOST_to_GPU,605184,13648.651763643564,13733.061197159048,84.40943351548276
1,34,block_02_fc1,block_02_gelu,1,host_fpga_pcie,FPGA_to_HOST,2420736,13661.354118331457,14391.043189809616,729.6890714781571
4,29,block_02_attention,block_02_proj,1,gpu_host,GPU_to_HOST,605184,13674.647206674532,13746.058918674531,71.41171199999928
4,29,block_02_attention,block_02_proj,2,host_fpga_pcie,HOST_to_FPGA,605184,13746.058918674531,13972.909415902843,226.85049722831127
3,30,block_02_proj,block_02_residual1,1,host_fpga_pcie,FPGA_to_HOST,605184,13762.467897769257,13989.318394997568,226.85049722831127
5,29,block_02_attention,block_02_proj,1,gpu_host,GPU_to_HOST,605184,13851.463795220981,13888.235955220982,36.77216000000025
7,28,block_02_qkv,block_02_attention,1,host_fpga_pcie,FPGA_to_HOST,1815552,13861.395437054085,14390.021408236873,528.6259711827865
0,34,block_02_fc1,block_02_gelu,2,gpu_host,HOST_to_GPU,2420736,13884.639668457266,14080.272628457267,195.63296000000076
5,29,block_02_attention,block_02_proj,2,host_fpga_pcie,HOST_to_FPGA,605184,13888.235955220982,14116.598584263429,228.36262904244765
2,33,block_02_norm2,block_02_fc1,1,gpu_host,GPU_to_HOST,605184,13946.18955522098,14024.94161533269,78.75206011170692
3,30,block_02_proj,block_02_residual1,2,gpu_host,HOST_to_GPU,605184,13989.318394997568,14068.070455109275,78.75206011170692
4,30,block_02_proj,block_02_residual1,1,host_fpga_pcie,FPGA_to_HOST,605184,13996.058831902843,14224.47324975476,228.4144178519177
2,33,block_02_norm2,block_02_fc1,2,host_fpga_pcie,HOST_to_FPGA,605184,14024.94161533269,14247.579476498635,222.63786116594707
5,30,block_02_proj,block_02_residual1,1,host_fpga_pcie,FPGA_to_HOST,605184,14139.74800026343,14307.797610564006,168.0496103005774
6,28,block_02_qkv,block_02_attention,2,gpu_host,HOST_to_GPU,1815552,14207.121538444191,14624.745517983954,417.62397953976244
0,35,block_02_gelu,block_02_fc2,1,gpu_host,GPU_to_HOST,2420736,14211.210935109275,14804.239050156406,593.0281150471304
4,30,block_02_proj,block_02_residual1,2,gpu_host,HOST_to_GPU,605184,14224.47324975476,14350.772790654733,126.29954089997398
3,33,block_02_norm2,block_02_fc1,1,gpu_host,GPU_to_HOST,605184,14264.625655109276,14408.748936258147,144.12328114887103
5,30,block_02_proj,block_02_residual1,2,gpu_host,HOST_to_GPU,605184,14307.797610564006,14465.156946560925,157.3593359969188
2,34,block_02_fc1,block_02_gelu,1,host_fpga_pcie,FPGA_to_HOST,2420736,14314.302140498636,14566.168419296184,251.86627879754744
7,28,block_02_qkv,block_02_attention,2,gpu_host,HOST_to_GPU,1815552,14390.021408236873,14892.70560874779,502.6842005109184
1,34,block_02_fc1,block_02_gelu,2,gpu_host,HOST_to_GPU,2420736,14391.043189809616,14993.219480819327,602.1762910097123
3,33,block_02_norm2,block_02_fc1,2,host_fpga_pcie,HOST_to_FPGA,605184,14408.748936258147,14493.179336258147,84.43040000000006
4,33,block_02_norm2,block_02_fc1,1,gpu_host,GPU_to_HOST,605184,14445.498550654735,14628.840229895844,183.3416792411096
5,33,block_02_norm2,block_02_fc1,1,gpu_host,GPU_to_HOST,605184,14559.882706560926,14740.78131981767,180.8986132567445
3,34,block_02_fc1,block_02_gelu,1,host_fpga_pcie,FPGA_to_HOST,2420736,14559.902000258147,14782.44109973666,222.539099478513
2,34,block_02_fc1,block_02_gelu,2,gpu_host,HOST_to_GPU,2420736,14566.168419296184,15080.57594503804,514.407525741856
4,33,block_02_norm2,block_02_fc1,2,host_fpga_pcie,HOST_to_FPGA,605184,14628.840229895844,14713.270629895844,84.43040000000006
5,33,block_02_norm2,block_02_fc1,2,host_fpga_pcie,HOST_to_FPGA,605184,14740.78131981767,14829.369763409524,88.58844359185477
6,29,block_02_attention,block_02_proj,1,gpu_host,GPU_to_HOST,605184,14748.966765983954,14911.042901259354,162.07613527540084
4,34,block_02_fc1,block_02_gelu,1,host_fpga_pcie,FPGA_to_HOST,2420736,14779.993293895845,15344.513254762358,564.5199608665125
3,34,block_02_fc1,block_02_gelu,2,gpu_host,HOST_to_GPU,2420736,14782.44109973666,15143.272060140594,360.8309604039347
0,35,block_02_gelu,block_02_fc2,2,host_fpga_pcie,HOST_to_FPGA,2420736,14804.239050156406,15393.004767283479,588.7657171270728
5,34,block_02_fc1,block_02_gelu,1,host_fpga_pcie,FPGA_to_HOST,2420736,14896.092427409525,15522.814214467211,626.7217870576849
6,29,block_02_attention,block_02_proj,2,host_fpga_pcie,HOST_to_FPGA,605184,14911.042901259354,15074.903701259354,163.86080000000032
7,29,block_02_attention,block_02_proj,1,gpu_host,GPU_to_HOST,605184,15016.92685674779,15105.02087284454,88.0940160967493
6,30,block_02_proj,block_02_residual1,1,host_fpga_pcie,FPGA_to_HOST,605184,15098.053117259355,15299.887178363058,201.8340611037034
7,29,block_02_attention,block_02_proj,2,host_fpga_pcie,HOST_to_FPGA,605184,15105.02087284454,15308.413692400156,203.39281955561623
1,35,block_02_gelu,block_02_fc2,1,gpu_host,GPU_to_HOST,2420736,15118.75629674779,15295.619900140595,176.86360339280554
2,35,block_02_gelu,block_02_fc2,1,gpu_host,GPU_to_HOST,2420736,15220.58573674779,15622.744911769772,402.15917502198215
1,35,block_02_gelu,block_02_fc2,2,host_fpga_pcie,HOST_to_FPGA,2420736,15295.619900140595,15647.946307784558,352.326407643962
6,30,block_02_proj,block_02_residual1,2,gpu_host,HOST_to_GPU,605184,15299.887178363058,15402.081793973472,102.19461561041324
3,35,block_02_gelu,block_02_fc2,1,gpu_host,GPU_to_HOST,2420736,15322.415176747789,15863.916994957368,541.5018182095797
7,30,block_02_proj,block_02_residual1,1,host_fpga_pcie,FPGA_to_HOST,605184,15331.563108400156,15473.10638300593,141.54327460577306
4,34,block_02_fc1,block_02_gelu,2,gpu_host,HOST_to_GPU,2420736,15344.513254762358,15900.74712498165,556.2338702192922
0,36,block_02_fc2,block_02_residual2,1,host_fpga_pcie,FPGA_to_HOST,605184,15459.72743128348,15564.916584298466,105.18915301498642
7,30,block_02_proj,block_02_residual1,2,gpu_host,HOST_to_GPU,605184,15473.10638300593,15659.234329347883,186.12794634195393
6,33,block_02_norm2,block_02_fc1,1,gpu_host,GPU_to_HOST,605184,15496.807553973473,15688.860793057313,192.0532390838406
5,34,block_02_fc1,block_02_gelu,2,gpu_host,HOST_to_GPU,2420736,15522.814214467211,15991.362498444194,468.5482839769835
0,36,block_02_fc2,block_02_residual2,2,gpu_host,HOST_to_GPU,605184,15564.916584298466,15737.734368006471,172.81778370800694
2,35,block_02_gelu,block_02_fc2,2,host_fpga_pcie,HOST_to_FPGA,2420736,15622.744911769772,15889.122453048594,266.37754127882204
6,33,block_02_norm2,block_02_fc1,2,host_fpga_pcie,HOST_to_FPGA,605184,15688.860793057313,15800.102303693691,111.24151063637844
1,36,block_02_fc2,block_02_residual2,1,host_fpga_pcie,FPGA_to_HOST,605184,15714.668971784557,15825.910482420935,111.24151063637844
7,33,block_02_norm2,block_02_fc1,1,gpu_host,GPU_to_HOST,605184,15753.96008934788,15901.380210607958,147.42012126007717
1,36,block_02_fc2,block_02_residual2,2,gpu_host,HOST_to_GPU,605184,15825.910482420935,15955.343005412748,129.43252299181182
0,39,block_03_norm1,block_03_qkv,1,gpu_host,GPU_to_HOST,605184,15848.685849347878,15964.453152183527,115.76730283564818
3,35,block_02_gelu,block_02_fc2,2,host_fpga_pcie,HOST_to_FPGA,2420736,15863.916994957368,16676.64279141935,812.7257964619799
6,34,block_02_fc1,block_02_gelu,1,host_fpga_pcie,FPGA_to_HOST,2420736,15866.82496769369,16685.666776881604,818.8418091879153
7,33,block_02_norm2,block_02_fc1,2,host_fpga_pcie,HOST_to_FPGA,605184,15901.380210607958,16066.494264197137,165.11405358917915
2,36,block_02_fc2,block_02_residual2,1,host_fpga_pcie,FPGA_to_HOST,605184,15955.845117048593,16139.33844226486,183.49332521626695
0,39,block_03_norm1,block_03_qkv,2,host_fpga_pcie,HOST_to_FPGA,605184,15964.453152183527,16150.016795504329,185.56364332080258
4,35,block_02_gelu,block_02_fc2,1,gpu_host,GPU_to_HOST,2420736,16002.57656498165,16134.66520498165,132.08863999999986
7,34,block_02_fc1,block_02_gelu,1,host_fpga_pcie,FPGA_to_HOST,2420736,16133.216928197136,17113.34664615924,980.1297179621026
4,35,block_02_gelu,block_02_fc2,2,host_fpga_pcie,HOST_to_FPGA,2420736,16134.66520498165,17114.570620130205,979.9054151485576
2,36,block_02_fc2,block_02_residual2,2,gpu_host,HOST_to_GPU,605184,16139.33844226486,16201.504159548074,62.1657172832149
5,35,block_02_gelu,block_02_fc2,1,gpu_host,GPU_to_HOST,2420736,16145.717044981648,16366.743562264863,221.02651728321544
1,39,block_03_norm1,block_03_qkv,1,gpu_host,GPU_to_HOST,605184,16199.131764981646,16267.67608498165,68.54432000000243
0,40,block_03_qkv,block_03_attention,1,host_fpga_pcie,FPGA_to_HOST,1815552,16202.215043504328,16994.896325266673,792.6812817623461
1,39,block_03_norm1,block_03_qkv,2,host_fpga_pcie,HOST_to_FPGA,605184,16267.67608498165,16557.750301642824,290.07421666117637
2,39,block_03_norm1,block_03_qkv,1,gpu_host,GPU_to_HOST,605184,16296.229919548072,16364.774239548075,68.54432000000243
2,39,block_03_norm1,block_03_qkv,2,host_fpga_pcie,HOST_to_FPGA,605184,16364.774239548075,16678.743262192384,313.96902264431077
5,35,block_02_gelu,block_02_fc2,2,host_fpga_pcie,HOST_to_FPGA,2420736,16366.743562264863,17305.61447702033,938.8709147554637
1,40,block_03_qkv,block_03_attention,1,host_fpga_pcie,FPGA_to_HOST,1815552,16609.948549642824,17270.60199608587,660.6534464430464
6,34,block_02_fc1,block_02_gelu,2,gpu_host,HOST_to_GPU,2420736,16685.666776881604,16817.755416881606,132.08863999999986
3,36,block_02_fc2,block_02_residual2,1,host_fpga_pcie,FPGA_to_HOST,605184,16743.36545541935,17014.418458540396,271.05300312104885
2,40,block_03_qkv,block_03_attention,1,host_fpga_pcie,FPGA_to_HOST,1815552,16795.563703419346,17389.568750799033,594.0050473796852
6,35,block_02_gelu,block_02_fc2,1,gpu_host,GPU_to_HOST,2420736,16919.584856881604,17143.660919665184,224.07606278358057
0,40,block_03_qkv,block_03_attention,2,gpu_host,HOST_to_GPU,1815552,16994.896325266673,17238.878955382785,243.9826301161123
3,36,block_02_fc2,block_02_residual2,2,gpu_host,HOST_to_GPU,605184,17014.418458540396,17114.734938540398,100.31648000000115
7,34,block_02_fc1,block_02_gelu,2,gpu_host,HOST_to_GPU,2420736,17113.34664615924,17426.84945596894,313.5028098096987
6,35,block_02_gelu,block_02_fc2,2,host_fpga_pcie,HOST_to_FPGA,2420736,17143.660919665184,17634.00840507138,490.3474854061965
4,36,block_02_fc2,block_02_residual2,1,host_fpga_pcie,FPGA_to_HOST,605184,17181.293284130206,17363.855590287632,182.5623061574265
3,39,block_03_norm1,block_03_qkv,1,gpu_host,GPU_to_HOST,605184,17209.460698540395,17291.415658188856,81.95495964846006
1,40,block_03_qkv,block_03_attention,2,gpu_host,HOST_to_GPU,1815552,17270.60199608587,17576.605799922258,306.00380383638895
3,39,block_03_norm1,block_03_qkv,2,host_fpga_pcie,HOST_to_FPGA,605184,17291.415658188856,17436.85896648295,145.4433082940937
0,41,block_03_attention,block_03_proj,1,gpu_host,GPU_to_HOST,605184,17363.100203382786,17505.82979819286,142.72959481007388
4,36,block_02_fc2,block_02_residual2,2,gpu_host,HOST_to_GPU,605184,17363.855590287632,17506.836980732656,142.9813904450239
5,36,block_02_fc2,block_02_residual2,1,host_fpga_pcie,FPGA_to_HOST,605184,17372.337141020325,17478.646751137654,106.30961011732707
2,40,block_03_qkv,block_03_attention,2,gpu_host,HOST_to_GPU,1815552,17389.568750799033,17712.69419491158,323.12544411254584
5,36,block_02_fc2,block_02_residual2,2,gpu_host,HOST_to_GPU,605184,17478.646751137654,17598.819971583016,120.17322044536455
3,40,block_03_qkv,block_03_attention,1,host_fpga_pcie,FPGA_to_HOST,1815552,17489.05721448295,17765.784933360126,276.72771887717744
0,41,block_03_attention,block_03_proj,2,host_fpga_pcie,HOST_to_FPGA,605184,17505.82979819286,17629.97539819286,124.14560000000019
7,35,block_02_gelu,block_02_fc2,1,gpu_host,GPU_to_HOST,2420736,17528.678895968937,17873.33104519842,344.65214922948377
4,39,block_03_norm1,block_03_qkv,1,gpu_host,GPU_to_HOST,605184,17623.404655968934,17720.045488949814,96.64083298088072
0,42,block_03_proj,block_03_residual1,1,host_fpga_pcie,FPGA_to_HOST,605184,17653.12481419286,17750.196946607208,97.07213241435045
6,36,block_02_fc2,block_02_residual2,1,host_fpga_pcie,FPGA_to_HOST,605184,17719.847478192856,17822.115606191514,102.26812799865593
4,39,block_03_norm1,block_03_qkv,2,host_fpga_pcie,HOST_to_FPGA,605184,17720.045488949814,17822.181609777166,102.1361208273508
1,41,block_03_attention,block_03_proj,1,gpu_host,GPU_to_HOST,605184,17747.625903968936,17881.190593547737,133.56468957880298
0,42,block_03_proj,block_03_residual1,2,gpu_host,HOST_to_GPU,605184,17750.196946607208,17885.04715750515,134.85021089794034
3,40,block_03_qkv,block_03_attention,2,gpu_host,HOST_to_GPU,1815552,17765.784933360126,18031.67730851415,265.8923751540261
6,36,block_02_fc2,block_02_residual2,2,gpu_host,HOST_to_GPU,605184,17822.115606191514,17926.327631649714,104.21202545820088
7,35,block_02_gelu,block_02_fc2,2,host_fpga_pcie,HOST_to_FPGA,2420736,17873.33104519842,18584.173144968925,710.8420997705041
4,40,block_03_qkv,block_03_attention,1,host_fpga_pcie,FPGA_to_HOST,1815552,17874.379857777163,18390.561092478158,516.1812347009923
1,41,block_03_attention,block_03_proj,2,host_fpga_pcie,HOST_to_FPGA,605184,17881.190593547737,18008.497580793875,127.30698724613964
2,41,block_03_attention,block_03_proj,1,gpu_host,GPU_to_HOST,605184,17913.15819196893,17990.852031809325,77.69383984039189
5,39,block_03_norm1,block_03_qkv,1,gpu_host,GPU_to_HOST,605184,17966.57291196893,18036.610456881608,70.03754491267597
2,41,block_03_attention,block_03_proj,2,host_fpga_pcie,HOST_to_FPGA,605184,17990.852031809325,18176.63502825572,185.78299644639654
1,42,block_03_proj,block_03_residual1,1,host_fpga_pcie,FPGA_to_HOST,605184,18031.646996793876,18246.272300532546,214.62530373867264
5,39,block_03_norm1,block_03_qkv,2,host_fpga_pcie,HOST_to_FPGA,605184,18036.610456881608,18252.47662564221,215.86616876060478
0,45,block_03_norm2,block_03_fc1,1,gpu_host,GPU_to_HOST,605184,18102.609711968926,18139.381871968926,36.77216000000025
0,45,block_03_norm2,block_03_fc1,2,host_fpga_pcie,HOST_to_FPGA,605184,18139.381871968926,18359.771820026257,220.38994805732847
2,42,block_03_proj,block_03_residual1,1,host_fpga_pcie,FPGA_to_HOST,605184,18199.784444255718,18419.9304116739,220.14596741818173
3,41,block_03_attention,block_03_proj,1,gpu_host,GPU_to_HOST,605184,18226.830959968927,18275.93393940531,49.102979436381474
1,42,block_03_proj,block_03_residual1,2,gpu_host,HOST_to_GPU,605184,18246.272300532546,18305.504879968932,59.23257943638363
3,41,block_03_attention,block_03_proj,2,host_fpga_pcie,HOST_to_FPGA,605184,18275.93393940531,18493.38857446337,217.45463505806057
6,39,block_03_norm1,block_03_qkv,1,gpu_host,GPU_to_HOST,605184,18280.245679968924,18327.14743996893,46.901760000002405
5,40,block_03_qkv,block_03_attention,1,host_fpga_pcie,FPGA_to_HOST,1815552,18304.674873642212,18983.059841957183,678.384968314974
6,39,block_03_norm1,block_03_qkv,2,host_fpga_pcie,HOST_to_FPGA,605184,18327.14743996893,18544.027780778448,216.88034080951866
4,40,block_03_qkv,block_03_attention,2,gpu_host,HOST_to_GPU,1815552,18390.561092478158,18554.42189247816,163.86080000000206
1,45,block_03_norm2,block_03_fc1,1,gpu_host,GPU_to_HOST,605184,18400.23063996893,18490.697234116444,90.46659414751676
2,42,block_03_proj,block_03_residual1,2,gpu_host,HOST_to_GPU,605184,18419.9304116739,18510.397005821418,90.46659414751676
0,46,block_03_fc1,block_03_gelu,1,host_fpga_pcie,FPGA_to_HOST,2420736,18426.494484026254,19373.499132401157,947.0046483749037
1,45,block_03_norm2,block_03_fc1,2,host_fpga_pcie,HOST_to_FPGA,605184,18490.697234116444,18708.994704681805,218.29747056536021
3,42,block_03_proj,block_03_residual1,1,host_fpga_pcie,FPGA_to_HOST,605184,18516.537990463366,18740.003612298115,223.46562183474597
6,40,block_03_qkv,block_03_attention,1,host_fpga_pcie,FPGA_to_HOST,1815552,18596.226028778445,19340.196291079552,743.9702623011079
2,45,block_03_norm2,block_03_fc1,1,gpu_host,GPU_to_HOST,605184,18605.122765821416,18641.894925821416,36.77216000000025
2,45,block_03_norm2,block_03_fc1,2,host_fpga_pcie,HOST_to_FPGA,605184,18641.894925821416,18898.020149728563,256.1252239071492
7,36,block_02_fc2,block_02_residual2,1,host_fpga_pcie,FPGA_to_HOST,605184,18662.948692778446,18919.073916685593,256.1252239071492
4,41,block_03_attention,block_03_proj,1,gpu_host,GPU_to_HOST,605184,18729.344013821414,18787.228735344717,57.88472152330401
3,42,block_03_proj,block_03_residual1,2,gpu_host,HOST_to_GPU,605184,18740.003612298115,18797.88833382142,57.88472152330401
1,46,block_03_fc1,block_03_gelu,1,host_fpga_pcie,FPGA_to_HOST,2420736,18775.717368681806,19698.302909328006,922.5855406462015
4,41,block_03_attention,block_03_proj,2,host_fpga_pcie,HOST_to_FPGA,605184,18787.228735344717,19043.410492292172,256.1817569474538
3,45,block_03_norm2,block_03_fc1,1,gpu_host,GPU_to_HOST,605184,18892.614093821416,18934.69859095724,42.08449713582335
7,36,block_02_fc2,block_02_residual2,2,gpu_host,HOST_to_GPU,605184,18919.073916685593,18961.158413821417,42.08449713582335
3,45,block_03_norm2,block_03_fc1,2,host_fpga_pcie,HOST_to_FPGA,605184,18934.69859095724,19183.28131676202,248.58272580478152
2,46,block_03_fc1,block_03_gelu,1,host_fpga_pcie,FPGA_to_HOST,2420736,18964.742813728564,19833.14366702019,868.4008532916266
5,40,block_03_qkv,block_03_attention,2,gpu_host,HOST_to_GPU,1815552,18983.059841957183,19105.868470092955,122.80862813577112
7,39,block_03_norm1,block_03_qkv,1,gpu_host,GPU_to_HOST,605184,19055.884173821414,19115.148481957185,59.264308135770214
4,42,block_03_proj,block_03_residual1,1,host_fpga_pcie,FPGA_to_HOST,605184,19066.559908292173,19337.750514955867,271.190606663696
7,39,block_03_norm1,block_03_qkv,2,host_fpga_pcie,HOST_to_FPGA,605184,19115.148481957185,19384.490259741844,269.3417777846589
5,41,block_03_attention,block_03_proj,1,gpu_host,GPU_to_HOST,605184,19230.089718092957,19266.861878092957,36.77216000000025
3,46,block_03_fc1,block_03_gelu,1,host_fpga_pcie,FPGA_to_HOST,2420736,19250.00398076202,19988.076812074174,738.0728313121573
5,41,block_03_attention,block_03_proj,2,host_fpga_pcie,HOST_to_FPGA,605184,19266.861878092957,19487.095821648345,220.2339435553903
4,42,block_03_proj,block_03_residual1,2,gpu_host,HOST_to_GPU,605184,19337.750514955867,19416.524022047695,78.7735070918276
6,40,block_03_qkv,block_03_attention,2,gpu_host,HOST_to_GPU,1815552,19340.196291079552,19564.63143041875,224.43513933919843
0,46,block_03_fc1,block_03_gelu,2,gpu_host,HOST_to_GPU,2420736,19373.499132401157,19628.699954955868,255.20082255470894
7,40,block_03_qkv,block_03_attention,1,host_fpga_pcie,FPGA_to_HOST,1815552,19436.68850774184,19968.057236872108,531.3687291302639
5,42,block_03_proj,block_03_residual1,1,host_fpga_pcie,FPGA_to_HOST,605184,19510.245237648345,19730.051502841117,219.80626519277345
4,45,block_03_norm2,block_03_fc1,1,gpu_host,GPU_to_HOST,605184,19511.249782047693,19595.921318171382,84.67153612368855
4,45,block_03_norm2,block_03_fc1,2,host_fpga_pcie,HOST_to_FPGA,605184,19595.921318171382,19808.39185911351,212.4705409421307
6,41,block_03_attention,block_03_proj,1,gpu_host,GPU_to_HOST,605184,19688.852678418752,19754.394399843688,65.54172142493597
1,46,block_03_fc1,block_03_gelu,2,gpu_host,HOST_to_GPU,2420736,19698.302909328006,20125.569238489734,427.2663291617282
5,42,block_03_proj,block_03_residual1,2,gpu_host,HOST_to_GPU,605184,19730.051502841117,19809.724123553588,79.67262071247039
6,41,block_03_attention,block_03_proj,2,host_fpga_pcie,HOST_to_FPGA,605184,19754.394399843688,19912.397739666547,158.00333982285767
0,47,block_03_gelu,block_03_fc2,1,gpu_host,GPU_to_HOST,2420736,19790.68211841875,20377.172231962166,586.4901135434162
2,46,block_03_fc1,block_03_gelu,2,gpu_host,HOST_to_GPU,2420736,19833.14366702019,20507.65138123206,674.507714211868
4,46,block_03_fc1,block_03_gelu,1,host_fpga_pcie,FPGA_to_HOST,2420736,19875.11452311351,20181.812645198424,306.6981220849127
5,45,block_03_norm2,block_03_fc1,1,gpu_host,GPU_to_HOST,605184,19904.449883553585,20067.420162495673,162.97027894208657
6,42,block_03_proj,block_03_residual1,1,host_fpga_pcie,FPGA_to_HOST,605184,19935.547155666543,20040.405788003347,104.85863233680378
7,40,block_03_qkv,block_03_attention,2,gpu_host,HOST_to_GPU,1815552,19968.057236872108,20552.87550220918,584.8182653370726
3,46,block_03_fc1,block_03_gelu,2,gpu_host,HOST_to_GPU,2420736,19988.076812074174,20728.078919087497,740.0021070133218
6,42,block_03_proj,block_03_residual1,2,gpu_host,HOST_to_GPU,605184,20040.405788003347,20226.934977303372,186.52918930002483
5,45,block_03_norm2,block_03_fc1,2,host_fpga_pcie,HOST_to_FPGA,605184,20067.420162495673,20151.850562495674,84.4304000000018
4,46,block_03_fc1,block_03_gelu,2,gpu_host,HOST_to_GPU,2420736,20181.812645198424,20944.017383183203,762.2047379847799
5,46,block_03_fc1,block_03_gelu,1,host_fpga_pcie,FPGA_to_HOST,2420736,20218.57322649567,20382.69582102918,164.12259453350842
1,47,block_03_gelu,block_03_fc2,1,gpu_host,GPU_to_HOST,2420736,20227.398678489735,20990.121568878716,762.7228903889817
6,45,block_03_norm2,block_03_fc1,1,gpu_host,GPU_to_HOST,605184,20322.124438489733,20542.04359187192,219.91915338218786
0,47,block_03_gelu,block_03_fc2,2,host_fpga_pcie,HOST_to_FPGA,2420736,20377.172231962166,20541.294826495676,164.12259453350842
5,46,block_03_fc1,block_03_gelu,2,gpu_host,HOST_to_GPU,2420736,20382.69582102918,21130.13494782623,747.439126797051
6,45,block_03_norm2,block_03_fc1,2,host_fpga_pcie,HOST_to_FPGA,605184,20542.04359187192,20586.75879187192,44.715199999999925
0,48,block_03_fc2,block_03_residual2,1,host_fpga_pcie,FPGA_to_HOST,605184,20608.017490495673,20652.732690495675,44.715199999999925
2,47,block_03_gelu,block_03_fc2,1,gpu_host,GPU_to_HOST,2420736,20609.480821232057,21338.677424103524,729.196602871466
0,48,block_03_fc2,block_03_residual2,2,gpu_host,HOST_to_GPU,605184,20652.732690495675,20847.705698697817,194.97300820214141
6,46,block_03_fc1,block_03_gelu,1,host_fpga_pcie,FPGA_to_HOST,2420736,20674.740154495674,20838.600954495676,163.86080000000206
7,41,block_03_attention,block_03_proj,1,gpu_host,GPU_to_HOST,605184,20733.70206923206,20944.55851953245,210.85645030039305
3,47,block_03_gelu,block_03_fc2,1,gpu_host,GPU_to_HOST,2420736,20835.531509232056,21549.65440554373,714.1228963116718
6,46,block_03_fc1,block_03_gelu,2,gpu_host,HOST_to_GPU,2420736,20838.600954495676,21552.285358626832,713.6844041311548
0,51,block_04_norm1,block_04_qkv,1,gpu_host,GPU_to_HOST,605184,20942.431458697814,21129.930339887662,187.498881189848
7,41,block_03_attention,block_03_proj,2,host_fpga_pcie,HOST_to_FPGA,605184,20944.55851953245,20989.27371953245,44.715199999999925
1,47,block_03_gelu,block_03_fc2,2,host_fpga_pcie,HOST_to_FPGA,2420736,20990.121568878716,21233.41276887872,243.2912000000023
7,42,block_03_proj,block_03_residual1,1,host_fpga_pcie,FPGA_to_HOST,605184,21012.42313553245,21096.85353553245,84.4304000000018
4,47,block_03_gelu,block_03_fc2,1,gpu_host,GPU_to_HOST,2420736,21045.8468231832,21678.51561990022,632.6687967170182
7,42,block_03_proj,block_03_residual1,2,gpu_host,HOST_to_GPU,605184,21096.85353553245,21275.131579583198,178.27804405074616
0,51,block_04_norm1,block_04_qkv,2,host_fpga_pcie,HOST_to_FPGA,605184,21129.930339887662,21214.360739887663,84.4304000000018
5,47,block_03_gelu,block_03_fc2,1,gpu_host,GPU_to_HOST,2420736,21231.964387826232,21789.055627386206,557.0912395599752
0,52,block_04_qkv,block_04_attention,1,host_fpga_pcie,FPGA_to_HOST,1815552,21266.558987887664,21480.144837779735,213.58584989207216
1,48,block_03_fc2,block_03_residual2,1,host_fpga_pcie,FPGA_to_HOST,605184,21333.28165188766,21454.72936577973,121.44771389207068
2,47,block_03_gelu,block_03_fc2,2,host_fpga_pcie,HOST_to_FPGA,2420736,21338.677424103524,21654.948230927825,316.27080682430227
7,45,block_03_norm2,block_03_fc1,1,gpu_host,GPU_to_HOST,605184,21369.857339583195,21556.82384883914,186.96650925594665
1,48,block_03_fc2,block_03_residual2,2,gpu_host,HOST_to_GPU,605184,21454.72936577973,21624.721469796372,169.99210401663981
0,52,block_04_qkv,block_04_attention,2,gpu_host,HOST_to_GPU,1815552,21480.144837779735,21841.716138304564,361.57130052482876
3,47,block_03_gelu,block_03_fc2,2,host_fpga_pcie,HOST_to_FPGA,2420736,21549.65440554373,22149.679191385214,600.0247858414867
7,45,block_03_norm2,block_03_fc1,2,host_fpga_pcie,HOST_to_FPGA,605184,21556.82384883914,21672.29570953537,115.4718606962285
6,47,block_03_gelu,block_03_fc2,1,gpu_host,GPU_to_HOST,2420736,21654.11479862683,21945.59741799082,291.4826193639898
4,47,block_03_gelu,block_03_fc2,2,host_fpga_pcie,HOST_to_FPGA,2420736,21678.51561990022,22558.37617262499,879.8605527247719
2,48,block_03_fc2,block_03_residual2,1,host_fpga_pcie,FPGA_to_HOST,605184,21721.670894927825,21885.210338846682,163.53944391885727
1,51,block_04_norm1,block_04_qkv,1,gpu_host,GPU_to_HOST,605184,21748.840558626827,21852.54591664597,103.70535801914119
7,46,block_03_fc1,block_03_gelu,1,host_fpga_pcie,FPGA_to_HOST,2420736,21788.393558927823,22842.55895359006,1054.1653946622396
5,47,block_03_gelu,block_03_fc2,2,host_fpga_pcie,HOST_to_FPGA,2420736,21789.055627386206,22843.717573392238,1054.6619460060288
1,51,block_04_norm1,block_04_qkv,2,host_fpga_pcie,HOST_to_FPGA,605184,21852.54591664597,22095.26805990257,242.72214325660178
2,48,block_03_fc2,block_03_residual2,2,gpu_host,HOST_to_GPU,605184,21885.210338846682,21949.67603841875,64.46569957207008
6,47,block_03_gelu,block_03_fc2,2,host_fpga_pcie,HOST_to_FPGA,2420736,21945.59741799082,23002.14319241728,1056.5457744264595
0,53,block_04_attention,block_04_proj,1,gpu_host,GPU_to_HOST,605184,21965.937386304562,22002.709546304563,36.77216000000025
0,53,block_04_attention,block_04_proj,2,host_fpga_pcie,HOST_to_FPGA,605184,22002.709546304563,22293.007604451264,290.2980581467006
2,51,block_04_norm1,block_04_qkv,1,gpu_host,GPU_to_HOST,605184,22060.66314630456,22097.43530630456,36.77216000000025
2,51,block_04_norm1,block_04_qkv,2,host_fpga_pcie,HOST_to_FPGA,605184,22097.43530630456,22398.609460527827,301.17415422326735
1,52,block_04_qkv,block_04_attention,1,host_fpga_pcie,FPGA_to_HOST,1815552,22147.46630790257,22965.02332867476,817.557020772193
3,48,block_03_fc2,block_03_residual2,1,host_fpga_pcie,FPGA_to_HOST,605184,22216.401855385215,22526.930931956646,310.5290765714301
0,54,block_04_proj,block_04_residual1,1,host_fpga_pcie,FPGA_to_HOST,605184,22316.15702045126,22609.255491851658,293.0984714003965
2,52,block_04_qkv,block_04_attention,1,host_fpga_pcie,FPGA_to_HOST,1815552,22450.807708527827,23084.597535299075,633.7898267712478
3,48,block_03_fc2,block_03_residual2,2,gpu_host,HOST_to_GPU,605184,22526.930931956646,22563.703091956646,36.77216000000025
0,54,block_04_proj,block_04_residual1,2,gpu_host,HOST_to_GPU,605184,22609.255491851658,22646.02765185166,36.77216000000025
4,48,block_03_fc2,block_03_residual2,1,host_fpga_pcie,FPGA_to_HOST,605184,22625.09883662499,22893.995850576517,268.89701395152457
3,51,block_04_norm1,block_04_qkv,1,gpu_host,GPU_to_HOST,605184,22658.428851956643,22695.201011956644,36.77216000000025
3,51,block_04_norm1,block_04_qkv,2,host_fpga_pcie,HOST_to_FPGA,605184,22695.201011956644,22959.80914854502,264.608136588379
0,57,block_04_norm2,block_04_fc1,1,gpu_host,GPU_to_HOST,605184,22753.15461195664,22789.926771956638,36.77216000000025
0,57,block_04_norm2,block_04_fc1,2,host_fpga_pcie,HOST_to_FPGA,605184,22789.926771956638,23011.771540818263,221.8447688616225
7,46,block_03_fc1,block_03_gelu,2,gpu_host,HOST_to_GPU,2420736,22842.55895359006,23042.816178505367,200.25722491530396
4,48,block_03_fc2,block_03_residual2,2,gpu_host,HOST_to_GPU,605184,22893.995850576517,22962.540170576518,68.54432000000243
5,48,block_03_fc2,block_03_residual2,1,host_fpga_pcie,FPGA_to_HOST,605184,22910.440237392235,23065.518003092777,155.07776570054116
1,52,block_04_qkv,block_04_attention,2,gpu_host,HOST_to_GPU,1815552,22965.02332867476,23212.814364942195,247.79103626743418
3,52,block_04_qkv,block_04_attention,1,host_fpga_pcie,FPGA_to_HOST,1815552,23012.00739654502,23317.971604104634,305.9642075596142
4,51,block_04_norm1,block_04_qkv,1,gpu_host,GPU_to_HOST,605184,23057.265930576516,23177.89575662987,120.62982605335476
5,48,block_03_fc2,block_03_residual2,2,gpu_host,HOST_to_GPU,605184,23065.518003092777,23198.525937920524,133.00793482774742
6,48,block_03_fc2,block_03_residual2,1,host_fpga_pcie,FPGA_to_HOST,605184,23078.73006054502,23169.94806592205,91.21800537702923
2,52,block_04_qkv,block_04_attention,2,gpu_host,HOST_to_GPU,1815552,23084.597535299075,23399.788618164817,315.1910828657414
0,58,block_04_fc1,block_04_gelu,1,host_fpga_pcie,FPGA_to_HOST,2420736,23145.45272454502,23473.11997114546,327.6672466004417
7,47,block_03_gelu,block_03_fc2,1,gpu_host,GPU_to_HOST,2420736,23159.095370576513,23585.366997670353,426.27162709383754
6,48,block_03_fc2,block_03_residual2,2,gpu_host,HOST_to_GPU,605184,23169.94806592205,23283.56257054764,113.61450462559277
4,51,block_04_norm1,block_04_qkv,2,host_fpga_pcie,HOST_to_FPGA,605184,23177.89575662987,23302.04135662987,124.14560000000019
3,52,block_04_qkv,block_04_attention,2,gpu_host,HOST_to_GPU,1815552,23317.971604104634,23677.398210997966,359.4266068933337
4,52,block_04_qkv,block_04_attention,1,host_fpga_pcie,FPGA_to_HOST,1815552,23354.23960462987,23583.08450960489,228.84490497502088
1,53,block_04_attention,block_04_proj,1,gpu_host,GPU_to_HOST,605184,23364.058225920522,23491.201786382742,127.14356046222147
5,51,block_04_norm1,block_04_qkv,1,gpu_host,GPU_to_HOST,605184,23417.47294592052,23552.17794896798,134.70500304745698
0,58,block_04_fc1,block_04_gelu,2,gpu_host,HOST_to_GPU,2420736,23473.11997114546,23927.812393590066,454.6924224446067
1,53,block_04_attention,block_04_proj,2,host_fpga_pcie,HOST_to_FPGA,605184,23491.201786382742,23584.26770659505,93.06592021230547
5,51,block_04_norm1,block_04_qkv,2,host_fpga_pcie,HOST_to_FPGA,605184,23552.17794896798,23652.50830585994,100.33035689196306
2,53,block_04_attention,block_04_proj,1,gpu_host,GPU_to_HOST,605184,23583.005233920518,23725.276062547357,142.2708286268372
4,52,block_04_qkv,block_04_attention,2,gpu_host,HOST_to_GPU,1815552,23583.08450960489,23926.309196871163,343.22468726627477
7,47,block_03_gelu,block_03_fc2,2,host_fpga_pcie,HOST_to_FPGA,2420736,23585.366997670353,24133.98209763002,548.6150999596679
1,54,block_04_proj,block_04_residual1,1,host_fpga_pcie,FPGA_to_HOST,605184,23607.41712259505,23705.21125035001,97.7941277549646
6,51,block_04_norm1,block_04_qkv,1,gpu_host,GPU_to_HOST,605184,23636.41995392052,23778.71720777548,142.29725385496093
5,52,block_04_qkv,block_04_attention,1,host_fpga_pcie,FPGA_to_HOST,1815552,23704.706553859938,24201.669279305617,496.9627254456793
1,54,block_04_proj,block_04_residual1,2,gpu_host,HOST_to_GPU,605184,23705.21125035001,23831.012102381985,125.80085203197159
2,53,block_04_attention,block_04_proj,2,host_fpga_pcie,HOST_to_FPGA,605184,23725.276062547357,23871.323147471317,146.04708492396006
6,51,block_04_norm1,block_04_qkv,2,host_fpga_pcie,HOST_to_FPGA,605184,23778.71720777548,23938.235061425024,159.5178536495448
3,53,block_04_attention,block_04_proj,1,gpu_host,GPU_to_HOST,605184,23801.619458997968,23908.03409984397,106.41464084600385
2,54,block_04_proj,block_04_residual1,1,host_fpga_pcie,FPGA_to_HOST,605184,23894.472563471314,24107.95700845011,213.48444497879677
3,53,block_04_attention,block_04_proj,2,host_fpga_pcie,HOST_to_FPGA,605184,23908.03409984397,24128.299313009098,220.26521316512518
1,57,block_04_norm2,block_04_fc1,1,gpu_host,GPU_to_HOST,605184,23925.737862381982,23962.510022381983,36.77216000000025
1,57,block_04_norm2,block_04_fc1,2,host_fpga_pcie,HOST_to_FPGA,605184,23962.510022381983,24184.477317941575,221.96729555959416
6,52,block_04_qkv,block_04_attention,1,host_fpga_pcie,FPGA_to_HOST,1815552,23990.43330942502,24514.01228776751,523.5789783424872
4,53,block_04_attention,block_04_proj,1,gpu_host,GPU_to_HOST,605184,24050.530444871165,24087.302604871165,36.77216000000025
4,53,block_04_attention,block_04_proj,2,host_fpga_pcie,HOST_to_FPGA,605184,24087.302604871165,24264.228106638948,176.9255017677815
2,54,block_04_proj,block_04_residual1,2,gpu_host,HOST_to_GPU,605184,24107.95700845011,24144.72916845011,36.77216000000025
3,54,block_04_proj,block_04_residual1,1,host_fpga_pcie,FPGA_to_HOST,605184,24151.448729009095,24305.19255877105,153.7438297619549
0,59,block_04_gelu,block_04_fc2,1,gpu_host,GPU_to_HOST,2420736,24152.359884871163,24443.214913538162,290.8550286669989
5,52,block_04_qkv,block_04_attention,2,gpu_host,HOST_to_GPU,1815552,24201.669279305617,24475.081484871163,273.4122055655444
7,48,block_03_fc2,block_03_residual2,1,host_fpga_pcie,FPGA_to_HOST,605184,24218.171393009095,24372.373552615158,154.2021596060636
2,57,block_04_norm2,block_04_fc1,1,gpu_host,GPU_to_HOST,605184,24247.08564487116,24359.8053135712,112.71966870003702
1,58,block_04_fc1,block_04_gelu,1,host_fpga_pcie,FPGA_to_HOST,2420736,24284.894057009093,24873.04147570806,588.1474186989685
3,54,block_04_proj,block_04_residual1,2,gpu_host,HOST_to_GPU,605184,24305.19255877105,24431.42511908973,126.23256031868077
4,54,block_04_proj,block_04_residual1,1,host_fpga_pcie,FPGA_to_HOST,605184,24308.043473009093,24479.718672637813,171.67519962872288
2,57,block_04_norm2,block_04_fc1,2,host_fpga_pcie,HOST_to_FPGA,605184,24359.8053135712,24527.113456841817,167.308143270619
7,48,block_03_fc2,block_03_residual2,2,gpu_host,HOST_to_GPU,605184,24372.373552615158,24471.873587335256,99.50003472009722
0,59,block_04_gelu,block_04_fc2,2,host_fpga_pcie,HOST_to_FPGA,2420736,24443.214913538162,25064.891277272523,621.6763637343602
4,54,block_04_proj,block_04_residual1,2,gpu_host,HOST_to_GPU,605184,24479.718672637813,24516.490832637814,36.77216000000025
6,52,block_04_qkv,block_04_attention,2,gpu_host,HOST_to_GPU,1815552,24514.01228776751,24646.10092776751,132.08864000000335
3,57,block_04_norm2,block_04_fc1,1,gpu_host,GPU_to_HOST,605184,24567.46191908973,24636.00623908973,68.54432000000243
2,58,block_04_fc1,block_04_gelu,1,host_fpga_pcie,FPGA_to_HOST,2420736,24593.836120841817,25388.62359983285,794.7874789910326
3,57,block_04_norm2,block_04_fc1,2,host_fpga_pcie,HOST_to_FPGA,605184,24636.00623908973,24822.38995108973,186.3837120000024
5,53,block_04_attention,block_04_proj,1,gpu_host,GPU_to_HOST,605184,24691.683167089726,24728.455327089727,36.77216000000025
5,53,block_04_attention,block_04_proj,2,host_fpga_pcie,HOST_to_FPGA,605184,24728.455327089727,24932.683526244313,204.22819915458592
7,51,block_04_norm1,block_04_qkv,1,gpu_host,GPU_to_HOST,605184,24745.097887089727,24781.870047089724,36.77216000000025
7,51,block_04_norm1,block_04_qkv,2,host_fpga_pcie,HOST_to_FPGA,605184,24781.870047089724,24979.06089224431,197.19084515458508
1,58,block_04_fc1,block_04_gelu,2,gpu_host,HOST_to_GPU,2420736,24873.04147570806,25068.674435708064,195.63296000000076
3,58,block_04_fc1,block_04_gelu,1,host_fpga_pcie,FPGA_to_HOST,2420736,24889.11261508973,25758.37002081802,869.2574057282895
6,53,block_04_attention,block_04_proj,1,gpu_host,GPU_to_HOST,605184,24910.630175089722,24984.239295089727,73.60912000000178
5,54,block_04_proj,block_04_residual1,1,host_fpga_pcie,FPGA_to_HOST,605184,24955.83294224431,25192.08683224085,236.25388999653705
4,57,block_04_norm2,block_04_fc1,1,gpu_host,GPU_to_HOST,605184,24964.044895089723,25037.654015089724,73.60912000000178
6,53,block_04_attention,block_04_proj,2,host_fpga_pcie,HOST_to_FPGA,605184,24984.239295089727,25229.22797650897,244.9886814192455
7,52,block_04_qkv,block_04_attention,1,host_fpga_pcie,FPGA_to_HOST,1815552,25031.25914024431,25703.111422665505,671.8522824211947
4,57,block_04_norm2,block_04_fc1,2,host_fpga_pcie,HOST_to_FPGA,605184,25037.654015089724,25286.416782339886,248.7627672501623
0,60,block_04_fc2,block_04_residual2,1,host_fpga_pcie,FPGA_to_HOST,605184,25131.61394127252,25368.02220007011,236.408258797588
1,59,block_04_gelu,block_04_fc2,1,gpu_host,GPU_to_HOST,2420736,25170.503875708062,25334.364675708064,163.86080000000206
5,54,block_04_proj,block_04_residual1,2,gpu_host,HOST_to_GPU,605184,25192.08683224085,25260.63115224085,68.54432000000243
6,54,block_04_proj,block_04_residual1,1,host_fpga_pcie,FPGA_to_HOST,605184,25252.37739250897,25479.207132423173,226.82973991420414
1,59,block_04_gelu,block_04_fc2,2,host_fpga_pcie,HOST_to_FPGA,2420736,25334.364675708064,26156.672549877734,822.3078741696685
4,58,block_04_fc1,block_04_gelu,1,host_fpga_pcie,FPGA_to_HOST,2420736,25353.139446339886,26175.447320509553,822.3078741696685
5,57,block_04_norm2,block_04_fc1,1,gpu_host,GPU_to_HOST,605184,25355.356912240848,25420.042116700955,64.68520446010692
0,60,block_04_fc2,block_04_residual2,2,gpu_host,HOST_to_GPU,605184,25368.02220007011,25445.37269235948,77.35049228936933
2,58,block_04_fc1,block_04_gelu,2,gpu_host,HOST_to_GPU,2420736,25388.62359983285,25614.534192240848,225.91059240800044
5,57,block_04_norm2,block_04_fc1,2,host_fpga_pcie,HOST_to_FPGA,605184,25420.042116700955,25636.180888707324,216.1387720063697
6,54,block_04_proj,block_04_residual1,2,gpu_host,HOST_to_GPU,605184,25479.207132423173,25549.077952455023,69.87082003185111
0,63,block_05_norm1,block_05_qkv,1,gpu_host,GPU_to_HOST,605184,25540.098452359478,25609.96927239133,69.87082003185111
0,63,block_05_norm1,block_05_qkv,2,host_fpga_pcie,HOST_to_FPGA,605184,25609.96927239133,25828.414211497526,218.44493910619724
6,57,block_04_norm2,block_04_fc1,1,gpu_host,GPU_to_HOST,605184,25643.80371245502,25680.57587245502,36.77216000000025
6,57,block_04_norm2,block_04_fc1,2,host_fpga_pcie,HOST_to_FPGA,605184,25680.57587245502,25882.071276039682,201.4954035846582
5,58,block_04_fc1,block_04_gelu,1,host_fpga_pcie,FPGA_to_HOST,2420736,25702.903552707325,26553.725062304253,850.8215095969288
7,52,block_04_qkv,block_04_attention,2,gpu_host,HOST_to_GPU,1815552,25703.111422665505,25902.64896890497,199.53754623946648
2,59,block_04_gelu,block_04_fc2,1,gpu_host,GPU_to_HOST,2420736,25745.633152455022,26060.92001427352,315.2868618184999
3,58,block_04_fc1,block_04_gelu,2,gpu_host,HOST_to_GPU,2420736,25758.37002081802,26073.65688263652,315.2868618184999
0,64,block_05_qkv,block_05_attention,1,host_fpga_pcie,FPGA_to_HOST,1815552,25880.612459497523,26540.22194618344,659.6094866859157
6,58,block_04_fc1,block_04_gelu,1,host_fpga_pcie,FPGA_to_HOST,2420736,25948.79394003968,26723.332436061857,774.5384960221764
7,53,block_04_attention,block_04_proj,1,gpu_host,GPU_to_HOST,605184,26026.870216904972,26089.377342665503,62.507125760533775
2,59,block_04_gelu,block_04_fc2,2,host_fpga_pcie,HOST_to_FPGA,2420736,26060.92001427352,26768.182865755392,707.2628514818713
7,53,block_04_attention,block_04_proj,2,host_fpga_pcie,HOST_to_FPGA,605184,26089.377342665503,26330.9782793079,241.60093664239713
4,58,block_04_fc1,block_04_gelu,2,gpu_host,HOST_to_GPU,2420736,26175.447320509553,26434.58559838259,259.1382778730361
3,59,block_04_gelu,block_04_fc2,1,gpu_host,GPU_to_HOST,2420736,26175.48632263652,26434.624600509556,259.1382778730361
1,60,block_04_fc2,block_04_residual2,1,host_fpga_pcie,FPGA_to_HOST,605184,26223.39521387773,26464.628519039095,241.23330516136534
7,54,block_04_proj,block_04_residual1,1,host_fpga_pcie,FPGA_to_HOST,605184,26354.1276953079,26583.435194398153,229.3074990902533
3,59,block_04_gelu,block_04_fc2,2,host_fpga_pcie,HOST_to_FPGA,2420736,26434.624600509556,26872.99465400936,438.3700534998022
1,60,block_04_fc2,block_04_residual2,2,gpu_host,HOST_to_GPU,605184,26464.628519039095,26501.400679039096,36.77216000000025
4,59,block_04_gelu,block_04_fc2,1,gpu_host,GPU_to_HOST,2420736,26536.41503838259,27109.919424700947,573.5043863183582
0,64,block_05_qkv,block_05_attention,2,gpu_host,HOST_to_GPU,1815552,26540.22194618344,26970.21713321049,429.99518702705257
5,58,block_04_fc1,block_04_gelu,2,gpu_host,HOST_to_GPU,2420736,26553.725062304253,27149.244807045343,595.5197447410909
7,54,block_04_proj,block_04_residual1,2,gpu_host,HOST_to_GPU,605184,26583.435194398153,26736.777024870084,153.3418304719321
1,63,block_05_norm1,block_05_qkv,1,gpu_host,GPU_to_HOST,605184,26631.14079838259,26796.409029850627,165.26823146803883
6,58,block_04_fc1,block_04_gelu,2,gpu_host,HOST_to_GPU,2420736,26723.332436061857,27223.096655554687,499.7642194928334
1,63,block_05_norm1,block_05_qkv,2,host_fpga_pcie,HOST_to_FPGA,605184,26796.409029850627,26891.869137935282,95.46010808465788
7,57,block_04_norm2,block_04_fc1,1,gpu_host,GPU_to_HOST,605184,26831.50278487008,27007.36974730679,175.8669624367104
2,60,block_04_fc2,block_04_residual2,1,host_fpga_pcie,FPGA_to_HOST,605184,26834.905529755393,26911.117387887665,76.2118581322732
2,60,block_04_fc2,block_04_residual2,2,gpu_host,HOST_to_GPU,605184,26911.117387887665,27086.984350324376,175.8669624367104
3,60,block_04_fc2,block_04_residual2,1,host_fpga_pcie,FPGA_to_HOST,605184,26939.717318009356,26984.43251800936,44.715199999999925
3,60,block_04_fc2,block_04_residual2,2,gpu_host,HOST_to_GPU,605184,26984.43251800936,27140.519363743442,156.08684573408667
1,64,block_05_qkv,block_05_attention,1,host_fpga_pcie,FPGA_to_HOST,1815552,26991.915566009357,27220.09148112212,228.17591511276393
7,57,block_04_norm2,block_04_fc1,2,host_fpga_pcie,HOST_to_FPGA,605184,27007.36974730679,27091.800147306796,84.4304000000018
0,65,block_05_attention,block_05_proj,1,gpu_host,GPU_to_HOST,605184,27094.438381210493,27187.47977792665,93.04139671615502
4,59,block_04_gelu,block_04_fc2,2,host_fpga_pcie,HOST_to_FPGA,2420736,27109.919424700947,27670.51702074106,560.5975960401125
7,58,block_04_fc1,block_04_gelu,1,host_fpga_pcie,FPGA_to_HOST,2420736,27158.522811306793,27826.354216319483,667.8314050126908
0,65,block_05_attention,block_05_proj,2,host_fpga_pcie,HOST_to_FPGA,605184,27187.47977792665,27337.799859753002,150.32008182635366
2,63,block_05_norm1,block_05_qkv,1,gpu_host,GPU_to_HOST,605184,27189.16414121049,27255.71363564306,66.54949443257036
1,64,block_05_qkv,block_05_attention,2,gpu_host,HOST_to_GPU,1815552,27220.09148112212,27335.71903838259,115.6275572604705
2,63,block_05_norm1,block_05_qkv,2,host_fpga_pcie,HOST_to_FPGA,605184,27255.71363564306,27410.191296976394,154.4776613333354
5,59,block_04_gelu,block_04_fc2,1,gpu_host,GPU_to_HOST,2420736,27332.30462121049,27489.65246121049,157.34784000000224
0,66,block_05_proj,block_05_residual1,1,host_fpga_pcie,FPGA_to_HOST,605184,27360.949275753,27508.516876055295,147.5676003022952
6,59,block_04_gelu,block_04_fc2,1,gpu_host,GPU_to_HOST,2420736,27434.134061210487,27686.79838121049,252.66432000000185
2,64,block_05_qkv,block_05_attention,1,host_fpga_pcie,FPGA_to_HOST,1815552,27462.389544976395,28124.15649220625,661.7669472298547
3,63,block_05_norm1,block_05_qkv,1,gpu_host,GPU_to_HOST,605184,27487.548781210488,27577.38121378808,89.83243257759676
5,59,block_04_gelu,block_04_fc2,2,host_fpga_pcie,HOST_to_FPGA,2420736,27489.65246121049,28338.60332587074,848.9508646602508
0,66,block_05_proj,block_05_residual1,2,gpu_host,HOST_to_GPU,605184,27508.516876055295,27598.349308632893,89.83243257759676
3,63,block_05_norm1,block_05_qkv,2,host_fpga_pcie,HOST_to_FPGA,605184,27577.38121378808,27810.858633464853,233.4774196767718
1,65,block_05_attention,block_05_proj,1,gpu_host,GPU_to_HOST,605184,27611.770029210486,27680.314349210486,68.54432000000243
1,65,block_05_attention,block_05_proj,2,host_fpga_pcie,HOST_to_FPGA,605184,27680.314349210486,27953.19364382963,272.8792946191418
6,59,block_04_gelu,block_04_fc2,2,host_fpga_pcie,HOST_to_FPGA,2420736,27686.79838121049,28568.64319014998,881.844808939488
0,69,block_05_norm2,block_05_fc1,1,gpu_host,GPU_to_HOST,605184,27706.495789210483,27743.267949210483,36.77216000000025
4,60,block_04_fc2,block_04_residual2,1,host_fpga_pcie,FPGA_to_HOST,605184,27737.23968474106,28016.427906748628,279.18822200756824
0,69,block_05_norm2,block_05_fc1,2,host_fpga_pcie,HOST_to_FPGA,605184,27743.267949210483,28021.594990579564,278.3270413690801
7,58,block_04_fc1,block_04_gelu,2,gpu_host,HOST_to_GPU,2420736,27826.354216319483,27958.442856319485,132.08863999999986
3,64,block_05_qkv,block_05_attention,1,host_fpga_pcie,FPGA_to_HOST,1815552,27863.056881464854,28504.43937061484,641.3824891499872
1,66,block_05_proj,block_05_residual1,1,host_fpga_pcie,FPGA_to_HOST,605184,27976.34305982963,28195.94428871609,219.60122888646168
4,60,block_04_fc2,block_04_residual2,2,gpu_host,HOST_to_GPU,605184,28016.427906748628,28053.200066748628,36.77216000000025
7,59,block_04_gelu,block_04_fc2,1,gpu_host,GPU_to_HOST,2420736,28060.272296319483,28319.10970043272,258.83740411323726
0,70,block_05_fc1,block_05_gelu,1,host_fpga_pcie,FPGA_to_HOST,2420736,28088.31765457956,28926.366589735186,838.048935155624
2,64,block_05_qkv,block_05_attention,2,gpu_host,HOST_to_GPU,1815552,28124.15649220625,28351.221736319483,227.06524411323508
4,63,block_05_norm1,block_05_qkv,1,gpu_host,GPU_to_HOST,605184,28154.99805631948,28273.43795218728,118.43989586779804
1,66,block_05_proj,block_05_residual1,2,gpu_host,HOST_to_GPU,605184,28195.94428871609,28314.384184583887,118.43989586779804
4,63,block_05_norm1,block_05_qkv,2,host_fpga_pcie,HOST_to_FPGA,605184,28273.43795218728,28493.25026973819,219.81231755091244
7,59,block_04_gelu,block_04_fc2,2,host_fpga_pcie,HOST_to_FPGA,2420736,28319.10970043272,29179.851161741786,860.7414613090656
5,60,block_04_fc2,block_04_residual2,1,host_fpga_pcie,FPGA_to_HOST,605184,28405.32598987074,28622.18151860253,216.85552873178943
2,65,block_05_attention,block_05_proj,1,gpu_host,GPU_to_HOST,605184,28479.916472583885,28523.937894552935,44.021421969048234
3,64,block_05_qkv,block_05_attention,2,gpu_host,HOST_to_GPU,1815552,28504.43937061484,28660.373026565245,155.93365595040555
2,65,block_05_attention,block_05_proj,2,host_fpga_pcie,HOST_to_FPGA,605184,28523.937894552935,28751.643638319612,227.70574376667838
1,69,block_05_norm2,block_05_fc1,1,gpu_host,GPU_to_HOST,605184,28533.331192583886,28601.875512583887,68.54432000000243
4,64,block_05_qkv,block_05_attention,1,host_fpga_pcie,FPGA_to_HOST,1815552,28545.44851773819,29193.97206633305,648.5235485948621
1,69,block_05_norm2,block_05_fc1,2,host_fpga_pcie,HOST_to_FPGA,605184,28601.875512583887,28837.488883559257,235.61337097537105
5,60,block_04_fc2,block_04_residual2,2,gpu_host,HOST_to_GPU,605184,28622.18151860253,28675.549432583888,53.36791398135796
6,60,block_04_fc2,block_04_residual2,1,host_fpga_pcie,FPGA_to_HOST,605184,28635.365854149975,28874.616092234835,239.25023808486074
2,66,block_05_proj,block_05_residual1,1,host_fpga_pcie,FPGA_to_HOST,605184,28774.793054319613,29006.74554355665,231.9524892370403
3,65,block_05_attention,block_05_proj,1,gpu_host,GPU_to_HOST,605184,28784.594274565246,28821.366434565247,36.77216000000025
3,65,block_05_attention,block_05_proj,2,host_fpga_pcie,HOST_to_FPGA,605184,28821.366434565247,29045.556693761348,224.19025919610118
6,60,block_04_fc2,block_04_residual2,2,gpu_host,HOST_to_GPU,605184,28874.616092234835,28942.001409989054,67.38531775421843
5,63,block_05_norm1,block_05_qkv,1,gpu_host,GPU_to_HOST,605184,28879.320034565244,28951.409294649868,72.08926008462485
1,70,block_05_fc1,block_05_gelu,1,host_fpga_pcie,FPGA_to_HOST,2420736,28904.211547559258,29647.844115418127,743.6325678588686
0,70,block_05_fc1,block_05_gelu,2,gpu_host,HOST_to_GPU,2420736,28926.366589735186,29133.79337223484,207.426782499652
5,63,block_05_norm1,block_05_qkv,2,host_fpga_pcie,HOST_to_FPGA,605184,28951.409294649868,29162.194211206628,210.78491655675964
2,66,block_05_proj,block_05_residual1,2,gpu_host,HOST_to_GPU,605184,29006.74554355665,29092.071210340455,85.32566678380246
6,63,block_05_norm1,block_05_qkv,1,gpu_host,GPU_to_HOST,605184,29036.72716998905,29122.052836772855,85.32566678380246
3,66,block_05_proj,block_05_residual1,1,host_fpga_pcie,FPGA_to_HOST,605184,29068.706109761344,29250.00797245741,181.30186269606565
6,63,block_05_norm1,block_05_qkv,2,host_fpga_pcie,HOST_to_FPGA,605184,29122.052836772855,29293.011985993933,170.95914922107823
2,69,block_05_norm2,block_05_fc1,1,gpu_host,GPU_to_HOST,605184,29186.796970340452,29248.166194347854,61.36922400740153
4,64,block_05_qkv,block_05_attention,2,gpu_host,HOST_to_GPU,1815552,29193.97206633305,29395.226189281977,201.25412294892328
5,64,block_05_qkv,block_05_attention,1,host_fpga_pcie,FPGA_to_HOST,1815552,29214.392459206625,29800.592248242745,586.1997890361203
2,69,block_05_norm2,block_05_fc1,2,host_fpga_pcie,HOST_to_FPGA,605184,29248.166194347854,29429.205400133163,181.03920578530983
3,66,block_05_proj,block_05_residual1,2,gpu_host,HOST_to_GPU,605184,29250.00797245741,29331.015233515893,81.00726105848139
7,60,block_04_fc2,block_04_residual2,1,host_fpga_pcie,FPGA_to_HOST,605184,29281.115123206626,29462.154328991935,181.03920578530983
0,71,block_05_gelu,block_05_fc2,1,gpu_host,GPU_to_HOST,2420736,29288.62641034045,29538.317319426995,249.6909090865425
6,64,block_05_qkv,block_05_attention,1,host_fpga_pcie,FPGA_to_HOST,1815552,29345.21023399393,29978.488816353078,633.2785823591446
3,69,block_05_norm2,block_05_fc1,1,gpu_host,GPU_to_HOST,605184,29425.74099351589,29507.85080577787,82.10981226198025
7,60,block_04_fc2,block_04_residual2,2,gpu_host,HOST_to_GPU,605184,29462.154328991935,29541.290730340454,79.13640134851741
2,70,block_05_fc1,block_05_gelu,1,host_fpga_pcie,FPGA_to_HOST,2420736,29495.92806413316,30365.84258234349,869.9145182103317
3,69,block_05_norm2,block_05_fc1,2,host_fpga_pcie,HOST_to_FPGA,605184,29507.85080577787,29759.395737937488,251.54493215961622
0,71,block_05_gelu,block_05_fc2,2,host_fpga_pcie,HOST_to_FPGA,2420736,29538.317319426995,30409.4646306078,871.147311180806
4,65,block_05_attention,block_05_proj,1,gpu_host,GPU_to_HOST,605184,29549.96224151589,29586.73440151589,36.77216000000025
4,65,block_05_attention,block_05_proj,2,host_fpga_pcie,HOST_to_FPGA,605184,29586.73440151589,29838.267405666382,251.53300415049068
7,63,block_05_norm1,block_05_qkv,1,gpu_host,GPU_to_HOST,605184,29644.688001515886,29710.07620761365,65.38820609776342
1,70,block_05_fc1,block_05_gelu,2,gpu_host,HOST_to_GPU,2420736,29647.844115418127,29811.50535478903,163.661239370904
7,63,block_05_norm1,block_05_qkv,2,host_fpga_pcie,HOST_to_FPGA,605184,29710.07620761365,29947.963655149535,237.88744753588594
5,64,block_05_qkv,block_05_attention,2,gpu_host,HOST_to_GPU,1815552,29800.592248242745,29903.86528151589,103.27303327314213
3,70,block_05_fc1,block_05_gelu,1,host_fpga_pcie,FPGA_to_HOST,2420736,29826.118401937485,30686.91387031388,860.7954683763942
4,66,block_05_proj,block_05_residual1,1,host_fpga_pcie,FPGA_to_HOST,605184,29861.41682166638,30071.915688881123,210.4988672147444
1,71,block_05_gelu,block_05_fc2,1,gpu_host,GPU_to_HOST,2420736,29913.33479478903,30160.07800307893,246.74320828989988
6,64,block_05_qkv,block_05_attention,2,gpu_host,HOST_to_GPU,1815552,29978.488816353078,30204.28423478903,225.79541843595342
7,64,block_05_qkv,block_05_attention,1,host_fpga_pcie,FPGA_to_HOST,1815552,30000.161903149536,30654.695931184408,654.5340280348713
5,65,block_05_attention,block_05_proj,1,gpu_host,GPU_to_HOST,605184,30037.55604278903,30158.191467425,120.63542463596963
4,66,block_05_proj,block_05_residual1,2,gpu_host,HOST_to_GPU,605184,30071.915688881123,30181.726743371037,109.8110544899139
5,65,block_05_attention,block_05_proj,2,host_fpga_pcie,HOST_to_FPGA,605184,30158.191467425,30395.22823063576,237.03676321076145
1,71,block_05_gelu,block_05_fc2,2,host_fpga_pcie,HOST_to_FPGA,2420736,30160.07800307893,30833.439694128654,673.3616910497252
6,65,block_05_attention,block_05_proj,1,gpu_host,GPU_to_HOST,605184,30347.259031371035,30397.21980039858,49.96076902754471
2,70,block_05_fc1,block_05_gelu,2,gpu_host,HOST_to_GPU,2420736,30365.84258234349,30542.891991371038,177.04940902754305
6,65,block_05_attention,block_05_proj,2,host_fpga_pcie,HOST_to_FPGA,605184,30397.21980039858,30643.910296522357,246.69049612377827
4,69,block_05_norm2,block_05_fc1,1,gpu_host,GPU_to_HOST,605184,30400.673751371036,30469.218071371037,68.54432000000243
5,66,block_05_proj,block_05_residual1,1,host_fpga_pcie,FPGA_to_HOST,605184,30418.37764663576,30670.344002543537,251.96635590777825
4,69,block_05_norm2,block_05_fc1,2,host_fpga_pcie,HOST_to_FPGA,605184,30469.218071371037,30713.987173890062,244.76910251902683
0,72,block_05_fc2,block_05_residual2,1,host_fpga_pcie,FPGA_to_HOST,605184,30485.100310635757,30721.928293522426,236.82798288666638
2,71,block_05_gelu,block_05_fc2,1,gpu_host,GPU_to_HOST,2420736,30644.721431371036,31217.01840654259,572.2969751715545
7,64,block_05_qkv,block_05_attention,2,gpu_host,HOST_to_GPU,1815552,30654.695931184408,31096.98501423396,442.2890830495553
6,66,block_05_proj,block_05_residual1,1,host_fpga_pcie,FPGA_to_HOST,605184,30667.059712522358,30776.586298862818,109.52658634046098
5,66,block_05_proj,block_05_residual1,2,gpu_host,HOST_to_GPU,605184,30670.344002543537,30820.968282100843,150.62427955730638
3,70,block_05_fc1,block_05_gelu,2,gpu_host,HOST_to_GPU,2420736,30686.91387031388,31298.94700679722,612.0331364833434
0,72,block_05_fc2,block_05_residual2,2,gpu_host,HOST_to_GPU,605184,30721.928293522426,30892.35275739543,170.42446387300487
6,66,block_05_proj,block_05_residual1,2,gpu_host,HOST_to_GPU,605184,30776.586298862818,30939.92544155947,163.33914269665155
4,70,block_05_fc1,block_05_gelu,1,host_fpga_pcie,FPGA_to_HOST,2420736,30780.709837890063,31008.15076600936,227.4409281192956
1,72,block_05_fc2,block_05_residual2,1,host_fpga_pcie,FPGA_to_HOST,605184,30900.162358128655,30984.592758128656,84.4304000000018
5,69,block_05_norm2,block_05_fc1,1,gpu_host,GPU_to_HOST,605184,30915.69404210084,31081.46956572297,165.77552362213171
1,72,block_05_fc2,block_05_residual2,2,gpu_host,HOST_to_GPU,605184,30984.592758128656,31176.41611035373,191.82335222507618
4,70,block_05_fc1,block_05_gelu,2,gpu_host,HOST_to_GPU,2420736,31008.15076600936,31412.25327137104,404.1025053616795
0,75,block_06_norm1,block_06_qkv,1,gpu_host,GPU_to_HOST,605184,31051.73084210084,31232.436359957053,180.705517856216
5,69,block_05_norm2,block_05_fc1,2,host_fpga_pcie,HOST_to_FPGA,605184,31081.46956572297,31126.184765722974,44.715199999999925
6,69,block_05_norm2,block_05_fc1,1,gpu_host,GPU_to_HOST,605184,31105.145562100835,31266.801360708316,161.65579860747889
5,70,block_05_fc1,block_05_gelu,1,host_fpga_pcie,FPGA_to_HOST,2420736,31192.90742972297,31950.883202784942,757.9757730619696
2,71,block_05_gelu,block_05_fc2,2,host_fpga_pcie,HOST_to_FPGA,2420736,31217.01840654259,32104.170498198186,887.152091655595
7,65,block_05_attention,block_05_proj,1,gpu_host,GPU_to_HOST,605184,31229.366810100833,31324.843620767548,95.47681066671143
0,75,block_06_norm1,block_06_qkv,2,host_fpga_pcie,HOST_to_FPGA,605184,31232.436359957053,31398.782775309526,166.3464153524724
6,69,block_05_norm2,block_05_fc1,2,host_fpga_pcie,HOST_to_FPGA,605184,31266.801360708316,31456.07312721204,189.27176650372635
1,75,block_06_norm1,block_06_qkv,1,gpu_host,GPU_to_HOST,605184,31324.09257010083,31392.636890100828,68.5443199999955
7,65,block_05_attention,block_05_proj,2,host_fpga_pcie,HOST_to_FPGA,605184,31324.843620767548,31528.79198450089,203.94836373334445
1,75,block_06_norm1,block_06_qkv,2,host_fpga_pcie,HOST_to_FPGA,605184,31392.636890100828,31607.22138690083,214.58449680000075
3,71,block_05_gelu,block_05_fc2,1,gpu_host,GPU_to_HOST,2420736,31425.922010100832,31583.269850100827,157.3478399999953
0,76,block_06_qkv,block_06_attention,1,host_fpga_pcie,FPGA_to_HOST,1815552,31450.981023309523,32226.25710501547,775.2760817059459
6,70,block_05_fc1,block_05_gelu,1,host_fpga_pcie,FPGA_to_HOST,2420736,31522.79579121204,32499.755674378004,976.9598831659634
4,71,block_05_gelu,block_05_fc2,1,gpu_host,GPU_to_HOST,2420736,31527.75145010083,31685.099290100825,157.3478399999953
7,66,block_05_proj,block_05_residual1,1,host_fpga_pcie,FPGA_to_HOST,605184,31551.94140050089,31838.77821672948,286.8368162285903
3,71,block_05_gelu,block_05_fc2,2,host_fpga_pcie,HOST_to_FPGA,2420736,31583.269850100827,32543.824969103858,960.5551190030315
1,76,block_06_qkv,block_06_attention,1,host_fpga_pcie,FPGA_to_HOST,1815552,31659.419634900827,32432.52097756766,773.1013426668306
4,71,block_05_gelu,block_05_fc2,2,host_fpga_pcie,HOST_to_FPGA,2420736,31685.099290100825,32591.551746818146,906.4524567173188
7,66,block_05_proj,block_05_residual1,2,gpu_host,HOST_to_GPU,605184,31838.77821672948,31875.550376729476,36.77215999999678
5,70,block_05_fc1,block_05_gelu,2,gpu_host,HOST_to_GPU,2420736,31950.883202784942,32114.74400278494,163.8607999999986
7,69,block_05_norm2,block_05_fc1,1,gpu_host,GPU_to_HOST,605184,31970.276136729473,32038.82045672947,68.5443199999955
7,69,block_05_norm2,block_05_fc1,2,host_fpga_pcie,HOST_to_FPGA,605184,32038.82045672947,32297.927940198893,259.1074834694257
2,72,block_05_fc2,block_05_residual2,1,host_fpga_pcie,FPGA_to_HOST,605184,32170.893162198183,32407.03467837208,236.14151617389751
5,71,block_05_gelu,block_05_fc2,1,gpu_host,GPU_to_HOST,2420736,32216.57344278494,32487.731642030325,271.1581992453846
0,76,block_06_qkv,block_06_attention,2,gpu_host,HOST_to_GPU,1815552,32226.25710501547,32426.81775833716,200.5606533216908
7,70,block_05_fc1,block_05_gelu,1,host_fpga_pcie,FPGA_to_HOST,2420736,32364.650604198894,33037.828154018745,673.1775498198533
2,72,block_05_fc2,block_05_residual2,2,gpu_host,HOST_to_GPU,605184,32407.03467837208,32497.243579847996,90.2089014759161
1,76,block_06_qkv,block_06_attention,2,gpu_host,HOST_to_GPU,1815552,32432.52097756766,32678.2455002859,245.72452271823946
5,71,block_05_gelu,block_05_fc2,2,host_fpga_pcie,HOST_to_FPGA,2420736,32487.731642030325,33121.220693321644,633.4890512913194
6,70,block_05_fc1,block_05_gelu,2,gpu_host,HOST_to_GPU,2420736,32499.755674378004,32761.700162784935,261.94448840693303
0,77,block_06_attention,block_06_proj,1,gpu_host,GPU_to_HOST,605184,32551.039006337163,32651.552393003833,100.51338666666743
3,72,block_05_fc2,block_05_residual2,1,host_fpga_pcie,FPGA_to_HOST,605184,32610.54763310386,32790.709060155066,180.16142705121197
2,75,block_06_norm1,block_06_qkv,1,gpu_host,GPU_to_HOST,605184,32645.76476633716,32723.60060209785,77.83583576068814
0,77,block_06_attention,block_06_proj,2,host_fpga_pcie,HOST_to_FPGA,605184,32651.552393003833,32859.05032665502,207.497933651192
4,72,block_05_fc2,block_05_residual2,1,host_fpga_pcie,FPGA_to_HOST,605184,32677.270297103856,32890.436383555054,213.16608645119416
2,75,block_06_norm1,block_06_qkv,2,host_fpga_pcie,HOST_to_FPGA,605184,32723.60060209785,32936.76668854904,213.16608645119416
3,72,block_05_fc2,block_05_residual2,2,gpu_host,HOST_to_GPU,605184,32790.709060155066,32847.49569202423,56.786631869164275
1,77,block_06_attention,block_06_proj,1,gpu_host,GPU_to_HOST,605184,32802.4667482859,32859.25338015507,56.786631869164275
1,77,block_06_attention,block_06_proj,2,host_fpga_pcie,HOST_to_FPGA,605184,32859.25338015507,33046.82103744781,187.56765729274068
0,78,block_06_proj,block_06_residual1,1,host_fpga_pcie,FPGA_to_HOST,605184,32882.19974265502,33060.58885494778,178.38911229275945
4,72,block_05_fc2,block_05_residual2,2,gpu_host,HOST_to_GPU,605184,32890.436383555054,32945.1208988242,54.68451526914608
6,71,block_05_gelu,block_05_fc2,1,gpu_host,GPU_to_HOST,2420736,32904.2961882859,33079.447482342846,175.15129405694384
2,76,block_06_qkv,block_06_attention,1,host_fpga_pcie,FPGA_to_HOST,1815552,32988.96493654904,33488.22322087546,499.2582843264121
7,70,block_05_fc1,block_05_gelu,2,gpu_host,HOST_to_GPU,2420736,33037.828154018745,33330.18786133774,292.359707318994
3,75,block_06_norm1,block_06_qkv,1,gpu_host,GPU_to_HOST,605184,33040.332988285896,33159.23626408425,118.90327579835296
0,78,block_06_proj,block_06_residual1,2,gpu_host,HOST_to_GPU,605184,33060.58885494778,33179.49213074613,118.90327579835296
1,78,block_06_proj,block_06_residual1,1,host_fpga_pcie,FPGA_to_HOST,605184,33069.97045344781,33225.759920798584,155.78946735077952
6,71,block_05_gelu,block_05_fc2,2,host_fpga_pcie,HOST_to_FPGA,2420736,33079.447482342846,33776.31239541322,696.8649130703747
4,75,block_06_norm1,block_06_qkv,1,gpu_host,GPU_to_HOST,605184,33093.7477082859,33199.288261739035,105.54055345313867
3,75,block_06_norm1,block_06_qkv,2,host_fpga_pcie,HOST_to_FPGA,605184,33159.23626408425,33362.00759603078,202.77133194653018
5,72,block_05_fc2,block_05_residual2,1,host_fpga_pcie,FPGA_to_HOST,605184,33187.943357321645,33397.891462577514,209.94810525587494
4,75,block_06_norm1,block_06_qkv,2,host_fpga_pcie,HOST_to_FPGA,605184,33199.288261739035,33406.96738611143,207.67912437239661
1,78,block_06_proj,block_06_residual1,2,gpu_host,HOST_to_GPU,605184,33225.759920798584,33301.84741582481,76.08749502622386
0,81,block_06_norm2,block_06_fc1,1,gpu_host,GPU_to_HOST,605184,33274.217890746135,33340.24662355505,66.02873280892041
0,81,block_06_norm2,block_06_fc1,2,host_fpga_pcie,HOST_to_FPGA,605184,33340.24662355505,33516.15552748546,175.9089039304121
5,72,block_05_fc2,block_05_residual2,2,gpu_host,HOST_to_GPU,605184,33397.891462577514,33434.663622577515,36.77215999999678
3,76,block_06_qkv,block_06_attention,1,host_fpga_pcie,FPGA_to_HOST,1815552,33414.20584403078,34016.07071826068,601.8648742298974
7,71,block_05_gelu,block_05_fc2,1,gpu_host,GPU_to_HOST,2420736,33444.98789582481,33724.474170774156,279.4862749493504
4,76,block_06_qkv,block_06_attention,1,host_fpga_pcie,FPGA_to_HOST,1815552,33466.404092030774,34107.41765226068,641.0135602299
2,76,block_06_qkv,block_06_attention,2,gpu_host,HOST_to_GPU,1815552,33488.22322087546,33735.937335824805,247.71411494935168
1,81,block_06_norm2,block_06_fc1,1,gpu_host,GPU_to_HOST,605184,33498.4026158248,33598.916002491475,100.51338666666743
0,82,block_06_fc1,block_06_gelu,1,host_fpga_pcie,FPGA_to_HOST,2420736,33582.87819148546,34495.418341639575,912.5401501541147
5,75,block_06_norm1,block_06_qkv,1,gpu_host,GPU_to_HOST,605184,33593.1283758248,33693.64176249147,100.51338666666743
1,81,block_06_norm2,block_06_fc1,2,host_fpga_pcie,HOST_to_FPGA,605184,33598.916002491475,33829.95322543991,231.03722294843394
5,75,block_06_norm1,block_06_qkv,2,host_fpga_pcie,HOST_to_FPGA,605184,33693.64176249147,33950.867687263235,257.2259247717659
7,71,block_05_gelu,block_05_fc2,2,host_fpga_pcie,HOST_to_FPGA,2420736,33724.474170774156,34650.59669325114,926.1225224769798
6,72,block_05_fc2,block_05_residual2,1,host_fpga_pcie,FPGA_to_HOST,605184,33843.03505941322,34120.40811206628,277.37305265306685
2,77,block_06_attention,block_06_proj,1,gpu_host,GPU_to_HOST,605184,33860.15858382481,33896.93074382481,36.77215999999678
2,77,block_06_attention,block_06_proj,2,host_fpga_pcie,HOST_to_FPGA,605184,33896.93074382481,34165.32118240927,268.39043858446763
1,82,block_06_fc1,block_06_gelu,1,host_fpga_pcie,FPGA_to_HOST,2420736,33909.75772341322,34787.50860137493,877.7508779617139
5,76,block_06_qkv,block_06_attention,1,host_fpga_pcie,FPGA_to_HOST,1815552,34003.065935263236,34668.20523654299,665.1393012797602
3,76,block_06_qkv,block_06_attention,2,gpu_host,HOST_to_GPU,1815552,34016.07071826068,34120.35674426067,104.28602599999587
4,76,block_06_qkv,block_06_attention,2,gpu_host,HOST_to_GPU,1815552,34107.41765226068,34243.475838260674,136.05818599999458
6,72,block_05_fc2,block_05_residual2,2,gpu_host,HOST_to_GPU,605184,34120.40811206628,34188.95243206628,68.5443199999955
2,78,block_06_proj,block_06_residual1,1,host_fpga_pcie,FPGA_to_HOST,605184,34188.47059840927,34413.18588763899,224.7152892297169
3,77,block_06_attention,block_06_proj,1,gpu_host,GPU_to_HOST,605184,34244.577992260674,34281.350152260675,36.77215999999678
3,77,block_06_attention,block_06_proj,2,host_fpga_pcie,HOST_to_FPGA,605184,34281.350152260675,34507.950833564784,226.60068130411076
4,77,block_06_attention,block_06_proj,1,gpu_host,GPU_to_HOST,605184,34410.11028026068,34479.10598919321,68.99570893253298
2,78,block_06_proj,block_06_residual1,2,gpu_host,HOST_to_GPU,605184,34413.18588763899,34485.257203949834,72.07131631084552
6,75,block_06_norm1,block_06_qkv,1,gpu_host,GPU_to_HOST,605184,34463.52500026068,34520.43517888178,56.910178621104315
4,77,block_06_attention,block_06_proj,2,host_fpga_pcie,HOST_to_FPGA,605184,34479.10598919321,34701.725360984936,222.61937179172963
0,82,block_06_fc1,block_06_gelu,2,gpu_host,HOST_to_GPU,2420736,34495.418341639575,34669.28756026068,173.8692186211005
6,75,block_06_norm1,block_06_qkv,2,host_fpga_pcie,HOST_to_FPGA,605184,34520.43517888178,34740.391745861816,219.9565669800396
3,78,block_06_proj,block_06_residual1,1,host_fpga_pcie,FPGA_to_HOST,605184,34531.10024956478,34749.787559697485,218.68731013270636
2,81,block_06_norm2,block_06_fc1,1,gpu_host,GPU_to_HOST,605184,34579.982963949835,34648.52728394983,68.5443199999955
2,81,block_06_norm2,block_06_fc1,2,host_fpga_pcie,HOST_to_FPGA,605184,34648.52728394983,34825.07685475528,176.54957080544958
5,76,block_06_qkv,block_06_attention,2,gpu_host,HOST_to_GPU,1815552,34668.20523654299,34785.32530995241,117.12007340941577
7,72,block_05_fc2,block_05_residual2,1,host_fpga_pcie,FPGA_to_HOST,605184,34717.31935725114,34867.97340291668,150.65404566554085
4,78,block_06_proj,block_06_residual1,1,host_fpga_pcie,FPGA_to_HOST,605184,34740.46877325113,34877.740872055605,137.27209880447234
3,78,block_06_proj,block_06_residual1,2,gpu_host,HOST_to_GPU,605184,34749.787559697485,34835.84767370463,86.06011400714291
0,83,block_06_gelu,block_06_fc2,1,gpu_host,GPU_to_HOST,2420736,34771.117000260674,35269.88449057636,498.7674903156811
1,82,block_06_fc1,block_06_gelu,2,gpu_host,HOST_to_GPU,2420736,34787.50860137493,35309.850984227385,522.3423828524532
6,76,block_06_qkv,block_06_attention,1,host_fpga_pcie,FPGA_to_HOST,1815552,34792.66702125113,35044.90334069067,252.23631943953328
7,72,block_05_fc2,block_05_residual2,2,gpu_host,HOST_to_GPU,605184,34867.97340291668,35018.99089882935,151.01749591266838
4,78,block_06_proj,block_06_residual1,2,gpu_host,HOST_to_GPU,605184,34877.740872055605,35035.270014060894,157.52914200528602
2,82,block_06_fc1,block_06_gelu,1,host_fpga_pcie,FPGA_to_HOST,2420736,34891.79951875527,35184.88056567148,293.08104691620764
5,77,block_06_attention,block_06_proj,1,gpu_host,GPU_to_HOST,605184,34909.54655795241,35071.36878977446,161.82223182204663
3,81,block_06_norm2,block_06_fc1,1,gpu_host,GPU_to_HOST,605184,35004.27231795241,35147.149397774454,142.8770798220444
6,76,block_06_qkv,block_06_attention,2,gpu_host,HOST_to_GPU,1815552,35044.90334069067,35440.43230438242,395.52896369175056
5,77,block_06_attention,block_06_proj,2,host_fpga_pcie,HOST_to_FPGA,605184,35071.36878977446,35157.62408577446,86.25529600000264
3,81,block_06_norm2,block_06_fc1,2,host_fpga_pcie,HOST_to_FPGA,605184,35147.149397774454,35232.511757671484,85.36235989702739
7,75,block_06_norm1,block_06_qkv,1,gpu_host,GPU_to_HOST,605184,35155.02769882934,35329.40131216769,174.37361333835082
5,78,block_06_proj,block_06_residual1,1,host_fpga_pcie,FPGA_to_HOST,605184,35180.77350177446,35248.85782972297,68.0843279485116
2,82,block_06_fc1,block_06_gelu,2,gpu_host,HOST_to_GPU,2420736,35184.88056567148,35573.96507547359,389.08450980210813
4,81,block_06_norm2,block_06_fc1,1,gpu_host,GPU_to_HOST,605184,35208.44241882934,35378.103661536115,169.6612427067798
5,78,block_06_proj,block_06_residual1,2,gpu_host,HOST_to_GPU,605184,35248.85782972297,35398.31136698293,149.45353725995952
0,83,block_06_gelu,block_06_fc2,2,host_fpga_pcie,HOST_to_FPGA,2420736,35269.88449057636,35771.423939452034,501.53944887567496
3,82,block_06_fc1,block_06_gelu,1,host_fpga_pcie,FPGA_to_HOST,2420736,35299.234421671485,35973.958544210596,674.7241225391124
7,75,block_06_norm1,block_06_qkv,2,host_fpga_pcie,HOST_to_FPGA,605184,35329.40131216769,35477.02799571155,147.62668354385832
4,81,block_06_norm2,block_06_fc1,2,host_fpga_pcie,HOST_to_FPGA,605184,35378.103661536115,35525.73034507997,147.62668354385832
1,83,block_06_gelu,block_06_fc2,1,gpu_host,GPU_to_HOST,2420736,35411.68042422739,35675.59216085861,263.9117366312199
7,76,block_06_qkv,block_06_attention,1,host_fpga_pcie,FPGA_to_HOST,1815552,35529.22624371155,36198.37566266482,669.1494189532688
6,77,block_06_attention,block_06_proj,1,gpu_host,GPU_to_HOST,605184,35577.21271222739,35650.82183222738,73.60911999999831
4,82,block_06_fc1,block_06_gelu,1,host_fpga_pcie,FPGA_to_HOST,2420736,35595.94890771155,36456.05265595148,860.1037482399292
5,81,block_06_norm2,block_06_fc1,1,gpu_host,GPU_to_HOST,605184,35630.62743222738,35689.91435654299,59.286924315608836
6,77,block_06_attention,block_06_proj,2,host_fpga_pcie,HOST_to_FPGA,605184,35650.82183222738,35915.29840205608,264.47656982869773
1,83,block_06_gelu,block_06_fc2,2,host_fpga_pcie,HOST_to_FPGA,2420736,35675.59216085861,36536.39244062701,860.8002797684047
5,81,block_06_norm2,block_06_fc1,2,host_fpga_pcie,HOST_to_FPGA,605184,35689.91435654299,35970.00584363569,280.09148709270266
2,83,block_06_gelu,block_06_fc2,1,gpu_host,GPU_to_HOST,2420736,35732.45687222738,35864.545512227385,132.08863999999986
0,84,block_06_fc2,block_06_residual2,1,host_fpga_pcie,FPGA_to_HOST,605184,35838.146603452034,36118.896873973885,280.7502705218512
2,83,block_06_gelu,block_06_fc2,2,host_fpga_pcie,HOST_to_FPGA,2420736,35864.545512227385,36669.456181380556,804.9106691531694
6,78,block_06_proj,block_06_residual1,1,host_fpga_pcie,FPGA_to_HOST,605184,35938.447818056076,36199.70198402389,261.2541659678114
3,82,block_06_fc1,block_06_gelu,2,gpu_host,HOST_to_GPU,2420736,35973.958544210596,36106.04718421059,132.08863999999986
5,82,block_06_fc1,block_06_gelu,1,host_fpga_pcie,FPGA_to_HOST,2420736,36036.72850763569,36808.162362034,771.4338543983109
0,84,block_06_fc2,block_06_residual2,2,gpu_host,HOST_to_GPU,605184,36118.896873973885,36155.66903397388,36.77215999999678
7,76,block_06_qkv,block_06_attention,2,gpu_host,HOST_to_GPU,1815552,36198.37566266482,36482.24434985612,283.8686871913035
6,78,block_06_proj,block_06_residual1,2,gpu_host,HOST_to_GPU,605184,36199.70198402389,36295.93114393054,96.22915990664671
3,83,block_06_gelu,block_06_fc2,1,gpu_host,GPU_to_HOST,2420736,36207.87662421059,36563.5809875934,355.7043633828083
0,87,block_07_norm1,block_07_qkv,1,gpu_host,GPU_to_HOST,605184,36302.60238421059,36403.11577087726,100.51338666666743
6,81,block_06_norm2,block_06_fc1,1,gpu_host,GPU_to_HOST,605184,36397.32814421059,36503.13945435341,105.8113101428254
0,87,block_07_norm1,block_07_qkv,2,host_fpga_pcie,HOST_to_FPGA,605184,36403.11577087726,36585.622934535175,182.50716365791897
4,82,block_06_fc1,block_06_gelu,2,gpu_host,HOST_to_GPU,2420736,36456.05265595148,36679.95806266482,223.90540671334003
6,81,block_06_norm2,block_06_fc1,2,host_fpga_pcie,HOST_to_FPGA,605184,36503.13945435341,36697.48091228611,194.34145793269937
3,83,block_06_gelu,block_06_fc2,2,host_fpga_pcie,HOST_to_FPGA,2420736,36563.5809875934,37313.64371243943,750.0627248460262
1,84,block_06_fc2,block_06_residual2,1,host_fpga_pcie,FPGA_to_HOST,605184,36603.11510462701,36825.153585777785,222.03848115077975
7,77,block_06_attention,block_06_proj,1,gpu_host,GPU_to_HOST,605184,36606.46559785612,36675.00991785612,68.5443199999955
0,88,block_07_qkv,block_07_attention,1,host_fpga_pcie,FPGA_to_HOST,1815552,36655.313352627,37212.42311999599,557.1097673689809
7,77,block_06_attention,block_06_proj,2,host_fpga_pcie,HOST_to_FPGA,605184,36675.00991785612,36895.52459421464,220.5146763585228
2,84,block_06_fc2,block_06_residual2,1,host_fpga_pcie,FPGA_to_HOST,605184,36736.17884538055,36946.74433533407,210.5654899535181
4,83,block_06_gelu,block_06_fc2,1,gpu_host,GPU_to_HOST,2420736,36781.78750266482,37103.896091091825,322.10858842701003
6,82,block_06_fc1,block_06_gelu,1,host_fpga_pcie,FPGA_to_HOST,2420736,36802.90150938055,37456.156714472854,653.2552050923026
5,82,block_06_fc1,block_06_gelu,2,gpu_host,HOST_to_GPU,2420736,36808.162362034,37171.35193640292,363.18957436891344
1,84,block_06_fc2,block_06_residual2,2,gpu_host,HOST_to_GPU,605184,36825.153585777785,36925.47006577779,100.31648000000115
7,78,block_06_proj,block_06_residual1,1,host_fpga_pcie,FPGA_to_HOST,605184,36918.67401021464,37087.14887523853,168.47486502388765
2,84,block_06_fc2,block_06_residual2,2,gpu_host,HOST_to_GPU,605184,36946.74433533407,37054.34914518616,107.60480985209236
1,87,block_07_norm1,block_07_qkv,1,gpu_host,GPU_to_HOST,605184,37020.19582577779,37130.737439593206,110.54161381542083
7,78,block_06_proj,block_06_residual1,2,gpu_host,HOST_to_GPU,605184,37087.14887523853,37176.27292973789,89.12405449935935
4,83,block_06_gelu,block_06_fc2,2,host_fpga_pcie,HOST_to_FPGA,2420736,37103.896091091825,37842.33904718901,738.4429560971864
1,87,block_07_norm1,block_07_qkv,2,host_fpga_pcie,HOST_to_FPGA,605184,37130.737439593206,37331.192499139936,200.4550595467308
2,87,block_07_norm1,block_07_qkv,1,gpu_host,GPU_to_HOST,605184,37149.07490518616,37199.82558266482,50.75067747865869
2,87,block_07_norm1,block_07_qkv,2,host_fpga_pcie,HOST_to_FPGA,605184,37199.82558266482,37372.645384982905,172.81980231808464
0,88,block_07_qkv,block_07_attention,2,gpu_host,HOST_to_GPU,1815552,37212.42311999599,37347.297823589055,134.87470359306585
5,83,block_06_gelu,block_06_fc2,1,gpu_host,GPU_to_HOST,2420736,37273.18137640292,37482.04408551911,208.86270911619349
7,81,block_06_norm2,block_06_fc1,1,gpu_host,GPU_to_HOST,605184,37367.907136402915,37436.45145640291,68.5443199999955
3,84,block_06_fc2,block_06_residual2,1,host_fpga_pcie,FPGA_to_HOST,605184,37380.36637643943,37550.5874179365,170.2210414970748
1,88,block_07_qkv,block_07_attention,1,host_fpga_pcie,FPGA_to_HOST,1815552,37432.56462443942,38148.50594482312,715.9413203836965
7,81,block_06_norm2,block_06_fc1,2,host_fpga_pcie,HOST_to_FPGA,605184,37436.45145640291,37657.288575941806,220.83711953889417
6,82,block_06_fc1,block_06_gelu,2,gpu_host,HOST_to_GPU,2420736,37456.156714472854,37662.23335999598,206.0766455231275
5,83,block_06_gelu,block_06_fc2,2,host_fpga_pcie,HOST_to_FPGA,2420736,37482.04408551911,38362.088707676085,880.0446221569753
2,88,block_07_qkv,block_07_attention,1,host_fpga_pcie,FPGA_to_HOST,1815552,37484.76287243942,38211.56260548471,726.7997330452844
0,89,block_07_attention,block_07_proj,1,gpu_host,GPU_to_HOST,605184,37492.12838440292,37563.21534763613,71.08696323320646
3,84,block_06_fc2,block_06_residual2,2,gpu_host,HOST_to_GPU,605184,37550.5874179365,37621.67438116971,71.08696323320646
0,89,block_07_attention,block_07_proj,2,host_fpga_pcie,HOST_to_FPGA,605184,37563.21534763613,37792.162014836125,228.94666719999734
7,82,block_06_fc1,block_06_gelu,1,host_fpga_pcie,FPGA_to_HOST,2420736,37724.01123994181,38562.73645496477,838.7252150229632
6,83,block_06_gelu,block_06_fc2,1,gpu_host,GPU_to_HOST,2420736,37764.8148611697,37928.675661169706,163.8607999999986
0,90,block_07_proj,block_07_residual1,1,host_fpga_pcie,FPGA_to_HOST,605184,37815.31143083612,38090.79831680259,275.48688596646525
3,87,block_07_norm1,block_07_qkv,1,gpu_host,GPU_to_HOST,605184,37818.229581169704,37886.7739011697,68.5443199999955
3,87,block_07_norm1,block_07_qkv,2,host_fpga_pcie,HOST_to_FPGA,605184,37886.7739011697,38180.391704792375,293.6178036226783
4,84,block_06_fc2,block_06_residual2,1,host_fpga_pcie,FPGA_to_HOST,605184,37909.06171118901,38198.964879808475,289.90316861945973
6,83,block_06_gelu,block_06_fc2,2,host_fpga_pcie,HOST_to_FPGA,2420736,37928.675661169706,38740.96507211674,812.2894109470341
0,90,block_07_proj,block_07_residual1,2,gpu_host,HOST_to_GPU,605184,38090.79831680259,38127.57047680258,36.77215999999678
1,88,block_07_qkv,block_07_attention,2,gpu_host,HOST_to_GPU,1815552,38148.50594482312,38350.92542699965,202.41948217653015
4,84,block_06_fc2,block_06_residual2,2,gpu_host,HOST_to_GPU,605184,38198.964879808475,38314.87791702627,115.9130372178005
2,88,block_07_qkv,block_07_attention,2,gpu_host,HOST_to_GPU,1815552,38211.56260548471,38407.683224823115,196.12061933840798
0,93,block_07_norm2,block_07_fc1,1,gpu_host,GPU_to_HOST,605184,38222.296236802584,38344.5081368585,122.2119000559227
3,88,block_07_qkv,block_07_attention,1,host_fpga_pcie,FPGA_to_HOST,1815552,38232.589952792376,38777.15786796682,544.567915174439
0,93,block_07_norm2,block_07_fc1,2,host_fpga_pcie,HOST_to_FPGA,605184,38344.5081368585,38531.74769202495,187.2395551664463
5,84,block_06_fc2,block_06_residual2,1,host_fpga_pcie,FPGA_to_HOST,605184,38428.811371676085,38635.367462169146,206.55609049306105
1,89,block_07_attention,block_07_proj,1,gpu_host,GPU_to_HOST,605184,38480.41020502627,38517.18236502627,36.77215999999678
1,89,block_07_attention,block_07_proj,2,host_fpga_pcie,HOST_to_FPGA,605184,38517.18236502627,38723.738455519335,206.55609049306105
4,87,block_07_norm1,block_07_qkv,1,gpu_host,GPU_to_HOST,605184,38533.824925026274,38573.457715087774,39.63279006150011
7,82,block_06_fc1,block_06_gelu,2,gpu_host,HOST_to_GPU,2420736,38562.73645496477,38761.23004502627,198.49359006150064
4,87,block_07_norm1,block_07_qkv,2,host_fpga_pcie,HOST_to_FPGA,605184,38573.457715087774,38770.7275225078,197.26980742002658
0,94,block_07_fc1,block_07_gelu,1,host_fpga_pcie,FPGA_to_HOST,2420736,38598.47035602495,39209.37166096481,610.901304939862
5,84,block_06_fc2,block_06_residual2,2,gpu_host,HOST_to_GPU,605184,38635.367462169146,38724.34458674058,88.97712457143354
2,89,block_07_attention,block_07_proj,1,gpu_host,GPU_to_HOST,605184,38658.046173026276,38747.02329759771,88.97712457143354
1,90,block_07_proj,block_07_residual1,1,host_fpga_pcie,FPGA_to_HOST,605184,38746.88787151933,38908.137754933305,161.2498834139761
2,89,block_07_attention,block_07_proj,2,host_fpga_pcie,HOST_to_FPGA,605184,38747.02329759771,38908.27318101168,161.2498834139761
3,88,block_07_qkv,block_07_attention,2,gpu_host,HOST_to_GPU,1815552,38777.15786796682,38882.46362919305,105.30576122623481
6,84,block_06_fc2,block_06_residual2,1,host_fpga_pcie,FPGA_to_HOST,605184,38813.61053551933,38975.55399113546,161.94345561612587
4,88,block_07_qkv,block_07_attention,1,host_fpga_pcie,FPGA_to_HOST,1815552,38865.80878351933,39316.754828741105,450.9460452217784
7,83,block_06_gelu,block_06_fc2,1,gpu_host,GPU_to_HOST,2420736,38867.48506674058,39162.291994262145,294.8069275215681
1,90,block_07_proj,block_07_residual1,2,gpu_host,HOST_to_GPU,605184,38908.137754933305,39009.24629499441,101.10854006110253
5,87,block_07_norm1,block_07_qkv,1,gpu_host,GPU_to_HOST,605184,38920.89978674058,39028.38934270531,107.48955596473486
2,90,block_07_proj,block_07_residual1,1,host_fpga_pcie,FPGA_to_HOST,605184,38931.42259701168,39076.0049464884,144.58234947671568
6,84,block_06_fc2,block_06_residual2,2,gpu_host,HOST_to_GPU,605184,38975.55399113546,39072.17770108256,96.62370994710511
5,87,block_07_norm1,block_07_qkv,2,host_fpga_pcie,HOST_to_FPGA,605184,39028.38934270531,39169.31511917057,140.9257764652602
3,89,block_07_attention,block_07_proj,1,gpu_host,GPU_to_HOST,605184,39045.12103474058,39141.023892037665,95.90285729708242
2,90,block_07_proj,block_07_residual1,2,gpu_host,HOST_to_GPU,605184,39076.0049464884,39163.42378796682,87.41884147842049
3,89,block_07_attention,block_07_proj,2,host_fpga_pcie,HOST_to_FPGA,605184,39141.023892037665,39319.2910186685,178.26712663083362
7,83,block_06_gelu,block_06_fc2,2,host_fpga_pcie,HOST_to_FPGA,2420736,39162.291994262145,39980.726726270004,818.434732007857
1,93,block_07_norm2,block_07_fc1,1,gpu_host,GPU_to_HOST,605184,39181.157834740574,39221.48832851634,40.330493775761475
0,94,block_07_fc1,block_07_gelu,2,gpu_host,HOST_to_GPU,2420736,39209.37166096481,39463.59892074004,254.2272597752318
1,93,block_07_norm2,block_07_fc1,2,host_fpga_pcie,HOST_to_FPGA,605184,39221.48832851634,39419.46037385287,197.97204533653078
5,88,block_07_qkv,block_07_attention,1,host_fpga_pcie,FPGA_to_HOST,1815552,39221.51336717057,39817.136239431595,595.6228722610243
6,87,block_07_norm1,block_07_qkv,1,gpu_host,GPU_to_HOST,605184,39234.572554740575,39303.11687474057,68.5443199999955
6,87,block_07_norm1,block_07_qkv,2,host_fpga_pcie,HOST_to_FPGA,605184,39303.11687474057,39498.53128185191,195.4144071113356
4,88,block_07_qkv,block_07_attention,2,gpu_host,HOST_to_GPU,1815552,39316.754828741105,39503.87943474058,187.12460599946968
2,93,block_07_norm2,block_07_fc1,1,gpu_host,GPU_to_HOST,605184,39329.298314740576,39429.61479474058,100.31648000000115
3,90,block_07_proj,block_07_residual1,1,host_fpga_pcie,FPGA_to_HOST,605184,39342.4404346685,39543.45253677974,201.01210211124348
2,93,block_07_norm2,block_07_fc1,2,host_fpga_pcie,HOST_to_FPGA,605184,39429.61479474058,39631.34625380571,201.7314590651298
1,94,block_07_fc1,block_07_gelu,1,host_fpga_pcie,FPGA_to_HOST,2420736,39486.18303785287,40429.41306139167,943.2300235388061
3,90,block_07_proj,block_07_residual1,2,gpu_host,HOST_to_GPU,605184,39543.45253677974,39590.02103281943,46.56849603969226
6,88,block_07_qkv,block_07_attention,1,host_fpga_pcie,FPGA_to_HOST,1815552,39550.7295298519,40283.575202375614,732.8456725237062
0,95,block_07_gelu,block_07_fc2,1,gpu_host,GPU_to_HOST,2420736,39565.42836074004,39719.977064819424,154.54870407938247
4,89,block_07_attention,block_07_proj,1,gpu_host,GPU_to_HOST,605184,39689.649608740045,39739.085496779735,49.435888039690845
2,94,block_07_fc1,block_07_gelu,1,host_fpga_pcie,FPGA_to_HOST,2420736,39698.0689178057,40602.212628644855,904.1437108391546
0,95,block_07_gelu,block_07_fc2,2,host_fpga_pcie,HOST_to_FPGA,2420736,39719.977064819424,40610.97588745035,890.9988226309257
4,89,block_07_attention,block_07_proj,2,host_fpga_pcie,HOST_to_FPGA,605184,39739.085496779735,40014.89525966286,275.8097628831197
3,93,block_07_norm2,block_07_fc1,1,gpu_host,GPU_to_HOST,605184,39784.375368740046,39821.14752874004,36.77215999999678
5,88,block_07_qkv,block_07_attention,2,gpu_host,HOST_to_GPU,1815552,39817.136239431595,39917.452719431596,100.31648000000115
3,93,block_07_norm2,block_07_fc1,2,host_fpga_pcie,HOST_to_FPGA,605184,39821.14752874004,40079.57928493171,258.4317561916682
5,89,block_07_attention,block_07_proj,1,gpu_host,GPU_to_HOST,605184,40041.6739674316,40078.4461274316,36.77215999999678
7,84,block_06_fc2,block_06_residual2,1,host_fpga_pcie,FPGA_to_HOST,605184,40047.449390270005,40342.487237200505,295.0378469305029
4,90,block_07_proj,block_07_residual1,1,host_fpga_pcie,FPGA_to_HOST,605184,40070.59880627,40365.636653200505,295.0378469305029
5,89,block_07_attention,block_07_proj,2,host_fpga_pcie,HOST_to_FPGA,605184,40078.4461274316,40371.70222099449,293.2560935628922
3,94,block_07_fc1,block_07_gelu,1,host_fpga_pcie,FPGA_to_HOST,2420736,40146.30194893171,40680.18792449928,533.885975567576
6,88,block_07_qkv,block_07_attention,2,gpu_host,HOST_to_GPU,1815552,40283.575202375614,40443.53383863024,159.9586362546271
7,84,block_06_fc2,block_06_residual2,2,gpu_host,HOST_to_GPU,605184,40342.487237200505,40431.229009200506,88.74177200000194
4,90,block_07_proj,block_07_residual1,2,gpu_host,HOST_to_GPU,605184,40365.636653200505,40457.418684280026,91.78203107951948
5,90,block_07_proj,block_07_residual1,1,host_fpga_pcie,FPGA_to_HOST,605184,40394.851636994485,40564.62472187392,169.7730848794349
1,94,block_07_fc1,block_07_gelu,2,gpu_host,HOST_to_GPU,2420736,40429.41306139167,40579.4245628773,150.01150148562238
5,90,block_07_proj,block_07_residual1,2,gpu_host,HOST_to_GPU,605184,40564.62472187392,40612.64214700364,48.01742512971357
6,89,block_07_attention,block_07_proj,1,gpu_host,GPU_to_HOST,605184,40596.76129720051,40667.11545665343,70.35415945292472
2,94,block_07_fc1,block_07_gelu,2,gpu_host,HOST_to_GPU,2420736,40602.212628644855,41020.09625502405,417.88362637919244
6,89,block_07_attention,block_07_proj,2,host_fpga_pcie,HOST_to_FPGA,605184,40667.11545665343,40749.035229702364,81.91977304893017
0,96,block_07_fc2,block_07_residual2,1,host_fpga_pcie,FPGA_to_HOST,605184,40677.69855145035,40755.582090576354,77.88353912600854
3,94,block_07_fc1,block_07_gelu,2,gpu_host,HOST_to_GPU,2420736,40680.18792449928,41226.69449626071,546.5065717614251
7,87,block_07_norm1,block_07_qkv,1,gpu_host,GPU_to_HOST,605184,40691.48705720051,40803.1842332939,111.69717609339075
0,96,block_07_fc2,block_07_residual2,2,gpu_host,HOST_to_GPU,605184,40755.582090576354,40905.173327819204,149.5912372428479
6,90,block_07_proj,block_07_residual1,1,host_fpga_pcie,FPGA_to_HOST,605184,40772.184645702364,40825.61545811082,53.43081240846009
1,95,block_07_gelu,block_07_fc2,1,gpu_host,GPU_to_HOST,2420736,40793.3164972005,41375.12086580851,581.8043686080035
7,87,block_07_norm1,block_07_qkv,2,host_fpga_pcie,HOST_to_FPGA,605184,40803.1842332939,40856.615045702354,53.43081240846009
6,90,block_07_proj,block_07_residual1,2,gpu_host,HOST_to_GPU,605184,40825.61545811082,41000.506328416624,174.8908703058036
4,93,block_07_norm2,block_07_fc1,1,gpu_host,GPU_to_HOST,605184,40888.042257200505,41061.92441396397,173.88215676347048
7,88,block_07_qkv,block_07_attention,1,host_fpga_pcie,FPGA_to_HOST,1815552,40908.813293702355,41032.95889370236,124.14560000000019
5,93,block_07_norm2,block_07_fc1,1,gpu_host,GPU_to_HOST,605184,40941.456977200505,41113.31728886085,171.86031166035315
7,88,block_07_qkv,block_07_attention,2,gpu_host,HOST_to_GPU,1815552,41032.95889370236,41423.76586105042,390.80696734806327
0,99,block_08_norm1,block_08_qkv,1,gpu_host,GPU_to_HOST,605184,41036.1827372005,41185.74900124283,149.56626404233342
4,93,block_07_norm2,block_07_fc1,2,host_fpga_pcie,HOST_to_FPGA,605184,41061.92441396397,41106.63961396397,44.71519999999646
5,93,block_07_norm2,block_07_fc1,2,host_fpga_pcie,HOST_to_FPGA,605184,41113.31728886085,41158.03248886085,44.71519999999646
4,94,block_07_fc1,block_07_gelu,1,host_fpga_pcie,FPGA_to_HOST,2420736,41173.36227796397,41756.36440269284,583.0021247288653
2,95,block_07_gelu,block_07_fc2,1,gpu_host,GPU_to_HOST,2420736,41179.3232172005,41551.57372483274,372.2505076322463
0,99,block_08_norm1,block_08_qkv,2,host_fpga_pcie,HOST_to_FPGA,605184,41185.74900124283,41282.726630882265,96.97762963942897
6,93,block_07_norm2,block_07_fc1,1,gpu_host,GPU_to_HOST,605184,41232.737937200494,41371.141377200496,138.403439999997
5,94,block_07_fc1,block_07_gelu,1,host_fpga_pcie,FPGA_to_HOST,2420736,41240.08494196397,42028.55568883553,788.4707468715571
3,95,block_07_gelu,block_07_fc2,1,gpu_host,GPU_to_HOST,2420736,41334.567377200496,41623.0059223756,288.4385451751084
0,100,block_08_qkv,block_08_attention,1,host_fpga_pcie,FPGA_to_HOST,1815552,41334.92487888226,42037.142610672105,702.217731789842
6,93,block_07_norm2,block_07_fc1,2,host_fpga_pcie,HOST_to_FPGA,605184,41371.141377200496,41577.152261091636,206.01088389114037
1,95,block_07_gelu,block_07_fc2,2,host_fpga_pcie,HOST_to_FPGA,2420736,41375.12086580851,42273.9111327356,898.790266927088
7,89,block_07_attention,block_07_proj,1,gpu_host,GPU_to_HOST,605184,41547.987109050424,41616.53142905042,68.5443199999955
2,95,block_07_gelu,block_07_fc2,2,host_fpga_pcie,HOST_to_FPGA,2420736,41551.57372483274,42408.029343779184,856.4556189464417
7,89,block_07_attention,block_07_proj,2,host_fpga_pcie,HOST_to_FPGA,605184,41616.53142905042,41911.89493152971,295.3635024792872
3,95,block_07_gelu,block_07_fc2,2,host_fpga_pcie,HOST_to_FPGA,2420736,41623.0059223756,42468.47828504584,845.472362670241
6,94,block_07_fc1,block_07_gelu,1,host_fpga_pcie,FPGA_to_HOST,2420736,41643.87492509163,42480.56628487395,836.6913597823225
4,94,block_07_fc1,block_07_gelu,2,gpu_host,HOST_to_GPU,2420736,41756.36440269284,41888.45304269283,132.08863999999986
7,90,block_07_proj,block_07_residual1,1,host_fpga_pcie,FPGA_to_HOST,605184,41935.04434752971,42165.34045582794,230.29610829823633
4,95,block_07_gelu,block_07_fc2,1,gpu_host,GPU_to_HOST,2420736,41990.28248269283,42327.48068948916,337.19820679632693
5,94,block_07_fc1,block_07_gelu,2,gpu_host,HOST_to_GPU,2420736,42028.55568883553,42376.54840269283,347.992713857305
0,100,block_08_qkv,block_08_attention,2,gpu_host,HOST_to_GPU,1815552,42037.142610672105,42349.06970361112,311.9270929390211
7,90,block_07_proj,block_07_residual1,2,gpu_host,HOST_to_GPU,605184,42165.34045582794,42297.42909582794,132.08863999999986
4,95,block_07_gelu,block_07_fc2,2,host_fpga_pcie,HOST_to_FPGA,2420736,42327.48068948916,42887.09531957801,559.6146300888491
1,96,block_07_fc2,block_07_residual2,1,host_fpga_pcie,FPGA_to_HOST,605184,42340.633796735594,42524.04681540685,183.41301867125236
7,93,block_07_norm2,block_07_fc1,1,gpu_host,GPU_to_HOST,605184,42392.15485582794,42428.92701582793,36.77215999999678
7,93,block_07_norm2,block_07_fc1,2,host_fpga_pcie,HOST_to_FPGA,605184,42428.92701582793,42592.384972966356,163.45795713842287
2,96,block_07_fc2,block_07_residual2,1,host_fpga_pcie,FPGA_to_HOST,605184,42474.752007779185,42622.808959383314,148.0569516041294
6,94,block_07_fc1,block_07_gelu,2,gpu_host,HOST_to_GPU,2420736,42480.56628487395,42814.125601213054,333.5593163390979
0,101,block_08_attention,block_08_proj,1,gpu_host,GPU_to_HOST,605184,42516.37610382794,42612.85722803849,96.48112421054705
1,96,block_07_fc2,block_07_residual2,2,gpu_host,HOST_to_GPU,605184,42524.04681540685,42620.527939617394,96.48112421054705
3,96,block_07_fc2,block_07_residual2,1,host_fpga_pcie,FPGA_to_HOST,605184,42541.474671779186,42683.078494227455,141.60382244827323
0,101,block_08_attention,block_08_proj,2,host_fpga_pcie,HOST_to_FPGA,605184,42612.85722803849,42742.98347518997,130.12624715148107
5,95,block_07_gelu,block_07_fc2,1,gpu_host,GPU_to_HOST,2420736,42618.20554382794,42960.071573530484,341.8660297025422
2,96,block_07_fc2,block_07_residual2,2,gpu_host,HOST_to_GPU,605184,42622.808959383314,42738.446268139734,115.63730875641804
7,94,block_07_fc1,block_07_gelu,1,host_fpga_pcie,FPGA_to_HOST,2420736,42659.10763696636,43272.702270640475,613.5946336741222
3,96,block_07_fc2,block_07_residual2,2,gpu_host,HOST_to_GPU,605184,42683.078494227455,42817.635636252206,134.55714202474655
1,99,block_08_norm1,block_08_qkv,1,gpu_host,GPU_to_HOST,605184,42715.253699617395,42833.72323894717,118.46953932977827
0,102,block_08_proj,block_08_residual1,1,host_fpga_pcie,FPGA_to_HOST,605184,42766.13289118997,42902.37151134767,136.23862015770678
2,99,block_08_norm1,block_08_qkv,1,gpu_host,GPU_to_HOST,605184,42833.17202813973,42901.71634813972,68.5443199999955
1,99,block_08_norm1,block_08_qkv,2,host_fpga_pcie,HOST_to_FPGA,605184,42833.72323894717,42972.2070146413,138.48377569412872
2,99,block_08_norm1,block_08_qkv,2,host_fpga_pcie,HOST_to_FPGA,605184,42901.71634813972,43054.69496502609,152.9786168863595
0,102,block_08_proj,block_08_residual1,2,gpu_host,HOST_to_GPU,605184,42902.37151134767,42977.60586647793,75.23435513025201
6,95,block_07_gelu,block_07_fc2,1,gpu_host,GPU_to_HOST,2420736,42935.00146813973,43121.009484873946,186.00801673421958
4,96,block_07_fc2,block_07_residual2,1,host_fpga_pcie,FPGA_to_HOST,605184,42953.81798357801,43134.031632451,180.21364887298859
5,95,block_07_gelu,block_07_fc2,2,host_fpga_pcie,HOST_to_FPGA,2420736,42960.071573530484,43930.036556679544,969.964983149059
1,100,block_08_qkv,block_08_attention,1,host_fpga_pcie,FPGA_to_HOST,1815552,43024.405262641296,43767.17883877988,742.7735761385834
3,99,block_08_norm1,block_08_qkv,1,gpu_host,GPU_to_HOST,605184,43029.72722813972,43098.271548139724,68.5443199999955
3,99,block_08_norm1,block_08_qkv,2,host_fpga_pcie,HOST_to_FPGA,605184,43098.271548139724,43353.02495150375,254.75340336402613
2,100,block_08_qkv,block_08_attention,1,host_fpga_pcie,FPGA_to_HOST,1815552,43106.89321302608,43899.66377340835,792.7705603822666
6,95,block_07_gelu,block_07_fc2,2,host_fpga_pcie,HOST_to_FPGA,2420736,43121.009484873946,44154.55576229753,1033.5462774235805
0,105,block_08_norm2,block_08_fc1,1,gpu_host,GPU_to_HOST,605184,43124.452988139725,43183.418663828445,58.965675688721355
4,96,block_07_fc2,block_07_residual2,2,gpu_host,HOST_to_GPU,605184,43134.031632451,43192.99730813972,58.965675688721355
0,105,block_08_norm2,block_08_fc1,2,host_fpga_pcie,HOST_to_FPGA,605184,43183.418663828445,43441.58167380284,258.16300997439504
7,94,block_07_fc1,block_07_gelu,2,gpu_host,HOST_to_GPU,2420736,43272.702270640475,43436.56307064048,163.8607999999986
4,99,block_08_norm1,block_08_qkv,1,gpu_host,GPU_to_HOST,605184,43287.72306813972,43356.26738813971,68.5443199999955
4,99,block_08_norm1,block_08_qkv,2,host_fpga_pcie,HOST_to_FPGA,605184,43356.26738813971,43619.16070891237,262.89332077265857
3,100,block_08_qkv,block_08_attention,1,host_fpga_pcie,FPGA_to_HOST,1815552,43405.223199503744,44192.224041225956,787.0008417222087
0,106,block_08_fc1,block_08_gelu,1,host_fpga_pcie,FPGA_to_HOST,2420736,43508.30433780284,44497.41745107215,989.1131132693104
7,95,block_07_gelu,block_07_fc2,1,gpu_host,GPU_to_HOST,2420736,43538.39251064048,43670.48115064047,132.08863999999986
7,95,block_07_gelu,block_07_fc2,2,host_fpga_pcie,HOST_to_FPGA,2420736,43670.48115064047,44553.46728899921,882.9861383587295
4,100,block_08_qkv,block_08_attention,1,host_fpga_pcie,FPGA_to_HOST,1815552,43671.35895691237,44434.01321741921,762.6542605068398
1,100,block_08_qkv,block_08_attention,2,gpu_host,HOST_to_GPU,1815552,43767.17883877988,43867.49531877988,100.31648000000115
2,100,block_08_qkv,block_08_attention,2,gpu_host,HOST_to_GPU,1815552,43899.66377340835,44003.24394003681,103.58016662845998
1,101,block_08_attention,block_08_proj,1,gpu_host,GPU_to_HOST,605184,43991.71656677988,44031.75241340835,40.035846628462544
5,96,block_07_fc2,block_07_residual2,1,host_fpga_pcie,FPGA_to_HOST,605184,43996.75922067954,44265.8107600896,269.0515394100576
1,101,block_08_attention,block_08_proj,2,host_fpga_pcie,HOST_to_FPGA,605184,44031.75241340835,44300.80395281841,269.0515394100576
2,101,block_08_attention,block_08_proj,1,gpu_host,GPU_to_HOST,605184,44127.46518803681,44164.23734803681,36.77215999999678
2,101,block_08_attention,block_08_proj,2,host_fpga_pcie,HOST_to_FPGA,605184,44164.23734803681,44410.829954405555,246.59260636874376
3,100,block_08_qkv,block_08_attention,2,gpu_host,HOST_to_GPU,1815552,44192.224041225956,44314.27028236231,122.0462411363546
6,96,block_07_fc2,block_07_residual2,1,host_fpga_pcie,FPGA_to_HOST,605184,44221.278426297526,44454.38613694896,233.1077106514298
5,96,block_07_fc2,block_07_residual2,2,gpu_host,HOST_to_GPU,605184,44265.8107600896,44324.31268122596,58.50192113635716
1,102,block_08_proj,block_08_residual1,1,host_fpga_pcie,FPGA_to_HOST,605184,44323.95336881841,44516.47264021219,192.51927139378455
2,102,block_08_proj,block_08_residual1,1,host_fpga_pcie,FPGA_to_HOST,605184,44433.979370405556,44556.201167284344,122.22179687879087
4,100,block_08_qkv,block_08_attention,2,gpu_host,HOST_to_GPU,1815552,44434.01321741921,44865.92117276924,431.9079553500305
3,101,block_08_attention,block_08_proj,1,gpu_host,GPU_to_HOST,605184,44438.49153036231,44546.427438465784,107.93590810347087
6,96,block_07_fc2,block_07_residual2,2,gpu_host,HOST_to_GPU,605184,44454.38613694896,44591.15651246201,136.77037551305256
0,106,block_08_fc1,block_08_gelu,2,gpu_host,HOST_to_GPU,2420736,44497.41745107215,44979.139937419204,481.72248634705676
1,102,block_08_proj,block_08_residual1,2,gpu_host,HOST_to_GPU,605184,44516.47264021219,44686.73903951101,170.26639929882543
5,99,block_08_norm1,block_08_qkv,1,gpu_host,GPU_to_HOST,605184,44533.217290362314,44706.00397310096,172.7866827386515
3,101,block_08_attention,block_08_proj,2,host_fpga_pcie,HOST_to_FPGA,605184,44546.427438465784,44593.86947796397,47.44203949818421
2,102,block_08_proj,block_08_residual1,2,gpu_host,HOST_to_GPU,605184,44556.201167284344,44731.21931980706,175.0181525227157
7,96,block_07_fc2,block_07_residual2,1,host_fpga_pcie,FPGA_to_HOST,605184,44620.18995299921,44681.4709369992,61.28098399999643
3,102,block_08_proj,block_08_residual1,1,host_fpga_pcie,FPGA_to_HOST,605184,44643.3393689992,44704.6203529992,61.28098399999643
7,96,block_07_fc2,block_07_residual2,2,gpu_host,HOST_to_GPU,605184,44681.4709369992,44864.502878488565,183.0319414893658
6,99,block_08_norm1,block_08_qkv,1,gpu_host,GPU_to_HOST,605184,44685.882272462004,44868.279858713366,182.39758625136076
3,102,block_08_proj,block_08_residual1,2,gpu_host,HOST_to_GPU,605184,44704.6203529992,44878.010536971786,173.3901839725896
5,99,block_08_norm1,block_08_qkv,2,host_fpga_pcie,HOST_to_FPGA,605184,44706.00397310096,44750.71917310096,44.71519999999646
1,105,block_08_norm2,block_08_fc1,1,gpu_host,GPU_to_HOST,605184,44781.46479951101,44920.367296928474,138.90249741746464
5,100,block_08_qkv,block_08_attention,1,host_fpga_pcie,FPGA_to_HOST,1815552,44802.91742110096,45009.78160930935,206.86418820839435
6,99,block_08_norm1,block_08_qkv,2,host_fpga_pcie,HOST_to_FPGA,605184,44868.279858713366,44967.57772214659,99.29786343321895
2,105,block_08_norm2,block_08_fc1,1,gpu_host,GPU_to_HOST,605184,44876.19055951101,44957.793791983495,81.60323247248525
1,105,block_08_norm2,block_08_fc1,2,host_fpga_pcie,HOST_to_FPGA,605184,44920.367296928474,45038.21169905063,117.84440212215391
2,105,block_08_norm2,block_08_fc1,2,host_fpga_pcie,HOST_to_FPGA,605184,44957.793791983495,45063.16269575398,105.36890377048358
5,100,block_08_qkv,block_08_attention,2,gpu_host,HOST_to_GPU,1815552,45009.78160930935,45142.29189110769,132.51028179833702
6,100,block_08_qkv,block_08_attention,1,host_fpga_pcie,FPGA_to_HOST,1815552,45019.775970146584,45330.57417402061,310.7982038740229
4,101,block_08_attention,block_08_proj,1,gpu_host,GPU_to_HOST,605184,45041.72284751101,45110.26716751101,68.5443199999955
1,106,block_08_fc1,block_08_gelu,1,host_fpga_pcie,FPGA_to_HOST,2420736,45104.934363050634,45881.942915504456,777.0085524538284
4,101,block_08_attention,block_08_proj,2,host_fpga_pcie,HOST_to_FPGA,605184,45110.26716751101,45272.420248919916,162.15308140890562
7,99,block_08_norm1,block_08_qkv,1,gpu_host,GPU_to_HOST,605184,45136.44860751101,45173.64240930935,37.193801798340864
2,106,block_08_fc1,block_08_gelu,1,host_fpga_pcie,FPGA_to_HOST,2420736,45171.65702705063,46043.850736708235,872.1937096576038
7,99,block_08_norm1,block_08_qkv,2,host_fpga_pcie,HOST_to_FPGA,605184,45173.64240930935,45362.2596790516,188.6172697422514
0,107,block_08_gelu,block_08_fc2,1,gpu_host,GPU_to_HOST,2420736,45238.27804751101,45474.101088628806,235.82304111779973
3,105,block_08_norm2,block_08_fc1,1,gpu_host,GPU_to_HOST,605184,45291.692767511006,45372.5685442562,80.87577674519703
4,102,block_08_proj,block_08_residual1,1,host_fpga_pcie,FPGA_to_HOST,605184,45295.56966491991,45470.54603282691,174.97636790699684
6,100,block_08_qkv,block_08_attention,2,gpu_host,HOST_to_GPU,1815552,45330.57417402061,45560.99964751101,230.42547349039904
3,105,block_08_norm2,block_08_fc1,2,host_fpga_pcie,HOST_to_FPGA,605184,45372.5685442562,45572.138516845866,199.56997258965825
7,100,block_08_qkv,block_08_attention,1,host_fpga_pcie,FPGA_to_HOST,1815552,45414.4579270516,46111.81539484414,697.3574677925365
5,101,block_08_attention,block_08_proj,1,gpu_host,GPU_to_HOST,605184,45415.914015511014,45515.50802341196,99.59400790095219
4,102,block_08_proj,block_08_residual1,2,gpu_host,HOST_to_GPU,605184,45470.54603282691,45552.41101635526,81.86498352834998
0,107,block_08_gelu,block_08_fc2,2,host_fpga_pcie,HOST_to_FPGA,2420736,45474.101088628806,46285.096484835914,810.9953962071037
5,101,block_08_attention,block_08_proj,2,host_fpga_pcie,HOST_to_FPGA,605184,45515.50802341196,45744.45469061196,228.94666719999734
3,106,block_08_fc1,block_08_gelu,1,host_fpga_pcie,FPGA_to_HOST,2420736,45638.86118084586,46347.55848882714,708.6973079812806
6,101,block_08_attention,block_08_proj,1,gpu_host,GPU_to_HOST,605184,45717.94330435526,45754.71546435526,36.77215999999678
6,101,block_08_attention,block_08_proj,2,host_fpga_pcie,HOST_to_FPGA,605184,45754.71546435526,46044.128975563566,289.4135112083071
5,102,block_08_proj,block_08_residual1,1,host_fpga_pcie,FPGA_to_HOST,605184,45767.60410661196,46054.869510777484,287.26540416552234
4,105,block_08_norm2,block_08_fc1,1,gpu_host,GPU_to_HOST,605184,45771.35802435526,45808.13018435526,36.77215999999678
4,105,block_08_norm2,block_08_fc1,2,host_fpga_pcie,HOST_to_FPGA,605184,45808.13018435526,46079.46448896903,271.33430461377674
1,106,block_08_fc1,block_08_gelu,2,gpu_host,HOST_to_GPU,2420736,45881.942915504456,46014.03155550446,132.08863999999986
2,106,block_08_fc1,block_08_gelu,2,gpu_host,HOST_to_GPU,2420736,46043.850736708235,46474.49602114766,430.64528443942373
5,102,block_08_proj,block_08_residual1,2,gpu_host,HOST_to_GPU,605184,46054.869510777484,46128.66373315738,73.79422237990124
6,102,block_08_proj,block_08_residual1,1,host_fpga_pcie,FPGA_to_HOST,605184,46067.27839156356,46219.45249166969,152.17410010612969
7,100,block_08_qkv,block_08_attention,2,gpu_host,HOST_to_GPU,1815552,46111.81539484414,46509.71557899947,397.90018415533643
1,107,block_08_gelu,block_08_fc2,1,gpu_host,GPU_to_HOST,2420736,46115.86099550446,46671.52581653631,555.664821031851
4,106,block_08_fc1,block_08_gelu,1,host_fpga_pcie,FPGA_to_HOST,2420736,46146.18715296903,46515.671021100956,369.4838681319243
6,102,block_08_proj,block_08_residual1,2,gpu_host,HOST_to_GPU,605184,46219.45249166969,46388.2831517919,168.83066012220172
5,105,block_08_norm2,block_08_fc1,1,gpu_host,GPU_to_HOST,605184,46223.38949315738,46393.2044036515,169.81491049412185
3,106,block_08_fc1,block_08_gelu,2,gpu_host,HOST_to_GPU,2420736,46347.55848882714,46921.017753852146,573.4592650250004
0,108,block_08_fc2,block_08_residual2,1,host_fpga_pcie,FPGA_to_HOST,605184,46351.81914883591,46455.27212142812,103.4529725922051
5,105,block_08_norm2,block_08_fc1,2,host_fpga_pcie,HOST_to_FPGA,605184,46393.2044036515,46496.657376243704,103.4529725922051
0,108,block_08_fc2,block_08_residual2,2,gpu_host,HOST_to_GPU,605184,46455.27212142812,46617.65133553165,162.37921410353073
6,105,block_08_norm2,block_08_fc1,1,gpu_host,GPU_to_HOST,605184,46483.00891179189,46648.76634855648,165.75743676458532
4,106,block_08_fc1,block_08_gelu,2,gpu_host,HOST_to_GPU,2420736,46515.671021100956,47046.68616492967,531.0151438287155
5,106,block_08_fc1,block_08_gelu,1,host_fpga_pcie,FPGA_to_HOST,2420736,46563.380040243705,46829.05079794102,265.67075769731025
2,107,block_08_gelu,block_08_fc2,1,gpu_host,GPU_to_HOST,2420736,46584.83835179189,47088.18656334423,503.34821155233885
6,105,block_08_norm2,block_08_fc1,2,host_fpga_pcie,HOST_to_FPGA,605184,46648.76634855648,46761.53221456656,112.76586601008387
1,107,block_08_gelu,block_08_fc2,2,host_fpga_pcie,HOST_to_FPGA,2420736,46671.52581653631,47139.45029618926,467.9244796529508
7,101,block_08_attention,block_08_proj,1,gpu_host,GPU_to_HOST,605184,46709.05959979189,46852.27659216207,143.2169923701737
0,111,block_09_norm1,block_09_qkv,1,gpu_host,GPU_to_HOST,605184,46803.785359791895,46960.750584500085,156.96522470819153
6,106,block_08_fc1,block_08_gelu,1,host_fpga_pcie,FPGA_to_HOST,2420736,46828.25487856656,47360.443010788775,532.1881322222152
5,106,block_08_fc1,block_08_gelu,2,gpu_host,HOST_to_GPU,2420736,46829.05079794102,47255.46014663793,426.4093486969142
7,101,block_08_attention,block_08_proj,2,host_fpga_pcie,HOST_to_FPGA,605184,46852.27659216207,46979.979394716065,127.70280255399585
0,111,block_09_norm1,block_09_qkv,2,host_fpga_pcie,HOST_to_FPGA,605184,46960.750584500085,47120.73866645571,159.98808195562958
7,102,block_08_proj,block_08_residual1,1,host_fpga_pcie,FPGA_to_HOST,605184,47003.128810716065,47164.23759755108,161.10878683502082
3,107,block_08_gelu,block_08_fc2,1,gpu_host,GPU_to_HOST,2420736,47022.84719385214,47364.624037192945,341.7768433408019
2,107,block_08_gelu,block_08_fc2,2,host_fpga_pcie,HOST_to_FPGA,2420736,47088.18656334423,47613.25009357054,525.0635302263065
4,107,block_08_gelu,block_08_fc2,1,gpu_host,GPU_to_HOST,2420736,47148.51560492967,47574.1803063083,425.664701378628
7,102,block_08_proj,block_08_residual1,2,gpu_host,HOST_to_GPU,605184,47164.23759755108,47286.10971482279,121.87211727170826
0,112,block_09_qkv,block_09_attention,1,host_fpga_pcie,FPGA_to_HOST,1815552,47172.93691445571,47572.02857232098,399.0916578652734
1,108,block_08_fc2,block_08_residual2,1,host_fpga_pcie,FPGA_to_HOST,605184,47239.65957845571,47400.46003632098,160.8004578652761
5,107,block_08_gelu,block_08_fc2,1,gpu_host,GPU_to_HOST,2420736,47357.28958663793,47837.513077835785,480.2234911978551
6,106,block_08_fc1,block_08_gelu,2,gpu_host,HOST_to_GPU,2420736,47360.443010788775,47840.2456271764,479.8026163876298
3,107,block_08_gelu,block_08_fc2,2,host_fpga_pcie,HOST_to_FPGA,2420736,47364.624037192945,47911.712751089115,547.0887138961725
1,108,block_08_fc2,block_08_residual2,2,gpu_host,HOST_to_GPU,605184,47400.46003632098,47551.43200874175,150.97197242076172
7,105,block_08_norm2,block_08_fc1,1,gpu_host,GPU_to_HOST,605184,47452.01534663793,47602.037897054455,150.02255041653146
0,112,block_09_qkv,block_09_attention,2,gpu_host,HOST_to_GPU,1815552,47572.02857232098,47880.1966369896,308.16806466862215
4,107,block_08_gelu,block_08_fc2,2,host_fpga_pcie,HOST_to_FPGA,2420736,47574.1803063083,48260.42219999571,686.2418936874129
7,105,block_08_norm2,block_08_fc1,2,host_fpga_pcie,HOST_to_FPGA,605184,47602.037897054455,47741.99114238779,139.9532453333352
1,111,block_09_norm1,block_09_qkv,1,gpu_host,GPU_to_HOST,605184,47646.157768741745,47778.24640874175,132.08863999999986
2,108,block_08_fc2,block_08_residual2,1,host_fpga_pcie,FPGA_to_HOST,605184,47679.97275757053,47834.17380105207,154.20104348153745
1,111,block_09_norm1,block_09_qkv,2,host_fpga_pcie,HOST_to_FPGA,605184,47778.24640874175,47960.039142325266,181.79273358352037
7,106,block_08_fc1,block_08_gelu,1,host_fpga_pcie,FPGA_to_HOST,2420736,47808.713806387794,48743.976416301506,935.262609913716
2,108,block_08_fc2,block_08_residual2,2,gpu_host,HOST_to_GPU,605184,47834.17380105207,47891.636016708224,57.46221565615384
5,107,block_08_gelu,block_08_fc2,2,host_fpga_pcie,HOST_to_FPGA,2420736,47837.513077835785,48774.86050694543,937.3474291096418
6,107,block_08_gelu,block_08_fc2,1,gpu_host,GPU_to_HOST,2420736,47942.0750671764,48077.0310991764,134.95603199999152
3,108,block_08_fc2,block_08_residual2,1,host_fpga_pcie,FPGA_to_HOST,605184,47978.435415089116,48198.91669332087,220.48127823175167
1,112,block_09_qkv,block_09_attention,1,host_fpga_pcie,FPGA_to_HOST,1815552,48030.63366308912,48803.07911513604,772.4454520469243
0,113,block_09_attention,block_09_proj,1,gpu_host,GPU_to_HOST,605184,48066.296315176405,48105.935867176406,39.63955199999536
6,107,block_08_gelu,block_08_fc2,2,host_fpga_pcie,HOST_to_FPGA,2420736,48077.0310991764,49029.44971130035,952.4186121239592
0,113,block_09_attention,block_09_proj,2,host_fpga_pcie,HOST_to_FPGA,605184,48105.935867176406,48376.93586994519,271.00000276878563
2,111,block_09_norm1,block_09_qkv,1,gpu_host,GPU_to_HOST,605184,48161.022075176406,48197.7942351764,36.77215999999678
2,111,block_09_norm1,block_09_qkv,2,host_fpga_pcie,HOST_to_FPGA,605184,48197.7942351764,48478.63409620339,280.83986102698384
3,108,block_08_fc2,block_08_residual2,2,gpu_host,HOST_to_GPU,605184,48198.91669332087,48235.68885332086,36.77215999999678
4,108,block_08_fc2,block_08_residual2,1,host_fpga_pcie,FPGA_to_HOST,605184,48327.14486399571,48631.9536678064,304.8088038106952
3,111,block_09_norm1,block_09_qkv,1,gpu_host,GPU_to_HOST,605184,48330.41461332086,48367.18677332086,36.77215999999678
3,111,block_09_norm1,block_09_qkv,2,host_fpga_pcie,HOST_to_FPGA,605184,48367.18677332086,48671.99557713155,304.8088038106952
0,114,block_09_proj,block_09_residual1,1,host_fpga_pcie,FPGA_to_HOST,605184,48400.085285945184,48699.685470456934,299.6001845117502
2,112,block_09_qkv,block_09_attention,1,host_fpga_pcie,FPGA_to_HOST,1815552,48530.83234420339,49125.07185112647,594.2395069230902
4,108,block_08_fc2,block_08_residual2,2,gpu_host,HOST_to_GPU,605184,48631.9536678064,48668.725827806404,36.77215999999678
0,114,block_09_proj,block_09_residual1,2,gpu_host,HOST_to_GPU,605184,48699.685470456934,48736.457630456935,36.77215999999678
3,112,block_09_qkv,block_09_attention,1,host_fpga_pcie,FPGA_to_HOST,1815552,48724.19382513155,49199.45718920058,475.2633640690215
7,106,block_08_fc1,block_08_gelu,2,gpu_host,HOST_to_GPU,2420736,48743.976416301506,49027.409081131795,283.43266483028816
4,111,block_09_norm1,block_09_qkv,1,gpu_host,GPU_to_HOST,605184,48763.4515878064,48843.95430414158,80.5027163351818
1,112,block_09_qkv,block_09_attention,2,gpu_host,HOST_to_GPU,1815552,48803.07911513604,49034.92585630151,231.8467411654701
5,108,block_08_fc2,block_08_residual2,1,host_fpga_pcie,FPGA_to_HOST,605184,48841.58317094543,49055.55903489538,213.97586394995145
4,111,block_09_norm1,block_09_qkv,2,host_fpga_pcie,HOST_to_FPGA,605184,48843.95430414158,49057.93016809153,213.97586394995145
0,117,block_09_norm2,block_09_fc1,1,gpu_host,GPU_to_HOST,605184,48858.1773478064,48958.4938278064,100.31648000000115
0,117,block_09_norm2,block_09_fc1,2,host_fpga_pcie,HOST_to_FPGA,605184,48958.4938278064,49132.62875124695,174.1349234405526
5,108,block_08_fc2,block_08_residual2,2,gpu_host,HOST_to_GPU,605184,49055.55903489538,49092.33119489537,36.77215999999678
6,108,block_08_fc2,block_08_residual2,1,host_fpga_pcie,FPGA_to_HOST,605184,49096.17237530035,49210.43366855365,114.2612932532941
2,112,block_09_qkv,block_09_attention,2,gpu_host,HOST_to_GPU,1815552,49125.07185112647,49473.40660943221,348.3347583057364
7,107,block_08_gelu,block_08_fc2,1,gpu_host,GPU_to_HOST,2420736,49129.238521131796,49668.45163252347,539.2131113916773
4,112,block_09_qkv,block_09_attention,1,host_fpga_pcie,FPGA_to_HOST,1815552,49148.370623300354,49397.36439318706,248.9937698867059
3,112,block_09_qkv,block_09_attention,2,gpu_host,HOST_to_GPU,1815552,49199.45718920058,49685.13750269542,485.6803134948434
6,108,block_08_fc2,block_08_residual2,2,gpu_host,HOST_to_GPU,605184,49210.43366855365,49365.60842626457,155.17475771092276
0,118,block_09_fc1,block_09_gelu,1,host_fpga_pcie,FPGA_to_HOST,2420736,49215.093287300355,49507.304840243705,292.21155294335136
1,113,block_09_attention,block_09_proj,1,gpu_host,GPU_to_HOST,605184,49253.4597691318,49422.7963837473,169.33661461550344
5,111,block_09_norm1,block_09_qkv,1,gpu_host,GPU_to_HOST,605184,49348.1855291318,49520.18008908154,171.99455994974798
4,112,block_09_qkv,block_09_attention,2,gpu_host,HOST_to_GPU,1815552,49397.36439318706,49808.02142883941,410.6570356523509
1,113,block_09_attention,block_09_proj,2,host_fpga_pcie,HOST_to_FPGA,605184,49422.7963837473,49507.2267837473,84.43039999999485
6,111,block_09_norm1,block_09_qkv,1,gpu_host,GPU_to_HOST,605184,49460.33418626457,49635.379189323896,175.04500305932925
0,118,block_09_fc1,block_09_gelu,2,gpu_host,HOST_to_GPU,2420736,49507.304840243705,49892.60369112647,385.2988508827662
5,111,block_09_norm1,block_09_qkv,2,host_fpga_pcie,HOST_to_FPGA,605184,49520.18008908154,49594.414378415786,74.23428933424347
1,114,block_09_proj,block_09_residual1,1,host_fpga_pcie,FPGA_to_HOST,605184,49530.3761997473,49604.61048908154,74.23428933424347
2,113,block_09_attention,block_09_proj,1,gpu_host,GPU_to_HOST,605184,49597.62785743221,49757.4490917582,159.82123432598667
1,114,block_09_proj,block_09_residual1,2,gpu_host,HOST_to_GPU,605184,49604.61048908154,49760.94040758286,156.32991850132032
6,111,block_09_norm1,block_09_qkv,2,host_fpga_pcie,HOST_to_FPGA,605184,49635.379189323896,49726.13841208627,90.75922276237381
5,112,block_09_qkv,block_09_attention,1,host_fpga_pcie,FPGA_to_HOST,1815552,49646.61262641579,50094.285701527784,447.6730751119956
7,107,block_08_gelu,block_08_fc2,2,host_fpga_pcie,HOST_to_FPGA,2420736,49668.45163252347,50328.949691339105,660.4980588156284
2,113,block_09_attention,block_09_proj,2,host_fpga_pcie,HOST_to_FPGA,605184,49757.4490917582,49922.20844355386,164.75935179566247
6,112,block_09_qkv,block_09_attention,1,host_fpga_pcie,FPGA_to_HOST,1815552,49778.33666008627,50334.87953627161,556.5428761853398
3,113,block_09_attention,block_09_proj,1,gpu_host,GPU_to_HOST,605184,49809.35875069542,49877.903070695414,68.5443199999955
3,113,block_09_attention,block_09_proj,2,host_fpga_pcie,HOST_to_FPGA,605184,49877.903070695414,50088.650670562085,210.74759986666746
2,114,block_09_proj,block_09_residual1,1,host_fpga_pcie,FPGA_to_HOST,605184,49945.357859553864,50173.53836498536,228.1805054314967
4,113,block_09_attention,block_09_proj,1,gpu_host,GPU_to_HOST,605184,49974.89103869542,50011.663198695416,36.77215999999678
4,113,block_09_attention,block_09_proj,2,host_fpga_pcie,HOST_to_FPGA,605184,50011.663198695416,50239.84370412691,228.1805054314967
1,117,block_09_norm2,block_09_fc1,1,gpu_host,GPU_to_HOST,605184,50028.305758695424,50065.07791869542,36.77215999999678
1,117,block_09_norm2,block_09_fc1,2,host_fpga_pcie,HOST_to_FPGA,605184,50065.07791869542,50277.318616793586,212.24069809816504
5,112,block_09_qkv,block_09_attention,2,gpu_host,HOST_to_GPU,1815552,50094.285701527784,50285.84132436014,191.5556228323581
3,114,block_09_proj,block_09_residual1,1,host_fpga_pcie,FPGA_to_HOST,605184,50111.800086562085,50309.69981319815,197.89972663607213
0,119,block_09_gelu,block_09_fc2,1,gpu_host,GPU_to_HOST,2420736,50130.13519869542,50428.720167919375,298.5849692239556
2,114,block_09_proj,block_09_residual1,2,gpu_host,HOST_to_GPU,605184,50173.53836498536,50273.85484498536,100.31648000000115
4,114,block_09_proj,block_09_residual1,1,host_fpga_pcie,FPGA_to_HOST,605184,50262.993120126914,50361.46429785422,98.47117772730091
3,114,block_09_proj,block_09_residual1,2,gpu_host,HOST_to_GPU,605184,50309.69981319815,50407.74714293049,98.04732973234253
6,112,block_09_qkv,block_09_attention,2,gpu_host,HOST_to_GPU,1815552,50334.87953627161,50601.408260480464,266.5287242088546
1,118,block_09_fc1,block_09_gelu,1,host_fpga_pcie,FPGA_to_HOST,2420736,50344.04128079358,50748.995671756915,404.9543909633302
4,114,block_09_proj,block_09_residual1,2,gpu_host,HOST_to_GPU,605184,50361.46429785422,50464.26800659029,102.80370873607531
7,108,block_08_fc2,block_08_residual2,1,host_fpga_pcie,FPGA_to_HOST,605184,50410.76394479358,50525.93143323068,115.16748843710262
0,119,block_09_gelu,block_09_fc2,2,host_fpga_pcie,HOST_to_FPGA,2420736,50428.720167919375,51039.557844180104,610.837676260731
5,113,block_09_attention,block_09_proj,1,gpu_host,GPU_to_HOST,605184,50439.387132985365,50522.93668978783,83.54955680246745
2,117,block_09_norm2,block_09_fc1,1,gpu_host,GPU_to_HOST,605184,50492.80185298536,50589.12096126393,96.3191082785711
5,113,block_09_attention,block_09_proj,2,host_fpga_pcie,HOST_to_FPGA,605184,50522.93668978783,50664.73606596246,141.7993761746311
7,108,block_08_fc2,block_08_residual2,2,gpu_host,HOST_to_GPU,605184,50525.93143323068,50607.640261527784,81.70882829709736
2,117,block_09_norm2,block_09_fc1,2,host_fpga_pcie,HOST_to_FPGA,605184,50589.12096126393,50769.71970962502,180.59874836108548
3,117,block_09_norm2,block_09_fc1,1,gpu_host,GPU_to_HOST,605184,50628.83865298535,50665.61081298535,36.77215999999678
3,117,block_09_norm2,block_09_fc1,2,host_fpga_pcie,HOST_to_FPGA,605184,50665.61081298535,50849.849169536334,184.2383565509795
4,117,block_09_norm2,block_09_fc1,1,gpu_host,GPU_to_HOST,605184,50682.25337298535,50719.02553298535,36.77215999999678
5,114,block_09_proj,block_09_residual1,1,host_fpga_pcie,FPGA_to_HOST,605184,50687.88548196246,50872.123838513435,184.2383565509795
4,117,block_09_norm2,block_09_fc1,2,host_fpga_pcie,HOST_to_FPGA,605184,50719.02553298535,50894.40417850778,175.378645522431
1,118,block_09_fc1,block_09_gelu,2,gpu_host,HOST_to_GPU,2420736,50748.995671756915,50965.82299376443,216.82732200751371
6,113,block_09_attention,block_09_proj,1,gpu_host,GPU_to_HOST,605184,50806.474620985355,50875.018940985356,68.5443199999955
2,118,block_09_fc1,block_09_gelu,1,host_fpga_pcie,FPGA_to_HOST,2420736,50836.44237362502,51706.1321508542,869.6897772291836
5,114,block_09_proj,block_09_residual1,2,gpu_host,HOST_to_GPU,605184,50872.123838513435,50957.90204727748,85.7782087640424
6,113,block_09_attention,block_09_proj,2,host_fpga_pcie,HOST_to_FPGA,605184,50875.018940985356,51050.47351313786,175.45457215251136
7,111,block_09_norm1,block_09_qkv,1,gpu_host,GPU_to_HOST,605184,50901.200380985356,50976.40079175691,75.20041077155315
3,118,block_09_fc1,block_09_gelu,1,host_fpga_pcie,FPGA_to_HOST,2420736,50916.571833536334,51863.869602338644,947.2977688023132
7,111,block_09_norm1,block_09_qkv,2,host_fpga_pcie,HOST_to_FPGA,605184,50976.40079175691,51181.09673608835,204.69594433144417
4,118,block_09_fc1,block_09_gelu,1,host_fpga_pcie,FPGA_to_HOST,2420736,50983.29449753633,51941.00526938803,957.7107718517011
1,119,block_09_gelu,block_09_fc2,1,gpu_host,GPU_to_HOST,2420736,51101.04252727748,51264.903327277476,163.8607999999986
0,120,block_09_fc2,block_09_residual2,1,host_fpga_pcie,FPGA_to_HOST,605184,51106.280508180105,51363.467339361814,257.18683118170634
6,114,block_09_proj,block_09_residual1,1,host_fpga_pcie,FPGA_to_HOST,605184,51129.429924180105,51395.876521761806,266.4465975817029
5,117,block_09_norm2,block_09_fc1,1,gpu_host,GPU_to_HOST,605184,51154.457247277474,51223.001567277475,68.5443199999955
5,117,block_09_norm2,block_09_fc1,2,host_fpga_pcie,HOST_to_FPGA,605184,51223.001567277475,51498.829131096994,275.8275638195251
7,112,block_09_qkv,block_09_attention,1,host_fpga_pcie,FPGA_to_HOST,1815552,51233.29498408835,51979.87644758971,746.5814635013585
1,119,block_09_gelu,block_09_fc2,2,host_fpga_pcie,HOST_to_FPGA,2420736,51264.903327277476,52153.72717045965,888.8238431821737
0,120,block_09_fc2,block_09_residual2,2,gpu_host,HOST_to_GPU,605184,51363.467339361814,51400.23949936181,36.77215999999678
6,114,block_09_proj,block_09_residual1,2,gpu_host,HOST_to_GPU,605184,51395.876521761806,51432.648681761806,36.77215999999678
0,123,block_10_norm1,block_10_qkv,1,gpu_host,GPU_to_HOST,605184,51536.2762993618,51573.0484593618,36.77215999999678
5,118,block_09_fc1,block_09_gelu,1,host_fpga_pcie,FPGA_to_HOST,2420736,51565.551795096995,52321.13435872527,755.5825636282736
0,123,block_10_norm1,block_10_qkv,2,host_fpga_pcie,HOST_to_FPGA,605184,51573.0484593618,51865.17149816125,292.12303879944807
6,117,block_09_norm2,block_09_fc1,1,gpu_host,GPU_to_HOST,605184,51589.6910193618,51626.4631793618,36.77215999999678
6,117,block_09_norm2,block_09_fc1,2,host_fpga_pcie,HOST_to_FPGA,605184,51626.4631793618,51903.324869589815,276.86169022801687
2,118,block_09_fc1,block_09_gelu,2,gpu_host,HOST_to_GPU,2420736,51706.1321508542,51838.2207908542,132.08863999999986
3,118,block_09_fc1,block_09_gelu,2,gpu_host,HOST_to_GPU,2420736,51863.869602338644,52134.77017885759,270.90057651894125
0,124,block_10_qkv,block_10_attention,1,host_fpga_pcie,FPGA_to_HOST,1815552,51917.36974616125,52362.05837114339,444.68862498214105
2,119,block_09_gelu,block_09_fc2,1,gpu_host,GPU_to_HOST,2420736,51940.0502308542,52423.08336454783,483.0331336936264
4,118,block_09_fc1,block_09_gelu,2,gpu_host,HOST_to_GPU,2420736,51941.00526938803,52425.47651519411,484.4712458060771
7,112,block_09_qkv,block_09_attention,2,gpu_host,HOST_to_GPU,1815552,51979.87644758971,52331.632103139156,351.7556555494433
6,118,block_09_fc1,block_09_gelu,1,host_fpga_pcie,FPGA_to_HOST,2420736,51984.09241016125,52420.4431893239,436.35077916265305
1,120,block_09_fc2,block_09_residual2,1,host_fpga_pcie,FPGA_to_HOST,605184,52220.44983445965,52366.36383406517,145.91399960551394
3,119,block_09_gelu,block_09_fc2,1,gpu_host,GPU_to_HOST,2420736,52236.59961885759,52971.55270811102,734.9530892534345
5,118,block_09_fc1,block_09_gelu,2,gpu_host,HOST_to_GPU,2420736,52321.13435872527,53043.83871285629,722.7043541310208
0,124,block_10_qkv,block_10_attention,2,gpu_host,HOST_to_GPU,1815552,52362.05837114339,52967.7218080493,605.6634369059067
1,120,block_09_fc2,block_09_residual2,2,gpu_host,HOST_to_GPU,605184,52366.36383406517,52554.449461920936,188.08562785577186
6,118,block_09_fc1,block_09_gelu,2,gpu_host,HOST_to_GPU,2420736,52420.4431893239,53083.65690319732,663.2137138734215
2,119,block_09_gelu,block_09_fc2,2,host_fpga_pcie,HOST_to_FPGA,2420736,52423.08336454783,52586.94416454782,163.8607999999986
7,113,block_09_attention,block_09_proj,1,gpu_host,GPU_to_HOST,605184,52455.85335113916,52649.839645295506,193.98629415635222
4,119,block_09_gelu,block_09_fc2,1,gpu_host,GPU_to_HOST,2420736,52557.68279113915,53119.02462862799,561.3418374888282
7,113,block_09_attention,block_09_proj,2,host_fpga_pcie,HOST_to_FPGA,605184,52649.839645295506,52730.442862043186,80.60321674768083
1,123,block_10_norm1,block_10_qkv,1,gpu_host,GPU_to_HOST,605184,52652.40855113915,52875.15046174212,222.7419106029735
2,120,block_09_fc2,block_09_residual2,1,host_fpga_pcie,FPGA_to_HOST,605184,52653.66682854782,52734.2700452955,80.60321674768083
2,120,block_09_fc2,block_09_residual2,2,gpu_host,HOST_to_GPU,605184,52734.2700452955,52970.23643394236,235.96638864685494
7,114,block_09_proj,block_09_residual1,1,host_fpga_pcie,FPGA_to_HOST,605184,52753.59227804319,52798.307478043185,44.71519999999646
7,114,block_09_proj,block_09_residual1,2,gpu_host,HOST_to_GPU,605184,52798.307478043185,53007.09250748905,208.7850294458654
1,123,block_10_norm1,block_10_qkv,2,host_fpga_pcie,HOST_to_FPGA,605184,52875.15046174212,52919.86566174212,44.71519999999646
3,119,block_09_gelu,block_09_fc2,2,host_fpga_pcie,HOST_to_FPGA,2420736,52971.55270811102,53403.312420059396,431.75971194837905
1,124,block_10_qkv,block_10_attention,1,host_fpga_pcie,FPGA_to_HOST,1815552,52972.06390974212,53299.7751329527,327.71122321058334
0,125,block_10_attention,block_10_proj,1,gpu_host,GPU_to_HOST,605184,53091.9430560493,53139.75600233864,47.8129462893398
4,119,block_09_gelu,block_09_fc2,2,host_fpga_pcie,HOST_to_FPGA,2420736,53119.02462862799,53510.66553216263,391.64090353464854
0,125,block_10_attention,block_10_proj,2,host_fpga_pcie,HOST_to_FPGA,605184,53139.75600233864,53302.65638499215,162.9003826535136
5,119,block_09_gelu,block_09_fc2,1,gpu_host,GPU_to_HOST,2420736,53276.39457604929,53706.68628801257,430.29171196327235
1,124,block_10_qkv,block_10_attention,2,gpu_host,HOST_to_GPU,1815552,53299.7751329527,53668.81358651298,369.0384535602748
0,126,block_10_proj,block_10_residual1,1,host_fpga_pcie,FPGA_to_HOST,605184,53325.80580099215,53434.40507401456,108.59927302241113
6,119,block_09_gelu,block_09_fc2,1,gpu_host,GPU_to_HOST,2420736,53378.224016049295,53789.74913604929,411.52511999999894
2,123,block_10_norm1,block_10_qkv,1,gpu_host,GPU_to_HOST,605184,53431.638736049295,53629.03217131143,197.39343526213594
0,126,block_10_proj,block_10_residual1,2,gpu_host,HOST_to_GPU,605184,53434.40507401456,53633.87326275065,199.46818873608356
3,120,block_09_fc2,block_09_residual2,1,host_fpga_pcie,FPGA_to_HOST,605184,53470.0350840594,53532.565508111016,62.53042405161835
7,117,block_09_norm2,block_09_fc1,1,gpu_host,GPU_to_HOST,605184,53485.053456049296,53690.3450320791,205.29157602981047
3,120,block_09_fc2,block_09_residual2,2,gpu_host,HOST_to_GPU,605184,53532.565508111016,53718.18637209333,185.6208639823137
4,120,block_09_fc2,block_09_residual2,1,host_fpga_pcie,FPGA_to_HOST,605184,53577.38819616263,53622.10339616263,44.71519999999646
4,120,block_09_fc2,block_09_residual2,2,gpu_host,HOST_to_GPU,605184,53622.10339616263,53743.76862582236,121.66522965973564
2,123,block_10_norm1,block_10_qkv,2,host_fpga_pcie,HOST_to_FPGA,605184,53629.03217131143,53673.74737131143,44.71519999999646
7,117,block_09_norm2,block_09_fc1,2,host_fpga_pcie,HOST_to_FPGA,605184,53690.3450320791,53772.178454562745,81.83342248364173
5,119,block_09_gelu,block_09_fc2,2,host_fpga_pcie,HOST_to_FPGA,2420736,53706.68628801257,54535.124822048114,828.4385340355458
2,124,block_10_qkv,block_10_attention,1,host_fpga_pcie,FPGA_to_HOST,1815552,53725.945619311424,54364.012311079445,638.0666917680174
6,119,block_09_gelu,block_09_fc2,2,host_fpga_pcie,HOST_to_FPGA,2420736,53789.74913604929,54740.94219811279,951.1930620634962
1,125,block_10_attention,block_10_proj,1,gpu_host,GPU_to_HOST,605184,53799.40555075065,53836.17771075064,36.77215999999678
1,125,block_10_attention,block_10_proj,2,host_fpga_pcie,HOST_to_FPGA,605184,53836.17771075064,54074.19223001641,238.014519265764
7,118,block_09_fc1,block_09_gelu,1,host_fpga_pcie,FPGA_to_HOST,2420736,53838.901118562746,54859.952451416786,1021.051332854038
0,129,block_10_norm2,block_10_fc1,1,gpu_host,GPU_to_HOST,605184,53852.82027075065,53889.59243075064,36.77215999999678
0,129,block_10_norm2,block_10_fc1,2,host_fpga_pcie,HOST_to_FPGA,605184,53889.59243075064,54154.8472817633,265.25485101265565
3,123,block_10_norm1,block_10_qkv,1,gpu_host,GPU_to_HOST,605184,53988.857070750644,54025.62923075064,36.77215999999678
3,123,block_10_norm1,block_10_qkv,2,host_fpga_pcie,HOST_to_FPGA,605184,54025.62923075064,54325.98358690615,300.3543561555105
4,123,block_10_norm1,block_10_qkv,1,gpu_host,GPU_to_HOST,605184,54042.271790750645,54079.04395075064,36.77215999999678
4,123,block_10_norm1,block_10_qkv,2,host_fpga_pcie,HOST_to_FPGA,605184,54079.04395075064,54378.60769617865,299.56374542801365
1,126,block_10_proj,block_10_residual1,1,host_fpga_pcie,FPGA_to_HOST,605184,54097.34164601641,54393.376607232385,296.03496121597544
0,130,block_10_fc1,block_10_gelu,1,host_fpga_pcie,FPGA_to_HOST,2420736,54221.5699457633,55156.188910735684,934.6189649723849
2,124,block_10_qkv,block_10_attention,2,gpu_host,HOST_to_GPU,1815552,54364.012311079445,54496.10095107945,132.08863999999986
3,124,block_10_qkv,block_10_attention,1,host_fpga_pcie,FPGA_to_HOST,1815552,54378.18183490615,55084.52866869402,706.3468337878757
1,126,block_10_proj,block_10_residual1,2,gpu_host,HOST_to_GPU,605184,54393.376607232385,54461.92092723238,68.5443199999955
4,124,block_10_qkv,block_10_attention,1,host_fpga_pcie,FPGA_to_HOST,1815552,54430.80594417865,55125.268653135194,694.4627089565461
5,120,block_09_fc2,block_09_residual2,1,host_fpga_pcie,FPGA_to_HOST,605184,54601.847486048115,54882.65628270712,280.8087966590031
2,125,block_10_attention,block_10_proj,1,gpu_host,GPU_to_HOST,605184,54627.45321523238,54664.225375232374,36.77215999999678
2,125,block_10_attention,block_10_proj,2,host_fpga_pcie,HOST_to_FPGA,605184,54664.225375232374,54945.03417189138,280.8087966590031
1,129,block_10_norm2,block_10_fc1,1,gpu_host,GPU_to_HOST,605184,54680.86793523238,54717.640095232375,36.77215999999678
1,129,block_10_norm2,block_10_fc1,2,host_fpga_pcie,HOST_to_FPGA,605184,54717.640095232375,54985.18833440567,267.5482391732917
6,120,block_09_fc2,block_09_residual2,1,host_fpga_pcie,FPGA_to_HOST,605184,54807.66486211279,55047.85762299164,240.19276087885316
7,118,block_09_fc1,block_09_gelu,2,gpu_host,HOST_to_GPU,2420736,54859.952451416786,55023.81325141678,163.8607999999986
5,120,block_09_fc2,block_09_residual2,2,gpu_host,HOST_to_GPU,605184,54882.65628270712,54951.20060270711,68.5443199999955
2,126,block_10_proj,block_10_residual1,1,host_fpga_pcie,FPGA_to_HOST,605184,54968.18358789138,55152.84464645379,184.6610585624145
5,123,block_10_norm1,block_10_qkv,1,gpu_host,GPU_to_HOST,605184,55045.92636270711,55124.04479928685,78.11843657973967
6,120,block_09_fc2,block_09_residual2,2,gpu_host,HOST_to_GPU,605184,55047.85762299164,55127.90731985592,80.04969686427333
1,130,block_10_fc1,block_10_gelu,1,host_fpga_pcie,FPGA_to_HOST,2420736,55051.91099840566,55368.64833852725,316.7373401215881
3,124,block_10_qkv,block_10_attention,2,gpu_host,HOST_to_GPU,1815552,55084.52866869402,55541.77578049732,457.2471118032967
5,123,block_10_norm1,block_10_qkv,2,host_fpga_pcie,HOST_to_FPGA,605184,55124.04479928685,55221.48987763095,97.44507834410359
4,124,block_10_qkv,block_10_attention,2,gpu_host,HOST_to_GPU,1815552,55125.268653135194,55635.82230558765,510.553652452457
7,119,block_09_gelu,block_09_fc2,1,gpu_host,GPU_to_HOST,2420736,55147.755802707106,55883.983625040244,736.2278223331381
2,126,block_10_proj,block_10_residual1,2,gpu_host,HOST_to_GPU,605184,55152.84464645379,55329.54694391856,176.7022974647689
0,130,block_10_fc1,block_10_gelu,2,gpu_host,HOST_to_GPU,2420736,55156.188910735684,55896.645361637085,740.4564509014
6,123,block_10_norm1,block_10_qkv,1,gpu_host,GPU_to_HOST,605184,55242.48156270711,55429.297833763165,186.81627105605892
5,124,block_10_qkv,block_10_attention,1,host_fpga_pcie,FPGA_to_HOST,1815552,55273.68812563095,55451.329830395036,177.64170476408657
1,130,block_10_fc1,block_10_gelu,2,gpu_host,HOST_to_GPU,2420736,55368.64833852725,56019.45915054662,650.8108120193701
2,129,block_10_norm2,block_10_fc1,1,gpu_host,GPU_to_HOST,605184,55424.272703918556,55632.11581819669,207.84311427812784
6,123,block_10_norm1,block_10_qkv,2,host_fpga_pcie,HOST_to_FPGA,605184,55429.297833763165,55482.529032079095,53.23119831593392
5,124,block_10_qkv,block_10_attention,2,gpu_host,HOST_to_GPU,1815552,55451.329830395036,55978.14601487343,526.8161844783972
6,124,block_10_qkv,block_10_attention,1,host_fpga_pcie,FPGA_to_HOST,1815552,55534.727280079096,55680.6299419615,145.90266188240636
2,129,block_10_norm2,block_10_fc1,2,host_fpga_pcie,HOST_to_FPGA,605184,55632.11581819669,55698.5880800791,66.47226188240957
3,125,block_10_attention,block_10_proj,1,gpu_host,GPU_to_HOST,605184,55665.997028497324,55869.28426068901,203.28723219168592
6,124,block_10_qkv,block_10_attention,2,gpu_host,HOST_to_GPU,1815552,55680.6299419615,56069.92647751972,389.29653555822006
2,130,block_10_fc1,block_10_gelu,1,host_fpga_pcie,FPGA_to_HOST,2420736,55765.31074407909,56043.91822738241,278.6074833033142
4,125,block_10_attention,block_10_proj,1,gpu_host,GPU_to_HOST,605184,55790.218276497326,55961.48161658735,171.26334009002346
3,125,block_10_attention,block_10_proj,2,host_fpga_pcie,HOST_to_FPGA,605184,55869.28426068901,55992.613032488734,123.32877179972724
7,119,block_09_gelu,block_09_fc2,2,host_fpga_pcie,HOST_to_FPGA,2420736,55883.983625040244,56246.89314407909,362.9095190388412
4,125,block_10_attention,block_10_proj,2,host_fpga_pcie,HOST_to_FPGA,605184,55961.48161658735,56097.94901528611,136.46739869876274
0,131,block_10_gelu,block_10_fc2,1,gpu_host,GPU_to_HOST,2420736,55998.47480163708,56450.12522566304,451.65042402595805
3,126,block_10_proj,block_10_residual1,1,host_fpga_pcie,FPGA_to_HOST,605184,56015.762448488735,56131.62228521215,115.85983672341565
2,130,block_10_fc1,block_10_gelu,2,gpu_host,HOST_to_GPU,2420736,56043.91822738241,56557.25977940475,513.3415520223381
4,126,block_10_proj,block_10_residual1,1,host_fpga_pcie,FPGA_to_HOST,605184,56121.09843128611,56207.37011592812,86.27168464200862
5,125,block_10_attention,block_10_proj,1,gpu_host,GPU_to_HOST,605184,56122.69604963709,56268.097783962236,145.40173432515263
3,126,block_10_proj,block_10_residual1,2,gpu_host,HOST_to_GPU,605184,56131.62228521215,56282.974843254015,151.35255804186315
4,126,block_10_proj,block_10_residual1,2,gpu_host,HOST_to_GPU,605184,56207.37011592812,56359.966658053214,152.59654212509272
1,131,block_10_gelu,block_10_fc2,1,gpu_host,GPU_to_HOST,2420736,56224.52548963708,56671.30652270711,446.7810330700261
5,125,block_10_attention,block_10_proj,2,host_fpga_pcie,HOST_to_FPGA,605184,56268.097783962236,56312.812983962234,44.71519999999646
7,120,block_09_fc2,block_09_residual2,1,host_fpga_pcie,FPGA_to_HOST,605184,56313.615808079085,56374.89679207908,61.28098399999643
5,126,block_10_proj,block_10_residual1,1,host_fpga_pcie,FPGA_to_HOST,605184,56336.765224079085,56398.04620807908,61.28098399999643
6,125,block_10_attention,block_10_proj,1,gpu_host,GPU_to_HOST,605184,56348.74673763709,56520.609100946116,171.86236330903048
7,120,block_09_fc2,block_09_residual2,2,gpu_host,HOST_to_GPU,605184,56374.89679207908,56553.45037514608,178.55358306699543
5,126,block_10_proj,block_10_residual1,2,gpu_host,HOST_to_GPU,605184,56398.04620807908,56572.73178879781,174.68558071873085
0,131,block_10_gelu,block_10_fc2,2,host_fpga_pcie,HOST_to_FPGA,2420736,56450.12522566304,56740.61588190598,290.49065624293934
3,129,block_10_norm2,block_10_fc1,1,gpu_host,GPU_to_HOST,605184,56484.783537637086,56620.06628477422,135.28274713713733
6,125,block_10_attention,block_10_proj,2,host_fpga_pcie,HOST_to_FPGA,605184,56520.609100946116,56605.03950094611,84.43039999999485
4,129,block_10_norm2,block_10_fc1,1,gpu_host,GPU_to_HOST,605184,56538.19825763709,56639.37713522028,101.17887758320093
3,129,block_10_norm2,block_10_fc1,2,host_fpga_pcie,HOST_to_FPGA,605184,56620.06628477422,56784.936918350715,164.87063357649433
6,126,block_10_proj,block_10_residual1,1,host_fpga_pcie,FPGA_to_HOST,605184,56628.188916946114,56797.12086660855,168.93194966243612
4,129,block_10_norm2,block_10_fc1,2,host_fpga_pcie,HOST_to_FPGA,605184,56639.37713522028,56804.57967879133,165.2025435710455
1,131,block_10_gelu,block_10_fc2,2,host_fpga_pcie,HOST_to_FPGA,2420736,56671.30652270711,57394.09071636588,722.7841936587668
2,131,block_10_gelu,block_10_fc2,1,gpu_host,GPU_to_HOST,2420736,56696.590855146074,56903.629738703916,207.03888355783766
7,123,block_10_norm1,block_10_qkv,1,gpu_host,GPU_to_HOST,605184,56791.316615146075,56901.73084750443,110.41423235835096
6,126,block_10_proj,block_10_residual1,2,gpu_host,HOST_to_GPU,605184,56797.12086660855,56910.563955897625,113.44308928907392
0,132,block_10_fc2,block_10_residual2,1,host_fpga_pcie,FPGA_to_HOST,605184,56807.33854590598,56898.12281390598,90.78426800000067
5,129,block_10_norm2,block_10_fc1,1,gpu_host,GPU_to_HOST,605184,56844.731335146076,56942.304268255975,97.57293310989901
3,130,block_10_fc1,block_10_gelu,1,host_fpga_pcie,FPGA_to_HOST,2420736,56874.06120990598,57927.17217634192,1053.1109664359412
0,132,block_10_fc2,block_10_residual2,2,gpu_host,HOST_to_GPU,605184,56898.12281390598,56955.76813514608,57.64532124009902
7,123,block_10_norm1,block_10_qkv,2,host_fpga_pcie,HOST_to_FPGA,605184,56901.73084750443,57137.10536548995,235.374517985526
2,131,block_10_gelu,block_10_fc2,2,host_fpga_pcie,HOST_to_FPGA,2420736,56903.629738703916,57998.735141016856,1095.1054023129388
4,130,block_10_fc1,block_10_gelu,1,host_fpga_pcie,FPGA_to_HOST,2420736,56940.78387390598,58052.82750720073,1112.043633294757
5,129,block_10_norm2,block_10_fc1,2,host_fpga_pcie,HOST_to_FPGA,605184,56942.304268255975,57209.84693740363,267.5426691476565
6,129,block_10_norm2,block_10_fc1,1,gpu_host,GPU_to_HOST,605184,57005.28971589762,57042.06187589762,36.77215999999678
6,129,block_10_norm2,block_10_fc1,2,host_fpga_pcie,HOST_to_FPGA,605184,57042.06187589762,57332.61098606868,290.5491101710608
0,135,block_11_norm1,block_11_qkv,1,gpu_host,GPU_to_HOST,605184,57100.01547589762,57136.787635897614,36.77215999999678
0,135,block_11_norm1,block_11_qkv,2,host_fpga_pcie,HOST_to_FPGA,605184,57136.787635897614,57426.40996885282,289.6223329552083
7,124,block_10_qkv,block_10_attention,1,host_fpga_pcie,FPGA_to_HOST,1815552,57189.30361348995,58044.63332410468,855.3297106147287
5,130,block_10_fc1,block_10_gelu,1,host_fpga_pcie,FPGA_to_HOST,2420736,57276.56960140363,58274.51129735716,997.9416959535331
6,130,block_10_fc1,block_10_gelu,1,host_fpga_pcie,FPGA_to_HOST,2420736,57399.33365006868,58308.251591985456,908.9179419167829
1,132,block_10_fc2,block_10_residual2,1,host_fpga_pcie,FPGA_to_HOST,605184,57466.05631406867,57781.32102149724,315.2647074285697
0,136,block_11_qkv,block_11_attention,1,host_fpga_pcie,FPGA_to_HOST,1815552,57518.25456206867,58260.13126910074,741.8767070320673
1,132,block_10_fc2,block_10_residual2,2,gpu_host,HOST_to_GPU,605184,57781.32102149724,57818.09318149724,36.77215999999678
1,135,block_11_norm1,block_11_qkv,1,gpu_host,GPU_to_HOST,605184,57912.81894149724,57967.010026652555,54.1910851553154
3,130,block_10_fc1,block_10_gelu,2,gpu_host,HOST_to_GPU,2420736,57927.17217634192,58126.675484734325,199.50330839240553
1,135,block_11_norm1,block_11_qkv,2,host_fpga_pcie,HOST_to_FPGA,605184,57967.010026652555,58181.46389634106,214.4538696885051
7,124,block_10_qkv,block_10_attention,2,gpu_host,HOST_to_GPU,1815552,58044.63332410468,58290.83314340322,246.19981929854123
4,130,block_10_fc1,block_10_gelu,2,gpu_host,HOST_to_GPU,2420736,58052.82750720073,58521.17046653092,468.34295933018825
2,132,block_10_fc2,block_10_residual2,1,host_fpga_pcie,FPGA_to_HOST,605184,58065.45780501685,58254.73424301685,189.2764379999995
3,131,block_10_gelu,block_10_fc2,1,gpu_host,GPU_to_HOST,2420736,58228.50492473433,59023.93096063113,795.4260358968013
1,136,block_11_qkv,block_11_attention,1,host_fpga_pcie,FPGA_to_HOST,1815552,58233.662144341055,58401.170025663036,167.50788132197798
2,132,block_10_fc2,block_10_residual2,2,gpu_host,HOST_to_GPU,605184,58254.73424301685,58449.70517010186,194.97092708500864
0,136,block_11_qkv,block_11_attention,2,gpu_host,HOST_to_GPU,1815552,58260.13126910074,58899.211223885744,639.0799547850017
5,130,block_10_fc1,block_10_gelu,2,gpu_host,HOST_to_GPU,2420736,58274.51129735716,59090.92577764918,816.4144802920159
6,130,block_10_fc1,block_10_gelu,2,gpu_host,HOST_to_GPU,2420736,58308.251591985456,59116.40843387901,808.1568418935523
1,136,block_11_qkv,block_11_attention,2,gpu_host,HOST_to_GPU,1815552,58401.170025663036,59041.35032600111,640.1803003380779
7,125,block_10_attention,block_10_proj,1,gpu_host,GPU_to_HOST,605184,58415.054391403224,58641.45578147873,226.4013900755077
2,135,block_11_norm1,block_11_qkv,1,gpu_host,GPU_to_HOST,605184,58544.43093010186,58771.79714550076,227.36621539889978
7,125,block_10_attention,block_10_proj,2,host_fpga_pcie,HOST_to_FPGA,605184,58641.45578147873,58686.170981478725,44.71519999999646
4,131,block_10_gelu,block_10_fc2,1,gpu_host,GPU_to_HOST,2420736,58646.26037010186,59251.21863920692,604.9582691050604
7,126,block_10_proj,block_10_residual1,1,host_fpga_pcie,FPGA_to_HOST,605184,58709.320397478725,58754.03559747872,44.71519999999646
7,126,block_10_proj,block_10_residual1,2,gpu_host,HOST_to_GPU,605184,58754.03559747872,58971.060955682085,217.02535820336544
2,135,block_11_norm1,block_11_qkv,2,host_fpga_pcie,HOST_to_FPGA,605184,58771.79714550076,58816.512345500756,44.71519999999646
2,136,block_11_qkv,block_11_attention,1,host_fpga_pcie,FPGA_to_HOST,1815552,58868.71059350076,58992.85619350075,124.14560000000019
2,136,block_11_qkv,block_11_attention,2,gpu_host,HOST_to_GPU,1815552,58992.85619350075,59305.7371199451,312.88092644434636
0,137,block_11_attention,block_11_proj,1,gpu_host,GPU_to_HOST,605184,59023.432471885746,59156.40872366011,132.97625177436518
3,131,block_10_gelu,block_10_fc2,2,host_fpga_pcie,HOST_to_FPGA,2420736,59023.93096063113,59214.174797602136,190.243836971013
0,137,block_11_attention,block_11_proj,2,host_fpga_pcie,HOST_to_FPGA,605184,59156.40872366011,59227.50696063112,71.09823697101086
1,137,block_11_attention,block_11_proj,1,gpu_host,GPU_to_HOST,605184,59188.96475988575,59290.241029716046,101.27626983029437
7,129,block_10_norm2,block_10_fc1,1,gpu_host,GPU_to_HOST,605184,59242.37947988575,59315.793981497234,73.41450161148927
4,131,block_10_gelu,block_10_fc2,2,host_fpga_pcie,HOST_to_FPGA,2420736,59251.21863920692,59726.56741566071,475.34877645379754
3,132,block_10_fc2,block_10_residual2,1,host_fpga_pcie,FPGA_to_HOST,605184,59280.89746160214,59458.317434866774,177.41997326463365
1,137,block_11_attention,block_11_proj,2,host_fpga_pcie,HOST_to_FPGA,605184,59290.241029716046,59477.00457109458,186.76354137853875
0,138,block_11_proj,block_11_residual1,1,host_fpga_pcie,FPGA_to_HOST,605184,59304.04687760214,59490.810418980676,186.76354137853875
7,129,block_10_norm2,block_10_fc1,2,host_fpga_pcie,HOST_to_FPGA,605184,59315.793981497234,59496.68397092823,180.88998943099205
5,131,block_10_gelu,block_10_fc2,1,gpu_host,GPU_to_HOST,2420736,59344.20891988574,59528.96509020009,184.7561703143402
6,131,block_10_gelu,block_10_fc2,1,gpu_host,GPU_to_HOST,2420736,59446.038359885744,59749.65327188575,303.614912000004
3,132,block_10_fc2,block_10_residual2,2,gpu_host,HOST_to_GPU,605184,59458.317434866774,59566.92258267162,108.60514780484942
0,138,block_11_proj,block_11_residual1,2,gpu_host,HOST_to_GPU,605184,59490.810418980676,59595.247054178464,104.43663519778961
1,138,block_11_proj,block_11_residual1,1,host_fpga_pcie,FPGA_to_HOST,605184,59500.15398709458,59622.56649702424,122.41250992966329
5,131,block_10_gelu,block_10_fc2,2,host_fpga_pcie,HOST_to_FPGA,2420736,59528.96509020009,60357.285622817915,828.3205326178322
7,130,block_10_fc1,block_10_gelu,1,host_fpga_pcie,FPGA_to_HOST,2420736,59566.87665109458,60448.03134116633,881.1546900717518
2,137,block_11_attention,block_11_proj,1,gpu_host,GPU_to_HOST,605184,59570.259607885746,59654.416366462865,84.15675857711274
1,138,block_11_proj,block_11_residual1,2,gpu_host,HOST_to_GPU,605184,59622.56649702424,59700.060773503785,77.49427647953804
2,137,block_11_attention,block_11_proj,2,host_fpga_pcie,HOST_to_FPGA,605184,59654.416366462865,59827.21694198361,172.8005755207429
3,135,block_11_norm1,block_11_qkv,1,gpu_host,GPU_to_HOST,605184,59706.29640788575,59762.24699988575,55.95059200000363
6,131,block_10_gelu,block_10_fc2,2,host_fpga_pcie,HOST_to_FPGA,2420736,59749.65327188575,60770.1572458525,1020.5039739667466
0,141,block_11_norm2,block_11_fc1,1,gpu_host,GPU_to_HOST,605184,59759.71112788574,59796.48328788574,36.77215999999678
3,135,block_11_norm1,block_11_qkv,2,host_fpga_pcie,HOST_to_FPGA,605184,59762.24699988575,60046.38430432671,284.1373044409623
4,132,block_10_fc2,block_10_residual2,1,host_fpga_pcie,FPGA_to_HOST,605184,59793.290079660714,60089.84461601166,296.5545363509473
0,141,block_11_norm2,block_11_fc1,2,host_fpga_pcie,HOST_to_FPGA,605184,59796.48328788574,60093.037824236686,296.5545363509473
2,138,block_11_proj,block_11_residual1,1,host_fpga_pcie,FPGA_to_HOST,605184,59850.36635798361,60141.13571241685,290.7693544332499
1,141,block_11_norm2,block_11_fc1,1,gpu_host,GPU_to_HOST,605184,59854.43688788574,59891.209047885735,36.77215999999678
1,141,block_11_norm2,block_11_fc1,2,host_fpga_pcie,HOST_to_FPGA,605184,59891.209047885735,60170.309831551,279.10078366526204
4,132,block_10_fc2,block_10_residual2,2,gpu_host,HOST_to_GPU,605184,60089.84461601166,60126.61677601166,36.77215999999678
3,136,block_11_qkv,block_11_attention,1,host_fpga_pcie,FPGA_to_HOST,1815552,60098.58255232671,60830.14822057167,731.5656682449559
2,138,block_11_proj,block_11_residual1,2,gpu_host,HOST_to_GPU,605184,60141.13571241685,60177.90787241685,36.77215999999678
0,142,block_11_fc1,block_11_gelu,1,host_fpga_pcie,FPGA_to_HOST,2420736,60165.305216326706,61156.16927052569,990.8640541989797
4,135,block_11_norm1,block_11_qkv,1,gpu_host,GPU_to_HOST,605184,60221.34253601165,60258.11469601165,36.77215999999678
1,142,block_11_fc1,block_11_gelu,1,host_fpga_pcie,FPGA_to_HOST,2420736,60237.032495551,61231.372041432376,994.3395458813786
4,135,block_11_norm1,block_11_qkv,2,host_fpga_pcie,HOST_to_FPGA,605184,60258.11469601165,60543.406505606246,285.2918095945928
2,141,block_11_norm2,block_11_fc1,1,gpu_host,GPU_to_HOST,605184,60316.068296011654,60352.84045601165,36.77215999999678
2,141,block_11_norm2,block_11_fc1,2,host_fpga_pcie,HOST_to_FPGA,605184,60352.84045601165,60628.69169647186,275.8512404602148
5,132,block_10_fc2,block_10_residual2,1,host_fpga_pcie,FPGA_to_HOST,605184,60424.008286817916,60689.69269430581,265.68440748789277
7,130,block_10_fc1,block_10_gelu,2,gpu_host,HOST_to_GPU,2420736,60448.03134116633,60580.11998116633,132.08863999999986
4,136,block_11_qkv,block_11_attention,1,host_fpga_pcie,FPGA_to_HOST,1815552,60595.60475360625,61293.240602326674,697.6358487204293
7,131,block_10_gelu,block_10_fc2,1,gpu_host,GPU_to_HOST,2420736,60681.94942116633,60856.47222176099,174.52280059465642
5,132,block_10_fc2,block_10_residual2,2,gpu_host,HOST_to_GPU,605184,60689.69269430581,60758.23701430581,68.5443199999955
2,142,block_11_fc1,block_11_gelu,1,host_fpga_pcie,FPGA_to_HOST,2420736,60695.41436047186,61536.95270826479,841.5383477929291
3,136,block_11_qkv,block_11_attention,2,gpu_host,HOST_to_GPU,1815552,60830.14822057167,60972.89886116632,142.75064059465768
6,132,block_10_fc2,block_10_residual2,1,host_fpga_pcie,FPGA_to_HOST,605184,60836.8799098525,61101.210239664964,264.33032981246913
5,135,block_11_norm1,block_11_qkv,1,gpu_host,GPU_to_HOST,605184,60852.9627743058,60921.5070943058,68.5443199999955
7,131,block_10_gelu,block_10_fc2,2,host_fpga_pcie,HOST_to_FPGA,2420736,60856.47222176099,61616.17881495153,759.7065931905441
5,135,block_11_norm1,block_11_qkv,2,host_fpga_pcie,HOST_to_FPGA,605184,60921.5070943058,61187.63437805736,266.12728375156183
3,137,block_11_attention,block_11_proj,1,gpu_host,GPU_to_HOST,605184,61097.120109166324,61161.77681273869,64.65670357236331
6,132,block_10_fc2,block_10_residual2,2,gpu_host,HOST_to_GPU,605184,61101.210239664964,61169.95707373597,68.74683407100125
0,142,block_11_fc1,block_11_gelu,2,gpu_host,HOST_to_GPU,2420736,61156.16927052569,61411.112632285534,254.94336175984483
3,137,block_11_attention,block_11_proj,2,host_fpga_pcie,HOST_to_FPGA,605184,61161.77681273869,61351.019262440444,189.2424497017542
1,142,block_11_fc1,block_11_gelu,2,gpu_host,HOST_to_GPU,2420736,61231.372041432376,61574.02692563415,342.6548842017721
5,136,block_11_qkv,block_11_attention,1,host_fpga_pcie,FPGA_to_HOST,1815552,61239.83262605736,61644.28079950428,404.4481734469252
6,135,block_11_norm1,block_11_qkv,1,gpu_host,GPU_to_HOST,605184,61264.68283373596,61387.25221753906,122.5693838030964
4,136,block_11_qkv,block_11_attention,2,gpu_host,HOST_to_GPU,1815552,61293.240602326674,61556.7200654181,263.4794630914233
3,138,block_11_proj,block_11_residual1,1,host_fpga_pcie,FPGA_to_HOST,605184,61374.168678440445,61566.969576585594,192.80089814514844
6,135,block_11_norm1,block_11_qkv,2,host_fpga_pcie,HOST_to_FPGA,605184,61387.25221753906,61576.78223090955,189.53001337049247
0,143,block_11_gelu,block_11_fc2,1,gpu_host,GPU_to_HOST,2420736,61512.942072285536,62129.283442628584,616.3413703430542
2,142,block_11_fc1,block_11_gelu,2,gpu_host,HOST_to_GPU,2420736,61536.95270826479,62176.3352526853,639.3825444205025
3,138,block_11_proj,block_11_residual1,2,gpu_host,HOST_to_GPU,605184,61566.969576585594,61673.97359196221,107.00401537661747
6,136,block_11_qkv,block_11_attention,1,host_fpga_pcie,FPGA_to_HOST,1815552,61628.98047890955,61797.99143920692,169.0109602973666
5,136,block_11_qkv,block_11_attention,2,gpu_host,HOST_to_GPU,1815552,61644.28079950428,62186.74249893733,542.4616994330472
4,137,block_11_attention,block_11_proj,1,gpu_host,GPU_to_HOST,605184,61680.9413134181,61830.36059613129,149.419282713191
7,132,block_10_fc2,block_10_residual2,1,host_fpga_pcie,FPGA_to_HOST,605184,61695.70314290955,61780.13354290954,84.43039999999485
7,132,block_10_fc2,block_10_residual2,2,gpu_host,HOST_to_GPU,605184,61780.13354290954,62002.01728763098,221.88374472143641
1,143,block_11_gelu,block_11_fc2,1,gpu_host,GPU_to_HOST,2420736,61782.7707534181,62309.462189166334,526.6914357482319
6,136,block_11_qkv,block_11_attention,2,gpu_host,HOST_to_GPU,1815552,61797.99143920692,62280.22681013113,482.2353709242125
4,137,block_11_attention,block_11_proj,2,host_fpga_pcie,HOST_to_FPGA,605184,61830.36059613129,61875.075796131285,44.71519999999646
3,141,block_11_norm2,block_11_fc1,1,gpu_host,GPU_to_HOST,605184,61877.4965134181,62113.07812788764,235.5816144695433
4,138,block_11_proj,block_11_residual1,1,host_fpga_pcie,FPGA_to_HOST,605184,61898.225212131285,61942.940412131284,44.71519999999646
4,138,block_11_proj,block_11_residual1,2,gpu_host,HOST_to_GPU,605184,61942.940412131284,62171.487943176224,228.54753104493975
7,135,block_11_norm1,block_11_qkv,1,gpu_host,GPU_to_HOST,605184,62096.74304763098,62239.047118283816,142.30407065284055
3,141,block_11_norm2,block_11_fc1,2,host_fpga_pcie,HOST_to_FPGA,605184,62113.07812788764,62181.30321314669,68.22508525904797
0,143,block_11_gelu,block_11_fc2,2,host_fpga_pcie,HOST_to_FPGA,2420736,62129.283442628584,62495.854135556416,366.5706929278298
7,135,block_11_norm1,block_11_qkv,2,host_fpga_pcie,HOST_to_FPGA,605184,62239.047118283816,62373.45038874773,134.40327046391337
3,142,block_11_fc1,block_11_gelu,1,host_fpga_pcie,FPGA_to_HOST,2420736,62248.02587714669,63108.068426529775,860.042549383086
1,143,block_11_gelu,block_11_fc2,2,host_fpga_pcie,HOST_to_FPGA,2420736,62309.462189166334,63203.64119432814,894.1790051618103
2,143,block_11_gelu,block_11_fc2,1,gpu_host,GPU_to_HOST,2420736,62314.62842317622,62449.58445517621,134.95603199999152
7,136,block_11_qkv,block_11_attention,1,host_fpga_pcie,FPGA_to_HOST,1815552,62425.648636747734,63180.95194270593,755.3033059581951
5,137,block_11_attention,block_11_proj,1,gpu_host,GPU_to_HOST,605184,62438.84967117622,62478.48922317622,39.63955199999536
2,143,block_11_gelu,block_11_fc2,2,host_fpga_pcie,HOST_to_FPGA,2420736,62449.58445517621,63287.17112383556,837.5866686593445
5,137,block_11_attention,block_11_proj,2,host_fpga_pcie,HOST_to_FPGA,605184,62478.48922317622,62750.04522503375,271.55600185752724
4,141,block_11_norm2,block_11_fc1,1,gpu_host,GPU_to_HOST,605184,62492.26439117622,62529.03655117623,36.772160000003716
4,141,block_11_norm2,block_11_fc1,2,host_fpga_pcie,HOST_to_FPGA,605184,62529.03655117623,62823.60229472286,294.5657435466376
0,144,block_11_fc2,block_11_residual2,1,host_fpga_pcie,FPGA_to_HOST,605184,62562.57679955642,62862.73258449975,300.15578494332897
6,137,block_11_attention,block_11_proj,1,gpu_host,GPU_to_HOST,605184,62616.48563917622,62653.25779917623,36.772160000003716
6,137,block_11_attention,block_11_proj,2,host_fpga_pcie,HOST_to_FPGA,605184,62653.25779917623,62947.98152174905,294.72372257281773
5,138,block_11_proj,block_11_residual1,1,host_fpga_pcie,FPGA_to_HOST,605184,62773.19464103375,63051.954966041034,278.76032500728786
0,144,block_11_fc2,block_11_residual2,2,gpu_host,HOST_to_GPU,605184,62862.73258449975,62899.50474449975,36.772160000003716
4,142,block_11_fc1,block_11_gelu,1,host_fpga_pcie,FPGA_to_HOST,2420736,62890.324958722864,63466.5960017356,576.2710430127355
6,138,block_11_proj,block_11_residual1,1,host_fpga_pcie,FPGA_to_HOST,605184,62971.13093774905,63200.88413993899,229.75320218994455
0,147,class_token_select,classifier,1,gpu_host,GPU_to_HOST,3072,62999.35338449976,63004.51466449976,5.161279999998936
0,147,class_token_select,classifier,2,host_fpga_pcie,HOST_to_FPGA,3072,63004.51466449976,63011.12746449976,6.612799999999863
5,138,block_11_proj,block_11_residual1,2,gpu_host,HOST_to_GPU,605184,63051.954966041034,63088.727126041034,36.772160000003716
3,142,block_11_fc1,block_11_gelu,2,gpu_host,HOST_to_GPU,2420736,63108.068426529775,63357.90651035363,249.83808382385286
7,136,block_11_qkv,block_11_attention,2,gpu_host,HOST_to_GPU,1815552,63180.95194270593,63405.027707393565,224.0757646876368
5,141,block_11_norm2,block_11_fc1,1,gpu_host,GPU_to_HOST,605184,63183.45288604105,63309.73110807507,126.27822203402361
6,138,block_11_proj,block_11_residual1,2,gpu_host,HOST_to_GPU,605184,63200.88413993899,63327.162361973016,126.27822203402361
1,144,block_11_fc2,block_11_residual2,1,host_fpga_pcie,FPGA_to_HOST,605184,63270.36385832814,63388.00802566599,117.644167337852
5,141,block_11_norm2,block_11_fc1,2,host_fpga_pcie,HOST_to_FPGA,605184,63309.73110807507,63441.15526753269,131.42415945761877
2,144,block_11_fc2,block_11_residual2,1,host_fpga_pcie,FPGA_to_HOST,605184,63353.89378783556,63468.59652788764,114.70274005208336
1,144,block_11_fc2,block_11_residual2,2,gpu_host,HOST_to_GPU,605184,63388.00802566599,63430.79002652978,42.782000863786365
4,142,block_11_fc1,block_11_gelu,2,gpu_host,HOST_to_GPU,2420736,63466.5960017356,63867.52435454855,400.92835281295424
2,144,block_11_fc2,block_11_residual2,2,gpu_host,HOST_to_GPU,605184,63468.59652788764,63581.17394713558,112.5774192479445
3,143,block_11_gelu,block_11_fc2,1,gpu_host,GPU_to_HOST,2420736,63470.302841973025,63873.23172093802,402.92887896499485
5,142,block_11_fc1,block_11_gelu,1,host_fpga_pcie,FPGA_to_HOST,2420736,63507.87793153269,63701.329324801714,193.45139326902571
6,141,block_11_norm2,block_11_fc1,1,gpu_host,GPU_to_HOST,605184,63523.71756197303,63637.14813826367,113.4305762906379
6,141,block_11_norm2,block_11_fc1,2,host_fpga_pcie,HOST_to_FPGA,605184,63637.14813826367,63711.4539315327,74.30579326903053
7,137,block_11_attention,block_11_proj,1,gpu_host,GPU_to_HOST,605184,63647.938809973035,63762.23061169681,114.29180172377318
5,142,block_11_fc1,block_11_gelu,2,gpu_host,HOST_to_GPU,2420736,63701.329324801714,63948.5009617356,247.171636933885
7,137,block_11_attention,block_11_proj,2,host_fpga_pcie,HOST_to_FPGA,605184,63762.23061169681,63830.71502786092,68.48441616411071
6,142,block_11_fc1,block_11_gelu,1,host_fpga_pcie,FPGA_to_HOST,2420736,63778.1765955327,64103.58674099414,325.41014546144663
1,147,class_token_select,classifier,1,gpu_host,GPU_to_HOST,3072,63842.513209973054,63848.15832997306,5.645120000008497
2,147,class_token_select,classifier,1,gpu_host,GPU_to_HOST,3072,63847.63608997306,63853.281209973065,5.645120000008497
1,147,class_token_select,classifier,2,host_fpga_pcie,HOST_to_FPGA,3072,63848.15832997306,63853.56152997307,5.403200000003716
2,147,class_token_select,classifier,2,host_fpga_pcie,HOST_to_FPGA,3072,63853.281209973065,63858.684409973066,5.403200000003716
7,138,block_11_proj,block_11_residual1,1,host_fpga_pcie,FPGA_to_HOST,605184,63853.86444386092,63968.32640532237,114.46196146144838
3,143,block_11_gelu,block_11_fc2,2,host_fpga_pcie,HOST_to_FPGA,2420736,63873.23172093802,64164.785811696805,291.5540907587888
7,138,block_11_proj,block_11_residual1,2,gpu_host,HOST_to_GPU,605184,63968.32640532237,64035.84333609617,67.51693077380882
4,143,block_11_gelu,block_11_fc2,1,gpu_host,GPU_to_HOST,2420736,63969.35379454856,64247.02152668004,277.66773213147576
5,143,block_11_gelu,block_11_fc2,1,gpu_host,GPU_to_HOST,2420736,64071.18323454857,64433.707052099584,362.52381755101646
6,142,block_11_fc1,block_11_gelu,2,gpu_host,HOST_to_GPU,2420736,64103.58674099414,64449.90880532237,346.3220643282194
7,141,block_11_norm2,block_11_fc1,1,gpu_host,GPU_to_HOST,605184,64165.908994548576,64285.25360758144,119.34461303286793
3,144,block_11_fc2,block_11_residual2,1,host_fpga_pcie,FPGA_to_HOST,605184,64231.508475696806,64305.51193327966,74.00345758284965
4,143,block_11_gelu,block_11_fc2,2,host_fpga_pcie,HOST_to_FPGA,2420736,64247.02152668004,64543.092058867296,296.07053218726196
7,141,block_11_norm2,block_11_fc1,2,host_fpga_pcie,HOST_to_FPGA,605184,64285.25360758144,64374.77011614752,89.51650856607596
3,144,block_11_fc2,block_11_residual2,2,gpu_host,HOST_to_GPU,605184,64305.51193327966,64405.82841327966,100.31648000000115
5,143,block_11_gelu,block_11_fc2,2,host_fpga_pcie,HOST_to_FPGA,2420736,64433.707052099584,64873.00105086942,439.29399876983797
7,142,block_11_fc1,block_11_gelu,1,host_fpga_pcie,FPGA_to_HOST,2420736,64441.49278014752,64880.786778917354,439.29399876983797
6,143,block_11_gelu,block_11_fc2,1,gpu_host,GPU_to_HOST,2420736,64602.38361327968,64734.63353327968,132.24992000000768
3,147,class_token_select,classifier,1,gpu_host,GPU_to_HOST,3072,64607.506493279674,64612.82905327968,5.322560000006749
4,144,block_11_fc2,block_11_residual2,1,host_fpga_pcie,FPGA_to_HOST,605184,64609.8147228673,64734.16192286729,124.34719999999955
3,147,class_token_select,classifier,2,host_fpga_pcie,HOST_to_FPGA,3072,64612.82905327968,64618.63545327968,5.806400000002432
4,144,block_11_fc2,block_11_residual2,2,gpu_host,HOST_to_GPU,605184,64734.16192286729,64770.9340828673,36.772160000003716
6,143,block_11_gelu,block_11_fc2,2,host_fpga_pcie,HOST_to_FPGA,2420736,64734.63353327968,65031.21567569681,296.58214241712335
4,147,class_token_select,classifier,1,gpu_host,GPU_to_HOST,3072,64870.78272286731,64875.944002867305,5.161279999998936
4,147,class_token_select,classifier,2,host_fpga_pcie,HOST_to_FPGA,3072,64875.944002867305,64881.34720286731,5.403200000003716
7,142,block_11_fc1,block_11_gelu,2,gpu_host,HOST_to_GPU,2420736,64880.786778917354,65012.875418917356,132.08863999999986
5,144,block_11_fc2,block_11_residual2,1,host_fpga_pcie,FPGA_to_HOST,605184,64939.72371486942,65024.15411486942,84.4304000000018
5,144,block_11_fc2,block_11_residual2,2,gpu_host,HOST_to_GPU,605184,65024.15411486942,65060.926274869424,36.772160000003716
6,144,block_11_fc2,block_11_residual2,1,host_fpga_pcie,FPGA_to_HOST,605184,65097.938339696804,65142.65353969681,44.7152000000034
7,143,block_11_gelu,block_11_fc2,1,gpu_host,GPU_to_HOST,2420736,65114.704858917365,65278.72693891737,164.0220800000064
6,144,block_11_fc2,block_11_residual2,2,gpu_host,HOST_to_GPU,605184,65142.65353969681,65211.19785969681,68.54432000000243
5,147,class_token_select,classifier,1,gpu_host,GPU_to_HOST,3072,65214.553498917376,65219.87605891738,5.322560000006749
5,147,class_token_select,classifier,2,host_fpga_pcie,HOST_to_FPGA,3072,65219.87605891738,65225.077658917384,5.201600000004358
7,143,block_11_gelu,block_11_fc2,2,host_fpga_pcie,HOST_to_FPGA,2420736,65278.72693891737,65442.78933891737,164.06239999999795
6,147,class_token_select,classifier,1,gpu_host,GPU_to_HOST,3072,65314.40213891739,65319.56341891739,5.161279999998936
6,147,class_token_select,classifier,2,host_fpga_pcie,HOST_to_FPGA,3072,65319.56341891739,65324.96661891739,5.403200000003716
7,144,block_11_fc2,block_11_residual2,1,host_fpga_pcie,FPGA_to_HOST,605184,65509.51200291736,65554.22720291738,44.7152000000034
7,144,block_11_fc2,block_11_residual2,2,gpu_host,HOST_to_GPU,605184,65554.22720291738,65590.99936291737,36.772160000003716
7,147,class_token_select,classifier,1,gpu_host,GPU_to_HOST,3072,65690.84800291738,65696.00928291738,5.161279999998936
7,147,class_token_select,classifier,2,host_fpga_pcie,HOST_to_FPGA,3072,65696.00928291738,65701.21088291738,5.201600000004358
