request_id,edge_index,source,target,stage,resource,direction,bytes,start_us,finish_us,duration_us
0,3,block_00_norm1,block_00_qkv,1,gpu_host,GPU_to_HOST,302592,1362.8507520000007,1383.7368320000007,20.88608000000002
0,3,block_00_norm1,block_00_qkv,2,host_fpga_pcie,HOST_to_FPGA,302592,1383.7368320000007,1483.167232000001,99.43040000000009
1,3,block_00_norm1,block_00_qkv,1,gpu_host,GPU_to_HOST,302592,1607.7710880000009,1628.657168000001,20.88608000000002
1,3,block_00_norm1,block_00_qkv,2,host_fpga_pcie,HOST_to_FPGA,302592,1628.657168000001,1804.1966880000014,175.53952000000027
0,4,block_00_qkv,block_00_attention,1,host_fpga_pcie,FPGA_to_HOST,907776,1631.978448000001,1966.3787680000012,334.40032000000036
2,3,block_00_norm1,block_00_qkv,1,gpu_host,GPU_to_HOST,302592,1928.8005440000013,1949.6866240000013,20.88608000000002
2,3,block_00_norm1,block_00_qkv,2,host_fpga_pcie,HOST_to_FPGA,302592,1949.6866240000013,2125.2261440000016,175.53952000000027
1,4,block_00_qkv,block_00_attention,1,host_fpga_pcie,FPGA_to_HOST,907776,1953.0079040000012,2287.4082240000016,334.40032000000036
0,4,block_00_qkv,block_00_attention,2,gpu_host,HOST_to_GPU,907776,1966.3787680000012,2019.037008000001,52.65823999999961
3,3,block_00_norm1,block_00_qkv,1,gpu_host,GPU_to_HOST,302592,2249.8300000000017,2270.7160800000015,20.886079999999588
3,3,block_00_norm1,block_00_qkv,2,host_fpga_pcie,HOST_to_FPGA,302592,2270.7160800000015,2446.2556000000013,175.5395199999998
2,4,block_00_qkv,block_00_attention,1,host_fpga_pcie,FPGA_to_HOST,907776,2274.0373600000016,2608.4376800000014,334.4003199999999
1,4,block_00_qkv,block_00_attention,2,gpu_host,HOST_to_GPU,907776,2287.4082240000016,2340.0664640000014,52.65823999999961
4,3,block_00_norm1,block_00_qkv,1,gpu_host,GPU_to_HOST,302592,2570.859456000001,2591.745536000001,20.886079999999588
4,3,block_00_norm1,block_00_qkv,2,host_fpga_pcie,HOST_to_FPGA,302592,2591.745536000001,2767.2850560000006,175.5395199999998
3,4,block_00_qkv,block_00_attention,1,host_fpga_pcie,FPGA_to_HOST,907776,2595.066816000001,2929.467136000001,334.4003199999999
2,4,block_00_qkv,block_00_attention,2,gpu_host,HOST_to_GPU,907776,2608.4376800000014,2661.095920000001,52.65823999999961
5,3,block_00_norm1,block_00_qkv,1,gpu_host,GPU_to_HOST,302592,2891.888912000001,2912.774992,20.886079999999588
5,3,block_00_norm1,block_00_qkv,2,host_fpga_pcie,HOST_to_FPGA,302592,2912.774992,3088.314512,175.5395199999998
4,4,block_00_qkv,block_00_attention,1,host_fpga_pcie,FPGA_to_HOST,907776,2916.0962720000007,3250.4965920000004,334.4003199999999
3,4,block_00_qkv,block_00_attention,2,gpu_host,HOST_to_GPU,907776,2929.467136000001,2982.1253760000004,52.65823999999961
6,3,block_00_norm1,block_00_qkv,1,gpu_host,GPU_to_HOST,302592,3212.918368,3233.804448,20.886079999999588
6,3,block_00_norm1,block_00_qkv,2,host_fpga_pcie,HOST_to_FPGA,302592,3233.804448,3409.3439679999997,175.5395199999998
5,4,block_00_qkv,block_00_attention,1,host_fpga_pcie,FPGA_to_HOST,907776,3237.125728,3571.526048,334.4003199999999
4,4,block_00_qkv,block_00_attention,2,gpu_host,HOST_to_GPU,907776,3250.4965920000004,3303.154832,52.65823999999961
7,3,block_00_norm1,block_00_qkv,1,gpu_host,GPU_to_HOST,302592,3533.947824,3554.833903999999,20.886079999999588
7,3,block_00_norm1,block_00_qkv,2,host_fpga_pcie,HOST_to_FPGA,302592,3554.833903999999,3730.373423999999,175.5395199999998
6,4,block_00_qkv,block_00_attention,1,host_fpga_pcie,FPGA_to_HOST,907776,3558.1551839999997,3892.5555039999995,334.4003199999999
5,4,block_00_qkv,block_00_attention,2,gpu_host,HOST_to_GPU,907776,3571.526048,3624.1842879999995,52.65823999999961
0,5,block_00_attention,block_00_proj,1,gpu_host,GPU_to_HOST,302592,3854.977279999999,3875.863359999999,20.886079999999588
0,5,block_00_attention,block_00_proj,2,host_fpga_pcie,HOST_to_FPGA,302592,3875.863359999999,4051.4028799999983,175.53951999999938
7,4,block_00_qkv,block_00_attention,1,host_fpga_pcie,FPGA_to_HOST,907776,3879.184639999999,4354.493696,475.30905600000165
6,4,block_00_qkv,block_00_attention,2,gpu_host,HOST_to_GPU,907776,3892.5555039999995,3945.213743999999,52.65823999999961
0,6,block_00_proj,block_00_residual1,1,host_fpga_pcie,FPGA_to_HOST,302592,4117.909071999998,4362.002719999999,244.0936480000008
1,5,block_00_attention,block_00_proj,1,gpu_host,GPU_to_HOST,302592,4117.909071999998,4138.795151999998,20.88608000000002
1,5,block_00_attention,block_00_proj,2,host_fpga_pcie,HOST_to_FPGA,302592,4138.795151999998,4372.445759999999,233.65060800000123
7,4,block_00_qkv,block_00_attention,2,gpu_host,HOST_to_GPU,907776,4354.493696,4423.038016,68.54431999999983
0,6,block_00_proj,block_00_residual1,2,gpu_host,HOST_to_GPU,302592,4362.002719999999,4398.774879999997,36.77215999999938
1,6,block_00_proj,block_00_residual1,1,host_fpga_pcie,FPGA_to_HOST,302592,4438.951951999998,4596.926671999998,157.97471999999968
2,5,block_00_attention,block_00_proj,1,gpu_host,GPU_to_HOST,302592,4438.951951999998,4459.838031999998,20.88608000000002
2,5,block_00_attention,block_00_proj,2,host_fpga_pcie,HOST_to_FPGA,302592,4459.838031999998,4617.812751999998,157.97471999999968
1,6,block_00_proj,block_00_residual1,2,gpu_host,HOST_to_GPU,302592,4596.926671999998,4617.812751999998,20.88608000000002
2,6,block_00_proj,block_00_residual1,1,host_fpga_pcie,FPGA_to_HOST,302592,4684.318943999997,4842.293663999996,157.97471999999968
3,5,block_00_attention,block_00_proj,1,gpu_host,GPU_to_HOST,302592,4684.318943999997,4705.205023999997,20.88608000000002
3,5,block_00_attention,block_00_proj,2,host_fpga_pcie,HOST_to_FPGA,302592,4705.205023999997,4863.179743999996,157.97471999999968
2,6,block_00_proj,block_00_residual1,2,gpu_host,HOST_to_GPU,302592,4842.293663999996,4863.179743999996,20.88608000000002
3,6,block_00_proj,block_00_residual1,1,host_fpga_pcie,FPGA_to_HOST,302592,4929.685935999996,5087.6606559999955,157.97471999999968
4,5,block_00_attention,block_00_proj,1,gpu_host,GPU_to_HOST,302592,4929.685935999996,4950.5720159999955,20.88608000000002
4,5,block_00_attention,block_00_proj,2,host_fpga_pcie,HOST_to_FPGA,302592,4950.5720159999955,5108.546735999996,157.97471999999968
3,6,block_00_proj,block_00_residual1,2,gpu_host,HOST_to_GPU,302592,5087.6606559999955,5108.546735999996,20.88608000000002
4,6,block_00_proj,block_00_residual1,1,host_fpga_pcie,FPGA_to_HOST,302592,5175.052927999995,5333.027647999995,157.97471999999968
5,5,block_00_attention,block_00_proj,1,gpu_host,GPU_to_HOST,302592,5175.052927999995,5195.939007999995,20.88608000000002
5,5,block_00_attention,block_00_proj,2,host_fpga_pcie,HOST_to_FPGA,302592,5195.939007999995,5353.913727999995,157.97471999999968
4,6,block_00_proj,block_00_residual1,2,gpu_host,HOST_to_GPU,302592,5333.027647999995,5353.913727999995,20.88608000000002
5,6,block_00_proj,block_00_residual1,1,host_fpga_pcie,FPGA_to_HOST,302592,5420.419919999994,5578.394639999993,157.97471999999968
6,5,block_00_attention,block_00_proj,1,gpu_host,GPU_to_HOST,302592,5420.419919999994,5441.305999999994,20.88608000000002
6,5,block_00_attention,block_00_proj,2,host_fpga_pcie,HOST_to_FPGA,302592,5441.305999999994,5599.280719999993,157.97471999999968
5,6,block_00_proj,block_00_residual1,2,gpu_host,HOST_to_GPU,302592,5578.394639999993,5599.280719999993,20.88608000000002
0,9,block_00_norm2,block_00_ffn_island,1,gpu_host,GPU_to_HOST,302592,5665.786911999993,5686.6729919999925,20.88608000000002
6,6,block_00_proj,block_00_residual1,1,host_fpga_pcie,FPGA_to_HOST,302592,5665.786911999993,5823.7616319999925,157.97471999999968
0,9,block_00_norm2,block_00_ffn_island,2,host_fpga_pcie,HOST_to_FPGA,302592,5686.6729919999925,5844.647711999993,157.97471999999968
6,6,block_00_proj,block_00_residual1,2,gpu_host,HOST_to_GPU,302592,5823.7616319999925,5844.647711999993,20.88608000000002
0,10,block_00_ffn_island,block_00_residual2,1,host_fpga_pcie,FPGA_to_HOST,302592,6210.075167999991,6368.049887999991,157.97471999999968
7,5,block_00_attention,block_00_proj,1,gpu_host,GPU_to_HOST,302592,6210.075167999991,6230.961247999991,20.88608000000002
7,5,block_00_attention,block_00_proj,2,host_fpga_pcie,HOST_to_FPGA,302592,6230.961247999991,6388.935967999991,157.97471999999968
0,10,block_00_ffn_island,block_00_residual2,2,gpu_host,HOST_to_GPU,302592,6368.049887999991,6388.935967999991,20.88608000000002
1,9,block_00_norm2,block_00_ffn_island,1,gpu_host,GPU_to_HOST,302592,6455.4421599999905,6476.328239999991,20.88608000000002
7,6,block_00_proj,block_00_residual1,1,host_fpga_pcie,FPGA_to_HOST,302592,6455.4421599999905,6613.41687999999,157.97471999999968
1,9,block_00_norm2,block_00_ffn_island,2,host_fpga_pcie,HOST_to_FPGA,302592,6476.328239999991,6634.30295999999,157.97471999999968
7,6,block_00_proj,block_00_residual1,2,gpu_host,HOST_to_GPU,302592,6613.41687999999,6634.30295999999,20.88608000000002
1,10,block_00_ffn_island,block_00_residual2,1,host_fpga_pcie,FPGA_to_HOST,302592,6999.7304159999885,7157.705135999989,157.97471999999968
2,9,block_00_norm2,block_00_ffn_island,1,gpu_host,GPU_to_HOST,302592,6999.7304159999885,7020.616495999989,20.88608000000002
2,9,block_00_norm2,block_00_ffn_island,2,host_fpga_pcie,HOST_to_FPGA,302592,7020.616495999989,7178.591215999989,157.97471999999968
1,10,block_00_ffn_island,block_00_residual2,2,gpu_host,HOST_to_GPU,302592,7157.705135999989,7178.591215999989,20.88608000000002
2,10,block_00_ffn_island,block_00_residual2,1,host_fpga_pcie,FPGA_to_HOST,302592,7544.018671999987,7701.993391999987,157.97471999999968
3,9,block_00_norm2,block_00_ffn_island,1,gpu_host,GPU_to_HOST,302592,7544.018671999987,7564.904751999988,20.88608000000002
3,9,block_00_norm2,block_00_ffn_island,2,host_fpga_pcie,HOST_to_FPGA,302592,7564.904751999988,7722.879471999987,157.97471999999968
2,10,block_00_ffn_island,block_00_residual2,2,gpu_host,HOST_to_GPU,302592,7701.993391999987,7722.879471999987,20.88608000000002
3,10,block_00_ffn_island,block_00_residual2,1,host_fpga_pcie,FPGA_to_HOST,302592,8088.306927999987,8246.281647999987,157.97472000000056
4,9,block_00_norm2,block_00_ffn_island,1,gpu_host,GPU_to_HOST,302592,8088.306927999987,8109.193007999987,20.886079999999154
4,9,block_00_norm2,block_00_ffn_island,2,host_fpga_pcie,HOST_to_FPGA,302592,8109.193007999987,8267.167727999988,157.97472000000056
3,10,block_00_ffn_island,block_00_residual2,2,gpu_host,HOST_to_GPU,302592,8246.281647999987,8267.167727999988,20.886079999999154
4,10,block_00_ffn_island,block_00_residual2,1,host_fpga_pcie,FPGA_to_HOST,302592,8632.595183999989,8790.569903999989,157.97472000000056
5,9,block_00_norm2,block_00_ffn_island,1,gpu_host,GPU_to_HOST,302592,8632.595183999989,8653.481263999987,20.886079999999154
5,9,block_00_norm2,block_00_ffn_island,2,host_fpga_pcie,HOST_to_FPGA,302592,8653.481263999987,8811.45598399999,157.97472000000056
4,10,block_00_ffn_island,block_00_residual2,2,gpu_host,HOST_to_GPU,302592,8790.569903999989,8811.45598399999,20.886079999999154
5,10,block_00_ffn_island,block_00_residual2,1,host_fpga_pcie,FPGA_to_HOST,302592,9176.88343999999,9334.85815999999,157.97472000000056
6,9,block_00_norm2,block_00_ffn_island,1,gpu_host,GPU_to_HOST,302592,9176.88343999999,9197.769519999989,20.886079999999154
6,9,block_00_norm2,block_00_ffn_island,2,host_fpga_pcie,HOST_to_FPGA,302592,9197.769519999989,9355.744239999989,157.97472000000056
5,10,block_00_ffn_island,block_00_residual2,2,gpu_host,HOST_to_GPU,302592,9334.85815999999,9355.744239999989,20.886079999999154
0,13,block_01_norm1,block_01_qkv,1,gpu_host,GPU_to_HOST,302592,9721.17169599999,9742.05777599999,20.886079999999154
6,10,block_00_ffn_island,block_00_residual2,1,host_fpga_pcie,FPGA_to_HOST,302592,9721.17169599999,9879.146415999992,157.97472000000056
0,13,block_01_norm1,block_01_qkv,2,host_fpga_pcie,HOST_to_FPGA,302592,9742.05777599999,9900.03249599999,157.97472000000056
6,10,block_00_ffn_island,block_00_residual2,2,gpu_host,HOST_to_GPU,302592,9879.146415999992,9900.03249599999,20.886079999999154
7,9,block_00_norm2,block_00_ffn_island,1,gpu_host,GPU_to_HOST,302592,10024.636351999992,10045.52243199999,20.886079999999154
7,9,block_00_norm2,block_00_ffn_island,2,host_fpga_pcie,HOST_to_FPGA,302592,10045.52243199999,10221.06195199999,175.53951999999853
0,14,block_01_qkv,block_01_attention,1,host_fpga_pcie,FPGA_to_HOST,907776,10048.843711999993,10383.244031999991,334.40031999999906
0,14,block_01_qkv,block_01_attention,2,gpu_host,HOST_to_GPU,907776,10383.244031999991,10435.90227199999,52.65823999999961
1,13,block_01_norm1,block_01_qkv,1,gpu_host,GPU_to_HOST,302592,10586.48940799999,10607.37548799999,20.886079999999154
7,10,block_00_ffn_island,block_00_residual2,1,host_fpga_pcie,FPGA_to_HOST,302592,10586.48940799999,10744.46412799999,157.97472000000056
1,13,block_01_norm1,block_01_qkv,2,host_fpga_pcie,HOST_to_FPGA,302592,10607.37548799999,10765.35020799999,157.97472000000056
7,10,block_00_ffn_island,block_00_residual2,2,gpu_host,HOST_to_GPU,302592,10744.46412799999,10765.35020799999,20.886079999999154
2,13,block_01_norm1,block_01_qkv,1,gpu_host,GPU_to_HOST,302592,10889.95406399999,10910.84014399999,20.886079999999154
2,13,block_01_norm1,block_01_qkv,2,host_fpga_pcie,HOST_to_FPGA,302592,10910.84014399999,11086.37966399999,175.53951999999853
1,14,block_01_qkv,block_01_attention,1,host_fpga_pcie,FPGA_to_HOST,907776,10914.161423999993,11248.561743999991,334.40031999999906
3,13,block_01_norm1,block_01_qkv,1,gpu_host,GPU_to_HOST,302592,11210.98351999999,11231.869599999989,20.886079999999154
3,13,block_01_norm1,block_01_qkv,2,host_fpga_pcie,HOST_to_FPGA,302592,11231.869599999989,11407.409119999988,175.53951999999853
2,14,block_01_qkv,block_01_attention,1,host_fpga_pcie,FPGA_to_HOST,907776,11235.190879999991,11569.59119999999,334.40031999999906
1,14,block_01_qkv,block_01_attention,2,gpu_host,HOST_to_GPU,907776,11248.561743999991,11301.21998399999,52.65823999999961
4,13,block_01_norm1,block_01_qkv,1,gpu_host,GPU_to_HOST,302592,11532.012975999989,11552.899055999987,20.886079999999154
4,13,block_01_norm1,block_01_qkv,2,host_fpga_pcie,HOST_to_FPGA,302592,11552.899055999987,11728.438575999986,175.53951999999853
3,14,block_01_qkv,block_01_attention,1,host_fpga_pcie,FPGA_to_HOST,907776,11556.22033599999,11890.620655999988,334.40031999999906
2,14,block_01_qkv,block_01_attention,2,gpu_host,HOST_to_GPU,907776,11569.59119999999,11622.249439999989,52.65823999999961
5,13,block_01_norm1,block_01_qkv,1,gpu_host,GPU_to_HOST,302592,11853.042431999987,11873.928511999986,20.886079999999154
5,13,block_01_norm1,block_01_qkv,2,host_fpga_pcie,HOST_to_FPGA,302592,11873.928511999986,12049.468031999984,175.53951999999853
4,14,block_01_qkv,block_01_attention,1,host_fpga_pcie,FPGA_to_HOST,907776,11877.249791999988,12211.650111999987,334.40031999999906
3,14,block_01_qkv,block_01_attention,2,gpu_host,HOST_to_GPU,907776,11890.620655999988,11943.278895999987,52.65823999999961
6,13,block_01_norm1,block_01_qkv,1,gpu_host,GPU_to_HOST,302592,12174.071887999986,12194.957967999984,20.886079999999154
6,13,block_01_norm1,block_01_qkv,2,host_fpga_pcie,HOST_to_FPGA,302592,12194.957967999984,12370.497487999983,175.53951999999853
5,14,block_01_qkv,block_01_attention,1,host_fpga_pcie,FPGA_to_HOST,907776,12198.279247999986,12532.679567999985,334.40031999999906
4,14,block_01_qkv,block_01_attention,2,gpu_host,HOST_to_GPU,907776,12211.650111999987,12264.308351999985,52.65823999999961
0,15,block_01_attention,block_01_proj,1,gpu_host,GPU_to_HOST,302592,12495.101343999984,12515.987423999984,20.886079999999154
0,15,block_01_attention,block_01_proj,2,host_fpga_pcie,HOST_to_FPGA,302592,12515.987423999984,12691.526943999983,175.53951999999853
6,14,block_01_qkv,block_01_attention,1,host_fpga_pcie,FPGA_to_HOST,907776,12519.308703999985,12994.617759999986,475.30905600000165
5,14,block_01_qkv,block_01_attention,2,gpu_host,HOST_to_GPU,907776,12532.679567999985,12585.337807999986,52.65823999999961
0,16,block_01_proj,block_01_residual1,1,host_fpga_pcie,FPGA_to_HOST,302592,12758.033135999982,13002.126783999984,244.09364800000165
7,13,block_01_norm1,block_01_qkv,1,gpu_host,GPU_to_HOST,302592,12758.033135999982,12778.919215999982,20.886079999999154
7,13,block_01_norm1,block_01_qkv,2,host_fpga_pcie,HOST_to_FPGA,302592,12778.919215999982,13012.569823999982,233.65060800000123
6,14,block_01_qkv,block_01_attention,2,gpu_host,HOST_to_GPU,907776,12994.617759999986,13063.162079999987,68.5443200000007
0,16,block_01_proj,block_01_residual1,2,gpu_host,HOST_to_GPU,302592,13002.126783999984,13038.898943999984,36.77216000000025
1,15,block_01_attention,block_01_proj,1,gpu_host,GPU_to_HOST,302592,13137.173679999984,13158.059759999982,20.886079999999154
1,15,block_01_attention,block_01_proj,2,host_fpga_pcie,HOST_to_FPGA,302592,13158.059759999982,13333.599279999982,175.53951999999853
7,14,block_01_qkv,block_01_attention,1,host_fpga_pcie,FPGA_to_HOST,907776,13161.381039999984,13636.690095999986,475.30905600000165
1,16,block_01_proj,block_01_residual1,1,host_fpga_pcie,FPGA_to_HOST,302592,13400.105471999981,13644.199119999983,244.09364800000165
2,15,block_01_attention,block_01_proj,1,gpu_host,GPU_to_HOST,302592,13400.105471999981,13420.991551999981,20.886079999999154
2,15,block_01_attention,block_01_proj,2,host_fpga_pcie,HOST_to_FPGA,302592,13420.991551999981,13654.642159999981,233.65060800000123
7,14,block_01_qkv,block_01_attention,2,gpu_host,HOST_to_GPU,907776,13636.690095999986,13705.234415999987,68.5443200000007
1,16,block_01_proj,block_01_residual1,2,gpu_host,HOST_to_GPU,302592,13644.199119999983,13680.971279999983,36.77216000000025
2,16,block_01_proj,block_01_residual1,1,host_fpga_pcie,FPGA_to_HOST,302592,13721.148351999982,13879.123071999982,157.97472000000056
3,15,block_01_attention,block_01_proj,1,gpu_host,GPU_to_HOST,302592,13721.148351999982,13742.03443199998,20.886079999999154
3,15,block_01_attention,block_01_proj,2,host_fpga_pcie,HOST_to_FPGA,302592,13742.03443199998,13900.009151999982,157.97472000000056
2,16,block_01_proj,block_01_residual1,2,gpu_host,HOST_to_GPU,302592,13879.123071999982,13900.009151999982,20.886079999999154
3,16,block_01_proj,block_01_residual1,1,host_fpga_pcie,FPGA_to_HOST,302592,13966.515343999981,14124.490063999983,157.97472000000056
4,15,block_01_attention,block_01_proj,1,gpu_host,GPU_to_HOST,302592,13966.515343999981,13987.401423999981,20.886079999999154
4,15,block_01_attention,block_01_proj,2,host_fpga_pcie,HOST_to_FPGA,302592,13987.401423999981,14145.376143999982,157.97472000000056
3,16,block_01_proj,block_01_residual1,2,gpu_host,HOST_to_GPU,302592,14124.490063999983,14145.376143999982,20.886079999999154
4,16,block_01_proj,block_01_residual1,1,host_fpga_pcie,FPGA_to_HOST,302592,14211.882335999982,14369.857055999983,157.97472000000056
5,15,block_01_attention,block_01_proj,1,gpu_host,GPU_to_HOST,302592,14211.882335999982,14232.76841599998,20.886079999999154
5,15,block_01_attention,block_01_proj,2,host_fpga_pcie,HOST_to_FPGA,302592,14232.76841599998,14390.743135999981,157.97472000000056
4,16,block_01_proj,block_01_residual1,2,gpu_host,HOST_to_GPU,302592,14369.857055999983,14390.743135999981,20.886079999999154
0,19,block_01_norm2,block_01_ffn_island,1,gpu_host,GPU_to_HOST,302592,14457.249327999982,14478.13540799998,20.886079999999154
5,16,block_01_proj,block_01_residual1,1,host_fpga_pcie,FPGA_to_HOST,302592,14457.249327999982,14615.224047999982,157.97472000000056
0,19,block_01_norm2,block_01_ffn_island,2,host_fpga_pcie,HOST_to_FPGA,302592,14478.13540799998,14636.110127999982,157.97472000000056
5,16,block_01_proj,block_01_residual1,2,gpu_host,HOST_to_GPU,302592,14615.224047999982,14636.110127999982,20.886079999999154
0,20,block_01_ffn_island,block_01_residual2,1,host_fpga_pcie,FPGA_to_HOST,302592,15001.537583999983,15159.512303999983,157.97472000000056
6,15,block_01_attention,block_01_proj,1,gpu_host,GPU_to_HOST,302592,15001.537583999983,15022.423663999982,20.886079999999154
6,15,block_01_attention,block_01_proj,2,host_fpga_pcie,HOST_to_FPGA,302592,15022.423663999982,15180.398383999982,157.97472000000056
0,20,block_01_ffn_island,block_01_residual2,2,gpu_host,HOST_to_GPU,302592,15159.512303999983,15180.398383999982,20.886079999999154
1,19,block_01_norm2,block_01_ffn_island,1,gpu_host,GPU_to_HOST,302592,15246.904575999983,15267.790655999981,20.886079999999154
6,16,block_01_proj,block_01_residual1,1,host_fpga_pcie,FPGA_to_HOST,302592,15246.904575999983,15404.879295999983,157.97472000000056
1,19,block_01_norm2,block_01_ffn_island,2,host_fpga_pcie,HOST_to_FPGA,302592,15267.790655999981,15425.765375999983,157.97472000000056
6,16,block_01_proj,block_01_residual1,2,gpu_host,HOST_to_GPU,302592,15404.879295999983,15425.765375999983,20.886079999999154
1,20,block_01_ffn_island,block_01_residual2,1,host_fpga_pcie,FPGA_to_HOST,302592,15791.192831999982,15949.16755199998,157.97471999999883
7,15,block_01_attention,block_01_proj,1,gpu_host,GPU_to_HOST,302592,15791.192831999982,15812.078911999983,20.886080000000888
7,15,block_01_attention,block_01_proj,2,host_fpga_pcie,HOST_to_FPGA,302592,15812.078911999983,15970.053631999981,157.97471999999883
1,20,block_01_ffn_island,block_01_residual2,2,gpu_host,HOST_to_GPU,302592,15949.16755199998,15970.053631999981,20.886080000000888
2,19,block_01_norm2,block_01_ffn_island,1,gpu_host,GPU_to_HOST,302592,16036.559823999978,16057.445903999978,20.886080000000888
7,16,block_01_proj,block_01_residual1,1,host_fpga_pcie,FPGA_to_HOST,302592,16036.559823999978,16194.534543999976,157.97471999999883
2,19,block_01_norm2,block_01_ffn_island,2,host_fpga_pcie,HOST_to_FPGA,302592,16057.445903999978,16215.420623999978,157.97471999999883
7,16,block_01_proj,block_01_residual1,2,gpu_host,HOST_to_GPU,302592,16194.534543999976,16215.420623999978,20.886080000000888
2,20,block_01_ffn_island,block_01_residual2,1,host_fpga_pcie,FPGA_to_HOST,302592,16580.848079999974,16738.822799999973,157.97471999999883
3,19,block_01_norm2,block_01_ffn_island,1,gpu_host,GPU_to_HOST,302592,16580.848079999974,16601.734159999975,20.886080000000888
3,19,block_01_norm2,block_01_ffn_island,2,host_fpga_pcie,HOST_to_FPGA,302592,16601.734159999975,16759.708879999973,157.97471999999883
2,20,block_01_ffn_island,block_01_residual2,2,gpu_host,HOST_to_GPU,302592,16738.822799999973,16759.708879999973,20.886080000000888
3,20,block_01_ffn_island,block_01_residual2,1,host_fpga_pcie,FPGA_to_HOST,302592,17125.13633599997,17283.11105599997,157.97471999999883
4,19,block_01_norm2,block_01_ffn_island,1,gpu_host,GPU_to_HOST,302592,17125.13633599997,17146.02241599997,20.886080000000888
4,19,block_01_norm2,block_01_ffn_island,2,host_fpga_pcie,HOST_to_FPGA,302592,17146.02241599997,17303.99713599997,157.97471999999883
3,20,block_01_ffn_island,block_01_residual2,2,gpu_host,HOST_to_GPU,302592,17283.11105599997,17303.99713599997,20.886080000000888
4,20,block_01_ffn_island,block_01_residual2,1,host_fpga_pcie,FPGA_to_HOST,302592,17669.424591999967,17827.399311999965,157.97471999999883
5,19,block_01_norm2,block_01_ffn_island,1,gpu_host,GPU_to_HOST,302592,17669.424591999967,17690.310671999967,20.886080000000888
5,19,block_01_norm2,block_01_ffn_island,2,host_fpga_pcie,HOST_to_FPGA,302592,17690.310671999967,17848.285391999965,157.97471999999883
4,20,block_01_ffn_island,block_01_residual2,2,gpu_host,HOST_to_GPU,302592,17827.399311999965,17848.285391999965,20.886080000000888
0,23,block_02_norm1,block_02_qkv,1,gpu_host,GPU_to_HOST,302592,18213.712847999963,18234.598927999963,20.886080000000888
5,20,block_01_ffn_island,block_01_residual2,1,host_fpga_pcie,FPGA_to_HOST,302592,18213.712847999963,18371.68756799996,157.97471999999883
0,23,block_02_norm1,block_02_qkv,2,host_fpga_pcie,HOST_to_FPGA,302592,18234.598927999963,18392.57364799996,157.97471999999883
5,20,block_01_ffn_island,block_01_residual2,2,gpu_host,HOST_to_GPU,302592,18371.68756799996,18392.57364799996,20.886080000000888
6,19,block_01_norm2,block_01_ffn_island,1,gpu_host,GPU_to_HOST,302592,18517.17750399996,18538.06358399996,20.886080000000888
6,19,block_01_norm2,block_01_ffn_island,2,host_fpga_pcie,HOST_to_FPGA,302592,18538.06358399996,18713.60310399996,175.53952000000027
0,24,block_02_qkv,block_02_attention,1,host_fpga_pcie,FPGA_to_HOST,907776,18541.38486399996,18875.78518399996,334.40032000000076
0,24,block_02_qkv,block_02_attention,2,gpu_host,HOST_to_GPU,907776,18875.78518399996,18928.443423999965,52.658240000003076
1,23,block_02_norm1,block_02_qkv,1,gpu_host,GPU_to_HOST,302592,19079.030559999956,19099.916639999956,20.886080000000888
6,20,block_01_ffn_island,block_01_residual2,1,host_fpga_pcie,FPGA_to_HOST,302592,19079.030559999956,19237.005279999954,157.97471999999883
1,23,block_02_norm1,block_02_qkv,2,host_fpga_pcie,HOST_to_FPGA,302592,19099.916639999956,19257.891359999958,157.97471999999883
6,20,block_01_ffn_island,block_01_residual2,2,gpu_host,HOST_to_GPU,302592,19237.005279999954,19257.891359999958,20.886080000000888
7,19,block_01_norm2,block_01_ffn_island,1,gpu_host,GPU_to_HOST,302592,19382.495215999952,19403.381295999956,20.886080000000888
7,19,block_01_norm2,block_01_ffn_island,2,host_fpga_pcie,HOST_to_FPGA,302592,19403.381295999956,19578.920815999954,175.53952000000027
1,24,block_02_qkv,block_02_attention,1,host_fpga_pcie,FPGA_to_HOST,907776,19406.702575999952,19741.102895999953,334.40032000000076
1,24,block_02_qkv,block_02_attention,2,gpu_host,HOST_to_GPU,907776,19741.102895999953,19793.761135999957,52.658240000003076
2,23,block_02_norm1,block_02_qkv,1,gpu_host,GPU_to_HOST,302592,19944.348271999952,19965.234351999952,20.886080000000888
7,20,block_01_ffn_island,block_01_residual2,1,host_fpga_pcie,FPGA_to_HOST,302592,19944.348271999952,20102.32299199995,157.97471999999883
2,23,block_02_norm1,block_02_qkv,2,host_fpga_pcie,HOST_to_FPGA,302592,19965.234351999952,20123.20907199995,157.97471999999883
7,20,block_01_ffn_island,block_01_residual2,2,gpu_host,HOST_to_GPU,302592,20102.32299199995,20123.20907199995,20.886080000000888
3,23,block_02_norm1,block_02_qkv,1,gpu_host,GPU_to_HOST,302592,20247.81292799995,20268.69900799995,20.886080000000888
3,23,block_02_norm1,block_02_qkv,2,host_fpga_pcie,HOST_to_FPGA,302592,20268.69900799995,20444.23852799995,175.53952000000027
2,24,block_02_qkv,block_02_attention,1,host_fpga_pcie,FPGA_to_HOST,907776,20272.02028799995,20606.42060799995,334.40032000000076
4,23,block_02_norm1,block_02_qkv,1,gpu_host,GPU_to_HOST,302592,20568.842383999945,20589.72846399995,20.886080000000888
4,23,block_02_norm1,block_02_qkv,2,host_fpga_pcie,HOST_to_FPGA,302592,20589.72846399995,20765.267983999947,175.53952000000027
3,24,block_02_qkv,block_02_attention,1,host_fpga_pcie,FPGA_to_HOST,907776,20593.049743999945,20927.45006399995,334.40032000000076
2,24,block_02_qkv,block_02_attention,2,gpu_host,HOST_to_GPU,907776,20606.42060799995,20659.078847999954,52.658240000003076
5,23,block_02_norm1,block_02_qkv,1,gpu_host,GPU_to_HOST,302592,20889.871839999945,20910.757919999945,20.886080000000888
5,23,block_02_norm1,block_02_qkv,2,host_fpga_pcie,HOST_to_FPGA,302592,20910.757919999945,21086.297439999948,175.53952000000027
4,24,block_02_qkv,block_02_attention,1,host_fpga_pcie,FPGA_to_HOST,907776,20914.079199999946,21248.479519999946,334.40032000000076
3,24,block_02_qkv,block_02_attention,2,gpu_host,HOST_to_GPU,907776,20927.45006399995,20980.10830399995,52.658240000003076
0,25,block_02_attention,block_02_proj,1,gpu_host,GPU_to_HOST,302592,21210.901295999945,21231.787375999946,20.886080000000888
0,25,block_02_attention,block_02_proj,2,host_fpga_pcie,HOST_to_FPGA,302592,21231.787375999946,21407.326895999944,175.53952000000027
5,24,block_02_qkv,block_02_attention,1,host_fpga_pcie,FPGA_to_HOST,907776,21235.108655999946,21710.41771199995,475.3090560000069
4,24,block_02_qkv,block_02_attention,2,gpu_host,HOST_to_GPU,907776,21248.479519999946,21301.13775999995,52.658240000003076
0,26,block_02_proj,block_02_residual1,1,host_fpga_pcie,FPGA_to_HOST,302592,21473.83308799994,21717.926735999943,244.09364800000165
6,23,block_02_norm1,block_02_qkv,1,gpu_host,GPU_to_HOST,302592,21473.83308799994,21494.71916799994,20.886080000000888
6,23,block_02_norm1,block_02_qkv,2,host_fpga_pcie,HOST_to_FPGA,302592,21494.71916799994,21728.369775999945,233.65060800000296
5,24,block_02_qkv,block_02_attention,2,gpu_host,HOST_to_GPU,907776,21710.41771199995,21778.962031999952,68.54432000000243
0,26,block_02_proj,block_02_residual1,2,gpu_host,HOST_to_GPU,302592,21717.926735999943,21754.698895999943,36.77216000000025
1,25,block_02_attention,block_02_proj,1,gpu_host,GPU_to_HOST,302592,21852.973631999943,21873.859711999943,20.886080000000888
1,25,block_02_attention,block_02_proj,2,host_fpga_pcie,HOST_to_FPGA,302592,21873.859711999943,22049.399231999945,175.53952000000027
6,24,block_02_qkv,block_02_attention,1,host_fpga_pcie,FPGA_to_HOST,907776,21877.180991999943,22352.49004799995,475.3090560000069
1,26,block_02_proj,block_02_residual1,1,host_fpga_pcie,FPGA_to_HOST,302592,22115.905423999942,22359.999071999944,244.09364800000165
7,23,block_02_norm1,block_02_qkv,1,gpu_host,GPU_to_HOST,302592,22115.905423999942,22136.791503999943,20.886080000000888
7,23,block_02_norm1,block_02_qkv,2,host_fpga_pcie,HOST_to_FPGA,302592,22136.791503999943,22370.442111999946,233.65060800000296
6,24,block_02_qkv,block_02_attention,2,gpu_host,HOST_to_GPU,907776,22352.49004799995,22421.034367999953,68.54432000000243
1,26,block_02_proj,block_02_residual1,2,gpu_host,HOST_to_GPU,302592,22359.999071999944,22396.771231999945,36.77216000000025
2,25,block_02_attention,block_02_proj,1,gpu_host,GPU_to_HOST,302592,22495.045967999944,22515.932047999944,20.886080000000888
2,25,block_02_attention,block_02_proj,2,host_fpga_pcie,HOST_to_FPGA,302592,22515.932047999944,22691.471567999943,175.53952000000027
7,24,block_02_qkv,block_02_attention,1,host_fpga_pcie,FPGA_to_HOST,907776,22519.253327999944,22994.56238399995,475.3090560000069
2,26,block_02_proj,block_02_residual1,1,host_fpga_pcie,FPGA_to_HOST,302592,22757.97775999994,23002.07140799994,244.09364800000165
3,25,block_02_attention,block_02_proj,1,gpu_host,GPU_to_HOST,302592,22757.97775999994,22778.86383999994,20.886080000000888
3,25,block_02_attention,block_02_proj,2,host_fpga_pcie,HOST_to_FPGA,302592,22778.86383999994,23012.514447999944,233.65060800000296
7,24,block_02_qkv,block_02_attention,2,gpu_host,HOST_to_GPU,907776,22994.56238399995,23063.10670399995,68.54432000000243
2,26,block_02_proj,block_02_residual1,2,gpu_host,HOST_to_GPU,302592,23002.07140799994,23038.843567999942,36.77216000000025
3,26,block_02_proj,block_02_residual1,1,host_fpga_pcie,FPGA_to_HOST,302592,23079.02063999994,23236.99535999994,157.97471999999883
4,25,block_02_attention,block_02_proj,1,gpu_host,GPU_to_HOST,302592,23079.02063999994,23099.90671999994,20.886080000000888
4,25,block_02_attention,block_02_proj,2,host_fpga_pcie,HOST_to_FPGA,302592,23099.90671999994,23257.88143999994,157.97471999999883
3,26,block_02_proj,block_02_residual1,2,gpu_host,HOST_to_GPU,302592,23236.99535999994,23257.88143999994,20.886080000000888
0,29,block_02_norm2,block_02_ffn_island,1,gpu_host,GPU_to_HOST,302592,23324.387631999936,23345.273711999936,20.886080000000888
4,26,block_02_proj,block_02_residual1,1,host_fpga_pcie,FPGA_to_HOST,302592,23324.387631999936,23482.362351999935,157.97471999999883
0,29,block_02_norm2,block_02_ffn_island,2,host_fpga_pcie,HOST_to_FPGA,302592,23345.273711999936,23503.24843199994,157.97471999999883
4,26,block_02_proj,block_02_residual1,2,gpu_host,HOST_to_GPU,302592,23482.362351999935,23503.24843199994,20.886080000000888
0,30,block_02_ffn_island,block_02_residual2,1,host_fpga_pcie,FPGA_to_HOST,302592,23868.675887999932,24026.65060799993,157.97471999999883
5,25,block_02_attention,block_02_proj,1,gpu_host,GPU_to_HOST,302592,23868.675887999932,23889.561967999933,20.886080000000888
5,25,block_02_attention,block_02_proj,2,host_fpga_pcie,HOST_to_FPGA,302592,23889.561967999933,24047.53668799993,157.97471999999883
0,30,block_02_ffn_island,block_02_residual2,2,gpu_host,HOST_to_GPU,302592,24026.65060799993,24047.53668799993,20.886080000000888
1,29,block_02_norm2,block_02_ffn_island,1,gpu_host,GPU_to_HOST,302592,24114.042879999928,24134.928959999932,20.886080000000888
5,26,block_02_proj,block_02_residual1,1,host_fpga_pcie,FPGA_to_HOST,302592,24114.042879999928,24272.017599999926,157.97471999999883
1,29,block_02_norm2,block_02_ffn_island,2,host_fpga_pcie,HOST_to_FPGA,302592,24134.928959999932,24292.90367999993,157.97471999999883
5,26,block_02_proj,block_02_residual1,2,gpu_host,HOST_to_GPU,302592,24272.017599999926,24292.90367999993,20.886080000000888
1,30,block_02_ffn_island,block_02_residual2,1,host_fpga_pcie,FPGA_to_HOST,302592,24658.331135999924,24816.305855999923,157.97471999999883
6,25,block_02_attention,block_02_proj,1,gpu_host,GPU_to_HOST,302592,24658.331135999924,24679.217215999925,20.886080000000888
6,25,block_02_attention,block_02_proj,2,host_fpga_pcie,HOST_to_FPGA,302592,24679.217215999925,24837.191935999926,157.97471999999883
1,30,block_02_ffn_island,block_02_residual2,2,gpu_host,HOST_to_GPU,302592,24816.305855999923,24837.191935999926,20.886080000000888
2,29,block_02_norm2,block_02_ffn_island,1,gpu_host,GPU_to_HOST,302592,24903.69812799992,24924.584207999924,20.886080000000888
6,26,block_02_proj,block_02_residual1,1,host_fpga_pcie,FPGA_to_HOST,302592,24903.69812799992,25061.672847999922,157.97471999999883
2,29,block_02_norm2,block_02_ffn_island,2,host_fpga_pcie,HOST_to_FPGA,302592,24924.584207999924,25082.558927999922,157.97471999999883
6,26,block_02_proj,block_02_residual1,2,gpu_host,HOST_to_GPU,302592,25061.672847999922,25082.558927999922,20.886080000000888
2,30,block_02_ffn_island,block_02_residual2,1,host_fpga_pcie,FPGA_to_HOST,302592,25447.986383999916,25605.961103999918,157.97471999999883
7,25,block_02_attention,block_02_proj,1,gpu_host,GPU_to_HOST,302592,25447.986383999916,25468.87246399992,20.886080000000888
7,25,block_02_attention,block_02_proj,2,host_fpga_pcie,HOST_to_FPGA,302592,25468.87246399992,25626.84718399992,157.97471999999883
2,30,block_02_ffn_island,block_02_residual2,2,gpu_host,HOST_to_GPU,302592,25605.961103999918,25626.84718399992,20.886080000000888
3,29,block_02_norm2,block_02_ffn_island,1,gpu_host,GPU_to_HOST,302592,25693.353375999915,25714.239455999916,20.886080000000888
7,26,block_02_proj,block_02_residual1,1,host_fpga_pcie,FPGA_to_HOST,302592,25693.353375999915,25851.328095999914,157.97471999999883
3,29,block_02_norm2,block_02_ffn_island,2,host_fpga_pcie,HOST_to_FPGA,302592,25714.239455999916,25872.214175999914,157.97471999999883
7,26,block_02_proj,block_02_residual1,2,gpu_host,HOST_to_GPU,302592,25851.328095999914,25872.214175999914,20.886080000000888
3,30,block_02_ffn_island,block_02_residual2,1,host_fpga_pcie,FPGA_to_HOST,302592,26237.641631999908,26395.61635199991,157.97471999999883
4,29,block_02_norm2,block_02_ffn_island,1,gpu_host,GPU_to_HOST,302592,26237.641631999908,26258.527711999912,20.886080000000888
4,29,block_02_norm2,block_02_ffn_island,2,host_fpga_pcie,HOST_to_FPGA,302592,26258.527711999912,26416.50243199991,157.97471999999883
3,30,block_02_ffn_island,block_02_residual2,2,gpu_host,HOST_to_GPU,302592,26395.61635199991,26416.50243199991,20.886080000000888
0,33,block_03_norm1,block_03_qkv,1,gpu_host,GPU_to_HOST,302592,26781.929887999904,26802.815967999908,20.886080000000888
4,30,block_02_ffn_island,block_02_residual2,1,host_fpga_pcie,FPGA_to_HOST,302592,26781.929887999904,26939.904607999906,157.97471999999883
0,33,block_03_norm1,block_03_qkv,2,host_fpga_pcie,HOST_to_FPGA,302592,26802.815967999908,26960.790687999906,157.97471999999883
4,30,block_02_ffn_island,block_02_residual2,2,gpu_host,HOST_to_GPU,302592,26939.904607999906,26960.790687999906,20.886080000000888
5,29,block_02_norm2,block_02_ffn_island,1,gpu_host,GPU_to_HOST,302592,27085.394543999904,27106.280623999904,20.886080000000888
5,29,block_02_norm2,block_02_ffn_island,2,host_fpga_pcie,HOST_to_FPGA,302592,27106.280623999904,27281.820143999903,175.53952000000027
0,34,block_03_qkv,block_03_attention,1,host_fpga_pcie,FPGA_to_HOST,907776,27109.601903999905,27444.002223999905,334.40032000000076
0,34,block_03_qkv,block_03_attention,2,gpu_host,HOST_to_GPU,907776,27444.002223999905,27496.660463999906,52.658240000003076
1,33,block_03_norm1,block_03_qkv,1,gpu_host,GPU_to_HOST,302592,27647.2475999999,27668.1336799999,20.886080000000888
5,30,block_02_ffn_island,block_02_residual2,1,host_fpga_pcie,FPGA_to_HOST,302592,27647.2475999999,27805.2223199999,157.97471999999883
1,33,block_03_norm1,block_03_qkv,2,host_fpga_pcie,HOST_to_FPGA,302592,27668.1336799999,27826.1083999999,157.97471999999883
5,30,block_02_ffn_island,block_02_residual2,2,gpu_host,HOST_to_GPU,302592,27805.2223199999,27826.1083999999,20.886080000000888
6,29,block_02_norm2,block_02_ffn_island,1,gpu_host,GPU_to_HOST,302592,27950.712255999897,27971.598335999897,20.886080000000888
6,29,block_02_norm2,block_02_ffn_island,2,host_fpga_pcie,HOST_to_FPGA,302592,27971.598335999897,28147.1378559999,175.53952000000027
1,34,block_03_qkv,block_03_attention,1,host_fpga_pcie,FPGA_to_HOST,907776,27974.919615999897,28309.319935999898,334.40032000000076
1,34,block_03_qkv,block_03_attention,2,gpu_host,HOST_to_GPU,907776,28309.319935999898,28361.978175999902,52.658240000003076
2,33,block_03_norm1,block_03_qkv,1,gpu_host,GPU_to_HOST,302592,28512.565311999893,28533.451391999897,20.886080000000888
6,30,block_02_ffn_island,block_02_residual2,1,host_fpga_pcie,FPGA_to_HOST,302592,28512.565311999893,28670.540031999895,157.97471999999883
2,33,block_03_norm1,block_03_qkv,2,host_fpga_pcie,HOST_to_FPGA,302592,28533.451391999897,28691.426111999896,157.97471999999883
6,30,block_02_ffn_island,block_02_residual2,2,gpu_host,HOST_to_GPU,302592,28670.540031999895,28691.426111999896,20.886080000000888
7,29,block_02_norm2,block_02_ffn_island,1,gpu_host,GPU_to_HOST,302592,28816.029967999893,28836.916047999894,20.886080000000888
7,29,block_02_norm2,block_02_ffn_island,2,host_fpga_pcie,HOST_to_FPGA,302592,28836.916047999894,29012.455567999892,175.53952000000027
2,34,block_03_qkv,block_03_attention,1,host_fpga_pcie,FPGA_to_HOST,907776,28840.237327999894,29174.637647999894,334.40032000000076
2,34,block_03_qkv,block_03_attention,2,gpu_host,HOST_to_GPU,907776,29174.637647999894,29227.295887999895,52.658240000003076
3,33,block_03_norm1,block_03_qkv,1,gpu_host,GPU_to_HOST,302592,29377.88302399989,29398.76910399989,20.886080000000888
7,30,block_02_ffn_island,block_02_residual2,1,host_fpga_pcie,FPGA_to_HOST,302592,29377.88302399989,29535.857743999888,157.97471999999883
3,33,block_03_norm1,block_03_qkv,2,host_fpga_pcie,HOST_to_FPGA,302592,29398.76910399989,29556.74382399989,157.97471999999883
7,30,block_02_ffn_island,block_02_residual2,2,gpu_host,HOST_to_GPU,302592,29535.857743999888,29556.74382399989,20.886080000000888
4,33,block_03_norm1,block_03_qkv,1,gpu_host,GPU_to_HOST,302592,29681.347679999886,29702.233759999886,20.886080000000888
4,33,block_03_norm1,block_03_qkv,2,host_fpga_pcie,HOST_to_FPGA,302592,29702.233759999886,29877.77327999989,175.53952000000027
3,34,block_03_qkv,block_03_attention,1,host_fpga_pcie,FPGA_to_HOST,907776,29705.555039999887,30039.955359999887,334.40032000000076
0,35,block_03_attention,block_03_proj,1,gpu_host,GPU_to_HOST,302592,30002.377135999886,30023.263215999887,20.886080000000888
0,35,block_03_attention,block_03_proj,2,host_fpga_pcie,HOST_to_FPGA,302592,30023.263215999887,30198.802735999885,175.53952000000027
4,34,block_03_qkv,block_03_attention,1,host_fpga_pcie,FPGA_to_HOST,907776,30026.584495999887,30501.893551999892,475.3090560000069
3,34,block_03_qkv,block_03_attention,2,gpu_host,HOST_to_GPU,907776,30039.955359999887,30092.61359999989,52.658240000003076
0,36,block_03_proj,block_03_residual1,1,host_fpga_pcie,FPGA_to_HOST,302592,30265.308927999882,30509.402575999884,244.09364800000165
5,33,block_03_norm1,block_03_qkv,1,gpu_host,GPU_to_HOST,302592,30265.308927999882,30286.195007999882,20.886080000000888
5,33,block_03_norm1,block_03_qkv,2,host_fpga_pcie,HOST_to_FPGA,302592,30286.195007999882,30519.845615999886,233.65060800000296
4,34,block_03_qkv,block_03_attention,2,gpu_host,HOST_to_GPU,907776,30501.893551999892,30570.437871999893,68.54432000000243
0,36,block_03_proj,block_03_residual1,2,gpu_host,HOST_to_GPU,302592,30509.402575999884,30546.174735999884,36.77216000000025
1,35,block_03_attention,block_03_proj,1,gpu_host,GPU_to_HOST,302592,30644.449471999884,30665.335551999884,20.886080000000888
1,35,block_03_attention,block_03_proj,2,host_fpga_pcie,HOST_to_FPGA,302592,30665.335551999884,30840.875071999886,175.53952000000027
5,34,block_03_qkv,block_03_attention,1,host_fpga_pcie,FPGA_to_HOST,907776,30668.656831999884,31143.965887999893,475.3090560000069
1,36,block_03_proj,block_03_residual1,1,host_fpga_pcie,FPGA_to_HOST,302592,30907.381263999883,31151.474911999885,244.09364800000165
6,33,block_03_norm1,block_03_qkv,1,gpu_host,GPU_to_HOST,302592,30907.381263999883,30928.267343999883,20.886080000000888
6,33,block_03_norm1,block_03_qkv,2,host_fpga_pcie,HOST_to_FPGA,302592,30928.267343999883,31161.917951999887,233.65060800000296
5,34,block_03_qkv,block_03_attention,2,gpu_host,HOST_to_GPU,907776,31143.965887999893,31212.510207999894,68.54432000000243
1,36,block_03_proj,block_03_residual1,2,gpu_host,HOST_to_GPU,302592,31151.474911999885,31188.247071999886,36.77216000000025
2,35,block_03_attention,block_03_proj,1,gpu_host,GPU_to_HOST,302592,31286.52180799989,31307.407887999885,20.88607999999742
2,35,block_03_attention,block_03_proj,2,host_fpga_pcie,HOST_to_FPGA,302592,31307.407887999885,31482.94740799988,175.5395199999968
6,34,block_03_qkv,block_03_attention,1,host_fpga_pcie,FPGA_to_HOST,907776,31310.72916799989,31786.038223999876,475.30905599998954
2,36,block_03_proj,block_03_residual1,1,host_fpga_pcie,FPGA_to_HOST,302592,31549.453599999888,31793.547247999883,244.09364799999472
7,33,block_03_norm1,block_03_qkv,1,gpu_host,GPU_to_HOST,302592,31549.453599999888,31570.339679999885,20.88607999999742
7,33,block_03_norm1,block_03_qkv,2,host_fpga_pcie,HOST_to_FPGA,302592,31570.339679999885,31803.990287999884,233.6506079999995
6,34,block_03_qkv,block_03_attention,2,gpu_host,HOST_to_GPU,907776,31786.038223999876,31854.582543999873,68.5443199999955
2,36,block_03_proj,block_03_residual1,2,gpu_host,HOST_to_GPU,302592,31793.547247999883,31830.31940799988,36.77215999999678
3,35,block_03_attention,block_03_proj,1,gpu_host,GPU_to_HOST,302592,31928.594143999886,31949.480223999883,20.88607999999742
3,35,block_03_attention,block_03_proj,2,host_fpga_pcie,HOST_to_FPGA,302592,31949.480223999883,32125.01974399988,175.5395199999968
7,34,block_03_qkv,block_03_attention,1,host_fpga_pcie,FPGA_to_HOST,907776,31952.801503999886,32428.110559999877,475.30905599998954
0,39,block_03_norm2,block_03_ffn_island,1,gpu_host,GPU_to_HOST,302592,32191.52593599989,32212.412015999886,20.88607999999742
3,36,block_03_proj,block_03_residual1,1,host_fpga_pcie,FPGA_to_HOST,302592,32191.52593599989,32435.619583999884,244.09364799999472
0,39,block_03_norm2,block_03_ffn_island,2,host_fpga_pcie,HOST_to_FPGA,302592,32212.412015999886,32446.062623999886,233.6506079999995
7,34,block_03_qkv,block_03_attention,2,gpu_host,HOST_to_GPU,907776,32428.110559999877,32496.65487999987,68.5443199999955
3,36,block_03_proj,block_03_residual1,2,gpu_host,HOST_to_GPU,302592,32435.619583999884,32472.39174399988,36.77215999999678
0,40,block_03_ffn_island,block_03_residual2,1,host_fpga_pcie,FPGA_to_HOST,302592,32811.49007999989,32969.46479999989,157.9747200000023
4,35,block_03_attention,block_03_proj,1,gpu_host,GPU_to_HOST,302592,32811.49007999989,32832.37615999988,20.88607999999742
4,35,block_03_attention,block_03_proj,2,host_fpga_pcie,HOST_to_FPGA,302592,32832.37615999988,32990.35087999989,157.9747200000023
0,40,block_03_ffn_island,block_03_residual2,2,gpu_host,HOST_to_GPU,302592,32969.46479999989,32990.35087999989,20.88607999999742
1,39,block_03_norm2,block_03_ffn_island,1,gpu_host,GPU_to_HOST,302592,33056.8570719999,33077.74315199989,20.88607999999742
4,36,block_03_proj,block_03_residual1,1,host_fpga_pcie,FPGA_to_HOST,302592,33056.8570719999,33214.831791999895,157.9747200000023
1,39,block_03_norm2,block_03_ffn_island,2,host_fpga_pcie,HOST_to_FPGA,302592,33077.74315199989,33235.71787199989,157.9747200000023
4,36,block_03_proj,block_03_residual1,2,gpu_host,HOST_to_GPU,302592,33214.831791999895,33235.71787199989,20.88607999999742
1,40,block_03_ffn_island,block_03_residual2,1,host_fpga_pcie,FPGA_to_HOST,302592,33601.1453279999,33759.1200479999,157.9747200000023
5,35,block_03_attention,block_03_proj,1,gpu_host,GPU_to_HOST,302592,33601.1453279999,33622.03140799989,20.88607999999742
5,35,block_03_attention,block_03_proj,2,host_fpga_pcie,HOST_to_FPGA,302592,33622.03140799989,33780.0061279999,157.9747200000023
1,40,block_03_ffn_island,block_03_residual2,2,gpu_host,HOST_to_GPU,302592,33759.1200479999,33780.0061279999,20.88607999999742
2,39,block_03_norm2,block_03_ffn_island,1,gpu_host,GPU_to_HOST,302592,33846.51231999991,33867.3983999999,20.88607999999742
5,36,block_03_proj,block_03_residual1,1,host_fpga_pcie,FPGA_to_HOST,302592,33846.51231999991,34004.487039999905,157.9747200000023
2,39,block_03_norm2,block_03_ffn_island,2,host_fpga_pcie,HOST_to_FPGA,302592,33867.3983999999,34025.3731199999,157.9747200000023
5,36,block_03_proj,block_03_residual1,2,gpu_host,HOST_to_GPU,302592,34004.487039999905,34025.3731199999,20.88607999999742
2,40,block_03_ffn_island,block_03_residual2,1,host_fpga_pcie,FPGA_to_HOST,302592,34390.80057599991,34548.77529599991,157.9747200000023
6,35,block_03_attention,block_03_proj,1,gpu_host,GPU_to_HOST,302592,34390.80057599991,34411.6866559999,20.88607999999742
6,35,block_03_attention,block_03_proj,2,host_fpga_pcie,HOST_to_FPGA,302592,34411.6866559999,34569.66137599991,157.9747200000023
2,40,block_03_ffn_island,block_03_residual2,2,gpu_host,HOST_to_GPU,302592,34548.77529599991,34569.66137599991,20.88607999999742
3,39,block_03_norm2,block_03_ffn_island,1,gpu_host,GPU_to_HOST,302592,34636.16756799991,34657.053647999914,20.88607999999742
6,36,block_03_proj,block_03_residual1,1,host_fpga_pcie,FPGA_to_HOST,302592,34636.16756799991,34794.142287999915,157.9747200000023
3,39,block_03_norm2,block_03_ffn_island,2,host_fpga_pcie,HOST_to_FPGA,302592,34657.053647999914,34815.02836799991,157.9747200000023
6,36,block_03_proj,block_03_residual1,2,gpu_host,HOST_to_GPU,302592,34794.142287999915,34815.02836799991,20.88607999999742
3,40,block_03_ffn_island,block_03_residual2,1,host_fpga_pcie,FPGA_to_HOST,302592,35180.45582399992,35338.430543999915,157.9747200000023
7,35,block_03_attention,block_03_proj,1,gpu_host,GPU_to_HOST,302592,35180.45582399992,35201.34190399991,20.88607999999742
7,35,block_03_attention,block_03_proj,2,host_fpga_pcie,HOST_to_FPGA,302592,35201.34190399991,35359.31662399992,157.9747200000023
3,40,block_03_ffn_island,block_03_residual2,2,gpu_host,HOST_to_GPU,302592,35338.430543999915,35359.31662399992,20.88607999999742
0,43,block_04_norm1,block_04_qkv,1,gpu_host,GPU_to_HOST,302592,35425.82281599992,35446.708895999924,20.88607999999742
7,36,block_03_proj,block_03_residual1,1,host_fpga_pcie,FPGA_to_HOST,302592,35425.82281599992,35583.797535999925,157.9747200000023
0,43,block_04_norm1,block_04_qkv,2,host_fpga_pcie,HOST_to_FPGA,302592,35446.708895999924,35604.68361599992,157.9747200000023
7,36,block_03_proj,block_03_residual1,2,gpu_host,HOST_to_GPU,302592,35583.797535999925,35604.68361599992,20.88607999999742
4,39,block_03_norm2,block_03_ffn_island,1,gpu_host,GPU_to_HOST,302592,35729.28747199992,35750.17355199992,20.88607999999742
4,39,block_03_norm2,block_03_ffn_island,2,host_fpga_pcie,HOST_to_FPGA,302592,35750.17355199992,35925.71307199992,175.5395199999968
0,44,block_04_qkv,block_04_attention,1,host_fpga_pcie,FPGA_to_HOST,907776,35753.494831999924,36087.895151999925,334.4003199999973
0,44,block_04_qkv,block_04_attention,2,gpu_host,HOST_to_GPU,907776,36087.895151999925,36140.553391999914,52.658239999996134
1,43,block_04_norm1,block_04_qkv,1,gpu_host,GPU_to_HOST,302592,36291.14052799992,36312.02660799992,20.88607999999742
4,40,block_03_ffn_island,block_03_residual2,1,host_fpga_pcie,FPGA_to_HOST,302592,36291.14052799992,36449.11524799992,157.9747200000023
1,43,block_04_norm1,block_04_qkv,2,host_fpga_pcie,HOST_to_FPGA,302592,36312.02660799992,36470.00132799992,157.9747200000023
4,40,block_03_ffn_island,block_03_residual2,2,gpu_host,HOST_to_GPU,302592,36449.11524799992,36470.00132799992,20.88607999999742
5,39,block_03_norm2,block_03_ffn_island,1,gpu_host,GPU_to_HOST,302592,36594.60518399992,36615.49126399992,20.88607999999742
5,39,block_03_norm2,block_03_ffn_island,2,host_fpga_pcie,HOST_to_FPGA,302592,36615.49126399992,36791.030783999915,175.5395199999968
1,44,block_04_qkv,block_04_attention,1,host_fpga_pcie,FPGA_to_HOST,907776,36618.81254399992,36953.21286399992,334.4003199999973
1,44,block_04_qkv,block_04_attention,2,gpu_host,HOST_to_GPU,907776,36953.21286399992,37005.87110399992,52.658239999996134
2,43,block_04_norm1,block_04_qkv,1,gpu_host,GPU_to_HOST,302592,37156.45823999992,37177.34431999992,20.88607999999742
5,40,block_03_ffn_island,block_03_residual2,1,host_fpga_pcie,FPGA_to_HOST,302592,37156.45823999992,37314.43295999992,157.9747200000023
2,43,block_04_norm1,block_04_qkv,2,host_fpga_pcie,HOST_to_FPGA,302592,37177.34431999992,37335.31903999992,157.9747200000023
5,40,block_03_ffn_island,block_03_residual2,2,gpu_host,HOST_to_GPU,302592,37314.43295999992,37335.31903999992,20.88607999999742
6,39,block_03_norm2,block_03_ffn_island,1,gpu_host,GPU_to_HOST,302592,37459.92289599992,37480.80897599992,20.88607999999742
6,39,block_03_norm2,block_03_ffn_island,2,host_fpga_pcie,HOST_to_FPGA,302592,37480.80897599992,37656.34849599991,175.5395199999968
2,44,block_04_qkv,block_04_attention,1,host_fpga_pcie,FPGA_to_HOST,907776,37484.13025599992,37818.53057599992,334.4003199999973
2,44,block_04_qkv,block_04_attention,2,gpu_host,HOST_to_GPU,907776,37818.53057599992,37871.188815999914,52.658239999996134
3,43,block_04_norm1,block_04_qkv,1,gpu_host,GPU_to_HOST,302592,38021.775951999916,38042.66203199991,20.88607999999742
6,40,block_03_ffn_island,block_03_residual2,1,host_fpga_pcie,FPGA_to_HOST,302592,38021.775951999916,38179.75067199992,157.9747200000023
3,43,block_04_norm1,block_04_qkv,2,host_fpga_pcie,HOST_to_FPGA,302592,38042.66203199991,38200.63675199992,157.9747200000023
6,40,block_03_ffn_island,block_03_residual2,2,gpu_host,HOST_to_GPU,302592,38179.75067199992,38200.63675199992,20.88607999999742
7,39,block_03_norm2,block_03_ffn_island,1,gpu_host,GPU_to_HOST,302592,38325.24060799992,38346.12668799992,20.88607999999742
7,39,block_03_norm2,block_03_ffn_island,2,host_fpga_pcie,HOST_to_FPGA,302592,38346.12668799992,38521.666207999915,175.5395199999968
3,44,block_04_qkv,block_04_attention,1,host_fpga_pcie,FPGA_to_HOST,907776,38349.44796799992,38683.848287999914,334.4003199999973
3,44,block_04_qkv,block_04_attention,2,gpu_host,HOST_to_GPU,907776,38683.848287999914,38736.50652799991,52.658239999996134
0,45,block_04_attention,block_04_proj,1,gpu_host,GPU_to_HOST,302592,38887.09366399991,38907.97974399991,20.88607999999742
7,40,block_03_ffn_island,block_03_residual2,1,host_fpga_pcie,FPGA_to_HOST,302592,38887.09366399991,39045.06838399992,157.9747200000023
0,45,block_04_attention,block_04_proj,2,host_fpga_pcie,HOST_to_FPGA,302592,38907.97974399991,39065.954463999915,157.9747200000023
7,40,block_03_ffn_island,block_03_residual2,2,gpu_host,HOST_to_GPU,302592,39045.06838399992,39065.954463999915,20.88607999999742
0,46,block_04_proj,block_04_residual1,1,host_fpga_pcie,FPGA_to_HOST,302592,39132.46065599992,39290.43537599992,157.9747200000023
4,43,block_04_norm1,block_04_qkv,1,gpu_host,GPU_to_HOST,302592,39132.46065599992,39153.34673599992,20.88607999999742
4,43,block_04_norm1,block_04_qkv,2,host_fpga_pcie,HOST_to_FPGA,302592,39153.34673599992,39311.321455999925,157.9747200000023
0,46,block_04_proj,block_04_residual1,2,gpu_host,HOST_to_GPU,302592,39290.43537599992,39311.321455999925,20.88607999999742
1,45,block_04_attention,block_04_proj,1,gpu_host,GPU_to_HOST,302592,39435.92531199992,39456.81139199992,20.88607999999742
1,45,block_04_attention,block_04_proj,2,host_fpga_pcie,HOST_to_FPGA,302592,39456.81139199992,39632.350911999914,175.5395199999968
4,44,block_04_qkv,block_04_attention,1,host_fpga_pcie,FPGA_to_HOST,907776,39460.13267199992,39935.44172799991,475.30905599998954
1,46,block_04_proj,block_04_residual1,1,host_fpga_pcie,FPGA_to_HOST,302592,39698.85710399992,39942.95075199992,244.09364799999472
5,43,block_04_norm1,block_04_qkv,1,gpu_host,GPU_to_HOST,302592,39698.85710399992,39719.74318399992,20.88607999999742
5,43,block_04_norm1,block_04_qkv,2,host_fpga_pcie,HOST_to_FPGA,302592,39719.74318399992,39953.39379199992,233.6506079999995
4,44,block_04_qkv,block_04_attention,2,gpu_host,HOST_to_GPU,907776,39935.44172799991,40003.98604799991,68.5443199999955
1,46,block_04_proj,block_04_residual1,2,gpu_host,HOST_to_GPU,302592,39942.95075199992,39979.72291199992,36.77215999999678
2,45,block_04_attention,block_04_proj,1,gpu_host,GPU_to_HOST,302592,40077.997647999924,40098.88372799992,20.88607999999742
2,45,block_04_attention,block_04_proj,2,host_fpga_pcie,HOST_to_FPGA,302592,40098.88372799992,40274.42324799992,175.5395199999968
5,44,block_04_qkv,block_04_attention,1,host_fpga_pcie,FPGA_to_HOST,907776,40102.205007999924,40577.51406399991,475.30905599998954
2,46,block_04_proj,block_04_residual1,1,host_fpga_pcie,FPGA_to_HOST,302592,40340.92943999992,40585.023087999914,244.09364799999472
6,43,block_04_norm1,block_04_qkv,1,gpu_host,GPU_to_HOST,302592,40340.92943999992,40361.815519999924,20.88607999999742
6,43,block_04_norm1,block_04_qkv,2,host_fpga_pcie,HOST_to_FPGA,302592,40361.815519999924,40595.46612799992,233.6506079999995
5,44,block_04_qkv,block_04_attention,2,gpu_host,HOST_to_GPU,907776,40577.51406399991,40646.05838399991,68.5443199999955
2,46,block_04_proj,block_04_residual1,2,gpu_host,HOST_to_GPU,302592,40585.023087999914,40621.795247999915,36.77215999999678
3,45,block_04_attention,block_04_proj,1,gpu_host,GPU_to_HOST,302592,40720.06998399992,40740.95606399992,20.88607999999742
3,45,block_04_attention,block_04_proj,2,host_fpga_pcie,HOST_to_FPGA,302592,40740.95606399992,40916.49558399992,175.5395199999968
6,44,block_04_qkv,block_04_attention,1,host_fpga_pcie,FPGA_to_HOST,907776,40744.27734399992,41219.58639999991,475.30905599998954
3,46,block_04_proj,block_04_residual1,1,host_fpga_pcie,FPGA_to_HOST,302592,40983.001775999925,41227.09542399992,244.09364799999472
7,43,block_04_norm1,block_04_qkv,1,gpu_host,GPU_to_HOST,302592,40983.001775999925,41003.88785599992,20.88607999999742
7,43,block_04_norm1,block_04_qkv,2,host_fpga_pcie,HOST_to_FPGA,302592,41003.88785599992,41237.53846399992,233.6506079999995
6,44,block_04_qkv,block_04_attention,2,gpu_host,HOST_to_GPU,907776,41219.58639999991,41288.13071999991,68.5443199999955
3,46,block_04_proj,block_04_residual1,2,gpu_host,HOST_to_GPU,302592,41227.09542399992,41263.86758399991,36.77215999999678
0,49,block_04_norm2,block_04_ffn_island,1,gpu_host,GPU_to_HOST,302592,41362.14231999992,41383.028399999916,20.88607999999742
0,49,block_04_norm2,block_04_ffn_island,2,host_fpga_pcie,HOST_to_FPGA,302592,41383.028399999916,41558.567919999914,175.5395199999968
7,44,block_04_qkv,block_04_attention,1,host_fpga_pcie,FPGA_to_HOST,907776,41386.34967999992,41720.74999999992,334.4003199999973
7,44,block_04_qkv,block_04_attention,2,gpu_host,HOST_to_GPU,907776,41720.74999999992,41773.40823999992,52.658239999996134
0,50,block_04_ffn_island,block_04_residual2,1,host_fpga_pcie,FPGA_to_HOST,302592,41923.99537599992,42081.97009599992,157.9747200000023
1,49,block_04_norm2,block_04_ffn_island,1,gpu_host,GPU_to_HOST,302592,41923.99537599992,41944.881455999915,20.88607999999742
1,49,block_04_norm2,block_04_ffn_island,2,host_fpga_pcie,HOST_to_FPGA,302592,41944.881455999915,42102.856175999914,157.9747200000023
0,50,block_04_ffn_island,block_04_residual2,2,gpu_host,HOST_to_GPU,302592,42081.97009599992,42102.856175999914,20.88607999999742
1,50,block_04_ffn_island,block_04_residual2,1,host_fpga_pcie,FPGA_to_HOST,302592,42468.28363199992,42626.258351999924,157.9747200000023
4,45,block_04_attention,block_04_proj,1,gpu_host,GPU_to_HOST,302592,42468.28363199992,42489.169711999915,20.88607999999742
4,45,block_04_attention,block_04_proj,2,host_fpga_pcie,HOST_to_FPGA,302592,42489.169711999915,42647.14443199992,157.9747200000023
1,50,block_04_ffn_island,block_04_residual2,2,gpu_host,HOST_to_GPU,302592,42626.258351999924,42647.14443199992,20.88607999999742
2,49,block_04_norm2,block_04_ffn_island,1,gpu_host,GPU_to_HOST,302592,42713.65062399993,42734.536703999926,20.88607999999742
4,46,block_04_proj,block_04_residual1,1,host_fpga_pcie,FPGA_to_HOST,302592,42713.65062399993,42871.62534399993,157.9747200000023
2,49,block_04_norm2,block_04_ffn_island,2,host_fpga_pcie,HOST_to_FPGA,302592,42734.536703999926,42892.511423999924,157.9747200000023
4,46,block_04_proj,block_04_residual1,2,gpu_host,HOST_to_GPU,302592,42871.62534399993,42892.511423999924,20.88607999999742
2,50,block_04_ffn_island,block_04_residual2,1,host_fpga_pcie,FPGA_to_HOST,302592,43257.93887999993,43415.913599999934,157.9747200000023
5,45,block_04_attention,block_04_proj,1,gpu_host,GPU_to_HOST,302592,43257.93887999993,43278.824959999925,20.88607999999742
5,45,block_04_attention,block_04_proj,2,host_fpga_pcie,HOST_to_FPGA,302592,43278.824959999925,43436.79967999993,157.9747200000023
2,50,block_04_ffn_island,block_04_residual2,2,gpu_host,HOST_to_GPU,302592,43415.913599999934,43436.79967999993,20.88607999999742
3,49,block_04_norm2,block_04_ffn_island,1,gpu_host,GPU_to_HOST,302592,43503.30587199994,43524.191951999936,20.88607999999742
5,46,block_04_proj,block_04_residual1,1,host_fpga_pcie,FPGA_to_HOST,302592,43503.30587199994,43661.28059199994,157.9747200000023
3,49,block_04_norm2,block_04_ffn_island,2,host_fpga_pcie,HOST_to_FPGA,302592,43524.191951999936,43682.166671999934,157.9747200000023
5,46,block_04_proj,block_04_residual1,2,gpu_host,HOST_to_GPU,302592,43661.28059199994,43682.166671999934,20.88607999999742
3,50,block_04_ffn_island,block_04_residual2,1,host_fpga_pcie,FPGA_to_HOST,302592,44047.59412799994,44205.568847999944,157.9747200000023
6,45,block_04_attention,block_04_proj,1,gpu_host,GPU_to_HOST,302592,44047.59412799994,44068.480207999935,20.88607999999742
6,45,block_04_attention,block_04_proj,2,host_fpga_pcie,HOST_to_FPGA,302592,44068.480207999935,44226.45492799994,157.9747200000023
3,50,block_04_ffn_island,block_04_residual2,2,gpu_host,HOST_to_GPU,302592,44205.568847999944,44226.45492799994,20.88607999999742
6,46,block_04_proj,block_04_residual1,1,host_fpga_pcie,FPGA_to_HOST,302592,44292.96111999995,44450.93583999995,157.9747200000023
7,45,block_04_attention,block_04_proj,1,gpu_host,GPU_to_HOST,302592,44292.96111999995,44313.847199999946,20.88607999999742
7,45,block_04_attention,block_04_proj,2,host_fpga_pcie,HOST_to_FPGA,302592,44313.847199999946,44471.821919999944,157.9747200000023
6,46,block_04_proj,block_04_residual1,2,gpu_host,HOST_to_GPU,302592,44450.93583999995,44471.821919999944,20.88607999999742
0,53,block_05_norm1,block_05_qkv,1,gpu_host,GPU_to_HOST,302592,44538.32811199995,44559.21419199995,20.88607999999742
7,46,block_04_proj,block_04_residual1,1,host_fpga_pcie,FPGA_to_HOST,302592,44538.32811199995,44696.30283199996,157.9747200000023
0,53,block_05_norm1,block_05_qkv,2,host_fpga_pcie,HOST_to_FPGA,302592,44559.21419199995,44717.188911999954,157.9747200000023
7,46,block_04_proj,block_04_residual1,2,gpu_host,HOST_to_GPU,302592,44696.30283199996,44717.188911999954,20.88607999999742
1,53,block_05_norm1,block_05_qkv,1,gpu_host,GPU_to_HOST,302592,44841.792767999956,44862.67884799995,20.88607999999742
1,53,block_05_norm1,block_05_qkv,2,host_fpga_pcie,HOST_to_FPGA,302592,44862.67884799995,45038.21836799995,175.5395199999968
0,54,block_05_qkv,block_05_attention,1,host_fpga_pcie,FPGA_to_HOST,907776,44866.000127999956,45200.40044799995,334.4003199999973
4,49,block_04_norm2,block_04_ffn_island,1,gpu_host,GPU_to_HOST,302592,45162.82222399995,45183.70830399995,20.88607999999742
4,49,block_04_norm2,block_04_ffn_island,2,host_fpga_pcie,HOST_to_FPGA,302592,45183.70830399995,45359.24782399994,175.5395199999968
1,54,block_05_qkv,block_05_attention,1,host_fpga_pcie,FPGA_to_HOST,907776,45187.02958399995,45521.429903999946,334.4003199999973
0,54,block_05_qkv,block_05_attention,2,gpu_host,HOST_to_GPU,907776,45200.40044799995,45253.05868799995,52.658239999996134
1,54,block_05_qkv,block_05_attention,2,gpu_host,HOST_to_GPU,907776,45521.429903999946,45574.08814399994,52.658239999996134
2,53,block_05_norm1,block_05_qkv,1,gpu_host,GPU_to_HOST,302592,45724.675279999945,45745.56135999994,20.88607999999742
4,50,block_04_ffn_island,block_04_residual2,1,host_fpga_pcie,FPGA_to_HOST,302592,45724.675279999945,45882.64999999995,157.9747200000023
2,53,block_05_norm1,block_05_qkv,2,host_fpga_pcie,HOST_to_FPGA,302592,45745.56135999994,45903.53607999995,157.9747200000023
4,50,block_04_ffn_island,block_04_residual2,2,gpu_host,HOST_to_GPU,302592,45882.64999999995,45903.53607999995,20.88607999999742
5,49,block_04_norm2,block_04_ffn_island,1,gpu_host,GPU_to_HOST,302592,46028.13993599995,46049.026015999945,20.88607999999742
5,49,block_04_norm2,block_04_ffn_island,2,host_fpga_pcie,HOST_to_FPGA,302592,46049.026015999945,46224.565535999944,175.5395199999968
2,54,block_05_qkv,block_05_attention,1,host_fpga_pcie,FPGA_to_HOST,907776,46052.34729599995,46386.74761599994,334.4003199999973
2,54,block_05_qkv,block_05_attention,2,gpu_host,HOST_to_GPU,907776,46386.74761599994,46439.40585599994,52.658239999996134
3,53,block_05_norm1,block_05_qkv,1,gpu_host,GPU_to_HOST,302592,46589.99299199994,46610.879071999945,20.88607999999742
5,50,block_04_ffn_island,block_04_residual2,1,host_fpga_pcie,FPGA_to_HOST,302592,46589.99299199994,46747.96771199995,157.9747200000023
3,53,block_05_norm1,block_05_qkv,2,host_fpga_pcie,HOST_to_FPGA,302592,46610.879071999945,46768.85379199994,157.9747200000023
5,50,block_04_ffn_island,block_04_residual2,2,gpu_host,HOST_to_GPU,302592,46747.96771199995,46768.85379199994,20.88607999999742
6,49,block_04_norm2,block_04_ffn_island,1,gpu_host,GPU_to_HOST,302592,46893.457647999945,46914.34372799994,20.88607999999742
6,49,block_04_norm2,block_04_ffn_island,2,host_fpga_pcie,HOST_to_FPGA,302592,46914.34372799994,47089.88324799994,175.5395199999968
3,54,block_05_qkv,block_05_attention,1,host_fpga_pcie,FPGA_to_HOST,907776,46917.665007999945,47252.065327999946,334.4003199999973
3,54,block_05_qkv,block_05_attention,2,gpu_host,HOST_to_GPU,907776,47252.065327999946,47304.723567999936,52.658239999996134
6,50,block_04_ffn_island,block_04_residual2,1,host_fpga_pcie,FPGA_to_HOST,302592,47455.310703999945,47613.28542399994,157.9747200000023
7,49,block_04_norm2,block_04_ffn_island,1,gpu_host,GPU_to_HOST,302592,47455.310703999945,47476.19678399994,20.88607999999742
7,49,block_04_norm2,block_04_ffn_island,2,host_fpga_pcie,HOST_to_FPGA,302592,47476.19678399994,47634.17150399994,157.9747200000023
6,50,block_04_ffn_island,block_04_residual2,2,gpu_host,HOST_to_GPU,302592,47613.28542399994,47634.17150399994,20.88607999999742
0,55,block_05_attention,block_05_proj,1,gpu_host,GPU_to_HOST,302592,47999.598959999945,48020.48503999994,20.88607999999742
7,50,block_04_ffn_island,block_04_residual2,1,host_fpga_pcie,FPGA_to_HOST,302592,47999.598959999945,48157.57367999995,157.9747200000023
0,55,block_05_attention,block_05_proj,2,host_fpga_pcie,HOST_to_FPGA,302592,48020.48503999994,48178.45975999995,157.9747200000023
7,50,block_04_ffn_island,block_04_residual2,2,gpu_host,HOST_to_GPU,302592,48157.57367999995,48178.45975999995,20.88607999999742
0,56,block_05_proj,block_05_residual1,1,host_fpga_pcie,FPGA_to_HOST,302592,48244.965951999955,48402.94067199995,157.9747200000023
1,55,block_05_attention,block_05_proj,1,gpu_host,GPU_to_HOST,302592,48244.965951999955,48265.85203199995,20.88607999999742
1,55,block_05_attention,block_05_proj,2,host_fpga_pcie,HOST_to_FPGA,302592,48265.85203199995,48423.82675199995,157.9747200000023
0,56,block_05_proj,block_05_residual1,2,gpu_host,HOST_to_GPU,302592,48402.94067199995,48423.82675199995,20.88607999999742
1,56,block_05_proj,block_05_residual1,1,host_fpga_pcie,FPGA_to_HOST,302592,48490.33294399996,48648.30766399996,157.9747200000023
4,53,block_05_norm1,block_05_qkv,1,gpu_host,GPU_to_HOST,302592,48490.33294399996,48511.219023999955,20.88607999999742
4,53,block_05_norm1,block_05_qkv,2,host_fpga_pcie,HOST_to_FPGA,302592,48511.219023999955,48669.19374399996,157.9747200000023
1,56,block_05_proj,block_05_residual1,2,gpu_host,HOST_to_GPU,302592,48648.30766399996,48669.19374399996,20.88607999999742
2,55,block_05_attention,block_05_proj,1,gpu_host,GPU_to_HOST,302592,48793.79759999996,48814.68367999996,20.88607999999742
2,55,block_05_attention,block_05_proj,2,host_fpga_pcie,HOST_to_FPGA,302592,48814.68367999996,48990.22319999996,175.5395199999968
4,54,block_05_qkv,block_05_attention,1,host_fpga_pcie,FPGA_to_HOST,907776,48818.00495999996,49293.314015999946,475.30905599998954
2,56,block_05_proj,block_05_residual1,1,host_fpga_pcie,FPGA_to_HOST,302592,49056.72939199996,49300.82303999995,244.09364799999472
5,53,block_05_norm1,block_05_qkv,1,gpu_host,GPU_to_HOST,302592,49056.72939199996,49077.61547199996,20.88607999999742
5,53,block_05_norm1,block_05_qkv,2,host_fpga_pcie,HOST_to_FPGA,302592,49077.61547199996,49311.26607999996,233.6506079999995
4,54,block_05_qkv,block_05_attention,2,gpu_host,HOST_to_GPU,907776,49293.314015999946,49361.85833599995,68.5443199999955
2,56,block_05_proj,block_05_residual1,2,gpu_host,HOST_to_GPU,302592,49300.82303999995,49337.59519999995,36.77215999999678
3,55,block_05_attention,block_05_proj,1,gpu_host,GPU_to_HOST,302592,49435.86993599996,49456.756015999956,20.88607999999742
3,55,block_05_attention,block_05_proj,2,host_fpga_pcie,HOST_to_FPGA,302592,49456.756015999956,49632.295535999954,175.5395199999968
5,54,block_05_qkv,block_05_attention,1,host_fpga_pcie,FPGA_to_HOST,907776,49460.07729599996,49935.38635199995,475.30905599998954
3,56,block_05_proj,block_05_residual1,1,host_fpga_pcie,FPGA_to_HOST,302592,49698.80172799996,49942.89537599996,244.09364799999472
6,53,block_05_norm1,block_05_qkv,1,gpu_host,GPU_to_HOST,302592,49698.80172799996,49719.68780799996,20.88607999999742
6,53,block_05_norm1,block_05_qkv,2,host_fpga_pcie,HOST_to_FPGA,302592,49719.68780799996,49953.338415999955,233.6506079999995
5,54,block_05_qkv,block_05_attention,2,gpu_host,HOST_to_GPU,907776,49935.38635199995,50003.930671999944,68.5443199999955
3,56,block_05_proj,block_05_residual1,2,gpu_host,HOST_to_GPU,302592,49942.89537599996,49979.66753599995,36.77215999999678
7,53,block_05_norm1,block_05_qkv,1,gpu_host,GPU_to_HOST,302592,50077.94227199996,50098.82835199995,20.88607999999742
7,53,block_05_norm1,block_05_qkv,2,host_fpga_pcie,HOST_to_FPGA,302592,50098.82835199995,50274.36787199995,175.5395199999968
6,54,block_05_qkv,block_05_attention,1,host_fpga_pcie,FPGA_to_HOST,907776,50102.14963199996,50436.54995199996,334.4003199999973
0,59,block_05_norm2,block_05_ffn_island,1,gpu_host,GPU_to_HOST,302592,50398.97172799995,50419.85780799995,20.88607999999742
0,59,block_05_norm2,block_05_ffn_island,2,host_fpga_pcie,HOST_to_FPGA,302592,50419.85780799995,50595.39732799995,175.5395199999968
7,54,block_05_qkv,block_05_attention,1,host_fpga_pcie,FPGA_to_HOST,907776,50423.17908799995,50757.57940799995,334.4003199999973
6,54,block_05_qkv,block_05_attention,2,gpu_host,HOST_to_GPU,907776,50436.54995199996,50489.208191999955,52.658239999996134
7,54,block_05_qkv,block_05_attention,2,gpu_host,HOST_to_GPU,907776,50757.57940799995,50810.237647999944,52.658239999996134
0,60,block_05_ffn_island,block_05_residual2,1,host_fpga_pcie,FPGA_to_HOST,302592,50960.82478399995,51118.79950399995,157.9747200000023
1,59,block_05_norm2,block_05_ffn_island,1,gpu_host,GPU_to_HOST,302592,50960.82478399995,50981.71086399995,20.88607999999742
1,59,block_05_norm2,block_05_ffn_island,2,host_fpga_pcie,HOST_to_FPGA,302592,50981.71086399995,51139.68558399995,157.9747200000023
0,60,block_05_ffn_island,block_05_residual2,2,gpu_host,HOST_to_GPU,302592,51118.79950399995,51139.68558399995,20.88607999999742
1,60,block_05_ffn_island,block_05_residual2,1,host_fpga_pcie,FPGA_to_HOST,302592,51505.11303999995,51663.08775999996,157.9747200000023
2,59,block_05_norm2,block_05_ffn_island,1,gpu_host,GPU_to_HOST,302592,51505.11303999995,51525.99911999995,20.88607999999742
2,59,block_05_norm2,block_05_ffn_island,2,host_fpga_pcie,HOST_to_FPGA,302592,51525.99911999995,51683.973839999955,157.9747200000023
1,60,block_05_ffn_island,block_05_residual2,2,gpu_host,HOST_to_GPU,302592,51663.08775999996,51683.973839999955,20.88607999999742
2,60,block_05_ffn_island,block_05_residual2,1,host_fpga_pcie,FPGA_to_HOST,302592,52049.40129599995,52207.37601599996,157.9747200000023
4,55,block_05_attention,block_05_proj,1,gpu_host,GPU_to_HOST,302592,52049.40129599995,52070.28737599996,20.88607999999742
4,55,block_05_attention,block_05_proj,2,host_fpga_pcie,HOST_to_FPGA,302592,52070.28737599996,52228.262095999955,157.9747200000023
2,60,block_05_ffn_island,block_05_residual2,2,gpu_host,HOST_to_GPU,302592,52207.37601599996,52228.262095999955,20.88607999999742
3,59,block_05_norm2,block_05_ffn_island,1,gpu_host,GPU_to_HOST,302592,52294.76828799996,52315.65436799996,20.88607999999742
4,56,block_05_proj,block_05_residual1,1,host_fpga_pcie,FPGA_to_HOST,302592,52294.76828799996,52452.74300799996,157.9747200000023
3,59,block_05_norm2,block_05_ffn_island,2,host_fpga_pcie,HOST_to_FPGA,302592,52315.65436799996,52473.629087999965,157.9747200000023
4,56,block_05_proj,block_05_residual1,2,gpu_host,HOST_to_GPU,302592,52452.74300799996,52473.629087999965,20.88607999999742
3,60,block_05_ffn_island,block_05_residual2,1,host_fpga_pcie,FPGA_to_HOST,302592,52839.05654399996,52997.03126399997,157.9747200000023
5,55,block_05_attention,block_05_proj,1,gpu_host,GPU_to_HOST,302592,52839.05654399996,52859.94262399996,20.88607999999742
5,55,block_05_attention,block_05_proj,2,host_fpga_pcie,HOST_to_FPGA,302592,52859.94262399996,53017.917343999965,157.9747200000023
3,60,block_05_ffn_island,block_05_residual2,2,gpu_host,HOST_to_GPU,302592,52997.03126399997,53017.917343999965,20.88607999999742
5,56,block_05_proj,block_05_residual1,1,host_fpga_pcie,FPGA_to_HOST,302592,53084.42353599997,53242.39825599997,157.9747200000023
6,55,block_05_attention,block_05_proj,1,gpu_host,GPU_to_HOST,302592,53084.42353599997,53105.30961599997,20.88607999999742
6,55,block_05_attention,block_05_proj,2,host_fpga_pcie,HOST_to_FPGA,302592,53105.30961599997,53263.284335999975,157.9747200000023
5,56,block_05_proj,block_05_residual1,2,gpu_host,HOST_to_GPU,302592,53242.39825599997,53263.284335999975,20.88607999999742
6,56,block_05_proj,block_05_residual1,1,host_fpga_pcie,FPGA_to_HOST,302592,53329.790527999976,53487.76524799998,157.9747200000023
7,55,block_05_attention,block_05_proj,1,gpu_host,GPU_to_HOST,302592,53329.790527999976,53350.67660799998,20.88607999999742
7,55,block_05_attention,block_05_proj,2,host_fpga_pcie,HOST_to_FPGA,302592,53350.67660799998,53508.65132799998,157.9747200000023
6,56,block_05_proj,block_05_residual1,2,gpu_host,HOST_to_GPU,302592,53487.76524799998,53508.65132799998,20.88607999999742
0,63,block_06_norm1,block_06_qkv,1,gpu_host,GPU_to_HOST,302592,53575.157519999986,53596.04359999998,20.88607999999742
7,56,block_05_proj,block_05_residual1,1,host_fpga_pcie,FPGA_to_HOST,302592,53575.157519999986,53733.132239999984,157.9747200000023
0,63,block_06_norm1,block_06_qkv,2,host_fpga_pcie,HOST_to_FPGA,302592,53596.04359999998,53754.01831999999,157.9747200000023
7,56,block_05_proj,block_05_residual1,2,gpu_host,HOST_to_GPU,302592,53733.132239999984,53754.01831999999,20.88607999999742
1,63,block_06_norm1,block_06_qkv,1,gpu_host,GPU_to_HOST,302592,53878.62217599999,53899.50825599999,20.88607999999742
1,63,block_06_norm1,block_06_qkv,2,host_fpga_pcie,HOST_to_FPGA,302592,53899.50825599999,54075.04777599998,175.5395199999968
0,64,block_06_qkv,block_06_attention,1,host_fpga_pcie,FPGA_to_HOST,907776,53902.82953599999,54237.22985599998,334.4003199999973
2,63,block_06_norm1,block_06_qkv,1,gpu_host,GPU_to_HOST,302592,54199.65163199998,54220.537711999976,20.88607999999742
2,63,block_06_norm1,block_06_qkv,2,host_fpga_pcie,HOST_to_FPGA,302592,54220.537711999976,54396.077231999974,175.5395199999968
1,64,block_06_qkv,block_06_attention,1,host_fpga_pcie,FPGA_to_HOST,907776,54223.85899199998,54558.25931199998,334.4003199999973
0,64,block_06_qkv,block_06_attention,2,gpu_host,HOST_to_GPU,907776,54237.22985599998,54289.88809599998,52.658239999996134
4,59,block_05_norm2,block_05_ffn_island,1,gpu_host,GPU_to_HOST,302592,54520.681087999976,54541.56716799997,20.88607999999742
4,59,block_05_norm2,block_05_ffn_island,2,host_fpga_pcie,HOST_to_FPGA,302592,54541.56716799997,54717.10668799997,175.5395199999968
2,64,block_06_qkv,block_06_attention,1,host_fpga_pcie,FPGA_to_HOST,907776,54544.888447999976,54879.28876799998,334.4003199999973
1,64,block_06_qkv,block_06_attention,2,gpu_host,HOST_to_GPU,907776,54558.25931199998,54610.91755199998,52.658239999996134
2,64,block_06_qkv,block_06_attention,2,gpu_host,HOST_to_GPU,907776,54879.28876799998,54931.947007999974,52.658239999996134
3,63,block_06_norm1,block_06_qkv,1,gpu_host,GPU_to_HOST,302592,55082.534143999976,55103.42022399997,20.88607999999742
4,60,block_05_ffn_island,block_05_residual2,1,host_fpga_pcie,FPGA_to_HOST,302592,55082.534143999976,55240.508863999974,157.9747200000023
3,63,block_06_norm1,block_06_qkv,2,host_fpga_pcie,HOST_to_FPGA,302592,55103.42022399997,55261.39494399997,157.9747200000023
4,60,block_05_ffn_island,block_05_residual2,2,gpu_host,HOST_to_GPU,302592,55240.508863999974,55261.39494399997,20.88607999999742
5,59,block_05_norm2,block_05_ffn_island,1,gpu_host,GPU_to_HOST,302592,55385.99879999997,55406.88487999997,20.88607999999742
5,59,block_05_norm2,block_05_ffn_island,2,host_fpga_pcie,HOST_to_FPGA,302592,55406.88487999997,55582.42439999997,175.5395199999968
3,64,block_06_qkv,block_06_attention,1,host_fpga_pcie,FPGA_to_HOST,907776,55410.20615999997,55744.60647999997,334.4003199999973
3,64,block_06_qkv,block_06_attention,2,gpu_host,HOST_to_GPU,907776,55744.60647999997,55797.26471999997,52.658239999996134
5,60,block_05_ffn_island,block_05_residual2,1,host_fpga_pcie,FPGA_to_HOST,302592,55947.85185599997,56105.82657599998,157.9747200000023
6,59,block_05_norm2,block_05_ffn_island,1,gpu_host,GPU_to_HOST,302592,55947.85185599997,55968.73793599997,20.88607999999742
6,59,block_05_norm2,block_05_ffn_island,2,host_fpga_pcie,HOST_to_FPGA,302592,55968.73793599997,56126.712655999974,157.9747200000023
5,60,block_05_ffn_island,block_05_residual2,2,gpu_host,HOST_to_GPU,302592,56105.82657599998,56126.712655999974,20.88607999999742
6,60,block_05_ffn_island,block_05_residual2,1,host_fpga_pcie,FPGA_to_HOST,302592,56492.14011199997,56650.11483199998,157.9747200000023
7,59,block_05_norm2,block_05_ffn_island,1,gpu_host,GPU_to_HOST,302592,56492.14011199997,56513.026191999976,20.88607999999742
7,59,block_05_norm2,block_05_ffn_island,2,host_fpga_pcie,HOST_to_FPGA,302592,56513.026191999976,56671.000911999974,157.9747200000023
6,60,block_05_ffn_island,block_05_residual2,2,gpu_host,HOST_to_GPU,302592,56650.11483199998,56671.000911999974,20.88607999999742
0,65,block_06_attention,block_06_proj,1,gpu_host,GPU_to_HOST,302592,57036.42836799998,57057.314447999976,20.88607999999742
7,60,block_05_ffn_island,block_05_residual2,1,host_fpga_pcie,FPGA_to_HOST,302592,57036.42836799998,57194.40308799998,157.9747200000023
0,65,block_06_attention,block_06_proj,2,host_fpga_pcie,HOST_to_FPGA,302592,57057.314447999976,57215.28916799998,157.9747200000023
7,60,block_05_ffn_island,block_05_residual2,2,gpu_host,HOST_to_GPU,302592,57194.40308799998,57215.28916799998,20.88607999999742
0,66,block_06_proj,block_06_residual1,1,host_fpga_pcie,FPGA_to_HOST,302592,57281.79535999998,57439.77007999999,157.9747200000023
1,65,block_06_attention,block_06_proj,1,gpu_host,GPU_to_HOST,302592,57281.79535999998,57302.68143999998,20.88607999999742
1,65,block_06_attention,block_06_proj,2,host_fpga_pcie,HOST_to_FPGA,302592,57302.68143999998,57460.656159999984,157.9747200000023
0,66,block_06_proj,block_06_residual1,2,gpu_host,HOST_to_GPU,302592,57439.77007999999,57460.656159999984,20.88607999999742
1,66,block_06_proj,block_06_residual1,1,host_fpga_pcie,FPGA_to_HOST,302592,57527.16235199999,57685.13707199999,157.9747200000023
2,65,block_06_attention,block_06_proj,1,gpu_host,GPU_to_HOST,302592,57527.16235199999,57548.04843199999,20.88607999999742
2,65,block_06_attention,block_06_proj,2,host_fpga_pcie,HOST_to_FPGA,302592,57548.04843199999,57706.023151999994,157.9747200000023
1,66,block_06_proj,block_06_residual1,2,gpu_host,HOST_to_GPU,302592,57685.13707199999,57706.023151999994,20.88607999999742
2,66,block_06_proj,block_06_residual1,1,host_fpga_pcie,FPGA_to_HOST,302592,57772.529343999995,57930.504064,157.9747200000023
4,63,block_06_norm1,block_06_qkv,1,gpu_host,GPU_to_HOST,302592,57772.529343999995,57793.415424,20.88607999999742
4,63,block_06_norm1,block_06_qkv,2,host_fpga_pcie,HOST_to_FPGA,302592,57793.415424,57951.390144,157.9747200000023
2,66,block_06_proj,block_06_residual1,2,gpu_host,HOST_to_GPU,302592,57930.504064,57951.390144,20.88607999999742
3,65,block_06_attention,block_06_proj,1,gpu_host,GPU_to_HOST,302592,58075.994,58096.880079999995,20.88607999999742
3,65,block_06_attention,block_06_proj,2,host_fpga_pcie,HOST_to_FPGA,302592,58096.880079999995,58272.419599999994,175.5395199999968
4,64,block_06_qkv,block_06_attention,1,host_fpga_pcie,FPGA_to_HOST,907776,58100.20136,58575.51041599999,475.30905599998954
3,66,block_06_proj,block_06_residual1,1,host_fpga_pcie,FPGA_to_HOST,302592,58338.925792,58583.01944,244.09364799999472
5,63,block_06_norm1,block_06_qkv,1,gpu_host,GPU_to_HOST,302592,58338.925792,58359.811872,20.88607999999742
5,63,block_06_norm1,block_06_qkv,2,host_fpga_pcie,HOST_to_FPGA,302592,58359.811872,58593.462479999995,233.6506079999995
4,64,block_06_qkv,block_06_attention,2,gpu_host,HOST_to_GPU,907776,58575.51041599999,58644.054735999984,68.5443199999955
3,66,block_06_proj,block_06_residual1,2,gpu_host,HOST_to_GPU,302592,58583.01944,58619.79159999999,36.77215999999678
6,63,block_06_norm1,block_06_qkv,1,gpu_host,GPU_to_HOST,302592,58718.066335999996,58738.95241599999,20.88607999999742
6,63,block_06_norm1,block_06_qkv,2,host_fpga_pcie,HOST_to_FPGA,302592,58738.95241599999,58914.49193599999,175.5395199999968
5,64,block_06_qkv,block_06_attention,1,host_fpga_pcie,FPGA_to_HOST,907776,58742.273696,59076.674016,334.4003199999973
7,63,block_06_norm1,block_06_qkv,1,gpu_host,GPU_to_HOST,302592,59039.09579199999,59059.98187199999,20.88607999999742
7,63,block_06_norm1,block_06_qkv,2,host_fpga_pcie,HOST_to_FPGA,302592,59059.98187199999,59235.52139199999,175.5395199999968
6,64,block_06_qkv,block_06_attention,1,host_fpga_pcie,FPGA_to_HOST,907776,59063.30315199999,59397.703471999994,334.4003199999973
5,64,block_06_qkv,block_06_attention,2,gpu_host,HOST_to_GPU,907776,59076.674016,59129.332255999994,52.658239999996134
0,69,block_06_norm2,block_06_ffn_island,1,gpu_host,GPU_to_HOST,302592,59360.12524799999,59381.011327999986,20.88607999999742
0,69,block_06_norm2,block_06_ffn_island,2,host_fpga_pcie,HOST_to_FPGA,302592,59381.011327999986,59556.550847999984,175.5395199999968
7,64,block_06_qkv,block_06_attention,1,host_fpga_pcie,FPGA_to_HOST,907776,59384.33260799999,59718.73292799998,334.4003199999973
6,64,block_06_qkv,block_06_attention,2,gpu_host,HOST_to_GPU,907776,59397.703471999994,59450.36171199998,52.658239999996134
7,64,block_06_qkv,block_06_attention,2,gpu_host,HOST_to_GPU,907776,59718.73292799998,59771.39116799998,52.658239999996134
0,70,block_06_ffn_island,block_06_residual2,1,host_fpga_pcie,FPGA_to_HOST,302592,59921.97830399998,60079.95302399999,157.9747200000023
1,69,block_06_norm2,block_06_ffn_island,1,gpu_host,GPU_to_HOST,302592,59921.97830399998,59942.864383999986,20.88607999999742
1,69,block_06_norm2,block_06_ffn_island,2,host_fpga_pcie,HOST_to_FPGA,302592,59942.864383999986,60100.839103999984,157.9747200000023
0,70,block_06_ffn_island,block_06_residual2,2,gpu_host,HOST_to_GPU,302592,60079.95302399999,60100.839103999984,20.88607999999742
1,70,block_06_ffn_island,block_06_residual2,1,host_fpga_pcie,FPGA_to_HOST,302592,60466.26655999999,60624.24127999999,157.9747200000023
2,69,block_06_norm2,block_06_ffn_island,1,gpu_host,GPU_to_HOST,302592,60466.26655999999,60487.152639999986,20.88607999999742
2,69,block_06_norm2,block_06_ffn_island,2,host_fpga_pcie,HOST_to_FPGA,302592,60487.152639999986,60645.12735999999,157.9747200000023
1,70,block_06_ffn_island,block_06_residual2,2,gpu_host,HOST_to_GPU,302592,60624.24127999999,60645.12735999999,20.88607999999742
2,70,block_06_ffn_island,block_06_residual2,1,host_fpga_pcie,FPGA_to_HOST,302592,61010.55481599999,61168.529535999995,157.9747200000023
3,69,block_06_norm2,block_06_ffn_island,1,gpu_host,GPU_to_HOST,302592,61010.55481599999,61031.440895999986,20.88607999999742
3,69,block_06_norm2,block_06_ffn_island,2,host_fpga_pcie,HOST_to_FPGA,302592,61031.440895999986,61189.41561599999,157.9747200000023
2,70,block_06_ffn_island,block_06_residual2,2,gpu_host,HOST_to_GPU,302592,61168.529535999995,61189.41561599999,20.88607999999742
3,70,block_06_ffn_island,block_06_residual2,1,host_fpga_pcie,FPGA_to_HOST,302592,61554.843071999996,61712.817791999994,157.9747200000023
4,65,block_06_attention,block_06_proj,1,gpu_host,GPU_to_HOST,302592,61554.843071999996,61575.72915199999,20.88607999999742
4,65,block_06_attention,block_06_proj,2,host_fpga_pcie,HOST_to_FPGA,302592,61575.72915199999,61733.70387199999,157.9747200000023
3,70,block_06_ffn_island,block_06_residual2,2,gpu_host,HOST_to_GPU,302592,61712.817791999994,61733.70387199999,20.88607999999742
4,66,block_06_proj,block_06_residual1,1,host_fpga_pcie,FPGA_to_HOST,302592,61800.210064,61958.184784000005,157.9747200000023
5,65,block_06_attention,block_06_proj,1,gpu_host,GPU_to_HOST,302592,61800.210064,61821.096143999996,20.88607999999742
5,65,block_06_attention,block_06_proj,2,host_fpga_pcie,HOST_to_FPGA,302592,61821.096143999996,61979.070864,157.9747200000023
4,66,block_06_proj,block_06_residual1,2,gpu_host,HOST_to_GPU,302592,61958.184784000005,61979.070864,20.88607999999742
5,66,block_06_proj,block_06_residual1,1,host_fpga_pcie,FPGA_to_HOST,302592,62045.57705600001,62203.55177600001,157.9747200000023
6,65,block_06_attention,block_06_proj,1,gpu_host,GPU_to_HOST,302592,62045.57705600001,62066.463136000006,20.88607999999742
6,65,block_06_attention,block_06_proj,2,host_fpga_pcie,HOST_to_FPGA,302592,62066.463136000006,62224.437856000004,157.9747200000023
5,66,block_06_proj,block_06_residual1,2,gpu_host,HOST_to_GPU,302592,62203.55177600001,62224.437856000004,20.88607999999742
6,66,block_06_proj,block_06_residual1,1,host_fpga_pcie,FPGA_to_HOST,302592,62290.94404800001,62448.91876800002,157.9747200000023
7,65,block_06_attention,block_06_proj,1,gpu_host,GPU_to_HOST,302592,62290.94404800001,62311.83012800001,20.88607999999742
7,65,block_06_attention,block_06_proj,2,host_fpga_pcie,HOST_to_FPGA,302592,62311.83012800001,62469.804848000014,157.9747200000023
6,66,block_06_proj,block_06_residual1,2,gpu_host,HOST_to_GPU,302592,62448.91876800002,62469.804848000014,20.88607999999742
0,73,block_07_norm1,block_07_qkv,1,gpu_host,GPU_to_HOST,302592,62536.311040000015,62557.19712000002,20.88608000000436
7,66,block_06_proj,block_06_residual1,1,host_fpga_pcie,FPGA_to_HOST,302592,62536.311040000015,62694.285760000006,157.97471999999536
0,73,block_07_norm1,block_07_qkv,2,host_fpga_pcie,HOST_to_FPGA,302592,62557.19712000002,62715.17184000002,157.97471999999536
7,66,block_06_proj,block_06_residual1,2,gpu_host,HOST_to_GPU,302592,62694.285760000006,62715.17184000002,20.88608000000436
1,73,block_07_norm1,block_07_qkv,1,gpu_host,GPU_to_HOST,302592,62839.77569600002,62860.66177600003,20.88608000000436
1,73,block_07_norm1,block_07_qkv,2,host_fpga_pcie,HOST_to_FPGA,302592,62860.66177600003,63036.20129600003,175.53952000000373
0,74,block_07_qkv,block_07_attention,1,host_fpga_pcie,FPGA_to_HOST,907776,62863.98305600002,63198.383376000034,334.40032000001116
2,73,block_07_norm1,block_07_qkv,1,gpu_host,GPU_to_HOST,302592,63160.80515200004,63181.69123200004,20.88608000000436
2,73,block_07_norm1,block_07_qkv,2,host_fpga_pcie,HOST_to_FPGA,302592,63181.69123200004,63357.23075200005,175.53952000000373
1,74,block_07_qkv,block_07_attention,1,host_fpga_pcie,FPGA_to_HOST,907776,63185.01251200004,63519.41283200005,334.40032000001116
0,74,block_07_qkv,block_07_attention,2,gpu_host,HOST_to_GPU,907776,63198.383376000034,63251.04161600004,52.658240000003076
3,73,block_07_norm1,block_07_qkv,1,gpu_host,GPU_to_HOST,302592,63481.834608000056,63502.72068800006,20.88608000000436
3,73,block_07_norm1,block_07_qkv,2,host_fpga_pcie,HOST_to_FPGA,302592,63502.72068800006,63678.260208000065,175.53952000000373
2,74,block_07_qkv,block_07_attention,1,host_fpga_pcie,FPGA_to_HOST,907776,63506.041968000056,63840.442288000064,334.40032000001116
1,74,block_07_qkv,block_07_attention,2,gpu_host,HOST_to_GPU,907776,63519.41283200005,63572.07107200005,52.658240000003076
4,69,block_06_norm2,block_06_ffn_island,1,gpu_host,GPU_to_HOST,302592,63802.86406400007,63823.75014400008,20.88608000000436
4,69,block_06_norm2,block_06_ffn_island,2,host_fpga_pcie,HOST_to_FPGA,302592,63823.75014400008,63999.289664000076,175.53952000000373
3,74,block_07_qkv,block_07_attention,1,host_fpga_pcie,FPGA_to_HOST,907776,63827.07142400007,64161.47174400008,334.40032000001116
2,74,block_07_qkv,block_07_attention,2,gpu_host,HOST_to_GPU,907776,63840.442288000064,63893.10052800007,52.658240000003076
3,74,block_07_qkv,block_07_attention,2,gpu_host,HOST_to_GPU,907776,64161.47174400008,64214.12998400009,52.658240000003076
4,70,block_06_ffn_island,block_06_residual2,1,host_fpga_pcie,FPGA_to_HOST,302592,64364.71712000008,64522.69184000008,157.97471999999536
5,69,block_06_norm2,block_06_ffn_island,1,gpu_host,GPU_to_HOST,302592,64364.71712000008,64385.603200000085,20.88608000000436
5,69,block_06_norm2,block_06_ffn_island,2,host_fpga_pcie,HOST_to_FPGA,302592,64385.603200000085,64543.57792000008,157.97471999999536
4,70,block_06_ffn_island,block_06_residual2,2,gpu_host,HOST_to_GPU,302592,64522.69184000008,64543.57792000008,20.88608000000436
5,70,block_06_ffn_island,block_06_residual2,1,host_fpga_pcie,FPGA_to_HOST,302592,64909.00537600008,65066.98009600008,157.97471999999536
6,69,block_06_norm2,block_06_ffn_island,1,gpu_host,GPU_to_HOST,302592,64909.00537600008,64929.891456000085,20.88608000000436
6,69,block_06_norm2,block_06_ffn_island,2,host_fpga_pcie,HOST_to_FPGA,302592,64929.891456000085,65087.86617600008,157.97471999999536
5,70,block_06_ffn_island,block_06_residual2,2,gpu_host,HOST_to_GPU,302592,65066.98009600008,65087.86617600008,20.88608000000436
6,70,block_06_ffn_island,block_06_residual2,1,host_fpga_pcie,FPGA_to_HOST,302592,65453.29363200009,65611.26835200009,157.97471999999536
7,69,block_06_norm2,block_06_ffn_island,1,gpu_host,GPU_to_HOST,302592,65453.29363200009,65474.17971200009,20.88608000000436
7,69,block_06_norm2,block_06_ffn_island,2,host_fpga_pcie,HOST_to_FPGA,302592,65474.17971200009,65632.15443200008,157.97471999999536
6,70,block_06_ffn_island,block_06_residual2,2,gpu_host,HOST_to_GPU,302592,65611.26835200009,65632.15443200008,20.88608000000436
0,75,block_07_attention,block_07_proj,1,gpu_host,GPU_to_HOST,302592,65997.58188800009,66018.4679680001,20.88608000000436
7,70,block_06_ffn_island,block_06_residual2,1,host_fpga_pcie,FPGA_to_HOST,302592,65997.58188800009,66155.55660800009,157.97471999999536
0,75,block_07_attention,block_07_proj,2,host_fpga_pcie,HOST_to_FPGA,302592,66018.4679680001,66176.44268800008,157.97471999999536
7,70,block_06_ffn_island,block_06_residual2,2,gpu_host,HOST_to_GPU,302592,66155.55660800009,66176.44268800008,20.88608000000436
0,76,block_07_proj,block_07_residual1,1,host_fpga_pcie,FPGA_to_HOST,302592,66242.9488800001,66400.9236000001,157.97471999999536
1,75,block_07_attention,block_07_proj,1,gpu_host,GPU_to_HOST,302592,66242.9488800001,66263.8349600001,20.88608000000436
1,75,block_07_attention,block_07_proj,2,host_fpga_pcie,HOST_to_FPGA,302592,66263.8349600001,66421.8096800001,157.97471999999536
0,76,block_07_proj,block_07_residual1,2,gpu_host,HOST_to_GPU,302592,66400.9236000001,66421.8096800001,20.88608000000436
1,76,block_07_proj,block_07_residual1,1,host_fpga_pcie,FPGA_to_HOST,302592,66488.31587200011,66646.29059200009,157.97471999999536
2,75,block_07_attention,block_07_proj,1,gpu_host,GPU_to_HOST,302592,66488.31587200011,66509.2019520001,20.88608000000436
2,75,block_07_attention,block_07_proj,2,host_fpga_pcie,HOST_to_FPGA,302592,66509.2019520001,66667.1766720001,157.97471999999536
1,76,block_07_proj,block_07_residual1,2,gpu_host,HOST_to_GPU,302592,66646.29059200009,66667.1766720001,20.88608000000436
2,76,block_07_proj,block_07_residual1,1,host_fpga_pcie,FPGA_to_HOST,302592,66733.6828640001,66891.6575840001,157.97471999999536
3,75,block_07_attention,block_07_proj,1,gpu_host,GPU_to_HOST,302592,66733.6828640001,66754.56894400012,20.88608000000436
3,75,block_07_attention,block_07_proj,2,host_fpga_pcie,HOST_to_FPGA,302592,66754.56894400012,66912.54366400011,157.97471999999536
2,76,block_07_proj,block_07_residual1,2,gpu_host,HOST_to_GPU,302592,66891.6575840001,66912.54366400011,20.88608000000436
3,76,block_07_proj,block_07_residual1,1,host_fpga_pcie,FPGA_to_HOST,302592,66979.04985600011,67137.02457600011,157.97471999999536
4,73,block_07_norm1,block_07_qkv,1,gpu_host,GPU_to_HOST,302592,66979.04985600011,66999.93593600013,20.88608000000436
4,73,block_07_norm1,block_07_qkv,2,host_fpga_pcie,HOST_to_FPGA,302592,66999.93593600013,67157.91065600012,157.97471999999536
3,76,block_07_proj,block_07_residual1,2,gpu_host,HOST_to_GPU,302592,67137.02457600011,67157.91065600012,20.88608000000436
5,73,block_07_norm1,block_07_qkv,1,gpu_host,GPU_to_HOST,302592,67282.51451200013,67303.40059200012,20.88608000000436
5,73,block_07_norm1,block_07_qkv,2,host_fpga_pcie,HOST_to_FPGA,302592,67303.40059200012,67478.94011200013,175.53952000000373
4,74,block_07_qkv,block_07_attention,1,host_fpga_pcie,FPGA_to_HOST,907776,67306.72187200013,67641.12219200014,334.40032000001116
6,73,block_07_norm1,block_07_qkv,1,gpu_host,GPU_to_HOST,302592,67603.54396800014,67624.43004800014,20.88608000000436
6,73,block_07_norm1,block_07_qkv,2,host_fpga_pcie,HOST_to_FPGA,302592,67624.43004800014,67799.96956800015,175.53952000000373
5,74,block_07_qkv,block_07_attention,1,host_fpga_pcie,FPGA_to_HOST,907776,67627.75132800014,67962.15164800016,334.40032000001116
4,74,block_07_qkv,block_07_attention,2,gpu_host,HOST_to_GPU,907776,67641.12219200014,67693.78043200015,52.658240000003076
7,73,block_07_norm1,block_07_qkv,1,gpu_host,GPU_to_HOST,302592,67924.57342400016,67945.45950400016,20.88608000000436
7,73,block_07_norm1,block_07_qkv,2,host_fpga_pcie,HOST_to_FPGA,302592,67945.45950400016,68120.99902400016,175.53952000000373
6,74,block_07_qkv,block_07_attention,1,host_fpga_pcie,FPGA_to_HOST,907776,67948.78078400016,68283.18110400016,334.40032000001116
5,74,block_07_qkv,block_07_attention,2,gpu_host,HOST_to_GPU,907776,67962.15164800016,68014.80988800015,52.658240000003076
0,79,block_07_norm2,block_07_ffn_island,1,gpu_host,GPU_to_HOST,302592,68245.60288000017,68266.48896000018,20.88608000000436
0,79,block_07_norm2,block_07_ffn_island,2,host_fpga_pcie,HOST_to_FPGA,302592,68266.48896000018,68442.02848000018,175.53952000000373
7,74,block_07_qkv,block_07_attention,1,host_fpga_pcie,FPGA_to_HOST,907776,68269.81024000017,68604.21056000018,334.40032000001116
6,74,block_07_qkv,block_07_attention,2,gpu_host,HOST_to_GPU,907776,68283.18110400016,68335.83934400017,52.658240000003076
7,74,block_07_qkv,block_07_attention,2,gpu_host,HOST_to_GPU,907776,68604.21056000018,68656.86880000019,52.658240000003076
0,80,block_07_ffn_island,block_07_residual2,1,host_fpga_pcie,FPGA_to_HOST,302592,68807.45593600019,68965.43065600019,157.97471999999536
1,79,block_07_norm2,block_07_ffn_island,1,gpu_host,GPU_to_HOST,302592,68807.45593600019,68828.34201600018,20.88608000000436
1,79,block_07_norm2,block_07_ffn_island,2,host_fpga_pcie,HOST_to_FPGA,302592,68828.34201600018,68986.31673600018,157.97471999999536
0,80,block_07_ffn_island,block_07_residual2,2,gpu_host,HOST_to_GPU,302592,68965.43065600019,68986.31673600018,20.88608000000436
1,80,block_07_ffn_island,block_07_residual2,1,host_fpga_pcie,FPGA_to_HOST,302592,69351.74419200019,69509.71891200019,157.97471999999536
2,79,block_07_norm2,block_07_ffn_island,1,gpu_host,GPU_to_HOST,302592,69351.74419200019,69372.63027200018,20.88608000000436
2,79,block_07_norm2,block_07_ffn_island,2,host_fpga_pcie,HOST_to_FPGA,302592,69372.63027200018,69530.60499200018,157.97471999999536
1,80,block_07_ffn_island,block_07_residual2,2,gpu_host,HOST_to_GPU,302592,69509.71891200019,69530.60499200018,20.88608000000436
2,80,block_07_ffn_island,block_07_residual2,1,host_fpga_pcie,FPGA_to_HOST,302592,69896.03244800019,70054.00716800019,157.97471999999536
3,79,block_07_norm2,block_07_ffn_island,1,gpu_host,GPU_to_HOST,302592,69896.03244800019,69916.9185280002,20.88608000000436
3,79,block_07_norm2,block_07_ffn_island,2,host_fpga_pcie,HOST_to_FPGA,302592,69916.9185280002,70074.89324800018,157.97471999999536
2,80,block_07_ffn_island,block_07_residual2,2,gpu_host,HOST_to_GPU,302592,70054.00716800019,70074.89324800018,20.88608000000436
3,80,block_07_ffn_island,block_07_residual2,1,host_fpga_pcie,FPGA_to_HOST,302592,70440.32070400019,70598.29542400019,157.97471999999536
4,75,block_07_attention,block_07_proj,1,gpu_host,GPU_to_HOST,302592,70440.32070400019,70461.2067840002,20.88608000000436
4,75,block_07_attention,block_07_proj,2,host_fpga_pcie,HOST_to_FPGA,302592,70461.2067840002,70619.1815040002,157.97471999999536
3,80,block_07_ffn_island,block_07_residual2,2,gpu_host,HOST_to_GPU,302592,70598.29542400019,70619.1815040002,20.88608000000436
4,76,block_07_proj,block_07_residual1,1,host_fpga_pcie,FPGA_to_HOST,302592,70685.6876960002,70843.6624160002,157.97471999999536
5,75,block_07_attention,block_07_proj,1,gpu_host,GPU_to_HOST,302592,70685.6876960002,70706.57377600021,20.88608000000436
5,75,block_07_attention,block_07_proj,2,host_fpga_pcie,HOST_to_FPGA,302592,70706.57377600021,70864.54849600019,157.97471999999536
4,76,block_07_proj,block_07_residual1,2,gpu_host,HOST_to_GPU,302592,70843.6624160002,70864.54849600019,20.88608000000436
5,76,block_07_proj,block_07_residual1,1,host_fpga_pcie,FPGA_to_HOST,302592,70931.05468800021,71089.0294080002,157.97471999999536
6,75,block_07_attention,block_07_proj,1,gpu_host,GPU_to_HOST,302592,70931.05468800021,70951.9407680002,20.88608000000436
6,75,block_07_attention,block_07_proj,2,host_fpga_pcie,HOST_to_FPGA,302592,70951.9407680002,71109.9154880002,157.97471999999536
5,76,block_07_proj,block_07_residual1,2,gpu_host,HOST_to_GPU,302592,71089.0294080002,71109.9154880002,20.88608000000436
6,76,block_07_proj,block_07_residual1,1,host_fpga_pcie,FPGA_to_HOST,302592,71176.42168000022,71334.3964000002,157.97471999999536
7,75,block_07_attention,block_07_proj,1,gpu_host,GPU_to_HOST,302592,71176.42168000022,71197.30776000021,20.88608000000436
7,75,block_07_attention,block_07_proj,2,host_fpga_pcie,HOST_to_FPGA,302592,71197.30776000021,71355.28248000021,157.97471999999536
6,76,block_07_proj,block_07_residual1,2,gpu_host,HOST_to_GPU,302592,71334.3964000002,71355.28248000021,20.88608000000436
0,83,block_08_norm1,block_08_qkv,1,gpu_host,GPU_to_HOST,302592,71421.78867200021,71442.67475200022,20.88608000000436
7,76,block_07_proj,block_07_residual1,1,host_fpga_pcie,FPGA_to_HOST,302592,71421.78867200021,71579.76339200021,157.97471999999536
0,83,block_08_norm1,block_08_qkv,2,host_fpga_pcie,HOST_to_FPGA,302592,71442.67475200022,71600.64947200022,157.97471999999536
7,76,block_07_proj,block_07_residual1,2,gpu_host,HOST_to_GPU,302592,71579.76339200021,71600.64947200022,20.88608000000436
1,83,block_08_norm1,block_08_qkv,1,gpu_host,GPU_to_HOST,302592,71725.25332800022,71746.13940800024,20.88608000000436
1,83,block_08_norm1,block_08_qkv,2,host_fpga_pcie,HOST_to_FPGA,302592,71746.13940800024,71921.67892800024,175.53952000000373
0,84,block_08_qkv,block_08_attention,1,host_fpga_pcie,FPGA_to_HOST,907776,71749.46068800022,72083.86100800024,334.40032000001116
2,83,block_08_norm1,block_08_qkv,1,gpu_host,GPU_to_HOST,302592,72046.28278400024,72067.16886400025,20.88608000000436
2,83,block_08_norm1,block_08_qkv,2,host_fpga_pcie,HOST_to_FPGA,302592,72067.16886400025,72242.70838400025,175.53952000000373
1,84,block_08_qkv,block_08_attention,1,host_fpga_pcie,FPGA_to_HOST,907776,72070.49014400024,72404.89046400026,334.40032000001116
0,84,block_08_qkv,block_08_attention,2,gpu_host,HOST_to_GPU,907776,72083.86100800024,72136.51924800024,52.658240000003076
3,83,block_08_norm1,block_08_qkv,1,gpu_host,GPU_to_HOST,302592,72367.31224000026,72388.19832000026,20.88608000000436
3,83,block_08_norm1,block_08_qkv,2,host_fpga_pcie,HOST_to_FPGA,302592,72388.19832000026,72563.73784000026,175.53952000000373
2,84,block_08_qkv,block_08_attention,1,host_fpga_pcie,FPGA_to_HOST,907776,72391.51960000026,72725.91992000028,334.40032000001116
1,84,block_08_qkv,block_08_attention,2,gpu_host,HOST_to_GPU,907776,72404.89046400026,72457.54870400026,52.658240000003076
4,79,block_07_norm2,block_07_ffn_island,1,gpu_host,GPU_to_HOST,302592,72688.34169600028,72709.22777600028,20.88608000000436
4,79,block_07_norm2,block_07_ffn_island,2,host_fpga_pcie,HOST_to_FPGA,302592,72709.22777600028,72884.76729600028,175.53952000000373
3,84,block_08_qkv,block_08_attention,1,host_fpga_pcie,FPGA_to_HOST,907776,72712.54905600028,73046.94937600028,334.40032000001116
2,84,block_08_qkv,block_08_attention,2,gpu_host,HOST_to_GPU,907776,72725.91992000028,72778.57816000027,52.658240000003076
3,84,block_08_qkv,block_08_attention,2,gpu_host,HOST_to_GPU,907776,73046.94937600028,73099.60761600028,52.658240000003076
4,80,block_07_ffn_island,block_07_residual2,1,host_fpga_pcie,FPGA_to_HOST,302592,73250.19475200029,73408.16947200029,157.97471999999536
5,79,block_07_norm2,block_07_ffn_island,1,gpu_host,GPU_to_HOST,302592,73250.19475200029,73271.08083200028,20.88608000000436
5,79,block_07_norm2,block_07_ffn_island,2,host_fpga_pcie,HOST_to_FPGA,302592,73271.08083200028,73429.05555200028,157.97471999999536
4,80,block_07_ffn_island,block_07_residual2,2,gpu_host,HOST_to_GPU,302592,73408.16947200029,73429.05555200028,20.88608000000436
5,80,block_07_ffn_island,block_07_residual2,1,host_fpga_pcie,FPGA_to_HOST,302592,73794.48300800029,73952.45772800028,157.97471999999536
6,79,block_07_norm2,block_07_ffn_island,1,gpu_host,GPU_to_HOST,302592,73794.48300800029,73815.3690880003,20.88608000000436
6,79,block_07_norm2,block_07_ffn_island,2,host_fpga_pcie,HOST_to_FPGA,302592,73815.3690880003,73973.34380800028,157.97471999999536
5,80,block_07_ffn_island,block_07_residual2,2,gpu_host,HOST_to_GPU,302592,73952.45772800028,73973.34380800028,20.88608000000436
6,80,block_07_ffn_island,block_07_residual2,1,host_fpga_pcie,FPGA_to_HOST,302592,74338.77126400029,74496.74598400028,157.97471999999536
7,79,block_07_norm2,block_07_ffn_island,1,gpu_host,GPU_to_HOST,302592,74338.77126400029,74359.6573440003,20.88608000000436
7,79,block_07_norm2,block_07_ffn_island,2,host_fpga_pcie,HOST_to_FPGA,302592,74359.6573440003,74517.6320640003,157.97471999999536
6,80,block_07_ffn_island,block_07_residual2,2,gpu_host,HOST_to_GPU,302592,74496.74598400028,74517.6320640003,20.88608000000436
0,85,block_08_attention,block_08_proj,1,gpu_host,GPU_to_HOST,302592,74883.0595200003,74903.9456000003,20.88608000000436
7,80,block_07_ffn_island,block_07_residual2,1,host_fpga_pcie,FPGA_to_HOST,302592,74883.0595200003,75041.03424000028,157.97471999999536
0,85,block_08_attention,block_08_proj,2,host_fpga_pcie,HOST_to_FPGA,302592,74903.9456000003,75061.9203200003,157.97471999999536
7,80,block_07_ffn_island,block_07_residual2,2,gpu_host,HOST_to_GPU,302592,75041.03424000028,75061.9203200003,20.88608000000436
0,86,block_08_proj,block_08_residual1,1,host_fpga_pcie,FPGA_to_HOST,302592,75128.4265120003,75286.4012320003,157.97471999999536
1,85,block_08_attention,block_08_proj,1,gpu_host,GPU_to_HOST,302592,75128.4265120003,75149.31259200031,20.88608000000436
1,85,block_08_attention,block_08_proj,2,host_fpga_pcie,HOST_to_FPGA,302592,75149.31259200031,75307.2873120003,157.97471999999536
0,86,block_08_proj,block_08_residual1,2,gpu_host,HOST_to_GPU,302592,75286.4012320003,75307.2873120003,20.88608000000436
1,86,block_08_proj,block_08_residual1,1,host_fpga_pcie,FPGA_to_HOST,302592,75373.7935040003,75531.7682240003,157.97471999999536
2,85,block_08_attention,block_08_proj,1,gpu_host,GPU_to_HOST,302592,75373.7935040003,75394.67958400032,20.88608000000436
2,85,block_08_attention,block_08_proj,2,host_fpga_pcie,HOST_to_FPGA,302592,75394.67958400032,75552.6543040003,157.97471999999536
1,86,block_08_proj,block_08_residual1,2,gpu_host,HOST_to_GPU,302592,75531.7682240003,75552.6543040003,20.88608000000436
2,86,block_08_proj,block_08_residual1,1,host_fpga_pcie,FPGA_to_HOST,302592,75619.16049600032,75777.13521600032,157.97471999999536
3,85,block_08_attention,block_08_proj,1,gpu_host,GPU_to_HOST,302592,75619.16049600032,75640.04657600031,20.88608000000436
3,85,block_08_attention,block_08_proj,2,host_fpga_pcie,HOST_to_FPGA,302592,75640.04657600031,75798.02129600031,157.97471999999536
2,86,block_08_proj,block_08_residual1,2,gpu_host,HOST_to_GPU,302592,75777.13521600032,75798.02129600031,20.88608000000436
3,86,block_08_proj,block_08_residual1,1,host_fpga_pcie,FPGA_to_HOST,302592,75864.52748800033,76022.50220800031,157.97471999999536
4,83,block_08_norm1,block_08_qkv,1,gpu_host,GPU_to_HOST,302592,75864.52748800033,75885.41356800032,20.88608000000436
4,83,block_08_norm1,block_08_qkv,2,host_fpga_pcie,HOST_to_FPGA,302592,75885.41356800032,76043.38828800032,157.97471999999536
3,86,block_08_proj,block_08_residual1,2,gpu_host,HOST_to_GPU,302592,76022.50220800031,76043.38828800032,20.88608000000436
5,83,block_08_norm1,block_08_qkv,1,gpu_host,GPU_to_HOST,302592,76167.99214400032,76188.87822400033,20.88608000000436
5,83,block_08_norm1,block_08_qkv,2,host_fpga_pcie,HOST_to_FPGA,302592,76188.87822400033,76364.41774400034,175.53952000000373
4,84,block_08_qkv,block_08_attention,1,host_fpga_pcie,FPGA_to_HOST,907776,76192.19950400032,76526.59982400034,334.40032000001116
6,83,block_08_norm1,block_08_qkv,1,gpu_host,GPU_to_HOST,302592,76489.02160000034,76509.90768000035,20.88608000000436
6,83,block_08_norm1,block_08_qkv,2,host_fpga_pcie,HOST_to_FPGA,302592,76509.90768000035,76685.44720000036,175.53952000000373
5,84,block_08_qkv,block_08_attention,1,host_fpga_pcie,FPGA_to_HOST,907776,76513.22896000034,76847.62928000036,334.40032000001116
4,84,block_08_qkv,block_08_attention,2,gpu_host,HOST_to_GPU,907776,76526.59982400034,76579.25806400034,52.658240000003076
7,83,block_08_norm1,block_08_qkv,1,gpu_host,GPU_to_HOST,302592,76810.05105600036,76830.93713600037,20.88608000000436
7,83,block_08_norm1,block_08_qkv,2,host_fpga_pcie,HOST_to_FPGA,302592,76830.93713600037,77006.47665600036,175.53952000000373
6,84,block_08_qkv,block_08_attention,1,host_fpga_pcie,FPGA_to_HOST,907776,76834.25841600036,77168.65873600038,334.40032000001116
5,84,block_08_qkv,block_08_attention,2,gpu_host,HOST_to_GPU,907776,76847.62928000036,76900.28752000036,52.658240000003076
0,89,block_08_norm2,block_08_ffn_island,1,gpu_host,GPU_to_HOST,302592,77131.08051200038,77151.96659200038,20.88608000000436
0,89,block_08_norm2,block_08_ffn_island,2,host_fpga_pcie,HOST_to_FPGA,302592,77151.96659200038,77327.50611200038,175.53952000000373
7,84,block_08_qkv,block_08_attention,1,host_fpga_pcie,FPGA_to_HOST,907776,77155.28787200038,77489.6881920004,334.40032000001116
6,84,block_08_qkv,block_08_attention,2,gpu_host,HOST_to_GPU,907776,77168.65873600038,77221.31697600038,52.658240000003076
7,84,block_08_qkv,block_08_attention,2,gpu_host,HOST_to_GPU,907776,77489.6881920004,77542.3464320004,52.658240000003076
0,90,block_08_ffn_island,block_08_residual2,1,host_fpga_pcie,FPGA_to_HOST,302592,77692.93356800039,77850.90828800038,157.97471999999536
1,89,block_08_norm2,block_08_ffn_island,1,gpu_host,GPU_to_HOST,302592,77692.93356800039,77713.8196480004,20.88608000000436
1,89,block_08_norm2,block_08_ffn_island,2,host_fpga_pcie,HOST_to_FPGA,302592,77713.8196480004,77871.7943680004,157.97471999999536
0,90,block_08_ffn_island,block_08_residual2,2,gpu_host,HOST_to_GPU,302592,77850.90828800038,77871.7943680004,20.88608000000436
1,90,block_08_ffn_island,block_08_residual2,1,host_fpga_pcie,FPGA_to_HOST,302592,78237.22182400039,78395.19654400038,157.97471999999536
2,89,block_08_norm2,block_08_ffn_island,1,gpu_host,GPU_to_HOST,302592,78237.22182400039,78258.1079040004,20.88608000000436
2,89,block_08_norm2,block_08_ffn_island,2,host_fpga_pcie,HOST_to_FPGA,302592,78258.1079040004,78416.0826240004,157.97471999999536
1,90,block_08_ffn_island,block_08_residual2,2,gpu_host,HOST_to_GPU,302592,78395.19654400038,78416.0826240004,20.88608000000436
2,90,block_08_ffn_island,block_08_residual2,1,host_fpga_pcie,FPGA_to_HOST,302592,78781.5100800004,78939.48480000038,157.97471999999536
3,89,block_08_norm2,block_08_ffn_island,1,gpu_host,GPU_to_HOST,302592,78781.5100800004,78802.3961600004,20.88608000000436
3,89,block_08_norm2,block_08_ffn_island,2,host_fpga_pcie,HOST_to_FPGA,302592,78802.3961600004,78960.3708800004,157.97471999999536
2,90,block_08_ffn_island,block_08_residual2,2,gpu_host,HOST_to_GPU,302592,78939.48480000038,78960.3708800004,20.88608000000436
3,90,block_08_ffn_island,block_08_residual2,1,host_fpga_pcie,FPGA_to_HOST,302592,79325.7983360004,79483.7730560004,157.97471999999536
4,85,block_08_attention,block_08_proj,1,gpu_host,GPU_to_HOST,302592,79325.7983360004,79346.6844160004,20.88608000000436
4,85,block_08_attention,block_08_proj,2,host_fpga_pcie,HOST_to_FPGA,302592,79346.6844160004,79504.6591360004,157.97471999999536
3,90,block_08_ffn_island,block_08_residual2,2,gpu_host,HOST_to_GPU,302592,79483.7730560004,79504.6591360004,20.88608000000436
4,86,block_08_proj,block_08_residual1,1,host_fpga_pcie,FPGA_to_HOST,302592,79571.16532800041,79729.1400480004,157.97471999999536
5,85,block_08_attention,block_08_proj,1,gpu_host,GPU_to_HOST,302592,79571.16532800041,79592.0514080004,20.88608000000436
5,85,block_08_attention,block_08_proj,2,host_fpga_pcie,HOST_to_FPGA,302592,79592.0514080004,79750.0261280004,157.97471999999536
4,86,block_08_proj,block_08_residual1,2,gpu_host,HOST_to_GPU,302592,79729.1400480004,79750.0261280004,20.88608000000436
5,86,block_08_proj,block_08_residual1,1,host_fpga_pcie,FPGA_to_HOST,302592,79816.5323200004,79974.5070400004,157.97471999999536
6,85,block_08_attention,block_08_proj,1,gpu_host,GPU_to_HOST,302592,79816.5323200004,79837.41840000042,20.88608000000436
6,85,block_08_attention,block_08_proj,2,host_fpga_pcie,HOST_to_FPGA,302592,79837.41840000042,79995.39312000042,157.97471999999536
5,86,block_08_proj,block_08_residual1,2,gpu_host,HOST_to_GPU,302592,79974.5070400004,79995.39312000042,20.88608000000436
6,86,block_08_proj,block_08_residual1,1,host_fpga_pcie,FPGA_to_HOST,302592,80061.89931200042,80219.87403200041,157.97471999999536
7,85,block_08_attention,block_08_proj,1,gpu_host,GPU_to_HOST,302592,80061.89931200042,80082.78539200043,20.88608000000436
7,85,block_08_attention,block_08_proj,2,host_fpga_pcie,HOST_to_FPGA,302592,80082.78539200043,80240.76011200041,157.97471999999536
6,86,block_08_proj,block_08_residual1,2,gpu_host,HOST_to_GPU,302592,80219.87403200041,80240.76011200041,20.88608000000436
0,93,block_09_norm1,block_09_qkv,1,gpu_host,GPU_to_HOST,302592,80307.26630400043,80328.15238400042,20.88608000000436
7,86,block_08_proj,block_08_residual1,1,host_fpga_pcie,FPGA_to_HOST,302592,80307.26630400043,80465.24102400042,157.97471999999536
0,93,block_09_norm1,block_09_qkv,2,host_fpga_pcie,HOST_to_FPGA,302592,80328.15238400042,80486.12710400042,157.97471999999536
7,86,block_08_proj,block_08_residual1,2,gpu_host,HOST_to_GPU,302592,80465.24102400042,80486.12710400042,20.88608000000436
1,93,block_09_norm1,block_09_qkv,1,gpu_host,GPU_to_HOST,302592,80610.73096000044,80631.61704000043,20.88608000000436
1,93,block_09_norm1,block_09_qkv,2,host_fpga_pcie,HOST_to_FPGA,302592,80631.61704000043,80807.15656000044,175.53952000000373
0,94,block_09_qkv,block_09_attention,1,host_fpga_pcie,FPGA_to_HOST,907776,80634.93832000044,80969.33864000044,334.40032000001116
2,93,block_09_norm1,block_09_qkv,1,gpu_host,GPU_to_HOST,302592,80931.76041600044,80952.64649600045,20.88608000000436
2,93,block_09_norm1,block_09_qkv,2,host_fpga_pcie,HOST_to_FPGA,302592,80952.64649600045,81128.18601600046,175.53952000000373
1,94,block_09_qkv,block_09_attention,1,host_fpga_pcie,FPGA_to_HOST,907776,80955.96777600044,81290.36809600046,334.40032000001116
0,94,block_09_qkv,block_09_attention,2,gpu_host,HOST_to_GPU,907776,80969.33864000044,81021.99688000044,52.658240000003076
3,93,block_09_norm1,block_09_qkv,1,gpu_host,GPU_to_HOST,302592,81252.78987200046,81273.67595200047,20.88608000000436
3,93,block_09_norm1,block_09_qkv,2,host_fpga_pcie,HOST_to_FPGA,302592,81273.67595200047,81449.21547200048,175.53952000000373
2,94,block_09_qkv,block_09_attention,1,host_fpga_pcie,FPGA_to_HOST,907776,81276.99723200046,81611.39755200048,334.40032000001116
1,94,block_09_qkv,block_09_attention,2,gpu_host,HOST_to_GPU,907776,81290.36809600046,81343.02633600046,52.658240000003076
4,89,block_08_norm2,block_08_ffn_island,1,gpu_host,GPU_to_HOST,302592,81573.81932800048,81594.70540800049,20.88608000000436
4,89,block_08_norm2,block_08_ffn_island,2,host_fpga_pcie,HOST_to_FPGA,302592,81594.70540800049,81770.2449280005,175.53952000000373
3,94,block_09_qkv,block_09_attention,1,host_fpga_pcie,FPGA_to_HOST,907776,81598.02668800048,81932.4270080005,334.40032000001116
2,94,block_09_qkv,block_09_attention,2,gpu_host,HOST_to_GPU,907776,81611.39755200048,81664.05579200048,52.658240000003076
3,94,block_09_qkv,block_09_attention,2,gpu_host,HOST_to_GPU,907776,81932.4270080005,81985.0852480005,52.658240000003076
4,90,block_08_ffn_island,block_08_residual2,1,host_fpga_pcie,FPGA_to_HOST,302592,82135.67238400049,82293.64710400048,157.97471999999536
5,89,block_08_norm2,block_08_ffn_island,1,gpu_host,GPU_to_HOST,302592,82135.67238400049,82156.5584640005,20.88608000000436
5,89,block_08_norm2,block_08_ffn_island,2,host_fpga_pcie,HOST_to_FPGA,302592,82156.5584640005,82314.5331840005,157.97471999999536
4,90,block_08_ffn_island,block_08_residual2,2,gpu_host,HOST_to_GPU,302592,82293.64710400048,82314.5331840005,20.88608000000436
5,90,block_08_ffn_island,block_08_residual2,1,host_fpga_pcie,FPGA_to_HOST,302592,82679.9606400005,82837.93536000048,157.97471999999536
6,89,block_08_norm2,block_08_ffn_island,1,gpu_host,GPU_to_HOST,302592,82679.9606400005,82700.8467200005,20.88608000000436
6,89,block_08_norm2,block_08_ffn_island,2,host_fpga_pcie,HOST_to_FPGA,302592,82700.8467200005,82858.8214400005,157.97471999999536
5,90,block_08_ffn_island,block_08_residual2,2,gpu_host,HOST_to_GPU,302592,82837.93536000048,82858.8214400005,20.88608000000436
6,90,block_08_ffn_island,block_08_residual2,1,host_fpga_pcie,FPGA_to_HOST,302592,83224.2488960005,83382.2236160005,157.97471999999536
7,89,block_08_norm2,block_08_ffn_island,1,gpu_host,GPU_to_HOST,302592,83224.2488960005,83245.1349760005,20.88608000000436
7,89,block_08_norm2,block_08_ffn_island,2,host_fpga_pcie,HOST_to_FPGA,302592,83245.1349760005,83403.1096960005,157.97471999999536
6,90,block_08_ffn_island,block_08_residual2,2,gpu_host,HOST_to_GPU,302592,83382.2236160005,83403.1096960005,20.88608000000436
0,95,block_09_attention,block_09_proj,1,gpu_host,GPU_to_HOST,302592,83768.5371520005,83789.42323200051,20.88608000000436
7,90,block_08_ffn_island,block_08_residual2,1,host_fpga_pcie,FPGA_to_HOST,302592,83768.5371520005,83926.5118720005,157.97471999999536
0,95,block_09_attention,block_09_proj,2,host_fpga_pcie,HOST_to_FPGA,302592,83789.42323200051,83947.3979520005,157.97471999999536
7,90,block_08_ffn_island,block_08_residual2,2,gpu_host,HOST_to_GPU,302592,83926.5118720005,83947.3979520005,20.88608000000436
0,96,block_09_proj,block_09_residual1,1,host_fpga_pcie,FPGA_to_HOST,302592,84013.90414400051,84171.87886400051,157.97471999999536
1,95,block_09_attention,block_09_proj,1,gpu_host,GPU_to_HOST,302592,84013.90414400051,84034.7902240005,20.88608000000436
1,95,block_09_attention,block_09_proj,2,host_fpga_pcie,HOST_to_FPGA,302592,84034.7902240005,84192.7649440005,157.97471999999536
0,96,block_09_proj,block_09_residual1,2,gpu_host,HOST_to_GPU,302592,84171.87886400051,84192.7649440005,20.88608000000436
1,96,block_09_proj,block_09_residual1,1,host_fpga_pcie,FPGA_to_HOST,302592,84259.27113600052,84417.2458560005,157.97471999999536
2,95,block_09_attention,block_09_proj,1,gpu_host,GPU_to_HOST,302592,84259.27113600052,84280.15721600052,20.88608000000436
2,95,block_09_attention,block_09_proj,2,host_fpga_pcie,HOST_to_FPGA,302592,84280.15721600052,84438.13193600051,157.97471999999536
1,96,block_09_proj,block_09_residual1,2,gpu_host,HOST_to_GPU,302592,84417.2458560005,84438.13193600051,20.88608000000436
2,96,block_09_proj,block_09_residual1,1,host_fpga_pcie,FPGA_to_HOST,302592,84504.63812800052,84662.61284800051,157.97471999999536
3,95,block_09_attention,block_09_proj,1,gpu_host,GPU_to_HOST,302592,84504.63812800052,84525.52420800053,20.88608000000436
3,95,block_09_attention,block_09_proj,2,host_fpga_pcie,HOST_to_FPGA,302592,84525.52420800053,84683.49892800052,157.97471999999536
2,96,block_09_proj,block_09_residual1,2,gpu_host,HOST_to_GPU,302592,84662.61284800051,84683.49892800052,20.88608000000436
3,96,block_09_proj,block_09_residual1,1,host_fpga_pcie,FPGA_to_HOST,302592,84750.00512000053,84907.97984000052,157.97471999999536
4,93,block_09_norm1,block_09_qkv,1,gpu_host,GPU_to_HOST,302592,84750.00512000053,84770.89120000054,20.88608000000436
4,93,block_09_norm1,block_09_qkv,2,host_fpga_pcie,HOST_to_FPGA,302592,84770.89120000054,84928.86592000052,157.97471999999536
3,96,block_09_proj,block_09_residual1,2,gpu_host,HOST_to_GPU,302592,84907.97984000052,84928.86592000052,20.88608000000436
5,93,block_09_norm1,block_09_qkv,1,gpu_host,GPU_to_HOST,302592,85053.46977600054,85074.35585600053,20.88608000000436
5,93,block_09_norm1,block_09_qkv,2,host_fpga_pcie,HOST_to_FPGA,302592,85074.35585600053,85249.89537600054,175.53952000000373
4,94,block_09_qkv,block_09_attention,1,host_fpga_pcie,FPGA_to_HOST,907776,85077.67713600054,85412.07745600055,334.40032000001116
6,93,block_09_norm1,block_09_qkv,1,gpu_host,GPU_to_HOST,302592,85374.49923200055,85395.38531200055,20.88608000000436
6,93,block_09_norm1,block_09_qkv,2,host_fpga_pcie,HOST_to_FPGA,302592,85395.38531200055,85570.92483200056,175.53952000000373
5,94,block_09_qkv,block_09_attention,1,host_fpga_pcie,FPGA_to_HOST,907776,85398.70659200056,85733.10691200056,334.40032000001116
4,94,block_09_qkv,block_09_attention,2,gpu_host,HOST_to_GPU,907776,85412.07745600055,85464.73569600054,52.658240000003076
7,93,block_09_norm1,block_09_qkv,1,gpu_host,GPU_to_HOST,302592,85695.52868800057,85716.41476800057,20.88608000000436
7,93,block_09_norm1,block_09_qkv,2,host_fpga_pcie,HOST_to_FPGA,302592,85716.41476800057,85891.95428800058,175.53952000000373
6,94,block_09_qkv,block_09_attention,1,host_fpga_pcie,FPGA_to_HOST,907776,85719.73604800057,86054.13636800057,334.40032000001116
5,94,block_09_qkv,block_09_attention,2,gpu_host,HOST_to_GPU,907776,85733.10691200056,85785.76515200056,52.658240000003076
0,99,block_09_norm2,block_09_ffn_island,1,gpu_host,GPU_to_HOST,302592,86016.55814400058,86037.44422400059,20.88608000000436
0,99,block_09_norm2,block_09_ffn_island,2,host_fpga_pcie,HOST_to_FPGA,302592,86037.44422400059,86212.9837440006,175.53952000000373
7,94,block_09_qkv,block_09_attention,1,host_fpga_pcie,FPGA_to_HOST,907776,86040.76550400058,86375.16582400059,334.40032000001116
6,94,block_09_qkv,block_09_attention,2,gpu_host,HOST_to_GPU,907776,86054.13636800057,86106.79460800058,52.658240000003076
7,94,block_09_qkv,block_09_attention,2,gpu_host,HOST_to_GPU,907776,86375.16582400059,86427.8240640006,52.658240000003076
0,100,block_09_ffn_island,block_09_residual2,1,host_fpga_pcie,FPGA_to_HOST,302592,86578.4112000006,86736.38592000058,157.97471999999536
1,99,block_09_norm2,block_09_ffn_island,1,gpu_host,GPU_to_HOST,302592,86578.4112000006,86599.2972800006,20.88608000000436
1,99,block_09_norm2,block_09_ffn_island,2,host_fpga_pcie,HOST_to_FPGA,302592,86599.2972800006,86757.2720000006,157.97471999999536
0,100,block_09_ffn_island,block_09_residual2,2,gpu_host,HOST_to_GPU,302592,86736.38592000058,86757.2720000006,20.88608000000436
1,100,block_09_ffn_island,block_09_residual2,1,host_fpga_pcie,FPGA_to_HOST,302592,87122.6994560006,87280.6741760006,157.97471999999536
2,99,block_09_norm2,block_09_ffn_island,1,gpu_host,GPU_to_HOST,302592,87122.6994560006,87143.5855360006,20.88608000000436
2,99,block_09_norm2,block_09_ffn_island,2,host_fpga_pcie,HOST_to_FPGA,302592,87143.5855360006,87301.5602560006,157.97471999999536
1,100,block_09_ffn_island,block_09_residual2,2,gpu_host,HOST_to_GPU,302592,87280.6741760006,87301.5602560006,20.88608000000436
2,100,block_09_ffn_island,block_09_residual2,1,host_fpga_pcie,FPGA_to_HOST,302592,87666.9877120006,87824.9624320006,157.97471999999536
3,99,block_09_norm2,block_09_ffn_island,1,gpu_host,GPU_to_HOST,302592,87666.9877120006,87687.87379200061,20.88608000000436
3,99,block_09_norm2,block_09_ffn_island,2,host_fpga_pcie,HOST_to_FPGA,302592,87687.87379200061,87845.8485120006,157.97471999999536
2,100,block_09_ffn_island,block_09_residual2,2,gpu_host,HOST_to_GPU,302592,87824.9624320006,87845.8485120006,20.88608000000436
3,100,block_09_ffn_island,block_09_residual2,1,host_fpga_pcie,FPGA_to_HOST,302592,88211.2759680006,88369.2506880006,157.97471999999536
4,95,block_09_attention,block_09_proj,1,gpu_host,GPU_to_HOST,302592,88211.2759680006,88232.16204800061,20.88608000000436
4,95,block_09_attention,block_09_proj,2,host_fpga_pcie,HOST_to_FPGA,302592,88232.16204800061,88390.13676800061,157.97471999999536
3,100,block_09_ffn_island,block_09_residual2,2,gpu_host,HOST_to_GPU,302592,88369.2506880006,88390.13676800061,20.88608000000436
4,96,block_09_proj,block_09_residual1,1,host_fpga_pcie,FPGA_to_HOST,302592,88456.64296000061,88614.6176800006,157.97471999999536
5,95,block_09_attention,block_09_proj,1,gpu_host,GPU_to_HOST,302592,88456.64296000061,88477.52904000062,20.88608000000436
5,95,block_09_attention,block_09_proj,2,host_fpga_pcie,HOST_to_FPGA,302592,88477.52904000062,88635.5037600006,157.97471999999536
4,96,block_09_proj,block_09_residual1,2,gpu_host,HOST_to_GPU,302592,88614.6176800006,88635.5037600006,20.88608000000436
5,96,block_09_proj,block_09_residual1,1,host_fpga_pcie,FPGA_to_HOST,302592,88702.00995200062,88859.98467200062,157.97471999999536
6,95,block_09_attention,block_09_proj,1,gpu_host,GPU_to_HOST,302592,88702.00995200062,88722.89603200062,20.88608000000436
6,95,block_09_attention,block_09_proj,2,host_fpga_pcie,HOST_to_FPGA,302592,88722.89603200062,88880.87075200061,157.97471999999536
5,96,block_09_proj,block_09_residual1,2,gpu_host,HOST_to_GPU,302592,88859.98467200062,88880.87075200061,20.88608000000436
6,96,block_09_proj,block_09_residual1,1,host_fpga_pcie,FPGA_to_HOST,302592,88947.37694400063,89105.35166400061,157.97471999999536
7,95,block_09_attention,block_09_proj,1,gpu_host,GPU_to_HOST,302592,88947.37694400063,88968.26302400063,20.88608000000436
7,95,block_09_attention,block_09_proj,2,host_fpga_pcie,HOST_to_FPGA,302592,88968.26302400063,89126.23774400062,157.97471999999536
6,96,block_09_proj,block_09_residual1,2,gpu_host,HOST_to_GPU,302592,89105.35166400061,89126.23774400062,20.88608000000436
0,103,block_10_norm1,block_10_qkv,1,gpu_host,GPU_to_HOST,302592,89192.74393600062,89213.63001600064,20.88608000000436
7,96,block_09_proj,block_09_residual1,1,host_fpga_pcie,FPGA_to_HOST,302592,89192.74393600062,89350.71865600062,157.97471999999536
0,103,block_10_norm1,block_10_qkv,2,host_fpga_pcie,HOST_to_FPGA,302592,89213.63001600064,89371.60473600063,157.97471999999536
7,96,block_09_proj,block_09_residual1,2,gpu_host,HOST_to_GPU,302592,89350.71865600062,89371.60473600063,20.88608000000436
1,103,block_10_norm1,block_10_qkv,1,gpu_host,GPU_to_HOST,302592,89496.20859200064,89517.09467200065,20.88608000000436
1,103,block_10_norm1,block_10_qkv,2,host_fpga_pcie,HOST_to_FPGA,302592,89517.09467200065,89692.63419200064,175.53952000000373
0,104,block_10_qkv,block_10_attention,1,host_fpga_pcie,FPGA_to_HOST,907776,89520.41595200064,89854.81627200065,334.40032000001116
2,103,block_10_norm1,block_10_qkv,1,gpu_host,GPU_to_HOST,302592,89817.23804800065,89838.12412800065,20.88608000000436
2,103,block_10_norm1,block_10_qkv,2,host_fpga_pcie,HOST_to_FPGA,302592,89838.12412800065,90013.66364800066,175.53952000000373
1,104,block_10_qkv,block_10_attention,1,host_fpga_pcie,FPGA_to_HOST,907776,89841.44540800065,90175.84572800067,334.40032000001116
0,104,block_10_qkv,block_10_attention,2,gpu_host,HOST_to_GPU,907776,89854.81627200065,89907.47451200066,52.658240000003076
3,103,block_10_norm1,block_10_qkv,1,gpu_host,GPU_to_HOST,302592,90138.26750400067,90159.15358400067,20.88608000000436
3,103,block_10_norm1,block_10_qkv,2,host_fpga_pcie,HOST_to_FPGA,302592,90159.15358400067,90334.69310400067,175.53952000000373
2,104,block_10_qkv,block_10_attention,1,host_fpga_pcie,FPGA_to_HOST,907776,90162.47486400067,90496.87518400067,334.40032000001116
1,104,block_10_qkv,block_10_attention,2,gpu_host,HOST_to_GPU,907776,90175.84572800067,90228.50396800067,52.658240000003076
4,99,block_09_norm2,block_09_ffn_island,1,gpu_host,GPU_to_HOST,302592,90459.29696000069,90480.18304000069,20.88608000000436
4,99,block_09_norm2,block_09_ffn_island,2,host_fpga_pcie,HOST_to_FPGA,302592,90480.18304000069,90655.7225600007,175.53952000000373
3,104,block_10_qkv,block_10_attention,1,host_fpga_pcie,FPGA_to_HOST,907776,90483.50432000069,90817.90464000069,334.40032000001116
2,104,block_10_qkv,block_10_attention,2,gpu_host,HOST_to_GPU,907776,90496.87518400067,90549.53342400068,52.658240000003076
3,104,block_10_qkv,block_10_attention,2,gpu_host,HOST_to_GPU,907776,90817.90464000069,90870.5628800007,52.658240000003076
4,100,block_09_ffn_island,block_09_residual2,1,host_fpga_pcie,FPGA_to_HOST,302592,91021.1500160007,91179.1247360007,157.97471999999536
5,99,block_09_norm2,block_09_ffn_island,1,gpu_host,GPU_to_HOST,302592,91021.1500160007,91042.0360960007,20.88608000000436
5,99,block_09_norm2,block_09_ffn_island,2,host_fpga_pcie,HOST_to_FPGA,302592,91042.0360960007,91200.0108160007,157.97471999999536
4,100,block_09_ffn_island,block_09_residual2,2,gpu_host,HOST_to_GPU,302592,91179.1247360007,91200.0108160007,20.88608000000436
5,100,block_09_ffn_island,block_09_residual2,1,host_fpga_pcie,FPGA_to_HOST,302592,91565.4382720007,91723.4129920007,157.97471999999536
6,99,block_09_norm2,block_09_ffn_island,1,gpu_host,GPU_to_HOST,302592,91565.4382720007,91586.32435200071,20.88608000000436
6,99,block_09_norm2,block_09_ffn_island,2,host_fpga_pcie,HOST_to_FPGA,302592,91586.32435200071,91744.2990720007,157.97471999999536
5,100,block_09_ffn_island,block_09_residual2,2,gpu_host,HOST_to_GPU,302592,91723.4129920007,91744.2990720007,20.88608000000436
6,100,block_09_ffn_island,block_09_residual2,1,host_fpga_pcie,FPGA_to_HOST,302592,92109.7265280007,92267.7012480007,157.97471999999536
7,99,block_09_norm2,block_09_ffn_island,1,gpu_host,GPU_to_HOST,302592,92109.7265280007,92130.61260800071,20.88608000000436
7,99,block_09_norm2,block_09_ffn_island,2,host_fpga_pcie,HOST_to_FPGA,302592,92130.61260800071,92288.5873280007,157.97471999999536
6,100,block_09_ffn_island,block_09_residual2,2,gpu_host,HOST_to_GPU,302592,92267.7012480007,92288.5873280007,20.88608000000436
0,105,block_10_attention,block_10_proj,1,gpu_host,GPU_to_HOST,302592,92654.0147840007,92674.90086400071,20.88608000000436
7,100,block_09_ffn_island,block_09_residual2,1,host_fpga_pcie,FPGA_to_HOST,302592,92654.0147840007,92811.9895040007,157.97471999999536
0,105,block_10_attention,block_10_proj,2,host_fpga_pcie,HOST_to_FPGA,302592,92674.90086400071,92832.8755840007,157.97471999999536
7,100,block_09_ffn_island,block_09_residual2,2,gpu_host,HOST_to_GPU,302592,92811.9895040007,92832.8755840007,20.88608000000436
0,106,block_10_proj,block_10_residual1,1,host_fpga_pcie,FPGA_to_HOST,302592,92899.38177600071,93057.3564960007,157.97471999999536
1,105,block_10_attention,block_10_proj,1,gpu_host,GPU_to_HOST,302592,92899.38177600071,92920.26785600072,20.88608000000436
1,105,block_10_attention,block_10_proj,2,host_fpga_pcie,HOST_to_FPGA,302592,92920.26785600072,93078.24257600072,157.97471999999536
0,106,block_10_proj,block_10_residual1,2,gpu_host,HOST_to_GPU,302592,93057.3564960007,93078.24257600072,20.88608000000436
1,106,block_10_proj,block_10_residual1,1,host_fpga_pcie,FPGA_to_HOST,302592,93144.74876800072,93302.72348800072,157.97471999999536
2,105,block_10_attention,block_10_proj,1,gpu_host,GPU_to_HOST,302592,93144.74876800072,93165.63484800073,20.88608000000436
2,105,block_10_attention,block_10_proj,2,host_fpga_pcie,HOST_to_FPGA,302592,93165.63484800073,93323.60956800071,157.97471999999536
1,106,block_10_proj,block_10_residual1,2,gpu_host,HOST_to_GPU,302592,93302.72348800072,93323.60956800071,20.88608000000436
2,106,block_10_proj,block_10_residual1,1,host_fpga_pcie,FPGA_to_HOST,302592,93390.11576000073,93548.09048000073,157.97471999999536
3,105,block_10_attention,block_10_proj,1,gpu_host,GPU_to_HOST,302592,93390.11576000073,93411.00184000072,20.88608000000436
3,105,block_10_attention,block_10_proj,2,host_fpga_pcie,HOST_to_FPGA,302592,93411.00184000072,93568.97656000072,157.97471999999536
2,106,block_10_proj,block_10_residual1,2,gpu_host,HOST_to_GPU,302592,93548.09048000073,93568.97656000072,20.88608000000436
3,106,block_10_proj,block_10_residual1,1,host_fpga_pcie,FPGA_to_HOST,302592,93635.48275200074,93793.45747200072,157.97471999999536
4,103,block_10_norm1,block_10_qkv,1,gpu_host,GPU_to_HOST,302592,93635.48275200074,93656.36883200073,20.88608000000436
4,103,block_10_norm1,block_10_qkv,2,host_fpga_pcie,HOST_to_FPGA,302592,93656.36883200073,93814.34355200073,157.97471999999536
3,106,block_10_proj,block_10_residual1,2,gpu_host,HOST_to_GPU,302592,93793.45747200072,93814.34355200073,20.88608000000436
5,103,block_10_norm1,block_10_qkv,1,gpu_host,GPU_to_HOST,302592,93938.94740800073,93959.83348800075,20.88608000000436
5,103,block_10_norm1,block_10_qkv,2,host_fpga_pcie,HOST_to_FPGA,302592,93959.83348800075,94135.37300800075,175.53952000000373
4,104,block_10_qkv,block_10_attention,1,host_fpga_pcie,FPGA_to_HOST,907776,93963.15476800074,94297.55508800075,334.40032000001116
6,103,block_10_norm1,block_10_qkv,1,gpu_host,GPU_to_HOST,302592,94259.97686400075,94280.86294400076,20.88608000000436
6,103,block_10_norm1,block_10_qkv,2,host_fpga_pcie,HOST_to_FPGA,302592,94280.86294400076,94456.40246400077,175.53952000000373
5,104,block_10_qkv,block_10_attention,1,host_fpga_pcie,FPGA_to_HOST,907776,94284.18422400075,94618.58454400077,334.40032000001116
4,104,block_10_qkv,block_10_attention,2,gpu_host,HOST_to_GPU,907776,94297.55508800075,94350.21332800075,52.658240000003076
7,103,block_10_norm1,block_10_qkv,1,gpu_host,GPU_to_HOST,302592,94581.00632000077,94601.89240000077,20.88608000000436
7,103,block_10_norm1,block_10_qkv,2,host_fpga_pcie,HOST_to_FPGA,302592,94601.89240000077,94777.43192000077,175.53952000000373
6,104,block_10_qkv,block_10_attention,1,host_fpga_pcie,FPGA_to_HOST,907776,94605.21368000077,94939.61400000079,334.40032000001116
5,104,block_10_qkv,block_10_attention,2,gpu_host,HOST_to_GPU,907776,94618.58454400077,94671.24278400077,52.658240000003076
0,109,block_10_norm2,block_10_ffn_island,1,gpu_host,GPU_to_HOST,302592,94902.03577600079,94922.92185600079,20.88608000000436
0,109,block_10_norm2,block_10_ffn_island,2,host_fpga_pcie,HOST_to_FPGA,302592,94922.92185600079,95098.46137600079,175.53952000000373
7,104,block_10_qkv,block_10_attention,1,host_fpga_pcie,FPGA_to_HOST,907776,94926.24313600079,95260.6434560008,334.40032000001116
6,104,block_10_qkv,block_10_attention,2,gpu_host,HOST_to_GPU,907776,94939.61400000079,94992.27224000079,52.658240000003076
7,104,block_10_qkv,block_10_attention,2,gpu_host,HOST_to_GPU,907776,95260.6434560008,95313.3016960008,52.658240000003076
0,110,block_10_ffn_island,block_10_residual2,1,host_fpga_pcie,FPGA_to_HOST,302592,95463.8888320008,95621.8635520008,157.97471999999536
1,109,block_10_norm2,block_10_ffn_island,1,gpu_host,GPU_to_HOST,302592,95463.8888320008,95484.77491200081,20.88608000000436
1,109,block_10_norm2,block_10_ffn_island,2,host_fpga_pcie,HOST_to_FPGA,302592,95484.77491200081,95642.74963200079,157.97471999999536
0,110,block_10_ffn_island,block_10_residual2,2,gpu_host,HOST_to_GPU,302592,95621.8635520008,95642.74963200079,20.88608000000436
1,110,block_10_ffn_island,block_10_residual2,1,host_fpga_pcie,FPGA_to_HOST,302592,96008.1770880008,96166.1518080008,157.97471999999536
2,109,block_10_norm2,block_10_ffn_island,1,gpu_host,GPU_to_HOST,302592,96008.1770880008,96029.06316800081,20.88608000000436
2,109,block_10_norm2,block_10_ffn_island,2,host_fpga_pcie,HOST_to_FPGA,302592,96029.06316800081,96187.0378880008,157.97471999999536
1,110,block_10_ffn_island,block_10_residual2,2,gpu_host,HOST_to_GPU,302592,96166.1518080008,96187.0378880008,20.88608000000436
2,110,block_10_ffn_island,block_10_residual2,1,host_fpga_pcie,FPGA_to_HOST,302592,96552.4653440008,96710.4400640008,157.97471999999536
3,109,block_10_norm2,block_10_ffn_island,1,gpu_host,GPU_to_HOST,302592,96552.4653440008,96573.35142400081,20.88608000000436
3,109,block_10_norm2,block_10_ffn_island,2,host_fpga_pcie,HOST_to_FPGA,302592,96573.35142400081,96731.3261440008,157.97471999999536
2,110,block_10_ffn_island,block_10_residual2,2,gpu_host,HOST_to_GPU,302592,96710.4400640008,96731.3261440008,20.88608000000436
3,110,block_10_ffn_island,block_10_residual2,1,host_fpga_pcie,FPGA_to_HOST,302592,97096.75360000081,97254.7283200008,157.97471999999536
4,105,block_10_attention,block_10_proj,1,gpu_host,GPU_to_HOST,302592,97096.75360000081,97117.63968000081,20.88608000000436
4,105,block_10_attention,block_10_proj,2,host_fpga_pcie,HOST_to_FPGA,302592,97117.63968000081,97275.6144000008,157.97471999999536
3,110,block_10_ffn_island,block_10_residual2,2,gpu_host,HOST_to_GPU,302592,97254.7283200008,97275.6144000008,20.88608000000436
4,106,block_10_proj,block_10_residual1,1,host_fpga_pcie,FPGA_to_HOST,302592,97342.1205920008,97500.0953120008,157.97471999999536
5,105,block_10_attention,block_10_proj,1,gpu_host,GPU_to_HOST,302592,97342.1205920008,97363.00667200082,20.88608000000436
5,105,block_10_attention,block_10_proj,2,host_fpga_pcie,HOST_to_FPGA,302592,97363.00667200082,97520.98139200082,157.97471999999536
4,106,block_10_proj,block_10_residual1,2,gpu_host,HOST_to_GPU,302592,97500.0953120008,97520.98139200082,20.88608000000436
5,106,block_10_proj,block_10_residual1,1,host_fpga_pcie,FPGA_to_HOST,302592,97587.48758400082,97745.46230400082,157.97471999999536
6,105,block_10_attention,block_10_proj,1,gpu_host,GPU_to_HOST,302592,97587.48758400082,97608.37366400083,20.88608000000436
6,105,block_10_attention,block_10_proj,2,host_fpga_pcie,HOST_to_FPGA,302592,97608.37366400083,97766.34838400083,157.97471999999536
5,106,block_10_proj,block_10_residual1,2,gpu_host,HOST_to_GPU,302592,97745.46230400082,97766.34838400083,20.88608000000436
6,106,block_10_proj,block_10_residual1,1,host_fpga_pcie,FPGA_to_HOST,302592,97832.85457600083,97990.82929600083,157.97471999999536
7,105,block_10_attention,block_10_proj,1,gpu_host,GPU_to_HOST,302592,97832.85457600083,97853.74065600084,20.88608000000436
7,105,block_10_attention,block_10_proj,2,host_fpga_pcie,HOST_to_FPGA,302592,97853.74065600084,98011.71537600082,157.97471999999536
6,106,block_10_proj,block_10_residual1,2,gpu_host,HOST_to_GPU,302592,97990.82929600083,98011.71537600082,20.88608000000436
0,113,block_11_norm1,block_11_qkv,1,gpu_host,GPU_to_HOST,302592,98078.22156800084,98099.10764800083,20.88608000000436
7,106,block_10_proj,block_10_residual1,1,host_fpga_pcie,FPGA_to_HOST,302592,98078.22156800084,98236.19628800084,157.97471999999536
0,113,block_11_norm1,block_11_qkv,2,host_fpga_pcie,HOST_to_FPGA,302592,98099.10764800083,98257.08236800083,157.97471999999536
7,106,block_10_proj,block_10_residual1,2,gpu_host,HOST_to_GPU,302592,98236.19628800084,98257.08236800083,20.88608000000436
1,113,block_11_norm1,block_11_qkv,1,gpu_host,GPU_to_HOST,302592,98381.68622400085,98402.57230400085,20.88608000000436
1,113,block_11_norm1,block_11_qkv,2,host_fpga_pcie,HOST_to_FPGA,302592,98402.57230400085,98578.11182400085,175.53952000000373
0,114,block_11_qkv,block_11_attention,1,host_fpga_pcie,FPGA_to_HOST,907776,98405.89358400085,98740.29390400085,334.40032000001116
2,113,block_11_norm1,block_11_qkv,1,gpu_host,GPU_to_HOST,302592,98702.71568000085,98723.60176000086,20.88608000000436
2,113,block_11_norm1,block_11_qkv,2,host_fpga_pcie,HOST_to_FPGA,302592,98723.60176000086,98899.14128000087,175.53952000000373
1,114,block_11_qkv,block_11_attention,1,host_fpga_pcie,FPGA_to_HOST,907776,98726.92304000085,99061.32336000087,334.40032000001116
0,114,block_11_qkv,block_11_attention,2,gpu_host,HOST_to_GPU,907776,98740.29390400085,98792.95214400085,52.658240000003076
3,113,block_11_norm1,block_11_qkv,1,gpu_host,GPU_to_HOST,302592,99023.74513600087,99044.63121600088,20.88608000000436
3,113,block_11_norm1,block_11_qkv,2,host_fpga_pcie,HOST_to_FPGA,302592,99044.63121600088,99220.17073600089,175.53952000000373
2,114,block_11_qkv,block_11_attention,1,host_fpga_pcie,FPGA_to_HOST,907776,99047.95249600087,99382.35281600089,334.40032000001116
1,114,block_11_qkv,block_11_attention,2,gpu_host,HOST_to_GPU,907776,99061.32336000087,99113.98160000087,52.658240000003076
4,109,block_10_norm2,block_10_ffn_island,1,gpu_host,GPU_to_HOST,302592,99344.77459200089,99365.6606720009,20.88608000000436
4,109,block_10_norm2,block_10_ffn_island,2,host_fpga_pcie,HOST_to_FPGA,302592,99365.6606720009,99541.20019200089,175.53952000000373
3,114,block_11_qkv,block_11_attention,1,host_fpga_pcie,FPGA_to_HOST,907776,99368.98195200089,99703.3822720009,334.40032000001116
2,114,block_11_qkv,block_11_attention,2,gpu_host,HOST_to_GPU,907776,99382.35281600089,99435.01105600089,52.658240000003076
3,114,block_11_qkv,block_11_attention,2,gpu_host,HOST_to_GPU,907776,99703.3822720009,99756.04051200091,52.658240000003076
4,110,block_10_ffn_island,block_10_residual2,1,host_fpga_pcie,FPGA_to_HOST,302592,99906.6276480009,100064.6023680009,157.97471999999536
5,109,block_10_norm2,block_10_ffn_island,1,gpu_host,GPU_to_HOST,302592,99906.6276480009,99927.51372800091,20.88608000000436
5,109,block_10_norm2,block_10_ffn_island,2,host_fpga_pcie,HOST_to_FPGA,302592,99927.51372800091,100085.4884480009,157.97471999999536
4,110,block_10_ffn_island,block_10_residual2,2,gpu_host,HOST_to_GPU,302592,100064.6023680009,100085.4884480009,20.88608000000436
5,110,block_10_ffn_island,block_10_residual2,1,host_fpga_pcie,FPGA_to_HOST,302592,100450.91590400091,100608.8906240009,157.97471999999536
6,109,block_10_norm2,block_10_ffn_island,1,gpu_host,GPU_to_HOST,302592,100450.91590400091,100471.80198400091,20.88608000000436
6,109,block_10_norm2,block_10_ffn_island,2,host_fpga_pcie,HOST_to_FPGA,302592,100471.80198400091,100629.7767040009,157.97471999999536
5,110,block_10_ffn_island,block_10_residual2,2,gpu_host,HOST_to_GPU,302592,100608.8906240009,100629.7767040009,20.88608000000436
6,110,block_10_ffn_island,block_10_residual2,1,host_fpga_pcie,FPGA_to_HOST,302592,100995.20416000091,101153.17888000091,157.97471999999536
7,109,block_10_norm2,block_10_ffn_island,1,gpu_host,GPU_to_HOST,302592,100995.20416000091,101016.0902400009,20.88608000000436
7,109,block_10_norm2,block_10_ffn_island,2,host_fpga_pcie,HOST_to_FPGA,302592,101016.0902400009,101174.0649600009,157.97471999999536
6,110,block_10_ffn_island,block_10_residual2,2,gpu_host,HOST_to_GPU,302592,101153.17888000091,101174.0649600009,20.88608000000436
0,115,block_11_attention,block_11_proj,1,gpu_host,GPU_to_HOST,302592,101539.49241600091,101560.3784960009,20.88608000000436
7,110,block_10_ffn_island,block_10_residual2,1,host_fpga_pcie,FPGA_to_HOST,302592,101539.49241600091,101697.46713600091,157.97471999999536
0,115,block_11_attention,block_11_proj,2,host_fpga_pcie,HOST_to_FPGA,302592,101560.3784960009,101718.3532160009,157.97471999999536
7,110,block_10_ffn_island,block_10_residual2,2,gpu_host,HOST_to_GPU,302592,101697.46713600091,101718.3532160009,20.88608000000436
0,116,block_11_proj,block_11_residual1,1,host_fpga_pcie,FPGA_to_HOST,302592,101784.85940800092,101942.8341280009,157.97471999999536
1,115,block_11_attention,block_11_proj,1,gpu_host,GPU_to_HOST,302592,101784.85940800092,101805.74548800092,20.88608000000436
1,115,block_11_attention,block_11_proj,2,host_fpga_pcie,HOST_to_FPGA,302592,101805.74548800092,101963.72020800092,157.97471999999536
0,116,block_11_proj,block_11_residual1,2,gpu_host,HOST_to_GPU,302592,101942.8341280009,101963.72020800092,20.88608000000436
1,116,block_11_proj,block_11_residual1,1,host_fpga_pcie,FPGA_to_HOST,302592,102030.22640000092,102188.20112000091,157.97471999999536
2,115,block_11_attention,block_11_proj,1,gpu_host,GPU_to_HOST,302592,102030.22640000092,102051.11248000093,20.88608000000436
2,115,block_11_attention,block_11_proj,2,host_fpga_pcie,HOST_to_FPGA,302592,102051.11248000093,102209.08720000093,157.97471999999536
1,116,block_11_proj,block_11_residual1,2,gpu_host,HOST_to_GPU,302592,102188.20112000091,102209.08720000093,20.88608000000436
2,116,block_11_proj,block_11_residual1,1,host_fpga_pcie,FPGA_to_HOST,302592,102275.59339200093,102433.56811200092,157.97471999999536
3,115,block_11_attention,block_11_proj,1,gpu_host,GPU_to_HOST,302592,102275.59339200093,102296.47947200094,20.88608000000436
3,115,block_11_attention,block_11_proj,2,host_fpga_pcie,HOST_to_FPGA,302592,102296.47947200094,102454.45419200094,157.97471999999536
2,116,block_11_proj,block_11_residual1,2,gpu_host,HOST_to_GPU,302592,102433.56811200092,102454.45419200094,20.88608000000436
3,116,block_11_proj,block_11_residual1,1,host_fpga_pcie,FPGA_to_HOST,302592,102520.96038400094,102678.93510400094,157.97471999999536
4,113,block_11_norm1,block_11_qkv,1,gpu_host,GPU_to_HOST,302592,102520.96038400094,102541.84646400095,20.88608000000436
4,113,block_11_norm1,block_11_qkv,2,host_fpga_pcie,HOST_to_FPGA,302592,102541.84646400095,102699.82118400093,157.97471999999536
3,116,block_11_proj,block_11_residual1,2,gpu_host,HOST_to_GPU,302592,102678.93510400094,102699.82118400093,20.88608000000436
5,113,block_11_norm1,block_11_qkv,1,gpu_host,GPU_to_HOST,302592,102824.42504000095,102845.31112000094,20.88608000000436
5,113,block_11_norm1,block_11_qkv,2,host_fpga_pcie,HOST_to_FPGA,302592,102845.31112000094,103020.85064000095,175.53952000000373
4,114,block_11_qkv,block_11_attention,1,host_fpga_pcie,FPGA_to_HOST,907776,102848.63240000095,103183.03272000095,334.40032000001116
6,113,block_11_norm1,block_11_qkv,1,gpu_host,GPU_to_HOST,302592,103145.45449600097,103166.34057600096,20.88608000000436
6,113,block_11_norm1,block_11_qkv,2,host_fpga_pcie,HOST_to_FPGA,302592,103166.34057600096,103341.88009600097,175.53952000000373
5,114,block_11_qkv,block_11_attention,1,host_fpga_pcie,FPGA_to_HOST,907776,103169.66185600097,103504.06217600097,334.40032000001116
4,114,block_11_qkv,block_11_attention,2,gpu_host,HOST_to_GPU,907776,103183.03272000095,103235.69096000095,52.658240000003076
7,113,block_11_norm1,block_11_qkv,1,gpu_host,GPU_to_HOST,302592,103466.48395200097,103487.37003200098,20.88608000000436
7,113,block_11_norm1,block_11_qkv,2,host_fpga_pcie,HOST_to_FPGA,302592,103487.37003200098,103662.90955200099,175.53952000000373
6,114,block_11_qkv,block_11_attention,1,host_fpga_pcie,FPGA_to_HOST,907776,103490.69131200097,103825.09163200099,334.40032000001116
5,114,block_11_qkv,block_11_attention,2,gpu_host,HOST_to_GPU,907776,103504.06217600097,103556.72041600097,52.658240000003076
0,119,block_11_norm2,block_11_ffn_island,1,gpu_host,GPU_to_HOST,302592,103787.51340800099,103808.399488001,20.88608000000436
0,119,block_11_norm2,block_11_ffn_island,2,host_fpga_pcie,HOST_to_FPGA,302592,103808.399488001,103983.939008001,175.53952000000373
7,114,block_11_qkv,block_11_attention,1,host_fpga_pcie,FPGA_to_HOST,907776,103811.72076800099,104146.121088001,334.40032000001116
6,114,block_11_qkv,block_11_attention,2,gpu_host,HOST_to_GPU,907776,103825.09163200099,103877.74987200099,52.658240000003076
7,114,block_11_qkv,block_11_attention,2,gpu_host,HOST_to_GPU,907776,104146.121088001,104198.77932800101,52.658240000003076
0,120,block_11_ffn_island,block_11_residual2,1,host_fpga_pcie,FPGA_to_HOST,302592,104349.36646400101,104507.341184001,157.97471999999536
1,119,block_11_norm2,block_11_ffn_island,1,gpu_host,GPU_to_HOST,302592,104349.36646400101,104370.252544001,20.88608000000436
1,119,block_11_norm2,block_11_ffn_island,2,host_fpga_pcie,HOST_to_FPGA,302592,104370.252544001,104528.227264001,157.97471999999536
0,120,block_11_ffn_island,block_11_residual2,2,gpu_host,HOST_to_GPU,302592,104507.341184001,104528.227264001,20.88608000000436
1,120,block_11_ffn_island,block_11_residual2,1,host_fpga_pcie,FPGA_to_HOST,302592,104893.65472000101,105051.62944000101,157.97471999999536
2,119,block_11_norm2,block_11_ffn_island,1,gpu_host,GPU_to_HOST,302592,104893.65472000101,104914.540800001,20.88608000000436
2,119,block_11_norm2,block_11_ffn_island,2,host_fpga_pcie,HOST_to_FPGA,302592,104914.540800001,105072.515520001,157.97471999999536
1,120,block_11_ffn_island,block_11_residual2,2,gpu_host,HOST_to_GPU,302592,105051.62944000101,105072.515520001,20.88608000000436
2,120,block_11_ffn_island,block_11_residual2,1,host_fpga_pcie,FPGA_to_HOST,302592,105437.94297600101,105595.91769600101,157.97471999999536
3,119,block_11_norm2,block_11_ffn_island,1,gpu_host,GPU_to_HOST,302592,105437.94297600101,105458.829056001,20.88608000000436
3,119,block_11_norm2,block_11_ffn_island,2,host_fpga_pcie,HOST_to_FPGA,302592,105458.829056001,105616.803776001,157.97471999999536
2,120,block_11_ffn_island,block_11_residual2,2,gpu_host,HOST_to_GPU,302592,105595.91769600101,105616.803776001,20.88608000000436
3,120,block_11_ffn_island,block_11_residual2,1,host_fpga_pcie,FPGA_to_HOST,302592,105982.23123200101,106140.20595200101,157.97471999999536
4,115,block_11_attention,block_11_proj,1,gpu_host,GPU_to_HOST,302592,105982.23123200101,106003.11731200102,20.88608000000436
4,115,block_11_attention,block_11_proj,2,host_fpga_pcie,HOST_to_FPGA,302592,106003.11731200102,106161.092032001,157.97471999999536
3,120,block_11_ffn_island,block_11_residual2,2,gpu_host,HOST_to_GPU,302592,106140.20595200101,106161.092032001,20.88608000000436
4,116,block_11_proj,block_11_residual1,1,host_fpga_pcie,FPGA_to_HOST,302592,106227.59822400102,106385.57294400102,157.97471999999536
5,115,block_11_attention,block_11_proj,1,gpu_host,GPU_to_HOST,302592,106227.59822400102,106248.48430400102,20.88608000000436
5,115,block_11_attention,block_11_proj,2,host_fpga_pcie,HOST_to_FPGA,302592,106248.48430400102,106406.45902400101,157.97471999999536
4,116,block_11_proj,block_11_residual1,2,gpu_host,HOST_to_GPU,302592,106385.57294400102,106406.45902400101,20.88608000000436
5,116,block_11_proj,block_11_residual1,1,host_fpga_pcie,FPGA_to_HOST,302592,106472.96521600103,106630.93993600101,157.97471999999536
6,115,block_11_attention,block_11_proj,1,gpu_host,GPU_to_HOST,302592,106472.96521600103,106493.85129600103,20.88608000000436
6,115,block_11_attention,block_11_proj,2,host_fpga_pcie,HOST_to_FPGA,302592,106493.85129600103,106651.82601600102,157.97471999999536
5,116,block_11_proj,block_11_residual1,2,gpu_host,HOST_to_GPU,302592,106630.93993600101,106651.82601600102,20.88608000000436
6,116,block_11_proj,block_11_residual1,1,host_fpga_pcie,FPGA_to_HOST,302592,106718.33220800103,106876.30692800102,157.97471999999536
7,115,block_11_attention,block_11_proj,1,gpu_host,GPU_to_HOST,302592,106718.33220800103,106739.21828800104,20.88608000000436
7,115,block_11_attention,block_11_proj,2,host_fpga_pcie,HOST_to_FPGA,302592,106739.21828800104,106897.19300800104,157.97471999999536
6,116,block_11_proj,block_11_residual1,2,gpu_host,HOST_to_GPU,302592,106876.30692800102,106897.19300800104,20.88608000000436
0,123,class_token_select,classifier,1,gpu_host,GPU_to_HOST,1536,106951.65696000104,106956.73760000104,5.080640000001968
0,123,class_token_select,classifier,2,host_fpga_pcie,HOST_to_FPGA,1536,106956.73760000104,106977.14080000106,20.40320000000484
7,116,block_11_proj,block_11_residual1,1,host_fpga_pcie,FPGA_to_HOST,302592,106963.69920000104,107063.93600000103,100.23680000000034
1,123,class_token_select,classifier,1,gpu_host,GPU_to_HOST,1536,106990.70568000106,106995.78632000106,5.080640000001968
1,123,class_token_select,classifier,2,host_fpga_pcie,HOST_to_FPGA,1536,106995.78632000106,107016.59272000106,20.806400000003556
2,123,class_token_select,classifier,1,gpu_host,GPU_to_HOST,1536,107030.15760000108,107035.23824000108,5.080640000001968
2,123,class_token_select,classifier,2,host_fpga_pcie,HOST_to_FPGA,1536,107035.23824000108,107056.04464000108,20.806400000003556
7,116,block_11_proj,block_11_residual1,2,gpu_host,HOST_to_GPU,302592,107063.93600000103,107084.90272000105,20.966720000001327
3,123,class_token_select,classifier,1,gpu_host,GPU_to_HOST,1536,107069.60952000109,107074.77080000109,5.161279999998936
3,123,class_token_select,classifier,2,host_fpga_pcie,HOST_to_FPGA,1536,107074.77080000109,107095.17400000109,20.40320000000484
4,119,block_11_norm2,block_11_ffn_island,1,gpu_host,GPU_to_HOST,302592,107120.7811200011,107141.6672000011,20.88608000000436
4,119,block_11_norm2,block_11_ffn_island,2,host_fpga_pcie,HOST_to_FPGA,302592,107141.6672000011,107241.09760000111,99.43040000000292
4,120,block_11_ffn_island,block_11_residual2,1,host_fpga_pcie,FPGA_to_HOST,302592,107606.52505600112,107764.49977600112,157.97471999999536
5,119,block_11_norm2,block_11_ffn_island,1,gpu_host,GPU_to_HOST,302592,107606.52505600112,107627.41113600112,20.88608000000436
5,119,block_11_norm2,block_11_ffn_island,2,host_fpga_pcie,HOST_to_FPGA,302592,107627.41113600112,107785.38585600111,157.97471999999536
4,120,block_11_ffn_island,block_11_residual2,2,gpu_host,HOST_to_GPU,302592,107764.49977600112,107785.38585600111,20.88608000000436
5,120,block_11_ffn_island,block_11_residual2,1,host_fpga_pcie,FPGA_to_HOST,302592,108150.81331200112,108308.78803200112,157.97471999999536
6,119,block_11_norm2,block_11_ffn_island,1,gpu_host,GPU_to_HOST,302592,108150.81331200112,108171.69939200112,20.88608000000436
6,119,block_11_norm2,block_11_ffn_island,2,host_fpga_pcie,HOST_to_FPGA,302592,108171.69939200112,108329.67411200111,157.97471999999536
5,120,block_11_ffn_island,block_11_residual2,2,gpu_host,HOST_to_GPU,302592,108308.78803200112,108329.67411200111,20.88608000000436
6,120,block_11_ffn_island,block_11_residual2,1,host_fpga_pcie,FPGA_to_HOST,302592,108695.10156800112,108853.07628800112,157.97471999999536
7,119,block_11_norm2,block_11_ffn_island,1,gpu_host,GPU_to_HOST,302592,108695.10156800112,108715.98764800113,20.88608000000436
7,119,block_11_norm2,block_11_ffn_island,2,host_fpga_pcie,HOST_to_FPGA,302592,108715.98764800113,108873.96236800111,157.97471999999536
6,120,block_11_ffn_island,block_11_residual2,2,gpu_host,HOST_to_GPU,302592,108853.07628800112,108873.96236800111,20.88608000000436
4,123,class_token_select,classifier,1,gpu_host,GPU_to_HOST,1536,109227.34758400112,109232.42822400112,5.080640000001968
4,123,class_token_select,classifier,2,host_fpga_pcie,HOST_to_FPGA,1536,109232.42822400112,109252.83142400114,20.40320000000484
7,120,block_11_ffn_island,block_11_residual2,1,host_fpga_pcie,FPGA_to_HOST,302592,109239.38982400112,109339.62662400112,100.23680000000034
5,123,class_token_select,classifier,1,gpu_host,GPU_to_HOST,1536,109266.39630400114,109271.47694400114,5.080640000001968
5,123,class_token_select,classifier,2,host_fpga_pcie,HOST_to_FPGA,1536,109271.47694400114,109292.28334400115,20.806400000003556
6,123,class_token_select,classifier,1,gpu_host,GPU_to_HOST,1536,109305.84822400117,109310.92886400117,5.080640000001968
6,123,class_token_select,classifier,2,host_fpga_pcie,HOST_to_FPGA,1536,109310.92886400117,109331.73526400117,20.806400000003556
7,120,block_11_ffn_island,block_11_residual2,2,gpu_host,HOST_to_GPU,302592,109339.62662400112,109360.51270400113,20.88608000000436
7,123,class_token_select,classifier,1,gpu_host,GPU_to_HOST,1536,109476.52646400114,109481.60710400114,5.080640000001968
7,123,class_token_select,classifier,2,host_fpga_pcie,HOST_to_FPGA,1536,109481.60710400114,109502.01030400116,20.40320000000484
