request_id,edge_index,source,target,stage,resource,direction,bytes,start_us,finish_us,duration_us
0,3,block_00_norm1,block_00_qkv,1,gpu_host,GPU_to_HOST,302592,1362.8507520000007,1383.7368320000007,20.88608000000002
0,3,block_00_norm1,block_00_qkv,2,host_fpga_pcie,HOST_to_FPGA,302592,1383.7368320000007,1483.167232000001,99.43040000000009
1,3,block_00_norm1,block_00_qkv,1,gpu_host,GPU_to_HOST,302592,1607.7710880000009,1628.657168000001,20.88608000000002
1,3,block_00_norm1,block_00_qkv,2,host_fpga_pcie,HOST_to_FPGA,302592,1628.657168000001,1804.1966880000014,175.53952000000027
0,4,block_00_qkv,block_00_attention,1,host_fpga_pcie,FPGA_to_HOST,907776,1631.978448000001,1966.3787680000012,334.40032000000036
2,3,block_00_norm1,block_00_qkv,1,gpu_host,GPU_to_HOST,302592,1928.8005440000013,1949.6866240000013,20.88608000000002
2,3,block_00_norm1,block_00_qkv,2,host_fpga_pcie,HOST_to_FPGA,302592,1949.6866240000013,2125.2261440000016,175.53952000000027
1,4,block_00_qkv,block_00_attention,1,host_fpga_pcie,FPGA_to_HOST,907776,1953.0079040000012,2287.4082240000016,334.40032000000036
0,4,block_00_qkv,block_00_attention,2,gpu_host,HOST_to_GPU,907776,1966.3787680000012,2019.037008000001,52.65823999999961
3,3,block_00_norm1,block_00_qkv,1,gpu_host,GPU_to_HOST,302592,2249.8300000000017,2270.7160800000015,20.886079999999588
3,3,block_00_norm1,block_00_qkv,2,host_fpga_pcie,HOST_to_FPGA,302592,2270.7160800000015,2446.2556000000013,175.5395199999998
2,4,block_00_qkv,block_00_attention,1,host_fpga_pcie,FPGA_to_HOST,907776,2274.0373600000016,2608.4376800000014,334.4003199999999
1,4,block_00_qkv,block_00_attention,2,gpu_host,HOST_to_GPU,907776,2287.4082240000016,2340.0664640000014,52.65823999999961
4,3,block_00_norm1,block_00_qkv,1,gpu_host,GPU_to_HOST,302592,2570.859456000001,2591.745536000001,20.886079999999588
4,3,block_00_norm1,block_00_qkv,2,host_fpga_pcie,HOST_to_FPGA,302592,2591.745536000001,2767.2850560000006,175.5395199999998
3,4,block_00_qkv,block_00_attention,1,host_fpga_pcie,FPGA_to_HOST,907776,2595.066816000001,2929.467136000001,334.4003199999999
2,4,block_00_qkv,block_00_attention,2,gpu_host,HOST_to_GPU,907776,2608.4376800000014,2661.095920000001,52.65823999999961
5,3,block_00_norm1,block_00_qkv,1,gpu_host,GPU_to_HOST,302592,2891.888912000001,2912.774992,20.886079999999588
5,3,block_00_norm1,block_00_qkv,2,host_fpga_pcie,HOST_to_FPGA,302592,2912.774992,3088.314512,175.5395199999998
4,4,block_00_qkv,block_00_attention,1,host_fpga_pcie,FPGA_to_HOST,907776,2916.0962720000007,3250.4965920000004,334.4003199999999
3,4,block_00_qkv,block_00_attention,2,gpu_host,HOST_to_GPU,907776,2929.467136000001,2982.1253760000004,52.65823999999961
6,3,block_00_norm1,block_00_qkv,1,gpu_host,GPU_to_HOST,302592,3212.918368,3233.804448,20.886079999999588
6,3,block_00_norm1,block_00_qkv,2,host_fpga_pcie,HOST_to_FPGA,302592,3233.804448,3409.3439679999997,175.5395199999998
5,4,block_00_qkv,block_00_attention,1,host_fpga_pcie,FPGA_to_HOST,907776,3237.125728,3571.526048,334.4003199999999
4,4,block_00_qkv,block_00_attention,2,gpu_host,HOST_to_GPU,907776,3250.4965920000004,3303.154832,52.65823999999961
7,3,block_00_norm1,block_00_qkv,1,gpu_host,GPU_to_HOST,302592,3533.947824,3554.833903999999,20.886079999999588
7,3,block_00_norm1,block_00_qkv,2,host_fpga_pcie,HOST_to_FPGA,302592,3554.833903999999,3730.373423999999,175.5395199999998
6,4,block_00_qkv,block_00_attention,1,host_fpga_pcie,FPGA_to_HOST,907776,3558.1551839999997,3892.5555039999995,334.4003199999999
5,4,block_00_qkv,block_00_attention,2,gpu_host,HOST_to_GPU,907776,3571.526048,3624.1842879999995,52.65823999999961
0,5,block_00_attention,block_00_proj,1,gpu_host,GPU_to_HOST,302592,3854.977279999999,3875.863359999999,20.886079999999588
0,5,block_00_attention,block_00_proj,2,host_fpga_pcie,HOST_to_FPGA,302592,3875.863359999999,4051.4028799999983,175.53951999999938
7,4,block_00_qkv,block_00_attention,1,host_fpga_pcie,FPGA_to_HOST,907776,3879.184639999999,4354.493696,475.30905600000165
6,4,block_00_qkv,block_00_attention,2,gpu_host,HOST_to_GPU,907776,3892.5555039999995,3945.213743999999,52.65823999999961
0,6,block_00_proj,block_00_residual1,1,host_fpga_pcie,FPGA_to_HOST,302592,4117.909071999998,4362.002719999999,244.0936480000008
1,5,block_00_attention,block_00_proj,1,gpu_host,GPU_to_HOST,302592,4117.909071999998,4138.795151999998,20.88608000000002
1,5,block_00_attention,block_00_proj,2,host_fpga_pcie,HOST_to_FPGA,302592,4138.795151999998,4372.445759999999,233.65060800000123
7,4,block_00_qkv,block_00_attention,2,gpu_host,HOST_to_GPU,907776,4354.493696,4423.038016,68.54431999999983
0,6,block_00_proj,block_00_residual1,2,gpu_host,HOST_to_GPU,302592,4362.002719999999,4398.774879999997,36.77215999999938
1,6,block_00_proj,block_00_residual1,1,host_fpga_pcie,FPGA_to_HOST,302592,4438.951951999998,4596.926671999998,157.97471999999968
2,5,block_00_attention,block_00_proj,1,gpu_host,GPU_to_HOST,302592,4438.951951999998,4459.838031999998,20.88608000000002
2,5,block_00_attention,block_00_proj,2,host_fpga_pcie,HOST_to_FPGA,302592,4459.838031999998,4617.812751999998,157.97471999999968
1,6,block_00_proj,block_00_residual1,2,gpu_host,HOST_to_GPU,302592,4596.926671999998,4617.812751999998,20.88608000000002
2,6,block_00_proj,block_00_residual1,1,host_fpga_pcie,FPGA_to_HOST,302592,4684.318943999997,4842.293663999996,157.97471999999968
3,5,block_00_attention,block_00_proj,1,gpu_host,GPU_to_HOST,302592,4684.318943999997,4705.205023999997,20.88608000000002
3,5,block_00_attention,block_00_proj,2,host_fpga_pcie,HOST_to_FPGA,302592,4705.205023999997,4863.179743999996,157.97471999999968
2,6,block_00_proj,block_00_residual1,2,gpu_host,HOST_to_GPU,302592,4842.293663999996,4863.179743999996,20.88608000000002
3,6,block_00_proj,block_00_residual1,1,host_fpga_pcie,FPGA_to_HOST,302592,4929.685935999996,5087.6606559999955,157.97471999999968
4,5,block_00_attention,block_00_proj,1,gpu_host,GPU_to_HOST,302592,4929.685935999996,4950.5720159999955,20.88608000000002
4,5,block_00_attention,block_00_proj,2,host_fpga_pcie,HOST_to_FPGA,302592,4950.5720159999955,5108.546735999996,157.97471999999968
3,6,block_00_proj,block_00_residual1,2,gpu_host,HOST_to_GPU,302592,5087.6606559999955,5108.546735999996,20.88608000000002
4,6,block_00_proj,block_00_residual1,1,host_fpga_pcie,FPGA_to_HOST,302592,5175.052927999995,5333.027647999995,157.97471999999968
5,5,block_00_attention,block_00_proj,1,gpu_host,GPU_to_HOST,302592,5175.052927999995,5195.939007999995,20.88608000000002
5,5,block_00_attention,block_00_proj,2,host_fpga_pcie,HOST_to_FPGA,302592,5195.939007999995,5353.913727999995,157.97471999999968
4,6,block_00_proj,block_00_residual1,2,gpu_host,HOST_to_GPU,302592,5333.027647999995,5353.913727999995,20.88608000000002
5,6,block_00_proj,block_00_residual1,1,host_fpga_pcie,FPGA_to_HOST,302592,5420.419919999994,5578.394639999993,157.97471999999968
6,5,block_00_attention,block_00_proj,1,gpu_host,GPU_to_HOST,302592,5420.419919999994,5441.305999999994,20.88608000000002
6,5,block_00_attention,block_00_proj,2,host_fpga_pcie,HOST_to_FPGA,302592,5441.305999999994,5599.280719999993,157.97471999999968
5,6,block_00_proj,block_00_residual1,2,gpu_host,HOST_to_GPU,302592,5578.394639999993,5599.280719999993,20.88608000000002
0,9,block_00_norm2,block_00_fc1,1,gpu_host,GPU_to_HOST,302592,5665.786911999993,5686.6729919999925,20.88608000000002
6,6,block_00_proj,block_00_residual1,1,host_fpga_pcie,FPGA_to_HOST,302592,5665.786911999993,5823.7616319999925,157.97471999999968
0,9,block_00_norm2,block_00_fc1,2,host_fpga_pcie,HOST_to_FPGA,302592,5686.6729919999925,5844.647711999993,157.97471999999968
6,6,block_00_proj,block_00_residual1,2,gpu_host,HOST_to_GPU,302592,5823.7616319999925,5844.647711999993,20.88608000000002
7,5,block_00_attention,block_00_proj,1,gpu_host,GPU_to_HOST,302592,5998.300399999991,6019.186479999991,20.88608000000002
7,5,block_00_attention,block_00_proj,2,host_fpga_pcie,HOST_to_FPGA,302592,6019.186479999991,6182.62231999999,163.43583999999922
0,10,block_00_fc1,block_00_gelu,1,host_fpga_pcie,FPGA_to_HOST,1210368,6034.6114399999915,6595.199279999992,560.5878399999997
1,9,block_00_norm2,block_00_fc1,1,gpu_host,GPU_to_HOST,302592,6249.12851199999,6270.0145919999895,20.88608000000002
7,6,block_00_proj,block_00_residual1,1,host_fpga_pcie,FPGA_to_HOST,302592,6249.12851199999,6496.97667199999,247.8481600000004
1,9,block_00_norm2,block_00_fc1,2,host_fpga_pcie,HOST_to_FPGA,302592,6270.0145919999895,6517.86275199999,247.8481600000004
7,6,block_00_proj,block_00_residual1,2,gpu_host,HOST_to_GPU,302592,6496.97667199999,6517.86275199999,20.88608000000002
0,10,block_00_fc1,block_00_gelu,2,gpu_host,HOST_to_GPU,1210368,6595.199279999992,6663.743599999992,68.54431999999983
2,9,block_00_norm2,block_00_fc1,1,gpu_host,GPU_to_HOST,302592,6671.515439999989,6692.401519999989,20.88608000000002
2,9,block_00_norm2,block_00_fc1,2,host_fpga_pcie,HOST_to_FPGA,302592,6692.401519999989,6855.837359999989,163.43583999999922
1,10,block_00_fc1,block_00_gelu,1,host_fpga_pcie,FPGA_to_HOST,1210368,6707.82647999999,7220.195823999992,512.3693440000025
3,9,block_00_norm2,block_00_fc1,1,gpu_host,GPU_to_HOST,302592,7009.490047999987,7030.376127999987,20.88608000000002
3,9,block_00_norm2,block_00_fc1,2,host_fpga_pcie,HOST_to_FPGA,302592,7030.376127999987,7260.701839999989,230.32571200000146
2,10,block_00_fc1,block_00_gelu,1,host_fpga_pcie,FPGA_to_HOST,1210368,7045.801087999987,7601.922863999991,556.1217760000036
1,10,block_00_fc1,block_00_gelu,2,gpu_host,HOST_to_GPU,1210368,7220.195823999992,7288.740143999992,68.54431999999983
4,9,block_00_norm2,block_00_fc1,1,gpu_host,GPU_to_HOST,302592,7414.354527999987,7435.240607999987,20.88608000000002
4,9,block_00_norm2,block_00_fc1,2,host_fpga_pcie,HOST_to_FPGA,302592,7435.240607999987,7657.853839999988,222.61323200000078
3,10,block_00_fc1,block_00_gelu,1,host_fpga_pcie,FPGA_to_HOST,1210368,7450.665567999988,7999.074863999995,548.4092960000072
2,10,block_00_fc1,block_00_gelu,2,gpu_host,HOST_to_GPU,1210368,7601.922863999991,7670.467183999991,68.54431999999983
5,9,block_00_norm2,block_00_fc1,1,gpu_host,GPU_to_HOST,302592,7811.506527999987,7832.392607999986,20.886079999999154
5,9,block_00_norm2,block_00_fc1,2,host_fpga_pcie,HOST_to_FPGA,302592,7832.392607999986,8055.005839999989,222.6132320000025
4,10,block_00_fc1,block_00_gelu,1,host_fpga_pcie,FPGA_to_HOST,1210368,7847.817567999988,8396.226863999991,548.4092960000037
3,10,block_00_fc1,block_00_gelu,2,gpu_host,HOST_to_GPU,1210368,7999.074863999995,8067.619183999994,68.54431999999896
6,9,block_00_norm2,block_00_fc1,1,gpu_host,GPU_to_HOST,302592,8208.658527999989,8229.54460799999,20.886079999999154
6,9,block_00_norm2,block_00_fc1,2,host_fpga_pcie,HOST_to_FPGA,302592,8229.54460799999,8452.157839999989,222.61323200000078
5,10,block_00_fc1,block_00_gelu,1,host_fpga_pcie,FPGA_to_HOST,1210368,8244.96956799999,8793.37886399999,548.4092960000003
4,10,block_00_fc1,block_00_gelu,2,gpu_host,HOST_to_GPU,1210368,8396.226863999991,8464.77118399999,68.54431999999896
7,9,block_00_norm2,block_00_fc1,1,gpu_host,GPU_to_HOST,302592,8605.81052799999,8626.696607999991,20.886079999999154
7,9,block_00_norm2,block_00_fc1,2,host_fpga_pcie,HOST_to_FPGA,302592,8626.696607999991,8849.309839999989,222.61323199999904
6,10,block_00_fc1,block_00_gelu,1,host_fpga_pcie,FPGA_to_HOST,1210368,8642.12156799999,9133.121263999992,490.99969600000134
5,10,block_00_fc1,block_00_gelu,2,gpu_host,HOST_to_GPU,1210368,8793.37886399999,8861.923183999988,68.54431999999896
0,11,block_00_gelu,block_00_fc2,1,gpu_host,GPU_to_HOST,1210368,9039.27356799999,9107.817887999989,68.54431999999896
7,10,block_00_fc1,block_00_gelu,1,host_fpga_pcie,FPGA_to_HOST,1210368,9039.27356799999,9696.48455999999,657.2109919999996
0,11,block_00_gelu,block_00_fc2,2,host_fpga_pcie,HOST_to_FPGA,1210368,9107.817887999989,9730.756719999988,622.9388320000002
6,10,block_00_fc1,block_00_gelu,2,gpu_host,HOST_to_GPU,1210368,9133.121263999992,9201.66558399999,68.54431999999896
7,10,block_00_fc1,block_00_gelu,2,gpu_host,HOST_to_GPU,1210368,9696.48455999999,9765.028879999989,68.54431999999896
0,12,block_00_fc2,block_00_residual2,1,host_fpga_pcie,FPGA_to_HOST,302592,9920.72044799999,10020.150847999988,99.43039999999945
1,11,block_00_gelu,block_00_fc2,1,gpu_host,GPU_to_HOST,1210368,9957.031487999988,10026.000767999987,68.9692799999992
0,12,block_00_fc2,block_00_residual2,2,gpu_host,HOST_to_GPU,302592,10020.150847999988,10041.461887999987,21.311039999999394
1,11,block_00_gelu,block_00_fc2,2,host_fpga_pcie,HOST_to_FPGA,1210368,10026.000767999987,10363.722367999986,337.7215999999985
1,12,block_00_fc2,block_00_residual2,1,host_fpga_pcie,FPGA_to_HOST,302592,10553.686095999985,10653.116495999984,99.43039999999945
2,11,block_00_gelu,block_00_fc2,1,gpu_host,GPU_to_HOST,1210368,10589.997135999984,10658.966415999983,68.9692799999992
1,12,block_00_fc2,block_00_residual2,2,gpu_host,HOST_to_GPU,302592,10653.116495999984,10674.427535999985,21.311039999999394
2,11,block_00_gelu,block_00_fc2,2,host_fpga_pcie,HOST_to_FPGA,1210368,10658.966415999983,10996.688015999982,337.7215999999985
2,12,block_00_fc2,block_00_residual2,1,host_fpga_pcie,FPGA_to_HOST,302592,11186.651743999983,11286.082143999982,99.43039999999945
3,11,block_00_gelu,block_00_fc2,1,gpu_host,GPU_to_HOST,1210368,11222.962783999981,11291.93206399998,68.9692799999992
2,12,block_00_fc2,block_00_residual2,2,gpu_host,HOST_to_GPU,302592,11286.082143999982,11307.39318399998,21.311039999999394
3,11,block_00_gelu,block_00_fc2,2,host_fpga_pcie,HOST_to_FPGA,1210368,11291.93206399998,11629.653663999978,337.7215999999985
3,12,block_00_fc2,block_00_residual2,1,host_fpga_pcie,FPGA_to_HOST,302592,11819.617391999978,11919.047791999978,99.43039999999945
4,11,block_00_gelu,block_00_fc2,1,gpu_host,GPU_to_HOST,1210368,11855.928431999977,11924.897711999976,68.9692799999992
3,12,block_00_fc2,block_00_residual2,2,gpu_host,HOST_to_GPU,302592,11919.047791999978,11940.358831999978,21.311039999999394
4,11,block_00_gelu,block_00_fc2,2,host_fpga_pcie,HOST_to_FPGA,1210368,11924.897711999976,12262.619311999975,337.7215999999985
4,12,block_00_fc2,block_00_residual2,1,host_fpga_pcie,FPGA_to_HOST,302592,12452.583039999976,12552.013439999975,99.43039999999945
5,11,block_00_gelu,block_00_fc2,1,gpu_host,GPU_to_HOST,1210368,12488.894079999975,12557.863359999974,68.9692799999992
4,12,block_00_fc2,block_00_residual2,2,gpu_host,HOST_to_GPU,302592,12552.013439999975,12573.324479999974,21.311039999999394
5,11,block_00_gelu,block_00_fc2,2,host_fpga_pcie,HOST_to_FPGA,1210368,12557.863359999974,12895.584959999971,337.7215999999985
5,12,block_00_fc2,block_00_residual2,1,host_fpga_pcie,FPGA_to_HOST,302592,13085.548687999972,13184.979087999971,99.43039999999945
6,11,block_00_gelu,block_00_fc2,1,gpu_host,GPU_to_HOST,1210368,13121.85972799997,13190.82900799997,68.9692799999992
5,12,block_00_fc2,block_00_residual2,2,gpu_host,HOST_to_GPU,302592,13184.979087999971,13206.290127999971,21.311039999999394
6,11,block_00_gelu,block_00_fc2,2,host_fpga_pcie,HOST_to_FPGA,1210368,13190.82900799997,13528.550607999969,337.7215999999985
6,12,block_00_fc2,block_00_residual2,1,host_fpga_pcie,FPGA_to_HOST,302592,13718.51433599997,13817.944735999969,99.43039999999945
7,11,block_00_gelu,block_00_fc2,1,gpu_host,GPU_to_HOST,1210368,13754.825375999968,13823.794655999967,68.9692799999992
6,12,block_00_fc2,block_00_residual2,2,gpu_host,HOST_to_GPU,302592,13817.944735999969,13839.255775999967,21.311039999999394
7,11,block_00_gelu,block_00_fc2,2,host_fpga_pcie,HOST_to_FPGA,1210368,13823.794655999967,14161.516255999964,337.7215999999985
0,15,block_01_norm1,block_01_qkv,1,gpu_host,GPU_to_HOST,302592,14351.479983999965,14372.366063999963,20.886079999999154
7,12,block_00_fc2,block_00_residual2,1,host_fpga_pcie,FPGA_to_HOST,302592,14351.479983999965,14509.454703999965,157.97472000000056
0,15,block_01_norm1,block_01_qkv,2,host_fpga_pcie,HOST_to_FPGA,302592,14372.366063999963,14530.340783999965,157.97472000000056
7,12,block_00_fc2,block_00_residual2,2,gpu_host,HOST_to_GPU,302592,14509.454703999965,14530.340783999965,20.886079999999154
1,15,block_01_norm1,block_01_qkv,1,gpu_host,GPU_to_HOST,302592,14654.944639999965,14675.830719999965,20.886079999999154
1,15,block_01_norm1,block_01_qkv,2,host_fpga_pcie,HOST_to_FPGA,302592,14675.830719999965,14851.370239999964,175.53951999999853
0,16,block_01_qkv,block_01_attention,1,host_fpga_pcie,FPGA_to_HOST,907776,14679.151999999965,15013.552319999964,334.40031999999906
2,15,block_01_norm1,block_01_qkv,1,gpu_host,GPU_to_HOST,302592,14975.974095999965,14996.860175999964,20.886079999999154
2,15,block_01_norm1,block_01_qkv,2,host_fpga_pcie,HOST_to_FPGA,302592,14996.860175999964,15172.399695999962,175.53951999999853
1,16,block_01_qkv,block_01_attention,1,host_fpga_pcie,FPGA_to_HOST,907776,15000.181455999966,15334.581775999965,334.40031999999906
0,16,block_01_qkv,block_01_attention,2,gpu_host,HOST_to_GPU,907776,15013.552319999964,15066.210559999965,52.65823999999961
3,15,block_01_norm1,block_01_qkv,1,gpu_host,GPU_to_HOST,302592,15297.003551999964,15317.889631999962,20.886079999999154
3,15,block_01_norm1,block_01_qkv,2,host_fpga_pcie,HOST_to_FPGA,302592,15317.889631999962,15493.42915199996,175.53951999999853
2,16,block_01_qkv,block_01_attention,1,host_fpga_pcie,FPGA_to_HOST,907776,15321.210911999964,15655.611231999961,334.4003199999973
1,16,block_01_qkv,block_01_attention,2,gpu_host,HOST_to_GPU,907776,15334.581775999965,15387.240015999963,52.65823999999961
4,15,block_01_norm1,block_01_qkv,1,gpu_host,GPU_to_HOST,302592,15618.033007999962,15638.919087999962,20.886080000000888
4,15,block_01_norm1,block_01_qkv,2,host_fpga_pcie,HOST_to_FPGA,302592,15638.919087999962,15814.458607999963,175.53952000000027
3,16,block_01_qkv,block_01_attention,1,host_fpga_pcie,FPGA_to_HOST,907776,15642.240367999962,15976.640687999963,334.40032000000076
2,16,block_01_qkv,block_01_attention,2,gpu_host,HOST_to_GPU,907776,15655.611231999961,15708.269471999964,52.658240000003076
5,15,block_01_norm1,block_01_qkv,1,gpu_host,GPU_to_HOST,302592,15939.06246399996,15959.94854399996,20.886080000000888
5,15,block_01_norm1,block_01_qkv,2,host_fpga_pcie,HOST_to_FPGA,302592,15959.94854399996,16135.488063999961,175.53952000000027
4,16,block_01_qkv,block_01_attention,1,host_fpga_pcie,FPGA_to_HOST,907776,15963.26982399996,16297.670143999962,334.40032000000076
3,16,block_01_qkv,block_01_attention,2,gpu_host,HOST_to_GPU,907776,15976.640687999963,16029.298927999966,52.658240000003076
6,15,block_01_norm1,block_01_qkv,1,gpu_host,GPU_to_HOST,302592,16260.091919999959,16280.97799999996,20.886080000000888
6,15,block_01_norm1,block_01_qkv,2,host_fpga_pcie,HOST_to_FPGA,302592,16280.97799999996,16456.51751999996,175.53952000000027
5,16,block_01_qkv,block_01_attention,1,host_fpga_pcie,FPGA_to_HOST,907776,16284.29927999996,16618.69959999996,334.40032000000076
4,16,block_01_qkv,block_01_attention,2,gpu_host,HOST_to_GPU,907776,16297.670143999962,16350.328383999964,52.658240000003076
7,15,block_01_norm1,block_01_qkv,1,gpu_host,GPU_to_HOST,302592,16581.12137599996,16602.00745599996,20.886080000000888
7,15,block_01_norm1,block_01_qkv,2,host_fpga_pcie,HOST_to_FPGA,302592,16602.00745599996,16777.546975999958,175.53952000000027
6,16,block_01_qkv,block_01_attention,1,host_fpga_pcie,FPGA_to_HOST,907776,16605.32873599996,16939.72905599996,334.40032000000076
5,16,block_01_qkv,block_01_attention,2,gpu_host,HOST_to_GPU,907776,16618.69959999996,16671.357839999964,52.658240000003076
0,17,block_01_attention,block_01_proj,1,gpu_host,GPU_to_HOST,302592,16902.150831999956,16923.036911999956,20.886080000000888
0,17,block_01_attention,block_01_proj,2,host_fpga_pcie,HOST_to_FPGA,302592,16923.036911999956,17098.576431999958,175.53952000000027
7,16,block_01_qkv,block_01_attention,1,host_fpga_pcie,FPGA_to_HOST,907776,16926.358191999956,17401.667247999965,475.3090560000069
6,16,block_01_qkv,block_01_attention,2,gpu_host,HOST_to_GPU,907776,16939.72905599996,16992.38729599996,52.658240000003076
0,18,block_01_proj,block_01_residual1,1,host_fpga_pcie,FPGA_to_HOST,302592,17165.082623999955,17409.176271999957,244.09364800000165
1,17,block_01_attention,block_01_proj,1,gpu_host,GPU_to_HOST,302592,17165.082623999955,17185.968703999955,20.886080000000888
1,17,block_01_attention,block_01_proj,2,host_fpga_pcie,HOST_to_FPGA,302592,17185.968703999955,17419.61931199996,233.65060800000296
7,16,block_01_qkv,block_01_attention,2,gpu_host,HOST_to_GPU,907776,17401.667247999965,17470.211567999966,68.54432000000243
0,18,block_01_proj,block_01_residual1,2,gpu_host,HOST_to_GPU,302592,17409.176271999957,17445.948431999957,36.77216000000025
1,18,block_01_proj,block_01_residual1,1,host_fpga_pcie,FPGA_to_HOST,302592,17486.125503999956,17644.100223999954,157.97471999999883
2,17,block_01_attention,block_01_proj,1,gpu_host,GPU_to_HOST,302592,17486.125503999956,17507.011583999956,20.886080000000888
2,17,block_01_attention,block_01_proj,2,host_fpga_pcie,HOST_to_FPGA,302592,17507.011583999956,17664.986303999955,157.97471999999883
1,18,block_01_proj,block_01_residual1,2,gpu_host,HOST_to_GPU,302592,17644.100223999954,17664.986303999955,20.886080000000888
2,18,block_01_proj,block_01_residual1,1,host_fpga_pcie,FPGA_to_HOST,302592,17731.49249599995,17889.46721599995,157.97471999999883
3,17,block_01_attention,block_01_proj,1,gpu_host,GPU_to_HOST,302592,17731.49249599995,17752.378575999952,20.886080000000888
3,17,block_01_attention,block_01_proj,2,host_fpga_pcie,HOST_to_FPGA,302592,17752.378575999952,17910.35329599995,157.97471999999883
2,18,block_01_proj,block_01_residual1,2,gpu_host,HOST_to_GPU,302592,17889.46721599995,17910.35329599995,20.886080000000888
3,18,block_01_proj,block_01_residual1,1,host_fpga_pcie,FPGA_to_HOST,302592,17976.859487999947,18134.834207999946,157.97471999999883
4,17,block_01_attention,block_01_proj,1,gpu_host,GPU_to_HOST,302592,17976.859487999947,17997.745567999948,20.886080000000888
4,17,block_01_attention,block_01_proj,2,host_fpga_pcie,HOST_to_FPGA,302592,17997.745567999948,18155.720287999946,157.97471999999883
3,18,block_01_proj,block_01_residual1,2,gpu_host,HOST_to_GPU,302592,18134.834207999946,18155.720287999946,20.886080000000888
4,18,block_01_proj,block_01_residual1,1,host_fpga_pcie,FPGA_to_HOST,302592,18222.226479999943,18380.20119999994,157.97471999999883
5,17,block_01_attention,block_01_proj,1,gpu_host,GPU_to_HOST,302592,18222.226479999943,18243.112559999943,20.886080000000888
5,17,block_01_attention,block_01_proj,2,host_fpga_pcie,HOST_to_FPGA,302592,18243.112559999943,18401.087279999945,157.97471999999883
4,18,block_01_proj,block_01_residual1,2,gpu_host,HOST_to_GPU,302592,18380.20119999994,18401.087279999945,20.886080000000888
5,18,block_01_proj,block_01_residual1,1,host_fpga_pcie,FPGA_to_HOST,302592,18467.59347199994,18625.56819199994,157.97471999999883
6,17,block_01_attention,block_01_proj,1,gpu_host,GPU_to_HOST,302592,18467.59347199994,18488.479551999942,20.886080000000888
6,17,block_01_attention,block_01_proj,2,host_fpga_pcie,HOST_to_FPGA,302592,18488.479551999942,18646.45427199994,157.97471999999883
5,18,block_01_proj,block_01_residual1,2,gpu_host,HOST_to_GPU,302592,18625.56819199994,18646.45427199994,20.886080000000888
0,21,block_01_norm2,block_01_fc1,1,gpu_host,GPU_to_HOST,302592,18712.960463999938,18733.846543999938,20.886080000000888
6,18,block_01_proj,block_01_residual1,1,host_fpga_pcie,FPGA_to_HOST,302592,18712.960463999938,18870.935183999936,157.97471999999883
0,21,block_01_norm2,block_01_fc1,2,host_fpga_pcie,HOST_to_FPGA,302592,18733.846543999938,18891.821263999936,157.97471999999883
6,18,block_01_proj,block_01_residual1,2,gpu_host,HOST_to_GPU,302592,18870.935183999936,18891.821263999936,20.886080000000888
7,17,block_01_attention,block_01_proj,1,gpu_host,GPU_to_HOST,302592,19045.473951999935,19066.360031999935,20.886080000000888
7,17,block_01_attention,block_01_proj,2,host_fpga_pcie,HOST_to_FPGA,302592,19066.360031999935,19229.795871999933,163.43584000000007
0,22,block_01_fc1,block_01_gelu,1,host_fpga_pcie,FPGA_to_HOST,1210368,19081.784991999935,19642.37283199993,560.5878399999979
1,21,block_01_norm2,block_01_fc1,1,gpu_host,GPU_to_HOST,302592,19296.30206399993,19317.188143999934,20.886080000000888
7,18,block_01_proj,block_01_residual1,1,host_fpga_pcie,FPGA_to_HOST,302592,19296.30206399993,19544.150223999928,247.8481599999978
1,21,block_01_norm2,block_01_fc1,2,host_fpga_pcie,HOST_to_FPGA,302592,19317.188143999934,19565.036303999932,247.8481599999978
7,18,block_01_proj,block_01_residual1,2,gpu_host,HOST_to_GPU,302592,19544.150223999928,19565.036303999932,20.886080000000888
0,22,block_01_fc1,block_01_gelu,2,gpu_host,HOST_to_GPU,1210368,19642.37283199993,19710.917151999936,68.54432000000243
2,21,block_01_norm2,block_01_fc1,1,gpu_host,GPU_to_HOST,302592,19718.688991999927,19739.57507199993,20.886080000000888
2,21,block_01_norm2,block_01_fc1,2,host_fpga_pcie,HOST_to_FPGA,302592,19739.57507199993,19903.01091199993,163.43584000000007
1,22,block_01_fc1,block_01_gelu,1,host_fpga_pcie,FPGA_to_HOST,1210368,19755.000031999927,20267.369375999933,512.3693440000042
3,21,block_01_norm2,block_01_fc1,1,gpu_host,GPU_to_HOST,302592,20056.663599999927,20077.549679999927,20.886080000000888
3,21,block_01_norm2,block_01_fc1,2,host_fpga_pcie,HOST_to_FPGA,302592,20077.549679999927,20307.87539199993,230.3257120000006
2,22,block_01_fc1,block_01_gelu,1,host_fpga_pcie,FPGA_to_HOST,1210368,20092.974639999928,20649.096415999935,556.121776000007
1,22,block_01_fc1,block_01_gelu,2,gpu_host,HOST_to_GPU,1210368,20267.369375999933,20335.913695999934,68.54432000000243
4,21,block_01_norm2,block_01_fc1,1,gpu_host,GPU_to_HOST,302592,20461.528079999927,20482.414159999928,20.886080000000888
4,21,block_01_norm2,block_01_fc1,2,host_fpga_pcie,HOST_to_FPGA,302592,20482.414159999928,20705.02739199993,222.6132320000025
3,22,block_01_fc1,block_01_gelu,1,host_fpga_pcie,FPGA_to_HOST,1210368,20497.839119999928,21046.248415999933,548.4092960000055
2,22,block_01_fc1,block_01_gelu,2,gpu_host,HOST_to_GPU,1210368,20649.096415999935,20717.640735999936,68.54432000000243
5,21,block_01_norm2,block_01_fc1,1,gpu_host,GPU_to_HOST,302592,20858.68007999993,20879.56615999993,20.886080000000888
5,21,block_01_norm2,block_01_fc1,2,host_fpga_pcie,HOST_to_FPGA,302592,20879.56615999993,21102.179391999933,222.6132320000025
4,22,block_01_fc1,block_01_gelu,1,host_fpga_pcie,FPGA_to_HOST,1210368,20894.99111999993,21443.400415999935,548.4092960000055
3,22,block_01_fc1,block_01_gelu,2,gpu_host,HOST_to_GPU,1210368,21046.248415999933,21114.792735999934,68.54432000000243
6,21,block_01_norm2,block_01_fc1,1,gpu_host,GPU_to_HOST,302592,21255.832079999927,21276.71815999993,20.886080000000888
6,21,block_01_norm2,block_01_fc1,2,host_fpga_pcie,HOST_to_FPGA,302592,21276.71815999993,21499.33139199993,222.6132320000025
5,22,block_01_fc1,block_01_gelu,1,host_fpga_pcie,FPGA_to_HOST,1210368,21292.143119999928,21840.552415999937,548.4092960000055
4,22,block_01_fc1,block_01_gelu,2,gpu_host,HOST_to_GPU,1210368,21443.400415999935,21511.944735999936,68.54432000000243
7,21,block_01_norm2,block_01_fc1,1,gpu_host,GPU_to_HOST,302592,21652.98407999993,21673.870159999933,20.886080000000888
7,21,block_01_norm2,block_01_fc1,2,host_fpga_pcie,HOST_to_FPGA,302592,21673.870159999933,21896.483391999933,222.6132320000025
6,22,block_01_fc1,block_01_gelu,1,host_fpga_pcie,FPGA_to_HOST,1210368,21689.29511999993,22180.294815999932,490.99969600000304
5,22,block_01_fc1,block_01_gelu,2,gpu_host,HOST_to_GPU,1210368,21840.552415999937,21909.096735999938,68.54432000000243
0,23,block_01_gelu,block_01_fc2,1,gpu_host,GPU_to_HOST,1210368,22086.44711999993,22154.991439999936,68.54432000000243
7,22,block_01_fc1,block_01_gelu,1,host_fpga_pcie,FPGA_to_HOST,1210368,22086.44711999993,22743.658111999932,657.2109919999979
0,23,block_01_gelu,block_01_fc2,2,host_fpga_pcie,HOST_to_FPGA,1210368,22154.991439999936,22777.930271999932,622.9388319999966
6,22,block_01_fc1,block_01_gelu,2,gpu_host,HOST_to_GPU,1210368,22180.294815999932,22248.839135999937,68.54432000000243
7,22,block_01_fc1,block_01_gelu,2,gpu_host,HOST_to_GPU,1210368,22743.658111999932,22812.202431999933,68.54432000000243
0,24,block_01_fc2,block_01_residual2,1,host_fpga_pcie,FPGA_to_HOST,302592,22967.89399999993,23067.32439999993,99.43039999999945
1,23,block_01_gelu,block_01_fc2,1,gpu_host,GPU_to_HOST,1210368,23004.20503999993,23073.174319999933,68.96928000000094
0,24,block_01_fc2,block_01_residual2,2,gpu_host,HOST_to_GPU,302592,23067.32439999993,23088.635439999933,21.311040000002862
1,23,block_01_gelu,block_01_fc2,2,host_fpga_pcie,HOST_to_FPGA,1210368,23073.174319999933,23410.89591999993,337.72160000000025
1,24,block_01_fc2,block_01_residual2,1,host_fpga_pcie,FPGA_to_HOST,302592,23600.85964799993,23700.29004799993,99.43039999999945
2,23,block_01_gelu,block_01_fc2,1,gpu_host,GPU_to_HOST,1210368,23637.17068799993,23706.13996799993,68.96928000000094
1,24,block_01_fc2,block_01_residual2,2,gpu_host,HOST_to_GPU,302592,23700.29004799993,23721.601087999934,21.311040000002862
2,23,block_01_gelu,block_01_fc2,2,host_fpga_pcie,HOST_to_FPGA,1210368,23706.13996799993,24043.86156799993,337.72160000000025
2,24,block_01_fc2,block_01_residual2,1,host_fpga_pcie,FPGA_to_HOST,302592,24233.82529599993,24333.25569599993,99.43039999999945
3,23,block_01_gelu,block_01_fc2,1,gpu_host,GPU_to_HOST,1210368,24270.13633599993,24339.10561599993,68.96928000000094
2,24,block_01_fc2,block_01_residual2,2,gpu_host,HOST_to_GPU,302592,24333.25569599993,24354.56673599993,21.311040000002862
3,23,block_01_gelu,block_01_fc2,2,host_fpga_pcie,HOST_to_FPGA,1210368,24339.10561599993,24676.827215999932,337.72160000000025
3,24,block_01_fc2,block_01_residual2,1,host_fpga_pcie,FPGA_to_HOST,302592,24866.79094399993,24966.22134399993,99.43039999999945
4,23,block_01_gelu,block_01_fc2,1,gpu_host,GPU_to_HOST,1210368,24903.10198399993,24972.071263999933,68.96928000000094
3,24,block_01_fc2,block_01_residual2,2,gpu_host,HOST_to_GPU,302592,24966.22134399993,24987.532383999933,21.311040000002862
4,23,block_01_gelu,block_01_fc2,2,host_fpga_pcie,HOST_to_FPGA,1210368,24972.071263999933,25309.79286399993,337.72160000000025
4,24,block_01_fc2,block_01_residual2,1,host_fpga_pcie,FPGA_to_HOST,302592,25499.75659199993,25599.18699199993,99.43039999999945
5,23,block_01_gelu,block_01_fc2,1,gpu_host,GPU_to_HOST,1210368,25536.06763199993,25605.03691199993,68.96928000000094
4,24,block_01_fc2,block_01_residual2,2,gpu_host,HOST_to_GPU,302592,25599.18699199993,25620.498031999934,21.311040000002862
5,23,block_01_gelu,block_01_fc2,2,host_fpga_pcie,HOST_to_FPGA,1210368,25605.03691199993,25942.75851199993,337.72160000000025
5,24,block_01_fc2,block_01_residual2,1,host_fpga_pcie,FPGA_to_HOST,302592,26132.72223999993,26232.15263999993,99.43039999999945
6,23,block_01_gelu,block_01_fc2,1,gpu_host,GPU_to_HOST,1210368,26169.03327999993,26238.00255999993,68.96928000000094
5,24,block_01_fc2,block_01_residual2,2,gpu_host,HOST_to_GPU,302592,26232.15263999993,26253.46367999993,21.311040000002862
6,23,block_01_gelu,block_01_fc2,2,host_fpga_pcie,HOST_to_FPGA,1210368,26238.00255999993,26575.724159999932,337.72160000000025
6,24,block_01_fc2,block_01_residual2,1,host_fpga_pcie,FPGA_to_HOST,302592,26765.68788799993,26865.11828799993,99.43039999999945
7,23,block_01_gelu,block_01_fc2,1,gpu_host,GPU_to_HOST,1210368,26801.99892799993,26870.968207999933,68.96928000000094
6,24,block_01_fc2,block_01_residual2,2,gpu_host,HOST_to_GPU,302592,26865.11828799993,26886.429327999933,21.311040000002862
7,23,block_01_gelu,block_01_fc2,2,host_fpga_pcie,HOST_to_FPGA,1210368,26870.968207999933,27208.689807999934,337.72160000000025
0,27,block_02_norm1,block_02_qkv,1,gpu_host,GPU_to_HOST,302592,27398.65353599993,27419.539615999933,20.886080000000888
7,24,block_01_fc2,block_01_residual2,1,host_fpga_pcie,FPGA_to_HOST,302592,27398.65353599993,27556.62825599993,157.97471999999883
0,27,block_02_norm1,block_02_qkv,2,host_fpga_pcie,HOST_to_FPGA,302592,27419.539615999933,27577.51433599993,157.97471999999883
7,24,block_01_fc2,block_01_residual2,2,gpu_host,HOST_to_GPU,302592,27556.62825599993,27577.51433599993,20.886080000000888
1,27,block_02_norm1,block_02_qkv,1,gpu_host,GPU_to_HOST,302592,27702.11819199993,27723.00427199993,20.886080000000888
1,27,block_02_norm1,block_02_qkv,2,host_fpga_pcie,HOST_to_FPGA,302592,27723.00427199993,27898.543791999928,175.53952000000027
0,28,block_02_qkv,block_02_attention,1,host_fpga_pcie,FPGA_to_HOST,907776,27726.32555199993,28060.72587199993,334.40032000000076
2,27,block_02_norm1,block_02_qkv,1,gpu_host,GPU_to_HOST,302592,28023.147647999926,28044.033727999926,20.886080000000888
2,27,block_02_norm1,block_02_qkv,2,host_fpga_pcie,HOST_to_FPGA,302592,28044.033727999926,28219.573247999928,175.53952000000027
1,28,block_02_qkv,block_02_attention,1,host_fpga_pcie,FPGA_to_HOST,907776,28047.355007999926,28381.755327999927,334.40032000000076
0,28,block_02_qkv,block_02_attention,2,gpu_host,HOST_to_GPU,907776,28060.72587199993,28113.38411199993,52.658240000003076
3,27,block_02_norm1,block_02_qkv,1,gpu_host,GPU_to_HOST,302592,28344.177103999926,28365.063183999926,20.886080000000888
3,27,block_02_norm1,block_02_qkv,2,host_fpga_pcie,HOST_to_FPGA,302592,28365.063183999926,28540.602703999924,175.53952000000027
2,28,block_02_qkv,block_02_attention,1,host_fpga_pcie,FPGA_to_HOST,907776,28368.384463999926,28702.784783999927,334.40032000000076
1,28,block_02_qkv,block_02_attention,2,gpu_host,HOST_to_GPU,907776,28381.755327999927,28434.41356799993,52.658240000003076
4,27,block_02_norm1,block_02_qkv,1,gpu_host,GPU_to_HOST,302592,28665.206559999922,28686.092639999926,20.886080000000888
4,27,block_02_norm1,block_02_qkv,2,host_fpga_pcie,HOST_to_FPGA,302592,28686.092639999926,28861.632159999925,175.53952000000027
3,28,block_02_qkv,block_02_attention,1,host_fpga_pcie,FPGA_to_HOST,907776,28689.413919999923,29023.814239999923,334.40032000000076
2,28,block_02_qkv,block_02_attention,2,gpu_host,HOST_to_GPU,907776,28702.784783999927,28755.443023999927,52.658240000003076
5,27,block_02_norm1,block_02_qkv,1,gpu_host,GPU_to_HOST,302592,28986.236015999923,29007.122095999923,20.886080000000888
5,27,block_02_norm1,block_02_qkv,2,host_fpga_pcie,HOST_to_FPGA,302592,29007.122095999923,29182.661615999925,175.53952000000027
4,28,block_02_qkv,block_02_attention,1,host_fpga_pcie,FPGA_to_HOST,907776,29010.443375999923,29344.843695999924,334.40032000000076
3,28,block_02_qkv,block_02_attention,2,gpu_host,HOST_to_GPU,907776,29023.814239999923,29076.472479999928,52.658240000003076
6,27,block_02_norm1,block_02_qkv,1,gpu_host,GPU_to_HOST,302592,29307.26547199992,29328.151551999923,20.886080000000888
6,27,block_02_norm1,block_02_qkv,2,host_fpga_pcie,HOST_to_FPGA,302592,29328.151551999923,29503.69107199992,175.53952000000027
5,28,block_02_qkv,block_02_attention,1,host_fpga_pcie,FPGA_to_HOST,907776,29331.47283199992,29665.873151999924,334.40032000000076
4,28,block_02_qkv,block_02_attention,2,gpu_host,HOST_to_GPU,907776,29344.843695999924,29397.501935999928,52.658240000003076
7,27,block_02_norm1,block_02_qkv,1,gpu_host,GPU_to_HOST,302592,29628.29492799992,29649.18100799992,20.886080000000888
7,27,block_02_norm1,block_02_qkv,2,host_fpga_pcie,HOST_to_FPGA,302592,29649.18100799992,29824.72052799992,175.53952000000027
6,28,block_02_qkv,block_02_attention,1,host_fpga_pcie,FPGA_to_HOST,907776,29652.50228799992,29986.90260799992,334.40032000000076
5,28,block_02_qkv,block_02_attention,2,gpu_host,HOST_to_GPU,907776,29665.873151999924,29718.531391999924,52.658240000003076
0,29,block_02_attention,block_02_proj,1,gpu_host,GPU_to_HOST,302592,29949.32438399992,29970.21046399992,20.886080000000888
0,29,block_02_attention,block_02_proj,2,host_fpga_pcie,HOST_to_FPGA,302592,29970.21046399992,30145.74998399992,175.53952000000027
7,28,block_02_qkv,block_02_attention,1,host_fpga_pcie,FPGA_to_HOST,907776,29973.53174399992,30448.840799999925,475.3090560000069
6,28,block_02_qkv,block_02_attention,2,gpu_host,HOST_to_GPU,907776,29986.90260799992,30039.560847999925,52.658240000003076
0,30,block_02_proj,block_02_residual1,1,host_fpga_pcie,FPGA_to_HOST,302592,30212.256175999915,30456.349823999917,244.09364800000165
1,29,block_02_attention,block_02_proj,1,gpu_host,GPU_to_HOST,302592,30212.256175999915,30233.142255999916,20.886080000000888
1,29,block_02_attention,block_02_proj,2,host_fpga_pcie,HOST_to_FPGA,302592,30233.142255999916,30466.79286399992,233.65060800000296
7,28,block_02_qkv,block_02_attention,2,gpu_host,HOST_to_GPU,907776,30448.840799999925,30517.385119999926,68.54432000000243
0,30,block_02_proj,block_02_residual1,2,gpu_host,HOST_to_GPU,302592,30456.349823999917,30493.121983999918,36.77216000000025
1,30,block_02_proj,block_02_residual1,1,host_fpga_pcie,FPGA_to_HOST,302592,30533.299055999916,30691.273775999915,157.97471999999883
2,29,block_02_attention,block_02_proj,1,gpu_host,GPU_to_HOST,302592,30533.299055999916,30554.185135999916,20.886080000000888
2,29,block_02_attention,block_02_proj,2,host_fpga_pcie,HOST_to_FPGA,302592,30554.185135999916,30712.159855999915,157.97471999999883
1,30,block_02_proj,block_02_residual1,2,gpu_host,HOST_to_GPU,302592,30691.273775999915,30712.159855999915,20.886080000000888
2,30,block_02_proj,block_02_residual1,1,host_fpga_pcie,FPGA_to_HOST,302592,30778.666047999912,30936.64076799991,157.97471999999883
3,29,block_02_attention,block_02_proj,1,gpu_host,GPU_to_HOST,302592,30778.666047999912,30799.552127999912,20.886080000000888
3,29,block_02_attention,block_02_proj,2,host_fpga_pcie,HOST_to_FPGA,302592,30799.552127999912,30957.526847999914,157.97471999999883
2,30,block_02_proj,block_02_residual1,2,gpu_host,HOST_to_GPU,302592,30936.64076799991,30957.526847999914,20.886080000000888
3,30,block_02_proj,block_02_residual1,1,host_fpga_pcie,FPGA_to_HOST,302592,31024.033039999907,31182.00775999991,157.97471999999883
4,29,block_02_attention,block_02_proj,1,gpu_host,GPU_to_HOST,302592,31024.033039999907,31044.91911999991,20.886080000000888
4,29,block_02_attention,block_02_proj,2,host_fpga_pcie,HOST_to_FPGA,302592,31044.91911999991,31202.89383999991,157.97471999999883
3,30,block_02_proj,block_02_residual1,2,gpu_host,HOST_to_GPU,302592,31182.00775999991,31202.89383999991,20.886080000000888
4,30,block_02_proj,block_02_residual1,1,host_fpga_pcie,FPGA_to_HOST,302592,31269.400031999914,31427.374751999916,157.9747200000023
5,29,block_02_attention,block_02_proj,1,gpu_host,GPU_to_HOST,302592,31269.400031999914,31290.28611199991,20.88607999999742
5,29,block_02_attention,block_02_proj,2,host_fpga_pcie,HOST_to_FPGA,302592,31290.28611199991,31448.260831999913,157.9747200000023
4,30,block_02_proj,block_02_residual1,2,gpu_host,HOST_to_GPU,302592,31427.374751999916,31448.260831999913,20.88607999999742
5,30,block_02_proj,block_02_residual1,1,host_fpga_pcie,FPGA_to_HOST,302592,31514.76702399992,31672.741743999923,157.9747200000023
6,29,block_02_attention,block_02_proj,1,gpu_host,GPU_to_HOST,302592,31514.76702399992,31535.653103999917,20.88607999999742
6,29,block_02_attention,block_02_proj,2,host_fpga_pcie,HOST_to_FPGA,302592,31535.653103999917,31693.62782399992,157.9747200000023
5,30,block_02_proj,block_02_residual1,2,gpu_host,HOST_to_GPU,302592,31672.741743999923,31693.62782399992,20.88607999999742
0,33,block_02_norm2,block_02_fc1,1,gpu_host,GPU_to_HOST,302592,31760.134015999927,31781.020095999924,20.88607999999742
6,30,block_02_proj,block_02_residual1,1,host_fpga_pcie,FPGA_to_HOST,302592,31760.134015999927,31918.10873599993,157.9747200000023
0,33,block_02_norm2,block_02_fc1,2,host_fpga_pcie,HOST_to_FPGA,302592,31781.020095999924,31938.994815999926,157.9747200000023
6,30,block_02_proj,block_02_residual1,2,gpu_host,HOST_to_GPU,302592,31918.10873599993,31938.994815999926,20.88607999999742
7,29,block_02_attention,block_02_proj,1,gpu_host,GPU_to_HOST,302592,32092.647503999928,32113.533583999924,20.88607999999742
7,29,block_02_attention,block_02_proj,2,host_fpga_pcie,HOST_to_FPGA,302592,32113.533583999924,32276.969423999923,163.4358399999966
0,34,block_02_fc1,block_02_gelu,1,host_fpga_pcie,FPGA_to_HOST,1210368,32128.95854399993,32689.54638399992,560.5878399999945
1,33,block_02_norm2,block_02_fc1,1,gpu_host,GPU_to_HOST,302592,32343.475615999927,32364.361695999927,20.88607999999742
7,30,block_02_proj,block_02_residual1,1,host_fpga_pcie,FPGA_to_HOST,302592,32343.475615999927,32591.32377599993,247.84816000000126
1,33,block_02_norm2,block_02_fc1,2,host_fpga_pcie,HOST_to_FPGA,302592,32364.361695999927,32612.20985599993,247.84816000000126
7,30,block_02_proj,block_02_residual1,2,gpu_host,HOST_to_GPU,302592,32591.32377599993,32612.20985599993,20.88607999999742
0,34,block_02_fc1,block_02_gelu,2,gpu_host,HOST_to_GPU,1210368,32689.54638399992,32758.09070399992,68.5443199999955
2,33,block_02_norm2,block_02_fc1,1,gpu_host,GPU_to_HOST,302592,32765.862543999927,32786.74862399993,20.88607999999742
2,33,block_02_norm2,block_02_fc1,2,host_fpga_pcie,HOST_to_FPGA,302592,32786.74862399993,32950.184463999925,163.4358399999966
1,34,block_02_fc1,block_02_gelu,1,host_fpga_pcie,FPGA_to_HOST,1210368,32802.17358399993,33314.54292799994,512.3693440000077
3,33,block_02_norm2,block_02_fc1,1,gpu_host,GPU_to_HOST,302592,33103.83715199992,33124.723231999924,20.88607999999742
3,33,block_02_norm2,block_02_fc1,2,host_fpga_pcie,HOST_to_FPGA,302592,33124.723231999924,33355.04894399992,230.32571200000407
2,34,block_02_fc1,block_02_gelu,1,host_fpga_pcie,FPGA_to_HOST,1210368,33140.14819199992,33696.26996799993,556.121776000007
1,34,block_02_fc1,block_02_gelu,2,gpu_host,HOST_to_GPU,1210368,33314.54292799994,33383.08724799993,68.5443199999955
4,33,block_02_norm2,block_02_fc1,1,gpu_host,GPU_to_HOST,302592,33508.701631999924,33529.58771199992,20.88607999999742
4,33,block_02_norm2,block_02_fc1,2,host_fpga_pcie,HOST_to_FPGA,302592,33529.58771199992,33752.200943999924,222.61323199999904
3,34,block_02_fc1,block_02_gelu,1,host_fpga_pcie,FPGA_to_HOST,1210368,33545.012671999924,34093.42196799994,548.4092960000089
2,34,block_02_fc1,block_02_gelu,2,gpu_host,HOST_to_GPU,1210368,33696.26996799993,33764.81428799993,68.5443199999955
5,33,block_02_norm2,block_02_fc1,1,gpu_host,GPU_to_HOST,302592,33905.853631999926,33926.73971199992,20.88607999999742
5,33,block_02_norm2,block_02_fc1,2,host_fpga_pcie,HOST_to_FPGA,302592,33926.73971199992,34149.352943999926,222.61323200000598
4,34,block_02_fc1,block_02_gelu,1,host_fpga_pcie,FPGA_to_HOST,1210368,33942.164671999926,34490.57396799993,548.4092960000089
3,34,block_02_fc1,block_02_gelu,2,gpu_host,HOST_to_GPU,1210368,34093.42196799994,34161.96628799993,68.5443199999955
6,33,block_02_norm2,block_02_fc1,1,gpu_host,GPU_to_HOST,302592,34303.00563199993,34323.891711999924,20.88607999999742
6,33,block_02_norm2,block_02_fc1,2,host_fpga_pcie,HOST_to_FPGA,302592,34323.891711999924,34546.50494399993,222.61323199999904
5,34,block_02_fc1,block_02_gelu,1,host_fpga_pcie,FPGA_to_HOST,1210368,34339.31667199993,34887.72596799994,548.4092960000089
4,34,block_02_fc1,block_02_gelu,2,gpu_host,HOST_to_GPU,1210368,34490.57396799993,34559.11828799993,68.5443199999955
7,33,block_02_norm2,block_02_fc1,1,gpu_host,GPU_to_HOST,302592,34700.15763199993,34721.043711999926,20.88607999999742
7,33,block_02_norm2,block_02_fc1,2,host_fpga_pcie,HOST_to_FPGA,302592,34721.043711999926,34943.65694399993,222.61323200000598
6,34,block_02_fc1,block_02_gelu,1,host_fpga_pcie,FPGA_to_HOST,1210368,34736.46867199993,35227.468367999936,490.9996960000065
5,34,block_02_fc1,block_02_gelu,2,gpu_host,HOST_to_GPU,1210368,34887.72596799994,34956.270287999934,68.5443199999955
0,35,block_02_gelu,block_02_fc2,1,gpu_host,GPU_to_HOST,1210368,35133.62067199993,35202.164991999925,68.5443199999955
7,34,block_02_fc1,block_02_gelu,1,host_fpga_pcie,FPGA_to_HOST,1210368,35133.62067199993,35790.83166399993,657.2109920000013
0,35,block_02_gelu,block_02_fc2,2,host_fpga_pcie,HOST_to_FPGA,1210368,35202.164991999925,35825.10382399993,622.9388320000071
6,34,block_02_fc1,block_02_gelu,2,gpu_host,HOST_to_GPU,1210368,35227.468367999936,35296.01268799993,68.5443199999955
7,34,block_02_fc1,block_02_gelu,2,gpu_host,HOST_to_GPU,1210368,35790.83166399993,35859.375983999926,68.5443199999955
0,36,block_02_fc2,block_02_residual2,1,host_fpga_pcie,FPGA_to_HOST,302592,36015.067551999935,36114.49795199993,99.43039999999598
1,35,block_02_gelu,block_02_fc2,1,gpu_host,GPU_to_HOST,1210368,36051.378591999935,36120.34787199994,68.9692800000044
0,36,block_02_fc2,block_02_residual2,2,gpu_host,HOST_to_GPU,302592,36114.49795199993,36135.80899199994,21.311040000006333
1,35,block_02_gelu,block_02_fc2,2,host_fpga_pcie,HOST_to_FPGA,1210368,36120.34787199994,36458.069471999945,337.72160000000025
1,36,block_02_fc2,block_02_residual2,1,host_fpga_pcie,FPGA_to_HOST,302592,36648.03319999995,36747.46359999994,99.43039999999598
2,35,block_02_gelu,block_02_fc2,1,gpu_host,GPU_to_HOST,1210368,36684.34423999995,36753.313519999945,68.9692800000044
1,36,block_02_fc2,block_02_residual2,2,gpu_host,HOST_to_GPU,302592,36747.46359999994,36768.774639999945,21.311040000006333
2,35,block_02_gelu,block_02_fc2,2,host_fpga_pcie,HOST_to_FPGA,1210368,36753.313519999945,37091.03511999995,337.72160000000025
2,36,block_02_fc2,block_02_residual2,1,host_fpga_pcie,FPGA_to_HOST,302592,37280.99884799995,37380.42924799995,99.43039999999598
3,35,block_02_gelu,block_02_fc2,1,gpu_host,GPU_to_HOST,1210368,37317.30988799995,37386.27916799996,68.9692800000044
2,36,block_02_fc2,block_02_residual2,2,gpu_host,HOST_to_GPU,302592,37380.42924799995,37401.74028799995,21.311040000006333
3,35,block_02_gelu,block_02_fc2,2,host_fpga_pcie,HOST_to_FPGA,1210368,37386.27916799996,37724.000767999954,337.72160000000025
3,36,block_02_fc2,block_02_residual2,1,host_fpga_pcie,FPGA_to_HOST,302592,37913.96449599996,38013.394895999954,99.43039999999598
4,35,block_02_gelu,block_02_fc2,1,gpu_host,GPU_to_HOST,1210368,37950.27553599996,38019.24481599996,68.9692800000044
3,36,block_02_fc2,block_02_residual2,2,gpu_host,HOST_to_GPU,302592,38013.394895999954,38034.70593599996,21.311040000006333
4,35,block_02_gelu,block_02_fc2,2,host_fpga_pcie,HOST_to_FPGA,1210368,38019.24481599996,38356.96641599997,337.72160000000025
4,36,block_02_fc2,block_02_residual2,1,host_fpga_pcie,FPGA_to_HOST,302592,38546.93014399996,38646.36054399996,99.43039999999598
5,35,block_02_gelu,block_02_fc2,1,gpu_host,GPU_to_HOST,1210368,38583.24118399996,38652.21046399997,68.9692800000044
4,36,block_02_fc2,block_02_residual2,2,gpu_host,HOST_to_GPU,302592,38646.36054399996,38667.67158399997,21.311040000006333
5,35,block_02_gelu,block_02_fc2,2,host_fpga_pcie,HOST_to_FPGA,1210368,38652.21046399997,38989.93206399997,337.72160000000025
5,36,block_02_fc2,block_02_residual2,1,host_fpga_pcie,FPGA_to_HOST,302592,39179.895791999974,39279.32619199997,99.43039999999598
6,35,block_02_gelu,block_02_fc2,1,gpu_host,GPU_to_HOST,1210368,39216.206831999974,39285.17611199998,68.9692800000044
5,36,block_02_fc2,block_02_residual2,2,gpu_host,HOST_to_GPU,302592,39279.32619199997,39300.63723199997,21.311040000006333
6,35,block_02_gelu,block_02_fc2,2,host_fpga_pcie,HOST_to_FPGA,1210368,39285.17611199998,39622.897711999976,337.72160000000025
6,36,block_02_fc2,block_02_residual2,1,host_fpga_pcie,FPGA_to_HOST,302592,39812.86143999998,39912.291839999976,99.43039999999598
7,35,block_02_gelu,block_02_fc2,1,gpu_host,GPU_to_HOST,1210368,39849.17247999998,39918.141759999984,68.9692800000044
6,36,block_02_fc2,block_02_residual2,2,gpu_host,HOST_to_GPU,302592,39912.291839999976,39933.602879999984,21.311040000006333
7,35,block_02_gelu,block_02_fc2,2,host_fpga_pcie,HOST_to_FPGA,1210368,39918.141759999984,40255.86335999998,337.72160000000025
0,39,block_03_norm1,block_03_qkv,1,gpu_host,GPU_to_HOST,302592,40445.82708799998,40466.71316799998,20.88607999999742
7,36,block_02_fc2,block_02_residual2,1,host_fpga_pcie,FPGA_to_HOST,302592,40445.82708799998,40603.80180799999,157.9747200000023
0,39,block_03_norm1,block_03_qkv,2,host_fpga_pcie,HOST_to_FPGA,302592,40466.71316799998,40624.687887999986,157.9747200000023
7,36,block_02_fc2,block_02_residual2,2,gpu_host,HOST_to_GPU,302592,40603.80180799999,40624.687887999986,20.88607999999742
1,39,block_03_norm1,block_03_qkv,1,gpu_host,GPU_to_HOST,302592,40749.29174399999,40770.177823999984,20.88607999999742
1,39,block_03_norm1,block_03_qkv,2,host_fpga_pcie,HOST_to_FPGA,302592,40770.177823999984,40945.71734399998,175.5395199999968
0,40,block_03_qkv,block_03_attention,1,host_fpga_pcie,FPGA_to_HOST,907776,40773.49910399999,41107.89942399998,334.4003199999973
2,39,block_03_norm1,block_03_qkv,1,gpu_host,GPU_to_HOST,302592,41070.321199999984,41091.20727999998,20.88607999999742
2,39,block_03_norm1,block_03_qkv,2,host_fpga_pcie,HOST_to_FPGA,302592,41091.20727999998,41266.74679999998,175.5395199999968
1,40,block_03_qkv,block_03_attention,1,host_fpga_pcie,FPGA_to_HOST,907776,41094.528559999984,41428.92887999998,334.4003199999973
0,40,block_03_qkv,block_03_attention,2,gpu_host,HOST_to_GPU,907776,41107.89942399998,41160.55766399998,52.658239999996134
3,39,block_03_norm1,block_03_qkv,1,gpu_host,GPU_to_HOST,302592,41391.35065599998,41412.23673599998,20.88607999999742
3,39,block_03_norm1,block_03_qkv,2,host_fpga_pcie,HOST_to_FPGA,302592,41412.23673599998,41587.77625599997,175.5395199999968
2,40,block_03_qkv,block_03_attention,1,host_fpga_pcie,FPGA_to_HOST,907776,41415.55801599998,41749.958335999974,334.4003199999973
1,40,block_03_qkv,block_03_attention,2,gpu_host,HOST_to_GPU,907776,41428.92887999998,41481.587119999975,52.658239999996134
4,39,block_03_norm1,block_03_qkv,1,gpu_host,GPU_to_HOST,302592,41712.38011199997,41733.26619199997,20.88607999999742
4,39,block_03_norm1,block_03_qkv,2,host_fpga_pcie,HOST_to_FPGA,302592,41733.26619199997,41908.805711999965,175.5395199999968
3,40,block_03_qkv,block_03_attention,1,host_fpga_pcie,FPGA_to_HOST,907776,41736.58747199997,42070.98779199997,334.4003199999973
2,40,block_03_qkv,block_03_attention,2,gpu_host,HOST_to_GPU,907776,41749.958335999974,41802.61657599997,52.658239999996134
5,39,block_03_norm1,block_03_qkv,1,gpu_host,GPU_to_HOST,302592,42033.40956799997,42054.29564799996,20.88607999999742
5,39,block_03_norm1,block_03_qkv,2,host_fpga_pcie,HOST_to_FPGA,302592,42054.29564799996,42229.83516799996,175.5395199999968
4,40,block_03_qkv,block_03_attention,1,host_fpga_pcie,FPGA_to_HOST,907776,42057.61692799997,42392.01724799997,334.4003199999973
3,40,block_03_qkv,block_03_attention,2,gpu_host,HOST_to_GPU,907776,42070.98779199997,42123.64603199997,52.658239999996134
6,39,block_03_norm1,block_03_qkv,1,gpu_host,GPU_to_HOST,302592,42354.43902399996,42375.32510399996,20.88607999999742
6,39,block_03_norm1,block_03_qkv,2,host_fpga_pcie,HOST_to_FPGA,302592,42375.32510399996,42550.86462399996,175.5395199999968
5,40,block_03_qkv,block_03_attention,1,host_fpga_pcie,FPGA_to_HOST,907776,42378.64638399996,42713.04670399996,334.4003199999973
4,40,block_03_qkv,block_03_attention,2,gpu_host,HOST_to_GPU,907776,42392.01724799997,42444.675487999964,52.658239999996134
7,39,block_03_norm1,block_03_qkv,1,gpu_host,GPU_to_HOST,302592,42675.46847999996,42696.354559999956,20.88607999999742
7,39,block_03_norm1,block_03_qkv,2,host_fpga_pcie,HOST_to_FPGA,302592,42696.354559999956,42871.894079999955,175.5395199999968
6,40,block_03_qkv,block_03_attention,1,host_fpga_pcie,FPGA_to_HOST,907776,42699.67583999996,43034.07615999995,334.4003199999973
5,40,block_03_qkv,block_03_attention,2,gpu_host,HOST_to_GPU,907776,42713.04670399996,42765.704943999954,52.658239999996134
0,41,block_03_attention,block_03_proj,1,gpu_host,GPU_to_HOST,302592,42996.497935999956,43017.38401599995,20.88607999999742
0,41,block_03_attention,block_03_proj,2,host_fpga_pcie,HOST_to_FPGA,302592,43017.38401599995,43192.923535999944,175.5395199999968
7,40,block_03_qkv,block_03_attention,1,host_fpga_pcie,FPGA_to_HOST,907776,43020.70529599996,43496.01435199994,475.30905599998954
6,40,block_03_qkv,block_03_attention,2,gpu_host,HOST_to_GPU,907776,43034.07615999995,43086.73439999995,52.658239999996134
0,42,block_03_proj,block_03_residual1,1,host_fpga_pcie,FPGA_to_HOST,302592,43259.42972799995,43503.52337599995,244.09364799999472
1,41,block_03_attention,block_03_proj,1,gpu_host,GPU_to_HOST,302592,43259.42972799995,43280.31580799995,20.88607999999742
1,41,block_03_attention,block_03_proj,2,host_fpga_pcie,HOST_to_FPGA,302592,43280.31580799995,43513.96641599995,233.6506079999995
7,40,block_03_qkv,block_03_attention,2,gpu_host,HOST_to_GPU,907776,43496.01435199994,43564.55867199994,68.5443199999955
0,42,block_03_proj,block_03_residual1,2,gpu_host,HOST_to_GPU,302592,43503.52337599995,43540.29553599995,36.77215999999678
1,42,block_03_proj,block_03_residual1,1,host_fpga_pcie,FPGA_to_HOST,302592,43580.47260799996,43738.44732799996,157.9747200000023
2,41,block_03_attention,block_03_proj,1,gpu_host,GPU_to_HOST,302592,43580.47260799996,43601.35868799996,20.88607999999742
2,41,block_03_attention,block_03_proj,2,host_fpga_pcie,HOST_to_FPGA,302592,43601.35868799996,43759.333407999955,157.9747200000023
1,42,block_03_proj,block_03_residual1,2,gpu_host,HOST_to_GPU,302592,43738.44732799996,43759.333407999955,20.88607999999742
2,42,block_03_proj,block_03_residual1,1,host_fpga_pcie,FPGA_to_HOST,302592,43825.83959999996,43983.81431999997,157.9747200000023
3,41,block_03_attention,block_03_proj,1,gpu_host,GPU_to_HOST,302592,43825.83959999996,43846.72567999996,20.88607999999742
3,41,block_03_attention,block_03_proj,2,host_fpga_pcie,HOST_to_FPGA,302592,43846.72567999996,44004.700399999965,157.9747200000023
2,42,block_03_proj,block_03_residual1,2,gpu_host,HOST_to_GPU,302592,43983.81431999997,44004.700399999965,20.88607999999742
3,42,block_03_proj,block_03_residual1,1,host_fpga_pcie,FPGA_to_HOST,302592,44071.20659199997,44229.18131199997,157.9747200000023
4,41,block_03_attention,block_03_proj,1,gpu_host,GPU_to_HOST,302592,44071.20659199997,44092.09267199997,20.88607999999742
4,41,block_03_attention,block_03_proj,2,host_fpga_pcie,HOST_to_FPGA,302592,44092.09267199997,44250.06739199997,157.9747200000023
3,42,block_03_proj,block_03_residual1,2,gpu_host,HOST_to_GPU,302592,44229.18131199997,44250.06739199997,20.88607999999742
4,42,block_03_proj,block_03_residual1,1,host_fpga_pcie,FPGA_to_HOST,302592,44316.573583999976,44474.54830399998,157.9747200000023
5,41,block_03_attention,block_03_proj,1,gpu_host,GPU_to_HOST,302592,44316.573583999976,44337.45966399997,20.88607999999742
5,41,block_03_attention,block_03_proj,2,host_fpga_pcie,HOST_to_FPGA,302592,44337.45966399997,44495.43438399998,157.9747200000023
4,42,block_03_proj,block_03_residual1,2,gpu_host,HOST_to_GPU,302592,44474.54830399998,44495.43438399998,20.88607999999742
5,42,block_03_proj,block_03_residual1,1,host_fpga_pcie,FPGA_to_HOST,302592,44561.940575999986,44719.915295999985,157.9747200000023
6,41,block_03_attention,block_03_proj,1,gpu_host,GPU_to_HOST,302592,44561.940575999986,44582.82665599998,20.88607999999742
6,41,block_03_attention,block_03_proj,2,host_fpga_pcie,HOST_to_FPGA,302592,44582.82665599998,44740.80137599998,157.9747200000023
5,42,block_03_proj,block_03_residual1,2,gpu_host,HOST_to_GPU,302592,44719.915295999985,44740.80137599998,20.88607999999742
0,45,block_03_norm2,block_03_fc1,1,gpu_host,GPU_to_HOST,302592,44807.30756799999,44828.193647999986,20.88607999999742
6,42,block_03_proj,block_03_residual1,1,host_fpga_pcie,FPGA_to_HOST,302592,44807.30756799999,44965.282287999995,157.9747200000023
0,45,block_03_norm2,block_03_fc1,2,host_fpga_pcie,HOST_to_FPGA,302592,44828.193647999986,44986.16836799999,157.9747200000023
6,42,block_03_proj,block_03_residual1,2,gpu_host,HOST_to_GPU,302592,44965.282287999995,44986.16836799999,20.88607999999742
7,41,block_03_attention,block_03_proj,1,gpu_host,GPU_to_HOST,302592,45139.82105599999,45160.70713599999,20.88607999999742
7,41,block_03_attention,block_03_proj,2,host_fpga_pcie,HOST_to_FPGA,302592,45160.70713599999,45324.14297599999,163.4358399999966
0,46,block_03_fc1,block_03_gelu,1,host_fpga_pcie,FPGA_to_HOST,1210368,45176.132095999994,45736.71993599999,560.5878399999945
1,45,block_03_norm2,block_03_fc1,1,gpu_host,GPU_to_HOST,302592,45390.649167999996,45411.53524799999,20.88607999999742
7,42,block_03_proj,block_03_residual1,1,host_fpga_pcie,FPGA_to_HOST,302592,45390.649167999996,45638.497328,247.84816000000126
1,45,block_03_norm2,block_03_fc1,2,host_fpga_pcie,HOST_to_FPGA,302592,45411.53524799999,45659.383407999994,247.84816000000126
7,42,block_03_proj,block_03_residual1,2,gpu_host,HOST_to_GPU,302592,45638.497328,45659.383407999994,20.88607999999742
0,46,block_03_fc1,block_03_gelu,2,gpu_host,HOST_to_GPU,1210368,45736.71993599999,45805.26425599998,68.5443199999955
2,45,block_03_norm2,block_03_fc1,1,gpu_host,GPU_to_HOST,302592,45813.036095999996,45833.92217599999,20.88607999999742
2,45,block_03_norm2,block_03_fc1,2,host_fpga_pcie,HOST_to_FPGA,302592,45833.92217599999,45997.35801599999,163.4358399999966
1,46,block_03_fc1,block_03_gelu,1,host_fpga_pcie,FPGA_to_HOST,1210368,45849.347136,46361.71648,512.3693440000077
3,45,block_03_norm2,block_03_fc1,1,gpu_host,GPU_to_HOST,302592,46151.01070399999,46171.89678399999,20.88607999999742
3,45,block_03_norm2,block_03_fc1,2,host_fpga_pcie,HOST_to_FPGA,302592,46171.89678399999,46402.22249599999,230.32571200000407
2,46,block_03_fc1,block_03_gelu,1,host_fpga_pcie,FPGA_to_HOST,1210368,46187.32174399999,46743.44351999999,556.121776000007
1,46,block_03_fc1,block_03_gelu,2,gpu_host,HOST_to_GPU,1210368,46361.71648,46430.2608,68.5443199999955
4,45,block_03_norm2,block_03_fc1,1,gpu_host,GPU_to_HOST,302592,46555.87518399999,46576.76126399999,20.88607999999742
4,45,block_03_norm2,block_03_fc1,2,host_fpga_pcie,HOST_to_FPGA,302592,46576.76126399999,46799.37449599999,222.61323199999904
3,46,block_03_fc1,block_03_gelu,1,host_fpga_pcie,FPGA_to_HOST,1210368,46592.18622399999,47140.59552,548.4092960000089
2,46,block_03_fc1,block_03_gelu,2,gpu_host,HOST_to_GPU,1210368,46743.44351999999,46811.987839999994,68.5443199999955
5,45,block_03_norm2,block_03_fc1,1,gpu_host,GPU_to_HOST,302592,46953.02718399999,46973.91326399999,20.88607999999742
5,45,block_03_norm2,block_03_fc1,2,host_fpga_pcie,HOST_to_FPGA,302592,46973.91326399999,47196.52649599999,222.61323200000598
4,46,block_03_fc1,block_03_gelu,1,host_fpga_pcie,FPGA_to_HOST,1210368,46989.33822399999,47537.74752,548.4092960000089
3,46,block_03_fc1,block_03_gelu,2,gpu_host,HOST_to_GPU,1210368,47140.59552,47209.139839999996,68.5443199999955
6,45,block_03_norm2,block_03_fc1,1,gpu_host,GPU_to_HOST,302592,47350.17918399999,47371.06526399999,20.88607999999742
6,45,block_03_norm2,block_03_fc1,2,host_fpga_pcie,HOST_to_FPGA,302592,47371.06526399999,47593.67849599999,222.61323199999904
5,46,block_03_fc1,block_03_gelu,1,host_fpga_pcie,FPGA_to_HOST,1210368,47386.490223999994,47934.899520000006,548.4092960000089
4,46,block_03_fc1,block_03_gelu,2,gpu_host,HOST_to_GPU,1210368,47537.74752,47606.29184,68.5443199999955
7,45,block_03_norm2,block_03_fc1,1,gpu_host,GPU_to_HOST,302592,47747.331183999995,47768.21726399999,20.88607999999742
7,45,block_03_norm2,block_03_fc1,2,host_fpga_pcie,HOST_to_FPGA,302592,47768.21726399999,47990.830495999995,222.61323200000598
6,46,block_03_fc1,block_03_gelu,1,host_fpga_pcie,FPGA_to_HOST,1210368,47783.642223999996,48274.64192,490.9996960000065
5,46,block_03_fc1,block_03_gelu,2,gpu_host,HOST_to_GPU,1210368,47934.899520000006,48003.44384,68.5443199999955
0,47,block_03_gelu,block_03_fc2,1,gpu_host,GPU_to_HOST,1210368,48180.794224,48249.33854399999,68.5443199999955
7,46,block_03_fc1,block_03_gelu,1,host_fpga_pcie,FPGA_to_HOST,1210368,48180.794224,48838.005216,657.2109920000013
0,47,block_03_gelu,block_03_fc2,2,host_fpga_pcie,HOST_to_FPGA,1210368,48249.33854399999,48872.277376,622.9388320000071
6,46,block_03_fc1,block_03_gelu,2,gpu_host,HOST_to_GPU,1210368,48274.64192,48343.186239999995,68.5443199999955
7,46,block_03_fc1,block_03_gelu,2,gpu_host,HOST_to_GPU,1210368,48838.005216,48906.54953599999,68.5443199999955
0,48,block_03_fc2,block_03_residual2,1,host_fpga_pcie,FPGA_to_HOST,302592,49062.241104,49161.671504,99.43039999999598
1,47,block_03_gelu,block_03_fc2,1,gpu_host,GPU_to_HOST,1210368,49098.552144,49167.521424000006,68.9692800000044
0,48,block_03_fc2,block_03_residual2,2,gpu_host,HOST_to_GPU,302592,49161.671504,49182.982544000006,21.311040000006333
1,47,block_03_gelu,block_03_fc2,2,host_fpga_pcie,HOST_to_FPGA,1210368,49167.521424000006,49505.24302400001,337.72160000000025
1,48,block_03_fc2,block_03_residual2,1,host_fpga_pcie,FPGA_to_HOST,302592,49695.20675200001,49794.637152,99.43039999999598
2,47,block_03_gelu,block_03_fc2,1,gpu_host,GPU_to_HOST,1210368,49731.51779200001,49800.48707200002,68.9692800000044
1,48,block_03_fc2,block_03_residual2,2,gpu_host,HOST_to_GPU,302592,49794.637152,49815.94819200001,21.311040000006333
2,47,block_03_gelu,block_03_fc2,2,host_fpga_pcie,HOST_to_FPGA,1210368,49800.48707200002,50138.208672000015,337.72160000000025
2,48,block_03_fc2,block_03_residual2,1,host_fpga_pcie,FPGA_to_HOST,302592,50328.17240000002,50427.602800000015,99.43039999999598
3,47,block_03_gelu,block_03_fc2,1,gpu_host,GPU_to_HOST,1210368,50364.48344000002,50433.45272000002,68.9692800000044
2,48,block_03_fc2,block_03_residual2,2,gpu_host,HOST_to_GPU,302592,50427.602800000015,50448.913840000016,21.311040000006333
3,47,block_03_gelu,block_03_fc2,2,host_fpga_pcie,HOST_to_FPGA,1210368,50433.45272000002,50771.17432000002,337.72160000000025
3,48,block_03_fc2,block_03_residual2,1,host_fpga_pcie,FPGA_to_HOST,302592,50961.13804800002,51060.56844800002,99.43039999999598
4,47,block_03_gelu,block_03_fc2,1,gpu_host,GPU_to_HOST,1210368,50997.44908800002,51066.41836800003,68.9692800000044
3,48,block_03_fc2,block_03_residual2,2,gpu_host,HOST_to_GPU,302592,51060.56844800002,51081.87948800003,21.311040000006333
4,47,block_03_gelu,block_03_fc2,2,host_fpga_pcie,HOST_to_FPGA,1210368,51066.41836800003,51404.13996800003,337.72160000000025
4,48,block_03_fc2,block_03_residual2,1,host_fpga_pcie,FPGA_to_HOST,302592,51594.10369600003,51693.534096000025,99.43039999999598
5,47,block_03_gelu,block_03_fc2,1,gpu_host,GPU_to_HOST,1210368,51630.41473600003,51699.38401600003,68.9692800000044
4,48,block_03_fc2,block_03_residual2,2,gpu_host,HOST_to_GPU,302592,51693.534096000025,51714.84513600003,21.311040000006333
5,47,block_03_gelu,block_03_fc2,2,host_fpga_pcie,HOST_to_FPGA,1210368,51699.38401600003,52037.10561600004,337.72160000000025
5,48,block_03_fc2,block_03_residual2,1,host_fpga_pcie,FPGA_to_HOST,302592,52227.06934400004,52326.49974400004,99.43039999999598
6,47,block_03_gelu,block_03_fc2,1,gpu_host,GPU_to_HOST,1210368,52263.38038400004,52332.349664000045,68.9692800000044
5,48,block_03_fc2,block_03_residual2,2,gpu_host,HOST_to_GPU,302592,52326.49974400004,52347.81078400004,21.311040000006333
6,47,block_03_gelu,block_03_fc2,2,host_fpga_pcie,HOST_to_FPGA,1210368,52332.349664000045,52670.07126400004,337.72160000000025
6,48,block_03_fc2,block_03_residual2,1,host_fpga_pcie,FPGA_to_HOST,302592,52860.034992000044,52959.46539200004,99.43039999999598
7,47,block_03_gelu,block_03_fc2,1,gpu_host,GPU_to_HOST,1210368,52896.346032000045,52965.31531200005,68.9692800000044
6,48,block_03_fc2,block_03_residual2,2,gpu_host,HOST_to_GPU,302592,52959.46539200004,52980.77643200005,21.311040000006333
7,47,block_03_gelu,block_03_fc2,2,host_fpga_pcie,HOST_to_FPGA,1210368,52965.31531200005,53303.03691200005,337.72160000000025
0,51,block_04_norm1,block_04_qkv,1,gpu_host,GPU_to_HOST,302592,53493.00064000005,53513.886720000046,20.88607999999742
7,48,block_03_fc2,block_03_residual2,1,host_fpga_pcie,FPGA_to_HOST,302592,53493.00064000005,53650.975360000055,157.9747200000023
0,51,block_04_norm1,block_04_qkv,2,host_fpga_pcie,HOST_to_FPGA,302592,53513.886720000046,53671.86144000005,157.9747200000023
7,48,block_03_fc2,block_03_residual2,2,gpu_host,HOST_to_GPU,302592,53650.975360000055,53671.86144000005,20.88607999999742
1,51,block_04_norm1,block_04_qkv,1,gpu_host,GPU_to_HOST,302592,53796.46529600005,53817.35137600005,20.88607999999742
1,51,block_04_norm1,block_04_qkv,2,host_fpga_pcie,HOST_to_FPGA,302592,53817.35137600005,53992.89089600005,175.5395199999968
0,52,block_04_qkv,block_04_attention,1,host_fpga_pcie,FPGA_to_HOST,907776,53820.67265600005,54155.07297600005,334.4003199999973
2,51,block_04_norm1,block_04_qkv,1,gpu_host,GPU_to_HOST,302592,54117.49475200005,54138.380832000046,20.88607999999742
2,51,block_04_norm1,block_04_qkv,2,host_fpga_pcie,HOST_to_FPGA,302592,54138.380832000046,54313.920352000045,175.5395199999968
1,52,block_04_qkv,block_04_attention,1,host_fpga_pcie,FPGA_to_HOST,907776,54141.70211200005,54476.10243200004,334.4003199999973
0,52,block_04_qkv,block_04_attention,2,gpu_host,HOST_to_GPU,907776,54155.07297600005,54207.731216000044,52.658239999996134
3,51,block_04_norm1,block_04_qkv,1,gpu_host,GPU_to_HOST,302592,54438.524208000046,54459.41028800004,20.88607999999742
3,51,block_04_norm1,block_04_qkv,2,host_fpga_pcie,HOST_to_FPGA,302592,54459.41028800004,54634.949808000034,175.5395199999968
2,52,block_04_qkv,block_04_attention,1,host_fpga_pcie,FPGA_to_HOST,907776,54462.73156800005,54797.13188800004,334.4003199999973
1,52,block_04_qkv,block_04_attention,2,gpu_host,HOST_to_GPU,907776,54476.10243200004,54528.76067200004,52.658239999996134
4,51,block_04_norm1,block_04_qkv,1,gpu_host,GPU_to_HOST,302592,54759.553664000035,54780.43974400003,20.88607999999742
4,51,block_04_norm1,block_04_qkv,2,host_fpga_pcie,HOST_to_FPGA,302592,54780.43974400003,54955.97926400003,175.5395199999968
3,52,block_04_qkv,block_04_attention,1,host_fpga_pcie,FPGA_to_HOST,907776,54783.761024000036,55118.16134400004,334.4003199999973
2,52,block_04_qkv,block_04_attention,2,gpu_host,HOST_to_GPU,907776,54797.13188800004,54849.79012800004,52.658239999996134
5,51,block_04_norm1,block_04_qkv,1,gpu_host,GPU_to_HOST,302592,55080.58312000003,55101.46920000003,20.88607999999742
5,51,block_04_norm1,block_04_qkv,2,host_fpga_pcie,HOST_to_FPGA,302592,55101.46920000003,55277.00872000003,175.5395199999968
4,52,block_04_qkv,block_04_attention,1,host_fpga_pcie,FPGA_to_HOST,907776,55104.79048000003,55439.19080000003,334.4003199999973
3,52,block_04_qkv,block_04_attention,2,gpu_host,HOST_to_GPU,907776,55118.16134400004,55170.81958400003,52.658239999996134
6,51,block_04_norm1,block_04_qkv,1,gpu_host,GPU_to_HOST,302592,55401.61257600003,55422.498656000025,20.88607999999742
6,51,block_04_norm1,block_04_qkv,2,host_fpga_pcie,HOST_to_FPGA,302592,55422.498656000025,55598.038176000024,175.5395199999968
5,52,block_04_qkv,block_04_attention,1,host_fpga_pcie,FPGA_to_HOST,907776,55425.81993600003,55760.22025600002,334.4003199999973
4,52,block_04_qkv,block_04_attention,2,gpu_host,HOST_to_GPU,907776,55439.19080000003,55491.84904000003,52.658239999996134
7,51,block_04_norm1,block_04_qkv,1,gpu_host,GPU_to_HOST,302592,55722.642032000025,55743.52811200002,20.88607999999742
7,51,block_04_norm1,block_04_qkv,2,host_fpga_pcie,HOST_to_FPGA,302592,55743.52811200002,55919.06763200002,175.5395199999968
6,52,block_04_qkv,block_04_attention,1,host_fpga_pcie,FPGA_to_HOST,907776,55746.849392000026,56081.24971200002,334.4003199999973
5,52,block_04_qkv,block_04_attention,2,gpu_host,HOST_to_GPU,907776,55760.22025600002,55812.87849600002,52.658239999996134
0,53,block_04_attention,block_04_proj,1,gpu_host,GPU_to_HOST,302592,56043.67148800002,56064.55756800002,20.88607999999742
0,53,block_04_attention,block_04_proj,2,host_fpga_pcie,HOST_to_FPGA,302592,56064.55756800002,56240.09708800001,175.5395199999968
7,52,block_04_qkv,block_04_attention,1,host_fpga_pcie,FPGA_to_HOST,907776,56067.87884800002,56543.187904000006,475.30905599998954
6,52,block_04_qkv,block_04_attention,2,gpu_host,HOST_to_GPU,907776,56081.24971200002,56133.907952000016,52.658239999996134
0,54,block_04_proj,block_04_residual1,1,host_fpga_pcie,FPGA_to_HOST,302592,56306.60328000002,56550.69692800001,244.09364799999472
1,53,block_04_attention,block_04_proj,1,gpu_host,GPU_to_HOST,302592,56306.60328000002,56327.489360000014,20.88607999999742
1,53,block_04_attention,block_04_proj,2,host_fpga_pcie,HOST_to_FPGA,302592,56327.489360000014,56561.13996800002,233.6506079999995
7,52,block_04_qkv,block_04_attention,2,gpu_host,HOST_to_GPU,907776,56543.187904000006,56611.73222400001,68.5443199999955
0,54,block_04_proj,block_04_residual1,2,gpu_host,HOST_to_GPU,302592,56550.69692800001,56587.46908800001,36.77215999999678
1,54,block_04_proj,block_04_residual1,1,host_fpga_pcie,FPGA_to_HOST,302592,56627.646160000026,56785.620880000024,157.9747200000023
2,53,block_04_attention,block_04_proj,1,gpu_host,GPU_to_HOST,302592,56627.646160000026,56648.53224000002,20.88607999999742
2,53,block_04_attention,block_04_proj,2,host_fpga_pcie,HOST_to_FPGA,302592,56648.53224000002,56806.50696000002,157.9747200000023
1,54,block_04_proj,block_04_residual1,2,gpu_host,HOST_to_GPU,302592,56785.620880000024,56806.50696000002,20.88607999999742
2,54,block_04_proj,block_04_residual1,1,host_fpga_pcie,FPGA_to_HOST,302592,56873.01315200003,57030.987872000034,157.9747200000023
3,53,block_04_attention,block_04_proj,1,gpu_host,GPU_to_HOST,302592,56873.01315200003,56893.899232000025,20.88607999999742
3,53,block_04_attention,block_04_proj,2,host_fpga_pcie,HOST_to_FPGA,302592,56893.899232000025,57051.87395200003,157.9747200000023
2,54,block_04_proj,block_04_residual1,2,gpu_host,HOST_to_GPU,302592,57030.987872000034,57051.87395200003,20.88607999999742
3,54,block_04_proj,block_04_residual1,1,host_fpga_pcie,FPGA_to_HOST,302592,57118.38014400004,57276.35486400004,157.9747200000023
4,53,block_04_attention,block_04_proj,1,gpu_host,GPU_to_HOST,302592,57118.38014400004,57139.266224000035,20.88607999999742
4,53,block_04_attention,block_04_proj,2,host_fpga_pcie,HOST_to_FPGA,302592,57139.266224000035,57297.240944000034,157.9747200000023
3,54,block_04_proj,block_04_residual1,2,gpu_host,HOST_to_GPU,302592,57276.35486400004,57297.240944000034,20.88607999999742
4,54,block_04_proj,block_04_residual1,1,host_fpga_pcie,FPGA_to_HOST,302592,57363.74713600004,57521.72185600005,157.9747200000023
5,53,block_04_attention,block_04_proj,1,gpu_host,GPU_to_HOST,302592,57363.74713600004,57384.63321600004,20.88607999999742
5,53,block_04_attention,block_04_proj,2,host_fpga_pcie,HOST_to_FPGA,302592,57384.63321600004,57542.607936000044,157.9747200000023
4,54,block_04_proj,block_04_residual1,2,gpu_host,HOST_to_GPU,302592,57521.72185600005,57542.607936000044,20.88607999999742
5,54,block_04_proj,block_04_residual1,1,host_fpga_pcie,FPGA_to_HOST,302592,57609.11412800005,57767.08884800005,157.9747200000023
6,53,block_04_attention,block_04_proj,1,gpu_host,GPU_to_HOST,302592,57609.11412800005,57630.00020800005,20.88607999999742
6,53,block_04_attention,block_04_proj,2,host_fpga_pcie,HOST_to_FPGA,302592,57630.00020800005,57787.974928000054,157.9747200000023
5,54,block_04_proj,block_04_residual1,2,gpu_host,HOST_to_GPU,302592,57767.08884800005,57787.974928000054,20.88607999999742
0,57,block_04_norm2,block_04_fc1,1,gpu_host,GPU_to_HOST,302592,57854.481120000055,57875.36720000006,20.88607999999742
6,54,block_04_proj,block_04_residual1,1,host_fpga_pcie,FPGA_to_HOST,302592,57854.481120000055,58012.45584000006,157.9747200000023
0,57,block_04_norm2,block_04_fc1,2,host_fpga_pcie,HOST_to_FPGA,302592,57875.36720000006,58033.34192000006,157.9747200000023
6,54,block_04_proj,block_04_residual1,2,gpu_host,HOST_to_GPU,302592,58012.45584000006,58033.34192000006,20.88607999999742
7,53,block_04_attention,block_04_proj,1,gpu_host,GPU_to_HOST,302592,58186.99460800006,58207.880688000056,20.88607999999742
7,53,block_04_attention,block_04_proj,2,host_fpga_pcie,HOST_to_FPGA,302592,58207.880688000056,58371.316528000054,163.4358399999966
0,58,block_04_fc1,block_04_gelu,1,host_fpga_pcie,FPGA_to_HOST,1210368,58223.30564800006,58783.89348800005,560.5878399999945
1,57,block_04_norm2,block_04_fc1,1,gpu_host,GPU_to_HOST,302592,58437.82272000006,58458.70880000006,20.88607999999742
7,54,block_04_proj,block_04_residual1,1,host_fpga_pcie,FPGA_to_HOST,302592,58437.82272000006,58685.67088000006,247.84816000000126
1,57,block_04_norm2,block_04_fc1,2,host_fpga_pcie,HOST_to_FPGA,302592,58458.70880000006,58706.55696000006,247.84816000000126
7,54,block_04_proj,block_04_residual1,2,gpu_host,HOST_to_GPU,302592,58685.67088000006,58706.55696000006,20.88607999999742
0,58,block_04_fc1,block_04_gelu,2,gpu_host,HOST_to_GPU,1210368,58783.89348800005,58852.437808000046,68.5443199999955
2,57,block_04_norm2,block_04_fc1,1,gpu_host,GPU_to_HOST,302592,58860.20964800006,58881.09572800006,20.88607999999742
2,57,block_04_norm2,block_04_fc1,2,host_fpga_pcie,HOST_to_FPGA,302592,58881.09572800006,59044.53156800006,163.4358399999966
1,58,block_04_fc1,block_04_gelu,1,host_fpga_pcie,FPGA_to_HOST,1210368,58896.52068800006,59408.89003200007,512.3693440000077
3,57,block_04_norm2,block_04_fc1,1,gpu_host,GPU_to_HOST,302592,59198.18425600006,59219.070336000055,20.88607999999742
3,57,block_04_norm2,block_04_fc1,2,host_fpga_pcie,HOST_to_FPGA,302592,59219.070336000055,59449.39604800005,230.32571200000407
2,58,block_04_fc1,block_04_gelu,1,host_fpga_pcie,FPGA_to_HOST,1210368,59234.49529600006,59790.61707200007,556.121776000007
1,58,block_04_fc1,block_04_gelu,2,gpu_host,HOST_to_GPU,1210368,59408.89003200007,59477.43435200006,68.5443199999955
4,57,block_04_norm2,block_04_fc1,1,gpu_host,GPU_to_HOST,302592,59603.048736000055,59623.93481600006,20.88607999999742
4,57,block_04_norm2,block_04_fc1,2,host_fpga_pcie,HOST_to_FPGA,302592,59623.93481600006,59846.548048000055,222.61323199999904
3,58,block_04_fc1,block_04_gelu,1,host_fpga_pcie,FPGA_to_HOST,1210368,59639.359776000056,60187.76907200007,548.4092960000089
2,58,block_04_fc1,block_04_gelu,2,gpu_host,HOST_to_GPU,1210368,59790.61707200007,59859.16139200006,68.5443199999955
5,57,block_04_norm2,block_04_fc1,1,gpu_host,GPU_to_HOST,302592,60000.20073600006,60021.086816000054,20.88607999999742
5,57,block_04_norm2,block_04_fc1,2,host_fpga_pcie,HOST_to_FPGA,302592,60021.086816000054,60243.70004800006,222.61323200000598
4,58,block_04_fc1,block_04_gelu,1,host_fpga_pcie,FPGA_to_HOST,1210368,60036.51177600006,60584.92107200006,548.4092960000089
3,58,block_04_fc1,block_04_gelu,2,gpu_host,HOST_to_GPU,1210368,60187.76907200007,60256.31339200006,68.5443199999955
6,57,block_04_norm2,block_04_fc1,1,gpu_host,GPU_to_HOST,302592,60397.35273600006,60418.238816000056,20.88607999999742
6,57,block_04_norm2,block_04_fc1,2,host_fpga_pcie,HOST_to_FPGA,302592,60418.238816000056,60640.85204800006,222.61323199999904
5,58,block_04_fc1,block_04_gelu,1,host_fpga_pcie,FPGA_to_HOST,1210368,60433.66377600006,60982.07307200007,548.4092960000089
4,58,block_04_fc1,block_04_gelu,2,gpu_host,HOST_to_GPU,1210368,60584.92107200006,60653.465392000064,68.5443199999955
7,57,block_04_norm2,block_04_fc1,1,gpu_host,GPU_to_HOST,302592,60794.50473600006,60815.39081600006,20.88607999999742
7,57,block_04_norm2,block_04_fc1,2,host_fpga_pcie,HOST_to_FPGA,302592,60815.39081600006,61038.00404800006,222.61323200000598
6,58,block_04_fc1,block_04_gelu,1,host_fpga_pcie,FPGA_to_HOST,1210368,60830.81577600006,61321.81547200007,490.9996960000065
5,58,block_04_fc1,block_04_gelu,2,gpu_host,HOST_to_GPU,1210368,60982.07307200007,61050.617392000066,68.5443199999955
0,59,block_04_gelu,block_04_fc2,1,gpu_host,GPU_to_HOST,1210368,61227.96777600006,61296.51209600006,68.5443199999955
7,58,block_04_fc1,block_04_gelu,1,host_fpga_pcie,FPGA_to_HOST,1210368,61227.96777600006,61885.17876800006,657.2109920000013
0,59,block_04_gelu,block_04_fc2,2,host_fpga_pcie,HOST_to_FPGA,1210368,61296.51209600006,61919.450928000064,622.9388320000071
6,58,block_04_fc1,block_04_gelu,2,gpu_host,HOST_to_GPU,1210368,61321.81547200007,61390.35979200006,68.5443199999955
7,58,block_04_fc1,block_04_gelu,2,gpu_host,HOST_to_GPU,1210368,61885.17876800006,61953.723088000064,68.5443199999955
0,60,block_04_fc2,block_04_residual2,1,host_fpga_pcie,FPGA_to_HOST,302592,62109.414656000066,62208.845056000064,99.43039999999598
1,59,block_04_gelu,block_04_fc2,1,gpu_host,GPU_to_HOST,1210368,62145.72569600007,62214.69497600007,68.9692800000044
0,60,block_04_fc2,block_04_residual2,2,gpu_host,HOST_to_GPU,302592,62208.845056000064,62230.15609600007,21.311040000006333
1,59,block_04_gelu,block_04_fc2,2,host_fpga_pcie,HOST_to_FPGA,1210368,62214.69497600007,62552.41657600007,337.7215999999933
1,60,block_04_fc2,block_04_residual2,1,host_fpga_pcie,FPGA_to_HOST,302592,62742.38030400008,62841.810704000076,99.43040000000292
2,59,block_04_gelu,block_04_fc2,1,gpu_host,GPU_to_HOST,1210368,62778.69134400008,62847.66062400008,68.96927999999747
1,60,block_04_fc2,block_04_residual2,2,gpu_host,HOST_to_GPU,302592,62841.810704000076,62863.12174400008,21.311039999999394
2,59,block_04_gelu,block_04_fc2,2,host_fpga_pcie,HOST_to_FPGA,1210368,62847.66062400008,63185.38222400008,337.7216000000072
2,60,block_04_fc2,block_04_residual2,1,host_fpga_pcie,FPGA_to_HOST,302592,63375.34595200009,63474.776352000095,99.43040000000292
3,59,block_04_gelu,block_04_fc2,1,gpu_host,GPU_to_HOST,1210368,63411.65699200009,63480.62627200009,68.96927999999747
2,60,block_04_fc2,block_04_residual2,2,gpu_host,HOST_to_GPU,302592,63474.776352000095,63496.08739200009,21.311039999999394
3,59,block_04_gelu,block_04_fc2,2,host_fpga_pcie,HOST_to_FPGA,1210368,63480.62627200009,63818.34787200009,337.7216000000072
3,60,block_04_fc2,block_04_residual2,1,host_fpga_pcie,FPGA_to_HOST,302592,64008.3116000001,64107.74200000011,99.43040000000292
4,59,block_04_gelu,block_04_fc2,1,gpu_host,GPU_to_HOST,1210368,64044.6226400001,64113.5919200001,68.96927999999747
3,60,block_04_fc2,block_04_residual2,2,gpu_host,HOST_to_GPU,302592,64107.74200000011,64129.05304000011,21.311039999999394
4,59,block_04_gelu,block_04_fc2,2,host_fpga_pcie,HOST_to_FPGA,1210368,64113.5919200001,64451.313520000105,337.7216000000072
4,60,block_04_fc2,block_04_residual2,1,host_fpga_pcie,FPGA_to_HOST,302592,64641.277248000115,64740.70764800012,99.43040000000292
5,59,block_04_gelu,block_04_fc2,1,gpu_host,GPU_to_HOST,1210368,64677.588288000115,64746.55756800011,68.96927999999747
4,60,block_04_fc2,block_04_residual2,2,gpu_host,HOST_to_GPU,302592,64740.70764800012,64762.01868800012,21.311039999999394
5,59,block_04_gelu,block_04_fc2,2,host_fpga_pcie,HOST_to_FPGA,1210368,64746.55756800011,65084.279168000125,337.7216000000072
5,60,block_04_fc2,block_04_residual2,1,host_fpga_pcie,FPGA_to_HOST,302592,65274.242896000134,65373.67329600013,99.43040000000292
6,59,block_04_gelu,block_04_fc2,1,gpu_host,GPU_to_HOST,1210368,65310.553936000135,65379.52321600013,68.96927999999747
5,60,block_04_fc2,block_04_residual2,2,gpu_host,HOST_to_GPU,302592,65373.67329600013,65394.98433600013,21.311039999999394
6,59,block_04_gelu,block_04_fc2,2,host_fpga_pcie,HOST_to_FPGA,1210368,65379.52321600013,65717.24481600014,337.7216000000072
6,60,block_04_fc2,block_04_residual2,1,host_fpga_pcie,FPGA_to_HOST,302592,65907.20854400014,66006.63894400015,99.43040000000292
7,59,block_04_gelu,block_04_fc2,1,gpu_host,GPU_to_HOST,1210368,65943.51958400014,66012.48886400014,68.96927999999747
6,60,block_04_fc2,block_04_residual2,2,gpu_host,HOST_to_GPU,302592,66006.63894400015,66027.94998400015,21.311039999999394
7,59,block_04_gelu,block_04_fc2,2,host_fpga_pcie,HOST_to_FPGA,1210368,66012.48886400014,66350.21046400015,337.7216000000072
0,63,block_05_norm1,block_05_qkv,1,gpu_host,GPU_to_HOST,302592,66540.17419200017,66561.06027200016,20.88608000000436
7,60,block_04_fc2,block_04_residual2,1,host_fpga_pcie,FPGA_to_HOST,302592,66540.17419200017,66698.14891200015,157.97471999999536
0,63,block_05_norm1,block_05_qkv,2,host_fpga_pcie,HOST_to_FPGA,302592,66561.06027200016,66719.03499200016,157.97471999999536
7,60,block_04_fc2,block_04_residual2,2,gpu_host,HOST_to_GPU,302592,66698.14891200015,66719.03499200016,20.88608000000436
1,63,block_05_norm1,block_05_qkv,1,gpu_host,GPU_to_HOST,302592,66843.63884800016,66864.52492800017,20.88608000000436
1,63,block_05_norm1,block_05_qkv,2,host_fpga_pcie,HOST_to_FPGA,302592,66864.52492800017,67040.06444800018,175.53952000000373
0,64,block_05_qkv,block_05_attention,1,host_fpga_pcie,FPGA_to_HOST,907776,66867.84620800016,67202.24652800018,334.40032000001116
2,63,block_05_norm1,block_05_qkv,1,gpu_host,GPU_to_HOST,302592,67164.66830400018,67185.55438400019,20.88608000000436
2,63,block_05_norm1,block_05_qkv,2,host_fpga_pcie,HOST_to_FPGA,302592,67185.55438400019,67361.0939040002,175.53952000000373
1,64,block_05_qkv,block_05_attention,1,host_fpga_pcie,FPGA_to_HOST,907776,67188.87566400018,67523.2759840002,334.40032000001116
0,64,block_05_qkv,block_05_attention,2,gpu_host,HOST_to_GPU,907776,67202.24652800018,67254.90476800018,52.658240000003076
3,63,block_05_norm1,block_05_qkv,1,gpu_host,GPU_to_HOST,302592,67485.6977600002,67506.58384000021,20.88608000000436
3,63,block_05_norm1,block_05_qkv,2,host_fpga_pcie,HOST_to_FPGA,302592,67506.58384000021,67682.1233600002,175.53952000000373
2,64,block_05_qkv,block_05_attention,1,host_fpga_pcie,FPGA_to_HOST,907776,67509.9051200002,67844.30544000021,334.40032000001116
1,64,block_05_qkv,block_05_attention,2,gpu_host,HOST_to_GPU,907776,67523.2759840002,67575.9342240002,52.658240000003076
4,63,block_05_norm1,block_05_qkv,1,gpu_host,GPU_to_HOST,302592,67806.72721600022,67827.61329600021,20.88608000000436
4,63,block_05_norm1,block_05_qkv,2,host_fpga_pcie,HOST_to_FPGA,302592,67827.61329600021,68003.15281600022,175.53952000000373
3,64,block_05_qkv,block_05_attention,1,host_fpga_pcie,FPGA_to_HOST,907776,67830.93457600022,68165.33489600023,334.40032000001116
2,64,block_05_qkv,block_05_attention,2,gpu_host,HOST_to_GPU,907776,67844.30544000021,67896.96368000022,52.658240000003076
5,63,block_05_norm1,block_05_qkv,1,gpu_host,GPU_to_HOST,302592,68127.75667200024,68148.64275200023,20.88608000000436
5,63,block_05_norm1,block_05_qkv,2,host_fpga_pcie,HOST_to_FPGA,302592,68148.64275200023,68324.18227200024,175.53952000000373
4,64,block_05_qkv,block_05_attention,1,host_fpga_pcie,FPGA_to_HOST,907776,68151.96403200024,68486.36435200024,334.40032000001116
3,64,block_05_qkv,block_05_attention,2,gpu_host,HOST_to_GPU,907776,68165.33489600023,68217.99313600022,52.658240000003076
6,63,block_05_norm1,block_05_qkv,1,gpu_host,GPU_to_HOST,302592,68448.78612800024,68469.67220800025,20.88608000000436
6,63,block_05_norm1,block_05_qkv,2,host_fpga_pcie,HOST_to_FPGA,302592,68469.67220800025,68645.21172800026,175.53952000000373
5,64,block_05_qkv,block_05_attention,1,host_fpga_pcie,FPGA_to_HOST,907776,68472.99348800024,68807.39380800026,334.40032000001116
4,64,block_05_qkv,block_05_attention,2,gpu_host,HOST_to_GPU,907776,68486.36435200024,68539.02259200024,52.658240000003076
7,63,block_05_norm1,block_05_qkv,1,gpu_host,GPU_to_HOST,302592,68769.81558400026,68790.70166400027,20.88608000000436
7,63,block_05_norm1,block_05_qkv,2,host_fpga_pcie,HOST_to_FPGA,302592,68790.70166400027,68966.24118400028,175.53952000000373
6,64,block_05_qkv,block_05_attention,1,host_fpga_pcie,FPGA_to_HOST,907776,68794.02294400026,69128.42326400027,334.40032000001116
5,64,block_05_qkv,block_05_attention,2,gpu_host,HOST_to_GPU,907776,68807.39380800026,68860.05204800026,52.658240000003076
0,65,block_05_attention,block_05_proj,1,gpu_host,GPU_to_HOST,302592,69090.84504000028,69111.73112000029,20.88608000000436
0,65,block_05_attention,block_05_proj,2,host_fpga_pcie,HOST_to_FPGA,302592,69111.73112000029,69287.2706400003,175.53952000000373
7,64,block_05_qkv,block_05_attention,1,host_fpga_pcie,FPGA_to_HOST,907776,69115.05240000028,69590.36145600026,475.3090559999756
6,64,block_05_qkv,block_05_attention,2,gpu_host,HOST_to_GPU,907776,69128.42326400027,69181.08150400028,52.658240000003076
0,66,block_05_proj,block_05_residual1,1,host_fpga_pcie,FPGA_to_HOST,302592,69353.7768320003,69597.87048000029,244.09364799998778
1,65,block_05_attention,block_05_proj,1,gpu_host,GPU_to_HOST,302592,69353.7768320003,69374.6629120003,20.88608000000436
1,65,block_05_attention,block_05_proj,2,host_fpga_pcie,HOST_to_FPGA,302592,69374.6629120003,69608.31352000029,233.6506079999856
7,64,block_05_qkv,block_05_attention,2,gpu_host,HOST_to_GPU,907776,69590.36145600026,69658.90577600026,68.54432000000243
0,66,block_05_proj,block_05_residual1,2,gpu_host,HOST_to_GPU,302592,69597.87048000029,69634.64264000028,36.772160000003716
1,66,block_05_proj,block_05_residual1,1,host_fpga_pcie,FPGA_to_HOST,302592,69674.81971200029,69832.79443200029,157.97471999999536
2,65,block_05_attention,block_05_proj,1,gpu_host,GPU_to_HOST,302592,69674.81971200029,69695.7057920003,20.88608000000436
2,65,block_05_attention,block_05_proj,2,host_fpga_pcie,HOST_to_FPGA,302592,69695.7057920003,69853.6805120003,157.97471999999536
1,66,block_05_proj,block_05_residual1,2,gpu_host,HOST_to_GPU,302592,69832.79443200029,69853.6805120003,20.88608000000436
2,66,block_05_proj,block_05_residual1,1,host_fpga_pcie,FPGA_to_HOST,302592,69920.1867040003,70078.1614240003,157.97471999999536
3,65,block_05_attention,block_05_proj,1,gpu_host,GPU_to_HOST,302592,69920.1867040003,69941.07278400031,20.88608000000436
3,65,block_05_attention,block_05_proj,2,host_fpga_pcie,HOST_to_FPGA,302592,69941.07278400031,70099.0475040003,157.97471999999536
2,66,block_05_proj,block_05_residual1,2,gpu_host,HOST_to_GPU,302592,70078.1614240003,70099.0475040003,20.88608000000436
3,66,block_05_proj,block_05_residual1,1,host_fpga_pcie,FPGA_to_HOST,302592,70165.55369600031,70323.5284160003,157.97471999999536
4,65,block_05_attention,block_05_proj,1,gpu_host,GPU_to_HOST,302592,70165.55369600031,70186.4397760003,20.88608000000436
4,65,block_05_attention,block_05_proj,2,host_fpga_pcie,HOST_to_FPGA,302592,70186.4397760003,70344.4144960003,157.97471999999536
3,66,block_05_proj,block_05_residual1,2,gpu_host,HOST_to_GPU,302592,70323.5284160003,70344.4144960003,20.88608000000436
4,66,block_05_proj,block_05_residual1,1,host_fpga_pcie,FPGA_to_HOST,302592,70410.92068800032,70568.8954080003,157.97471999999536
5,65,block_05_attention,block_05_proj,1,gpu_host,GPU_to_HOST,302592,70410.92068800032,70431.80676800032,20.88608000000436
5,65,block_05_attention,block_05_proj,2,host_fpga_pcie,HOST_to_FPGA,302592,70431.80676800032,70589.78148800031,157.97471999999536
4,66,block_05_proj,block_05_residual1,2,gpu_host,HOST_to_GPU,302592,70568.8954080003,70589.78148800031,20.88608000000436
5,66,block_05_proj,block_05_residual1,1,host_fpga_pcie,FPGA_to_HOST,302592,70656.28768000031,70814.26240000031,157.97471999999536
6,65,block_05_attention,block_05_proj,1,gpu_host,GPU_to_HOST,302592,70656.28768000031,70677.17376000033,20.88608000000436
6,65,block_05_attention,block_05_proj,2,host_fpga_pcie,HOST_to_FPGA,302592,70677.17376000033,70835.14848000032,157.97471999999536
5,66,block_05_proj,block_05_residual1,2,gpu_host,HOST_to_GPU,302592,70814.26240000031,70835.14848000032,20.88608000000436
0,69,block_05_norm2,block_05_fc1,1,gpu_host,GPU_to_HOST,302592,70901.65467200032,70922.54075200034,20.88608000000436
6,66,block_05_proj,block_05_residual1,1,host_fpga_pcie,FPGA_to_HOST,302592,70901.65467200032,71059.62939200032,157.97471999999536
0,69,block_05_norm2,block_05_fc1,2,host_fpga_pcie,HOST_to_FPGA,302592,70922.54075200034,71080.51547200032,157.97471999999536
6,66,block_05_proj,block_05_residual1,2,gpu_host,HOST_to_GPU,302592,71059.62939200032,71080.51547200032,20.88608000000436
7,65,block_05_attention,block_05_proj,1,gpu_host,GPU_to_HOST,302592,71234.16816000034,71255.05424000033,20.88608000000436
7,65,block_05_attention,block_05_proj,2,host_fpga_pcie,HOST_to_FPGA,302592,71255.05424000033,71418.49008000034,163.43584000000357
0,70,block_05_fc1,block_05_gelu,1,host_fpga_pcie,FPGA_to_HOST,1210368,71270.47920000034,71831.06704000034,560.5878400000153
1,69,block_05_norm2,block_05_fc1,1,gpu_host,GPU_to_HOST,302592,71484.99627200035,71505.88235200035,20.88608000000436
7,66,block_05_proj,block_05_residual1,1,host_fpga_pcie,FPGA_to_HOST,302592,71484.99627200035,71732.84443200036,247.8481600000082
1,69,block_05_norm2,block_05_fc1,2,host_fpga_pcie,HOST_to_FPGA,302592,71505.88235200035,71753.73051200036,247.8481600000082
7,66,block_05_proj,block_05_residual1,2,gpu_host,HOST_to_GPU,302592,71732.84443200036,71753.73051200036,20.88608000000436
0,70,block_05_fc1,block_05_gelu,2,gpu_host,HOST_to_GPU,1210368,71831.06704000034,71899.61136000034,68.54432000000243
2,69,block_05_norm2,block_05_fc1,1,gpu_host,GPU_to_HOST,302592,71907.38320000037,71928.26928000037,20.88608000000436
2,69,block_05_norm2,block_05_fc1,2,host_fpga_pcie,HOST_to_FPGA,302592,71928.26928000037,72091.70512000038,163.43584000000357
1,70,block_05_fc1,block_05_gelu,1,host_fpga_pcie,FPGA_to_HOST,1210368,71943.69424000038,72456.06358400034,512.3693439999661
3,69,block_05_norm2,block_05_fc1,1,gpu_host,GPU_to_HOST,302592,72245.35780800038,72266.24388800039,20.88608000000436
3,69,block_05_norm2,block_05_fc1,2,host_fpga_pcie,HOST_to_FPGA,302592,72266.24388800039,72496.56960000038,230.32571199999018
2,70,block_05_fc1,block_05_gelu,1,host_fpga_pcie,FPGA_to_HOST,1210368,72281.66884800038,72837.79062400034,556.1217759999515
1,70,block_05_fc1,block_05_gelu,2,gpu_host,HOST_to_GPU,1210368,72456.06358400034,72524.60790400034,68.54432000000243
4,69,block_05_norm2,block_05_fc1,1,gpu_host,GPU_to_HOST,302592,72650.22228800038,72671.1083680004,20.88608000000436
4,69,block_05_norm2,block_05_fc1,2,host_fpga_pcie,HOST_to_FPGA,302592,72671.1083680004,72893.72160000038,222.61323199998517
3,70,block_05_fc1,block_05_gelu,1,host_fpga_pcie,FPGA_to_HOST,1210368,72686.53332800038,73234.94262400034,548.4092959999465
2,70,block_05_fc1,block_05_gelu,2,gpu_host,HOST_to_GPU,1210368,72837.79062400034,72906.33494400034,68.54432000000243
5,69,block_05_norm2,block_05_fc1,1,gpu_host,GPU_to_HOST,302592,73047.37428800038,73068.2603680004,20.88608000000436
5,69,block_05_norm2,block_05_fc1,2,host_fpga_pcie,HOST_to_FPGA,302592,73068.2603680004,73290.87360000037,222.61323199998517
4,70,block_05_fc1,block_05_gelu,1,host_fpga_pcie,FPGA_to_HOST,1210368,73083.68532800039,73632.09462400034,548.4092959999465
3,70,block_05_fc1,block_05_gelu,2,gpu_host,HOST_to_GPU,1210368,73234.94262400034,73303.48694400034,68.54432000000243
6,69,block_05_norm2,block_05_fc1,1,gpu_host,GPU_to_HOST,302592,73444.52628800039,73465.41236800038,20.88608000000436
6,69,block_05_norm2,block_05_fc1,2,host_fpga_pcie,HOST_to_FPGA,302592,73465.41236800038,73688.02560000037,222.61323199998517
5,70,block_05_fc1,block_05_gelu,1,host_fpga_pcie,FPGA_to_HOST,1210368,73480.83732800039,74029.24662400033,548.4092959999465
4,70,block_05_fc1,block_05_gelu,2,gpu_host,HOST_to_GPU,1210368,73632.09462400034,73700.63894400034,68.54432000000243
7,69,block_05_norm2,block_05_fc1,1,gpu_host,GPU_to_HOST,302592,73841.67828800039,73862.56436800039,20.88608000000436
7,69,block_05_norm2,block_05_fc1,2,host_fpga_pcie,HOST_to_FPGA,302592,73862.56436800039,74085.17760000037,222.61323199998517
6,70,block_05_fc1,block_05_gelu,1,host_fpga_pcie,FPGA_to_HOST,1210368,73877.98932800039,74368.98902400034,490.99969599995796
5,70,block_05_fc1,block_05_gelu,2,gpu_host,HOST_to_GPU,1210368,74029.24662400033,74097.79094400033,68.54432000000243
0,71,block_05_gelu,block_05_fc2,1,gpu_host,GPU_to_HOST,1210368,74275.14132800038,74343.68564800038,68.54432000000243
7,70,block_05_fc1,block_05_gelu,1,host_fpga_pcie,FPGA_to_HOST,1210368,74275.14132800038,74932.35232000037,657.2109919999874
0,71,block_05_gelu,block_05_fc2,2,host_fpga_pcie,HOST_to_FPGA,1210368,74343.68564800038,74966.62448000036,622.9388319999862
6,70,block_05_fc1,block_05_gelu,2,gpu_host,HOST_to_GPU,1210368,74368.98902400034,74437.53334400035,68.54432000000243
7,70,block_05_fc1,block_05_gelu,2,gpu_host,HOST_to_GPU,1210368,74932.35232000037,75000.89664000037,68.54432000000243
0,72,block_05_fc2,block_05_residual2,1,host_fpga_pcie,FPGA_to_HOST,302592,75156.58820800038,75256.01860800038,99.43040000000292
1,71,block_05_gelu,block_05_fc2,1,gpu_host,GPU_to_HOST,1210368,75192.89924800038,75261.86852800037,68.96927999999747
0,72,block_05_fc2,block_05_residual2,2,gpu_host,HOST_to_GPU,302592,75256.01860800038,75277.32964800038,21.311039999999394
1,71,block_05_gelu,block_05_fc2,2,host_fpga_pcie,HOST_to_FPGA,1210368,75261.86852800037,75599.59012800039,337.7216000000072
1,72,block_05_fc2,block_05_residual2,1,host_fpga_pcie,FPGA_to_HOST,302592,75789.55385600039,75888.98425600039,99.43040000000292
2,71,block_05_gelu,block_05_fc2,1,gpu_host,GPU_to_HOST,1210368,75825.86489600039,75894.83417600038,68.96927999999747
1,72,block_05_fc2,block_05_residual2,2,gpu_host,HOST_to_GPU,302592,75888.98425600039,75910.29529600039,21.311039999999394
2,71,block_05_gelu,block_05_fc2,2,host_fpga_pcie,HOST_to_FPGA,1210368,75894.83417600038,76232.5557760004,337.7216000000072
2,72,block_05_fc2,block_05_residual2,1,host_fpga_pcie,FPGA_to_HOST,302592,76422.5195040004,76521.9499040004,99.43040000000292
3,71,block_05_gelu,block_05_fc2,1,gpu_host,GPU_to_HOST,1210368,76458.8305440004,76527.79982400041,68.96927999999747
2,72,block_05_fc2,block_05_residual2,2,gpu_host,HOST_to_GPU,302592,76521.9499040004,76543.2609440004,21.311039999999394
3,71,block_05_gelu,block_05_fc2,2,host_fpga_pcie,HOST_to_FPGA,1210368,76527.79982400041,76865.52142400041,337.7216000000072
3,72,block_05_fc2,block_05_residual2,1,host_fpga_pcie,FPGA_to_HOST,302592,77055.48515200042,77154.91555200043,99.43040000000292
4,71,block_05_gelu,block_05_fc2,1,gpu_host,GPU_to_HOST,1210368,77091.79619200042,77160.76547200042,68.96927999999747
3,72,block_05_fc2,block_05_residual2,2,gpu_host,HOST_to_GPU,302592,77154.91555200043,77176.22659200043,21.311039999999394
4,71,block_05_gelu,block_05_fc2,2,host_fpga_pcie,HOST_to_FPGA,1210368,77160.76547200042,77498.48707200043,337.7216000000072
4,72,block_05_fc2,block_05_residual2,1,host_fpga_pcie,FPGA_to_HOST,302592,77688.45080000043,77787.88120000044,99.43040000000292
5,71,block_05_gelu,block_05_fc2,1,gpu_host,GPU_to_HOST,1210368,77724.76184000043,77793.73112000043,68.96927999999747
4,72,block_05_fc2,block_05_residual2,2,gpu_host,HOST_to_GPU,302592,77787.88120000044,77809.19224000044,21.311039999999394
5,71,block_05_gelu,block_05_fc2,2,host_fpga_pcie,HOST_to_FPGA,1210368,77793.73112000043,78131.45272000044,337.7216000000072
5,72,block_05_fc2,block_05_residual2,1,host_fpga_pcie,FPGA_to_HOST,302592,78321.41644800044,78420.84684800045,99.43040000000292
6,71,block_05_gelu,block_05_fc2,1,gpu_host,GPU_to_HOST,1210368,78357.72748800044,78426.69676800045,68.96927999999747
5,72,block_05_fc2,block_05_residual2,2,gpu_host,HOST_to_GPU,302592,78420.84684800045,78442.15788800045,21.311039999999394
6,71,block_05_gelu,block_05_fc2,2,host_fpga_pcie,HOST_to_FPGA,1210368,78426.69676800045,78764.41836800045,337.7216000000072
6,72,block_05_fc2,block_05_residual2,1,host_fpga_pcie,FPGA_to_HOST,302592,78954.38209600047,79053.81249600046,99.43040000000292
7,71,block_05_gelu,block_05_fc2,1,gpu_host,GPU_to_HOST,1210368,78990.69313600047,79059.66241600046,68.96927999999747
6,72,block_05_fc2,block_05_residual2,2,gpu_host,HOST_to_GPU,302592,79053.81249600046,79075.12353600046,21.311039999999394
7,71,block_05_gelu,block_05_fc2,2,host_fpga_pcie,HOST_to_FPGA,1210368,79059.66241600046,79397.38401600046,337.7216000000072
0,75,block_06_norm1,block_06_qkv,1,gpu_host,GPU_to_HOST,302592,79587.34774400048,79608.23382400048,20.88608000000436
7,72,block_05_fc2,block_05_residual2,1,host_fpga_pcie,FPGA_to_HOST,302592,79587.34774400048,79745.32246400048,157.97471999999536
0,75,block_06_norm1,block_06_qkv,2,host_fpga_pcie,HOST_to_FPGA,302592,79608.23382400048,79766.20854400047,157.97471999999536
7,72,block_05_fc2,block_05_residual2,2,gpu_host,HOST_to_GPU,302592,79745.32246400048,79766.20854400047,20.88608000000436
1,75,block_06_norm1,block_06_qkv,1,gpu_host,GPU_to_HOST,302592,79890.81240000048,79911.69848000049,20.88608000000436
1,75,block_06_norm1,block_06_qkv,2,host_fpga_pcie,HOST_to_FPGA,302592,79911.69848000049,80087.23800000049,175.53952000000373
0,76,block_06_qkv,block_06_attention,1,host_fpga_pcie,FPGA_to_HOST,907776,79915.01976000048,80249.42008000049,334.40032000001116
2,75,block_06_norm1,block_06_qkv,1,gpu_host,GPU_to_HOST,302592,80211.8418560005,80232.7279360005,20.88608000000436
2,75,block_06_norm1,block_06_qkv,2,host_fpga_pcie,HOST_to_FPGA,302592,80232.7279360005,80408.26745600051,175.53952000000373
1,76,block_06_qkv,block_06_attention,1,host_fpga_pcie,FPGA_to_HOST,907776,80236.0492160005,80570.44953600051,334.40032000001116
0,76,block_06_qkv,block_06_attention,2,gpu_host,HOST_to_GPU,907776,80249.42008000049,80302.0783200005,52.658240000003076
3,75,block_06_norm1,block_06_qkv,1,gpu_host,GPU_to_HOST,302592,80532.87131200051,80553.75739200052,20.88608000000436
3,75,block_06_norm1,block_06_qkv,2,host_fpga_pcie,HOST_to_FPGA,302592,80553.75739200052,80729.29691200053,175.53952000000373
2,76,block_06_qkv,block_06_attention,1,host_fpga_pcie,FPGA_to_HOST,907776,80557.07867200051,80891.47899200053,334.40032000001116
1,76,block_06_qkv,block_06_attention,2,gpu_host,HOST_to_GPU,907776,80570.44953600051,80623.10777600051,52.658240000003076
4,75,block_06_norm1,block_06_qkv,1,gpu_host,GPU_to_HOST,302592,80853.90076800053,80874.78684800054,20.88608000000436
4,75,block_06_norm1,block_06_qkv,2,host_fpga_pcie,HOST_to_FPGA,302592,80874.78684800054,81050.32636800053,175.53952000000373
3,76,block_06_qkv,block_06_attention,1,host_fpga_pcie,FPGA_to_HOST,907776,80878.10812800053,81212.50844800055,334.40032000001116
2,76,block_06_qkv,block_06_attention,2,gpu_host,HOST_to_GPU,907776,80891.47899200053,80944.13723200053,52.658240000003076
5,75,block_06_norm1,block_06_qkv,1,gpu_host,GPU_to_HOST,302592,81174.93022400055,81195.81630400055,20.88608000000436
5,75,block_06_norm1,block_06_qkv,2,host_fpga_pcie,HOST_to_FPGA,302592,81195.81630400055,81371.35582400055,175.53952000000373
4,76,block_06_qkv,block_06_attention,1,host_fpga_pcie,FPGA_to_HOST,907776,81199.13758400055,81533.53790400056,334.40032000001116
3,76,block_06_qkv,block_06_attention,2,gpu_host,HOST_to_GPU,907776,81212.50844800055,81265.16668800055,52.658240000003076
6,75,block_06_norm1,block_06_qkv,1,gpu_host,GPU_to_HOST,302592,81495.95968000057,81516.84576000056,20.88608000000436
6,75,block_06_norm1,block_06_qkv,2,host_fpga_pcie,HOST_to_FPGA,302592,81516.84576000056,81692.38528000057,175.53952000000373
5,76,block_06_qkv,block_06_attention,1,host_fpga_pcie,FPGA_to_HOST,907776,81520.16704000057,81854.56736000057,334.40032000001116
4,76,block_06_qkv,block_06_attention,2,gpu_host,HOST_to_GPU,907776,81533.53790400056,81586.19614400055,52.658240000003076
7,75,block_06_norm1,block_06_qkv,1,gpu_host,GPU_to_HOST,302592,81816.98913600057,81837.87521600058,20.88608000000436
7,75,block_06_norm1,block_06_qkv,2,host_fpga_pcie,HOST_to_FPGA,302592,81837.87521600058,82013.41473600059,175.53952000000373
6,76,block_06_qkv,block_06_attention,1,host_fpga_pcie,FPGA_to_HOST,907776,81841.19649600057,82175.59681600059,334.40032000001116
5,76,block_06_qkv,block_06_attention,2,gpu_host,HOST_to_GPU,907776,81854.56736000057,81907.22560000057,52.658240000003076
0,77,block_06_attention,block_06_proj,1,gpu_host,GPU_to_HOST,302592,82138.01859200059,82158.9046720006,20.88608000000436
0,77,block_06_attention,block_06_proj,2,host_fpga_pcie,HOST_to_FPGA,302592,82158.9046720006,82334.4441920006,175.53952000000373
7,76,block_06_qkv,block_06_attention,1,host_fpga_pcie,FPGA_to_HOST,907776,82162.22595200059,82637.53500800057,475.3090559999756
6,76,block_06_qkv,block_06_attention,2,gpu_host,HOST_to_GPU,907776,82175.59681600059,82228.25505600059,52.658240000003076
0,78,block_06_proj,block_06_residual1,1,host_fpga_pcie,FPGA_to_HOST,302592,82400.95038400061,82645.0440320006,244.09364799998778
1,77,block_06_attention,block_06_proj,1,gpu_host,GPU_to_HOST,302592,82400.95038400061,82421.83646400062,20.88608000000436
1,77,block_06_attention,block_06_proj,2,host_fpga_pcie,HOST_to_FPGA,302592,82421.83646400062,82655.4870720006,233.6506079999856
7,76,block_06_qkv,block_06_attention,2,gpu_host,HOST_to_GPU,907776,82637.53500800057,82706.07932800057,68.54432000000243
0,78,block_06_proj,block_06_residual1,2,gpu_host,HOST_to_GPU,302592,82645.0440320006,82681.8161920006,36.772160000003716
1,78,block_06_proj,block_06_residual1,1,host_fpga_pcie,FPGA_to_HOST,302592,82721.9932640006,82879.9679840006,157.97471999999536
2,77,block_06_attention,block_06_proj,1,gpu_host,GPU_to_HOST,302592,82721.9932640006,82742.87934400061,20.88608000000436
2,77,block_06_attention,block_06_proj,2,host_fpga_pcie,HOST_to_FPGA,302592,82742.87934400061,82900.85406400061,157.97471999999536
1,78,block_06_proj,block_06_residual1,2,gpu_host,HOST_to_GPU,302592,82879.9679840006,82900.85406400061,20.88608000000436
2,78,block_06_proj,block_06_residual1,1,host_fpga_pcie,FPGA_to_HOST,302592,82967.36025600061,83125.33497600061,157.97471999999536
3,77,block_06_attention,block_06_proj,1,gpu_host,GPU_to_HOST,302592,82967.36025600061,82988.24633600062,20.88608000000436
3,77,block_06_attention,block_06_proj,2,host_fpga_pcie,HOST_to_FPGA,302592,82988.24633600062,83146.2210560006,157.97471999999536
2,78,block_06_proj,block_06_residual1,2,gpu_host,HOST_to_GPU,302592,83125.33497600061,83146.2210560006,20.88608000000436
3,78,block_06_proj,block_06_residual1,1,host_fpga_pcie,FPGA_to_HOST,302592,83212.72724800062,83370.70196800062,157.97471999999536
4,77,block_06_attention,block_06_proj,1,gpu_host,GPU_to_HOST,302592,83212.72724800062,83233.61332800062,20.88608000000436
4,77,block_06_attention,block_06_proj,2,host_fpga_pcie,HOST_to_FPGA,302592,83233.61332800062,83391.58804800062,157.97471999999536
3,78,block_06_proj,block_06_residual1,2,gpu_host,HOST_to_GPU,302592,83370.70196800062,83391.58804800062,20.88608000000436
4,78,block_06_proj,block_06_residual1,1,host_fpga_pcie,FPGA_to_HOST,302592,83458.09424000063,83616.06896000062,157.97471999999536
5,77,block_06_attention,block_06_proj,1,gpu_host,GPU_to_HOST,302592,83458.09424000063,83478.98032000063,20.88608000000436
5,77,block_06_attention,block_06_proj,2,host_fpga_pcie,HOST_to_FPGA,302592,83478.98032000063,83636.95504000063,157.97471999999536
4,78,block_06_proj,block_06_residual1,2,gpu_host,HOST_to_GPU,302592,83616.06896000062,83636.95504000063,20.88608000000436
5,78,block_06_proj,block_06_residual1,1,host_fpga_pcie,FPGA_to_HOST,302592,83703.46123200063,83861.43595200063,157.97471999999536
6,77,block_06_attention,block_06_proj,1,gpu_host,GPU_to_HOST,302592,83703.46123200063,83724.34731200064,20.88608000000436
6,77,block_06_attention,block_06_proj,2,host_fpga_pcie,HOST_to_FPGA,302592,83724.34731200064,83882.32203200064,157.97471999999536
5,78,block_06_proj,block_06_residual1,2,gpu_host,HOST_to_GPU,302592,83861.43595200063,83882.32203200064,20.88608000000436
0,81,block_06_norm2,block_06_fc1,1,gpu_host,GPU_to_HOST,302592,83948.82822400064,83969.71430400065,20.88608000000436
6,78,block_06_proj,block_06_residual1,1,host_fpga_pcie,FPGA_to_HOST,302592,83948.82822400064,84106.80294400064,157.97471999999536
0,81,block_06_norm2,block_06_fc1,2,host_fpga_pcie,HOST_to_FPGA,302592,83969.71430400065,84127.68902400065,157.97471999999536
6,78,block_06_proj,block_06_residual1,2,gpu_host,HOST_to_GPU,302592,84106.80294400064,84127.68902400065,20.88608000000436
7,77,block_06_attention,block_06_proj,1,gpu_host,GPU_to_HOST,302592,84281.34171200065,84302.22779200066,20.88608000000436
7,77,block_06_attention,block_06_proj,2,host_fpga_pcie,HOST_to_FPGA,302592,84302.22779200066,84465.66363200065,163.43584000000357
0,82,block_06_fc1,block_06_gelu,1,host_fpga_pcie,FPGA_to_HOST,1210368,84317.65275200065,84878.24059200067,560.5878400000153
1,81,block_06_norm2,block_06_fc1,1,gpu_host,GPU_to_HOST,302592,84532.16982400067,84553.05590400066,20.88608000000436
7,78,block_06_proj,block_06_residual1,1,host_fpga_pcie,FPGA_to_HOST,302592,84532.16982400067,84780.01798400067,247.8481600000082
1,81,block_06_norm2,block_06_fc1,2,host_fpga_pcie,HOST_to_FPGA,302592,84553.05590400066,84800.90406400067,247.8481600000082
7,78,block_06_proj,block_06_residual1,2,gpu_host,HOST_to_GPU,302592,84780.01798400067,84800.90406400067,20.88608000000436
0,82,block_06_fc1,block_06_gelu,2,gpu_host,HOST_to_GPU,1210368,84878.24059200067,84946.78491200067,68.54432000000243
2,81,block_06_norm2,block_06_fc1,1,gpu_host,GPU_to_HOST,302592,84954.55675200069,84975.44283200068,20.88608000000436
2,81,block_06_norm2,block_06_fc1,2,host_fpga_pcie,HOST_to_FPGA,302592,84975.44283200068,85138.87867200069,163.43584000000357
1,82,block_06_fc1,block_06_gelu,1,host_fpga_pcie,FPGA_to_HOST,1210368,84990.86779200069,85503.23713600065,512.3693439999661
3,81,block_06_norm2,block_06_fc1,1,gpu_host,GPU_to_HOST,302592,85292.5313600007,85313.4174400007,20.88608000000436
3,81,block_06_norm2,block_06_fc1,2,host_fpga_pcie,HOST_to_FPGA,302592,85313.4174400007,85543.7431520007,230.32571199999018
2,82,block_06_fc1,block_06_gelu,1,host_fpga_pcie,FPGA_to_HOST,1210368,85328.8424000007,85884.96417600065,556.1217759999515
1,82,block_06_fc1,block_06_gelu,2,gpu_host,HOST_to_GPU,1210368,85503.23713600065,85571.78145600065,68.54432000000243
4,81,block_06_norm2,block_06_fc1,1,gpu_host,GPU_to_HOST,302592,85697.39584000071,85718.2819200007,20.88608000000436
4,81,block_06_norm2,block_06_fc1,2,host_fpga_pcie,HOST_to_FPGA,302592,85718.2819200007,85940.8951520007,222.61323199998517
3,82,block_06_fc1,block_06_gelu,1,host_fpga_pcie,FPGA_to_HOST,1210368,85733.70688000071,86282.11617600065,548.4092959999465
2,82,block_06_fc1,block_06_gelu,2,gpu_host,HOST_to_GPU,1210368,85884.96417600065,85953.50849600065,68.54432000000243
5,81,block_06_norm2,block_06_fc1,1,gpu_host,GPU_to_HOST,302592,86094.5478400007,86115.43392000071,20.88608000000436
5,81,block_06_norm2,block_06_fc1,2,host_fpga_pcie,HOST_to_FPGA,302592,86115.43392000071,86338.0471520007,222.61323199998517
4,82,block_06_fc1,block_06_gelu,1,host_fpga_pcie,FPGA_to_HOST,1210368,86130.8588800007,86679.26817600065,548.4092959999465
3,82,block_06_fc1,block_06_gelu,2,gpu_host,HOST_to_GPU,1210368,86282.11617600065,86350.66049600065,68.54432000000243
6,81,block_06_norm2,block_06_fc1,1,gpu_host,GPU_to_HOST,302592,86491.6998400007,86512.58592000071,20.88608000000436
6,81,block_06_norm2,block_06_fc1,2,host_fpga_pcie,HOST_to_FPGA,302592,86512.58592000071,86735.19915200068,222.61323199998517
5,82,block_06_fc1,block_06_gelu,1,host_fpga_pcie,FPGA_to_HOST,1210368,86528.0108800007,87076.42017600064,548.4092959999465
4,82,block_06_fc1,block_06_gelu,2,gpu_host,HOST_to_GPU,1210368,86679.26817600065,86747.81249600065,68.54432000000243
7,81,block_06_norm2,block_06_fc1,1,gpu_host,GPU_to_HOST,302592,86888.8518400007,86909.7379200007,20.88608000000436
7,81,block_06_norm2,block_06_fc1,2,host_fpga_pcie,HOST_to_FPGA,302592,86909.7379200007,87132.35115200069,222.61323199998517
6,82,block_06_fc1,block_06_gelu,1,host_fpga_pcie,FPGA_to_HOST,1210368,86925.1628800007,87416.16257600066,490.99969599995796
5,82,block_06_fc1,block_06_gelu,2,gpu_host,HOST_to_GPU,1210368,87076.42017600064,87144.96449600066,68.54432000000243
0,83,block_06_gelu,block_06_fc2,1,gpu_host,GPU_to_HOST,1210368,87322.31488000069,87390.8592000007,68.54432000000243
7,82,block_06_fc1,block_06_gelu,1,host_fpga_pcie,FPGA_to_HOST,1210368,87322.31488000069,87979.52587200068,657.2109919999874
0,83,block_06_gelu,block_06_fc2,2,host_fpga_pcie,HOST_to_FPGA,1210368,87390.8592000007,88013.79803200069,622.9388319999862
6,82,block_06_fc1,block_06_gelu,2,gpu_host,HOST_to_GPU,1210368,87416.16257600066,87484.70689600066,68.54432000000243
7,82,block_06_fc1,block_06_gelu,2,gpu_host,HOST_to_GPU,1210368,87979.52587200068,88048.07019200068,68.54432000000243
0,84,block_06_fc2,block_06_residual2,1,host_fpga_pcie,FPGA_to_HOST,302592,88203.76176000069,88303.19216000069,99.43040000000292
1,83,block_06_gelu,block_06_fc2,1,gpu_host,GPU_to_HOST,1210368,88240.0728000007,88309.0420800007,68.96927999999747
0,84,block_06_fc2,block_06_residual2,2,gpu_host,HOST_to_GPU,302592,88303.19216000069,88324.50320000069,21.311039999999394
1,83,block_06_gelu,block_06_fc2,2,host_fpga_pcie,HOST_to_FPGA,1210368,88309.0420800007,88646.7636800007,337.7216000000072
1,84,block_06_fc2,block_06_residual2,1,host_fpga_pcie,FPGA_to_HOST,302592,88836.7274080007,88936.15780800072,99.43040000000292
2,83,block_06_gelu,block_06_fc2,1,gpu_host,GPU_to_HOST,1210368,88873.0384480007,88942.00772800071,68.96927999999747
1,84,block_06_fc2,block_06_residual2,2,gpu_host,HOST_to_GPU,302592,88936.15780800072,88957.4688480007,21.311039999999394
2,83,block_06_gelu,block_06_fc2,2,host_fpga_pcie,HOST_to_FPGA,1210368,88942.00772800071,89279.72932800071,337.7216000000072
2,84,block_06_fc2,block_06_residual2,1,host_fpga_pcie,FPGA_to_HOST,302592,89469.69305600072,89569.12345600073,99.43040000000292
3,83,block_06_gelu,block_06_fc2,1,gpu_host,GPU_to_HOST,1210368,89506.00409600072,89574.97337600072,68.96927999999747
2,84,block_06_fc2,block_06_residual2,2,gpu_host,HOST_to_GPU,302592,89569.12345600073,89590.43449600073,21.311039999999394
3,83,block_06_gelu,block_06_fc2,2,host_fpga_pcie,HOST_to_FPGA,1210368,89574.97337600072,89912.69497600073,337.7216000000072
3,84,block_06_fc2,block_06_residual2,1,host_fpga_pcie,FPGA_to_HOST,302592,90102.65870400073,90202.08910400074,99.43040000000292
4,83,block_06_gelu,block_06_fc2,1,gpu_host,GPU_to_HOST,1210368,90138.96974400073,90207.93902400073,68.96927999999747
3,84,block_06_fc2,block_06_residual2,2,gpu_host,HOST_to_GPU,302592,90202.08910400074,90223.40014400074,21.311039999999394
4,83,block_06_gelu,block_06_fc2,2,host_fpga_pcie,HOST_to_FPGA,1210368,90207.93902400073,90545.66062400074,337.7216000000072
4,84,block_06_fc2,block_06_residual2,1,host_fpga_pcie,FPGA_to_HOST,302592,90735.62435200076,90835.05475200075,99.43040000000292
5,83,block_06_gelu,block_06_fc2,1,gpu_host,GPU_to_HOST,1210368,90771.93539200076,90840.90467200075,68.96927999999747
4,84,block_06_fc2,block_06_residual2,2,gpu_host,HOST_to_GPU,302592,90835.05475200075,90856.36579200075,21.311039999999394
5,83,block_06_gelu,block_06_fc2,2,host_fpga_pcie,HOST_to_FPGA,1210368,90840.90467200075,91178.62627200075,337.7216000000072
5,84,block_06_fc2,block_06_residual2,1,host_fpga_pcie,FPGA_to_HOST,302592,91368.59000000077,91468.02040000077,99.43040000000292
6,83,block_06_gelu,block_06_fc2,1,gpu_host,GPU_to_HOST,1210368,91404.90104000077,91473.87032000076,68.96927999999747
5,84,block_06_fc2,block_06_residual2,2,gpu_host,HOST_to_GPU,302592,91468.02040000077,91489.33144000077,21.311039999999394
6,83,block_06_gelu,block_06_fc2,2,host_fpga_pcie,HOST_to_FPGA,1210368,91473.87032000076,91811.59192000076,337.7216000000072
6,84,block_06_fc2,block_06_residual2,1,host_fpga_pcie,FPGA_to_HOST,302592,92001.55564800078,92100.98604800078,99.43040000000292
7,83,block_06_gelu,block_06_fc2,1,gpu_host,GPU_to_HOST,1210368,92037.86668800078,92106.83596800077,68.96927999999747
6,84,block_06_fc2,block_06_residual2,2,gpu_host,HOST_to_GPU,302592,92100.98604800078,92122.29708800078,21.311039999999394
7,83,block_06_gelu,block_06_fc2,2,host_fpga_pcie,HOST_to_FPGA,1210368,92106.83596800077,92444.55756800078,337.7216000000072
0,87,block_07_norm1,block_07_qkv,1,gpu_host,GPU_to_HOST,302592,92634.52129600079,92655.40737600079,20.88608000000436
7,84,block_06_fc2,block_06_residual2,1,host_fpga_pcie,FPGA_to_HOST,302592,92634.52129600079,92792.49601600079,157.97471999999536
0,87,block_07_norm1,block_07_qkv,2,host_fpga_pcie,HOST_to_FPGA,302592,92655.40737600079,92813.38209600079,157.97471999999536
7,84,block_06_fc2,block_06_residual2,2,gpu_host,HOST_to_GPU,302592,92792.49601600079,92813.38209600079,20.88608000000436
1,87,block_07_norm1,block_07_qkv,1,gpu_host,GPU_to_HOST,302592,92937.9859520008,92958.8720320008,20.88608000000436
1,87,block_07_norm1,block_07_qkv,2,host_fpga_pcie,HOST_to_FPGA,302592,92958.8720320008,93134.4115520008,175.53952000000373
0,88,block_07_qkv,block_07_attention,1,host_fpga_pcie,FPGA_to_HOST,907776,92962.1933120008,93296.5936320008,334.40032000001116
2,87,block_07_norm1,block_07_qkv,1,gpu_host,GPU_to_HOST,302592,93259.01540800082,93279.90148800082,20.88608000000436
2,87,block_07_norm1,block_07_qkv,2,host_fpga_pcie,HOST_to_FPGA,302592,93279.90148800082,93455.44100800082,175.53952000000373
1,88,block_07_qkv,block_07_attention,1,host_fpga_pcie,FPGA_to_HOST,907776,93283.22276800082,93617.62308800082,334.40032000001116
0,88,block_07_qkv,block_07_attention,2,gpu_host,HOST_to_GPU,907776,93296.5936320008,93349.25187200081,52.658240000003076
3,87,block_07_norm1,block_07_qkv,1,gpu_host,GPU_to_HOST,302592,93580.04486400083,93600.93094400084,20.88608000000436
3,87,block_07_norm1,block_07_qkv,2,host_fpga_pcie,HOST_to_FPGA,302592,93600.93094400084,93776.47046400084,175.53952000000373
2,88,block_07_qkv,block_07_attention,1,host_fpga_pcie,FPGA_to_HOST,907776,93604.25222400083,93938.65254400084,334.40032000001116
1,88,block_07_qkv,block_07_attention,2,gpu_host,HOST_to_GPU,907776,93617.62308800082,93670.28132800083,52.658240000003076
4,87,block_07_norm1,block_07_qkv,1,gpu_host,GPU_to_HOST,302592,93901.07432000084,93921.96040000085,20.88608000000436
4,87,block_07_norm1,block_07_qkv,2,host_fpga_pcie,HOST_to_FPGA,302592,93921.96040000085,94097.49992000086,175.53952000000373
3,88,block_07_qkv,block_07_attention,1,host_fpga_pcie,FPGA_to_HOST,907776,93925.28168000084,94259.68200000086,334.40032000001116
2,88,block_07_qkv,block_07_attention,2,gpu_host,HOST_to_GPU,907776,93938.65254400084,93991.31078400085,52.658240000003076
5,87,block_07_norm1,block_07_qkv,1,gpu_host,GPU_to_HOST,302592,94222.10377600086,94242.98985600087,20.88608000000436
5,87,block_07_norm1,block_07_qkv,2,host_fpga_pcie,HOST_to_FPGA,302592,94242.98985600087,94418.52937600086,175.53952000000373
4,88,block_07_qkv,block_07_attention,1,host_fpga_pcie,FPGA_to_HOST,907776,94246.31113600086,94580.71145600088,334.40032000001116
3,88,block_07_qkv,block_07_attention,2,gpu_host,HOST_to_GPU,907776,94259.68200000086,94312.34024000086,52.658240000003076
6,87,block_07_norm1,block_07_qkv,1,gpu_host,GPU_to_HOST,302592,94543.13323200088,94564.01931200088,20.88608000000436
6,87,block_07_norm1,block_07_qkv,2,host_fpga_pcie,HOST_to_FPGA,302592,94564.01931200088,94739.55883200088,175.53952000000373
5,88,block_07_qkv,block_07_attention,1,host_fpga_pcie,FPGA_to_HOST,907776,94567.34059200088,94901.7409120009,334.40032000001116
4,88,block_07_qkv,block_07_attention,2,gpu_host,HOST_to_GPU,907776,94580.71145600088,94633.36969600088,52.658240000003076
7,87,block_07_norm1,block_07_qkv,1,gpu_host,GPU_to_HOST,302592,94864.1626880009,94885.0487680009,20.88608000000436
7,87,block_07_norm1,block_07_qkv,2,host_fpga_pcie,HOST_to_FPGA,302592,94885.0487680009,95060.5882880009,175.53952000000373
6,88,block_07_qkv,block_07_attention,1,host_fpga_pcie,FPGA_to_HOST,907776,94888.3700480009,95222.7703680009,334.40032000001116
5,88,block_07_qkv,block_07_attention,2,gpu_host,HOST_to_GPU,907776,94901.7409120009,94954.39915200089,52.658240000003076
0,89,block_07_attention,block_07_proj,1,gpu_host,GPU_to_HOST,302592,95185.19214400092,95206.07822400091,20.88608000000436
0,89,block_07_attention,block_07_proj,2,host_fpga_pcie,HOST_to_FPGA,302592,95206.07822400091,95381.61774400092,175.53952000000373
7,88,block_07_qkv,block_07_attention,1,host_fpga_pcie,FPGA_to_HOST,907776,95209.39950400092,95684.70856000089,475.3090559999756
6,88,block_07_qkv,block_07_attention,2,gpu_host,HOST_to_GPU,907776,95222.7703680009,95275.4286080009,52.658240000003076
0,90,block_07_proj,block_07_residual1,1,host_fpga_pcie,FPGA_to_HOST,302592,95448.12393600092,95692.21758400091,244.09364799998778
1,89,block_07_attention,block_07_proj,1,gpu_host,GPU_to_HOST,302592,95448.12393600092,95469.01001600093,20.88608000000436
1,89,block_07_attention,block_07_proj,2,host_fpga_pcie,HOST_to_FPGA,302592,95469.01001600093,95702.66062400091,233.6506079999856
7,88,block_07_qkv,block_07_attention,2,gpu_host,HOST_to_GPU,907776,95684.70856000089,95753.25288000089,68.54432000000243
0,90,block_07_proj,block_07_residual1,2,gpu_host,HOST_to_GPU,302592,95692.21758400091,95728.98974400092,36.772160000003716
1,90,block_07_proj,block_07_residual1,1,host_fpga_pcie,FPGA_to_HOST,302592,95769.16681600093,95927.14153600091,157.97471999999536
2,89,block_07_attention,block_07_proj,1,gpu_host,GPU_to_HOST,302592,95769.16681600093,95790.05289600093,20.88608000000436
2,89,block_07_attention,block_07_proj,2,host_fpga_pcie,HOST_to_FPGA,302592,95790.05289600093,95948.02761600092,157.97471999999536
1,90,block_07_proj,block_07_residual1,2,gpu_host,HOST_to_GPU,302592,95927.14153600091,95948.02761600092,20.88608000000436
2,90,block_07_proj,block_07_residual1,1,host_fpga_pcie,FPGA_to_HOST,302592,96014.53380800092,96172.50852800092,157.97471999999536
3,89,block_07_attention,block_07_proj,1,gpu_host,GPU_to_HOST,302592,96014.53380800092,96035.41988800094,20.88608000000436
3,89,block_07_attention,block_07_proj,2,host_fpga_pcie,HOST_to_FPGA,302592,96035.41988800094,96193.39460800093,157.97471999999536
2,90,block_07_proj,block_07_residual1,2,gpu_host,HOST_to_GPU,302592,96172.50852800092,96193.39460800093,20.88608000000436
3,90,block_07_proj,block_07_residual1,1,host_fpga_pcie,FPGA_to_HOST,302592,96259.90080000093,96417.87552000093,157.97471999999536
4,89,block_07_attention,block_07_proj,1,gpu_host,GPU_to_HOST,302592,96259.90080000093,96280.78688000095,20.88608000000436
4,89,block_07_attention,block_07_proj,2,host_fpga_pcie,HOST_to_FPGA,302592,96280.78688000095,96438.76160000093,157.97471999999536
3,90,block_07_proj,block_07_residual1,2,gpu_host,HOST_to_GPU,302592,96417.87552000093,96438.76160000093,20.88608000000436
4,90,block_07_proj,block_07_residual1,1,host_fpga_pcie,FPGA_to_HOST,302592,96505.26779200094,96663.24251200094,157.97471999999536
5,89,block_07_attention,block_07_proj,1,gpu_host,GPU_to_HOST,302592,96505.26779200094,96526.15387200094,20.88608000000436
5,89,block_07_attention,block_07_proj,2,host_fpga_pcie,HOST_to_FPGA,302592,96526.15387200094,96684.12859200094,157.97471999999536
4,90,block_07_proj,block_07_residual1,2,gpu_host,HOST_to_GPU,302592,96663.24251200094,96684.12859200094,20.88608000000436
5,90,block_07_proj,block_07_residual1,1,host_fpga_pcie,FPGA_to_HOST,302592,96750.63478400095,96908.60950400094,157.97471999999536
6,89,block_07_attention,block_07_proj,1,gpu_host,GPU_to_HOST,302592,96750.63478400095,96771.52086400095,20.88608000000436
6,89,block_07_attention,block_07_proj,2,host_fpga_pcie,HOST_to_FPGA,302592,96771.52086400095,96929.49558400095,157.97471999999536
5,90,block_07_proj,block_07_residual1,2,gpu_host,HOST_to_GPU,302592,96908.60950400094,96929.49558400095,20.88608000000436
0,93,block_07_norm2,block_07_fc1,1,gpu_host,GPU_to_HOST,302592,96996.00177600095,97016.88785600096,20.88608000000436
6,90,block_07_proj,block_07_residual1,1,host_fpga_pcie,FPGA_to_HOST,302592,96996.00177600095,97153.97649600095,157.97471999999536
0,93,block_07_norm2,block_07_fc1,2,host_fpga_pcie,HOST_to_FPGA,302592,97016.88785600096,97174.86257600096,157.97471999999536
6,90,block_07_proj,block_07_residual1,2,gpu_host,HOST_to_GPU,302592,97153.97649600095,97174.86257600096,20.88608000000436
7,89,block_07_attention,block_07_proj,1,gpu_host,GPU_to_HOST,302592,97328.51526400096,97349.40134400097,20.88608000000436
7,89,block_07_attention,block_07_proj,2,host_fpga_pcie,HOST_to_FPGA,302592,97349.40134400097,97512.83718400098,163.43584000000357
0,94,block_07_fc1,block_07_gelu,1,host_fpga_pcie,FPGA_to_HOST,1210368,97364.82630400096,97925.41414400098,560.5878400000153
1,93,block_07_norm2,block_07_fc1,1,gpu_host,GPU_to_HOST,302592,97579.34337600098,97600.22945600099,20.88608000000436
7,90,block_07_proj,block_07_residual1,1,host_fpga_pcie,FPGA_to_HOST,302592,97579.34337600098,97827.19153600099,247.8481600000082
1,93,block_07_norm2,block_07_fc1,2,host_fpga_pcie,HOST_to_FPGA,302592,97600.22945600099,97848.077616001,247.8481600000082
7,90,block_07_proj,block_07_residual1,2,gpu_host,HOST_to_GPU,302592,97827.19153600099,97848.077616001,20.88608000000436
0,94,block_07_fc1,block_07_gelu,2,gpu_host,HOST_to_GPU,1210368,97925.41414400098,97993.95846400099,68.54432000000243
2,93,block_07_norm2,block_07_fc1,1,gpu_host,GPU_to_HOST,302592,98001.730304001,98022.616384001,20.88608000000436
2,93,block_07_norm2,block_07_fc1,2,host_fpga_pcie,HOST_to_FPGA,302592,98022.616384001,98186.052224001,163.43584000000357
1,94,block_07_fc1,block_07_gelu,1,host_fpga_pcie,FPGA_to_HOST,1210368,98038.041344001,98550.41068800096,512.3693439999661
3,93,block_07_norm2,block_07_fc1,1,gpu_host,GPU_to_HOST,302592,98339.70491200102,98360.59099200102,20.88608000000436
3,93,block_07_norm2,block_07_fc1,2,host_fpga_pcie,HOST_to_FPGA,302592,98360.59099200102,98590.916704001,230.32571199999018
2,94,block_07_fc1,block_07_gelu,1,host_fpga_pcie,FPGA_to_HOST,1210368,98376.01595200102,98932.13772800096,556.1217759999515
1,94,block_07_fc1,block_07_gelu,2,gpu_host,HOST_to_GPU,1210368,98550.41068800096,98618.95500800096,68.54432000000243
4,93,block_07_norm2,block_07_fc1,1,gpu_host,GPU_to_HOST,302592,98744.56939200102,98765.45547200102,20.88608000000436
4,93,block_07_norm2,block_07_fc1,2,host_fpga_pcie,HOST_to_FPGA,302592,98765.45547200102,98988.06870400101,222.61323199998517
3,94,block_07_fc1,block_07_gelu,1,host_fpga_pcie,FPGA_to_HOST,1210368,98780.88043200102,99329.28972800096,548.4092959999465
2,94,block_07_fc1,block_07_gelu,2,gpu_host,HOST_to_GPU,1210368,98932.13772800096,99000.68204800098,68.54432000000243
5,93,block_07_norm2,block_07_fc1,1,gpu_host,GPU_to_HOST,302592,99141.72139200101,99162.60747200102,20.88608000000436
5,93,block_07_norm2,block_07_fc1,2,host_fpga_pcie,HOST_to_FPGA,302592,99162.60747200102,99385.22070400101,222.61323199998517
4,94,block_07_fc1,block_07_gelu,1,host_fpga_pcie,FPGA_to_HOST,1210368,99178.03243200101,99726.44172800097,548.4092959999465
3,94,block_07_fc1,block_07_gelu,2,gpu_host,HOST_to_GPU,1210368,99329.28972800096,99397.83404800096,68.54432000000243
6,93,block_07_norm2,block_07_fc1,1,gpu_host,GPU_to_HOST,302592,99538.87339200101,99559.75947200102,20.88608000000436
6,93,block_07_norm2,block_07_fc1,2,host_fpga_pcie,HOST_to_FPGA,302592,99559.75947200102,99782.372704001,222.61323199998517
5,94,block_07_fc1,block_07_gelu,1,host_fpga_pcie,FPGA_to_HOST,1210368,99575.18443200101,100123.59372800097,548.4092959999465
4,94,block_07_fc1,block_07_gelu,2,gpu_host,HOST_to_GPU,1210368,99726.44172800097,99794.98604800097,68.54432000000243
7,93,block_07_norm2,block_07_fc1,1,gpu_host,GPU_to_HOST,302592,99936.02539200101,99956.91147200101,20.88608000000436
7,93,block_07_norm2,block_07_fc1,2,host_fpga_pcie,HOST_to_FPGA,302592,99956.91147200101,100179.524704001,222.61323199998517
6,94,block_07_fc1,block_07_gelu,1,host_fpga_pcie,FPGA_to_HOST,1210368,99972.33643200102,100463.33612800097,490.99969599995796
5,94,block_07_fc1,block_07_gelu,2,gpu_host,HOST_to_GPU,1210368,100123.59372800097,100192.13804800097,68.54432000000243
0,95,block_07_gelu,block_07_fc2,1,gpu_host,GPU_to_HOST,1210368,100369.48843200102,100438.03275200102,68.54432000000243
7,94,block_07_fc1,block_07_gelu,1,host_fpga_pcie,FPGA_to_HOST,1210368,100369.48843200102,101026.699424001,657.2109919999874
0,95,block_07_gelu,block_07_fc2,2,host_fpga_pcie,HOST_to_FPGA,1210368,100438.03275200102,101060.971584001,622.9388319999862
6,94,block_07_fc1,block_07_gelu,2,gpu_host,HOST_to_GPU,1210368,100463.33612800097,100531.88044800097,68.54432000000243
7,94,block_07_fc1,block_07_gelu,2,gpu_host,HOST_to_GPU,1210368,101026.699424001,101095.243744001,68.54432000000243
0,96,block_07_fc2,block_07_residual2,1,host_fpga_pcie,FPGA_to_HOST,302592,101250.935312001,101350.36571200102,99.43040000000292
1,95,block_07_gelu,block_07_fc2,1,gpu_host,GPU_to_HOST,1210368,101287.246352001,101356.21563200101,68.96927999999747
0,96,block_07_fc2,block_07_residual2,2,gpu_host,HOST_to_GPU,302592,101350.36571200102,101371.67675200102,21.311039999999394
1,95,block_07_gelu,block_07_fc2,2,host_fpga_pcie,HOST_to_FPGA,1210368,101356.21563200101,101693.93723200102,337.7216000000072
1,96,block_07_fc2,block_07_residual2,1,host_fpga_pcie,FPGA_to_HOST,302592,101883.90096000102,101983.33136000103,99.43040000000292
2,95,block_07_gelu,block_07_fc2,1,gpu_host,GPU_to_HOST,1210368,101920.21200000102,101989.18128000102,68.96927999999747
1,96,block_07_fc2,block_07_residual2,2,gpu_host,HOST_to_GPU,302592,101983.33136000103,102004.64240000103,21.311039999999394
2,95,block_07_gelu,block_07_fc2,2,host_fpga_pcie,HOST_to_FPGA,1210368,101989.18128000102,102326.90288000103,337.7216000000072
2,96,block_07_fc2,block_07_residual2,1,host_fpga_pcie,FPGA_to_HOST,302592,102516.86660800103,102616.29700800104,99.43040000000292
3,95,block_07_gelu,block_07_fc2,1,gpu_host,GPU_to_HOST,1210368,102553.17764800103,102622.14692800104,68.96927999999747
2,96,block_07_fc2,block_07_residual2,2,gpu_host,HOST_to_GPU,302592,102616.29700800104,102637.60804800104,21.311039999999394
3,95,block_07_gelu,block_07_fc2,2,host_fpga_pcie,HOST_to_FPGA,1210368,102622.14692800104,102959.86852800104,337.7216000000072
3,96,block_07_fc2,block_07_residual2,1,host_fpga_pcie,FPGA_to_HOST,302592,103149.83225600106,103249.26265600105,99.43040000000292
4,95,block_07_gelu,block_07_fc2,1,gpu_host,GPU_to_HOST,1210368,103186.14329600106,103255.11257600105,68.96927999999747
3,96,block_07_fc2,block_07_residual2,2,gpu_host,HOST_to_GPU,302592,103249.26265600105,103270.57369600105,21.311039999999394
4,95,block_07_gelu,block_07_fc2,2,host_fpga_pcie,HOST_to_FPGA,1210368,103255.11257600105,103592.83417600105,337.7216000000072
4,96,block_07_fc2,block_07_residual2,1,host_fpga_pcie,FPGA_to_HOST,302592,103782.79790400107,103882.22830400107,99.43040000000292
5,95,block_07_gelu,block_07_fc2,1,gpu_host,GPU_to_HOST,1210368,103819.10894400107,103888.07822400106,68.96927999999747
4,96,block_07_fc2,block_07_residual2,2,gpu_host,HOST_to_GPU,302592,103882.22830400107,103903.53934400107,21.311039999999394
5,95,block_07_gelu,block_07_fc2,2,host_fpga_pcie,HOST_to_FPGA,1210368,103888.07822400106,104225.79982400106,337.7216000000072
5,96,block_07_fc2,block_07_residual2,1,host_fpga_pcie,FPGA_to_HOST,302592,104415.76355200108,104515.19395200108,99.43040000000292
6,95,block_07_gelu,block_07_fc2,1,gpu_host,GPU_to_HOST,1210368,104452.07459200108,104521.04387200107,68.96927999999747
5,96,block_07_fc2,block_07_residual2,2,gpu_host,HOST_to_GPU,302592,104515.19395200108,104536.50499200108,21.311039999999394
6,95,block_07_gelu,block_07_fc2,2,host_fpga_pcie,HOST_to_FPGA,1210368,104521.04387200107,104858.76547200109,337.7216000000072
6,96,block_07_fc2,block_07_residual2,1,host_fpga_pcie,FPGA_to_HOST,302592,105048.7292000011,105148.15960000109,99.43040000000292
7,95,block_07_gelu,block_07_fc2,1,gpu_host,GPU_to_HOST,1210368,105085.0402400011,105154.00952000108,68.96927999999747
6,96,block_07_fc2,block_07_residual2,2,gpu_host,HOST_to_GPU,302592,105148.15960000109,105169.47064000109,21.311039999999394
7,95,block_07_gelu,block_07_fc2,2,host_fpga_pcie,HOST_to_FPGA,1210368,105154.00952000108,105491.7311200011,337.7216000000072
0,99,block_08_norm1,block_08_qkv,1,gpu_host,GPU_to_HOST,302592,105681.6948480011,105702.58092800112,20.88608000000436
7,96,block_07_fc2,block_07_residual2,1,host_fpga_pcie,FPGA_to_HOST,302592,105681.6948480011,105839.6695680011,157.97471999999536
0,99,block_08_norm1,block_08_qkv,2,host_fpga_pcie,HOST_to_FPGA,302592,105702.58092800112,105860.5556480011,157.97471999999536
7,96,block_07_fc2,block_07_residual2,2,gpu_host,HOST_to_GPU,302592,105839.6695680011,105860.5556480011,20.88608000000436
1,99,block_08_norm1,block_08_qkv,1,gpu_host,GPU_to_HOST,302592,105985.15950400112,106006.04558400111,20.88608000000436
1,99,block_08_norm1,block_08_qkv,2,host_fpga_pcie,HOST_to_FPGA,302592,106006.04558400111,106181.58510400112,175.53952000000373
0,100,block_08_qkv,block_08_attention,1,host_fpga_pcie,FPGA_to_HOST,907776,106009.36686400112,106343.76718400113,334.40032000001116
2,99,block_08_norm1,block_08_qkv,1,gpu_host,GPU_to_HOST,302592,106306.18896000113,106327.07504000113,20.88608000000436
2,99,block_08_norm1,block_08_qkv,2,host_fpga_pcie,HOST_to_FPGA,302592,106327.07504000113,106502.61456000114,175.53952000000373
1,100,block_08_qkv,block_08_attention,1,host_fpga_pcie,FPGA_to_HOST,907776,106330.39632000113,106664.79664000114,334.40032000001116
0,100,block_08_qkv,block_08_attention,2,gpu_host,HOST_to_GPU,907776,106343.76718400113,106396.42542400112,52.658240000003076
3,99,block_08_norm1,block_08_qkv,1,gpu_host,GPU_to_HOST,302592,106627.21841600115,106648.10449600115,20.88608000000436
3,99,block_08_norm1,block_08_qkv,2,host_fpga_pcie,HOST_to_FPGA,302592,106648.10449600115,106823.64401600116,175.53952000000373
2,100,block_08_qkv,block_08_attention,1,host_fpga_pcie,FPGA_to_HOST,907776,106651.42577600115,106985.82609600115,334.40032000001116
1,100,block_08_qkv,block_08_attention,2,gpu_host,HOST_to_GPU,907776,106664.79664000114,106717.45488000114,52.658240000003076
4,99,block_08_norm1,block_08_qkv,1,gpu_host,GPU_to_HOST,302592,106948.24787200116,106969.13395200117,20.88608000000436
4,99,block_08_norm1,block_08_qkv,2,host_fpga_pcie,HOST_to_FPGA,302592,106969.13395200117,107144.67347200117,175.53952000000373
3,100,block_08_qkv,block_08_attention,1,host_fpga_pcie,FPGA_to_HOST,907776,106972.45523200116,107306.85555200117,334.40032000001116
2,100,block_08_qkv,block_08_attention,2,gpu_host,HOST_to_GPU,907776,106985.82609600115,107038.48433600116,52.658240000003076
5,99,block_08_norm1,block_08_qkv,1,gpu_host,GPU_to_HOST,302592,107269.27732800118,107290.16340800119,20.88608000000436
5,99,block_08_norm1,block_08_qkv,2,host_fpga_pcie,HOST_to_FPGA,302592,107290.16340800119,107465.70292800119,175.53952000000373
4,100,block_08_qkv,block_08_attention,1,host_fpga_pcie,FPGA_to_HOST,907776,107293.48468800118,107627.88500800119,334.40032000001116
3,100,block_08_qkv,block_08_attention,2,gpu_host,HOST_to_GPU,907776,107306.85555200117,107359.51379200118,52.658240000003076
6,99,block_08_norm1,block_08_qkv,1,gpu_host,GPU_to_HOST,302592,107590.3067840012,107611.1928640012,20.88608000000436
6,99,block_08_norm1,block_08_qkv,2,host_fpga_pcie,HOST_to_FPGA,302592,107611.1928640012,107786.7323840012,175.53952000000373
5,100,block_08_qkv,block_08_attention,1,host_fpga_pcie,FPGA_to_HOST,907776,107614.5141440012,107948.91446400121,334.40032000001116
4,100,block_08_qkv,block_08_attention,2,gpu_host,HOST_to_GPU,907776,107627.88500800119,107680.5432480012,52.658240000003076
7,99,block_08_norm1,block_08_qkv,1,gpu_host,GPU_to_HOST,302592,107911.33624000121,107932.22232000121,20.88608000000436
7,99,block_08_norm1,block_08_qkv,2,host_fpga_pcie,HOST_to_FPGA,302592,107932.22232000121,108107.76184000121,175.53952000000373
6,100,block_08_qkv,block_08_attention,1,host_fpga_pcie,FPGA_to_HOST,907776,107935.54360000121,108269.94392000123,334.40032000001116
5,100,block_08_qkv,block_08_attention,2,gpu_host,HOST_to_GPU,907776,107948.91446400121,108001.57270400121,52.658240000003076
0,101,block_08_attention,block_08_proj,1,gpu_host,GPU_to_HOST,302592,108232.36569600123,108253.25177600123,20.88608000000436
0,101,block_08_attention,block_08_proj,2,host_fpga_pcie,HOST_to_FPGA,302592,108253.25177600123,108428.79129600123,175.53952000000373
7,100,block_08_qkv,block_08_attention,1,host_fpga_pcie,FPGA_to_HOST,907776,108256.57305600123,108731.8821120012,475.3090559999756
6,100,block_08_qkv,block_08_attention,2,gpu_host,HOST_to_GPU,907776,108269.94392000123,108322.60216000123,52.658240000003076
0,102,block_08_proj,block_08_residual1,1,host_fpga_pcie,FPGA_to_HOST,302592,108495.29748800125,108739.39113600123,244.09364799998778
1,101,block_08_attention,block_08_proj,1,gpu_host,GPU_to_HOST,302592,108495.29748800125,108516.18356800124,20.88608000000436
1,101,block_08_attention,block_08_proj,2,host_fpga_pcie,HOST_to_FPGA,302592,108516.18356800124,108749.83417600123,233.6506079999856
7,100,block_08_qkv,block_08_attention,2,gpu_host,HOST_to_GPU,907776,108731.8821120012,108800.4264320012,68.54432000000243
0,102,block_08_proj,block_08_residual1,2,gpu_host,HOST_to_GPU,302592,108739.39113600123,108776.16329600124,36.772160000003716
1,102,block_08_proj,block_08_residual1,1,host_fpga_pcie,FPGA_to_HOST,302592,108816.34036800124,108974.31508800124,157.97471999999536
2,101,block_08_attention,block_08_proj,1,gpu_host,GPU_to_HOST,302592,108816.34036800124,108837.22644800124,20.88608000000436
2,101,block_08_attention,block_08_proj,2,host_fpga_pcie,HOST_to_FPGA,302592,108837.22644800124,108995.20116800124,157.97471999999536
1,102,block_08_proj,block_08_residual1,2,gpu_host,HOST_to_GPU,302592,108974.31508800124,108995.20116800124,20.88608000000436
2,102,block_08_proj,block_08_residual1,1,host_fpga_pcie,FPGA_to_HOST,302592,109061.70736000125,109219.68208000124,157.97471999999536
3,101,block_08_attention,block_08_proj,1,gpu_host,GPU_to_HOST,302592,109061.70736000125,109082.59344000125,20.88608000000436
3,101,block_08_attention,block_08_proj,2,host_fpga_pcie,HOST_to_FPGA,302592,109082.59344000125,109240.56816000125,157.97471999999536
2,102,block_08_proj,block_08_residual1,2,gpu_host,HOST_to_GPU,302592,109219.68208000124,109240.56816000125,20.88608000000436
3,102,block_08_proj,block_08_residual1,1,host_fpga_pcie,FPGA_to_HOST,302592,109307.07435200125,109465.04907200125,157.97471999999536
4,101,block_08_attention,block_08_proj,1,gpu_host,GPU_to_HOST,302592,109307.07435200125,109327.96043200126,20.88608000000436
4,101,block_08_attention,block_08_proj,2,host_fpga_pcie,HOST_to_FPGA,302592,109327.96043200126,109485.93515200126,157.97471999999536
3,102,block_08_proj,block_08_residual1,2,gpu_host,HOST_to_GPU,302592,109465.04907200125,109485.93515200126,20.88608000000436
4,102,block_08_proj,block_08_residual1,1,host_fpga_pcie,FPGA_to_HOST,302592,109552.44134400126,109710.41606400126,157.97471999999536
5,101,block_08_attention,block_08_proj,1,gpu_host,GPU_to_HOST,302592,109552.44134400126,109573.32742400127,20.88608000000436
5,101,block_08_attention,block_08_proj,2,host_fpga_pcie,HOST_to_FPGA,302592,109573.32742400127,109731.30214400125,157.97471999999536
4,102,block_08_proj,block_08_residual1,2,gpu_host,HOST_to_GPU,302592,109710.41606400126,109731.30214400125,20.88608000000436
5,102,block_08_proj,block_08_residual1,1,host_fpga_pcie,FPGA_to_HOST,302592,109797.80833600127,109955.78305600127,157.97471999999536
6,101,block_08_attention,block_08_proj,1,gpu_host,GPU_to_HOST,302592,109797.80833600127,109818.69441600126,20.88608000000436
6,101,block_08_attention,block_08_proj,2,host_fpga_pcie,HOST_to_FPGA,302592,109818.69441600126,109976.66913600126,157.97471999999536
5,102,block_08_proj,block_08_residual1,2,gpu_host,HOST_to_GPU,302592,109955.78305600127,109976.66913600126,20.88608000000436
0,105,block_08_norm2,block_08_fc1,1,gpu_host,GPU_to_HOST,302592,110043.17532800128,110064.06140800127,20.88608000000436
6,102,block_08_proj,block_08_residual1,1,host_fpga_pcie,FPGA_to_HOST,302592,110043.17532800128,110201.15004800126,157.97471999999536
0,105,block_08_norm2,block_08_fc1,2,host_fpga_pcie,HOST_to_FPGA,302592,110064.06140800127,110222.03612800127,157.97471999999536
6,102,block_08_proj,block_08_residual1,2,gpu_host,HOST_to_GPU,302592,110201.15004800126,110222.03612800127,20.88608000000436
7,101,block_08_attention,block_08_proj,1,gpu_host,GPU_to_HOST,302592,110375.68881600127,110396.57489600129,20.88608000000436
7,101,block_08_attention,block_08_proj,2,host_fpga_pcie,HOST_to_FPGA,302592,110396.57489600129,110560.01073600129,163.43584000000357
0,106,block_08_fc1,block_08_gelu,1,host_fpga_pcie,FPGA_to_HOST,1210368,110411.99985600128,110972.5876960013,560.5878400000153
1,105,block_08_norm2,block_08_fc1,1,gpu_host,GPU_to_HOST,302592,110626.51692800129,110647.4030080013,20.88608000000436
7,102,block_08_proj,block_08_residual1,1,host_fpga_pcie,FPGA_to_HOST,302592,110626.51692800129,110874.3650880013,247.8481600000082
1,105,block_08_norm2,block_08_fc1,2,host_fpga_pcie,HOST_to_FPGA,302592,110647.4030080013,110895.25116800131,247.8481600000082
7,102,block_08_proj,block_08_residual1,2,gpu_host,HOST_to_GPU,302592,110874.3650880013,110895.25116800131,20.88608000000436
0,106,block_08_fc1,block_08_gelu,2,gpu_host,HOST_to_GPU,1210368,110972.5876960013,111041.1320160013,68.54432000000243
2,105,block_08_norm2,block_08_fc1,1,gpu_host,GPU_to_HOST,302592,111048.90385600131,111069.78993600133,20.88608000000436
2,105,block_08_norm2,block_08_fc1,2,host_fpga_pcie,HOST_to_FPGA,302592,111069.78993600133,111233.22577600133,163.43584000000357
1,106,block_08_fc1,block_08_gelu,1,host_fpga_pcie,FPGA_to_HOST,1210368,111085.21489600131,111597.58424000128,512.3693439999661
3,105,block_08_norm2,block_08_fc1,1,gpu_host,GPU_to_HOST,302592,111386.87846400133,111407.76454400133,20.88608000000436
3,105,block_08_norm2,block_08_fc1,2,host_fpga_pcie,HOST_to_FPGA,302592,111407.76454400133,111638.09025600132,230.32571199999018
2,106,block_08_fc1,block_08_gelu,1,host_fpga_pcie,FPGA_to_HOST,1210368,111423.18950400133,111979.31128000129,556.1217759999515
1,106,block_08_fc1,block_08_gelu,2,gpu_host,HOST_to_GPU,1210368,111597.58424000128,111666.12856000128,68.54432000000243
4,105,block_08_norm2,block_08_fc1,1,gpu_host,GPU_to_HOST,302592,111791.74294400134,111812.62902400133,20.88608000000436
4,105,block_08_norm2,block_08_fc1,2,host_fpga_pcie,HOST_to_FPGA,302592,111812.62902400133,112035.24225600132,222.61323199998517
3,106,block_08_fc1,block_08_gelu,1,host_fpga_pcie,FPGA_to_HOST,1210368,111828.05398400134,112376.46328000128,548.4092959999465
2,106,block_08_fc1,block_08_gelu,2,gpu_host,HOST_to_GPU,1210368,111979.31128000129,112047.85560000129,68.54432000000243
5,105,block_08_norm2,block_08_fc1,1,gpu_host,GPU_to_HOST,302592,112188.89494400134,112209.78102400134,20.88608000000436
5,105,block_08_norm2,block_08_fc1,2,host_fpga_pcie,HOST_to_FPGA,302592,112209.78102400134,112432.39425600132,222.61323199998517
4,106,block_08_fc1,block_08_gelu,1,host_fpga_pcie,FPGA_to_HOST,1210368,112225.20598400134,112773.61528000128,548.4092959999465
3,106,block_08_fc1,block_08_gelu,2,gpu_host,HOST_to_GPU,1210368,112376.46328000128,112445.00760000128,68.54432000000243
6,105,block_08_norm2,block_08_fc1,1,gpu_host,GPU_to_HOST,302592,112586.04694400133,112606.93302400134,20.88608000000436
6,105,block_08_norm2,block_08_fc1,2,host_fpga_pcie,HOST_to_FPGA,302592,112606.93302400134,112829.54625600133,222.61323199998517
5,106,block_08_fc1,block_08_gelu,1,host_fpga_pcie,FPGA_to_HOST,1210368,112622.35798400133,113170.76728000128,548.4092959999465
4,106,block_08_fc1,block_08_gelu,2,gpu_host,HOST_to_GPU,1210368,112773.61528000128,112842.15960000128,68.54432000000243
7,105,block_08_norm2,block_08_fc1,1,gpu_host,GPU_to_HOST,302592,112983.19894400133,113004.08502400134,20.88608000000436
7,105,block_08_norm2,block_08_fc1,2,host_fpga_pcie,HOST_to_FPGA,302592,113004.08502400134,113226.69825600131,222.61323199998517
6,106,block_08_fc1,block_08_gelu,1,host_fpga_pcie,FPGA_to_HOST,1210368,113019.50998400133,113510.50968000128,490.99969599995796
5,106,block_08_fc1,block_08_gelu,2,gpu_host,HOST_to_GPU,1210368,113170.76728000128,113239.31160000128,68.54432000000243
0,107,block_08_gelu,block_08_fc2,1,gpu_host,GPU_to_HOST,1210368,113416.66198400133,113485.20630400133,68.54432000000243
7,106,block_08_fc1,block_08_gelu,1,host_fpga_pcie,FPGA_to_HOST,1210368,113416.66198400133,114073.87297600131,657.2109919999874
0,107,block_08_gelu,block_08_fc2,2,host_fpga_pcie,HOST_to_FPGA,1210368,113485.20630400133,114108.14513600132,622.9388319999862
6,106,block_08_fc1,block_08_gelu,2,gpu_host,HOST_to_GPU,1210368,113510.50968000128,113579.05400000128,68.54432000000243
7,106,block_08_fc1,block_08_gelu,2,gpu_host,HOST_to_GPU,1210368,114073.87297600131,114142.41729600132,68.54432000000243
0,108,block_08_fc2,block_08_residual2,1,host_fpga_pcie,FPGA_to_HOST,302592,114298.10886400132,114397.53926400133,99.43040000000292
1,107,block_08_gelu,block_08_fc2,1,gpu_host,GPU_to_HOST,1210368,114334.41990400132,114403.38918400132,68.96927999999747
0,108,block_08_fc2,block_08_residual2,2,gpu_host,HOST_to_GPU,302592,114397.53926400133,114418.85030400133,21.311039999999394
1,107,block_08_gelu,block_08_fc2,2,host_fpga_pcie,HOST_to_FPGA,1210368,114403.38918400132,114741.11078400133,337.7216000000072
1,108,block_08_fc2,block_08_residual2,1,host_fpga_pcie,FPGA_to_HOST,302592,114931.07451200135,115030.50491200134,99.43040000000292
2,107,block_08_gelu,block_08_fc2,1,gpu_host,GPU_to_HOST,1210368,114967.38555200135,115036.35483200134,68.96927999999747
1,108,block_08_fc2,block_08_residual2,2,gpu_host,HOST_to_GPU,302592,115030.50491200134,115051.81595200134,21.311039999999394
2,107,block_08_gelu,block_08_fc2,2,host_fpga_pcie,HOST_to_FPGA,1210368,115036.35483200134,115374.07643200134,337.7216000000072
2,108,block_08_fc2,block_08_residual2,1,host_fpga_pcie,FPGA_to_HOST,302592,115564.04016000136,115663.47056000135,99.43040000000292
3,107,block_08_gelu,block_08_fc2,1,gpu_host,GPU_to_HOST,1210368,115600.35120000136,115669.32048000135,68.96927999999747
2,108,block_08_fc2,block_08_residual2,2,gpu_host,HOST_to_GPU,302592,115663.47056000135,115684.78160000136,21.311039999999394
3,107,block_08_gelu,block_08_fc2,2,host_fpga_pcie,HOST_to_FPGA,1210368,115669.32048000135,116007.04208000135,337.7216000000072
3,108,block_08_fc2,block_08_residual2,1,host_fpga_pcie,FPGA_to_HOST,302592,116197.00580800137,116296.43620800137,99.43040000000292
4,107,block_08_gelu,block_08_fc2,1,gpu_host,GPU_to_HOST,1210368,116233.31684800137,116302.28612800136,68.96927999999747
3,108,block_08_fc2,block_08_residual2,2,gpu_host,HOST_to_GPU,302592,116296.43620800137,116317.74724800137,21.311039999999394
4,107,block_08_gelu,block_08_fc2,2,host_fpga_pcie,HOST_to_FPGA,1210368,116302.28612800136,116640.00772800136,337.7216000000072
4,108,block_08_fc2,block_08_residual2,1,host_fpga_pcie,FPGA_to_HOST,302592,116829.97145600138,116929.40185600138,99.43040000000292
5,107,block_08_gelu,block_08_fc2,1,gpu_host,GPU_to_HOST,1210368,116866.28249600138,116935.25177600137,68.96927999999747
4,108,block_08_fc2,block_08_residual2,2,gpu_host,HOST_to_GPU,302592,116929.40185600138,116950.71289600138,21.311039999999394
5,107,block_08_gelu,block_08_fc2,2,host_fpga_pcie,HOST_to_FPGA,1210368,116935.25177600137,117272.97337600139,337.7216000000072
5,108,block_08_fc2,block_08_residual2,1,host_fpga_pcie,FPGA_to_HOST,302592,117462.9371040014,117562.36750400139,99.43040000000292
6,107,block_08_gelu,block_08_fc2,1,gpu_host,GPU_to_HOST,1210368,117499.2481440014,117568.2174240014,68.96927999999747
5,108,block_08_fc2,block_08_residual2,2,gpu_host,HOST_to_GPU,302592,117562.36750400139,117583.67854400139,21.311039999999394
6,107,block_08_gelu,block_08_fc2,2,host_fpga_pcie,HOST_to_FPGA,1210368,117568.2174240014,117905.9390240014,337.7216000000072
6,108,block_08_fc2,block_08_residual2,1,host_fpga_pcie,FPGA_to_HOST,302592,118095.9027520014,118195.33315200142,99.43040000000292
7,107,block_08_gelu,block_08_fc2,1,gpu_host,GPU_to_HOST,1210368,118132.2137920014,118201.18307200141,68.96927999999747
6,108,block_08_fc2,block_08_residual2,2,gpu_host,HOST_to_GPU,302592,118195.33315200142,118216.6441920014,21.311039999999394
7,107,block_08_gelu,block_08_fc2,2,host_fpga_pcie,HOST_to_FPGA,1210368,118201.18307200141,118538.90467200142,337.7216000000072
0,111,block_09_norm1,block_09_qkv,1,gpu_host,GPU_to_HOST,302592,118728.86840000142,118749.75448000143,20.88608000000436
7,108,block_08_fc2,block_08_residual2,1,host_fpga_pcie,FPGA_to_HOST,302592,118728.86840000142,118886.84312000142,157.97471999999536
0,111,block_09_norm1,block_09_qkv,2,host_fpga_pcie,HOST_to_FPGA,302592,118749.75448000143,118907.72920000143,157.97471999999536
7,108,block_08_fc2,block_08_residual2,2,gpu_host,HOST_to_GPU,302592,118886.84312000142,118907.72920000143,20.88608000000436
1,111,block_09_norm1,block_09_qkv,1,gpu_host,GPU_to_HOST,302592,119032.33305600143,119053.21913600144,20.88608000000436
1,111,block_09_norm1,block_09_qkv,2,host_fpga_pcie,HOST_to_FPGA,302592,119053.21913600144,119228.75865600143,175.53952000000373
0,112,block_09_qkv,block_09_attention,1,host_fpga_pcie,FPGA_to_HOST,907776,119056.54041600143,119390.94073600144,334.40032000001116
2,111,block_09_norm1,block_09_qkv,1,gpu_host,GPU_to_HOST,302592,119353.36251200145,119374.24859200144,20.88608000000436
2,111,block_09_norm1,block_09_qkv,2,host_fpga_pcie,HOST_to_FPGA,302592,119374.24859200144,119549.78811200145,175.53952000000373
1,112,block_09_qkv,block_09_attention,1,host_fpga_pcie,FPGA_to_HOST,907776,119377.56987200145,119711.97019200146,334.40032000001116
0,112,block_09_qkv,block_09_attention,2,gpu_host,HOST_to_GPU,907776,119390.94073600144,119443.59897600145,52.658240000003076
3,111,block_09_norm1,block_09_qkv,1,gpu_host,GPU_to_HOST,302592,119674.39196800147,119695.27804800146,20.88608000000436
3,111,block_09_norm1,block_09_qkv,2,host_fpga_pcie,HOST_to_FPGA,302592,119695.27804800146,119870.81756800147,175.53952000000373
2,112,block_09_qkv,block_09_attention,1,host_fpga_pcie,FPGA_to_HOST,907776,119698.59932800147,120032.99964800147,334.40032000001116
1,112,block_09_qkv,block_09_attention,2,gpu_host,HOST_to_GPU,907776,119711.97019200146,119764.62843200147,52.658240000003076
4,111,block_09_norm1,block_09_qkv,1,gpu_host,GPU_to_HOST,302592,119995.42142400148,120016.30750400148,20.88608000000436
4,111,block_09_norm1,block_09_qkv,2,host_fpga_pcie,HOST_to_FPGA,302592,120016.30750400148,120191.84702400149,175.53952000000373
3,112,block_09_qkv,block_09_attention,1,host_fpga_pcie,FPGA_to_HOST,907776,120019.62878400148,120354.02910400149,334.40032000001116
2,112,block_09_qkv,block_09_attention,2,gpu_host,HOST_to_GPU,907776,120032.99964800147,120085.65788800147,52.658240000003076
5,111,block_09_norm1,block_09_qkv,1,gpu_host,GPU_to_HOST,302592,120316.45088000149,120337.3369600015,20.88608000000436
5,111,block_09_norm1,block_09_qkv,2,host_fpga_pcie,HOST_to_FPGA,302592,120337.3369600015,120512.8764800015,175.53952000000373
4,112,block_09_qkv,block_09_attention,1,host_fpga_pcie,FPGA_to_HOST,907776,120340.65824000149,120675.0585600015,334.40032000001116
3,112,block_09_qkv,block_09_attention,2,gpu_host,HOST_to_GPU,907776,120354.02910400149,120406.68734400149,52.658240000003076
6,111,block_09_norm1,block_09_qkv,1,gpu_host,GPU_to_HOST,302592,120637.4803360015,120658.36641600152,20.88608000000436
6,111,block_09_norm1,block_09_qkv,2,host_fpga_pcie,HOST_to_FPGA,302592,120658.36641600152,120833.90593600152,175.53952000000373
5,112,block_09_qkv,block_09_attention,1,host_fpga_pcie,FPGA_to_HOST,907776,120661.6876960015,120996.08801600152,334.40032000001116
4,112,block_09_qkv,block_09_attention,2,gpu_host,HOST_to_GPU,907776,120675.0585600015,120727.71680000151,52.658240000003076
7,111,block_09_norm1,block_09_qkv,1,gpu_host,GPU_to_HOST,302592,120958.50979200153,120979.39587200154,20.88608000000436
7,111,block_09_norm1,block_09_qkv,2,host_fpga_pcie,HOST_to_FPGA,302592,120979.39587200154,121154.93539200153,175.53952000000373
6,112,block_09_qkv,block_09_attention,1,host_fpga_pcie,FPGA_to_HOST,907776,120982.71715200153,121317.11747200154,334.40032000001116
5,112,block_09_qkv,block_09_attention,2,gpu_host,HOST_to_GPU,907776,120996.08801600152,121048.74625600153,52.658240000003076
0,113,block_09_attention,block_09_proj,1,gpu_host,GPU_to_HOST,302592,121279.53924800154,121300.42532800154,20.88608000000436
0,113,block_09_attention,block_09_proj,2,host_fpga_pcie,HOST_to_FPGA,302592,121300.42532800154,121475.96484800155,175.53952000000373
7,112,block_09_qkv,block_09_attention,1,host_fpga_pcie,FPGA_to_HOST,907776,121303.74660800154,121779.05566400151,475.3090559999756
6,112,block_09_qkv,block_09_attention,2,gpu_host,HOST_to_GPU,907776,121317.11747200154,121369.77571200154,52.658240000003076
0,114,block_09_proj,block_09_residual1,1,host_fpga_pcie,FPGA_to_HOST,302592,121542.47104000156,121786.56468800154,244.09364799998778
1,113,block_09_attention,block_09_proj,1,gpu_host,GPU_to_HOST,302592,121542.47104000156,121563.35712000156,20.88608000000436
1,113,block_09_attention,block_09_proj,2,host_fpga_pcie,HOST_to_FPGA,302592,121563.35712000156,121797.00772800155,233.6506079999856
7,112,block_09_qkv,block_09_attention,2,gpu_host,HOST_to_GPU,907776,121779.05566400151,121847.59998400151,68.54432000000243
0,114,block_09_proj,block_09_residual1,2,gpu_host,HOST_to_GPU,302592,121786.56468800154,121823.33684800155,36.772160000003716
1,114,block_09_proj,block_09_residual1,1,host_fpga_pcie,FPGA_to_HOST,302592,121863.51392000155,122021.48864000155,157.97471999999536
2,113,block_09_attention,block_09_proj,1,gpu_host,GPU_to_HOST,302592,121863.51392000155,121884.40000000155,20.88608000000436
2,113,block_09_attention,block_09_proj,2,host_fpga_pcie,HOST_to_FPGA,302592,121884.40000000155,122042.37472000155,157.97471999999536
1,114,block_09_proj,block_09_residual1,2,gpu_host,HOST_to_GPU,302592,122021.48864000155,122042.37472000155,20.88608000000436
2,114,block_09_proj,block_09_residual1,1,host_fpga_pcie,FPGA_to_HOST,302592,122108.88091200156,122266.85563200155,157.97471999999536
3,113,block_09_attention,block_09_proj,1,gpu_host,GPU_to_HOST,302592,122108.88091200156,122129.76699200156,20.88608000000436
3,113,block_09_attention,block_09_proj,2,host_fpga_pcie,HOST_to_FPGA,302592,122129.76699200156,122287.74171200156,157.97471999999536
2,114,block_09_proj,block_09_residual1,2,gpu_host,HOST_to_GPU,302592,122266.85563200155,122287.74171200156,20.88608000000436
3,114,block_09_proj,block_09_residual1,1,host_fpga_pcie,FPGA_to_HOST,302592,122354.24790400156,122512.22262400156,157.97471999999536
4,113,block_09_attention,block_09_proj,1,gpu_host,GPU_to_HOST,302592,122354.24790400156,122375.13398400157,20.88608000000436
4,113,block_09_attention,block_09_proj,2,host_fpga_pcie,HOST_to_FPGA,302592,122375.13398400157,122533.10870400157,157.97471999999536
3,114,block_09_proj,block_09_residual1,2,gpu_host,HOST_to_GPU,302592,122512.22262400156,122533.10870400157,20.88608000000436
4,114,block_09_proj,block_09_residual1,1,host_fpga_pcie,FPGA_to_HOST,302592,122599.61489600157,122757.58961600157,157.97471999999536
5,113,block_09_attention,block_09_proj,1,gpu_host,GPU_to_HOST,302592,122599.61489600157,122620.50097600158,20.88608000000436
5,113,block_09_attention,block_09_proj,2,host_fpga_pcie,HOST_to_FPGA,302592,122620.50097600158,122778.47569600158,157.97471999999536
4,114,block_09_proj,block_09_residual1,2,gpu_host,HOST_to_GPU,302592,122757.58961600157,122778.47569600158,20.88608000000436
5,114,block_09_proj,block_09_residual1,1,host_fpga_pcie,FPGA_to_HOST,302592,122844.98188800158,123002.95660800158,157.97471999999536
6,113,block_09_attention,block_09_proj,1,gpu_host,GPU_to_HOST,302592,122844.98188800158,122865.86796800159,20.88608000000436
6,113,block_09_attention,block_09_proj,2,host_fpga_pcie,HOST_to_FPGA,302592,122865.86796800159,123023.84268800158,157.97471999999536
5,114,block_09_proj,block_09_residual1,2,gpu_host,HOST_to_GPU,302592,123002.95660800158,123023.84268800158,20.88608000000436
0,117,block_09_norm2,block_09_fc1,1,gpu_host,GPU_to_HOST,302592,123090.34888000159,123111.23496000159,20.88608000000436
6,114,block_09_proj,block_09_residual1,1,host_fpga_pcie,FPGA_to_HOST,302592,123090.34888000159,123248.32360000159,157.97471999999536
0,117,block_09_norm2,block_09_fc1,2,host_fpga_pcie,HOST_to_FPGA,302592,123111.23496000159,123269.20968000159,157.97471999999536
6,114,block_09_proj,block_09_residual1,2,gpu_host,HOST_to_GPU,302592,123248.32360000159,123269.20968000159,20.88608000000436
7,113,block_09_attention,block_09_proj,1,gpu_host,GPU_to_HOST,302592,123422.8623680016,123443.7484480016,20.88608000000436
7,113,block_09_attention,block_09_proj,2,host_fpga_pcie,HOST_to_FPGA,302592,123443.7484480016,123607.1842880016,163.43584000000357
0,118,block_09_fc1,block_09_gelu,1,host_fpga_pcie,FPGA_to_HOST,1210368,123459.1734080016,124019.76124800161,560.5878400000153
1,117,block_09_norm2,block_09_fc1,1,gpu_host,GPU_to_HOST,302592,123673.6904800016,123694.57656000162,20.88608000000436
7,114,block_09_proj,block_09_residual1,1,host_fpga_pcie,FPGA_to_HOST,302592,123673.6904800016,123921.53864000161,247.8481600000082
1,117,block_09_norm2,block_09_fc1,2,host_fpga_pcie,HOST_to_FPGA,302592,123694.57656000162,123942.42472000163,247.8481600000082
7,114,block_09_proj,block_09_residual1,2,gpu_host,HOST_to_GPU,302592,123921.53864000161,123942.42472000163,20.88608000000436
0,118,block_09_fc1,block_09_gelu,2,gpu_host,HOST_to_GPU,1210368,124019.76124800161,124088.30556800161,68.54432000000243
2,117,block_09_norm2,block_09_fc1,1,gpu_host,GPU_to_HOST,302592,124096.07740800163,124116.96348800164,20.88608000000436
2,117,block_09_norm2,block_09_fc1,2,host_fpga_pcie,HOST_to_FPGA,302592,124116.96348800164,124280.39932800164,163.43584000000357
1,118,block_09_fc1,block_09_gelu,1,host_fpga_pcie,FPGA_to_HOST,1210368,124132.38844800163,124644.7577920016,512.3693439999661
3,117,block_09_norm2,block_09_fc1,1,gpu_host,GPU_to_HOST,302592,124434.05201600165,124454.93809600166,20.88608000000436
3,117,block_09_norm2,block_09_fc1,2,host_fpga_pcie,HOST_to_FPGA,302592,124454.93809600166,124685.26380800165,230.32571199999018
2,118,block_09_fc1,block_09_gelu,1,host_fpga_pcie,FPGA_to_HOST,1210368,124470.36305600165,125026.4848320016,556.1217759999515
1,118,block_09_fc1,block_09_gelu,2,gpu_host,HOST_to_GPU,1210368,124644.7577920016,124713.3021120016,68.54432000000243
4,117,block_09_norm2,block_09_fc1,1,gpu_host,GPU_to_HOST,302592,124838.91649600165,124859.80257600166,20.88608000000436
4,117,block_09_norm2,block_09_fc1,2,host_fpga_pcie,HOST_to_FPGA,302592,124859.80257600166,125082.41580800164,222.61323199998517
3,118,block_09_fc1,block_09_gelu,1,host_fpga_pcie,FPGA_to_HOST,1210368,124875.22753600165,125423.63683200169,548.4092960000436
2,118,block_09_fc1,block_09_gelu,2,gpu_host,HOST_to_GPU,1210368,125026.4848320016,125095.0291520016,68.54432000000243
5,117,block_09_norm2,block_09_fc1,1,gpu_host,GPU_to_HOST,302592,125236.06849600161,125256.9545760016,20.88608000000436
5,117,block_09_norm2,block_09_fc1,2,host_fpga_pcie,HOST_to_FPGA,302592,125256.9545760016,125479.56780800162,222.61323200001294
4,118,block_09_fc1,block_09_gelu,1,host_fpga_pcie,FPGA_to_HOST,1210368,125272.37953600162,125820.78883200171,548.4092960000853
3,118,block_09_fc1,block_09_gelu,2,gpu_host,HOST_to_GPU,1210368,125423.63683200169,125492.18115200169,68.54432000000243
6,117,block_09_norm2,block_09_fc1,1,gpu_host,GPU_to_HOST,302592,125633.2204960016,125654.10657600159,20.88608000000436
6,117,block_09_norm2,block_09_fc1,2,host_fpga_pcie,HOST_to_FPGA,302592,125654.10657600159,125876.71980800164,222.61323200004068
5,118,block_09_fc1,block_09_gelu,1,host_fpga_pcie,FPGA_to_HOST,1210368,125669.53153600161,126217.9408320017,548.4092960000853
4,118,block_09_fc1,block_09_gelu,2,gpu_host,HOST_to_GPU,1210368,125820.78883200171,125889.33315200171,68.54432000000243
7,117,block_09_norm2,block_09_fc1,1,gpu_host,GPU_to_HOST,302592,126030.3724960016,126051.25857600161,20.88608000000436
7,117,block_09_norm2,block_09_fc1,2,host_fpga_pcie,HOST_to_FPGA,302592,126051.25857600161,126273.87180800163,222.61323200001294
6,118,block_09_fc1,block_09_gelu,1,host_fpga_pcie,FPGA_to_HOST,1210368,126066.68353600161,126557.6832320017,490.99969600008285
5,118,block_09_fc1,block_09_gelu,2,gpu_host,HOST_to_GPU,1210368,126217.9408320017,126286.4851520017,68.54432000000243
0,119,block_09_gelu,block_09_fc2,1,gpu_host,GPU_to_HOST,1210368,126463.8355360016,126532.3798560016,68.54432000000243
7,118,block_09_fc1,block_09_gelu,1,host_fpga_pcie,FPGA_to_HOST,1210368,126463.8355360016,127121.04652800164,657.2109920000291
0,119,block_09_gelu,block_09_fc2,2,host_fpga_pcie,HOST_to_FPGA,1210368,126532.3798560016,127155.31868800161,622.938832000014
6,118,block_09_fc1,block_09_gelu,2,gpu_host,HOST_to_GPU,1210368,126557.6832320017,126626.2275520017,68.54432000000243
7,118,block_09_fc1,block_09_gelu,2,gpu_host,HOST_to_GPU,1210368,127121.04652800164,127189.59084800164,68.54432000000243
0,120,block_09_fc2,block_09_residual2,1,host_fpga_pcie,FPGA_to_HOST,302592,127345.2824160016,127444.71281600159,99.43039999998904
1,119,block_09_gelu,block_09_fc2,1,gpu_host,GPU_to_HOST,1210368,127381.59345600162,127450.56273600164,68.96928000002522
0,120,block_09_fc2,block_09_residual2,2,gpu_host,HOST_to_GPU,302592,127444.71281600159,127466.02385600162,21.31104000002715
1,119,block_09_gelu,block_09_fc2,2,host_fpga_pcie,HOST_to_FPGA,1210368,127450.56273600164,127788.28433600161,337.7215999999794
1,120,block_09_fc2,block_09_residual2,1,host_fpga_pcie,FPGA_to_HOST,302592,127978.2480640016,128077.67846400158,99.43039999998904
2,119,block_09_gelu,block_09_fc2,1,gpu_host,GPU_to_HOST,1210368,128014.55910400162,128083.52838400163,68.96928000002522
1,120,block_09_fc2,block_09_residual2,2,gpu_host,HOST_to_GPU,302592,128077.67846400158,128098.98950400161,21.31104000002715
2,119,block_09_gelu,block_09_fc2,2,host_fpga_pcie,HOST_to_FPGA,1210368,128083.52838400163,128421.24998400162,337.7215999999794
2,120,block_09_fc2,block_09_residual2,1,host_fpga_pcie,FPGA_to_HOST,302592,128611.2137120016,128710.64411200158,99.43039999998904
3,119,block_09_gelu,block_09_fc2,1,gpu_host,GPU_to_HOST,1210368,128647.52475200161,128716.49403200163,68.96928000002522
2,120,block_09_fc2,block_09_residual2,2,gpu_host,HOST_to_GPU,302592,128710.64411200158,128731.95515200161,21.31104000002715
3,119,block_09_gelu,block_09_fc2,2,host_fpga_pcie,HOST_to_FPGA,1210368,128716.49403200163,129054.21563200162,337.7215999999794
3,120,block_09_fc2,block_09_residual2,1,host_fpga_pcie,FPGA_to_HOST,302592,129244.1793600016,129343.6097600016,99.43039999998904
4,119,block_09_gelu,block_09_fc2,1,gpu_host,GPU_to_HOST,1210368,129280.49040000161,129349.45968000164,68.96928000002522
3,120,block_09_fc2,block_09_residual2,2,gpu_host,HOST_to_GPU,302592,129343.6097600016,129364.92080000161,21.31104000002715
4,119,block_09_gelu,block_09_fc2,2,host_fpga_pcie,HOST_to_FPGA,1210368,129349.45968000164,129687.18128000162,337.7215999999794
4,120,block_09_fc2,block_09_residual2,1,host_fpga_pcie,FPGA_to_HOST,302592,129877.1450080016,129976.57540800159,99.43039999998904
5,119,block_09_gelu,block_09_fc2,1,gpu_host,GPU_to_HOST,1210368,129913.45604800161,129982.42532800164,68.96928000002522
4,120,block_09_fc2,block_09_residual2,2,gpu_host,HOST_to_GPU,302592,129976.57540800159,129997.88644800162,21.31104000002715
5,119,block_09_gelu,block_09_fc2,2,host_fpga_pcie,HOST_to_FPGA,1210368,129982.42532800164,130320.14692800162,337.7215999999794
5,120,block_09_fc2,block_09_residual2,1,host_fpga_pcie,FPGA_to_HOST,302592,130510.1106560016,130609.54105600159,99.43039999998904
6,119,block_09_gelu,block_09_fc2,1,gpu_host,GPU_to_HOST,1210368,130546.42169600162,130615.39097600164,68.96928000002522
5,120,block_09_fc2,block_09_residual2,2,gpu_host,HOST_to_GPU,302592,130609.54105600159,130630.85209600162,21.31104000002715
6,119,block_09_gelu,block_09_fc2,2,host_fpga_pcie,HOST_to_FPGA,1210368,130615.39097600164,130953.11257600161,337.7215999999794
6,120,block_09_fc2,block_09_residual2,1,host_fpga_pcie,FPGA_to_HOST,302592,131143.0763040016,131242.5067040016,99.43039999998904
7,119,block_09_gelu,block_09_fc2,1,gpu_host,GPU_to_HOST,1210368,131179.38734400162,131248.35662400164,68.96928000002522
6,120,block_09_fc2,block_09_residual2,2,gpu_host,HOST_to_GPU,302592,131242.5067040016,131263.8177440016,21.31104000002715
7,119,block_09_gelu,block_09_fc2,2,host_fpga_pcie,HOST_to_FPGA,1210368,131248.35662400164,131586.07822400163,337.7215999999794
0,123,block_10_norm1,block_10_qkv,1,gpu_host,GPU_to_HOST,302592,131776.0419520016,131796.9280320016,20.88608000000436
7,120,block_09_fc2,block_09_residual2,1,host_fpga_pcie,FPGA_to_HOST,302592,131776.0419520016,131934.01667200157,157.97471999998146
0,123,block_10_norm1,block_10_qkv,2,host_fpga_pcie,HOST_to_FPGA,302592,131796.9280320016,131954.9027520016,157.97471999998146
7,120,block_09_fc2,block_09_residual2,2,gpu_host,HOST_to_GPU,302592,131934.01667200157,131954.9027520016,20.88608000000436
1,123,block_10_norm1,block_10_qkv,1,gpu_host,GPU_to_HOST,302592,132079.50660800154,132100.39268800156,20.88608000000436
1,123,block_10_norm1,block_10_qkv,2,host_fpga_pcie,HOST_to_FPGA,302592,132100.39268800156,132275.93220800156,175.53951999998984
0,124,block_10_qkv,block_10_attention,1,host_fpga_pcie,FPGA_to_HOST,907776,132103.71396800154,132438.11428800152,334.4003199999834
2,123,block_10_norm1,block_10_qkv,1,gpu_host,GPU_to_HOST,302592,132400.5360640015,132421.42214400152,20.88608000000436
2,123,block_10_norm1,block_10_qkv,2,host_fpga_pcie,HOST_to_FPGA,302592,132421.42214400152,132596.96166400152,175.53951999998984
1,124,block_10_qkv,block_10_attention,1,host_fpga_pcie,FPGA_to_HOST,907776,132424.7434240015,132759.14374400149,334.4003199999834
0,124,block_10_qkv,block_10_attention,2,gpu_host,HOST_to_GPU,907776,132438.11428800152,132490.77252800154,52.658240000003076
3,123,block_10_norm1,block_10_qkv,1,gpu_host,GPU_to_HOST,302592,132721.56552000146,132742.45160000148,20.88608000000436
3,123,block_10_norm1,block_10_qkv,2,host_fpga_pcie,HOST_to_FPGA,302592,132742.45160000148,132917.99112000148,175.53951999998984
2,124,block_10_qkv,block_10_attention,1,host_fpga_pcie,FPGA_to_HOST,907776,132745.77288000146,133080.17320000145,334.4003199999834
1,124,block_10_qkv,block_10_attention,2,gpu_host,HOST_to_GPU,907776,132759.14374400149,132811.8019840015,52.658240000003076
4,123,block_10_norm1,block_10_qkv,1,gpu_host,GPU_to_HOST,302592,133042.59497600142,133063.48105600144,20.88608000000436
4,123,block_10_norm1,block_10_qkv,2,host_fpga_pcie,HOST_to_FPGA,302592,133063.48105600144,133239.02057600144,175.53951999998984
3,124,block_10_qkv,block_10_attention,1,host_fpga_pcie,FPGA_to_HOST,907776,133066.80233600142,133401.2026560014,334.4003199999834
2,124,block_10_qkv,block_10_attention,2,gpu_host,HOST_to_GPU,907776,133080.17320000145,133132.83144000146,52.658240000003076
5,123,block_10_norm1,block_10_qkv,1,gpu_host,GPU_to_HOST,302592,133363.62443200138,133384.5105120014,20.88608000000436
5,123,block_10_norm1,block_10_qkv,2,host_fpga_pcie,HOST_to_FPGA,302592,133384.5105120014,133560.0500320014,175.53951999998984
4,124,block_10_qkv,block_10_attention,1,host_fpga_pcie,FPGA_to_HOST,907776,133387.83179200138,133722.23211200137,334.4003199999834
3,124,block_10_qkv,block_10_attention,2,gpu_host,HOST_to_GPU,907776,133401.2026560014,133453.86089600142,52.658240000003076
6,123,block_10_norm1,block_10_qkv,1,gpu_host,GPU_to_HOST,302592,133684.65388800134,133705.53996800137,20.88608000000436
6,123,block_10_norm1,block_10_qkv,2,host_fpga_pcie,HOST_to_FPGA,302592,133705.53996800137,133881.07948800136,175.53951999998984
5,124,block_10_qkv,block_10_attention,1,host_fpga_pcie,FPGA_to_HOST,907776,133708.86124800134,134043.26156800133,334.4003199999834
4,124,block_10_qkv,block_10_attention,2,gpu_host,HOST_to_GPU,907776,133722.23211200137,133774.89035200138,52.658240000003076
7,123,block_10_norm1,block_10_qkv,1,gpu_host,GPU_to_HOST,302592,134005.6833440013,134026.56942400133,20.88608000000436
7,123,block_10_norm1,block_10_qkv,2,host_fpga_pcie,HOST_to_FPGA,302592,134026.56942400133,134202.10894400132,175.53951999998984
6,124,block_10_qkv,block_10_attention,1,host_fpga_pcie,FPGA_to_HOST,907776,134029.8907040013,134364.2910240013,334.4003199999834
5,124,block_10_qkv,block_10_attention,2,gpu_host,HOST_to_GPU,907776,134043.26156800133,134095.91980800134,52.658240000003076
0,125,block_10_attention,block_10_proj,1,gpu_host,GPU_to_HOST,302592,134326.7128000013,134347.5988800013,20.88608000000436
0,125,block_10_attention,block_10_proj,2,host_fpga_pcie,HOST_to_FPGA,302592,134347.5988800013,134523.13840000128,175.53951999998984
7,124,block_10_qkv,block_10_attention,1,host_fpga_pcie,FPGA_to_HOST,907776,134350.9201600013,134826.22921600135,475.30905600007276
6,124,block_10_qkv,block_10_attention,2,gpu_host,HOST_to_GPU,907776,134364.2910240013,134416.9492640013,52.658240000003076
0,126,block_10_proj,block_10_residual1,1,host_fpga_pcie,FPGA_to_HOST,302592,134589.64459200125,134833.7382400013,244.0936480000433
1,125,block_10_attention,block_10_proj,1,gpu_host,GPU_to_HOST,302592,134589.64459200125,134610.53067200124,20.88608000000436
1,125,block_10_attention,block_10_proj,2,host_fpga_pcie,HOST_to_FPGA,302592,134610.53067200124,134844.18128000127,233.6506080000411
7,124,block_10_qkv,block_10_attention,2,gpu_host,HOST_to_GPU,907776,134826.22921600135,134894.77353600136,68.54432000000243
0,126,block_10_proj,block_10_residual1,2,gpu_host,HOST_to_GPU,302592,134833.7382400013,134870.51040000128,36.772160000003716
1,126,block_10_proj,block_10_residual1,1,host_fpga_pcie,FPGA_to_HOST,302592,134910.68747200124,135068.66219200124,157.97471999998146
2,125,block_10_attention,block_10_proj,1,gpu_host,GPU_to_HOST,302592,134910.68747200124,134931.57355200124,20.88608000000436
2,125,block_10_attention,block_10_proj,2,host_fpga_pcie,HOST_to_FPGA,302592,134931.57355200124,135089.54827200124,157.97471999998146
1,126,block_10_proj,block_10_residual1,2,gpu_host,HOST_to_GPU,302592,135068.66219200124,135089.54827200124,20.88608000000436
2,126,block_10_proj,block_10_residual1,1,host_fpga_pcie,FPGA_to_HOST,302592,135156.0544640012,135314.02918400118,157.97471999998146
3,125,block_10_attention,block_10_proj,1,gpu_host,GPU_to_HOST,302592,135156.0544640012,135176.9405440012,20.88608000000436
3,125,block_10_attention,block_10_proj,2,host_fpga_pcie,HOST_to_FPGA,302592,135176.9405440012,135334.91526400117,157.97471999998146
2,126,block_10_proj,block_10_residual1,2,gpu_host,HOST_to_GPU,302592,135314.02918400118,135334.91526400117,20.88608000000436
3,126,block_10_proj,block_10_residual1,1,host_fpga_pcie,FPGA_to_HOST,302592,135401.42145600115,135559.39617600112,157.97471999998146
4,125,block_10_attention,block_10_proj,1,gpu_host,GPU_to_HOST,302592,135401.42145600115,135422.30753600114,20.88608000000436
4,125,block_10_attention,block_10_proj,2,host_fpga_pcie,HOST_to_FPGA,302592,135422.30753600114,135580.28225600114,157.97471999998146
3,126,block_10_proj,block_10_residual1,2,gpu_host,HOST_to_GPU,302592,135559.39617600112,135580.28225600114,20.88608000000436
4,126,block_10_proj,block_10_residual1,1,host_fpga_pcie,FPGA_to_HOST,302592,135646.7884480011,135804.76316800108,157.97471999998146
5,125,block_10_attention,block_10_proj,1,gpu_host,GPU_to_HOST,302592,135646.7884480011,135667.6745280011,20.88608000000436
5,125,block_10_attention,block_10_proj,2,host_fpga_pcie,HOST_to_FPGA,302592,135667.6745280011,135825.64924800108,157.97471999998146
4,126,block_10_proj,block_10_residual1,2,gpu_host,HOST_to_GPU,302592,135804.76316800108,135825.64924800108,20.88608000000436
5,126,block_10_proj,block_10_residual1,1,host_fpga_pcie,FPGA_to_HOST,302592,135892.15544000105,136050.13016000102,157.97471999998146
6,125,block_10_attention,block_10_proj,1,gpu_host,GPU_to_HOST,302592,135892.15544000105,135913.04152000105,20.88608000000436
6,125,block_10_attention,block_10_proj,2,host_fpga_pcie,HOST_to_FPGA,302592,135913.04152000105,136071.01624000104,157.97471999998146
5,126,block_10_proj,block_10_residual1,2,gpu_host,HOST_to_GPU,302592,136050.13016000102,136071.01624000104,20.88608000000436
0,129,block_10_norm2,block_10_fc1,1,gpu_host,GPU_to_HOST,302592,136137.522432001,136158.408512001,20.88608000000436
6,126,block_10_proj,block_10_residual1,1,host_fpga_pcie,FPGA_to_HOST,302592,136137.522432001,136295.497152001,157.97471999998146
0,129,block_10_norm2,block_10_fc1,2,host_fpga_pcie,HOST_to_FPGA,302592,136158.408512001,136316.38323200098,157.97471999998146
6,126,block_10_proj,block_10_residual1,2,gpu_host,HOST_to_GPU,302592,136295.497152001,136316.38323200098,20.88608000000436
7,125,block_10_attention,block_10_proj,1,gpu_host,GPU_to_HOST,302592,136470.03592000096,136490.92200000095,20.88608000000436
7,125,block_10_attention,block_10_proj,2,host_fpga_pcie,HOST_to_FPGA,302592,136490.92200000095,136654.35784000094,163.4358399999758
0,130,block_10_fc1,block_10_gelu,1,host_fpga_pcie,FPGA_to_HOST,1210368,136506.34696000096,137066.93480000092,560.5878399999598
1,129,block_10_norm2,block_10_fc1,1,gpu_host,GPU_to_HOST,302592,136720.86403200089,136741.7501120009,20.88608000000436
7,126,block_10_proj,block_10_residual1,1,host_fpga_pcie,FPGA_to_HOST,302592,136720.86403200089,136968.71219200088,247.84815999998045
1,129,block_10_norm2,block_10_fc1,2,host_fpga_pcie,HOST_to_FPGA,302592,136741.7501120009,136989.59827200088,247.84815999998045
7,126,block_10_proj,block_10_residual1,2,gpu_host,HOST_to_GPU,302592,136968.71219200088,136989.59827200088,20.88608000000436
0,130,block_10_fc1,block_10_gelu,2,gpu_host,HOST_to_GPU,1210368,137066.93480000092,137135.47912000093,68.54432000000243
2,129,block_10_norm2,block_10_fc1,1,gpu_host,GPU_to_HOST,302592,137143.25096000085,137164.13704000085,20.88608000000436
2,129,block_10_norm2,block_10_fc1,2,host_fpga_pcie,HOST_to_FPGA,302592,137164.13704000085,137327.57288000084,163.4358399999758
1,130,block_10_fc1,block_10_gelu,1,host_fpga_pcie,FPGA_to_HOST,1210368,137179.56200000088,137691.93134400094,512.3693440000632
3,129,block_10_norm2,block_10_fc1,1,gpu_host,GPU_to_HOST,302592,137481.2255680008,137502.1116480008,20.88608000000436
3,129,block_10_norm2,block_10_fc1,2,host_fpga_pcie,HOST_to_FPGA,302592,137502.1116480008,137732.43736000085,230.3257120000457
2,130,block_10_fc1,block_10_gelu,1,host_fpga_pcie,FPGA_to_HOST,1210368,137517.5366080008,138073.6583840009,556.1217760000902
1,130,block_10_fc1,block_10_gelu,2,gpu_host,HOST_to_GPU,1210368,137691.93134400094,137760.47566400093,68.54432000000243
4,129,block_10_norm2,block_10_fc1,1,gpu_host,GPU_to_HOST,302592,137886.09004800083,137906.97612800082,20.88608000000436
4,129,block_10_norm2,block_10_fc1,2,host_fpga_pcie,HOST_to_FPGA,302592,137906.97612800082,138129.58936000083,222.61323200001294
3,130,block_10_fc1,block_10_gelu,1,host_fpga_pcie,FPGA_to_HOST,1210368,137922.40108800083,138470.8103840009,548.4092960000853
2,130,block_10_fc1,block_10_gelu,2,gpu_host,HOST_to_GPU,1210368,138073.6583840009,138142.2027040009,68.54432000000243
5,129,block_10_norm2,block_10_fc1,1,gpu_host,GPU_to_HOST,302592,138283.2420480008,138304.1281280008,20.88608000000436
5,129,block_10_norm2,block_10_fc1,2,host_fpga_pcie,HOST_to_FPGA,302592,138304.1281280008,138526.74136000083,222.61323200004068
4,130,block_10_fc1,block_10_gelu,1,host_fpga_pcie,FPGA_to_HOST,1210368,138319.5530880008,138867.9623840009,548.4092960000853
3,130,block_10_fc1,block_10_gelu,2,gpu_host,HOST_to_GPU,1210368,138470.8103840009,138539.35470400093,68.54432000000243
6,129,block_10_norm2,block_10_fc1,1,gpu_host,GPU_to_HOST,302592,138680.3940480008,138701.28012800083,20.88608000000436
6,129,block_10_norm2,block_10_fc1,2,host_fpga_pcie,HOST_to_FPGA,302592,138701.28012800083,138923.89336000083,222.61323200001294
5,130,block_10_fc1,block_10_gelu,1,host_fpga_pcie,FPGA_to_HOST,1210368,138716.70508800083,139265.11438400092,548.4092960000853
4,130,block_10_fc1,block_10_gelu,2,gpu_host,HOST_to_GPU,1210368,138867.9623840009,138936.5067040009,68.54432000000243
7,129,block_10_norm2,block_10_fc1,1,gpu_host,GPU_to_HOST,302592,139077.5460480008,139098.4321280008,20.88608000000436
7,129,block_10_norm2,block_10_fc1,2,host_fpga_pcie,HOST_to_FPGA,302592,139098.4321280008,139321.04536000083,222.61323200004068
6,130,block_10_fc1,block_10_gelu,1,host_fpga_pcie,FPGA_to_HOST,1210368,139113.8570880008,139604.8567840009,490.99969600008285
5,130,block_10_fc1,block_10_gelu,2,gpu_host,HOST_to_GPU,1210368,139265.11438400092,139333.6587040009,68.54432000000243
0,131,block_10_gelu,block_10_fc2,1,gpu_host,GPU_to_HOST,1210368,139511.0090880008,139579.55340800082,68.54432000000243
7,130,block_10_fc1,block_10_gelu,1,host_fpga_pcie,FPGA_to_HOST,1210368,139511.0090880008,140168.22008000084,657.2109920000291
0,131,block_10_gelu,block_10_fc2,2,host_fpga_pcie,HOST_to_FPGA,1210368,139579.55340800082,140202.49224000084,622.938832000014
6,130,block_10_fc1,block_10_gelu,2,gpu_host,HOST_to_GPU,1210368,139604.8567840009,139673.4011040009,68.54432000000243
7,130,block_10_fc1,block_10_gelu,2,gpu_host,HOST_to_GPU,1210368,140168.22008000084,140236.76440000086,68.54432000000243
0,132,block_10_fc2,block_10_residual2,1,host_fpga_pcie,FPGA_to_HOST,302592,140392.4559680008,140491.8863680008,99.43039999998904
1,131,block_10_gelu,block_10_fc2,1,gpu_host,GPU_to_HOST,1210368,140428.76700800084,140497.73628800086,68.96928000002522
0,132,block_10_fc2,block_10_residual2,2,gpu_host,HOST_to_GPU,302592,140491.8863680008,140513.19740800082,21.31104000002715
1,131,block_10_gelu,block_10_fc2,2,host_fpga_pcie,HOST_to_FPGA,1210368,140497.73628800086,140835.45788800085,337.7215999999794
1,132,block_10_fc2,block_10_residual2,1,host_fpga_pcie,FPGA_to_HOST,302592,141025.42161600082,141124.8520160008,99.43039999998904
2,131,block_10_gelu,block_10_fc2,1,gpu_host,GPU_to_HOST,1210368,141061.73265600082,141130.70193600087,68.96928000002522
1,132,block_10_fc2,block_10_residual2,2,gpu_host,HOST_to_GPU,302592,141124.8520160008,141146.16305600083,21.31104000002715
2,131,block_10_gelu,block_10_fc2,2,host_fpga_pcie,HOST_to_FPGA,1210368,141130.70193600087,141468.42353600083,337.7215999999794
2,132,block_10_fc2,block_10_residual2,1,host_fpga_pcie,FPGA_to_HOST,302592,141658.3872640008,141757.81766400082,99.43039999998904
3,131,block_10_gelu,block_10_fc2,1,gpu_host,GPU_to_HOST,1210368,141694.69830400083,141763.66758400085,68.96928000002522
2,132,block_10_fc2,block_10_residual2,2,gpu_host,HOST_to_GPU,302592,141757.81766400082,141779.12870400085,21.31104000002715
3,131,block_10_gelu,block_10_fc2,2,host_fpga_pcie,HOST_to_FPGA,1210368,141763.66758400085,142101.38918400084,337.7215999999794
3,132,block_10_fc2,block_10_residual2,1,host_fpga_pcie,FPGA_to_HOST,302592,142291.35291200082,142390.7833120008,99.43039999998904
4,131,block_10_gelu,block_10_fc2,1,gpu_host,GPU_to_HOST,1210368,142327.66395200085,142396.63323200087,68.96928000002522
3,132,block_10_fc2,block_10_residual2,2,gpu_host,HOST_to_GPU,302592,142390.7833120008,142412.09435200083,21.31104000002715
4,131,block_10_gelu,block_10_fc2,2,host_fpga_pcie,HOST_to_FPGA,1210368,142396.63323200087,142734.35483200083,337.7215999999794
4,132,block_10_fc2,block_10_residual2,1,host_fpga_pcie,FPGA_to_HOST,302592,142924.31856000083,143023.7489600008,99.43039999998904
5,131,block_10_gelu,block_10_fc2,1,gpu_host,GPU_to_HOST,1210368,142960.62960000083,143029.59888000085,68.96928000002522
4,132,block_10_fc2,block_10_residual2,2,gpu_host,HOST_to_GPU,302592,143023.7489600008,143045.06000000084,21.31104000002715
5,131,block_10_gelu,block_10_fc2,2,host_fpga_pcie,HOST_to_FPGA,1210368,143029.59888000085,143367.32048000084,337.7215999999794
5,132,block_10_fc2,block_10_residual2,1,host_fpga_pcie,FPGA_to_HOST,302592,143557.2842080008,143656.7146080008,99.43039999998904
6,131,block_10_gelu,block_10_fc2,1,gpu_host,GPU_to_HOST,1210368,143593.59524800084,143662.56452800086,68.96928000002522
5,132,block_10_fc2,block_10_residual2,2,gpu_host,HOST_to_GPU,302592,143656.7146080008,143678.02564800082,21.31104000002715
6,131,block_10_gelu,block_10_fc2,2,host_fpga_pcie,HOST_to_FPGA,1210368,143662.56452800086,144000.28612800085,337.7215999999794
6,132,block_10_fc2,block_10_residual2,1,host_fpga_pcie,FPGA_to_HOST,302592,144190.24985600082,144289.6802560008,99.43039999998904
7,131,block_10_gelu,block_10_fc2,1,gpu_host,GPU_to_HOST,1210368,144226.56089600082,144295.53017600084,68.96928000002522
6,132,block_10_fc2,block_10_residual2,2,gpu_host,HOST_to_GPU,302592,144289.6802560008,144310.99129600084,21.31104000002715
7,131,block_10_gelu,block_10_fc2,2,host_fpga_pcie,HOST_to_FPGA,1210368,144295.53017600084,144633.25177600083,337.7215999999794
0,135,block_11_norm1,block_11_qkv,1,gpu_host,GPU_to_HOST,302592,144823.2155040008,144844.10158400083,20.88608000000436
7,132,block_10_fc2,block_10_residual2,1,host_fpga_pcie,FPGA_to_HOST,302592,144823.2155040008,144981.1902240008,157.97471999998146
0,135,block_11_norm1,block_11_qkv,2,host_fpga_pcie,HOST_to_FPGA,302592,144844.10158400083,145002.0763040008,157.97471999998146
7,132,block_10_fc2,block_10_residual2,2,gpu_host,HOST_to_GPU,302592,144981.1902240008,145002.0763040008,20.88608000000436
1,135,block_11_norm1,block_11_qkv,1,gpu_host,GPU_to_HOST,302592,145126.68016000077,145147.56624000077,20.88608000000436
1,135,block_11_norm1,block_11_qkv,2,host_fpga_pcie,HOST_to_FPGA,302592,145147.56624000077,145323.10576000076,175.53951999998984
0,136,block_11_qkv,block_11_attention,1,host_fpga_pcie,FPGA_to_HOST,907776,145150.88752000078,145485.28784000076,334.4003199999834
2,135,block_11_norm1,block_11_qkv,1,gpu_host,GPU_to_HOST,302592,145447.70961600073,145468.59569600073,20.88608000000436
2,135,block_11_norm1,block_11_qkv,2,host_fpga_pcie,HOST_to_FPGA,302592,145468.59569600073,145644.13521600072,175.53951999998984
1,136,block_11_qkv,block_11_attention,1,host_fpga_pcie,FPGA_to_HOST,907776,145471.91697600074,145806.31729600072,334.4003199999834
0,136,block_11_qkv,block_11_attention,2,gpu_host,HOST_to_GPU,907776,145485.28784000076,145537.94608000075,52.658240000003076
3,135,block_11_norm1,block_11_qkv,1,gpu_host,GPU_to_HOST,302592,145768.7390720007,145789.6251520007,20.88608000000436
3,135,block_11_norm1,block_11_qkv,2,host_fpga_pcie,HOST_to_FPGA,302592,145789.6251520007,145965.16467200068,175.53951999998984
2,136,block_11_qkv,block_11_attention,1,host_fpga_pcie,FPGA_to_HOST,907776,145792.9464320007,146127.34675200068,334.4003199999834
1,136,block_11_qkv,block_11_attention,2,gpu_host,HOST_to_GPU,907776,145806.31729600072,145858.9755360007,52.658240000003076
4,135,block_11_norm1,block_11_qkv,1,gpu_host,GPU_to_HOST,302592,146089.76852800066,146110.65460800065,20.88608000000436
4,135,block_11_norm1,block_11_qkv,2,host_fpga_pcie,HOST_to_FPGA,302592,146110.65460800065,146286.19412800064,175.53951999998984
3,136,block_11_qkv,block_11_attention,1,host_fpga_pcie,FPGA_to_HOST,907776,146113.97588800066,146448.37620800064,334.4003199999834
2,136,block_11_qkv,block_11_attention,2,gpu_host,HOST_to_GPU,907776,146127.34675200068,146180.00499200067,52.658240000003076
5,135,block_11_norm1,block_11_qkv,1,gpu_host,GPU_to_HOST,302592,146410.79798400062,146431.6840640006,20.88608000000436
5,135,block_11_norm1,block_11_qkv,2,host_fpga_pcie,HOST_to_FPGA,302592,146431.6840640006,146607.2235840006,175.53951999998984
4,136,block_11_qkv,block_11_attention,1,host_fpga_pcie,FPGA_to_HOST,907776,146435.00534400062,146769.4056640006,334.4003199999834
3,136,block_11_qkv,block_11_attention,2,gpu_host,HOST_to_GPU,907776,146448.37620800064,146501.03444800063,52.658240000003076
6,135,block_11_norm1,block_11_qkv,1,gpu_host,GPU_to_HOST,302592,146731.82744000058,146752.71352000057,20.88608000000436
6,135,block_11_norm1,block_11_qkv,2,host_fpga_pcie,HOST_to_FPGA,302592,146752.71352000057,146928.25304000056,175.53951999998984
5,136,block_11_qkv,block_11_attention,1,host_fpga_pcie,FPGA_to_HOST,907776,146756.03480000058,147090.43512000056,334.4003199999834
4,136,block_11_qkv,block_11_attention,2,gpu_host,HOST_to_GPU,907776,146769.4056640006,146822.0639040006,52.658240000003076
7,135,block_11_norm1,block_11_qkv,1,gpu_host,GPU_to_HOST,302592,147052.85689600054,147073.74297600053,20.88608000000436
7,135,block_11_norm1,block_11_qkv,2,host_fpga_pcie,HOST_to_FPGA,302592,147073.74297600053,147249.28249600052,175.53951999998984
6,136,block_11_qkv,block_11_attention,1,host_fpga_pcie,FPGA_to_HOST,907776,147077.06425600054,147411.46457600052,334.4003199999834
5,136,block_11_qkv,block_11_attention,2,gpu_host,HOST_to_GPU,907776,147090.43512000056,147143.09336000055,52.658240000003076
0,137,block_11_attention,block_11_proj,1,gpu_host,GPU_to_HOST,302592,147373.8863520005,147394.7724320005,20.88608000000436
0,137,block_11_attention,block_11_proj,2,host_fpga_pcie,HOST_to_FPGA,302592,147394.7724320005,147570.31195200048,175.53951999998984
7,136,block_11_qkv,block_11_attention,1,host_fpga_pcie,FPGA_to_HOST,907776,147398.0937120005,147873.40276800055,475.30905600007276
6,136,block_11_qkv,block_11_attention,2,gpu_host,HOST_to_GPU,907776,147411.46457600052,147464.1228160005,52.658240000003076
0,138,block_11_proj,block_11_residual1,1,host_fpga_pcie,FPGA_to_HOST,302592,147636.81814400046,147880.9117920005,244.0936480000433
1,137,block_11_attention,block_11_proj,1,gpu_host,GPU_to_HOST,302592,147636.81814400046,147657.70422400045,20.88608000000436
1,137,block_11_attention,block_11_proj,2,host_fpga_pcie,HOST_to_FPGA,302592,147657.70422400045,147891.3548320005,233.6506080000411
7,136,block_11_qkv,block_11_attention,2,gpu_host,HOST_to_GPU,907776,147873.40276800055,147941.94708800057,68.54432000000243
0,138,block_11_proj,block_11_residual1,2,gpu_host,HOST_to_GPU,302592,147880.9117920005,147917.6839520005,36.772160000003716
1,138,block_11_proj,block_11_residual1,1,host_fpga_pcie,FPGA_to_HOST,302592,147957.86102400048,148115.83574400045,157.97471999998146
2,137,block_11_attention,block_11_proj,1,gpu_host,GPU_to_HOST,302592,147957.86102400048,147978.74710400047,20.88608000000436
2,137,block_11_attention,block_11_proj,2,host_fpga_pcie,HOST_to_FPGA,302592,147978.74710400047,148136.72182400044,157.97471999998146
1,138,block_11_proj,block_11_residual1,2,gpu_host,HOST_to_GPU,302592,148115.83574400045,148136.72182400044,20.88608000000436
2,138,block_11_proj,block_11_residual1,1,host_fpga_pcie,FPGA_to_HOST,302592,148203.22801600042,148361.20273600038,157.97471999998146
3,137,block_11_attention,block_11_proj,1,gpu_host,GPU_to_HOST,302592,148203.22801600042,148224.1140960004,20.88608000000436
3,137,block_11_attention,block_11_proj,2,host_fpga_pcie,HOST_to_FPGA,302592,148224.1140960004,148382.0888160004,157.97471999998146
2,138,block_11_proj,block_11_residual1,2,gpu_host,HOST_to_GPU,302592,148361.20273600038,148382.0888160004,20.88608000000436
3,138,block_11_proj,block_11_residual1,1,host_fpga_pcie,FPGA_to_HOST,302592,148448.59500800035,148606.56972800035,157.97471999998146
4,137,block_11_attention,block_11_proj,1,gpu_host,GPU_to_HOST,302592,148448.59500800035,148469.48108800038,20.88608000000436
4,137,block_11_attention,block_11_proj,2,host_fpga_pcie,HOST_to_FPGA,302592,148469.48108800038,148627.45580800035,157.97471999998146
3,138,block_11_proj,block_11_residual1,2,gpu_host,HOST_to_GPU,302592,148606.56972800035,148627.45580800035,20.88608000000436
4,138,block_11_proj,block_11_residual1,1,host_fpga_pcie,FPGA_to_HOST,302592,148693.96200000032,148851.9367200003,157.97471999998146
5,137,block_11_attention,block_11_proj,1,gpu_host,GPU_to_HOST,302592,148693.96200000032,148714.84808000032,20.88608000000436
5,137,block_11_attention,block_11_proj,2,host_fpga_pcie,HOST_to_FPGA,302592,148714.84808000032,148872.82280000031,157.97471999998146
4,138,block_11_proj,block_11_residual1,2,gpu_host,HOST_to_GPU,302592,148851.9367200003,148872.82280000031,20.88608000000436
5,138,block_11_proj,block_11_residual1,1,host_fpga_pcie,FPGA_to_HOST,302592,148939.32899200026,149097.30371200026,157.97471999998146
6,137,block_11_attention,block_11_proj,1,gpu_host,GPU_to_HOST,302592,148939.32899200026,148960.21507200028,20.88608000000436
6,137,block_11_attention,block_11_proj,2,host_fpga_pcie,HOST_to_FPGA,302592,148960.21507200028,149118.18979200025,157.97471999998146
5,138,block_11_proj,block_11_residual1,2,gpu_host,HOST_to_GPU,302592,149097.30371200026,149118.18979200025,20.88608000000436
0,141,block_11_norm2,block_11_fc1,1,gpu_host,GPU_to_HOST,302592,149184.69598400022,149205.58206400022,20.88608000000436
6,138,block_11_proj,block_11_residual1,1,host_fpga_pcie,FPGA_to_HOST,302592,149184.69598400022,149342.6707040002,157.97471999998146
0,141,block_11_norm2,block_11_fc1,2,host_fpga_pcie,HOST_to_FPGA,302592,149205.58206400022,149363.55678400022,157.97471999998146
6,138,block_11_proj,block_11_residual1,2,gpu_host,HOST_to_GPU,302592,149342.6707040002,149363.55678400022,20.88608000000436
7,137,block_11_attention,block_11_proj,1,gpu_host,GPU_to_HOST,302592,149517.20947200016,149538.0955520002,20.88608000000436
7,137,block_11_attention,block_11_proj,2,host_fpga_pcie,HOST_to_FPGA,302592,149538.0955520002,149701.53139200015,163.4358399999758
0,142,block_11_fc1,block_11_gelu,1,host_fpga_pcie,FPGA_to_HOST,1210368,149553.5205120002,150114.10835200016,560.5878399999598
1,141,block_11_norm2,block_11_fc1,1,gpu_host,GPU_to_HOST,302592,149768.03758400012,149788.92366400012,20.88608000000436
7,138,block_11_proj,block_11_residual1,1,host_fpga_pcie,FPGA_to_HOST,302592,149768.03758400012,150015.8857440001,247.84815999998045
1,141,block_11_norm2,block_11_fc1,2,host_fpga_pcie,HOST_to_FPGA,302592,149788.92366400012,150036.7718240001,247.84815999998045
7,138,block_11_proj,block_11_residual1,2,gpu_host,HOST_to_GPU,302592,150015.8857440001,150036.7718240001,20.88608000000436
0,142,block_11_fc1,block_11_gelu,2,gpu_host,HOST_to_GPU,1210368,150114.10835200016,150182.65267200014,68.54432000000243
2,141,block_11_norm2,block_11_fc1,1,gpu_host,GPU_to_HOST,302592,150190.42451200006,150211.31059200008,20.88608000000436
2,141,block_11_norm2,block_11_fc1,2,host_fpga_pcie,HOST_to_FPGA,302592,150211.31059200008,150374.74643200004,163.4358399999758
1,142,block_11_fc1,block_11_gelu,1,host_fpga_pcie,FPGA_to_HOST,1210368,150226.7355520001,150739.10489600015,512.3693440000632
3,141,block_11_norm2,block_11_fc1,1,gpu_host,GPU_to_HOST,302592,150528.39912000002,150549.2852,20.88608000000436
3,141,block_11_norm2,block_11_fc1,2,host_fpga_pcie,HOST_to_FPGA,302592,150549.2852,150779.61091200006,230.3257120000457
2,142,block_11_fc1,block_11_gelu,1,host_fpga_pcie,FPGA_to_HOST,1210368,150564.71016000005,151120.83193600012,556.1217760000902
1,142,block_11_fc1,block_11_gelu,2,gpu_host,HOST_to_GPU,1210368,150739.10489600015,150807.64921600014,68.54432000000243
4,141,block_11_norm2,block_11_fc1,1,gpu_host,GPU_to_HOST,302592,150933.26360000003,150954.14968000003,20.88608000000436
4,141,block_11_norm2,block_11_fc1,2,host_fpga_pcie,HOST_to_FPGA,302592,150954.14968000003,151176.76291200006,222.61323200001294
3,142,block_11_fc1,block_11_gelu,1,host_fpga_pcie,FPGA_to_HOST,1210368,150969.57464000004,151517.98393600012,548.4092960000853
2,142,block_11_fc1,block_11_gelu,2,gpu_host,HOST_to_GPU,1210368,151120.83193600012,151189.37625600013,68.54432000000243
5,141,block_11_norm2,block_11_fc1,1,gpu_host,GPU_to_HOST,302592,151330.4156,151351.30168000003,20.88608000000436
5,141,block_11_norm2,block_11_fc1,2,host_fpga_pcie,HOST_to_FPGA,302592,151351.30168000003,151573.91491200007,222.61323200004068
4,142,block_11_fc1,block_11_gelu,1,host_fpga_pcie,FPGA_to_HOST,1210368,151366.72664000004,151915.13593600012,548.4092960000853
3,142,block_11_fc1,block_11_gelu,2,gpu_host,HOST_to_GPU,1210368,151517.98393600012,151586.52825600014,68.54432000000243
6,141,block_11_norm2,block_11_fc1,1,gpu_host,GPU_to_HOST,302592,151727.56760000004,151748.45368000004,20.88608000000436
6,141,block_11_norm2,block_11_fc1,2,host_fpga_pcie,HOST_to_FPGA,302592,151748.45368000004,151971.06691200004,222.61323200001294
5,142,block_11_fc1,block_11_gelu,1,host_fpga_pcie,FPGA_to_HOST,1210368,151763.87864000004,152312.28793600012,548.4092960000853
4,142,block_11_fc1,block_11_gelu,2,gpu_host,HOST_to_GPU,1210368,151915.13593600012,151983.6802560001,68.54432000000243
7,141,block_11_norm2,block_11_fc1,1,gpu_host,GPU_to_HOST,302592,152124.7196,152145.60568,20.88608000000436
7,141,block_11_norm2,block_11_fc1,2,host_fpga_pcie,HOST_to_FPGA,302592,152145.60568,152368.21891200007,222.61323200004068
6,142,block_11_fc1,block_11_gelu,1,host_fpga_pcie,FPGA_to_HOST,1210368,152161.03064000004,152652.0303360001,490.99969600008285
5,142,block_11_fc1,block_11_gelu,2,gpu_host,HOST_to_GPU,1210368,152312.28793600012,152380.83225600014,68.54432000000243
0,143,block_11_gelu,block_11_fc2,1,gpu_host,GPU_to_HOST,1210368,152558.18264000004,152626.72696000003,68.54432000000243
7,142,block_11_fc1,block_11_gelu,1,host_fpga_pcie,FPGA_to_HOST,1210368,152558.18264000004,153215.39363200008,657.2109920000291
0,143,block_11_gelu,block_11_fc2,2,host_fpga_pcie,HOST_to_FPGA,1210368,152626.72696000003,153249.66579200004,622.938832000014
6,142,block_11_fc1,block_11_gelu,2,gpu_host,HOST_to_GPU,1210368,152652.0303360001,152720.5746560001,68.54432000000243
7,142,block_11_fc1,block_11_gelu,2,gpu_host,HOST_to_GPU,1210368,153215.39363200008,153283.93795200007,68.54432000000243
0,144,block_11_fc2,block_11_residual2,1,host_fpga_pcie,FPGA_to_HOST,302592,153439.62952000005,153539.05992000003,99.43039999998904
1,143,block_11_gelu,block_11_fc2,1,gpu_host,GPU_to_HOST,1210368,153475.94056000005,153544.90984000007,68.96928000002522
0,144,block_11_fc2,block_11_residual2,2,gpu_host,HOST_to_GPU,302592,153539.05992000003,153560.37096000006,21.31104000002715
1,143,block_11_gelu,block_11_fc2,2,host_fpga_pcie,HOST_to_FPGA,1210368,153544.90984000007,153882.63144000006,337.7215999999794
1,144,block_11_fc2,block_11_residual2,1,host_fpga_pcie,FPGA_to_HOST,302592,154072.59516800003,154172.025568,99.43039999998904
2,143,block_11_gelu,block_11_fc2,1,gpu_host,GPU_to_HOST,1210368,154108.90620800006,154177.87548800008,68.96928000002522
1,144,block_11_fc2,block_11_residual2,2,gpu_host,HOST_to_GPU,302592,154172.025568,154193.33660800004,21.31104000002715
2,143,block_11_gelu,block_11_fc2,2,host_fpga_pcie,HOST_to_FPGA,1210368,154177.87548800008,154515.59708800007,337.7215999999794
2,144,block_11_fc2,block_11_residual2,1,host_fpga_pcie,FPGA_to_HOST,302592,154705.56081600004,154804.99121600002,99.43039999998904
3,143,block_11_gelu,block_11_fc2,1,gpu_host,GPU_to_HOST,1210368,154741.87185600004,154810.8411360001,68.96928000002522
2,144,block_11_fc2,block_11_residual2,2,gpu_host,HOST_to_GPU,302592,154804.99121600002,154826.30225600005,21.31104000002715
3,143,block_11_gelu,block_11_fc2,2,host_fpga_pcie,HOST_to_FPGA,1210368,154810.8411360001,155148.56273600005,337.7215999999794
3,144,block_11_fc2,block_11_residual2,1,host_fpga_pcie,FPGA_to_HOST,302592,155338.52646400002,155437.95686400004,99.43039999998904
4,143,block_11_gelu,block_11_fc2,1,gpu_host,GPU_to_HOST,1210368,155374.83750400005,155443.80678400007,68.96928000002522
3,144,block_11_fc2,block_11_residual2,2,gpu_host,HOST_to_GPU,302592,155437.95686400004,155459.26790400007,21.31104000002715
4,143,block_11_gelu,block_11_fc2,2,host_fpga_pcie,HOST_to_FPGA,1210368,155443.80678400007,155781.52838400006,337.7215999999794
4,144,block_11_fc2,block_11_residual2,1,host_fpga_pcie,FPGA_to_HOST,302592,155971.49211200004,156070.92251200002,99.43039999998904
5,143,block_11_gelu,block_11_fc2,1,gpu_host,GPU_to_HOST,1210368,156007.80315200007,156076.77243200009,68.96928000002522
4,144,block_11_fc2,block_11_residual2,2,gpu_host,HOST_to_GPU,302592,156070.92251200002,156092.23355200005,21.31104000002715
5,143,block_11_gelu,block_11_fc2,2,host_fpga_pcie,HOST_to_FPGA,1210368,156076.77243200009,156414.49403200005,337.7215999999794
5,144,block_11_fc2,block_11_residual2,1,host_fpga_pcie,FPGA_to_HOST,302592,156604.45776000005,156703.88816000003,99.43039999998904
6,143,block_11_gelu,block_11_fc2,1,gpu_host,GPU_to_HOST,1210368,156640.76880000005,156709.73808000007,68.96928000002522
5,144,block_11_fc2,block_11_residual2,2,gpu_host,HOST_to_GPU,302592,156703.88816000003,156725.19920000006,21.31104000002715
6,143,block_11_gelu,block_11_fc2,2,host_fpga_pcie,HOST_to_FPGA,1210368,156709.73808000007,157047.45968000006,337.7215999999794
6,144,block_11_fc2,block_11_residual2,1,host_fpga_pcie,FPGA_to_HOST,302592,157237.42340800003,157336.853808,99.43039999998904
7,143,block_11_gelu,block_11_fc2,1,gpu_host,GPU_to_HOST,1210368,157273.73444800006,157342.70372800008,68.96928000002522
6,144,block_11_fc2,block_11_residual2,2,gpu_host,HOST_to_GPU,302592,157336.853808,157358.16484800004,21.31104000002715
7,143,block_11_gelu,block_11_fc2,2,host_fpga_pcie,HOST_to_FPGA,1210368,157342.70372800008,157680.42532800007,337.7215999999794
0,147,class_token_select,classifier,1,gpu_host,GPU_to_HOST,1536,157858.34681600006,157863.42745600006,5.080640000015846
0,147,class_token_select,classifier,2,host_fpga_pcie,HOST_to_FPGA,1536,157863.42745600006,157883.83065600006,20.40319999999096
7,144,block_11_fc2,block_11_residual2,1,host_fpga_pcie,FPGA_to_HOST,302592,157870.38905600004,157970.62585600003,100.23679999998647
1,147,class_token_select,classifier,1,gpu_host,GPU_to_HOST,1536,157897.39553600008,157902.47617600008,5.080640000015846
1,147,class_token_select,classifier,2,host_fpga_pcie,HOST_to_FPGA,1536,157902.47617600008,157923.28257600009,20.80639999998968
2,147,class_token_select,classifier,1,gpu_host,GPU_to_HOST,1536,157936.84745600008,157941.9280960001,5.080640000015846
2,147,class_token_select,classifier,2,host_fpga_pcie,HOST_to_FPGA,1536,157941.9280960001,157962.7344960001,20.80639999998968
7,144,block_11_fc2,block_11_residual2,2,gpu_host,HOST_to_GPU,302592,157970.62585600003,157991.59257600005,20.966720000015204
3,147,class_token_select,classifier,1,gpu_host,GPU_to_HOST,1536,157976.2993760001,157981.4606560001,5.161279999998936
3,147,class_token_select,classifier,2,host_fpga_pcie,HOST_to_FPGA,1536,157981.4606560001,158001.8638560001,20.40319999999096
4,147,class_token_select,classifier,1,gpu_host,GPU_to_HOST,1536,158015.42873600012,158020.50937600012,5.080640000015846
4,147,class_token_select,classifier,2,host_fpga_pcie,HOST_to_FPGA,1536,158020.50937600012,158040.91257600012,20.40319999999096
5,147,class_token_select,classifier,1,gpu_host,GPU_to_HOST,1536,158054.47745600014,158059.55809600014,5.080640000015846
5,147,class_token_select,classifier,2,host_fpga_pcie,HOST_to_FPGA,1536,158059.55809600014,158079.96129600014,20.40319999999096
6,147,class_token_select,classifier,1,gpu_host,GPU_to_HOST,1536,158093.52617600013,158098.60681600016,5.080640000015846
6,147,class_token_select,classifier,2,host_fpga_pcie,HOST_to_FPGA,1536,158098.60681600016,158119.01001600016,20.40319999999096
7,147,class_token_select,classifier,1,gpu_host,GPU_to_HOST,1536,158132.57489600015,158137.65553600018,5.080640000015846
7,147,class_token_select,classifier,2,host_fpga_pcie,HOST_to_FPGA,1536,158137.65553600018,158158.05873600018,20.40319999999096
