request_id,selected_mode,task_id,task_type,device,start_us,finish_us
0,fixed_manifest,patch_embedding,patch_embedding,GPU,0.0,151.50688000000002
0,fixed_manifest,token_embedding,token_and_position_embedding,GPU,151.50688000000002,169.85408
0,fixed_manifest,block_00_norm1,layer_norm,GPU,169.85408,191.98368000000002
0,fixed_manifest,block_00_qkv,linear_qkv,GPU,191.98368000000002,634.7161600000001
0,fixed_manifest,block_00_attention,self_attention,GPU,634.7161600000001,790.7427200000001
0,fixed_manifest,block_00_proj,linear_projection,GPU,790.7427200000001,942.98688
0,fixed_manifest,block_00_residual1,residual_add,GPU,942.98688,961.33408
0,fixed_manifest,block_00_norm2,layer_norm,GPU,961.33408,983.4636800000001
0,fixed_manifest,block_00_ffn_island,fused_ffn_island,FPGA,1142.2284800000002,1474.9760000000003
0,fixed_manifest,block_00_residual2,residual_add,GPU,1633.7408000000003,1652.0880000000004
0,fixed_manifest,block_01_norm1,layer_norm,GPU,1652.0880000000004,1674.2176000000004
0,fixed_manifest,block_01_qkv,linear_qkv,GPU,1674.2176000000004,2116.9500800000005
0,fixed_manifest,block_01_attention,self_attention,GPU,2116.9500800000005,2272.9766400000003
0,fixed_manifest,block_01_proj,linear_projection,GPU,2272.9766400000003,2425.2208000000005
0,fixed_manifest,block_01_residual1,residual_add,GPU,2425.2208000000005,2443.568
0,fixed_manifest,block_01_norm2,layer_norm,GPU,2443.568,2465.6976
0,fixed_manifest,block_01_ffn_island,fused_ffn_island,FPGA,2624.4624,2957.20992
0,fixed_manifest,block_01_residual2,residual_add,GPU,3115.9747199999997,3134.3219199999994
0,fixed_manifest,block_02_norm1,layer_norm,GPU,3134.3219199999994,3156.4515199999996
0,fixed_manifest,block_02_qkv,linear_qkv,GPU,3156.4515199999996,3599.1839999999993
0,fixed_manifest,block_02_attention,self_attention,GPU,3599.1839999999993,3755.210559999999
0,fixed_manifest,block_02_proj,linear_projection,GPU,3755.210559999999,3907.4547199999993
0,fixed_manifest,block_02_residual1,residual_add,GPU,3907.4547199999993,3925.8019199999994
0,fixed_manifest,block_02_norm2,layer_norm,GPU,3925.8019199999994,3947.9315199999996
0,fixed_manifest,block_02_ffn_island,fused_ffn_island,FPGA,4106.69632,4439.443840000001
0,fixed_manifest,block_02_residual2,residual_add,GPU,4598.208640000002,4616.555840000002
0,fixed_manifest,block_03_norm1,layer_norm,GPU,4616.555840000002,4638.685440000002
0,fixed_manifest,block_03_qkv,linear_qkv,GPU,4638.685440000002,5081.417920000002
0,fixed_manifest,block_03_attention,self_attention,GPU,5081.417920000002,5237.444480000002
0,fixed_manifest,block_03_proj,linear_projection,GPU,5237.444480000002,5389.688640000002
0,fixed_manifest,block_03_residual1,residual_add,GPU,5389.688640000002,5408.035840000002
0,fixed_manifest,block_03_norm2,layer_norm,GPU,5408.035840000002,5430.1654400000025
0,fixed_manifest,block_03_ffn_island,fused_ffn_island,FPGA,5588.930240000003,5921.677760000003
0,fixed_manifest,block_03_residual2,residual_add,GPU,6080.442560000004,6098.789760000004
0,fixed_manifest,block_04_norm1,layer_norm,GPU,6098.789760000004,6120.919360000004
0,fixed_manifest,block_04_qkv,linear_qkv,GPU,6120.919360000004,6563.651840000005
0,fixed_manifest,block_04_attention,self_attention,GPU,6563.651840000005,6719.678400000004
0,fixed_manifest,block_04_proj,linear_projection,GPU,6719.678400000004,6871.9225600000045
0,fixed_manifest,block_04_residual1,residual_add,GPU,6871.9225600000045,6890.269760000005
0,fixed_manifest,block_04_norm2,layer_norm,GPU,6890.269760000005,6912.399360000005
0,fixed_manifest,block_04_ffn_island,fused_ffn_island,FPGA,7071.164160000006,7403.911680000006
0,fixed_manifest,block_04_residual2,residual_add,GPU,7562.676480000006,7581.023680000007
0,fixed_manifest,block_05_norm1,layer_norm,GPU,7581.023680000007,7603.153280000007
0,fixed_manifest,block_05_qkv,linear_qkv,GPU,7603.153280000007,8045.8857600000065
0,fixed_manifest,block_05_attention,self_attention,GPU,8045.8857600000065,8201.912320000007
0,fixed_manifest,block_05_proj,linear_projection,GPU,8201.912320000007,8354.156480000007
0,fixed_manifest,block_05_residual1,residual_add,GPU,8354.156480000007,8372.503680000005
0,fixed_manifest,block_05_norm2,layer_norm,GPU,8372.503680000005,8394.633280000005
0,fixed_manifest,block_05_ffn_island,fused_ffn_island,FPGA,8553.398080000004,8886.145600000003
0,fixed_manifest,block_05_residual2,residual_add,GPU,9044.910400000002,9063.257600000003
0,fixed_manifest,block_06_norm1,layer_norm,GPU,9063.257600000003,9085.387200000003
0,fixed_manifest,block_06_qkv,linear_qkv,GPU,9085.387200000003,9528.119680000002
0,fixed_manifest,block_06_attention,self_attention,GPU,9528.119680000002,9684.146240000002
0,fixed_manifest,block_06_proj,linear_projection,GPU,9684.146240000002,9836.390400000002
0,fixed_manifest,block_06_residual1,residual_add,GPU,9836.390400000002,9854.737600000002
0,fixed_manifest,block_06_norm2,layer_norm,GPU,9854.737600000002,9876.867200000002
1,fixed_manifest,patch_embedding,patch_embedding,GPU,10000.0,10151.50688
0,fixed_manifest,block_06_ffn_island,fused_ffn_island,FPGA,10035.632000000001,10368.37952
1,fixed_manifest,token_embedding,token_and_position_embedding,GPU,10151.50688,10169.854080000001
1,fixed_manifest,block_00_norm1,layer_norm,GPU,10169.854080000001,10191.983680000001
1,fixed_manifest,block_00_qkv,linear_qkv,GPU,10191.983680000001,10634.71616
0,fixed_manifest,block_06_residual2,residual_add,GPU,10634.71616,10653.06336
1,fixed_manifest,block_00_attention,self_attention,GPU,10653.06336,10809.089919999999
0,fixed_manifest,block_07_norm1,layer_norm,GPU,10809.089919999999,10831.219519999999
1,fixed_manifest,block_00_proj,linear_projection,GPU,10831.219519999999,10983.463679999999
0,fixed_manifest,block_07_qkv,linear_qkv,GPU,10983.463679999999,11426.19616
1,fixed_manifest,block_00_residual1,residual_add,GPU,11426.19616,11444.543359999998
0,fixed_manifest,block_07_attention,self_attention,GPU,11444.543359999998,11600.569919999998
1,fixed_manifest,block_00_norm2,layer_norm,GPU,11600.569919999998,11622.699519999998
0,fixed_manifest,block_07_proj,linear_projection,GPU,11622.699519999998,11774.943679999998
0,fixed_manifest,block_07_residual1,residual_add,GPU,11774.943679999998,11793.290879999999
1,fixed_manifest,block_00_ffn_island,fused_ffn_island,FPGA,11781.464319999997,12114.211839999996
0,fixed_manifest,block_07_norm2,layer_norm,GPU,11793.290879999999,11815.420479999999
0,fixed_manifest,block_07_ffn_island,fused_ffn_island,FPGA,12337.787839999997,12670.535359999996
1,fixed_manifest,block_00_residual2,residual_add,GPU,12337.787839999997,12356.135039999997
1,fixed_manifest,block_01_norm1,layer_norm,GPU,12356.135039999997,12378.264639999998
1,fixed_manifest,block_01_qkv,linear_qkv,GPU,12378.264639999998,12820.997119999996
1,fixed_manifest,block_01_attention,self_attention,GPU,12820.997119999996,12977.023679999997
0,fixed_manifest,block_07_residual2,residual_add,GPU,12977.023679999997,12995.370879999995
1,fixed_manifest,block_01_proj,linear_projection,GPU,12995.370879999995,13147.615039999995
0,fixed_manifest,block_08_norm1,layer_norm,GPU,13147.615039999995,13169.744639999997
1,fixed_manifest,block_01_residual1,residual_add,GPU,13169.744639999997,13188.091839999995
0,fixed_manifest,block_08_qkv,linear_qkv,GPU,13188.091839999995,13630.824319999994
1,fixed_manifest,block_01_norm2,layer_norm,GPU,13630.824319999994,13652.953919999994
0,fixed_manifest,block_08_attention,self_attention,GPU,13652.953919999994,13808.980479999995
0,fixed_manifest,block_08_proj,linear_projection,GPU,13808.980479999995,13961.224639999995
1,fixed_manifest,block_01_ffn_island,fused_ffn_island,FPGA,13811.718719999993,14144.466239999994
0,fixed_manifest,block_08_residual1,residual_add,GPU,13961.224639999995,13979.571839999995
0,fixed_manifest,block_08_norm2,layer_norm,GPU,13979.571839999995,14001.701439999995
0,fixed_manifest,block_08_ffn_island,fused_ffn_island,FPGA,14368.042239999995,14700.789759999994
1,fixed_manifest,block_01_residual2,residual_add,GPU,14368.042239999995,14386.389439999994
1,fixed_manifest,block_02_norm1,layer_norm,GPU,14386.389439999994,14408.519039999994
1,fixed_manifest,block_02_qkv,linear_qkv,GPU,14408.519039999994,14851.251519999994
1,fixed_manifest,block_02_attention,self_attention,GPU,14851.251519999994,15007.278079999993
0,fixed_manifest,block_08_residual2,residual_add,GPU,15007.278079999993,15025.625279999993
1,fixed_manifest,block_02_proj,linear_projection,GPU,15025.625279999993,15177.869439999993
0,fixed_manifest,block_09_norm1,layer_norm,GPU,15177.869439999993,15199.999039999993
1,fixed_manifest,block_02_residual1,residual_add,GPU,15199.999039999993,15218.346239999993
0,fixed_manifest,block_09_qkv,linear_qkv,GPU,15218.346239999993,15661.078719999992
1,fixed_manifest,block_02_norm2,layer_norm,GPU,15661.078719999992,15683.208319999992
0,fixed_manifest,block_09_attention,self_attention,GPU,15683.208319999992,15839.234879999995
0,fixed_manifest,block_09_proj,linear_projection,GPU,15839.234879999995,15991.479039999993
1,fixed_manifest,block_02_ffn_island,fused_ffn_island,FPGA,15841.973119999995,16174.720639999994
0,fixed_manifest,block_09_residual1,residual_add,GPU,15991.479039999993,16009.826239999993
0,fixed_manifest,block_09_norm2,layer_norm,GPU,16009.826239999993,16031.955839999993
0,fixed_manifest,block_09_ffn_island,fused_ffn_island,FPGA,16398.296639999993,16731.044159999994
1,fixed_manifest,block_02_residual2,residual_add,GPU,16398.296639999993,16416.643839999993
1,fixed_manifest,block_03_norm1,layer_norm,GPU,16416.643839999993,16438.773439999994
1,fixed_manifest,block_03_qkv,linear_qkv,GPU,16438.773439999994,16881.505919999996
1,fixed_manifest,block_03_attention,self_attention,GPU,16881.505919999996,17037.532479999994
0,fixed_manifest,block_09_residual2,residual_add,GPU,17037.532479999994,17055.87968
1,fixed_manifest,block_03_proj,linear_projection,GPU,17055.87968,17208.123839999997
0,fixed_manifest,block_10_norm1,layer_norm,GPU,17208.123839999997,17230.253439999997
1,fixed_manifest,block_03_residual1,residual_add,GPU,17230.253439999997,17248.600639999997
0,fixed_manifest,block_10_qkv,linear_qkv,GPU,17248.600639999997,17691.333119999996
1,fixed_manifest,block_03_norm2,layer_norm,GPU,17691.333119999996,17713.462719999996
0,fixed_manifest,block_10_attention,self_attention,GPU,17713.462719999996,17869.489279999998
0,fixed_manifest,block_10_proj,linear_projection,GPU,17869.489279999998,18021.733439999996
1,fixed_manifest,block_03_ffn_island,fused_ffn_island,FPGA,17872.22752,18204.975039999998
0,fixed_manifest,block_10_residual1,residual_add,GPU,18021.733439999996,18040.080639999996
0,fixed_manifest,block_10_norm2,layer_norm,GPU,18040.080639999996,18062.210239999997
0,fixed_manifest,block_10_ffn_island,fused_ffn_island,FPGA,18428.55104,18761.298559999996
1,fixed_manifest,block_03_residual2,residual_add,GPU,18428.55104,18446.89824
1,fixed_manifest,block_04_norm1,layer_norm,GPU,18446.89824,18469.02784
1,fixed_manifest,block_04_qkv,linear_qkv,GPU,18469.02784,18911.760319999998
1,fixed_manifest,block_04_attention,self_attention,GPU,18911.760319999998,19067.78688
0,fixed_manifest,block_10_residual2,residual_add,GPU,19067.78688,19086.13408
1,fixed_manifest,block_04_proj,linear_projection,GPU,19086.13408,19238.37824
0,fixed_manifest,block_11_norm1,layer_norm,GPU,19238.37824,19260.50784
1,fixed_manifest,block_04_residual1,residual_add,GPU,19260.50784,19278.855040000002
0,fixed_manifest,block_11_qkv,linear_qkv,GPU,19278.855040000002,19721.58752
1,fixed_manifest,block_04_norm2,layer_norm,GPU,19721.58752,19743.71712
0,fixed_manifest,block_11_attention,self_attention,GPU,19743.71712,19899.743680000003
0,fixed_manifest,block_11_proj,linear_projection,GPU,19899.743680000003,20051.98784
1,fixed_manifest,block_04_ffn_island,fused_ffn_island,FPGA,19902.481920000002,20235.229440000003
2,fixed_manifest,patch_embedding,patch_embedding,GPU,20051.98784,20203.49472
0,fixed_manifest,block_11_residual1,residual_add,GPU,20203.49472,20221.84192
2,fixed_manifest,token_embedding,token_and_position_embedding,GPU,20221.84192,20240.189120000003
0,fixed_manifest,block_11_norm2,layer_norm,GPU,20240.189120000003,20262.318720000003
2,fixed_manifest,block_00_norm1,layer_norm,GPU,20262.318720000003,20284.448320000003
2,fixed_manifest,block_00_qkv,linear_qkv,GPU,20284.448320000003,20727.180800000002
0,fixed_manifest,block_11_ffn_island,fused_ffn_island,FPGA,20458.80544,20791.55296
1,fixed_manifest,block_04_residual2,residual_add,GPU,20727.180800000002,20745.528000000002
2,fixed_manifest,block_00_attention,self_attention,GPU,20745.528000000002,20901.554560000004
1,fixed_manifest,block_05_norm1,layer_norm,GPU,20901.554560000004,20923.684160000004
2,fixed_manifest,block_00_proj,linear_projection,GPU,20923.684160000004,21075.928320000003
1,fixed_manifest,block_05_qkv,linear_qkv,GPU,21075.928320000003,21518.6608
0,fixed_manifest,block_11_residual2,residual_add,GPU,21518.6608,21537.008
2,fixed_manifest,block_00_residual1,residual_add,GPU,21537.008,21555.355200000005
1,fixed_manifest,block_05_attention,self_attention,GPU,21555.355200000005,21711.381760000007
0,fixed_manifest,final_norm,layer_norm,GPU,21711.381760000007,21733.511360000008
2,fixed_manifest,block_00_norm2,layer_norm,GPU,21733.511360000008,21755.640960000008
1,fixed_manifest,block_05_proj,linear_projection,GPU,21755.640960000008,21907.885120000006
0,fixed_manifest,class_token_select,class_token_select,GPU,21907.885120000006,21914.923520000004
2,fixed_manifest,block_00_ffn_island,fused_ffn_island,FPGA,21914.40576000001,22247.15328000001
1,fixed_manifest,block_05_residual1,residual_add,GPU,21914.923520000004,21933.270720000004
0,fixed_manifest,classifier,linear_classifier,GPU,21933.270720000004,21941.230720000007
1,fixed_manifest,block_05_norm2,layer_norm,GPU,21941.230720000007,21963.360320000007
1,fixed_manifest,block_05_ffn_island,fused_ffn_island,FPGA,22470.729280000007,22803.476800000008
2,fixed_manifest,block_00_residual2,residual_add,GPU,22470.729280000007,22489.076480000007
2,fixed_manifest,block_01_norm1,layer_norm,GPU,22489.076480000007,22511.206080000007
2,fixed_manifest,block_01_qkv,linear_qkv,GPU,22511.206080000007,22953.93856000001
2,fixed_manifest,block_01_attention,self_attention,GPU,22953.93856000001,23109.965120000008
1,fixed_manifest,block_05_residual2,residual_add,GPU,23109.965120000008,23128.312320000012
2,fixed_manifest,block_01_proj,linear_projection,GPU,23128.312320000012,23280.55648000001
1,fixed_manifest,block_06_norm1,layer_norm,GPU,23280.55648000001,23302.68608000001
2,fixed_manifest,block_01_residual1,residual_add,GPU,23302.68608000001,23321.03328000001
1,fixed_manifest,block_06_qkv,linear_qkv,GPU,23321.03328000001,23763.76576000001
2,fixed_manifest,block_01_norm2,layer_norm,GPU,23763.76576000001,23785.89536000001
1,fixed_manifest,block_06_attention,self_attention,GPU,23785.89536000001,23941.92192000001
1,fixed_manifest,block_06_proj,linear_projection,GPU,23941.92192000001,24094.16608000001
2,fixed_manifest,block_01_ffn_island,fused_ffn_island,FPGA,23944.660160000014,24277.40768000001
1,fixed_manifest,block_06_residual1,residual_add,GPU,24094.16608000001,24112.51328000001
1,fixed_manifest,block_06_norm2,layer_norm,GPU,24112.51328000001,24134.64288000001
1,fixed_manifest,block_06_ffn_island,fused_ffn_island,FPGA,24500.983680000012,24833.73120000001
2,fixed_manifest,block_01_residual2,residual_add,GPU,24500.983680000012,24519.330880000012
2,fixed_manifest,block_02_norm1,layer_norm,GPU,24519.330880000012,24541.460480000012
2,fixed_manifest,block_02_qkv,linear_qkv,GPU,24541.460480000012,24984.19296000001
2,fixed_manifest,block_02_attention,self_attention,GPU,24984.19296000001,25140.219520000013
1,fixed_manifest,block_06_residual2,residual_add,GPU,25140.219520000013,25158.566720000013
2,fixed_manifest,block_02_proj,linear_projection,GPU,25158.566720000013,25310.810880000012
1,fixed_manifest,block_07_norm1,layer_norm,GPU,25310.810880000012,25332.940480000012
2,fixed_manifest,block_02_residual1,residual_add,GPU,25332.940480000012,25351.287680000016
1,fixed_manifest,block_07_qkv,linear_qkv,GPU,25351.287680000016,25794.020160000015
2,fixed_manifest,block_02_norm2,layer_norm,GPU,25794.020160000015,25816.149760000015
1,fixed_manifest,block_07_attention,self_attention,GPU,25816.149760000015,25972.176320000017
1,fixed_manifest,block_07_proj,linear_projection,GPU,25972.176320000017,26124.420480000015
2,fixed_manifest,block_02_ffn_island,fused_ffn_island,FPGA,25974.914560000016,26307.662080000016
1,fixed_manifest,block_07_residual1,residual_add,GPU,26124.420480000015,26142.767680000015
1,fixed_manifest,block_07_norm2,layer_norm,GPU,26142.767680000015,26164.897280000016
1,fixed_manifest,block_07_ffn_island,fused_ffn_island,FPGA,26531.238080000017,26863.985600000015
2,fixed_manifest,block_02_residual2,residual_add,GPU,26531.238080000017,26549.585280000018
2,fixed_manifest,block_03_norm1,layer_norm,GPU,26549.585280000018,26571.714880000018
2,fixed_manifest,block_03_qkv,linear_qkv,GPU,26571.714880000018,27014.447360000016
2,fixed_manifest,block_03_attention,self_attention,GPU,27014.447360000016,27170.47392000002
1,fixed_manifest,block_07_residual2,residual_add,GPU,27170.47392000002,27188.82112000002
2,fixed_manifest,block_03_proj,linear_projection,GPU,27188.82112000002,27341.065280000017
1,fixed_manifest,block_08_norm1,layer_norm,GPU,27341.065280000017,27363.194880000017
2,fixed_manifest,block_03_residual1,residual_add,GPU,27363.194880000017,27381.542080000017
1,fixed_manifest,block_08_qkv,linear_qkv,GPU,27381.542080000017,27824.27456000002
2,fixed_manifest,block_03_norm2,layer_norm,GPU,27824.27456000002,27846.40416000002
1,fixed_manifest,block_08_attention,self_attention,GPU,27846.40416000002,28002.43072000002
1,fixed_manifest,block_08_proj,linear_projection,GPU,28002.43072000002,28154.674880000017
2,fixed_manifest,block_03_ffn_island,fused_ffn_island,FPGA,28005.16896000002,28337.91648000002
1,fixed_manifest,block_08_residual1,residual_add,GPU,28154.674880000017,28173.02208000002
1,fixed_manifest,block_08_norm2,layer_norm,GPU,28173.02208000002,28195.15168000002
1,fixed_manifest,block_08_ffn_island,fused_ffn_island,FPGA,28561.49248000002,28894.24000000002
2,fixed_manifest,block_03_residual2,residual_add,GPU,28561.49248000002,28579.83968000002
2,fixed_manifest,block_04_norm1,layer_norm,GPU,28579.83968000002,28601.96928000002
2,fixed_manifest,block_04_qkv,linear_qkv,GPU,28601.96928000002,29044.70176000002
2,fixed_manifest,block_04_attention,self_attention,GPU,29044.70176000002,29200.72832000002
1,fixed_manifest,block_08_residual2,residual_add,GPU,29200.72832000002,29219.075520000024
2,fixed_manifest,block_04_proj,linear_projection,GPU,29219.075520000024,29371.319680000022
1,fixed_manifest,block_09_norm1,layer_norm,GPU,29371.319680000022,29393.449280000023
2,fixed_manifest,block_04_residual1,residual_add,GPU,29393.449280000023,29411.796480000023
1,fixed_manifest,block_09_qkv,linear_qkv,GPU,29411.796480000023,29854.52896000002
2,fixed_manifest,block_04_norm2,layer_norm,GPU,29854.52896000002,29876.65856000002
1,fixed_manifest,block_09_attention,self_attention,GPU,29876.65856000002,30032.685120000024
3,fixed_manifest,patch_embedding,patch_embedding,GPU,30032.685120000024,30184.192000000025
2,fixed_manifest,block_04_ffn_island,fused_ffn_island,FPGA,30035.423360000026,30368.170880000023
1,fixed_manifest,block_09_proj,linear_projection,GPU,30184.192000000025,30336.436160000023
3,fixed_manifest,token_embedding,token_and_position_embedding,GPU,30336.436160000023,30354.783360000023
1,fixed_manifest,block_09_residual1,residual_add,GPU,30354.783360000023,30373.130560000023
3,fixed_manifest,block_00_norm1,layer_norm,GPU,30373.130560000023,30395.260160000023
1,fixed_manifest,block_09_norm2,layer_norm,GPU,30395.260160000023,30417.389760000024
3,fixed_manifest,block_00_qkv,linear_qkv,GPU,30417.389760000024,30860.122240000022
1,fixed_manifest,block_09_ffn_island,fused_ffn_island,FPGA,30591.746880000024,30924.49440000002
2,fixed_manifest,block_04_residual2,residual_add,GPU,30860.122240000022,30878.469440000026
3,fixed_manifest,block_00_attention,self_attention,GPU,30878.469440000026,31034.496000000025
2,fixed_manifest,block_05_norm1,layer_norm,GPU,31034.496000000025,31056.625600000025
3,fixed_manifest,block_00_proj,linear_projection,GPU,31056.625600000025,31208.869760000023
2,fixed_manifest,block_05_qkv,linear_qkv,GPU,31208.869760000023,31651.60224000003
1,fixed_manifest,block_09_residual2,residual_add,GPU,31651.60224000003,31669.949440000026
3,fixed_manifest,block_00_residual1,residual_add,GPU,31669.949440000026,31688.296640000022
2,fixed_manifest,block_05_attention,self_attention,GPU,31688.296640000022,31844.323200000024
1,fixed_manifest,block_10_norm1,layer_norm,GPU,31844.323200000024,31866.45280000002
3,fixed_manifest,block_00_norm2,layer_norm,GPU,31866.45280000002,31888.582400000018
2,fixed_manifest,block_05_proj,linear_projection,GPU,31888.582400000018,32040.82656000002
1,fixed_manifest,block_10_qkv,linear_qkv,GPU,32040.82656000002,32483.55904000002
3,fixed_manifest,block_00_ffn_island,fused_ffn_island,FPGA,32047.347200000022,32380.094720000023
2,fixed_manifest,block_05_residual1,residual_add,GPU,32483.55904000002,32501.90624000002
1,fixed_manifest,block_10_attention,self_attention,GPU,32501.90624000002,32657.932800000017
2,fixed_manifest,block_05_norm2,layer_norm,GPU,32657.932800000017,32680.062400000013
3,fixed_manifest,block_00_residual2,residual_add,GPU,32680.062400000013,32698.409600000014
1,fixed_manifest,block_10_proj,linear_projection,GPU,32698.409600000014,32850.653760000016
2,fixed_manifest,block_05_ffn_island,fused_ffn_island,FPGA,32838.827200000014,33171.57472000002
3,fixed_manifest,block_01_norm1,layer_norm,GPU,32850.653760000016,32872.78336000001
1,fixed_manifest,block_10_residual1,residual_add,GPU,32872.78336000001,32891.13056000001
3,fixed_manifest,block_01_qkv,linear_qkv,GPU,32891.13056000001,33333.86304000001
1,fixed_manifest,block_10_norm2,layer_norm,GPU,33333.86304000001,33355.992640000004
2,fixed_manifest,block_05_residual2,residual_add,GPU,33355.992640000004,33374.33984
3,fixed_manifest,block_01_attention,self_attention,GPU,33374.33984,33530.366400000006
1,fixed_manifest,block_10_ffn_island,fused_ffn_island,FPGA,33514.75744000001,33847.50496000001
2,fixed_manifest,block_06_norm1,layer_norm,GPU,33530.366400000006,33552.496
3,fixed_manifest,block_01_proj,linear_projection,GPU,33552.496,33704.74016
2,fixed_manifest,block_06_qkv,linear_qkv,GPU,33704.74016,34147.47264
3,fixed_manifest,block_01_residual1,residual_add,GPU,34147.47264,34165.819840000004
1,fixed_manifest,block_10_residual2,residual_add,GPU,34165.819840000004,34184.16704
2,fixed_manifest,block_06_attention,self_attention,GPU,34184.16704,34340.1936
3,fixed_manifest,block_01_norm2,layer_norm,GPU,34340.1936,34362.3232
1,fixed_manifest,block_11_norm1,layer_norm,GPU,34362.3232,34384.45279999999
2,fixed_manifest,block_06_proj,linear_projection,GPU,34384.45279999999,34536.696959999994
3,fixed_manifest,block_01_ffn_island,fused_ffn_island,FPGA,34521.087999999996,34853.83552
1,fixed_manifest,block_11_qkv,linear_qkv,GPU,34536.696959999994,34979.42943999999
2,fixed_manifest,block_06_residual1,residual_add,GPU,34979.42943999999,34997.77663999999
1,fixed_manifest,block_11_attention,self_attention,GPU,34997.77663999999,35153.803199999995
2,fixed_manifest,block_06_norm2,layer_norm,GPU,35153.803199999995,35175.93279999999
3,fixed_manifest,block_01_residual2,residual_add,GPU,35175.93279999999,35194.279999999984
1,fixed_manifest,block_11_proj,linear_projection,GPU,35194.279999999984,35346.524159999986
2,fixed_manifest,block_06_ffn_island,fused_ffn_island,FPGA,35334.69759999999,35667.44512
3,fixed_manifest,block_02_norm1,layer_norm,GPU,35346.524159999986,35368.65375999999
1,fixed_manifest,block_11_residual1,residual_add,GPU,35368.65375999999,35387.00095999998
3,fixed_manifest,block_02_qkv,linear_qkv,GPU,35387.00095999998,35829.73343999998
1,fixed_manifest,block_11_norm2,layer_norm,GPU,35829.73343999998,35851.86303999998
2,fixed_manifest,block_06_residual2,residual_add,GPU,35851.86303999998,35870.21023999998
3,fixed_manifest,block_02_attention,self_attention,GPU,35870.21023999998,36026.23679999998
1,fixed_manifest,block_11_ffn_island,fused_ffn_island,FPGA,36010.62783999998,36343.37535999998
2,fixed_manifest,block_07_norm1,layer_norm,GPU,36026.23679999998,36048.36639999998
3,fixed_manifest,block_02_proj,linear_projection,GPU,36048.36639999998,36200.61055999998
2,fixed_manifest,block_07_qkv,linear_qkv,GPU,36200.61055999998,36643.34303999998
3,fixed_manifest,block_02_residual1,residual_add,GPU,36643.34303999998,36661.690239999974
1,fixed_manifest,block_11_residual2,residual_add,GPU,36661.690239999974,36680.03743999997
2,fixed_manifest,block_07_attention,self_attention,GPU,36680.03743999997,36836.06399999998
3,fixed_manifest,block_02_norm2,layer_norm,GPU,36836.06399999998,36858.19359999997
1,fixed_manifest,final_norm,layer_norm,GPU,36858.19359999997,36880.32319999997
2,fixed_manifest,block_07_proj,linear_projection,GPU,36880.32319999997,37032.56735999997
3,fixed_manifest,block_02_ffn_island,fused_ffn_island,FPGA,37016.958399999974,37349.70591999998
1,fixed_manifest,class_token_select,class_token_select,GPU,37032.56735999997,37039.60575999997
2,fixed_manifest,block_07_residual1,residual_add,GPU,37039.60575999997,37057.952959999966
1,fixed_manifest,classifier,linear_classifier,GPU,37057.952959999966,37065.912959999965
2,fixed_manifest,block_07_norm2,layer_norm,GPU,37065.912959999965,37088.042559999965
2,fixed_manifest,block_07_ffn_island,fused_ffn_island,FPGA,37573.28191999997,37906.02943999998
3,fixed_manifest,block_02_residual2,residual_add,GPU,37573.28191999997,37591.62911999997
3,fixed_manifest,block_03_norm1,layer_norm,GPU,37591.62911999997,37613.75871999997
3,fixed_manifest,block_03_qkv,linear_qkv,GPU,37613.75871999997,38056.49119999997
3,fixed_manifest,block_03_attention,self_attention,GPU,38056.49119999997,38212.517759999966
2,fixed_manifest,block_07_residual2,residual_add,GPU,38212.517759999966,38230.86495999996
3,fixed_manifest,block_03_proj,linear_projection,GPU,38230.86495999996,38383.109119999965
2,fixed_manifest,block_08_norm1,layer_norm,GPU,38383.109119999965,38405.238719999965
3,fixed_manifest,block_03_residual1,residual_add,GPU,38405.238719999965,38423.58591999996
2,fixed_manifest,block_08_qkv,linear_qkv,GPU,38423.58591999996,38866.31839999996
3,fixed_manifest,block_03_norm2,layer_norm,GPU,38866.31839999996,38888.44799999996
2,fixed_manifest,block_08_attention,self_attention,GPU,38888.44799999996,39044.47455999996
2,fixed_manifest,block_08_proj,linear_projection,GPU,39044.47455999996,39196.71871999996
3,fixed_manifest,block_03_ffn_island,fused_ffn_island,FPGA,39047.21279999996,39379.96031999996
2,fixed_manifest,block_08_residual1,residual_add,GPU,39196.71871999996,39215.06591999996
2,fixed_manifest,block_08_norm2,layer_norm,GPU,39215.06591999996,39237.19551999996
2,fixed_manifest,block_08_ffn_island,fused_ffn_island,FPGA,39603.536319999956,39936.28383999996
3,fixed_manifest,block_03_residual2,residual_add,GPU,39603.536319999956,39621.88351999996
3,fixed_manifest,block_04_norm1,layer_norm,GPU,39621.88351999996,39644.01311999995
3,fixed_manifest,block_04_qkv,linear_qkv,GPU,39644.01311999995,40086.74559999995
4,fixed_manifest,patch_embedding,patch_embedding,GPU,40086.74559999995,40238.25247999995
3,fixed_manifest,block_04_attention,self_attention,GPU,40238.25247999995,40394.27903999995
2,fixed_manifest,block_08_residual2,residual_add,GPU,40394.27903999995,40412.626239999954
4,fixed_manifest,token_embedding,token_and_position_embedding,GPU,40412.626239999954,40430.97343999995
3,fixed_manifest,block_04_proj,linear_projection,GPU,40430.97343999995,40583.21759999995
2,fixed_manifest,block_09_norm1,layer_norm,GPU,40583.21759999995,40605.347199999946
4,fixed_manifest,block_00_norm1,layer_norm,GPU,40605.347199999946,40627.476799999946
3,fixed_manifest,block_04_residual1,residual_add,GPU,40627.476799999946,40645.82399999994
2,fixed_manifest,block_09_qkv,linear_qkv,GPU,40645.82399999994,41088.55647999994
4,fixed_manifest,block_00_qkv,linear_qkv,GPU,41088.55647999994,41531.28895999994
3,fixed_manifest,block_04_norm2,layer_norm,GPU,41531.28895999994,41553.41855999994
2,fixed_manifest,block_09_attention,self_attention,GPU,41553.41855999994,41709.44511999994
4,fixed_manifest,block_00_attention,self_attention,GPU,41709.44511999994,41865.47167999994
3,fixed_manifest,block_04_ffn_island,fused_ffn_island,FPGA,41712.18335999994,42044.93087999994
2,fixed_manifest,block_09_proj,linear_projection,GPU,41865.47167999994,42017.71583999994
4,fixed_manifest,block_00_proj,linear_projection,GPU,42017.71583999994,42169.95999999994
2,fixed_manifest,block_09_residual1,residual_add,GPU,42169.95999999994,42188.307199999945
4,fixed_manifest,block_00_residual1,residual_add,GPU,42188.307199999945,42206.65439999994
2,fixed_manifest,block_09_norm2,layer_norm,GPU,42206.65439999994,42228.783999999934
3,fixed_manifest,block_04_residual2,residual_add,GPU,42228.783999999934,42247.13119999993
4,fixed_manifest,block_00_norm2,layer_norm,GPU,42247.13119999993,42269.26079999993
3,fixed_manifest,block_05_norm1,layer_norm,GPU,42269.26079999993,42291.390399999924
3,fixed_manifest,block_05_qkv,linear_qkv,GPU,42291.390399999924,42734.12287999993
2,fixed_manifest,block_09_ffn_island,fused_ffn_island,FPGA,42387.54879999994,42720.29631999994
3,fixed_manifest,block_05_attention,self_attention,GPU,42734.12287999993,42890.14943999993
3,fixed_manifest,block_05_proj,linear_projection,GPU,42890.14943999993,43042.39359999993
4,fixed_manifest,block_00_ffn_island,fused_ffn_island,FPGA,42943.87231999994,43276.61983999994
2,fixed_manifest,block_09_residual2,residual_add,GPU,43042.39359999993,43060.74079999993
3,fixed_manifest,block_05_residual1,residual_add,GPU,43060.74079999993,43079.08799999992
2,fixed_manifest,block_10_norm1,layer_norm,GPU,43079.08799999992,43101.21759999992
3,fixed_manifest,block_05_norm2,layer_norm,GPU,43101.21759999992,43123.34719999992
2,fixed_manifest,block_10_qkv,linear_qkv,GPU,43123.34719999992,43566.079679999915
3,fixed_manifest,block_05_ffn_island,fused_ffn_island,FPGA,43500.195839999935,43832.94335999994
4,fixed_manifest,block_00_residual2,residual_add,GPU,43566.079679999915,43584.42687999992
2,fixed_manifest,block_10_attention,self_attention,GPU,43584.42687999992,43740.45343999992
4,fixed_manifest,block_01_norm1,layer_norm,GPU,43740.45343999992,43762.58303999991
2,fixed_manifest,block_10_proj,linear_projection,GPU,43762.58303999991,43914.82719999991
4,fixed_manifest,block_01_qkv,linear_qkv,GPU,43914.82719999991,44357.55967999992
2,fixed_manifest,block_10_residual1,residual_add,GPU,44357.55967999992,44375.906879999915
3,fixed_manifest,block_05_residual2,residual_add,GPU,44375.906879999915,44394.25407999991
4,fixed_manifest,block_01_attention,self_attention,GPU,44394.25407999991,44550.28063999991
2,fixed_manifest,block_10_norm2,layer_norm,GPU,44550.28063999991,44572.41023999991
3,fixed_manifest,block_06_norm1,layer_norm,GPU,44572.41023999991,44594.5398399999
4,fixed_manifest,block_01_proj,linear_projection,GPU,44594.5398399999,44746.783999999905
2,fixed_manifest,block_10_ffn_island,fused_ffn_island,FPGA,44731.175039999915,45063.92255999991
3,fixed_manifest,block_06_qkv,linear_qkv,GPU,44746.783999999905,45189.516479999904
4,fixed_manifest,block_01_residual1,residual_add,GPU,45189.516479999904,45207.86367999991
3,fixed_manifest,block_06_attention,self_attention,GPU,45207.86367999991,45363.890239999906
4,fixed_manifest,block_01_norm2,layer_norm,GPU,45363.890239999906,45386.019839999906
2,fixed_manifest,block_10_residual2,residual_add,GPU,45386.019839999906,45404.3670399999
3,fixed_manifest,block_06_proj,linear_projection,GPU,45404.3670399999,45556.611199999905
4,fixed_manifest,block_01_ffn_island,fused_ffn_island,FPGA,45544.7846399999,45877.53215999991
2,fixed_manifest,block_11_norm1,layer_norm,GPU,45556.611199999905,45578.7407999999
3,fixed_manifest,block_06_residual1,residual_add,GPU,45578.7407999999,45597.087999999894
2,fixed_manifest,block_11_qkv,linear_qkv,GPU,45597.087999999894,46039.82047999989
3,fixed_manifest,block_06_norm2,layer_norm,GPU,46039.82047999989,46061.95007999989
4,fixed_manifest,block_01_residual2,residual_add,GPU,46061.95007999989,46080.29727999989
2,fixed_manifest,block_11_attention,self_attention,GPU,46080.29727999989,46236.323839999895
3,fixed_manifest,block_06_ffn_island,fused_ffn_island,FPGA,46220.7148799999,46553.462399999895
4,fixed_manifest,block_02_norm1,layer_norm,GPU,46236.323839999895,46258.45343999989
2,fixed_manifest,block_11_proj,linear_projection,GPU,46258.45343999989,46410.69759999989
4,fixed_manifest,block_02_qkv,linear_qkv,GPU,46410.69759999989,46853.43007999989
2,fixed_manifest,block_11_residual1,residual_add,GPU,46853.43007999989,46871.777279999886
3,fixed_manifest,block_06_residual2,residual_add,GPU,46871.777279999886,46890.12447999988
4,fixed_manifest,block_02_attention,self_attention,GPU,46890.12447999988,47046.15103999989
2,fixed_manifest,block_11_norm2,layer_norm,GPU,47046.15103999989,47068.28063999988
3,fixed_manifest,block_07_norm1,layer_norm,GPU,47068.28063999988,47090.41023999988
4,fixed_manifest,block_02_proj,linear_projection,GPU,47090.41023999988,47242.65439999988
2,fixed_manifest,block_11_ffn_island,fused_ffn_island,FPGA,47227.045439999885,47559.79295999989
3,fixed_manifest,block_07_qkv,linear_qkv,GPU,47242.65439999988,47685.38687999988
4,fixed_manifest,block_02_residual1,residual_add,GPU,47685.38687999988,47703.73407999988
3,fixed_manifest,block_07_attention,self_attention,GPU,47703.73407999988,47859.760639999884
4,fixed_manifest,block_02_norm2,layer_norm,GPU,47859.760639999884,47881.89023999988
2,fixed_manifest,block_11_residual2,residual_add,GPU,47881.89023999988,47900.23743999987
3,fixed_manifest,block_07_proj,linear_projection,GPU,47900.23743999987,48052.481599999875
4,fixed_manifest,block_02_ffn_island,fused_ffn_island,FPGA,48040.65503999988,48373.402559999886
2,fixed_manifest,final_norm,layer_norm,GPU,48052.481599999875,48074.611199999876
3,fixed_manifest,block_07_residual1,residual_add,GPU,48074.611199999876,48092.95839999987
2,fixed_manifest,class_token_select,class_token_select,GPU,48092.95839999987,48099.99679999987
3,fixed_manifest,block_07_norm2,layer_norm,GPU,48099.99679999987,48122.12639999987
2,fixed_manifest,classifier,linear_classifier,GPU,48122.12639999987,48130.08639999987
3,fixed_manifest,block_07_ffn_island,fused_ffn_island,FPGA,48596.97855999988,48929.726079999884
4,fixed_manifest,block_02_residual2,residual_add,GPU,48596.97855999988,48615.325759999876
4,fixed_manifest,block_03_norm1,layer_norm,GPU,48615.325759999876,48637.455359999876
4,fixed_manifest,block_03_qkv,linear_qkv,GPU,48637.455359999876,49080.187839999875
4,fixed_manifest,block_03_attention,self_attention,GPU,49080.187839999875,49236.21439999987
3,fixed_manifest,block_07_residual2,residual_add,GPU,49236.21439999987,49254.56159999987
4,fixed_manifest,block_03_proj,linear_projection,GPU,49254.56159999987,49406.80575999987
3,fixed_manifest,block_08_norm1,layer_norm,GPU,49406.80575999987,49428.93535999987
4,fixed_manifest,block_03_residual1,residual_add,GPU,49428.93535999987,49447.28255999987
3,fixed_manifest,block_08_qkv,linear_qkv,GPU,49447.28255999987,49890.01503999987
4,fixed_manifest,block_03_norm2,layer_norm,GPU,49890.01503999987,49912.14463999987
3,fixed_manifest,block_08_attention,self_attention,GPU,49912.14463999987,50068.171199999866
5,fixed_manifest,patch_embedding,patch_embedding,GPU,50068.171199999866,50219.67807999987
4,fixed_manifest,block_03_ffn_island,fused_ffn_island,FPGA,50070.909439999865,50403.65695999987
3,fixed_manifest,block_08_proj,linear_projection,GPU,50219.67807999987,50371.92223999987
5,fixed_manifest,token_embedding,token_and_position_embedding,GPU,50371.92223999987,50390.269439999865
3,fixed_manifest,block_08_residual1,residual_add,GPU,50390.269439999865,50408.61663999986
5,fixed_manifest,block_00_norm1,layer_norm,GPU,50408.61663999986,50430.74623999986
3,fixed_manifest,block_08_norm2,layer_norm,GPU,50430.74623999986,50452.875839999855
5,fixed_manifest,block_00_qkv,linear_qkv,GPU,50452.875839999855,50895.608319999854
3,fixed_manifest,block_08_ffn_island,fused_ffn_island,FPGA,50627.23295999986,50959.98047999987
4,fixed_manifest,block_03_residual2,residual_add,GPU,50895.608319999854,50913.95551999985
5,fixed_manifest,block_00_attention,self_attention,GPU,50913.95551999985,51069.982079999856
4,fixed_manifest,block_04_norm1,layer_norm,GPU,51069.982079999856,51092.11167999985
5,fixed_manifest,block_00_proj,linear_projection,GPU,51092.11167999985,51244.35583999985
4,fixed_manifest,block_04_qkv,linear_qkv,GPU,51244.35583999985,51687.08831999985
3,fixed_manifest,block_08_residual2,residual_add,GPU,51687.08831999985,51705.435519999846
5,fixed_manifest,block_00_residual1,residual_add,GPU,51705.435519999846,51723.78271999985
4,fixed_manifest,block_04_attention,self_attention,GPU,51723.78271999985,51879.80927999985
3,fixed_manifest,block_09_norm1,layer_norm,GPU,51879.80927999985,51901.93887999985
5,fixed_manifest,block_00_norm2,layer_norm,GPU,51901.93887999985,51924.06847999984
4,fixed_manifest,block_04_proj,linear_projection,GPU,51924.06847999984,52076.312639999844
3,fixed_manifest,block_09_qkv,linear_qkv,GPU,52076.312639999844,52519.04511999984
5,fixed_manifest,block_00_ffn_island,fused_ffn_island,FPGA,52082.833279999846,52415.58079999985
4,fixed_manifest,block_04_residual1,residual_add,GPU,52519.04511999984,52537.39231999984
3,fixed_manifest,block_09_attention,self_attention,GPU,52537.39231999984,52693.418879999845
4,fixed_manifest,block_04_norm2,layer_norm,GPU,52693.418879999845,52715.54847999984
5,fixed_manifest,block_00_residual2,residual_add,GPU,52715.54847999984,52733.895679999834
3,fixed_manifest,block_09_proj,linear_projection,GPU,52733.895679999834,52886.139839999836
4,fixed_manifest,block_04_ffn_island,fused_ffn_island,FPGA,52874.31327999984,53207.06079999985
5,fixed_manifest,block_01_norm1,layer_norm,GPU,52886.139839999836,52908.269439999836
3,fixed_manifest,block_09_residual1,residual_add,GPU,52908.269439999836,52926.61663999983
5,fixed_manifest,block_01_qkv,linear_qkv,GPU,52926.61663999983,53369.34911999983
3,fixed_manifest,block_09_norm2,layer_norm,GPU,53369.34911999983,53391.47871999983
4,fixed_manifest,block_04_residual2,residual_add,GPU,53391.47871999983,53409.82591999983
5,fixed_manifest,block_01_attention,self_attention,GPU,53409.82591999983,53565.85247999983
3,fixed_manifest,block_09_ffn_island,fused_ffn_island,FPGA,53550.24351999983,53882.99103999983
4,fixed_manifest,block_05_norm1,layer_norm,GPU,53565.85247999983,53587.98207999983
5,fixed_manifest,block_01_proj,linear_projection,GPU,53587.98207999983,53740.22623999983
4,fixed_manifest,block_05_qkv,linear_qkv,GPU,53740.22623999983,54182.95871999983
5,fixed_manifest,block_01_residual1,residual_add,GPU,54182.95871999983,54201.305919999824
3,fixed_manifest,block_09_residual2,residual_add,GPU,54201.305919999824,54219.65311999982
4,fixed_manifest,block_05_attention,self_attention,GPU,54219.65311999982,54375.67967999983
5,fixed_manifest,block_01_norm2,layer_norm,GPU,54375.67967999983,54397.80927999982
3,fixed_manifest,block_10_norm1,layer_norm,GPU,54397.80927999982,54419.93887999982
4,fixed_manifest,block_05_proj,linear_projection,GPU,54419.93887999982,54572.18303999982
5,fixed_manifest,block_01_ffn_island,fused_ffn_island,FPGA,54556.574079999824,54889.32159999983
3,fixed_manifest,block_10_qkv,linear_qkv,GPU,54572.18303999982,55014.91551999982
4,fixed_manifest,block_05_residual1,residual_add,GPU,55014.91551999982,55033.26271999982
3,fixed_manifest,block_10_attention,self_attention,GPU,55033.26271999982,55189.289279999815
4,fixed_manifest,block_05_norm2,layer_norm,GPU,55189.289279999815,55211.418879999816
5,fixed_manifest,block_01_residual2,residual_add,GPU,55211.418879999816,55229.76607999981
3,fixed_manifest,block_10_proj,linear_projection,GPU,55229.76607999981,55382.010239999814
4,fixed_manifest,block_05_ffn_island,fused_ffn_island,FPGA,55370.18367999982,55702.93119999982
5,fixed_manifest,block_02_norm1,layer_norm,GPU,55382.010239999814,55404.139839999814
3,fixed_manifest,block_10_residual1,residual_add,GPU,55404.139839999814,55422.48703999981
5,fixed_manifest,block_02_qkv,linear_qkv,GPU,55422.48703999981,55865.21951999981
3,fixed_manifest,block_10_norm2,layer_norm,GPU,55865.21951999981,55887.3491199998
4,fixed_manifest,block_05_residual2,residual_add,GPU,55887.3491199998,55905.6963199998
5,fixed_manifest,block_02_attention,self_attention,GPU,55905.6963199998,56061.722879999805
3,fixed_manifest,block_10_ffn_island,fused_ffn_island,FPGA,56046.11391999981,56378.86143999981
4,fixed_manifest,block_06_norm1,layer_norm,GPU,56061.722879999805,56083.8524799998
5,fixed_manifest,block_02_proj,linear_projection,GPU,56083.8524799998,56236.0966399998
4,fixed_manifest,block_06_qkv,linear_qkv,GPU,56236.0966399998,56678.8291199998
5,fixed_manifest,block_02_residual1,residual_add,GPU,56678.8291199998,56697.1763199998
3,fixed_manifest,block_10_residual2,residual_add,GPU,56697.1763199998,56715.5235199998
4,fixed_manifest,block_06_attention,self_attention,GPU,56715.5235199998,56871.5500799998
5,fixed_manifest,block_02_norm2,layer_norm,GPU,56871.5500799998,56893.6796799998
3,fixed_manifest,block_11_norm1,layer_norm,GPU,56893.6796799998,56915.80927999979
4,fixed_manifest,block_06_proj,linear_projection,GPU,56915.80927999979,57068.05343999979
5,fixed_manifest,block_02_ffn_island,fused_ffn_island,FPGA,57052.444479999795,57385.1919999998
3,fixed_manifest,block_11_qkv,linear_qkv,GPU,57068.05343999979,57510.78591999979
4,fixed_manifest,block_06_residual1,residual_add,GPU,57510.78591999979,57529.13311999979
3,fixed_manifest,block_11_attention,self_attention,GPU,57529.13311999979,57685.15967999979
4,fixed_manifest,block_06_norm2,layer_norm,GPU,57685.15967999979,57707.289279999786
5,fixed_manifest,block_02_residual2,residual_add,GPU,57707.289279999786,57725.63647999979
3,fixed_manifest,block_11_proj,linear_projection,GPU,57725.63647999979,57877.88063999979
4,fixed_manifest,block_06_ffn_island,fused_ffn_island,FPGA,57866.05407999979,58198.801599999795
5,fixed_manifest,block_03_norm1,layer_norm,GPU,57877.88063999979,57900.010239999785
3,fixed_manifest,block_11_residual1,residual_add,GPU,57900.010239999785,57918.35743999978
5,fixed_manifest,block_03_qkv,linear_qkv,GPU,57918.35743999978,58361.08991999978
3,fixed_manifest,block_11_norm2,layer_norm,GPU,58361.08991999978,58383.21951999978
4,fixed_manifest,block_06_residual2,residual_add,GPU,58383.21951999978,58401.56671999978
5,fixed_manifest,block_03_attention,self_attention,GPU,58401.56671999978,58557.593279999775
3,fixed_manifest,block_11_ffn_island,fused_ffn_island,FPGA,58541.984319999785,58874.73183999978
4,fixed_manifest,block_07_norm1,layer_norm,GPU,58557.593279999775,58579.722879999776
5,fixed_manifest,block_03_proj,linear_projection,GPU,58579.722879999776,58731.96703999978
4,fixed_manifest,block_07_qkv,linear_qkv,GPU,58731.96703999978,59174.69951999978
5,fixed_manifest,block_03_residual1,residual_add,GPU,59174.69951999978,59193.04671999977
3,fixed_manifest,block_11_residual2,residual_add,GPU,59193.04671999977,59211.39391999977
4,fixed_manifest,block_07_attention,self_attention,GPU,59211.39391999977,59367.420479999775
5,fixed_manifest,block_03_norm2,layer_norm,GPU,59367.420479999775,59389.55007999977
3,fixed_manifest,final_norm,layer_norm,GPU,59389.55007999977,59411.67967999977
4,fixed_manifest,block_07_proj,linear_projection,GPU,59411.67967999977,59563.92383999977
5,fixed_manifest,block_03_ffn_island,fused_ffn_island,FPGA,59548.31487999977,59881.06239999978
3,fixed_manifest,class_token_select,class_token_select,GPU,59563.92383999977,59570.96223999977
4,fixed_manifest,block_07_residual1,residual_add,GPU,59570.96223999977,59589.309439999764
3,fixed_manifest,classifier,linear_classifier,GPU,59589.309439999764,59597.26943999976
4,fixed_manifest,block_07_norm2,layer_norm,GPU,59597.26943999976,59619.399039999764
6,fixed_manifest,patch_embedding,patch_embedding,GPU,60000.0,60151.50687999999
4,fixed_manifest,block_07_ffn_island,fused_ffn_island,FPGA,60104.63839999977,60437.385919999775
5,fixed_manifest,block_03_residual2,residual_add,GPU,60151.50687999999,60169.85408
6,fixed_manifest,token_embedding,token_and_position_embedding,GPU,60169.85408,60188.201279999994
5,fixed_manifest,block_04_norm1,layer_norm,GPU,60188.201279999994,60210.33087999999
6,fixed_manifest,block_00_norm1,layer_norm,GPU,60210.33087999999,60232.46047999999
5,fixed_manifest,block_04_qkv,linear_qkv,GPU,60232.46047999999,60675.192959999986
6,fixed_manifest,block_00_qkv,linear_qkv,GPU,60675.192959999986,61117.925439999985
4,fixed_manifest,block_07_residual2,residual_add,GPU,61117.925439999985,61136.27263999998
5,fixed_manifest,block_04_attention,self_attention,GPU,61136.27263999998,61292.29919999999
6,fixed_manifest,block_00_attention,self_attention,GPU,61292.29919999999,61448.325759999985
4,fixed_manifest,block_08_norm1,layer_norm,GPU,61448.325759999985,61470.45535999998
5,fixed_manifest,block_04_proj,linear_projection,GPU,61470.45535999998,61622.69951999998
6,fixed_manifest,block_00_proj,linear_projection,GPU,61622.69951999998,61774.94367999998
4,fixed_manifest,block_08_qkv,linear_qkv,GPU,61774.94367999998,62217.67615999999
5,fixed_manifest,block_04_residual1,residual_add,GPU,62217.67615999999,62236.023359999985
6,fixed_manifest,block_00_residual1,residual_add,GPU,62236.023359999985,62254.37055999998
4,fixed_manifest,block_08_attention,self_attention,GPU,62254.37055999998,62410.39711999998
5,fixed_manifest,block_04_norm2,layer_norm,GPU,62410.39711999998,62432.52671999998
6,fixed_manifest,block_00_norm2,layer_norm,GPU,62432.52671999998,62454.65631999997
4,fixed_manifest,block_08_proj,linear_projection,GPU,62454.65631999997,62606.900479999975
5,fixed_manifest,block_04_ffn_island,fused_ffn_island,FPGA,62591.291519999984,62924.039039999974
4,fixed_manifest,block_08_residual1,residual_add,GPU,62606.900479999975,62625.24767999998
4,fixed_manifest,block_08_norm2,layer_norm,GPU,62625.24767999998,62647.377279999986
5,fixed_manifest,block_04_residual2,residual_add,GPU,63147.61503999998,63165.962239999986
6,fixed_manifest,block_00_ffn_island,fused_ffn_island,FPGA,63147.61503999998,63480.36255999997
5,fixed_manifest,block_05_norm1,layer_norm,GPU,63165.962239999986,63188.09183999999
5,fixed_manifest,block_05_qkv,linear_qkv,GPU,63188.09183999999,63630.824319999985
5,fixed_manifest,block_05_attention,self_attention,GPU,63630.824319999985,63786.85087999998
4,fixed_manifest,block_08_ffn_island,fused_ffn_island,FPGA,63703.93855999998,64036.68607999998
6,fixed_manifest,block_00_residual2,residual_add,GPU,63786.85087999998,63805.19807999999
5,fixed_manifest,block_05_proj,linear_projection,GPU,63805.19807999999,63957.44223999998
6,fixed_manifest,block_01_norm1,layer_norm,GPU,63957.44223999998,63979.57183999998
5,fixed_manifest,block_05_residual1,residual_add,GPU,63979.57183999998,63997.91903999999
6,fixed_manifest,block_01_qkv,linear_qkv,GPU,63997.91903999999,64440.65151999999
5,fixed_manifest,block_05_norm2,layer_norm,GPU,64440.65151999999,64462.78111999999
4,fixed_manifest,block_08_residual2,residual_add,GPU,64462.78111999999,64481.128319999996
6,fixed_manifest,block_01_attention,self_attention,GPU,64481.128319999996,64637.154879999995
5,fixed_manifest,block_05_ffn_island,fused_ffn_island,FPGA,64621.54591999998,64954.29343999998
4,fixed_manifest,block_09_norm1,layer_norm,GPU,64637.154879999995,64659.284479999995
6,fixed_manifest,block_01_proj,linear_projection,GPU,64659.284479999995,64811.52863999999
4,fixed_manifest,block_09_qkv,linear_qkv,GPU,64811.52863999999,65254.26111999999
6,fixed_manifest,block_01_residual1,residual_add,GPU,65254.26111999999,65272.60831999999
5,fixed_manifest,block_05_residual2,residual_add,GPU,65272.60831999999,65290.955519999996
4,fixed_manifest,block_09_attention,self_attention,GPU,65290.955519999996,65446.982079999994
6,fixed_manifest,block_01_norm2,layer_norm,GPU,65446.982079999994,65469.111679999995
5,fixed_manifest,block_06_norm1,layer_norm,GPU,65469.111679999995,65491.24128
4,fixed_manifest,block_09_proj,linear_projection,GPU,65491.24128,65643.48543999999
6,fixed_manifest,block_01_ffn_island,fused_ffn_island,FPGA,65627.87647999999,65960.62399999998
5,fixed_manifest,block_06_qkv,linear_qkv,GPU,65643.48543999999,66086.21792
4,fixed_manifest,block_09_residual1,residual_add,GPU,66086.21792,66104.56512
5,fixed_manifest,block_06_attention,self_attention,GPU,66104.56512,66260.59168
4,fixed_manifest,block_09_norm2,layer_norm,GPU,66260.59168,66282.72128
6,fixed_manifest,block_01_residual2,residual_add,GPU,66282.72128,66301.06848
5,fixed_manifest,block_06_proj,linear_projection,GPU,66301.06848,66453.31264
4,fixed_manifest,block_09_ffn_island,fused_ffn_island,FPGA,66441.48607999999,66774.23359999998
6,fixed_manifest,block_02_norm1,layer_norm,GPU,66453.31264,66475.44224
5,fixed_manifest,block_06_residual1,residual_add,GPU,66475.44224,66493.78944000001
6,fixed_manifest,block_02_qkv,linear_qkv,GPU,66493.78944000001,66936.52192
5,fixed_manifest,block_06_norm2,layer_norm,GPU,66936.52192,66958.65152000001
4,fixed_manifest,block_09_residual2,residual_add,GPU,66958.65152000001,66976.99872000002
6,fixed_manifest,block_02_attention,self_attention,GPU,66976.99872000002,67133.02528
5,fixed_manifest,block_06_ffn_island,fused_ffn_island,FPGA,67117.41632,67450.16384
4,fixed_manifest,block_10_norm1,layer_norm,GPU,67133.02528,67155.15488000002
6,fixed_manifest,block_02_proj,linear_projection,GPU,67155.15488000002,67307.39904
4,fixed_manifest,block_10_qkv,linear_qkv,GPU,67307.39904,67750.13152000001
6,fixed_manifest,block_02_residual1,residual_add,GPU,67750.13152000001,67768.47872000001
5,fixed_manifest,block_06_residual2,residual_add,GPU,67768.47872000001,67786.82592000002
4,fixed_manifest,block_10_attention,self_attention,GPU,67786.82592000002,67942.85248000002
6,fixed_manifest,block_02_norm2,layer_norm,GPU,67942.85248000002,67964.98208000002
5,fixed_manifest,block_07_norm1,layer_norm,GPU,67964.98208000002,67987.11168000002
4,fixed_manifest,block_10_proj,linear_projection,GPU,67987.11168000002,68139.35584000002
6,fixed_manifest,block_02_ffn_island,fused_ffn_island,FPGA,68123.74688,68456.4944
5,fixed_manifest,block_07_qkv,linear_qkv,GPU,68139.35584000002,68582.08832000001
4,fixed_manifest,block_10_residual1,residual_add,GPU,68582.08832000001,68600.43552000001
5,fixed_manifest,block_07_attention,self_attention,GPU,68600.43552000001,68756.46208000001
4,fixed_manifest,block_10_norm2,layer_norm,GPU,68756.46208000001,68778.59168000001
6,fixed_manifest,block_02_residual2,residual_add,GPU,68778.59168000001,68796.93888000002
5,fixed_manifest,block_07_proj,linear_projection,GPU,68796.93888000002,68949.18304000002
4,fixed_manifest,block_10_ffn_island,fused_ffn_island,FPGA,68937.35648,69270.10399999999
6,fixed_manifest,block_03_norm1,layer_norm,GPU,68949.18304000002,68971.31264000002
5,fixed_manifest,block_07_residual1,residual_add,GPU,68971.31264000002,68989.65984000002
6,fixed_manifest,block_03_qkv,linear_qkv,GPU,68989.65984000002,69432.39232000003
5,fixed_manifest,block_07_norm2,layer_norm,GPU,69432.39232000003,69454.52192000003
4,fixed_manifest,block_10_residual2,residual_add,GPU,69454.52192000003,69472.86912000003
6,fixed_manifest,block_03_attention,self_attention,GPU,69472.86912000003,69628.89568000003
5,fixed_manifest,block_07_ffn_island,fused_ffn_island,FPGA,69613.28672000002,69946.03424000001
4,fixed_manifest,block_11_norm1,layer_norm,GPU,69628.89568000003,69651.02528000003
6,fixed_manifest,block_03_proj,linear_projection,GPU,69651.02528000003,69803.26944000002
4,fixed_manifest,block_11_qkv,linear_qkv,GPU,69803.26944000002,70246.00192000002
6,fixed_manifest,block_03_residual1,residual_add,GPU,70246.00192000002,70264.34912000003
7,fixed_manifest,patch_embedding,patch_embedding,GPU,70264.34912000003,70415.85600000003
5,fixed_manifest,block_07_residual2,residual_add,GPU,70415.85600000003,70434.20320000003
4,fixed_manifest,block_11_attention,self_attention,GPU,70434.20320000003,70590.22976000003
6,fixed_manifest,block_03_norm2,layer_norm,GPU,70590.22976000003,70612.35936000003
7,fixed_manifest,token_embedding,token_and_position_embedding,GPU,70612.35936000003,70630.70656000004
5,fixed_manifest,block_08_norm1,layer_norm,GPU,70630.70656000004,70652.83616000004
4,fixed_manifest,block_11_proj,linear_projection,GPU,70652.83616000004,70805.08032000004
6,fixed_manifest,block_03_ffn_island,fused_ffn_island,FPGA,70771.12416000002,71103.87168000001
7,fixed_manifest,block_00_norm1,layer_norm,GPU,70805.08032000004,70827.20992000004
5,fixed_manifest,block_08_qkv,linear_qkv,GPU,70827.20992000004,71269.94240000003
4,fixed_manifest,block_11_residual1,residual_add,GPU,71269.94240000003,71288.28960000005
7,fixed_manifest,block_00_qkv,linear_qkv,GPU,71288.28960000005,71731.02208000004
6,fixed_manifest,block_03_residual2,residual_add,GPU,71731.02208000004,71749.36928000004
5,fixed_manifest,block_08_attention,self_attention,GPU,71749.36928000004,71905.39584000004
4,fixed_manifest,block_11_norm2,layer_norm,GPU,71905.39584000004,71927.52544000004
7,fixed_manifest,block_00_attention,self_attention,GPU,71927.52544000004,72083.55200000004
6,fixed_manifest,block_04_norm1,layer_norm,GPU,72083.55200000004,72105.68160000004
4,fixed_manifest,block_11_ffn_island,fused_ffn_island,FPGA,72086.29024000003,72419.03776000002
5,fixed_manifest,block_08_proj,linear_projection,GPU,72105.68160000004,72257.92576000004
7,fixed_manifest,block_00_proj,linear_projection,GPU,72257.92576000004,72410.16992000003
6,fixed_manifest,block_04_qkv,linear_qkv,GPU,72410.16992000003,72852.90240000004
5,fixed_manifest,block_08_residual1,residual_add,GPU,72852.90240000004,72871.24960000004
7,fixed_manifest,block_00_residual1,residual_add,GPU,72871.24960000004,72889.59680000004
4,fixed_manifest,block_11_residual2,residual_add,GPU,72889.59680000004,72907.94400000005
6,fixed_manifest,block_04_attention,self_attention,GPU,72907.94400000005,73063.97056000005
5,fixed_manifest,block_08_norm2,layer_norm,GPU,73063.97056000005,73086.10016000005
7,fixed_manifest,block_00_norm2,layer_norm,GPU,73086.10016000005,73108.22976000005
4,fixed_manifest,final_norm,layer_norm,GPU,73108.22976000005,73130.35936000005
6,fixed_manifest,block_04_proj,linear_projection,GPU,73130.35936000005,73282.60352000005
5,fixed_manifest,block_08_ffn_island,fused_ffn_island,FPGA,73244.86496000004,73577.61248000003
4,fixed_manifest,class_token_select,class_token_select,GPU,73282.60352000005,73289.64192000005
6,fixed_manifest,block_04_residual1,residual_add,GPU,73289.64192000005,73307.98912000006
4,fixed_manifest,classifier,linear_classifier,GPU,73307.98912000006,73315.94912000006
6,fixed_manifest,block_04_norm2,layer_norm,GPU,73315.94912000006,73338.07872000006
5,fixed_manifest,block_08_residual2,residual_add,GPU,73801.18848000003,73819.53568000003
7,fixed_manifest,block_00_ffn_island,fused_ffn_island,FPGA,73801.18848000003,74133.93600000003
5,fixed_manifest,block_09_norm1,layer_norm,GPU,73819.53568000003,73841.66528000004
5,fixed_manifest,block_09_qkv,linear_qkv,GPU,73841.66528000004,74284.39776000004
5,fixed_manifest,block_09_attention,self_attention,GPU,74284.39776000004,74440.42432000003
6,fixed_manifest,block_04_ffn_island,fused_ffn_island,FPGA,74357.51200000003,74690.25952000002
7,fixed_manifest,block_00_residual2,residual_add,GPU,74440.42432000003,74458.77152000004
5,fixed_manifest,block_09_proj,linear_projection,GPU,74458.77152000004,74611.01568000003
7,fixed_manifest,block_01_norm1,layer_norm,GPU,74611.01568000003,74633.14528000004
5,fixed_manifest,block_09_residual1,residual_add,GPU,74633.14528000004,74651.49248000004
7,fixed_manifest,block_01_qkv,linear_qkv,GPU,74651.49248000004,75094.22496000004
5,fixed_manifest,block_09_norm2,layer_norm,GPU,75094.22496000004,75116.35456000004
6,fixed_manifest,block_04_residual2,residual_add,GPU,75116.35456000004,75134.70176000004
7,fixed_manifest,block_01_attention,self_attention,GPU,75134.70176000004,75290.72832000004
5,fixed_manifest,block_09_ffn_island,fused_ffn_island,FPGA,75275.11936000003,75607.86688000003
6,fixed_manifest,block_05_norm1,layer_norm,GPU,75290.72832000004,75312.85792000004
7,fixed_manifest,block_01_proj,linear_projection,GPU,75312.85792000004,75465.10208000004
6,fixed_manifest,block_05_qkv,linear_qkv,GPU,75465.10208000004,75907.83456000005
7,fixed_manifest,block_01_residual1,residual_add,GPU,75907.83456000005,75926.18176000005
5,fixed_manifest,block_09_residual2,residual_add,GPU,75926.18176000005,75944.52896000005
6,fixed_manifest,block_05_attention,self_attention,GPU,75944.52896000005,76100.55552000004
7,fixed_manifest,block_01_norm2,layer_norm,GPU,76100.55552000004,76122.68512000005
5,fixed_manifest,block_10_norm1,layer_norm,GPU,76122.68512000005,76144.81472000005
6,fixed_manifest,block_05_proj,linear_projection,GPU,76144.81472000005,76297.05888000004
7,fixed_manifest,block_01_ffn_island,fused_ffn_island,FPGA,76281.44992000004,76614.19744000003
5,fixed_manifest,block_10_qkv,linear_qkv,GPU,76297.05888000004,76739.79136000005
6,fixed_manifest,block_05_residual1,residual_add,GPU,76739.79136000005,76758.13856000005
5,fixed_manifest,block_10_attention,self_attention,GPU,76758.13856000005,76914.16512000005
6,fixed_manifest,block_05_norm2,layer_norm,GPU,76914.16512000005,76936.29472000005
7,fixed_manifest,block_01_residual2,residual_add,GPU,76936.29472000005,76954.64192000005
5,fixed_manifest,block_10_proj,linear_projection,GPU,76954.64192000005,77106.88608000005
6,fixed_manifest,block_05_ffn_island,fused_ffn_island,FPGA,77095.05952000004,77427.80704000003
7,fixed_manifest,block_02_norm1,layer_norm,GPU,77106.88608000005,77129.01568000005
5,fixed_manifest,block_10_residual1,residual_add,GPU,77129.01568000005,77147.36288000006
7,fixed_manifest,block_02_qkv,linear_qkv,GPU,77147.36288000006,77590.09536000005
5,fixed_manifest,block_10_norm2,layer_norm,GPU,77590.09536000005,77612.22496000007
6,fixed_manifest,block_05_residual2,residual_add,GPU,77612.22496000007,77630.57216000007
7,fixed_manifest,block_02_attention,self_attention,GPU,77630.57216000007,77786.59872000005
5,fixed_manifest,block_10_ffn_island,fused_ffn_island,FPGA,77770.98976000005,78103.73728000004
6,fixed_manifest,block_06_norm1,layer_norm,GPU,77786.59872000005,77808.72832000007
7,fixed_manifest,block_02_proj,linear_projection,GPU,77808.72832000007,77960.97248000005
6,fixed_manifest,block_06_qkv,linear_qkv,GPU,77960.97248000005,78403.70496000006
7,fixed_manifest,block_02_residual1,residual_add,GPU,78403.70496000006,78422.05216000006
5,fixed_manifest,block_10_residual2,residual_add,GPU,78422.05216000006,78440.39936000007
6,fixed_manifest,block_06_attention,self_attention,GPU,78440.39936000007,78596.42592000007
7,fixed_manifest,block_02_norm2,layer_norm,GPU,78596.42592000007,78618.55552000007
5,fixed_manifest,block_11_norm1,layer_norm,GPU,78618.55552000007,78640.68512000007
6,fixed_manifest,block_06_proj,linear_projection,GPU,78640.68512000007,78792.92928000007
7,fixed_manifest,block_02_ffn_island,fused_ffn_island,FPGA,78777.32032000006,79110.06784000005
5,fixed_manifest,block_11_qkv,linear_qkv,GPU,78792.92928000007,79235.66176000006
6,fixed_manifest,block_06_residual1,residual_add,GPU,79235.66176000006,79254.00896000006
5,fixed_manifest,block_11_attention,self_attention,GPU,79254.00896000006,79410.03552000006
6,fixed_manifest,block_06_norm2,layer_norm,GPU,79410.03552000006,79432.16512000006
7,fixed_manifest,block_02_residual2,residual_add,GPU,79432.16512000006,79450.51232000007
5,fixed_manifest,block_11_proj,linear_projection,GPU,79450.51232000007,79602.75648000007
6,fixed_manifest,block_06_ffn_island,fused_ffn_island,FPGA,79590.92992000005,79923.67744000004
7,fixed_manifest,block_03_norm1,layer_norm,GPU,79602.75648000007,79624.88608000007
5,fixed_manifest,block_11_residual1,residual_add,GPU,79624.88608000007,79643.23328000007
7,fixed_manifest,block_03_qkv,linear_qkv,GPU,79643.23328000007,80085.96576000006
5,fixed_manifest,block_11_norm2,layer_norm,GPU,80085.96576000006,80108.09536000008
8,fixed_manifest,patch_embedding,patch_embedding,GPU,80108.09536000008,80259.60224000008
6,fixed_manifest,block_06_residual2,residual_add,GPU,80259.60224000008,80277.94944000008
5,fixed_manifest,block_11_ffn_island,fused_ffn_island,FPGA,80266.86016000007,80599.60768000006
7,fixed_manifest,block_03_attention,self_attention,GPU,80277.94944000008,80433.97600000007
8,fixed_manifest,token_embedding,token_and_position_embedding,GPU,80433.97600000007,80452.32320000007
6,fixed_manifest,block_07_norm1,layer_norm,GPU,80452.32320000007,80474.45280000009
7,fixed_manifest,block_03_proj,linear_projection,GPU,80474.45280000009,80626.69696000007
8,fixed_manifest,block_00_norm1,layer_norm,GPU,80626.69696000007,80648.82656000007
6,fixed_manifest,block_07_qkv,linear_qkv,GPU,80648.82656000007,81091.55904000008
7,fixed_manifest,block_03_residual1,residual_add,GPU,81091.55904000008,81109.90624000008
8,fixed_manifest,block_00_qkv,linear_qkv,GPU,81109.90624000008,81552.63872000009
5,fixed_manifest,block_11_residual2,residual_add,GPU,81552.63872000009,81570.9859200001
6,fixed_manifest,block_07_attention,self_attention,GPU,81570.9859200001,81727.01248000008
7,fixed_manifest,block_03_norm2,layer_norm,GPU,81727.01248000008,81749.14208000009
8,fixed_manifest,block_00_attention,self_attention,GPU,81749.14208000009,81905.16864000008
5,fixed_manifest,final_norm,layer_norm,GPU,81905.16864000008,81927.29824000009
7,fixed_manifest,block_03_ffn_island,fused_ffn_island,FPGA,81907.90688000008,82240.65440000007
6,fixed_manifest,block_07_proj,linear_projection,GPU,81927.29824000009,82079.54240000008
8,fixed_manifest,block_00_proj,linear_projection,GPU,82079.54240000008,82231.78656000008
5,fixed_manifest,class_token_select,class_token_select,GPU,82231.78656000008,82238.82496000009
6,fixed_manifest,block_07_residual1,residual_add,GPU,82238.82496000009,82257.17216000009
8,fixed_manifest,block_00_residual1,residual_add,GPU,82257.17216000009,82275.5193600001
5,fixed_manifest,classifier,linear_classifier,GPU,82275.5193600001,82283.47936000008
6,fixed_manifest,block_07_norm2,layer_norm,GPU,82283.47936000008,82305.6089600001
8,fixed_manifest,block_00_norm2,layer_norm,GPU,82305.6089600001,82327.7385600001
7,fixed_manifest,block_03_residual2,residual_add,GPU,82399.41920000006,82417.76640000007
7,fixed_manifest,block_04_norm1,layer_norm,GPU,82417.76640000007,82439.89600000007
7,fixed_manifest,block_04_qkv,linear_qkv,GPU,82439.89600000007,82882.62848000007
6,fixed_manifest,block_07_ffn_island,fused_ffn_island,FPGA,82464.37376000009,82797.12128000008
7,fixed_manifest,block_04_attention,self_attention,GPU,82882.62848000007,83038.65504000006
8,fixed_manifest,block_00_ffn_island,fused_ffn_island,FPGA,83020.69728000008,83353.44480000008
6,fixed_manifest,block_07_residual2,residual_add,GPU,83038.65504000006,83057.00224000006
7,fixed_manifest,block_04_proj,linear_projection,GPU,83057.00224000006,83209.24640000006
6,fixed_manifest,block_08_norm1,layer_norm,GPU,83209.24640000006,83231.37600000006
7,fixed_manifest,block_04_residual1,residual_add,GPU,83231.37600000006,83249.72320000007
6,fixed_manifest,block_08_qkv,linear_qkv,GPU,83249.72320000007,83692.45568000007
7,fixed_manifest,block_04_norm2,layer_norm,GPU,83692.45568000007,83714.58528000007
8,fixed_manifest,block_00_residual2,residual_add,GPU,83714.58528000007,83732.93248000008
6,fixed_manifest,block_08_attention,self_attention,GPU,83732.93248000008,83888.95904000007
7,fixed_manifest,block_04_ffn_island,fused_ffn_island,FPGA,83873.35008000006,84206.09760000005
8,fixed_manifest,block_01_norm1,layer_norm,GPU,83888.95904000007,83911.08864000007
6,fixed_manifest,block_08_proj,linear_projection,GPU,83911.08864000007,84063.33280000008
8,fixed_manifest,block_01_qkv,linear_qkv,GPU,84063.33280000008,84506.06528000007
6,fixed_manifest,block_08_residual1,residual_add,GPU,84506.06528000007,84524.41248000007
7,fixed_manifest,block_04_residual2,residual_add,GPU,84524.41248000007,84542.75968000008
8,fixed_manifest,block_01_attention,self_attention,GPU,84542.75968000008,84698.78624000007
6,fixed_manifest,block_08_norm2,layer_norm,GPU,84698.78624000007,84720.91584000007
7,fixed_manifest,block_05_norm1,layer_norm,GPU,84720.91584000007,84743.04544000007
8,fixed_manifest,block_01_proj,linear_projection,GPU,84743.04544000007,84895.28960000008
6,fixed_manifest,block_08_ffn_island,fused_ffn_island,FPGA,84879.68064000006,85212.42816000007
7,fixed_manifest,block_05_qkv,linear_qkv,GPU,84895.28960000008,85338.02208000008
8,fixed_manifest,block_01_residual1,residual_add,GPU,85338.02208000008,85356.36928000009
7,fixed_manifest,block_05_attention,self_attention,GPU,85356.36928000009,85512.39584000007
8,fixed_manifest,block_01_norm2,layer_norm,GPU,85512.39584000007,85534.52544000008
6,fixed_manifest,block_08_residual2,residual_add,GPU,85534.52544000008,85552.87264000009
7,fixed_manifest,block_05_proj,linear_projection,GPU,85552.87264000009,85705.11680000008
8,fixed_manifest,block_01_ffn_island,fused_ffn_island,FPGA,85693.29024000006,86026.03776000006
6,fixed_manifest,block_09_norm1,layer_norm,GPU,85705.11680000008,85727.24640000008
7,fixed_manifest,block_05_residual1,residual_add,GPU,85727.24640000008,85745.59360000008
6,fixed_manifest,block_09_qkv,linear_qkv,GPU,85745.59360000008,86188.32608000009
7,fixed_manifest,block_05_norm2,layer_norm,GPU,86188.32608000009,86210.45568000009
8,fixed_manifest,block_01_residual2,residual_add,GPU,86210.45568000009,86228.80288000009
6,fixed_manifest,block_09_attention,self_attention,GPU,86228.80288000009,86384.82944000009
7,fixed_manifest,block_05_ffn_island,fused_ffn_island,FPGA,86369.22048000008,86701.96800000008
8,fixed_manifest,block_02_norm1,layer_norm,GPU,86384.82944000009,86406.95904000009
6,fixed_manifest,block_09_proj,linear_projection,GPU,86406.95904000009,86559.20320000009
8,fixed_manifest,block_02_qkv,linear_qkv,GPU,86559.20320000009,87001.93568000008
6,fixed_manifest,block_09_residual1,residual_add,GPU,87001.93568000008,87020.28288000009
7,fixed_manifest,block_05_residual2,residual_add,GPU,87020.28288000009,87038.63008000009
8,fixed_manifest,block_02_attention,self_attention,GPU,87038.63008000009,87194.65664000009
6,fixed_manifest,block_09_norm2,layer_norm,GPU,87194.65664000009,87216.78624000009
7,fixed_manifest,block_06_norm1,layer_norm,GPU,87216.78624000009,87238.9158400001
8,fixed_manifest,block_02_proj,linear_projection,GPU,87238.9158400001,87391.16000000009
6,fixed_manifest,block_09_ffn_island,fused_ffn_island,FPGA,87375.55104000008,87708.29856000008
7,fixed_manifest,block_06_qkv,linear_qkv,GPU,87391.16000000009,87833.8924800001
8,fixed_manifest,block_02_residual1,residual_add,GPU,87833.8924800001,87852.2396800001
7,fixed_manifest,block_06_attention,self_attention,GPU,87852.2396800001,88008.26624000008
8,fixed_manifest,block_02_norm2,layer_norm,GPU,88008.26624000008,88030.3958400001
6,fixed_manifest,block_09_residual2,residual_add,GPU,88030.3958400001,88048.7430400001
7,fixed_manifest,block_06_proj,linear_projection,GPU,88048.7430400001,88200.98720000009
8,fixed_manifest,block_02_ffn_island,fused_ffn_island,FPGA,88189.16064000009,88521.90816000008
6,fixed_manifest,block_10_norm1,layer_norm,GPU,88200.98720000009,88223.1168000001
7,fixed_manifest,block_06_residual1,residual_add,GPU,88223.1168000001,88241.46400000011
6,fixed_manifest,block_10_qkv,linear_qkv,GPU,88241.46400000011,88684.1964800001
7,fixed_manifest,block_06_norm2,layer_norm,GPU,88684.1964800001,88706.3260800001
8,fixed_manifest,block_02_residual2,residual_add,GPU,88706.3260800001,88724.6732800001
6,fixed_manifest,block_10_attention,self_attention,GPU,88724.6732800001,88880.6998400001
7,fixed_manifest,block_06_ffn_island,fused_ffn_island,FPGA,88865.09088000009,89197.8384000001
8,fixed_manifest,block_03_norm1,layer_norm,GPU,88880.6998400001,88902.8294400001
6,fixed_manifest,block_10_proj,linear_projection,GPU,88902.8294400001,89055.0736000001
8,fixed_manifest,block_03_qkv,linear_qkv,GPU,89055.0736000001,89497.8060800001
6,fixed_manifest,block_10_residual1,residual_add,GPU,89497.8060800001,89516.1532800001
7,fixed_manifest,block_06_residual2,residual_add,GPU,89516.1532800001,89534.50048000012
8,fixed_manifest,block_03_attention,self_attention,GPU,89534.50048000012,89690.5270400001
6,fixed_manifest,block_10_norm2,layer_norm,GPU,89690.5270400001,89712.6566400001
7,fixed_manifest,block_07_norm1,layer_norm,GPU,89712.6566400001,89734.78624000012
8,fixed_manifest,block_03_proj,linear_projection,GPU,89734.78624000012,89887.0304000001
6,fixed_manifest,block_10_ffn_island,fused_ffn_island,FPGA,89871.4214400001,90204.1689600001
7,fixed_manifest,block_07_qkv,linear_qkv,GPU,89887.0304000001,90329.76288000011
8,fixed_manifest,block_03_residual1,residual_add,GPU,90329.76288000011,90348.11008000011
9,fixed_manifest,patch_embedding,patch_embedding,GPU,90348.11008000011,90499.61696000012
7,fixed_manifest,block_07_attention,self_attention,GPU,90499.61696000012,90655.6435200001
8,fixed_manifest,block_03_norm2,layer_norm,GPU,90655.6435200001,90677.77312000011
6,fixed_manifest,block_10_residual2,residual_add,GPU,90677.77312000011,90696.12032000012
9,fixed_manifest,token_embedding,token_and_position_embedding,GPU,90696.12032000012,90714.46752000012
7,fixed_manifest,block_07_proj,linear_projection,GPU,90714.46752000012,90866.71168000011
8,fixed_manifest,block_03_ffn_island,fused_ffn_island,FPGA,90836.5379200001,91169.2854400001
6,fixed_manifest,block_11_norm1,layer_norm,GPU,90866.71168000011,90888.84128000012
9,fixed_manifest,block_00_norm1,layer_norm,GPU,90888.84128000012,90910.97088000012
7,fixed_manifest,block_07_residual1,residual_add,GPU,90910.97088000012,90929.31808000013
6,fixed_manifest,block_11_qkv,linear_qkv,GPU,90929.31808000013,91372.05056000012
9,fixed_manifest,block_00_qkv,linear_qkv,GPU,91372.05056000012,91814.78304000013
7,fixed_manifest,block_07_norm2,layer_norm,GPU,91814.78304000013,91836.91264000013
8,fixed_manifest,block_03_residual2,residual_add,GPU,91836.91264000013,91855.25984000013
6,fixed_manifest,block_11_attention,self_attention,GPU,91855.25984000013,92011.28640000013
7,fixed_manifest,block_07_ffn_island,fused_ffn_island,FPGA,91995.67744000012,92328.42496000012
9,fixed_manifest,block_00_attention,self_attention,GPU,92011.28640000013,92167.31296000013
8,fixed_manifest,block_04_norm1,layer_norm,GPU,92167.31296000013,92189.44256000013
6,fixed_manifest,block_11_proj,linear_projection,GPU,92189.44256000013,92341.68672000011
9,fixed_manifest,block_00_proj,linear_projection,GPU,92341.68672000011,92493.93088000012
8,fixed_manifest,block_04_qkv,linear_qkv,GPU,92493.93088000012,92936.66336000012
6,fixed_manifest,block_11_residual1,residual_add,GPU,92936.66336000012,92955.01056000013
7,fixed_manifest,block_07_residual2,residual_add,GPU,92955.01056000013,92973.35776000013
9,fixed_manifest,block_00_residual1,residual_add,GPU,92973.35776000013,92991.70496000013
8,fixed_manifest,block_04_attention,self_attention,GPU,92991.70496000013,93147.73152000012
6,fixed_manifest,block_11_norm2,layer_norm,GPU,93147.73152000012,93169.86112000013
7,fixed_manifest,block_08_norm1,layer_norm,GPU,93169.86112000013,93191.99072000013
9,fixed_manifest,block_00_norm2,layer_norm,GPU,93191.99072000013,93214.12032000013
8,fixed_manifest,block_04_proj,linear_projection,GPU,93214.12032000013,93366.36448000013
6,fixed_manifest,block_11_ffn_island,fused_ffn_island,FPGA,93328.62592000012,93661.37344000011
7,fixed_manifest,block_08_qkv,linear_qkv,GPU,93366.36448000013,93809.09696000013
8,fixed_manifest,block_04_residual1,residual_add,GPU,93809.09696000013,93827.44416000013
7,fixed_manifest,block_08_attention,self_attention,GPU,93827.44416000013,93983.47072000013
9,fixed_manifest,block_00_ffn_island,fused_ffn_island,FPGA,93884.94944000011,94217.69696000012
8,fixed_manifest,block_04_norm2,layer_norm,GPU,93983.47072000013,94005.60032000013
6,fixed_manifest,block_11_residual2,residual_add,GPU,94005.60032000013,94023.94752000013
7,fixed_manifest,block_08_proj,linear_projection,GPU,94023.94752000013,94176.19168000013
6,fixed_manifest,final_norm,layer_norm,GPU,94176.19168000013,94198.32128000013
7,fixed_manifest,block_08_residual1,residual_add,GPU,94198.32128000013,94216.66848000014
6,fixed_manifest,class_token_select,class_token_select,GPU,94216.66848000014,94223.70688000014
7,fixed_manifest,block_08_norm2,layer_norm,GPU,94223.70688000014,94245.83648000014
6,fixed_manifest,classifier,linear_classifier,GPU,94245.83648000014,94253.79648000015
8,fixed_manifest,block_04_ffn_island,fused_ffn_island,FPGA,94441.27296000012,94774.02048000011
9,fixed_manifest,block_00_residual2,residual_add,GPU,94441.27296000012,94459.62016000012
9,fixed_manifest,block_01_norm1,layer_norm,GPU,94459.62016000012,94481.74976000012
9,fixed_manifest,block_01_qkv,linear_qkv,GPU,94481.74976000012,94924.48224000013
9,fixed_manifest,block_01_attention,self_attention,GPU,94924.48224000013,95080.50880000011
7,fixed_manifest,block_08_ffn_island,fused_ffn_island,FPGA,94997.59648000011,95330.34400000011
8,fixed_manifest,block_04_residual2,residual_add,GPU,95080.50880000011,95098.85600000012
9,fixed_manifest,block_01_proj,linear_projection,GPU,95098.85600000012,95251.10016000012
8,fixed_manifest,block_05_norm1,layer_norm,GPU,95251.10016000012,95273.22976000012
9,fixed_manifest,block_01_residual1,residual_add,GPU,95273.22976000012,95291.57696000012
8,fixed_manifest,block_05_qkv,linear_qkv,GPU,95291.57696000012,95734.30944000013
9,fixed_manifest,block_01_norm2,layer_norm,GPU,95734.30944000013,95756.43904000013
7,fixed_manifest,block_08_residual2,residual_add,GPU,95756.43904000013,95774.78624000013
8,fixed_manifest,block_05_attention,self_attention,GPU,95774.78624000013,95930.81280000013
9,fixed_manifest,block_01_ffn_island,fused_ffn_island,FPGA,95915.20384000012,96247.95136000011
7,fixed_manifest,block_09_norm1,layer_norm,GPU,95930.81280000013,95952.94240000013
8,fixed_manifest,block_05_proj,linear_projection,GPU,95952.94240000013,96105.18656000012
7,fixed_manifest,block_09_qkv,linear_qkv,GPU,96105.18656000012,96547.91904000012
8,fixed_manifest,block_05_residual1,residual_add,GPU,96547.91904000012,96566.26624000013
9,fixed_manifest,block_01_residual2,residual_add,GPU,96566.26624000013,96584.61344000013
7,fixed_manifest,block_09_attention,self_attention,GPU,96584.61344000013,96740.64000000013
8,fixed_manifest,block_05_norm2,layer_norm,GPU,96740.64000000013,96762.76960000013
9,fixed_manifest,block_02_norm1,layer_norm,GPU,96762.76960000013,96784.89920000013
7,fixed_manifest,block_09_proj,linear_projection,GPU,96784.89920000013,96937.14336000013
8,fixed_manifest,block_05_ffn_island,fused_ffn_island,FPGA,96921.53440000012,97254.28192000011
9,fixed_manifest,block_02_qkv,linear_qkv,GPU,96937.14336000013,97379.87584000012
7,fixed_manifest,block_09_residual1,residual_add,GPU,97379.87584000012,97398.22304000013
9,fixed_manifest,block_02_attention,self_attention,GPU,97398.22304000013,97554.24960000013
7,fixed_manifest,block_09_norm2,layer_norm,GPU,97554.24960000013,97576.37920000013
8,fixed_manifest,block_05_residual2,residual_add,GPU,97576.37920000013,97594.72640000013
9,fixed_manifest,block_02_proj,linear_projection,GPU,97594.72640000013,97746.97056000013
7,fixed_manifest,block_09_ffn_island,fused_ffn_island,FPGA,97735.14400000012,98067.89152000012
8,fixed_manifest,block_06_norm1,layer_norm,GPU,97746.97056000013,97769.10016000013
9,fixed_manifest,block_02_residual1,residual_add,GPU,97769.10016000013,97787.44736000014
8,fixed_manifest,block_06_qkv,linear_qkv,GPU,97787.44736000014,98230.17984000014
9,fixed_manifest,block_02_norm2,layer_norm,GPU,98230.17984000014,98252.30944000014
7,fixed_manifest,block_09_residual2,residual_add,GPU,98252.30944000014,98270.65664000015
8,fixed_manifest,block_06_attention,self_attention,GPU,98270.65664000015,98426.68320000015
9,fixed_manifest,block_02_ffn_island,fused_ffn_island,FPGA,98411.07424000013,98743.82176000012
7,fixed_manifest,block_10_norm1,layer_norm,GPU,98426.68320000015,98448.81280000015
8,fixed_manifest,block_06_proj,linear_projection,GPU,98448.81280000015,98601.05696000015
7,fixed_manifest,block_10_qkv,linear_qkv,GPU,98601.05696000015,99043.78944000014
8,fixed_manifest,block_06_residual1,residual_add,GPU,99043.78944000014,99062.13664000014
9,fixed_manifest,block_02_residual2,residual_add,GPU,99062.13664000014,99080.48384000015
7,fixed_manifest,block_10_attention,self_attention,GPU,99080.48384000015,99236.51040000014
8,fixed_manifest,block_06_norm2,layer_norm,GPU,99236.51040000014,99258.64000000014
9,fixed_manifest,block_03_norm1,layer_norm,GPU,99258.64000000014,99280.76960000015
7,fixed_manifest,block_10_proj,linear_projection,GPU,99280.76960000015,99433.01376000015
8,fixed_manifest,block_06_ffn_island,fused_ffn_island,FPGA,99417.40480000013,99750.15232000014
9,fixed_manifest,block_03_qkv,linear_qkv,GPU,99433.01376000015,99875.74624000015
7,fixed_manifest,block_10_residual1,residual_add,GPU,99875.74624000015,99894.09344000016
9,fixed_manifest,block_03_attention,self_attention,GPU,99894.09344000016,100050.12000000014
7,fixed_manifest,block_10_norm2,layer_norm,GPU,100050.12000000014,100072.24960000016
8,fixed_manifest,block_06_residual2,residual_add,GPU,100072.24960000016,100090.59680000016
10,fixed_manifest,patch_embedding,patch_embedding,GPU,100090.59680000016,100242.10368000015
7,fixed_manifest,block_10_ffn_island,fused_ffn_island,FPGA,100231.01440000013,100563.76192000014
9,fixed_manifest,block_03_proj,linear_projection,GPU,100242.10368000015,100394.34784000015
8,fixed_manifest,block_07_norm1,layer_norm,GPU,100394.34784000015,100416.47744000015
10,fixed_manifest,token_embedding,token_and_position_embedding,GPU,100416.47744000015,100434.82464000015
9,fixed_manifest,block_03_residual1,residual_add,GPU,100434.82464000015,100453.17184000016
8,fixed_manifest,block_07_qkv,linear_qkv,GPU,100453.17184000016,100895.90432000016
10,fixed_manifest,block_00_norm1,layer_norm,GPU,100895.90432000016,100918.03392000016
9,fixed_manifest,block_03_norm2,layer_norm,GPU,100918.03392000016,100940.16352000016
7,fixed_manifest,block_10_residual2,residual_add,GPU,100940.16352000016,100958.51072000017
8,fixed_manifest,block_07_attention,self_attention,GPU,100958.51072000017,101114.53728000016
9,fixed_manifest,block_03_ffn_island,fused_ffn_island,FPGA,101098.92832000015,101431.67584000016
10,fixed_manifest,block_00_qkv,linear_qkv,GPU,101114.53728000016,101557.26976000017
7,fixed_manifest,block_11_norm1,layer_norm,GPU,101557.26976000017,101579.39936000017
8,fixed_manifest,block_07_proj,linear_projection,GPU,101579.39936000017,101731.64352000016
10,fixed_manifest,block_00_attention,self_attention,GPU,101731.64352000016,101887.67008000016
7,fixed_manifest,block_11_qkv,linear_qkv,GPU,101887.67008000016,102330.40256000016
9,fixed_manifest,block_03_residual2,residual_add,GPU,102330.40256000016,102348.74976000017
8,fixed_manifest,block_07_residual1,residual_add,GPU,102348.74976000017,102367.09696000017
10,fixed_manifest,block_00_proj,linear_projection,GPU,102367.09696000017,102519.34112000016
7,fixed_manifest,block_11_attention,self_attention,GPU,102519.34112000016,102675.36768000016
9,fixed_manifest,block_04_norm1,layer_norm,GPU,102675.36768000016,102697.49728000016
8,fixed_manifest,block_07_norm2,layer_norm,GPU,102697.49728000016,102719.62688000017
10,fixed_manifest,block_00_residual1,residual_add,GPU,102719.62688000017,102737.97408000017
7,fixed_manifest,block_11_proj,linear_projection,GPU,102737.97408000017,102890.21824000016
8,fixed_manifest,block_07_ffn_island,fused_ffn_island,FPGA,102878.39168000015,103211.13920000015
9,fixed_manifest,block_04_qkv,linear_qkv,GPU,102890.21824000016,103332.95072000017
10,fixed_manifest,block_00_norm2,layer_norm,GPU,103332.95072000017,103355.08032000017
7,fixed_manifest,block_11_residual1,residual_add,GPU,103355.08032000017,103373.42752000017
9,fixed_manifest,block_04_attention,self_attention,GPU,103373.42752000017,103529.45408000017
10,fixed_manifest,block_00_ffn_island,fused_ffn_island,FPGA,103520.66880000014,103853.41632000013
7,fixed_manifest,block_11_norm2,layer_norm,GPU,103529.45408000017,103551.58368000017
8,fixed_manifest,block_07_residual2,residual_add,GPU,103551.58368000017,103569.93088000017
9,fixed_manifest,block_04_proj,linear_projection,GPU,103569.93088000017,103722.17504000018
8,fixed_manifest,block_08_norm1,layer_norm,GPU,103722.17504000018,103744.30464000018
9,fixed_manifest,block_04_residual1,residual_add,GPU,103744.30464000018,103762.65184000018
8,fixed_manifest,block_08_qkv,linear_qkv,GPU,103762.65184000018,104205.38432000017
7,fixed_manifest,block_11_ffn_island,fused_ffn_island,FPGA,104076.99232000015,104409.73984000014
9,fixed_manifest,block_04_norm2,layer_norm,GPU,104205.38432000017,104227.51392000019
10,fixed_manifest,block_00_residual2,residual_add,GPU,104227.51392000019,104245.86112000019
8,fixed_manifest,block_08_attention,self_attention,GPU,104245.86112000019,104401.88768000017
10,fixed_manifest,block_01_norm1,layer_norm,GPU,104401.88768000017,104424.01728000019
8,fixed_manifest,block_08_proj,linear_projection,GPU,104424.01728000019,104576.26144000018
10,fixed_manifest,block_01_qkv,linear_qkv,GPU,104576.26144000018,105018.99392000018
9,fixed_manifest,block_04_ffn_island,fused_ffn_island,FPGA,104633.31584000014,104966.06336000015
8,fixed_manifest,block_08_residual1,residual_add,GPU,105018.99392000018,105037.34112000019
7,fixed_manifest,block_11_residual2,residual_add,GPU,105037.34112000019,105055.68832000019
10,fixed_manifest,block_01_attention,self_attention,GPU,105055.68832000019,105211.71488000019
8,fixed_manifest,block_08_norm2,layer_norm,GPU,105211.71488000019,105233.84448000019
7,fixed_manifest,final_norm,layer_norm,GPU,105233.84448000019,105255.97408000019
9,fixed_manifest,block_04_residual2,residual_add,GPU,105255.97408000019,105274.3212800002
10,fixed_manifest,block_01_proj,linear_projection,GPU,105274.3212800002,105426.5654400002
8,fixed_manifest,block_08_ffn_island,fused_ffn_island,FPGA,105392.60928000018,105725.35680000017
7,fixed_manifest,class_token_select,class_token_select,GPU,105426.5654400002,105433.6038400002
9,fixed_manifest,block_05_norm1,layer_norm,GPU,105433.6038400002,105455.7334400002
10,fixed_manifest,block_01_residual1,residual_add,GPU,105455.7334400002,105474.0806400002
7,fixed_manifest,classifier,linear_classifier,GPU,105474.0806400002,105482.04064000021
9,fixed_manifest,block_05_qkv,linear_qkv,GPU,105482.04064000021,105924.7731200002
10,fixed_manifest,block_01_norm2,layer_norm,GPU,105924.7731200002,105946.9027200002
8,fixed_manifest,block_08_residual2,residual_add,GPU,105946.9027200002,105965.2499200002
9,fixed_manifest,block_05_attention,self_attention,GPU,105965.2499200002,106121.2764800002
10,fixed_manifest,block_01_ffn_island,fused_ffn_island,FPGA,106105.66752000019,106438.4150400002
8,fixed_manifest,block_09_norm1,layer_norm,GPU,106121.2764800002,106143.4060800002
9,fixed_manifest,block_05_proj,linear_projection,GPU,106143.4060800002,106295.6502400002
8,fixed_manifest,block_09_qkv,linear_qkv,GPU,106295.6502400002,106738.3827200002
9,fixed_manifest,block_05_residual1,residual_add,GPU,106738.3827200002,106756.72992000022
10,fixed_manifest,block_01_residual2,residual_add,GPU,106756.72992000022,106775.07712000022
8,fixed_manifest,block_09_attention,self_attention,GPU,106775.07712000022,106931.1036800002
9,fixed_manifest,block_05_norm2,layer_norm,GPU,106931.1036800002,106953.23328000022
10,fixed_manifest,block_02_norm1,layer_norm,GPU,106953.23328000022,106975.36288000022
8,fixed_manifest,block_09_proj,linear_projection,GPU,106975.36288000022,107127.6070400002
9,fixed_manifest,block_05_ffn_island,fused_ffn_island,FPGA,107111.9980800002,107444.7456000002
10,fixed_manifest,block_02_qkv,linear_qkv,GPU,107127.6070400002,107570.33952000021
8,fixed_manifest,block_09_residual1,residual_add,GPU,107570.33952000021,107588.68672000022
10,fixed_manifest,block_02_attention,self_attention,GPU,107588.68672000022,107744.71328000021
8,fixed_manifest,block_09_norm2,layer_norm,GPU,107744.71328000021,107766.84288000021
9,fixed_manifest,block_05_residual2,residual_add,GPU,107766.84288000021,107785.19008000022
10,fixed_manifest,block_02_proj,linear_projection,GPU,107785.19008000022,107937.4342400002
8,fixed_manifest,block_09_ffn_island,fused_ffn_island,FPGA,107925.6076800002,108258.3552000002
9,fixed_manifest,block_06_norm1,layer_norm,GPU,107937.4342400002,107959.56384000022
10,fixed_manifest,block_02_residual1,residual_add,GPU,107959.56384000022,107977.91104000022
9,fixed_manifest,block_06_qkv,linear_qkv,GPU,107977.91104000022,108420.64352000022
10,fixed_manifest,block_02_norm2,layer_norm,GPU,108420.64352000022,108442.77312000023
8,fixed_manifest,block_09_residual2,residual_add,GPU,108442.77312000023,108461.12032000023
9,fixed_manifest,block_06_attention,self_attention,GPU,108461.12032000023,108617.14688000022
10,fixed_manifest,block_02_ffn_island,fused_ffn_island,FPGA,108601.5379200002,108934.28544000021
8,fixed_manifest,block_10_norm1,layer_norm,GPU,108617.14688000022,108639.27648000023
9,fixed_manifest,block_06_proj,linear_projection,GPU,108639.27648000023,108791.52064000022
8,fixed_manifest,block_10_qkv,linear_qkv,GPU,108791.52064000022,109234.25312000023
9,fixed_manifest,block_06_residual1,residual_add,GPU,109234.25312000023,109252.60032000023
10,fixed_manifest,block_02_residual2,residual_add,GPU,109252.60032000023,109270.94752000023
8,fixed_manifest,block_10_attention,self_attention,GPU,109270.94752000023,109426.97408000022
9,fixed_manifest,block_06_norm2,layer_norm,GPU,109426.97408000022,109449.10368000023
10,fixed_manifest,block_03_norm1,layer_norm,GPU,109449.10368000023,109471.23328000023
8,fixed_manifest,block_10_proj,linear_projection,GPU,109471.23328000023,109623.47744000022
9,fixed_manifest,block_06_ffn_island,fused_ffn_island,FPGA,109607.86848000022,109940.61600000021
10,fixed_manifest,block_03_qkv,linear_qkv,GPU,109623.47744000022,110066.20992000023
8,fixed_manifest,block_10_residual1,residual_add,GPU,110066.20992000023,110084.55712000023
11,fixed_manifest,patch_embedding,patch_embedding,GPU,110084.55712000023,110236.06400000023
10,fixed_manifest,block_03_attention,self_attention,GPU,110236.06400000023,110392.09056000023
8,fixed_manifest,block_10_norm2,layer_norm,GPU,110392.09056000023,110414.22016000023
9,fixed_manifest,block_06_residual2,residual_add,GPU,110414.22016000023,110432.56736000023
11,fixed_manifest,token_embedding,token_and_position_embedding,GPU,110432.56736000023,110450.91456000024
10,fixed_manifest,block_03_proj,linear_projection,GPU,110450.91456000024,110603.15872000024
8,fixed_manifest,block_10_ffn_island,fused_ffn_island,FPGA,110572.98496000022,110905.73248000021
9,fixed_manifest,block_07_norm1,layer_norm,GPU,110603.15872000024,110625.28832000024
11,fixed_manifest,block_00_norm1,layer_norm,GPU,110625.28832000024,110647.41792000024
10,fixed_manifest,block_03_residual1,residual_add,GPU,110647.41792000024,110665.76512000024
9,fixed_manifest,block_07_qkv,linear_qkv,GPU,110665.76512000024,111108.49760000025
11,fixed_manifest,block_00_qkv,linear_qkv,GPU,111108.49760000025,111551.23008000024
10,fixed_manifest,block_03_norm2,layer_norm,GPU,111551.23008000024,111573.35968000024
8,fixed_manifest,block_10_residual2,residual_add,GPU,111573.35968000024,111591.70688000025
9,fixed_manifest,block_07_attention,self_attention,GPU,111591.70688000025,111747.73344000024
10,fixed_manifest,block_03_ffn_island,fused_ffn_island,FPGA,111732.12448000023,112064.87200000024
11,fixed_manifest,block_00_attention,self_attention,GPU,111747.73344000024,111903.76000000024
8,fixed_manifest,block_11_norm1,layer_norm,GPU,111903.76000000024,111925.88960000024
9,fixed_manifest,block_07_proj,linear_projection,GPU,111925.88960000024,112078.13376000024
11,fixed_manifest,block_00_proj,linear_projection,GPU,112078.13376000024,112230.37792000023
8,fixed_manifest,block_11_qkv,linear_qkv,GPU,112230.37792000023,112673.11040000024
9,fixed_manifest,block_07_residual1,residual_add,GPU,112673.11040000024,112691.45760000024
10,fixed_manifest,block_03_residual2,residual_add,GPU,112691.45760000024,112709.80480000025
11,fixed_manifest,block_00_residual1,residual_add,GPU,112709.80480000025,112728.15200000025
8,fixed_manifest,block_11_attention,self_attention,GPU,112728.15200000025,112884.17856000025
9,fixed_manifest,block_07_norm2,layer_norm,GPU,112884.17856000025,112906.30816000025
10,fixed_manifest,block_04_norm1,layer_norm,GPU,112906.30816000025,112928.43776000025
11,fixed_manifest,block_00_norm2,layer_norm,GPU,112928.43776000025,112950.56736000025
8,fixed_manifest,block_11_proj,linear_projection,GPU,112950.56736000025,113102.81152000025
9,fixed_manifest,block_07_ffn_island,fused_ffn_island,FPGA,113065.07296000024,113397.82048000023
10,fixed_manifest,block_04_qkv,linear_qkv,GPU,113102.81152000025,113545.54400000024
8,fixed_manifest,block_11_residual1,residual_add,GPU,113545.54400000024,113563.89120000025
10,fixed_manifest,block_04_attention,self_attention,GPU,113563.89120000025,113719.91776000024
11,fixed_manifest,block_00_ffn_island,fused_ffn_island,FPGA,113621.39648000023,113954.14400000023
8,fixed_manifest,block_11_norm2,layer_norm,GPU,113719.91776000024,113742.04736000024
9,fixed_manifest,block_07_residual2,residual_add,GPU,113742.04736000024,113760.39456000025
10,fixed_manifest,block_04_proj,linear_projection,GPU,113760.39456000025,113912.63872000025
9,fixed_manifest,block_08_norm1,layer_norm,GPU,113912.63872000025,113934.76832000025
10,fixed_manifest,block_04_residual1,residual_add,GPU,113934.76832000025,113953.11552000025
9,fixed_manifest,block_08_qkv,linear_qkv,GPU,113953.11552000025,114395.84800000026
8,fixed_manifest,block_11_ffn_island,fused_ffn_island,FPGA,114177.72000000023,114510.46752000022
10,fixed_manifest,block_04_norm2,layer_norm,GPU,114395.84800000026,114417.97760000026
11,fixed_manifest,block_00_residual2,residual_add,GPU,114417.97760000026,114436.32480000026
9,fixed_manifest,block_08_attention,self_attention,GPU,114436.32480000026,114592.35136000026
11,fixed_manifest,block_01_norm1,layer_norm,GPU,114592.35136000026,114614.48096000026
9,fixed_manifest,block_08_proj,linear_projection,GPU,114614.48096000026,114766.72512000026
10,fixed_manifest,block_04_ffn_island,fused_ffn_island,FPGA,114734.04352000022,115066.79104000023
11,fixed_manifest,block_01_qkv,linear_qkv,GPU,114766.72512000026,115209.45760000026
8,fixed_manifest,block_11_residual2,residual_add,GPU,115209.45760000026,115227.80480000026
9,fixed_manifest,block_08_residual1,residual_add,GPU,115227.80480000026,115246.15200000026
11,fixed_manifest,block_01_attention,self_attention,GPU,115246.15200000026,115402.17856000026
10,fixed_manifest,block_04_residual2,residual_add,GPU,115402.17856000026,115420.52576000027
8,fixed_manifest,final_norm,layer_norm,GPU,115420.52576000027,115442.65536000027
9,fixed_manifest,block_08_norm2,layer_norm,GPU,115442.65536000027,115464.78496000028
11,fixed_manifest,block_01_proj,linear_projection,GPU,115464.78496000028,115617.02912000027
10,fixed_manifest,block_05_norm1,layer_norm,GPU,115617.02912000027,115639.15872000027
9,fixed_manifest,block_08_ffn_island,fused_ffn_island,FPGA,115623.54976000026,115956.29728000026
8,fixed_manifest,class_token_select,class_token_select,GPU,115639.15872000027,115646.19712000027
11,fixed_manifest,block_01_residual1,residual_add,GPU,115646.19712000027,115664.54432000028
10,fixed_manifest,block_05_qkv,linear_qkv,GPU,115664.54432000028,116107.27680000028
8,fixed_manifest,classifier,linear_classifier,GPU,116107.27680000028,116115.23680000029
11,fixed_manifest,block_01_norm2,layer_norm,GPU,116115.23680000029,116137.36640000029
10,fixed_manifest,block_05_attention,self_attention,GPU,116137.36640000029,116293.39296000029
9,fixed_manifest,block_08_residual2,residual_add,GPU,116293.39296000029,116311.74016000029
11,fixed_manifest,block_01_ffn_island,fused_ffn_island,FPGA,116296.13120000028,116628.87872000027
10,fixed_manifest,block_05_proj,linear_projection,GPU,116311.74016000029,116463.98432000028
9,fixed_manifest,block_09_norm1,layer_norm,GPU,116463.98432000028,116486.11392000028
10,fixed_manifest,block_05_residual1,residual_add,GPU,116486.11392000028,116504.4611200003
9,fixed_manifest,block_09_qkv,linear_qkv,GPU,116504.4611200003,116947.19360000029
10,fixed_manifest,block_05_norm2,layer_norm,GPU,116947.19360000029,116969.32320000029
11,fixed_manifest,block_01_residual2,residual_add,GPU,116969.32320000029,116987.6704000003
9,fixed_manifest,block_09_attention,self_attention,GPU,116987.6704000003,117143.69696000029
10,fixed_manifest,block_05_ffn_island,fused_ffn_island,FPGA,117128.08800000028,117460.83552000028
11,fixed_manifest,block_02_norm1,layer_norm,GPU,117143.69696000029,117165.82656000029
9,fixed_manifest,block_09_proj,linear_projection,GPU,117165.82656000029,117318.0707200003
11,fixed_manifest,block_02_qkv,linear_qkv,GPU,117318.0707200003,117760.80320000029
9,fixed_manifest,block_09_residual1,residual_add,GPU,117760.80320000029,117779.15040000029
10,fixed_manifest,block_05_residual2,residual_add,GPU,117779.15040000029,117797.4976000003
11,fixed_manifest,block_02_attention,self_attention,GPU,117797.4976000003,117953.52416000029
9,fixed_manifest,block_09_norm2,layer_norm,GPU,117953.52416000029,117975.65376000029
10,fixed_manifest,block_06_norm1,layer_norm,GPU,117975.65376000029,117997.7833600003
11,fixed_manifest,block_02_proj,linear_projection,GPU,117997.7833600003,118150.0275200003
9,fixed_manifest,block_09_ffn_island,fused_ffn_island,FPGA,118134.41856000028,118467.16608000029
10,fixed_manifest,block_06_qkv,linear_qkv,GPU,118150.0275200003,118592.7600000003
11,fixed_manifest,block_02_residual1,residual_add,GPU,118592.7600000003,118611.1072000003
10,fixed_manifest,block_06_attention,self_attention,GPU,118611.1072000003,118767.1337600003
11,fixed_manifest,block_02_norm2,layer_norm,GPU,118767.1337600003,118789.2633600003
9,fixed_manifest,block_09_residual2,residual_add,GPU,118789.2633600003,118807.6105600003
10,fixed_manifest,block_06_proj,linear_projection,GPU,118807.6105600003,118959.8547200003
11,fixed_manifest,block_02_ffn_island,fused_ffn_island,FPGA,118948.02816000029,119280.77568000028
9,fixed_manifest,block_10_norm1,layer_norm,GPU,118959.8547200003,118981.98432000031
10,fixed_manifest,block_06_residual1,residual_add,GPU,118981.98432000031,119000.33152000031
9,fixed_manifest,block_10_qkv,linear_qkv,GPU,119000.33152000031,119443.0640000003
10,fixed_manifest,block_06_norm2,layer_norm,GPU,119443.0640000003,119465.1936000003
11,fixed_manifest,block_02_residual2,residual_add,GPU,119465.1936000003,119483.54080000031
9,fixed_manifest,block_10_attention,self_attention,GPU,119483.54080000031,119639.5673600003
10,fixed_manifest,block_06_ffn_island,fused_ffn_island,FPGA,119623.9584000003,119956.7059200003
11,fixed_manifest,block_03_norm1,layer_norm,GPU,119639.5673600003,119661.6969600003
9,fixed_manifest,block_10_proj,linear_projection,GPU,119661.6969600003,119813.94112000031
11,fixed_manifest,block_03_qkv,linear_qkv,GPU,119813.94112000031,120256.67360000031
9,fixed_manifest,block_10_residual1,residual_add,GPU,120256.67360000031,120275.02080000032
12,fixed_manifest,patch_embedding,patch_embedding,GPU,120275.02080000032,120426.5276800003
10,fixed_manifest,block_06_residual2,residual_add,GPU,120426.5276800003,120444.87488000032
11,fixed_manifest,block_03_attention,self_attention,GPU,120444.87488000032,120600.9014400003
9,fixed_manifest,block_10_norm2,layer_norm,GPU,120600.9014400003,120623.0310400003
12,fixed_manifest,token_embedding,token_and_position_embedding,GPU,120623.0310400003,120641.37824000033
10,fixed_manifest,block_07_norm1,layer_norm,GPU,120641.37824000033,120663.50784000033
11,fixed_manifest,block_03_proj,linear_projection,GPU,120663.50784000033,120815.75200000031
9,fixed_manifest,block_10_ffn_island,fused_ffn_island,FPGA,120781.7958400003,121114.5433600003
12,fixed_manifest,block_00_norm1,layer_norm,GPU,120815.75200000031,120837.88160000033
10,fixed_manifest,block_07_qkv,linear_qkv,GPU,120837.88160000033,121280.61408000032
11,fixed_manifest,block_03_residual1,residual_add,GPU,121280.61408000032,121298.96128000032
12,fixed_manifest,block_00_qkv,linear_qkv,GPU,121298.96128000032,121741.69376000033
9,fixed_manifest,block_10_residual2,residual_add,GPU,121741.69376000033,121760.04096000033
10,fixed_manifest,block_07_attention,self_attention,GPU,121760.04096000033,121916.06752000032
11,fixed_manifest,block_03_norm2,layer_norm,GPU,121916.06752000032,121938.19712000033
12,fixed_manifest,block_00_attention,self_attention,GPU,121938.19712000033,122094.22368000032
9,fixed_manifest,block_11_norm1,layer_norm,GPU,122094.22368000032,122116.35328000033
11,fixed_manifest,block_03_ffn_island,fused_ffn_island,FPGA,122096.96192000032,122429.70944000031
10,fixed_manifest,block_07_proj,linear_projection,GPU,122116.35328000033,122268.59744000032
12,fixed_manifest,block_00_proj,linear_projection,GPU,122268.59744000032,122420.84160000032
9,fixed_manifest,block_11_qkv,linear_qkv,GPU,122420.84160000032,122863.57408000031
10,fixed_manifest,block_07_residual1,residual_add,GPU,122863.57408000031,122881.92128000032
12,fixed_manifest,block_00_residual1,residual_add,GPU,122881.92128000032,122900.26848000032
11,fixed_manifest,block_03_residual2,residual_add,GPU,122900.26848000032,122918.61568000032
9,fixed_manifest,block_11_attention,self_attention,GPU,122918.61568000032,123074.64224000032
10,fixed_manifest,block_07_norm2,layer_norm,GPU,123074.64224000032,123096.77184000032
12,fixed_manifest,block_00_norm2,layer_norm,GPU,123096.77184000032,123118.90144000034
11,fixed_manifest,block_04_norm1,layer_norm,GPU,123118.90144000034,123141.03104000034
9,fixed_manifest,block_11_proj,linear_projection,GPU,123141.03104000034,123293.27520000032
10,fixed_manifest,block_07_ffn_island,fused_ffn_island,FPGA,123255.53664000031,123588.28416000032
11,fixed_manifest,block_04_qkv,linear_qkv,GPU,123293.27520000032,123736.00768000033
9,fixed_manifest,block_11_residual1,residual_add,GPU,123736.00768000033,123754.35488000033
11,fixed_manifest,block_04_attention,self_attention,GPU,123754.35488000033,123910.38144000033
12,fixed_manifest,block_00_ffn_island,fused_ffn_island,FPGA,123811.86016000032,124144.6076800003
9,fixed_manifest,block_11_norm2,layer_norm,GPU,123910.38144000033,123932.51104000033
10,fixed_manifest,block_07_residual2,residual_add,GPU,123932.51104000033,123950.85824000034
11,fixed_manifest,block_04_proj,linear_projection,GPU,123950.85824000034,124103.10240000034
10,fixed_manifest,block_08_norm1,layer_norm,GPU,124103.10240000034,124125.23200000034
11,fixed_manifest,block_04_residual1,residual_add,GPU,124125.23200000034,124143.57920000034
10,fixed_manifest,block_08_qkv,linear_qkv,GPU,124143.57920000034,124586.31168000033
9,fixed_manifest,block_11_ffn_island,fused_ffn_island,FPGA,124368.18368000031,124700.93120000031
11,fixed_manifest,block_04_norm2,layer_norm,GPU,124586.31168000033,124608.44128000035
12,fixed_manifest,block_00_residual2,residual_add,GPU,124608.44128000035,124626.78848000035
10,fixed_manifest,block_08_attention,self_attention,GPU,124626.78848000035,124782.81504000034
12,fixed_manifest,block_01_norm1,layer_norm,GPU,124782.81504000034,124804.94464000035
10,fixed_manifest,block_08_proj,linear_projection,GPU,124804.94464000035,124957.18880000034
11,fixed_manifest,block_04_ffn_island,fused_ffn_island,FPGA,124924.50720000031,125257.25472000032
12,fixed_manifest,block_01_qkv,linear_qkv,GPU,124957.18880000034,125399.92128000036
9,fixed_manifest,block_11_residual2,residual_add,GPU,125399.92128000036,125418.26848000035
10,fixed_manifest,block_08_residual1,residual_add,GPU,125418.26848000035,125436.61568000034
12,fixed_manifest,block_01_attention,self_attention,GPU,125436.61568000034,125592.64224000034
11,fixed_manifest,block_04_residual2,residual_add,GPU,125592.64224000034,125610.98944000032
9,fixed_manifest,final_norm,layer_norm,GPU,125610.98944000032,125633.11904000033
10,fixed_manifest,block_08_norm2,layer_norm,GPU,125633.11904000033,125655.24864000033
12,fixed_manifest,block_01_proj,linear_projection,GPU,125655.24864000033,125807.49280000034
11,fixed_manifest,block_05_norm1,layer_norm,GPU,125807.49280000034,125829.62240000034
10,fixed_manifest,block_08_ffn_island,fused_ffn_island,FPGA,125814.01344000034,126146.76096000035
9,fixed_manifest,class_token_select,class_token_select,GPU,125829.62240000034,125836.66080000033
12,fixed_manifest,block_01_residual1,residual_add,GPU,125836.66080000033,125855.00800000032
11,fixed_manifest,block_05_qkv,linear_qkv,GPU,125855.00800000032,126297.74048000034
9,fixed_manifest,classifier,linear_classifier,GPU,126297.74048000034,126305.70048000033
12,fixed_manifest,block_01_norm2,layer_norm,GPU,126305.70048000033,126327.83008000035
11,fixed_manifest,block_05_attention,self_attention,GPU,126327.83008000035,126483.85664000033
10,fixed_manifest,block_08_residual2,residual_add,GPU,126483.85664000033,126502.20384000032
12,fixed_manifest,block_01_ffn_island,fused_ffn_island,FPGA,126486.59488000035,126819.34240000037
11,fixed_manifest,block_05_proj,linear_projection,GPU,126502.20384000032,126654.44800000034
10,fixed_manifest,block_09_norm1,layer_norm,GPU,126654.44800000034,126676.57760000034
11,fixed_manifest,block_05_residual1,residual_add,GPU,126676.57760000034,126694.92480000033
10,fixed_manifest,block_09_qkv,linear_qkv,GPU,126694.92480000033,127137.65728000035
11,fixed_manifest,block_05_norm2,layer_norm,GPU,127137.65728000035,127159.78688000035
12,fixed_manifest,block_01_residual2,residual_add,GPU,127159.78688000035,127178.13408000034
10,fixed_manifest,block_09_attention,self_attention,GPU,127178.13408000034,127334.16064000034
11,fixed_manifest,block_05_ffn_island,fused_ffn_island,FPGA,127318.55168000037,127651.29920000037
12,fixed_manifest,block_02_norm1,layer_norm,GPU,127334.16064000034,127356.29024000034
10,fixed_manifest,block_09_proj,linear_projection,GPU,127356.29024000034,127508.53440000034
12,fixed_manifest,block_02_qkv,linear_qkv,GPU,127508.53440000034,127951.26688000036
10,fixed_manifest,block_09_residual1,residual_add,GPU,127951.26688000036,127969.61408000035
11,fixed_manifest,block_05_residual2,residual_add,GPU,127969.61408000035,127987.96128000034
12,fixed_manifest,block_02_attention,self_attention,GPU,127987.96128000034,128143.98784000034
10,fixed_manifest,block_09_norm2,layer_norm,GPU,128143.98784000034,128166.11744000034
11,fixed_manifest,block_06_norm1,layer_norm,GPU,128166.11744000034,128188.24704000034
12,fixed_manifest,block_02_proj,linear_projection,GPU,128188.24704000034,128340.49120000035
10,fixed_manifest,block_09_ffn_island,fused_ffn_island,FPGA,128324.88224000036,128657.62976000036
11,fixed_manifest,block_06_qkv,linear_qkv,GPU,128340.49120000035,128783.22368000036
12,fixed_manifest,block_02_residual1,residual_add,GPU,128783.22368000036,128801.57088000035
11,fixed_manifest,block_06_attention,self_attention,GPU,128801.57088000035,128957.59744000035
12,fixed_manifest,block_02_norm2,layer_norm,GPU,128957.59744000035,128979.72704000035
10,fixed_manifest,block_09_residual2,residual_add,GPU,128979.72704000035,128998.07424000034
11,fixed_manifest,block_06_proj,linear_projection,GPU,128998.07424000034,129150.31840000035
12,fixed_manifest,block_02_ffn_island,fused_ffn_island,FPGA,129138.49184000037,129471.23936000039
10,fixed_manifest,block_10_norm1,layer_norm,GPU,129150.31840000035,129172.44800000035
11,fixed_manifest,block_06_residual1,residual_add,GPU,129172.44800000035,129190.79520000034
10,fixed_manifest,block_10_qkv,linear_qkv,GPU,129190.79520000034,129633.52768000036
11,fixed_manifest,block_06_norm2,layer_norm,GPU,129633.52768000036,129655.65728000036
12,fixed_manifest,block_02_residual2,residual_add,GPU,129655.65728000036,129674.00448000035
10,fixed_manifest,block_10_attention,self_attention,GPU,129674.00448000035,129830.03104000035
11,fixed_manifest,block_06_ffn_island,fused_ffn_island,FPGA,129814.42208000038,130147.16960000039
12,fixed_manifest,block_03_norm1,layer_norm,GPU,129830.03104000035,129852.16064000035
10,fixed_manifest,block_10_proj,linear_projection,GPU,129852.16064000035,130004.40480000037
12,fixed_manifest,block_03_qkv,linear_qkv,GPU,130004.40480000037,130447.13728000037
13,fixed_manifest,patch_embedding,patch_embedding,GPU,130447.13728000037,130598.64416000039
10,fixed_manifest,block_10_residual1,residual_add,GPU,130598.64416000039,130616.99136000038
11,fixed_manifest,block_06_residual2,residual_add,GPU,130616.99136000038,130635.33856000037
12,fixed_manifest,block_03_attention,self_attention,GPU,130635.33856000037,130791.36512000037
13,fixed_manifest,token_embedding,token_and_position_embedding,GPU,130791.36512000037,130809.71232000036
10,fixed_manifest,block_10_norm2,layer_norm,GPU,130809.71232000036,130831.84192000036
11,fixed_manifest,block_07_norm1,layer_norm,GPU,130831.84192000036,130853.97152000036
12,fixed_manifest,block_03_proj,linear_projection,GPU,130853.97152000036,131006.21568000037
10,fixed_manifest,block_10_ffn_island,fused_ffn_island,FPGA,130990.60672000037,131323.3542400004
13,fixed_manifest,block_00_norm1,layer_norm,GPU,131006.21568000037,131028.34528000037
11,fixed_manifest,block_07_qkv,linear_qkv,GPU,131028.34528000037,131471.0777600004
12,fixed_manifest,block_03_residual1,residual_add,GPU,131471.0777600004,131489.42496000038
13,fixed_manifest,block_00_qkv,linear_qkv,GPU,131489.42496000038,131932.1574400004
11,fixed_manifest,block_07_attention,self_attention,GPU,131932.1574400004,132088.1840000004
10,fixed_manifest,block_10_residual2,residual_add,GPU,132088.1840000004,132106.53120000038
12,fixed_manifest,block_03_norm2,layer_norm,GPU,132106.53120000038,132128.6608000004
13,fixed_manifest,block_00_attention,self_attention,GPU,132128.6608000004,132284.6873600004
11,fixed_manifest,block_07_proj,linear_projection,GPU,132284.6873600004,132436.9315200004
12,fixed_manifest,block_03_ffn_island,fused_ffn_island,FPGA,132287.4256000004,132620.1731200004
10,fixed_manifest,block_11_norm1,layer_norm,GPU,132436.9315200004,132459.06112000038
13,fixed_manifest,block_00_proj,linear_projection,GPU,132459.06112000038,132611.3052800004
11,fixed_manifest,block_07_residual1,residual_add,GPU,132611.3052800004,132629.6524800004
10,fixed_manifest,block_11_qkv,linear_qkv,GPU,132629.6524800004,133072.3849600004
13,fixed_manifest,block_00_residual1,residual_add,GPU,133072.3849600004,133090.7321600004
11,fixed_manifest,block_07_norm2,layer_norm,GPU,133090.7321600004,133112.8617600004
12,fixed_manifest,block_03_residual2,residual_add,GPU,133112.8617600004,133131.2089600004
10,fixed_manifest,block_11_attention,self_attention,GPU,133131.2089600004,133287.23552000037
11,fixed_manifest,block_07_ffn_island,fused_ffn_island,FPGA,133271.6265600004,133604.37408000042
13,fixed_manifest,block_00_norm2,layer_norm,GPU,133287.23552000037,133309.36512000038
12,fixed_manifest,block_04_norm1,layer_norm,GPU,133309.36512000038,133331.4947200004
10,fixed_manifest,block_11_proj,linear_projection,GPU,133331.4947200004,133483.7388800004
12,fixed_manifest,block_04_qkv,linear_qkv,GPU,133483.7388800004,133926.4713600004
13,fixed_manifest,block_00_ffn_island,fused_ffn_island,FPGA,133827.95008000042,134160.69760000042
10,fixed_manifest,block_11_residual1,residual_add,GPU,133926.4713600004,133944.8185600004
11,fixed_manifest,block_07_residual2,residual_add,GPU,133944.8185600004,133963.16576000038
12,fixed_manifest,block_04_attention,self_attention,GPU,133963.16576000038,134119.19232000038
10,fixed_manifest,block_11_norm2,layer_norm,GPU,134119.19232000038,134141.3219200004
11,fixed_manifest,block_08_norm1,layer_norm,GPU,134141.3219200004,134163.45152000038
12,fixed_manifest,block_04_proj,linear_projection,GPU,134163.45152000038,134315.6956800004
11,fixed_manifest,block_08_qkv,linear_qkv,GPU,134315.6956800004,134758.42816000042
10,fixed_manifest,block_11_ffn_island,fused_ffn_island,FPGA,134384.27360000042,134717.02112000046
12,fixed_manifest,block_04_residual1,residual_add,GPU,134758.42816000042,134776.7753600004
13,fixed_manifest,block_00_residual2,residual_add,GPU,134776.7753600004,134795.1225600004
11,fixed_manifest,block_08_attention,self_attention,GPU,134795.1225600004,134951.1491200004
12,fixed_manifest,block_04_norm2,layer_norm,GPU,134951.1491200004,134973.27872000038
13,fixed_manifest,block_01_norm1,layer_norm,GPU,134973.27872000038,134995.4083200004
10,fixed_manifest,block_11_residual2,residual_add,GPU,134995.4083200004,135013.75552000038
11,fixed_manifest,block_08_proj,linear_projection,GPU,135013.75552000038,135165.9996800004
12,fixed_manifest,block_04_ffn_island,fused_ffn_island,FPGA,135132.0435200004,135464.79104000042
13,fixed_manifest,block_01_qkv,linear_qkv,GPU,135165.9996800004,135608.73216000042
10,fixed_manifest,final_norm,layer_norm,GPU,135608.73216000042,135630.8617600004
11,fixed_manifest,block_08_residual1,residual_add,GPU,135630.8617600004,135649.2089600004
13,fixed_manifest,block_01_attention,self_attention,GPU,135649.2089600004,135805.2355200004
12,fixed_manifest,block_04_residual2,residual_add,GPU,135805.2355200004,135823.58272000038
10,fixed_manifest,class_token_select,class_token_select,GPU,135823.58272000038,135830.62112000037
11,fixed_manifest,block_08_norm2,layer_norm,GPU,135830.62112000037,135852.7507200004
13,fixed_manifest,block_01_proj,linear_projection,GPU,135852.7507200004,136004.9948800004
12,fixed_manifest,block_05_norm1,layer_norm,GPU,136004.9948800004,136027.1244800004
11,fixed_manifest,block_08_ffn_island,fused_ffn_island,FPGA,136011.5155200004,136344.26304000043
10,fixed_manifest,classifier,linear_classifier,GPU,136027.1244800004,136035.0844800004
13,fixed_manifest,block_01_residual1,residual_add,GPU,136035.0844800004,136053.4316800004
12,fixed_manifest,block_05_qkv,linear_qkv,GPU,136053.4316800004,136496.1641600004
13,fixed_manifest,block_01_norm2,layer_norm,GPU,136496.1641600004,136518.2937600004
12,fixed_manifest,block_05_attention,self_attention,GPU,136518.2937600004,136674.3203200004
11,fixed_manifest,block_08_residual2,residual_add,GPU,136674.3203200004,136692.6675200004
13,fixed_manifest,block_01_ffn_island,fused_ffn_island,FPGA,136677.0585600004,137009.80608000045
12,fixed_manifest,block_05_proj,linear_projection,GPU,136692.6675200004,136844.9116800004
11,fixed_manifest,block_09_norm1,layer_norm,GPU,136844.9116800004,136867.0412800004
12,fixed_manifest,block_05_residual1,residual_add,GPU,136867.0412800004,136885.3884800004
11,fixed_manifest,block_09_qkv,linear_qkv,GPU,136885.3884800004,137328.1209600004
12,fixed_manifest,block_05_norm2,layer_norm,GPU,137328.1209600004,137350.25056000042
13,fixed_manifest,block_01_residual2,residual_add,GPU,137350.25056000042,137368.5977600004
11,fixed_manifest,block_09_attention,self_attention,GPU,137368.5977600004,137524.6243200004
12,fixed_manifest,block_05_ffn_island,fused_ffn_island,FPGA,137509.01536000043,137841.76288000043
13,fixed_manifest,block_02_norm1,layer_norm,GPU,137524.6243200004,137546.7539200004
11,fixed_manifest,block_09_proj,linear_projection,GPU,137546.7539200004,137698.9980800004
13,fixed_manifest,block_02_qkv,linear_qkv,GPU,137698.9980800004,138141.73056000043
11,fixed_manifest,block_09_residual1,residual_add,GPU,138141.73056000043,138160.07776000042
12,fixed_manifest,block_05_residual2,residual_add,GPU,138160.07776000042,138178.4249600004
13,fixed_manifest,block_02_attention,self_attention,GPU,138178.4249600004,138334.4515200004
11,fixed_manifest,block_09_norm2,layer_norm,GPU,138334.4515200004,138356.5811200004
12,fixed_manifest,block_06_norm1,layer_norm,GPU,138356.5811200004,138378.7107200004
13,fixed_manifest,block_02_proj,linear_projection,GPU,138378.7107200004,138530.9548800004
11,fixed_manifest,block_09_ffn_island,fused_ffn_island,FPGA,138515.34592000043,138848.09344000043
12,fixed_manifest,block_06_qkv,linear_qkv,GPU,138530.9548800004,138973.68736000042
13,fixed_manifest,block_02_residual1,residual_add,GPU,138973.68736000042,138992.0345600004
12,fixed_manifest,block_06_attention,self_attention,GPU,138992.0345600004,139148.0611200004
13,fixed_manifest,block_02_norm2,layer_norm,GPU,139148.0611200004,139170.19072000042
11,fixed_manifest,block_09_residual2,residual_add,GPU,139170.19072000042,139188.5379200004
12,fixed_manifest,block_06_proj,linear_projection,GPU,139188.5379200004,139340.7820800004
13,fixed_manifest,block_02_ffn_island,fused_ffn_island,FPGA,139328.95552000043,139661.70304000046
11,fixed_manifest,block_10_norm1,layer_norm,GPU,139340.7820800004,139362.91168000043
12,fixed_manifest,block_06_residual1,residual_add,GPU,139362.91168000043,139381.25888000042
11,fixed_manifest,block_10_qkv,linear_qkv,GPU,139381.25888000042,139823.99136000042
12,fixed_manifest,block_06_norm2,layer_norm,GPU,139823.99136000042,139846.12096000044
13,fixed_manifest,block_02_residual2,residual_add,GPU,139846.12096000044,139864.46816000043
11,fixed_manifest,block_10_attention,self_attention,GPU,139864.46816000043,140020.49472000042
12,fixed_manifest,block_06_ffn_island,fused_ffn_island,FPGA,140004.88576000044,140337.63328000045
13,fixed_manifest,block_03_norm1,layer_norm,GPU,140020.49472000042,140042.6243200004
14,fixed_manifest,patch_embedding,patch_embedding,GPU,140042.6243200004,140194.13120000044
11,fixed_manifest,block_10_proj,linear_projection,GPU,140194.13120000044,140346.37536000044
13,fixed_manifest,block_03_qkv,linear_qkv,GPU,140346.37536000044,140789.10784000045
14,fixed_manifest,token_embedding,token_and_position_embedding,GPU,140789.10784000045,140807.45504000044
11,fixed_manifest,block_10_residual1,residual_add,GPU,140807.45504000044,140825.80224000043
12,fixed_manifest,block_06_residual2,residual_add,GPU,140825.80224000043,140844.14944000042
13,fixed_manifest,block_03_attention,self_attention,GPU,140844.14944000042,141000.1760000004
14,fixed_manifest,block_00_norm1,layer_norm,GPU,141000.1760000004,141022.30560000043
11,fixed_manifest,block_10_norm2,layer_norm,GPU,141022.30560000043,141044.43520000041
12,fixed_manifest,block_07_norm1,layer_norm,GPU,141044.43520000041,141066.56480000043
13,fixed_manifest,block_03_proj,linear_projection,GPU,141066.56480000043,141218.80896000043
11,fixed_manifest,block_10_ffn_island,fused_ffn_island,FPGA,141203.20000000045,141535.94752000045
14,fixed_manifest,block_00_qkv,linear_qkv,GPU,141218.80896000043,141661.54144000047
12,fixed_manifest,block_07_qkv,linear_qkv,GPU,141661.54144000047,142104.27392000047
13,fixed_manifest,block_03_residual1,residual_add,GPU,142104.27392000047,142122.62112000046
14,fixed_manifest,block_00_attention,self_attention,GPU,142122.62112000046,142278.64768000046
11,fixed_manifest,block_10_residual2,residual_add,GPU,142278.64768000046,142296.99488000045
12,fixed_manifest,block_07_attention,self_attention,GPU,142296.99488000045,142453.02144000045
13,fixed_manifest,block_03_norm2,layer_norm,GPU,142453.02144000045,142475.15104000043
14,fixed_manifest,block_00_proj,linear_projection,GPU,142475.15104000043,142627.39520000046
11,fixed_manifest,block_11_norm1,layer_norm,GPU,142627.39520000046,142649.52480000045
13,fixed_manifest,block_03_ffn_island,fused_ffn_island,FPGA,142633.91584000047,142966.66336000047
12,fixed_manifest,block_07_proj,linear_projection,GPU,142649.52480000045,142801.76896000045
14,fixed_manifest,block_00_residual1,residual_add,GPU,142801.76896000045,142820.11616000044
11,fixed_manifest,block_11_qkv,linear_qkv,GPU,142820.11616000044,143262.84864000048
12,fixed_manifest,block_07_residual1,residual_add,GPU,143262.84864000048,143281.19584000047
14,fixed_manifest,block_00_norm2,layer_norm,GPU,143281.19584000047,143303.32544000045
13,fixed_manifest,block_03_residual2,residual_add,GPU,143303.32544000045,143321.67264000044
11,fixed_manifest,block_11_attention,self_attention,GPU,143321.67264000044,143477.69920000044
14,fixed_manifest,block_00_ffn_island,fused_ffn_island,FPGA,143462.09024000049,143794.8377600005
12,fixed_manifest,block_07_norm2,layer_norm,GPU,143477.69920000044,143499.82880000045
13,fixed_manifest,block_04_norm1,layer_norm,GPU,143499.82880000045,143521.95840000047
11,fixed_manifest,block_11_proj,linear_projection,GPU,143521.95840000047,143674.20256000047
13,fixed_manifest,block_04_qkv,linear_qkv,GPU,143674.20256000047,144116.93504000048
12,fixed_manifest,block_07_ffn_island,fused_ffn_island,FPGA,144018.4137600005,144351.1612800005
11,fixed_manifest,block_11_residual1,residual_add,GPU,144116.93504000048,144135.28224000047
14,fixed_manifest,block_00_residual2,residual_add,GPU,144135.28224000047,144153.62944000046
13,fixed_manifest,block_04_attention,self_attention,GPU,144153.62944000046,144309.65600000045
11,fixed_manifest,block_11_norm2,layer_norm,GPU,144309.65600000045,144331.78560000047
14,fixed_manifest,block_01_norm1,layer_norm,GPU,144331.78560000047,144353.91520000045
13,fixed_manifest,block_04_proj,linear_projection,GPU,144353.91520000045,144506.15936000046
14,fixed_manifest,block_01_qkv,linear_qkv,GPU,144506.15936000046,144948.8918400005
11,fixed_manifest,block_11_ffn_island,fused_ffn_island,FPGA,144574.7372800005,144907.4848000005
13,fixed_manifest,block_04_residual1,residual_add,GPU,144948.8918400005,144967.23904000048
12,fixed_manifest,block_07_residual2,residual_add,GPU,144967.23904000048,144985.58624000047
14,fixed_manifest,block_01_attention,self_attention,GPU,144985.58624000047,145141.61280000047
13,fixed_manifest,block_04_norm2,layer_norm,GPU,145141.61280000047,145163.74240000045
12,fixed_manifest,block_08_norm1,layer_norm,GPU,145163.74240000045,145185.87200000047
11,fixed_manifest,block_11_residual2,residual_add,GPU,145185.87200000047,145204.21920000046
14,fixed_manifest,block_01_proj,linear_projection,GPU,145204.21920000046,145356.46336000046
13,fixed_manifest,block_04_ffn_island,fused_ffn_island,FPGA,145322.5072000005,145655.2547200005
12,fixed_manifest,block_08_qkv,linear_qkv,GPU,145356.46336000046,145799.19584000047
11,fixed_manifest,final_norm,layer_norm,GPU,145799.19584000047,145821.32544000048
14,fixed_manifest,block_01_residual1,residual_add,GPU,145821.32544000048,145839.67264000047
12,fixed_manifest,block_08_attention,self_attention,GPU,145839.67264000047,145995.69920000047
13,fixed_manifest,block_04_residual2,residual_add,GPU,145995.69920000047,146014.04640000046
11,fixed_manifest,class_token_select,class_token_select,GPU,146014.04640000046,146021.08480000045
14,fixed_manifest,block_01_norm2,layer_norm,GPU,146021.08480000045,146043.21440000046
12,fixed_manifest,block_08_proj,linear_projection,GPU,146043.21440000046,146195.45856000046
13,fixed_manifest,block_05_norm1,layer_norm,GPU,146195.45856000046,146217.58816000048
14,fixed_manifest,block_01_ffn_island,fused_ffn_island,FPGA,146201.97920000047,146534.72672000047
11,fixed_manifest,classifier,linear_classifier,GPU,146217.58816000048,146225.54816000047
12,fixed_manifest,block_08_residual1,residual_add,GPU,146225.54816000047,146243.89536000046
13,fixed_manifest,block_05_qkv,linear_qkv,GPU,146243.89536000046,146686.62784000047
12,fixed_manifest,block_08_norm2,layer_norm,GPU,146686.62784000047,146708.75744000048
13,fixed_manifest,block_05_attention,self_attention,GPU,146708.75744000048,146864.78400000048
14,fixed_manifest,block_01_residual2,residual_add,GPU,146864.78400000048,146883.13120000047
12,fixed_manifest,block_08_ffn_island,fused_ffn_island,FPGA,146867.5222400005,147200.2697600005
13,fixed_manifest,block_05_proj,linear_projection,GPU,146883.13120000047,147035.37536000047
14,fixed_manifest,block_02_norm1,layer_norm,GPU,147035.37536000047,147057.5049600005
13,fixed_manifest,block_05_residual1,residual_add,GPU,147057.5049600005,147075.85216000048
14,fixed_manifest,block_02_qkv,linear_qkv,GPU,147075.85216000048,147518.58464000048
13,fixed_manifest,block_05_norm2,layer_norm,GPU,147518.58464000048,147540.71424000047
12,fixed_manifest,block_08_residual2,residual_add,GPU,147540.71424000047,147559.06144000049
14,fixed_manifest,block_02_attention,self_attention,GPU,147559.06144000049,147715.08800000045
13,fixed_manifest,block_05_ffn_island,fused_ffn_island,FPGA,147699.4790400005,148032.2265600005
12,fixed_manifest,block_09_norm1,layer_norm,GPU,147715.08800000045,147737.21760000047
14,fixed_manifest,block_02_proj,linear_projection,GPU,147737.21760000047,147889.46176000047
12,fixed_manifest,block_09_qkv,linear_qkv,GPU,147889.46176000047,148332.1942400005
14,fixed_manifest,block_02_residual1,residual_add,GPU,148332.1942400005,148350.5414400005
13,fixed_manifest,block_05_residual2,residual_add,GPU,148350.5414400005,148368.88864000048
12,fixed_manifest,block_09_attention,self_attention,GPU,148368.88864000048,148524.91520000045
14,fixed_manifest,block_02_norm2,layer_norm,GPU,148524.91520000045,148547.04480000047
13,fixed_manifest,block_06_norm1,layer_norm,GPU,148547.04480000047,148569.17440000048
12,fixed_manifest,block_09_proj,linear_projection,GPU,148569.17440000048,148721.4185600005
14,fixed_manifest,block_02_ffn_island,fused_ffn_island,FPGA,148705.8096000005,149038.5571200005
13,fixed_manifest,block_06_qkv,linear_qkv,GPU,148721.4185600005,149164.1510400005
12,fixed_manifest,block_09_residual1,residual_add,GPU,149164.1510400005,149182.49824000048
13,fixed_manifest,block_06_attention,self_attention,GPU,149182.49824000048,149338.52480000048
12,fixed_manifest,block_09_norm2,layer_norm,GPU,149338.52480000048,149360.6544000005
14,fixed_manifest,block_02_residual2,residual_add,GPU,149360.6544000005,149379.00160000048
13,fixed_manifest,block_06_proj,linear_projection,GPU,149379.00160000048,149531.2457600005
12,fixed_manifest,block_09_ffn_island,fused_ffn_island,FPGA,149519.4192000005,149852.1667200005
14,fixed_manifest,block_03_norm1,layer_norm,GPU,149531.2457600005,149553.3753600005
13,fixed_manifest,block_06_residual1,residual_add,GPU,149553.3753600005,149571.7225600005
14,fixed_manifest,block_03_qkv,linear_qkv,GPU,149571.7225600005,150014.4550400005
13,fixed_manifest,block_06_norm2,layer_norm,GPU,150014.4550400005,150036.5846400005
15,fixed_manifest,patch_embedding,patch_embedding,GPU,150036.5846400005,150188.0915200005
12,fixed_manifest,block_09_residual2,residual_add,GPU,150188.0915200005,150206.4387200005
13,fixed_manifest,block_06_ffn_island,fused_ffn_island,FPGA,150195.34944000051,150528.09696000052
14,fixed_manifest,block_03_attention,self_attention,GPU,150206.4387200005,150362.4652800005
15,fixed_manifest,token_embedding,token_and_position_embedding,GPU,150362.4652800005,150380.8124800005
12,fixed_manifest,block_10_norm1,layer_norm,GPU,150380.8124800005,150402.9420800005
14,fixed_manifest,block_03_proj,linear_projection,GPU,150402.9420800005,150555.1862400005
15,fixed_manifest,block_00_norm1,layer_norm,GPU,150555.1862400005,150577.3158400005
12,fixed_manifest,block_10_qkv,linear_qkv,GPU,150577.3158400005,151020.04832000053
14,fixed_manifest,block_03_residual1,residual_add,GPU,151020.04832000053,151038.39552000051
15,fixed_manifest,block_00_qkv,linear_qkv,GPU,151038.39552000051,151481.12800000052
13,fixed_manifest,block_06_residual2,residual_add,GPU,151481.12800000052,151499.4752000005
12,fixed_manifest,block_10_attention,self_attention,GPU,151499.4752000005,151655.5017600005
14,fixed_manifest,block_03_norm2,layer_norm,GPU,151655.5017600005,151677.63136000052
15,fixed_manifest,block_00_attention,self_attention,GPU,151677.63136000052,151833.6579200005
13,fixed_manifest,block_07_norm1,layer_norm,GPU,151833.6579200005,151855.7875200005
14,fixed_manifest,block_03_ffn_island,fused_ffn_island,FPGA,151836.39616000053,152169.14368000053
12,fixed_manifest,block_10_proj,linear_projection,GPU,151855.7875200005,152008.0316800005
15,fixed_manifest,block_00_proj,linear_projection,GPU,152008.0316800005,152160.2758400005
13,fixed_manifest,block_07_qkv,linear_qkv,GPU,152160.2758400005,152603.00832000055
12,fixed_manifest,block_10_residual1,residual_add,GPU,152603.00832000055,152621.35552000054
15,fixed_manifest,block_00_residual1,residual_add,GPU,152621.35552000054,152639.70272000053
14,fixed_manifest,block_03_residual2,residual_add,GPU,152639.70272000053,152658.0499200005
13,fixed_manifest,block_07_attention,self_attention,GPU,152658.0499200005,152814.0764800005
12,fixed_manifest,block_10_norm2,layer_norm,GPU,152814.0764800005,152836.2060800005
15,fixed_manifest,block_00_norm2,layer_norm,GPU,152836.2060800005,152858.3356800005
14,fixed_manifest,block_04_norm1,layer_norm,GPU,152858.3356800005,152880.46528000053
13,fixed_manifest,block_07_proj,linear_projection,GPU,152880.46528000053,153032.70944000053
12,fixed_manifest,block_10_ffn_island,fused_ffn_island,FPGA,152994.97088000053,153327.71840000054
14,fixed_manifest,block_04_qkv,linear_qkv,GPU,153032.70944000053,153475.44192000054
13,fixed_manifest,block_07_residual1,residual_add,GPU,153475.44192000054,153493.78912000053
14,fixed_manifest,block_04_attention,self_attention,GPU,153493.78912000053,153649.81568000052
15,fixed_manifest,block_00_ffn_island,fused_ffn_island,FPGA,153551.29440000054,153884.04192000054
13,fixed_manifest,block_07_norm2,layer_norm,GPU,153649.81568000052,153671.94528000054
12,fixed_manifest,block_10_residual2,residual_add,GPU,153671.94528000054,153690.29248000053
14,fixed_manifest,block_04_proj,linear_projection,GPU,153690.29248000053,153842.53664000053
12,fixed_manifest,block_11_norm1,layer_norm,GPU,153842.53664000053,153864.66624000054
14,fixed_manifest,block_04_residual1,residual_add,GPU,153864.66624000054,153883.01344000053
12,fixed_manifest,block_11_qkv,linear_qkv,GPU,153883.01344000053,154325.74592000054
13,fixed_manifest,block_07_ffn_island,fused_ffn_island,FPGA,154107.61792000054,154440.36544000055
14,fixed_manifest,block_04_norm2,layer_norm,GPU,154325.74592000054,154347.87552000053
15,fixed_manifest,block_00_residual2,residual_add,GPU,154347.87552000053,154366.2227200005
12,fixed_manifest,block_11_attention,self_attention,GPU,154366.2227200005,154522.2492800005
15,fixed_manifest,block_01_norm1,layer_norm,GPU,154522.2492800005,154544.37888000053
12,fixed_manifest,block_11_proj,linear_projection,GPU,154544.37888000053,154696.62304000053
14,fixed_manifest,block_04_ffn_island,fused_ffn_island,FPGA,154663.94144000058,154996.68896000058
15,fixed_manifest,block_01_qkv,linear_qkv,GPU,154696.62304000053,155139.35552000054
13,fixed_manifest,block_07_residual2,residual_add,GPU,155139.35552000054,155157.70272000055
12,fixed_manifest,block_11_residual1,residual_add,GPU,155157.70272000055,155176.04992000054
15,fixed_manifest,block_01_attention,self_attention,GPU,155176.04992000054,155332.0764800005
14,fixed_manifest,block_04_residual2,residual_add,GPU,155332.0764800005,155350.4236800005
13,fixed_manifest,block_08_norm1,layer_norm,GPU,155350.4236800005,155372.55328000052
12,fixed_manifest,block_11_norm2,layer_norm,GPU,155372.55328000052,155394.68288000053
15,fixed_manifest,block_01_proj,linear_projection,GPU,155394.68288000053,155546.92704000053
14,fixed_manifest,block_05_norm1,layer_norm,GPU,155546.92704000053,155569.05664000055
12,fixed_manifest,block_11_ffn_island,fused_ffn_island,FPGA,155553.44768000054,155886.19520000054
13,fixed_manifest,block_08_qkv,linear_qkv,GPU,155569.05664000055,156011.78912000055
15,fixed_manifest,block_01_residual1,residual_add,GPU,156011.78912000055,156030.13632000054
14,fixed_manifest,block_05_qkv,linear_qkv,GPU,156030.13632000054,156472.86880000055
13,fixed_manifest,block_08_attention,self_attention,GPU,156472.86880000055,156628.89536000055
15,fixed_manifest,block_01_norm2,layer_norm,GPU,156628.89536000055,156651.02496000056
12,fixed_manifest,block_11_residual2,residual_add,GPU,156651.02496000056,156669.37216000055
14,fixed_manifest,block_05_attention,self_attention,GPU,156669.37216000055,156825.39872000055
15,fixed_manifest,block_01_ffn_island,fused_ffn_island,FPGA,156809.78976000057,157142.53728000057
13,fixed_manifest,block_08_proj,linear_projection,GPU,156825.39872000055,156977.64288000055
12,fixed_manifest,final_norm,layer_norm,GPU,156977.64288000055,156999.77248000054
14,fixed_manifest,block_05_proj,linear_projection,GPU,156999.77248000054,157152.01664000057
13,fixed_manifest,block_08_residual1,residual_add,GPU,157152.01664000057,157170.36384000056
12,fixed_manifest,class_token_select,class_token_select,GPU,157170.36384000056,157177.40224000055
14,fixed_manifest,block_05_residual1,residual_add,GPU,157177.40224000055,157195.74944000054
13,fixed_manifest,block_08_norm2,layer_norm,GPU,157195.74944000054,157217.87904000052
12,fixed_manifest,classifier,linear_classifier,GPU,157217.87904000052,157225.83904000054
14,fixed_manifest,block_05_norm2,layer_norm,GPU,157225.83904000054,157247.96864000053
15,fixed_manifest,block_01_residual2,residual_add,GPU,157301.3020800006,157319.6492800006
15,fixed_manifest,block_02_norm1,layer_norm,GPU,157319.6492800006,157341.77888000058
15,fixed_manifest,block_02_qkv,linear_qkv,GPU,157341.77888000058,157784.51136000062
13,fixed_manifest,block_08_ffn_island,fused_ffn_island,FPGA,157376.64384000056,157709.39136000056
15,fixed_manifest,block_02_attention,self_attention,GPU,157784.51136000062,157940.53792000058
14,fixed_manifest,block_05_ffn_island,fused_ffn_island,FPGA,157932.96736000056,158265.71488000057
13,fixed_manifest,block_08_residual2,residual_add,GPU,157940.53792000058,157958.88512000057
15,fixed_manifest,block_02_proj,linear_projection,GPU,157958.88512000057,158111.1292800006
13,fixed_manifest,block_09_norm1,layer_norm,GPU,158111.1292800006,158133.2588800006
15,fixed_manifest,block_02_residual1,residual_add,GPU,158133.2588800006,158151.60608000058
13,fixed_manifest,block_09_qkv,linear_qkv,GPU,158151.60608000058,158594.33856000061
15,fixed_manifest,block_02_norm2,layer_norm,GPU,158594.33856000061,158616.4681600006
14,fixed_manifest,block_05_residual2,residual_add,GPU,158616.4681600006,158634.8153600006
13,fixed_manifest,block_09_attention,self_attention,GPU,158634.8153600006,158790.8419200006
15,fixed_manifest,block_02_ffn_island,fused_ffn_island,FPGA,158775.23296000063,159107.98048000064
14,fixed_manifest,block_06_norm1,layer_norm,GPU,158790.8419200006,158812.9715200006
13,fixed_manifest,block_09_proj,linear_projection,GPU,158812.9715200006,158965.2156800006
14,fixed_manifest,block_06_qkv,linear_qkv,GPU,158965.2156800006,159407.9481600006
13,fixed_manifest,block_09_residual1,residual_add,GPU,159407.9481600006,159426.2953600006
15,fixed_manifest,block_02_residual2,residual_add,GPU,159426.2953600006,159444.6425600006
14,fixed_manifest,block_06_attention,self_attention,GPU,159444.6425600006,159600.6691200006
13,fixed_manifest,block_09_norm2,layer_norm,GPU,159600.6691200006,159622.7987200006
15,fixed_manifest,block_03_norm1,layer_norm,GPU,159622.7987200006,159644.9283200006
14,fixed_manifest,block_06_proj,linear_projection,GPU,159644.9283200006,159797.17248000062
13,fixed_manifest,block_09_ffn_island,fused_ffn_island,FPGA,159781.5635200006,160114.3110400006
15,fixed_manifest,block_03_qkv,linear_qkv,GPU,159797.17248000062,160239.90496000063
14,fixed_manifest,block_06_residual1,residual_add,GPU,160239.90496000063,160258.25216000061
16,fixed_manifest,patch_embedding,patch_embedding,GPU,160258.25216000061,160409.75904000062
15,fixed_manifest,block_03_attention,self_attention,GPU,160409.75904000062,160565.7856000006
14,fixed_manifest,block_06_norm2,layer_norm,GPU,160565.7856000006,160587.91520000063
13,fixed_manifest,block_09_residual2,residual_add,GPU,160587.91520000063,160606.26240000062
16,fixed_manifest,token_embedding,token_and_position_embedding,GPU,160606.26240000062,160624.6096000006
15,fixed_manifest,block_03_proj,linear_projection,GPU,160624.6096000006,160776.8537600006
14,fixed_manifest,block_06_ffn_island,fused_ffn_island,FPGA,160746.68000000063,161079.42752000064
13,fixed_manifest,block_10_norm1,layer_norm,GPU,160776.8537600006,160798.98336000062
16,fixed_manifest,block_00_norm1,layer_norm,GPU,160798.98336000062,160821.1129600006
15,fixed_manifest,block_03_residual1,residual_add,GPU,160821.1129600006,160839.4601600006
13,fixed_manifest,block_10_qkv,linear_qkv,GPU,160839.4601600006,161282.19264000063
16,fixed_manifest,block_00_qkv,linear_qkv,GPU,161282.19264000063,161724.92512000064
15,fixed_manifest,block_03_norm2,layer_norm,GPU,161724.92512000064,161747.05472000065
14,fixed_manifest,block_06_residual2,residual_add,GPU,161747.05472000065,161765.40192000064
13,fixed_manifest,block_10_attention,self_attention,GPU,161765.40192000064,161921.42848000064
15,fixed_manifest,block_03_ffn_island,fused_ffn_island,FPGA,161905.81952000066,162238.56704000066
16,fixed_manifest,block_00_attention,self_attention,GPU,161921.42848000064,162077.4550400006
14,fixed_manifest,block_07_norm1,layer_norm,GPU,162077.4550400006,162099.58464000063
13,fixed_manifest,block_10_proj,linear_projection,GPU,162099.58464000063,162251.82880000063
16,fixed_manifest,block_00_proj,linear_projection,GPU,162251.82880000063,162404.07296000063
14,fixed_manifest,block_07_qkv,linear_qkv,GPU,162404.07296000063,162846.80544000067
13,fixed_manifest,block_10_residual1,residual_add,GPU,162846.80544000067,162865.15264000066
15,fixed_manifest,block_03_residual2,residual_add,GPU,162865.15264000066,162883.49984000064
16,fixed_manifest,block_00_residual1,residual_add,GPU,162883.49984000064,162901.84704000063
14,fixed_manifest,block_07_attention,self_attention,GPU,162901.84704000063,163057.87360000063
13,fixed_manifest,block_10_norm2,layer_norm,GPU,163057.87360000063,163080.00320000062
15,fixed_manifest,block_04_norm1,layer_norm,GPU,163080.00320000062,163102.13280000063
16,fixed_manifest,block_00_norm2,layer_norm,GPU,163102.13280000063,163124.26240000065
14,fixed_manifest,block_07_proj,linear_projection,GPU,163124.26240000065,163276.50656000065
13,fixed_manifest,block_10_ffn_island,fused_ffn_island,FPGA,163238.76800000065,163571.51552000066
15,fixed_manifest,block_04_qkv,linear_qkv,GPU,163276.50656000065,163719.23904000066
14,fixed_manifest,block_07_residual1,residual_add,GPU,163719.23904000066,163737.58624000064
15,fixed_manifest,block_04_attention,self_attention,GPU,163737.58624000064,163893.61280000064
16,fixed_manifest,block_00_ffn_island,fused_ffn_island,FPGA,163795.09152000066,164127.83904000066
14,fixed_manifest,block_07_norm2,layer_norm,GPU,163893.61280000064,163915.74240000066
13,fixed_manifest,block_10_residual2,residual_add,GPU,163915.74240000066,163934.08960000065
15,fixed_manifest,block_04_proj,linear_projection,GPU,163934.08960000065,164086.33376000065
13,fixed_manifest,block_11_norm1,layer_norm,GPU,164086.33376000065,164108.46336000066
15,fixed_manifest,block_04_residual1,residual_add,GPU,164108.46336000066,164126.81056000065
13,fixed_manifest,block_11_qkv,linear_qkv,GPU,164126.81056000065,164569.54304000066
14,fixed_manifest,block_07_ffn_island,fused_ffn_island,FPGA,164351.41504000066,164684.16256000067
15,fixed_manifest,block_04_norm2,layer_norm,GPU,164569.54304000066,164591.67264000064
16,fixed_manifest,block_00_residual2,residual_add,GPU,164591.67264000064,164610.01984000066
13,fixed_manifest,block_11_attention,self_attention,GPU,164610.01984000066,164766.04640000063
16,fixed_manifest,block_01_norm1,layer_norm,GPU,164766.04640000063,164788.17600000065
13,fixed_manifest,block_11_proj,linear_projection,GPU,164788.17600000065,164940.42016000065
15,fixed_manifest,block_04_ffn_island,fused_ffn_island,FPGA,164907.7385600007,165240.4860800007
16,fixed_manifest,block_01_qkv,linear_qkv,GPU,164940.42016000065,165383.15264000066
14,fixed_manifest,block_07_residual2,residual_add,GPU,165383.15264000066,165401.49984000067
13,fixed_manifest,block_11_residual1,residual_add,GPU,165401.49984000067,165419.84704000066
16,fixed_manifest,block_01_attention,self_attention,GPU,165419.84704000066,165575.87360000063
15,fixed_manifest,block_04_residual2,residual_add,GPU,165575.87360000063,165594.22080000062
14,fixed_manifest,block_08_norm1,layer_norm,GPU,165594.22080000062,165616.35040000064
13,fixed_manifest,block_11_norm2,layer_norm,GPU,165616.35040000064,165638.48000000065
16,fixed_manifest,block_01_proj,linear_projection,GPU,165638.48000000065,165790.72416000065
15,fixed_manifest,block_05_norm1,layer_norm,GPU,165790.72416000065,165812.85376000067
13,fixed_manifest,block_11_ffn_island,fused_ffn_island,FPGA,165797.24480000066,166129.99232000066
14,fixed_manifest,block_08_qkv,linear_qkv,GPU,165812.85376000067,166255.58624000067
16,fixed_manifest,block_01_residual1,residual_add,GPU,166255.58624000067,166273.93344000066
15,fixed_manifest,block_05_qkv,linear_qkv,GPU,166273.93344000066,166716.66592000067
14,fixed_manifest,block_08_attention,self_attention,GPU,166716.66592000067,166872.69248000067
16,fixed_manifest,block_01_norm2,layer_norm,GPU,166872.69248000067,166894.82208000068
13,fixed_manifest,block_11_residual2,residual_add,GPU,166894.82208000068,166913.16928000067
15,fixed_manifest,block_05_attention,self_attention,GPU,166913.16928000067,167069.19584000067
16,fixed_manifest,block_01_ffn_island,fused_ffn_island,FPGA,167053.5868800007,167386.3344000007
14,fixed_manifest,block_08_proj,linear_projection,GPU,167069.19584000067,167221.44000000067
13,fixed_manifest,final_norm,layer_norm,GPU,167221.44000000067,167243.56960000066
15,fixed_manifest,block_05_proj,linear_projection,GPU,167243.56960000066,167395.8137600007
14,fixed_manifest,block_08_residual1,residual_add,GPU,167395.8137600007,167414.16096000068
13,fixed_manifest,class_token_select,class_token_select,GPU,167414.16096000068,167421.19936000067
15,fixed_manifest,block_05_residual1,residual_add,GPU,167421.19936000067,167439.54656000066
14,fixed_manifest,block_08_norm2,layer_norm,GPU,167439.54656000066,167461.67616000064
13,fixed_manifest,classifier,linear_classifier,GPU,167461.67616000064,167469.63616000066
15,fixed_manifest,block_05_norm2,layer_norm,GPU,167469.63616000066,167491.76576000065
16,fixed_manifest,block_01_residual2,residual_add,GPU,167545.09920000072,167563.4464000007
16,fixed_manifest,block_02_norm1,layer_norm,GPU,167563.4464000007,167585.5760000007
16,fixed_manifest,block_02_qkv,linear_qkv,GPU,167585.5760000007,168028.30848000073
14,fixed_manifest,block_08_ffn_island,fused_ffn_island,FPGA,167620.44096000068,167953.18848000068
16,fixed_manifest,block_02_attention,self_attention,GPU,168028.30848000073,168184.3350400007
15,fixed_manifest,block_05_ffn_island,fused_ffn_island,FPGA,168176.76448000068,168509.5120000007
14,fixed_manifest,block_08_residual2,residual_add,GPU,168184.3350400007,168202.6822400007
16,fixed_manifest,block_02_proj,linear_projection,GPU,168202.6822400007,168354.92640000072
14,fixed_manifest,block_09_norm1,layer_norm,GPU,168354.92640000072,168377.0560000007
16,fixed_manifest,block_02_residual1,residual_add,GPU,168377.0560000007,168395.4032000007
14,fixed_manifest,block_09_qkv,linear_qkv,GPU,168395.4032000007,168838.13568000073
16,fixed_manifest,block_02_norm2,layer_norm,GPU,168838.13568000073,168860.26528000072
15,fixed_manifest,block_05_residual2,residual_add,GPU,168860.26528000072,168878.6124800007
14,fixed_manifest,block_09_attention,self_attention,GPU,168878.6124800007,169034.6390400007
16,fixed_manifest,block_02_ffn_island,fused_ffn_island,FPGA,169019.03008000075,169351.77760000076
15,fixed_manifest,block_06_norm1,layer_norm,GPU,169034.6390400007,169056.76864000072
14,fixed_manifest,block_09_proj,linear_projection,GPU,169056.76864000072,169209.01280000072
15,fixed_manifest,block_06_qkv,linear_qkv,GPU,169209.01280000072,169651.74528000073
14,fixed_manifest,block_09_residual1,residual_add,GPU,169651.74528000073,169670.09248000072
16,fixed_manifest,block_02_residual2,residual_add,GPU,169670.09248000072,169688.4396800007
15,fixed_manifest,block_06_attention,self_attention,GPU,169688.4396800007,169844.4662400007
14,fixed_manifest,block_09_norm2,layer_norm,GPU,169844.4662400007,169866.59584000072
16,fixed_manifest,block_03_norm1,layer_norm,GPU,169866.59584000072,169888.7254400007
15,fixed_manifest,block_06_proj,linear_projection,GPU,169888.7254400007,170040.96960000074
14,fixed_manifest,block_09_ffn_island,fused_ffn_island,FPGA,170025.36064000073,170358.10816000073
16,fixed_manifest,block_03_qkv,linear_qkv,GPU,170040.96960000074,170483.70208000074
17,fixed_manifest,patch_embedding,patch_embedding,GPU,170483.70208000074,170635.20896000075
15,fixed_manifest,block_06_residual1,residual_add,GPU,170635.20896000075,170653.55616000073
16,fixed_manifest,block_03_attention,self_attention,GPU,170653.55616000073,170809.58272000073
14,fixed_manifest,block_09_residual2,residual_add,GPU,170809.58272000073,170827.92992000072
17,fixed_manifest,token_embedding,token_and_position_embedding,GPU,170827.92992000072,170846.2771200007
15,fixed_manifest,block_06_norm2,layer_norm,GPU,170846.2771200007,170868.40672000073
16,fixed_manifest,block_03_proj,linear_projection,GPU,170868.40672000073,171020.65088000073
14,fixed_manifest,block_10_norm1,layer_norm,GPU,171020.65088000073,171042.78048000074
15,fixed_manifest,block_06_ffn_island,fused_ffn_island,FPGA,171027.17152000073,171359.91904000076
17,fixed_manifest,block_00_norm1,layer_norm,GPU,171042.78048000074,171064.91008000073
16,fixed_manifest,block_03_residual1,residual_add,GPU,171064.91008000073,171083.25728000075
14,fixed_manifest,block_10_qkv,linear_qkv,GPU,171083.25728000075,171525.98976000075
17,fixed_manifest,block_00_qkv,linear_qkv,GPU,171525.98976000075,171968.72224000076
16,fixed_manifest,block_03_norm2,layer_norm,GPU,171968.72224000076,171990.85184000077
15,fixed_manifest,block_06_residual2,residual_add,GPU,171990.85184000077,172009.19904000076
14,fixed_manifest,block_10_attention,self_attention,GPU,172009.19904000076,172165.22560000076
16,fixed_manifest,block_03_ffn_island,fused_ffn_island,FPGA,172149.61664000078,172482.36416000078
17,fixed_manifest,block_00_attention,self_attention,GPU,172165.22560000076,172321.25216000073
15,fixed_manifest,block_07_norm1,layer_norm,GPU,172321.25216000073,172343.38176000075
14,fixed_manifest,block_10_proj,linear_projection,GPU,172343.38176000075,172495.62592000075
17,fixed_manifest,block_00_proj,linear_projection,GPU,172495.62592000075,172647.87008000078
15,fixed_manifest,block_07_qkv,linear_qkv,GPU,172647.87008000078,173090.60256000079
14,fixed_manifest,block_10_residual1,residual_add,GPU,173090.60256000079,173108.94976000077
16,fixed_manifest,block_03_residual2,residual_add,GPU,173108.94976000077,173127.29696000076
17,fixed_manifest,block_00_residual1,residual_add,GPU,173127.29696000076,173145.64416000075
15,fixed_manifest,block_07_attention,self_attention,GPU,173145.64416000075,173301.67072000075
14,fixed_manifest,block_10_norm2,layer_norm,GPU,173301.67072000075,173323.80032000074
16,fixed_manifest,block_04_norm1,layer_norm,GPU,173323.80032000074,173345.92992000075
17,fixed_manifest,block_00_norm2,layer_norm,GPU,173345.92992000075,173368.05952000077
15,fixed_manifest,block_07_proj,linear_projection,GPU,173368.05952000077,173520.30368000077
14,fixed_manifest,block_10_ffn_island,fused_ffn_island,FPGA,173482.56512000077,173815.31264000077
16,fixed_manifest,block_04_qkv,linear_qkv,GPU,173520.30368000077,173963.03616000077
15,fixed_manifest,block_07_residual1,residual_add,GPU,173963.03616000077,173981.38336000076
16,fixed_manifest,block_04_attention,self_attention,GPU,173981.38336000076,174137.40992000076
17,fixed_manifest,block_00_ffn_island,fused_ffn_island,FPGA,174038.88864000078,174371.63616000078
15,fixed_manifest,block_07_norm2,layer_norm,GPU,174137.40992000076,174159.53952000078
14,fixed_manifest,block_10_residual2,residual_add,GPU,174159.53952000078,174177.88672000077
16,fixed_manifest,block_04_proj,linear_projection,GPU,174177.88672000077,174330.13088000077
14,fixed_manifest,block_11_norm1,layer_norm,GPU,174330.13088000077,174352.26048000078
16,fixed_manifest,block_04_residual1,residual_add,GPU,174352.26048000078,174370.60768000077
14,fixed_manifest,block_11_qkv,linear_qkv,GPU,174370.60768000077,174813.34016000078
15,fixed_manifest,block_07_ffn_island,fused_ffn_island,FPGA,174595.21216000078,174927.9596800008
16,fixed_manifest,block_04_norm2,layer_norm,GPU,174813.34016000078,174835.46976000076
17,fixed_manifest,block_00_residual2,residual_add,GPU,174835.46976000076,174853.81696000078
14,fixed_manifest,block_11_attention,self_attention,GPU,174853.81696000078,175009.84352000075
17,fixed_manifest,block_01_norm1,layer_norm,GPU,175009.84352000075,175031.97312000077
14,fixed_manifest,block_11_proj,linear_projection,GPU,175031.97312000077,175184.21728000077
16,fixed_manifest,block_04_ffn_island,fused_ffn_island,FPGA,175151.53568000082,175484.28320000082
17,fixed_manifest,block_01_qkv,linear_qkv,GPU,175184.21728000077,175626.94976000077
15,fixed_manifest,block_07_residual2,residual_add,GPU,175626.94976000077,175645.2969600008
14,fixed_manifest,block_11_residual1,residual_add,GPU,175645.2969600008,175663.64416000078
17,fixed_manifest,block_01_attention,self_attention,GPU,175663.64416000078,175819.67072000075
16,fixed_manifest,block_04_residual2,residual_add,GPU,175819.67072000075,175838.01792000077
15,fixed_manifest,block_08_norm1,layer_norm,GPU,175838.01792000077,175860.14752000076
14,fixed_manifest,block_11_norm2,layer_norm,GPU,175860.14752000076,175882.27712000077
17,fixed_manifest,block_01_proj,linear_projection,GPU,175882.27712000077,176034.52128000077
16,fixed_manifest,block_05_norm1,layer_norm,GPU,176034.52128000077,176056.6508800008
14,fixed_manifest,block_11_ffn_island,fused_ffn_island,FPGA,176041.04192000077,176373.78944000078
15,fixed_manifest,block_08_qkv,linear_qkv,GPU,176056.6508800008,176499.3833600008
17,fixed_manifest,block_01_residual1,residual_add,GPU,176499.3833600008,176517.73056000078
16,fixed_manifest,block_05_qkv,linear_qkv,GPU,176517.73056000078,176960.4630400008
15,fixed_manifest,block_08_attention,self_attention,GPU,176960.4630400008,177116.4896000008
17,fixed_manifest,block_01_norm2,layer_norm,GPU,177116.4896000008,177138.6192000008
14,fixed_manifest,block_11_residual2,residual_add,GPU,177138.6192000008,177156.9664000008
16,fixed_manifest,block_05_attention,self_attention,GPU,177156.9664000008,177312.9929600008
17,fixed_manifest,block_01_ffn_island,fused_ffn_island,FPGA,177297.3840000008,177630.1315200008
15,fixed_manifest,block_08_proj,linear_projection,GPU,177312.9929600008,177465.2371200008
14,fixed_manifest,final_norm,layer_norm,GPU,177465.2371200008,177487.36672000078
16,fixed_manifest,block_05_proj,linear_projection,GPU,177487.36672000078,177639.6108800008
15,fixed_manifest,block_08_residual1,residual_add,GPU,177639.6108800008,177657.9580800008
14,fixed_manifest,class_token_select,class_token_select,GPU,177657.9580800008,177664.9964800008
16,fixed_manifest,block_05_residual1,residual_add,GPU,177664.9964800008,177683.34368000078
15,fixed_manifest,block_08_norm2,layer_norm,GPU,177683.34368000078,177705.47328000076
14,fixed_manifest,classifier,linear_classifier,GPU,177705.47328000076,177713.43328000078
16,fixed_manifest,block_05_norm2,layer_norm,GPU,177713.43328000078,177735.56288000077
17,fixed_manifest,block_01_residual2,residual_add,GPU,177788.89632000084,177807.24352000083
17,fixed_manifest,block_02_norm1,layer_norm,GPU,177807.24352000083,177829.37312000082
17,fixed_manifest,block_02_qkv,linear_qkv,GPU,177829.37312000082,178272.10560000085
15,fixed_manifest,block_08_ffn_island,fused_ffn_island,FPGA,177864.2380800008,178196.9856000008
17,fixed_manifest,block_02_attention,self_attention,GPU,178272.10560000085,178428.13216000082
16,fixed_manifest,block_05_ffn_island,fused_ffn_island,FPGA,178420.5616000008,178753.3091200008
15,fixed_manifest,block_08_residual2,residual_add,GPU,178428.13216000082,178446.4793600008
17,fixed_manifest,block_02_proj,linear_projection,GPU,178446.4793600008,178598.72352000084
15,fixed_manifest,block_09_norm1,layer_norm,GPU,178598.72352000084,178620.85312000083
17,fixed_manifest,block_02_residual1,residual_add,GPU,178620.85312000083,178639.20032000082
15,fixed_manifest,block_09_qkv,linear_qkv,GPU,178639.20032000082,179081.93280000085
17,fixed_manifest,block_02_norm2,layer_norm,GPU,179081.93280000085,179104.06240000084
16,fixed_manifest,block_05_residual2,residual_add,GPU,179104.06240000084,179122.40960000083
15,fixed_manifest,block_09_attention,self_attention,GPU,179122.40960000083,179278.43616000083
17,fixed_manifest,block_02_ffn_island,fused_ffn_island,FPGA,179262.82720000087,179595.57472000088
16,fixed_manifest,block_06_norm1,layer_norm,GPU,179278.43616000083,179300.56576000084
15,fixed_manifest,block_09_proj,linear_projection,GPU,179300.56576000084,179452.80992000084
16,fixed_manifest,block_06_qkv,linear_qkv,GPU,179452.80992000084,179895.54240000085
15,fixed_manifest,block_09_residual1,residual_add,GPU,179895.54240000085,179913.88960000084
17,fixed_manifest,block_02_residual2,residual_add,GPU,179913.88960000084,179932.23680000083
16,fixed_manifest,block_06_attention,self_attention,GPU,179932.23680000083,180088.26336000083
15,fixed_manifest,block_09_norm2,layer_norm,GPU,180088.26336000083,180110.39296000084
17,fixed_manifest,block_03_norm1,layer_norm,GPU,180110.39296000084,180132.52256000083
18,fixed_manifest,patch_embedding,patch_embedding,GPU,180132.52256000083,180284.02944000086
15,fixed_manifest,block_09_ffn_island,fused_ffn_island,FPGA,180269.15776000085,180601.90528000085
16,fixed_manifest,block_06_proj,linear_projection,GPU,180284.02944000086,180436.27360000086
17,fixed_manifest,block_03_qkv,linear_qkv,GPU,180436.27360000086,180879.00608000087
18,fixed_manifest,token_embedding,token_and_position_embedding,GPU,180879.00608000087,180897.35328000085
16,fixed_manifest,block_06_residual1,residual_add,GPU,180897.35328000085,180915.70048000084
15,fixed_manifest,block_09_residual2,residual_add,GPU,180915.70048000084,180934.04768000086
17,fixed_manifest,block_03_attention,self_attention,GPU,180934.04768000086,181090.07424000083
18,fixed_manifest,block_00_norm1,layer_norm,GPU,181090.07424000083,181112.20384000085
16,fixed_manifest,block_06_norm2,layer_norm,GPU,181112.20384000085,181134.33344000086
15,fixed_manifest,block_10_norm1,layer_norm,GPU,181134.33344000086,181156.46304000085
17,fixed_manifest,block_03_proj,linear_projection,GPU,181156.46304000085,181308.70720000085
16,fixed_manifest,block_06_ffn_island,fused_ffn_island,FPGA,181293.09824000087,181625.84576000087
18,fixed_manifest,block_00_qkv,linear_qkv,GPU,181308.70720000085,181751.43968000088
15,fixed_manifest,block_10_qkv,linear_qkv,GPU,181751.43968000088,182194.1721600009
17,fixed_manifest,block_03_residual1,residual_add,GPU,182194.1721600009,182212.51936000088
18,fixed_manifest,block_00_attention,self_attention,GPU,182212.51936000088,182368.54592000088
16,fixed_manifest,block_06_residual2,residual_add,GPU,182368.54592000088,182386.89312000087
15,fixed_manifest,block_10_attention,self_attention,GPU,182386.89312000087,182542.91968000086
17,fixed_manifest,block_03_norm2,layer_norm,GPU,182542.91968000086,182565.04928000085
18,fixed_manifest,block_00_proj,linear_projection,GPU,182565.04928000085,182717.29344000088
16,fixed_manifest,block_07_norm1,layer_norm,GPU,182717.29344000088,182739.42304000087
17,fixed_manifest,block_03_ffn_island,fused_ffn_island,FPGA,182723.81408000088,183056.5616000009
15,fixed_manifest,block_10_proj,linear_projection,GPU,182739.42304000087,182891.6672000009
18,fixed_manifest,block_00_residual1,residual_add,GPU,182891.6672000009,182910.0144000009
16,fixed_manifest,block_07_qkv,linear_qkv,GPU,182910.0144000009,183352.7468800009
15,fixed_manifest,block_10_residual1,residual_add,GPU,183352.7468800009,183371.09408000088
18,fixed_manifest,block_00_norm2,layer_norm,GPU,183371.09408000088,183393.22368000087
17,fixed_manifest,block_03_residual2,residual_add,GPU,183393.22368000087,183411.5708800009
16,fixed_manifest,block_07_attention,self_attention,GPU,183411.5708800009,183567.59744000086
18,fixed_manifest,block_00_ffn_island,fused_ffn_island,FPGA,183551.9884800009,183884.7360000009
15,fixed_manifest,block_10_norm2,layer_norm,GPU,183567.59744000086,183589.72704000087
17,fixed_manifest,block_04_norm1,layer_norm,GPU,183589.72704000087,183611.8566400009
16,fixed_manifest,block_07_proj,linear_projection,GPU,183611.8566400009,183764.1008000009
17,fixed_manifest,block_04_qkv,linear_qkv,GPU,183764.1008000009,184206.8332800009
15,fixed_manifest,block_10_ffn_island,fused_ffn_island,FPGA,184108.3120000009,184441.0595200009
16,fixed_manifest,block_07_residual1,residual_add,GPU,184206.8332800009,184225.18048000088
18,fixed_manifest,block_00_residual2,residual_add,GPU,184225.18048000088,184243.52768000087
17,fixed_manifest,block_04_attention,self_attention,GPU,184243.52768000087,184399.55424000087
16,fixed_manifest,block_07_norm2,layer_norm,GPU,184399.55424000087,184421.6838400009
18,fixed_manifest,block_01_norm1,layer_norm,GPU,184421.6838400009,184443.81344000087
17,fixed_manifest,block_04_proj,linear_projection,GPU,184443.81344000087,184596.0576000009
18,fixed_manifest,block_01_qkv,linear_qkv,GPU,184596.0576000009,185038.7900800009
16,fixed_manifest,block_07_ffn_island,fused_ffn_island,FPGA,184664.6355200009,184997.38304000095
17,fixed_manifest,block_04_residual1,residual_add,GPU,185038.7900800009,185057.1372800009
15,fixed_manifest,block_10_residual2,residual_add,GPU,185057.1372800009,185075.4844800009
18,fixed_manifest,block_01_attention,self_attention,GPU,185075.4844800009,185231.51104000089
17,fixed_manifest,block_04_norm2,layer_norm,GPU,185231.51104000089,185253.64064000087
15,fixed_manifest,block_11_norm1,layer_norm,GPU,185253.64064000087,185275.7702400009
16,fixed_manifest,block_07_residual2,residual_add,GPU,185275.7702400009,185294.11744000087
18,fixed_manifest,block_01_proj,linear_projection,GPU,185294.11744000087,185446.36160000088
17,fixed_manifest,block_04_ffn_island,fused_ffn_island,FPGA,185412.4054400009,185745.1529600009
15,fixed_manifest,block_11_qkv,linear_qkv,GPU,185446.36160000088,185889.0940800009
16,fixed_manifest,block_08_norm1,layer_norm,GPU,185889.0940800009,185911.2236800009
18,fixed_manifest,block_01_residual1,residual_add,GPU,185911.2236800009,185929.5708800009
15,fixed_manifest,block_11_attention,self_attention,GPU,185929.5708800009,186085.59744000089
17,fixed_manifest,block_04_residual2,residual_add,GPU,186085.59744000089,186103.94464000087
16,fixed_manifest,block_08_qkv,linear_qkv,GPU,186103.94464000087,186546.67712000088
18,fixed_manifest,block_01_norm2,layer_norm,GPU,186546.67712000088,186568.8067200009
15,fixed_manifest,block_11_proj,linear_projection,GPU,186568.8067200009,186721.0508800009
17,fixed_manifest,block_05_norm1,layer_norm,GPU,186721.0508800009,186743.1804800009
18,fixed_manifest,block_01_ffn_island,fused_ffn_island,FPGA,186727.5715200009,187060.31904000093
16,fixed_manifest,block_08_attention,self_attention,GPU,186743.1804800009,186899.2070400009
15,fixed_manifest,block_11_residual1,residual_add,GPU,186899.2070400009,186917.5542400009
17,fixed_manifest,block_05_qkv,linear_qkv,GPU,186917.5542400009,187360.2867200009
16,fixed_manifest,block_08_proj,linear_projection,GPU,187360.2867200009,187512.5308800009
15,fixed_manifest,block_11_norm2,layer_norm,GPU,187512.5308800009,187534.66048000092
18,fixed_manifest,block_01_residual2,residual_add,GPU,187534.66048000092,187553.0076800009
17,fixed_manifest,block_05_attention,self_attention,GPU,187553.0076800009,187709.0342400009
15,fixed_manifest,block_11_ffn_island,fused_ffn_island,FPGA,187693.42528000093,188026.17280000093
16,fixed_manifest,block_08_residual1,residual_add,GPU,187709.0342400009,187727.3814400009
18,fixed_manifest,block_02_norm1,layer_norm,GPU,187727.3814400009,187749.51104000089
17,fixed_manifest,block_05_proj,linear_projection,GPU,187749.51104000089,187901.75520000092
16,fixed_manifest,block_08_norm2,layer_norm,GPU,187901.75520000092,187923.8848000009
18,fixed_manifest,block_02_qkv,linear_qkv,GPU,187923.8848000009,188366.61728000094
16,fixed_manifest,block_08_ffn_island,fused_ffn_island,FPGA,188249.74880000096,188582.49632000097
17,fixed_manifest,block_05_residual1,residual_add,GPU,188366.61728000094,188384.96448000093
15,fixed_manifest,block_11_residual2,residual_add,GPU,188384.96448000093,188403.31168000092
18,fixed_manifest,block_02_attention,self_attention,GPU,188403.31168000092,188559.3382400009
17,fixed_manifest,block_05_norm2,layer_norm,GPU,188559.3382400009,188581.4678400009
15,fixed_manifest,final_norm,layer_norm,GPU,188581.4678400009,188603.5974400009
18,fixed_manifest,block_02_proj,linear_projection,GPU,188603.5974400009,188755.84160000092
15,fixed_manifest,class_token_select,class_token_select,GPU,188755.84160000092,188762.8800000009
18,fixed_manifest,block_02_residual1,residual_add,GPU,188762.8800000009,188781.2272000009
15,fixed_manifest,classifier,linear_classifier,GPU,188781.2272000009,188789.1872000009
18,fixed_manifest,block_02_norm2,layer_norm,GPU,188789.1872000009,188811.3168000009
17,fixed_manifest,block_05_ffn_island,fused_ffn_island,FPGA,188806.07232000097,189138.81984000097
16,fixed_manifest,block_08_residual2,residual_add,GPU,188811.3168000009,188829.6640000009
16,fixed_manifest,block_09_norm1,layer_norm,GPU,188829.6640000009,188851.7936000009
16,fixed_manifest,block_09_qkv,linear_qkv,GPU,188851.7936000009,189294.5260800009
16,fixed_manifest,block_09_attention,self_attention,GPU,189294.5260800009,189450.5526400009
18,fixed_manifest,block_02_ffn_island,fused_ffn_island,FPGA,189362.39584000097,189695.14336000098
17,fixed_manifest,block_05_residual2,residual_add,GPU,189450.5526400009,189468.8998400009
16,fixed_manifest,block_09_proj,linear_projection,GPU,189468.8998400009,189621.1440000009
17,fixed_manifest,block_06_norm1,layer_norm,GPU,189621.1440000009,189643.27360000092
16,fixed_manifest,block_09_residual1,residual_add,GPU,189643.27360000092,189661.6208000009
17,fixed_manifest,block_06_qkv,linear_qkv,GPU,189661.6208000009,190104.3532800009
16,fixed_manifest,block_09_norm2,layer_norm,GPU,190104.3532800009,190126.48288000093
18,fixed_manifest,block_02_residual2,residual_add,GPU,190126.48288000093,190144.83008000092
19,fixed_manifest,patch_embedding,patch_embedding,GPU,190144.83008000092,190296.33696000092
16,fixed_manifest,block_09_ffn_island,fused_ffn_island,FPGA,190285.24768000093,190617.99520000094
17,fixed_manifest,block_06_attention,self_attention,GPU,190296.33696000092,190452.36352000092
18,fixed_manifest,block_03_norm1,layer_norm,GPU,190452.36352000092,190474.49312000093
19,fixed_manifest,token_embedding,token_and_position_embedding,GPU,190474.49312000093,190492.84032000092
17,fixed_manifest,block_06_proj,linear_projection,GPU,190492.84032000092,190645.08448000092
18,fixed_manifest,block_03_qkv,linear_qkv,GPU,190645.08448000092,191087.81696000093
19,fixed_manifest,block_00_norm1,layer_norm,GPU,191087.81696000093,191109.94656000094
17,fixed_manifest,block_06_residual1,residual_add,GPU,191109.94656000094,191128.29376000093
16,fixed_manifest,block_09_residual2,residual_add,GPU,191128.29376000093,191146.64096000092
18,fixed_manifest,block_03_attention,self_attention,GPU,191146.64096000092,191302.66752000092
19,fixed_manifest,block_00_qkv,linear_qkv,GPU,191302.66752000092,191745.40000000093
17,fixed_manifest,block_06_norm2,layer_norm,GPU,191745.40000000093,191767.52960000094
16,fixed_manifest,block_10_norm1,layer_norm,GPU,191767.52960000094,191789.65920000093
18,fixed_manifest,block_03_proj,linear_projection,GPU,191789.65920000093,191941.90336000096
17,fixed_manifest,block_06_ffn_island,fused_ffn_island,FPGA,191926.29440000094,192259.04192000095
19,fixed_manifest,block_00_attention,self_attention,GPU,191941.90336000096,192097.92992000093
16,fixed_manifest,block_10_qkv,linear_qkv,GPU,192097.92992000093,192540.66240000096
18,fixed_manifest,block_03_residual1,residual_add,GPU,192540.66240000096,192559.00960000095
19,fixed_manifest,block_00_proj,linear_projection,GPU,192559.00960000095,192711.25376000095
17,fixed_manifest,block_06_residual2,residual_add,GPU,192711.25376000095,192729.60096000094
16,fixed_manifest,block_10_attention,self_attention,GPU,192729.60096000094,192885.62752000094
18,fixed_manifest,block_03_norm2,layer_norm,GPU,192885.62752000094,192907.75712000093
19,fixed_manifest,block_00_residual1,residual_add,GPU,192907.75712000093,192926.10432000092
17,fixed_manifest,block_07_norm1,layer_norm,GPU,192926.10432000092,192948.23392000093
16,fixed_manifest,block_10_proj,linear_projection,GPU,192948.23392000093,193100.47808000093
18,fixed_manifest,block_03_ffn_island,fused_ffn_island,FPGA,193066.52192000096,193399.26944000096
19,fixed_manifest,block_00_norm2,layer_norm,GPU,193100.47808000093,193122.60768000095
17,fixed_manifest,block_07_qkv,linear_qkv,GPU,193122.60768000095,193565.34016000095
16,fixed_manifest,block_10_residual1,residual_add,GPU,193565.34016000095,193583.68736000094
17,fixed_manifest,block_07_attention,self_attention,GPU,193583.68736000094,193739.71392000094
19,fixed_manifest,block_00_ffn_island,fused_ffn_island,FPGA,193622.84544000097,193955.59296000097
16,fixed_manifest,block_10_norm2,layer_norm,GPU,193739.71392000094,193761.84352000096
18,fixed_manifest,block_03_residual2,residual_add,GPU,193761.84352000096,193780.19072000094
17,fixed_manifest,block_07_proj,linear_projection,GPU,193780.19072000094,193932.43488000095
18,fixed_manifest,block_04_norm1,layer_norm,GPU,193932.43488000095,193954.56448000096
17,fixed_manifest,block_07_residual1,residual_add,GPU,193954.56448000096,193972.91168000095
18,fixed_manifest,block_04_qkv,linear_qkv,GPU,193972.91168000095,194415.64416000096
16,fixed_manifest,block_10_ffn_island,fused_ffn_island,FPGA,194179.16896000097,194511.916480001
17,fixed_manifest,block_07_norm2,layer_norm,GPU,194415.64416000096,194437.77376000097
19,fixed_manifest,block_00_residual2,residual_add,GPU,194437.77376000097,194456.12096000096
18,fixed_manifest,block_04_attention,self_attention,GPU,194456.12096000096,194612.14752000093
19,fixed_manifest,block_01_norm1,layer_norm,GPU,194612.14752000093,194634.27712000094
18,fixed_manifest,block_04_proj,linear_projection,GPU,194634.27712000094,194786.52128000095
17,fixed_manifest,block_07_ffn_island,fused_ffn_island,FPGA,194735.492480001,195068.240000001
19,fixed_manifest,block_01_qkv,linear_qkv,GPU,194786.52128000095,195229.25376000098
16,fixed_manifest,block_10_residual2,residual_add,GPU,195229.25376000098,195247.60096000097
18,fixed_manifest,block_04_residual1,residual_add,GPU,195247.60096000097,195265.94816000096
17,fixed_manifest,block_07_residual2,residual_add,GPU,195265.94816000096,195284.29536000095
19,fixed_manifest,block_01_attention,self_attention,GPU,195284.29536000095,195440.32192000095
16,fixed_manifest,block_11_norm1,layer_norm,GPU,195440.32192000095,195462.45152000093
18,fixed_manifest,block_04_norm2,layer_norm,GPU,195462.45152000093,195484.58112000095
17,fixed_manifest,block_08_norm1,layer_norm,GPU,195484.58112000095,195506.71072000093
19,fixed_manifest,block_01_proj,linear_projection,GPU,195506.71072000093,195658.95488000097
18,fixed_manifest,block_04_ffn_island,fused_ffn_island,FPGA,195643.34592000095,195976.09344000096
16,fixed_manifest,block_11_qkv,linear_qkv,GPU,195658.95488000097,196101.68736000097
17,fixed_manifest,block_08_qkv,linear_qkv,GPU,196101.68736000097,196544.41984000098
19,fixed_manifest,block_01_residual1,residual_add,GPU,196544.41984000098,196562.76704000097
16,fixed_manifest,block_11_attention,self_attention,GPU,196562.76704000097,196718.79360000096
18,fixed_manifest,block_04_residual2,residual_add,GPU,196718.79360000096,196737.14080000095
17,fixed_manifest,block_08_attention,self_attention,GPU,196737.14080000095,196893.16736000095
19,fixed_manifest,block_01_norm2,layer_norm,GPU,196893.16736000095,196915.29696000097
16,fixed_manifest,block_11_proj,linear_projection,GPU,196915.29696000097,197067.54112000097
18,fixed_manifest,block_05_norm1,layer_norm,GPU,197067.54112000097,197089.67072000098
19,fixed_manifest,block_01_ffn_island,fused_ffn_island,FPGA,197074.06176000097,197406.80928000098
17,fixed_manifest,block_08_proj,linear_projection,GPU,197089.67072000098,197241.914880001
16,fixed_manifest,block_11_residual1,residual_add,GPU,197241.914880001,197260.26208000098
18,fixed_manifest,block_05_qkv,linear_qkv,GPU,197260.26208000098,197702.99456000098
17,fixed_manifest,block_08_residual1,residual_add,GPU,197702.99456000098,197721.34176000097
16,fixed_manifest,block_11_norm2,layer_norm,GPU,197721.34176000097,197743.47136000099
19,fixed_manifest,block_01_residual2,residual_add,GPU,197743.47136000099,197761.81856000097
18,fixed_manifest,block_05_attention,self_attention,GPU,197761.81856000097,197917.84512000097
16,fixed_manifest,block_11_ffn_island,fused_ffn_island,FPGA,197902.236160001,198234.983680001
17,fixed_manifest,block_08_norm2,layer_norm,GPU,197917.84512000097,197939.97472000096
19,fixed_manifest,block_02_norm1,layer_norm,GPU,197939.97472000096,197962.10432000097
18,fixed_manifest,block_05_proj,linear_projection,GPU,197962.10432000097,198114.34848000098
19,fixed_manifest,block_02_qkv,linear_qkv,GPU,198114.34848000098,198557.08096000098
17,fixed_manifest,block_08_ffn_island,fused_ffn_island,FPGA,198458.559680001,198791.30720000103
18,fixed_manifest,block_05_residual1,residual_add,GPU,198557.08096000098,198575.42816000097
16,fixed_manifest,block_11_residual2,residual_add,GPU,198575.42816000097,198593.77536000096
19,fixed_manifest,block_02_attention,self_attention,GPU,198593.77536000096,198749.80192000096
18,fixed_manifest,block_05_norm2,layer_norm,GPU,198749.80192000096,198771.93152000097
16,fixed_manifest,final_norm,layer_norm,GPU,198771.93152000097,198794.061120001
19,fixed_manifest,block_02_proj,linear_projection,GPU,198794.061120001,198946.305280001
16,fixed_manifest,class_token_select,class_token_select,GPU,198946.305280001,198953.34368000098
19,fixed_manifest,block_02_residual1,residual_add,GPU,198953.34368000098,198971.69088000097
16,fixed_manifest,classifier,linear_classifier,GPU,198971.69088000097,198979.65088000096
19,fixed_manifest,block_02_norm2,layer_norm,GPU,198979.65088000096,199001.78048000098
17,fixed_manifest,block_08_residual2,residual_add,GPU,199014.88320000103,199033.23040000102
18,fixed_manifest,block_05_ffn_island,fused_ffn_island,FPGA,199014.88320000103,199347.63072000103
17,fixed_manifest,block_09_norm1,layer_norm,GPU,199033.23040000102,199055.360000001
17,fixed_manifest,block_09_qkv,linear_qkv,GPU,199055.360000001,199498.09248000104
17,fixed_manifest,block_09_attention,self_attention,GPU,199498.09248000104,199654.119040001
19,fixed_manifest,block_02_ffn_island,fused_ffn_island,FPGA,199571.20672000104,199903.95424000104
18,fixed_manifest,block_05_residual2,residual_add,GPU,199654.119040001,199672.466240001
17,fixed_manifest,block_09_proj,linear_projection,GPU,199672.466240001,199824.71040000103
18,fixed_manifest,block_06_norm1,layer_norm,GPU,199824.71040000103,199846.84000000102
17,fixed_manifest,block_09_residual1,residual_add,GPU,199846.84000000102,199865.187200001
18,fixed_manifest,block_06_qkv,linear_qkv,GPU,199865.187200001,200307.91968000104
17,fixed_manifest,block_09_norm2,layer_norm,GPU,200307.91968000104,200330.04928000103
20,fixed_manifest,patch_embedding,patch_embedding,GPU,200330.04928000103,200481.55616000106
19,fixed_manifest,block_02_residual2,residual_add,GPU,200481.55616000106,200499.90336000104
17,fixed_manifest,block_09_ffn_island,fused_ffn_island,FPGA,200488.81408000106,200821.56160000106
18,fixed_manifest,block_06_attention,self_attention,GPU,200499.90336000104,200655.92992000104
20,fixed_manifest,token_embedding,token_and_position_embedding,GPU,200655.92992000104,200674.27712000103
19,fixed_manifest,block_03_norm1,layer_norm,GPU,200674.27712000103,200696.40672000102
18,fixed_manifest,block_06_proj,linear_projection,GPU,200696.40672000102,200848.65088000102
20,fixed_manifest,block_00_norm1,layer_norm,GPU,200848.65088000102,200870.78048000103
19,fixed_manifest,block_03_qkv,linear_qkv,GPU,200870.78048000103,201313.51296000104
18,fixed_manifest,block_06_residual1,residual_add,GPU,201313.51296000104,201331.86016000103
20,fixed_manifest,block_00_qkv,linear_qkv,GPU,201331.86016000103,201774.59264000106
17,fixed_manifest,block_09_residual2,residual_add,GPU,201774.59264000106,201792.93984000105
19,fixed_manifest,block_03_attention,self_attention,GPU,201792.93984000105,201948.96640000105
18,fixed_manifest,block_06_norm2,layer_norm,GPU,201948.96640000105,201971.09600000104
20,fixed_manifest,block_00_attention,self_attention,GPU,201971.09600000104,202127.12256000104
17,fixed_manifest,block_10_norm1,layer_norm,GPU,202127.12256000104,202149.25216000105
18,fixed_manifest,block_06_ffn_island,fused_ffn_island,FPGA,202129.86080000107,202462.60832000108
19,fixed_manifest,block_03_proj,linear_projection,GPU,202149.25216000105,202301.49632000105
20,fixed_manifest,block_00_proj,linear_projection,GPU,202301.49632000105,202453.74048000106
17,fixed_manifest,block_10_qkv,linear_qkv,GPU,202453.74048000106,202896.47296000106
19,fixed_manifest,block_03_residual1,residual_add,GPU,202896.47296000106,202914.82016000105
20,fixed_manifest,block_00_residual1,residual_add,GPU,202914.82016000105,202933.16736000104
18,fixed_manifest,block_06_residual2,residual_add,GPU,202933.16736000104,202951.51456000106
17,fixed_manifest,block_10_attention,self_attention,GPU,202951.51456000106,203107.54112000103
19,fixed_manifest,block_03_norm2,layer_norm,GPU,203107.54112000103,203129.67072000104
20,fixed_manifest,block_00_norm2,layer_norm,GPU,203129.67072000104,203151.80032000106
18,fixed_manifest,block_07_norm1,layer_norm,GPU,203151.80032000106,203173.92992000104
17,fixed_manifest,block_10_proj,linear_projection,GPU,203173.92992000104,203326.17408000107
19,fixed_manifest,block_03_ffn_island,fused_ffn_island,FPGA,203288.43552000105,203621.18304000108
18,fixed_manifest,block_07_qkv,linear_qkv,GPU,203326.17408000107,203768.90656000108
17,fixed_manifest,block_10_residual1,residual_add,GPU,203768.90656000108,203787.25376000107
18,fixed_manifest,block_07_attention,self_attention,GPU,203787.25376000107,203943.28032000107
20,fixed_manifest,block_00_ffn_island,fused_ffn_island,FPGA,203844.75904000108,204177.5065600011
17,fixed_manifest,block_10_norm2,layer_norm,GPU,203943.28032000107,203965.40992000105
19,fixed_manifest,block_03_residual2,residual_add,GPU,203965.40992000105,203983.75712000104
18,fixed_manifest,block_07_proj,linear_projection,GPU,203983.75712000104,204136.00128000107
19,fixed_manifest,block_04_norm1,layer_norm,GPU,204136.00128000107,204158.13088000106
18,fixed_manifest,block_07_residual1,residual_add,GPU,204158.13088000106,204176.47808000105
19,fixed_manifest,block_04_qkv,linear_qkv,GPU,204176.47808000105,204619.21056000108
17,fixed_manifest,block_10_ffn_island,fused_ffn_island,FPGA,204401.0825600011,204733.8300800011
18,fixed_manifest,block_07_norm2,layer_norm,GPU,204619.21056000108,204641.34016000107
20,fixed_manifest,block_00_residual2,residual_add,GPU,204641.34016000107,204659.68736000106
19,fixed_manifest,block_04_attention,self_attention,GPU,204659.68736000106,204815.71392000106
20,fixed_manifest,block_01_norm1,layer_norm,GPU,204815.71392000106,204837.84352000107
19,fixed_manifest,block_04_proj,linear_projection,GPU,204837.84352000107,204990.08768000107
18,fixed_manifest,block_07_ffn_island,fused_ffn_island,FPGA,204957.4060800011,205290.1536000011
20,fixed_manifest,block_01_qkv,linear_qkv,GPU,204990.08768000107,205432.82016000108
17,fixed_manifest,block_10_residual2,residual_add,GPU,205432.82016000108,205451.16736000107
19,fixed_manifest,block_04_residual1,residual_add,GPU,205451.16736000107,205469.51456000106
20,fixed_manifest,block_01_attention,self_attention,GPU,205469.51456000106,205625.54112000106
18,fixed_manifest,block_07_residual2,residual_add,GPU,205625.54112000106,205643.88832000105
17,fixed_manifest,block_11_norm1,layer_norm,GPU,205643.88832000105,205666.01792000106
19,fixed_manifest,block_04_norm2,layer_norm,GPU,205666.01792000106,205688.14752000105
20,fixed_manifest,block_01_proj,linear_projection,GPU,205688.14752000105,205840.39168000108
18,fixed_manifest,block_08_norm1,layer_norm,GPU,205840.39168000108,205862.52128000106
19,fixed_manifest,block_04_ffn_island,fused_ffn_island,FPGA,205846.91232000108,206179.65984000108
17,fixed_manifest,block_11_qkv,linear_qkv,GPU,205862.52128000106,206305.2537600011
20,fixed_manifest,block_01_residual1,residual_add,GPU,206305.2537600011,206323.6009600011
18,fixed_manifest,block_08_qkv,linear_qkv,GPU,206323.6009600011,206766.3334400011
17,fixed_manifest,block_11_attention,self_attention,GPU,206766.3334400011,206922.3600000011
20,fixed_manifest,block_01_norm2,layer_norm,GPU,206922.3600000011,206944.48960000108
19,fixed_manifest,block_04_residual2,residual_add,GPU,206944.48960000108,206962.83680000107
18,fixed_manifest,block_08_attention,self_attention,GPU,206962.83680000107,207118.86336000107
20,fixed_manifest,block_01_ffn_island,fused_ffn_island,FPGA,207103.2544000011,207436.00192000112
17,fixed_manifest,block_11_proj,linear_projection,GPU,207118.86336000107,207271.10752000107
19,fixed_manifest,block_05_norm1,layer_norm,GPU,207271.10752000107,207293.23712000108
18,fixed_manifest,block_08_proj,linear_projection,GPU,207293.23712000108,207445.48128000108
17,fixed_manifest,block_11_residual1,residual_add,GPU,207445.48128000108,207463.82848000107
19,fixed_manifest,block_05_qkv,linear_qkv,GPU,207463.82848000107,207906.5609600011
18,fixed_manifest,block_08_residual1,residual_add,GPU,207906.5609600011,207924.9081600011
17,fixed_manifest,block_11_norm2,layer_norm,GPU,207924.9081600011,207947.03776000108
20,fixed_manifest,block_01_residual2,residual_add,GPU,207947.03776000108,207965.38496000107
19,fixed_manifest,block_05_attention,self_attention,GPU,207965.38496000107,208121.41152000107
17,fixed_manifest,block_11_ffn_island,fused_ffn_island,FPGA,208105.80256000112,208438.55008000112
18,fixed_manifest,block_08_norm2,layer_norm,GPU,208121.41152000107,208143.5411200011
20,fixed_manifest,block_02_norm1,layer_norm,GPU,208143.5411200011,208165.67072000107
19,fixed_manifest,block_05_proj,linear_projection,GPU,208165.67072000107,208317.9148800011
20,fixed_manifest,block_02_qkv,linear_qkv,GPU,208317.9148800011,208760.6473600011
18,fixed_manifest,block_08_ffn_island,fused_ffn_island,FPGA,208662.12608000112,208994.87360000113
19,fixed_manifest,block_05_residual1,residual_add,GPU,208760.6473600011,208778.9945600011
17,fixed_manifest,block_11_residual2,residual_add,GPU,208778.9945600011,208797.3417600011
20,fixed_manifest,block_02_attention,self_attention,GPU,208797.3417600011,208953.3683200011
19,fixed_manifest,block_05_norm2,layer_norm,GPU,208953.3683200011,208975.49792000107
17,fixed_manifest,final_norm,layer_norm,GPU,208975.49792000107,208997.6275200011
20,fixed_manifest,block_02_proj,linear_projection,GPU,208997.6275200011,209149.8716800011
17,fixed_manifest,class_token_select,class_token_select,GPU,209149.8716800011,209156.91008000108
20,fixed_manifest,block_02_residual1,residual_add,GPU,209156.91008000108,209175.25728000107
17,fixed_manifest,classifier,linear_classifier,GPU,209175.25728000107,209183.2172800011
20,fixed_manifest,block_02_norm2,layer_norm,GPU,209183.2172800011,209205.34688000107
18,fixed_manifest,block_08_residual2,residual_add,GPU,209218.44960000113,209236.79680000112
19,fixed_manifest,block_05_ffn_island,fused_ffn_island,FPGA,209218.44960000113,209551.19712000113
18,fixed_manifest,block_09_norm1,layer_norm,GPU,209236.79680000112,209258.92640000113
18,fixed_manifest,block_09_qkv,linear_qkv,GPU,209258.92640000113,209701.65888000114
18,fixed_manifest,block_09_attention,self_attention,GPU,209701.65888000114,209857.68544000114
20,fixed_manifest,block_02_ffn_island,fused_ffn_island,FPGA,209774.77312000113,210107.52064000117
19,fixed_manifest,block_05_residual2,residual_add,GPU,209857.68544000114,209876.03264000113
18,fixed_manifest,block_09_proj,linear_projection,GPU,209876.03264000113,210028.27680000113
19,fixed_manifest,block_06_norm1,layer_norm,GPU,210028.27680000113,210050.40640000114
21,fixed_manifest,patch_embedding,patch_embedding,GPU,210050.40640000114,210201.91328000114
18,fixed_manifest,block_09_residual1,residual_add,GPU,210201.91328000114,210220.26048000113
19,fixed_manifest,block_06_qkv,linear_qkv,GPU,210220.26048000113,210662.99296000117
21,fixed_manifest,token_embedding,token_and_position_embedding,GPU,210662.99296000117,210681.34016000116
18,fixed_manifest,block_09_norm2,layer_norm,GPU,210681.34016000116,210703.46976000114
20,fixed_manifest,block_02_residual2,residual_add,GPU,210703.46976000114,210721.81696000113
19,fixed_manifest,block_06_attention,self_attention,GPU,210721.81696000113,210877.84352000113
18,fixed_manifest,block_09_ffn_island,fused_ffn_island,FPGA,210862.23456000118,211194.98208000118
21,fixed_manifest,block_00_norm1,layer_norm,GPU,210877.84352000113,210899.97312000114
20,fixed_manifest,block_03_norm1,layer_norm,GPU,210899.97312000114,210922.10272000113
19,fixed_manifest,block_06_proj,linear_projection,GPU,210922.10272000113,211074.34688000116
21,fixed_manifest,block_00_qkv,linear_qkv,GPU,211074.34688000116,211517.07936000117
20,fixed_manifest,block_03_qkv,linear_qkv,GPU,211517.07936000117,211959.81184000117
19,fixed_manifest,block_06_residual1,residual_add,GPU,211959.81184000117,211978.15904000116
18,fixed_manifest,block_09_residual2,residual_add,GPU,211978.15904000116,211996.50624000115
21,fixed_manifest,block_00_attention,self_attention,GPU,211996.50624000115,212152.53280000115
20,fixed_manifest,block_03_attention,self_attention,GPU,212152.53280000115,212308.55936000115
19,fixed_manifest,block_06_norm2,layer_norm,GPU,212308.55936000115,212330.68896000116
18,fixed_manifest,block_10_norm1,layer_norm,GPU,212330.68896000116,212352.81856000115
21,fixed_manifest,block_00_proj,linear_projection,GPU,212352.81856000115,212505.06272000115
19,fixed_manifest,block_06_ffn_island,fused_ffn_island,FPGA,212489.45376000117,212822.20128000117
20,fixed_manifest,block_03_proj,linear_projection,GPU,212505.06272000115,212657.30688000118
18,fixed_manifest,block_10_qkv,linear_qkv,GPU,212657.30688000118,213100.0393600012
21,fixed_manifest,block_00_residual1,residual_add,GPU,213100.0393600012,213118.38656000118
20,fixed_manifest,block_03_residual1,residual_add,GPU,213118.38656000118,213136.73376000117
19,fixed_manifest,block_06_residual2,residual_add,GPU,213136.73376000117,213155.08096000116
18,fixed_manifest,block_10_attention,self_attention,GPU,213155.08096000116,213311.10752000115
21,fixed_manifest,block_00_norm2,layer_norm,GPU,213311.10752000115,213333.23712000117
20,fixed_manifest,block_03_norm2,layer_norm,GPU,213333.23712000117,213355.36672000116
19,fixed_manifest,block_07_norm1,layer_norm,GPU,213355.36672000116,213377.49632000117
18,fixed_manifest,block_10_proj,linear_projection,GPU,213377.49632000117,213529.74048000117
21,fixed_manifest,block_00_ffn_island,fused_ffn_island,FPGA,213492.00192000117,213824.74944000118
19,fixed_manifest,block_07_qkv,linear_qkv,GPU,213529.74048000117,213972.47296000118
18,fixed_manifest,block_10_residual1,residual_add,GPU,213972.47296000118,213990.82016000117
19,fixed_manifest,block_07_attention,self_attention,GPU,213990.82016000117,214146.84672000117
20,fixed_manifest,block_03_ffn_island,fused_ffn_island,FPGA,214048.32544000118,214381.07296000118
18,fixed_manifest,block_10_norm2,layer_norm,GPU,214146.84672000117,214168.97632000118
21,fixed_manifest,block_00_residual2,residual_add,GPU,214168.97632000118,214187.32352000117
19,fixed_manifest,block_07_proj,linear_projection,GPU,214187.32352000117,214339.56768000117
21,fixed_manifest,block_01_norm1,layer_norm,GPU,214339.56768000117,214361.6972800012
19,fixed_manifest,block_07_residual1,residual_add,GPU,214361.6972800012,214380.04448000118
21,fixed_manifest,block_01_qkv,linear_qkv,GPU,214380.04448000118,214822.77696000118
18,fixed_manifest,block_10_ffn_island,fused_ffn_island,FPGA,214604.64896000118,214937.39648000122
19,fixed_manifest,block_07_norm2,layer_norm,GPU,214822.77696000118,214844.9065600012
20,fixed_manifest,block_03_residual2,residual_add,GPU,214844.9065600012,214863.2537600012
21,fixed_manifest,block_01_attention,self_attention,GPU,214863.2537600012,215019.28032000118
20,fixed_manifest,block_04_norm1,layer_norm,GPU,215019.28032000118,215041.40992000117
21,fixed_manifest,block_01_proj,linear_projection,GPU,215041.40992000117,215193.65408000117
19,fixed_manifest,block_07_ffn_island,fused_ffn_island,FPGA,215160.97248000122,215493.72000000122
20,fixed_manifest,block_04_qkv,linear_qkv,GPU,215193.65408000117,215636.3865600012
18,fixed_manifest,block_10_residual2,residual_add,GPU,215636.3865600012,215654.7337600012
21,fixed_manifest,block_01_residual1,residual_add,GPU,215654.7337600012,215673.08096000119
20,fixed_manifest,block_04_attention,self_attention,GPU,215673.08096000119,215829.10752000118
19,fixed_manifest,block_07_residual2,residual_add,GPU,215829.10752000118,215847.45472000117
18,fixed_manifest,block_11_norm1,layer_norm,GPU,215847.45472000117,215869.58432000116
21,fixed_manifest,block_01_norm2,layer_norm,GPU,215869.58432000116,215891.71392000117
20,fixed_manifest,block_04_proj,linear_projection,GPU,215891.71392000117,216043.95808000118
19,fixed_manifest,block_08_norm1,layer_norm,GPU,216043.95808000118,216066.0876800012
21,fixed_manifest,block_01_ffn_island,fused_ffn_island,FPGA,216050.47872000118,216383.2262400012
18,fixed_manifest,block_11_qkv,linear_qkv,GPU,216066.0876800012,216508.8201600012
20,fixed_manifest,block_04_residual1,residual_add,GPU,216508.8201600012,216527.16736000119
19,fixed_manifest,block_08_qkv,linear_qkv,GPU,216527.16736000119,216969.8998400012
18,fixed_manifest,block_11_attention,self_attention,GPU,216969.8998400012,217125.9264000012
20,fixed_manifest,block_04_norm2,layer_norm,GPU,217125.9264000012,217148.0560000012
21,fixed_manifest,block_01_residual2,residual_add,GPU,217148.0560000012,217166.4032000012
19,fixed_manifest,block_08_attention,self_attention,GPU,217166.4032000012,217322.4297600012
20,fixed_manifest,block_04_ffn_island,fused_ffn_island,FPGA,217306.8208000012,217639.5683200012
18,fixed_manifest,block_11_proj,linear_projection,GPU,217322.4297600012,217474.6739200012
21,fixed_manifest,block_02_norm1,layer_norm,GPU,217474.6739200012,217496.8035200012
19,fixed_manifest,block_08_proj,linear_projection,GPU,217496.8035200012,217649.0476800012
18,fixed_manifest,block_11_residual1,residual_add,GPU,217649.0476800012,217667.3948800012
21,fixed_manifest,block_02_qkv,linear_qkv,GPU,217667.3948800012,218110.1273600012
19,fixed_manifest,block_08_residual1,residual_add,GPU,218110.1273600012,218128.4745600012
18,fixed_manifest,block_11_norm2,layer_norm,GPU,218128.4745600012,218150.6041600012
20,fixed_manifest,block_04_residual2,residual_add,GPU,218150.6041600012,218168.9513600012
21,fixed_manifest,block_02_attention,self_attention,GPU,218168.9513600012,218324.9779200012
18,fixed_manifest,block_11_ffn_island,fused_ffn_island,FPGA,218309.36896000121,218642.11648000122
19,fixed_manifest,block_08_norm2,layer_norm,GPU,218324.9779200012,218347.10752000118
20,fixed_manifest,block_05_norm1,layer_norm,GPU,218347.10752000118,218369.2371200012
21,fixed_manifest,block_02_proj,linear_projection,GPU,218369.2371200012,218521.4812800012
20,fixed_manifest,block_05_qkv,linear_qkv,GPU,218521.4812800012,218964.2137600012
19,fixed_manifest,block_08_ffn_island,fused_ffn_island,FPGA,218865.69248000122,219198.44000000125
21,fixed_manifest,block_02_residual1,residual_add,GPU,218964.2137600012,218982.5609600012
18,fixed_manifest,block_11_residual2,residual_add,GPU,218982.5609600012,219000.9081600012
20,fixed_manifest,block_05_attention,self_attention,GPU,219000.9081600012,219156.93472000118
21,fixed_manifest,block_02_norm2,layer_norm,GPU,219156.93472000118,219179.0643200012
18,fixed_manifest,final_norm,layer_norm,GPU,219179.0643200012,219201.1939200012
20,fixed_manifest,block_05_proj,linear_projection,GPU,219201.1939200012,219353.43808000121
18,fixed_manifest,class_token_select,class_token_select,GPU,219353.43808000121,219360.4764800012
20,fixed_manifest,block_05_residual1,residual_add,GPU,219360.4764800012,219378.8236800012
18,fixed_manifest,classifier,linear_classifier,GPU,219378.8236800012,219386.7836800012
20,fixed_manifest,block_05_norm2,layer_norm,GPU,219386.7836800012,219408.9132800012
19,fixed_manifest,block_08_residual2,residual_add,GPU,219422.01600000125,219440.36320000124
21,fixed_manifest,block_02_ffn_island,fused_ffn_island,FPGA,219422.01600000125,219754.76352000126
19,fixed_manifest,block_09_norm1,layer_norm,GPU,219440.36320000124,219462.49280000123
19,fixed_manifest,block_09_qkv,linear_qkv,GPU,219462.49280000123,219905.22528000126
19,fixed_manifest,block_09_attention,self_attention,GPU,219905.22528000126,220061.25184000123
20,fixed_manifest,block_05_ffn_island,fused_ffn_island,FPGA,219978.33952000126,220311.08704000126
21,fixed_manifest,block_02_residual2,residual_add,GPU,220061.25184000123,220079.59904000125
22,fixed_manifest,patch_embedding,patch_embedding,GPU,220079.59904000125,220231.10592000125
19,fixed_manifest,block_09_proj,linear_projection,GPU,220231.10592000125,220383.35008000126
21,fixed_manifest,block_03_norm1,layer_norm,GPU,220383.35008000126,220405.47968000127
22,fixed_manifest,token_embedding,token_and_position_embedding,GPU,220405.47968000127,220423.82688000126
19,fixed_manifest,block_09_residual1,residual_add,GPU,220423.82688000126,220442.17408000125
21,fixed_manifest,block_03_qkv,linear_qkv,GPU,220442.17408000125,220884.90656000125
22,fixed_manifest,block_00_norm1,layer_norm,GPU,220884.90656000125,220907.03616000127
19,fixed_manifest,block_09_norm2,layer_norm,GPU,220907.03616000127,220929.16576000125
20,fixed_manifest,block_05_residual2,residual_add,GPU,220929.16576000125,220947.51296000124
21,fixed_manifest,block_03_attention,self_attention,GPU,220947.51296000124,221103.53952000124
19,fixed_manifest,block_09_ffn_island,fused_ffn_island,FPGA,221087.9305600013,221420.6780800013
22,fixed_manifest,block_00_qkv,linear_qkv,GPU,221103.53952000124,221546.27200000128
20,fixed_manifest,block_06_norm1,layer_norm,GPU,221546.27200000128,221568.40160000126
21,fixed_manifest,block_03_proj,linear_projection,GPU,221568.40160000126,221720.64576000127
22,fixed_manifest,block_00_attention,self_attention,GPU,221720.64576000127,221876.67232000126
20,fixed_manifest,block_06_qkv,linear_qkv,GPU,221876.67232000126,222319.4048000013
19,fixed_manifest,block_09_residual2,residual_add,GPU,222319.4048000013,222337.7520000013
21,fixed_manifest,block_03_residual1,residual_add,GPU,222337.7520000013,222356.09920000128
22,fixed_manifest,block_00_proj,linear_projection,GPU,222356.09920000128,222508.34336000128
20,fixed_manifest,block_06_attention,self_attention,GPU,222508.34336000128,222664.36992000128
19,fixed_manifest,block_10_norm1,layer_norm,GPU,222664.36992000128,222686.49952000126
21,fixed_manifest,block_03_norm2,layer_norm,GPU,222686.49952000126,222708.62912000128
22,fixed_manifest,block_00_residual1,residual_add,GPU,222708.62912000128,222726.97632000127
20,fixed_manifest,block_06_proj,linear_projection,GPU,222726.97632000127,222879.22048000127
21,fixed_manifest,block_03_ffn_island,fused_ffn_island,FPGA,222867.39392000128,223200.14144000132
19,fixed_manifest,block_10_qkv,linear_qkv,GPU,222879.22048000127,223321.9529600013
22,fixed_manifest,block_00_norm2,layer_norm,GPU,223321.9529600013,223344.0825600013
20,fixed_manifest,block_06_residual1,residual_add,GPU,223344.0825600013,223362.42976000128
19,fixed_manifest,block_10_attention,self_attention,GPU,223362.42976000128,223518.45632000128
22,fixed_manifest,block_00_ffn_island,fused_ffn_island,FPGA,223509.6710400013,223842.4185600013
20,fixed_manifest,block_06_norm2,layer_norm,GPU,223518.45632000128,223540.5859200013
21,fixed_manifest,block_03_residual2,residual_add,GPU,223540.5859200013,223558.93312000128
19,fixed_manifest,block_10_proj,linear_projection,GPU,223558.93312000128,223711.17728000128
21,fixed_manifest,block_04_norm1,layer_norm,GPU,223711.17728000128,223733.3068800013
19,fixed_manifest,block_10_residual1,residual_add,GPU,223733.3068800013,223751.6540800013
21,fixed_manifest,block_04_qkv,linear_qkv,GPU,223751.6540800013,224194.3865600013
20,fixed_manifest,block_06_ffn_island,fused_ffn_island,FPGA,224065.9945600013,224398.74208000134
19,fixed_manifest,block_10_norm2,layer_norm,GPU,224194.3865600013,224216.5161600013
22,fixed_manifest,block_00_residual2,residual_add,GPU,224216.5161600013,224234.8633600013
21,fixed_manifest,block_04_attention,self_attention,GPU,224234.8633600013,224390.88992000127
22,fixed_manifest,block_01_norm1,layer_norm,GPU,224390.88992000127,224413.01952000128
21,fixed_manifest,block_04_proj,linear_projection,GPU,224413.01952000128,224565.26368000128
22,fixed_manifest,block_01_qkv,linear_qkv,GPU,224565.26368000128,225007.99616000132
19,fixed_manifest,block_10_ffn_island,fused_ffn_island,FPGA,224622.31808000134,224955.06560000134
21,fixed_manifest,block_04_residual1,residual_add,GPU,225007.99616000132,225026.3433600013
20,fixed_manifest,block_06_residual2,residual_add,GPU,225026.3433600013,225044.6905600013
22,fixed_manifest,block_01_attention,self_attention,GPU,225044.6905600013,225200.71712000127
21,fixed_manifest,block_04_norm2,layer_norm,GPU,225200.71712000127,225222.84672000128
20,fixed_manifest,block_07_norm1,layer_norm,GPU,225222.84672000128,225244.9763200013
19,fixed_manifest,block_10_residual2,residual_add,GPU,225244.9763200013,225263.3235200013
22,fixed_manifest,block_01_proj,linear_projection,GPU,225263.3235200013,225415.5676800013
21,fixed_manifest,block_04_ffn_island,fused_ffn_island,FPGA,225381.61152000132,225714.35904000132
20,fixed_manifest,block_07_qkv,linear_qkv,GPU,225415.5676800013,225858.3001600013
19,fixed_manifest,block_11_norm1,layer_norm,GPU,225858.3001600013,225880.4297600013
22,fixed_manifest,block_01_residual1,residual_add,GPU,225880.4297600013,225898.7769600013
20,fixed_manifest,block_07_attention,self_attention,GPU,225898.7769600013,226054.8035200013
21,fixed_manifest,block_04_residual2,residual_add,GPU,226054.8035200013,226073.1507200013
19,fixed_manifest,block_11_qkv,linear_qkv,GPU,226073.1507200013,226515.8832000013
22,fixed_manifest,block_01_norm2,layer_norm,GPU,226515.8832000013,226538.0128000013
20,fixed_manifest,block_07_proj,linear_projection,GPU,226538.0128000013,226690.2569600013
21,fixed_manifest,block_05_norm1,layer_norm,GPU,226690.2569600013,226712.38656000132
22,fixed_manifest,block_01_ffn_island,fused_ffn_island,FPGA,226696.7776000013,227029.52512000132
19,fixed_manifest,block_11_attention,self_attention,GPU,226712.38656000132,226868.4131200013
20,fixed_manifest,block_07_residual1,residual_add,GPU,226868.4131200013,226886.76032000128
21,fixed_manifest,block_05_qkv,linear_qkv,GPU,226886.76032000128,227329.49280000132
19,fixed_manifest,block_11_proj,linear_projection,GPU,227329.49280000132,227481.73696000132
20,fixed_manifest,block_07_norm2,layer_norm,GPU,227481.73696000132,227503.86656000133
22,fixed_manifest,block_01_residual2,residual_add,GPU,227503.86656000133,227522.21376000132
21,fixed_manifest,block_05_attention,self_attention,GPU,227522.21376000132,227678.24032000132
20,fixed_manifest,block_07_ffn_island,fused_ffn_island,FPGA,227662.63136000134,227995.37888000134
19,fixed_manifest,block_11_residual1,residual_add,GPU,227678.24032000132,227696.5875200013
22,fixed_manifest,block_02_norm1,layer_norm,GPU,227696.5875200013,227718.7171200013
21,fixed_manifest,block_05_proj,linear_projection,GPU,227718.7171200013,227870.9612800013
19,fixed_manifest,block_11_norm2,layer_norm,GPU,227870.9612800013,227893.0908800013
22,fixed_manifest,block_02_qkv,linear_qkv,GPU,227893.0908800013,228335.82336000132
19,fixed_manifest,block_11_ffn_island,fused_ffn_island,FPGA,228218.95488000134,228551.70240000135
21,fixed_manifest,block_05_residual1,residual_add,GPU,228335.82336000132,228354.1705600013
20,fixed_manifest,block_07_residual2,residual_add,GPU,228354.1705600013,228372.5177600013
22,fixed_manifest,block_02_attention,self_attention,GPU,228372.5177600013,228528.5443200013
21,fixed_manifest,block_05_norm2,layer_norm,GPU,228528.5443200013,228550.6739200013
20,fixed_manifest,block_08_norm1,layer_norm,GPU,228550.6739200013,228572.8035200013
22,fixed_manifest,block_02_proj,linear_projection,GPU,228572.8035200013,228725.04768000133
20,fixed_manifest,block_08_qkv,linear_qkv,GPU,228725.04768000133,229167.78016000133
21,fixed_manifest,block_05_ffn_island,fused_ffn_island,FPGA,228775.27840000138,229108.02592000138
22,fixed_manifest,block_02_residual1,residual_add,GPU,229167.78016000133,229186.12736000132
19,fixed_manifest,block_11_residual2,residual_add,GPU,229186.12736000132,229204.4745600013
20,fixed_manifest,block_08_attention,self_attention,GPU,229204.4745600013,229360.5011200013
22,fixed_manifest,block_02_norm2,layer_norm,GPU,229360.5011200013,229382.63072000133
19,fixed_manifest,final_norm,layer_norm,GPU,229382.63072000133,229404.7603200013
21,fixed_manifest,block_05_residual2,residual_add,GPU,229404.7603200013,229423.1075200013
20,fixed_manifest,block_08_proj,linear_projection,GPU,229423.1075200013,229575.3516800013
22,fixed_manifest,block_02_ffn_island,fused_ffn_island,FPGA,229541.39552000133,229874.14304000133
19,fixed_manifest,class_token_select,class_token_select,GPU,229575.3516800013,229582.39008000132
21,fixed_manifest,block_06_norm1,layer_norm,GPU,229582.39008000132,229604.5196800013
20,fixed_manifest,block_08_residual1,residual_add,GPU,229604.5196800013,229622.8668800013
19,fixed_manifest,classifier,linear_classifier,GPU,229622.8668800013,229630.82688000132
21,fixed_manifest,block_06_qkv,linear_qkv,GPU,229630.82688000132,230073.55936000132
20,fixed_manifest,block_08_norm2,layer_norm,GPU,230073.55936000132,230095.6889600013
23,fixed_manifest,patch_embedding,patch_embedding,GPU,230095.6889600013,230247.19584000134
22,fixed_manifest,block_02_residual2,residual_add,GPU,230247.19584000134,230265.54304000133
20,fixed_manifest,block_08_ffn_island,fused_ffn_island,FPGA,230254.45376000134,230587.20128000135
21,fixed_manifest,block_06_attention,self_attention,GPU,230265.54304000133,230421.56960000133
23,fixed_manifest,token_embedding,token_and_position_embedding,GPU,230421.56960000133,230439.91680000132
22,fixed_manifest,block_03_norm1,layer_norm,GPU,230439.91680000132,230462.0464000013
21,fixed_manifest,block_06_proj,linear_projection,GPU,230462.0464000013,230614.29056000133
23,fixed_manifest,block_00_norm1,layer_norm,GPU,230614.29056000133,230636.42016000132
22,fixed_manifest,block_03_qkv,linear_qkv,GPU,230636.42016000132,231079.15264000135
21,fixed_manifest,block_06_residual1,residual_add,GPU,231079.15264000135,231097.49984000134
23,fixed_manifest,block_00_qkv,linear_qkv,GPU,231097.49984000134,231540.23232000135
20,fixed_manifest,block_08_residual2,residual_add,GPU,231540.23232000135,231558.57952000134
22,fixed_manifest,block_03_attention,self_attention,GPU,231558.57952000134,231714.60608000134
21,fixed_manifest,block_06_norm2,layer_norm,GPU,231714.60608000134,231736.73568000132
23,fixed_manifest,block_00_attention,self_attention,GPU,231736.73568000132,231892.76224000132
20,fixed_manifest,block_09_norm1,layer_norm,GPU,231892.76224000132,231914.89184000134
21,fixed_manifest,block_06_ffn_island,fused_ffn_island,FPGA,231895.50048000136,232228.24800000136
22,fixed_manifest,block_03_proj,linear_projection,GPU,231914.89184000134,232067.13600000134
23,fixed_manifest,block_00_proj,linear_projection,GPU,232067.13600000134,232219.38016000134
20,fixed_manifest,block_09_qkv,linear_qkv,GPU,232219.38016000134,232662.11264000137
22,fixed_manifest,block_03_residual1,residual_add,GPU,232662.11264000137,232680.45984000136
23,fixed_manifest,block_00_residual1,residual_add,GPU,232680.45984000136,232698.80704000135
21,fixed_manifest,block_06_residual2,residual_add,GPU,232698.80704000135,232717.15424000134
20,fixed_manifest,block_09_attention,self_attention,GPU,232717.15424000134,232873.18080000134
22,fixed_manifest,block_03_norm2,layer_norm,GPU,232873.18080000134,232895.31040000133
23,fixed_manifest,block_00_norm2,layer_norm,GPU,232895.31040000133,232917.44000000134
21,fixed_manifest,block_07_norm1,layer_norm,GPU,232917.44000000134,232939.56960000133
20,fixed_manifest,block_09_proj,linear_projection,GPU,232939.56960000133,233091.81376000136
22,fixed_manifest,block_03_ffn_island,fused_ffn_island,FPGA,233054.07520000136,233386.82272000136
21,fixed_manifest,block_07_qkv,linear_qkv,GPU,233091.81376000136,233534.54624000136
20,fixed_manifest,block_09_residual1,residual_add,GPU,233534.54624000136,233552.89344000135
21,fixed_manifest,block_07_attention,self_attention,GPU,233552.89344000135,233708.92000000135
23,fixed_manifest,block_00_ffn_island,fused_ffn_island,FPGA,233610.39872000137,233943.14624000137
20,fixed_manifest,block_09_norm2,layer_norm,GPU,233708.92000000135,233731.04960000134
22,fixed_manifest,block_03_residual2,residual_add,GPU,233731.04960000134,233749.39680000136
21,fixed_manifest,block_07_proj,linear_projection,GPU,233749.39680000136,233901.64096000136
22,fixed_manifest,block_04_norm1,layer_norm,GPU,233901.64096000136,233923.77056000134
21,fixed_manifest,block_07_residual1,residual_add,GPU,233923.77056000134,233942.11776000133
22,fixed_manifest,block_04_qkv,linear_qkv,GPU,233942.11776000133,234384.85024000137
20,fixed_manifest,block_09_ffn_island,fused_ffn_island,FPGA,234166.72224000137,234499.46976000138
21,fixed_manifest,block_07_norm2,layer_norm,GPU,234384.85024000137,234406.97984000135
23,fixed_manifest,block_00_residual2,residual_add,GPU,234406.97984000135,234425.32704000134
22,fixed_manifest,block_04_attention,self_attention,GPU,234425.32704000134,234581.35360000134
23,fixed_manifest,block_01_norm1,layer_norm,GPU,234581.35360000134,234603.48320000136
22,fixed_manifest,block_04_proj,linear_projection,GPU,234603.48320000136,234755.72736000136
21,fixed_manifest,block_07_ffn_island,fused_ffn_island,FPGA,234723.04576000138,235055.7932800014
23,fixed_manifest,block_01_qkv,linear_qkv,GPU,234755.72736000136,235198.45984000136
20,fixed_manifest,block_09_residual2,residual_add,GPU,235198.45984000136,235216.80704000135
22,fixed_manifest,block_04_residual1,residual_add,GPU,235216.80704000135,235235.15424000134
23,fixed_manifest,block_01_attention,self_attention,GPU,235235.15424000134,235391.18080000134
21,fixed_manifest,block_07_residual2,residual_add,GPU,235391.18080000134,235409.52800000133
20,fixed_manifest,block_10_norm1,layer_norm,GPU,235409.52800000133,235431.65760000134
22,fixed_manifest,block_04_norm2,layer_norm,GPU,235431.65760000134,235453.78720000136
23,fixed_manifest,block_01_proj,linear_projection,GPU,235453.78720000136,235606.03136000136
21,fixed_manifest,block_08_norm1,layer_norm,GPU,235606.03136000136,235628.16096000135
22,fixed_manifest,block_04_ffn_island,fused_ffn_island,FPGA,235612.55200000136,235945.29952000137
20,fixed_manifest,block_10_qkv,linear_qkv,GPU,235628.16096000135,236070.89344000138
23,fixed_manifest,block_01_residual1,residual_add,GPU,236070.89344000138,236089.24064000137
21,fixed_manifest,block_08_qkv,linear_qkv,GPU,236089.24064000137,236531.97312000138
20,fixed_manifest,block_10_attention,self_attention,GPU,236531.97312000138,236687.99968000138
23,fixed_manifest,block_01_norm2,layer_norm,GPU,236687.99968000138,236710.12928000136
22,fixed_manifest,block_04_residual2,residual_add,GPU,236710.12928000136,236728.47648000135
21,fixed_manifest,block_08_attention,self_attention,GPU,236728.47648000135,236884.50304000135
23,fixed_manifest,block_01_ffn_island,fused_ffn_island,FPGA,236868.8940800014,237201.6416000014
20,fixed_manifest,block_10_proj,linear_projection,GPU,236884.50304000135,237036.74720000138
22,fixed_manifest,block_05_norm1,layer_norm,GPU,237036.74720000138,237058.87680000137
21,fixed_manifest,block_08_proj,linear_projection,GPU,237058.87680000137,237211.12096000137
20,fixed_manifest,block_10_residual1,residual_add,GPU,237211.12096000137,237229.4681600014
22,fixed_manifest,block_05_qkv,linear_qkv,GPU,237229.4681600014,237672.2006400014
21,fixed_manifest,block_08_residual1,residual_add,GPU,237672.2006400014,237690.54784000138
20,fixed_manifest,block_10_norm2,layer_norm,GPU,237690.54784000138,237712.67744000137
23,fixed_manifest,block_01_residual2,residual_add,GPU,237712.67744000137,237731.02464000136
22,fixed_manifest,block_05_attention,self_attention,GPU,237731.02464000136,237887.05120000136
20,fixed_manifest,block_10_ffn_island,fused_ffn_island,FPGA,237871.4422400014,238204.1897600014
21,fixed_manifest,block_08_norm2,layer_norm,GPU,237887.05120000136,237909.18080000137
23,fixed_manifest,block_02_norm1,layer_norm,GPU,237909.18080000137,237931.31040000138
22,fixed_manifest,block_05_proj,linear_projection,GPU,237931.31040000138,238083.5545600014
23,fixed_manifest,block_02_qkv,linear_qkv,GPU,238083.5545600014,238526.2870400014
21,fixed_manifest,block_08_ffn_island,fused_ffn_island,FPGA,238427.7657600014,238760.5132800014
22,fixed_manifest,block_05_residual1,residual_add,GPU,238526.2870400014,238544.63424000138
20,fixed_manifest,block_10_residual2,residual_add,GPU,238544.63424000138,238562.98144000137
23,fixed_manifest,block_02_attention,self_attention,GPU,238562.98144000137,238719.00800000137
22,fixed_manifest,block_05_norm2,layer_norm,GPU,238719.00800000137,238741.13760000138
20,fixed_manifest,block_11_norm1,layer_norm,GPU,238741.13760000138,238763.26720000137
23,fixed_manifest,block_02_proj,linear_projection,GPU,238763.26720000137,238915.5113600014
20,fixed_manifest,block_11_qkv,linear_qkv,GPU,238915.5113600014,239358.2438400014
22,fixed_manifest,block_05_ffn_island,fused_ffn_island,FPGA,238984.0892800014,239316.83680000145
23,fixed_manifest,block_02_residual1,residual_add,GPU,239358.2438400014,239376.5910400014
21,fixed_manifest,block_08_residual2,residual_add,GPU,239376.5910400014,239394.9382400014
20,fixed_manifest,block_11_attention,self_attention,GPU,239394.9382400014,239550.96480000138
23,fixed_manifest,block_02_norm2,layer_norm,GPU,239550.96480000138,239573.09440000137
21,fixed_manifest,block_09_norm1,layer_norm,GPU,239573.09440000137,239595.22400000138
22,fixed_manifest,block_05_residual2,residual_add,GPU,239595.22400000138,239613.57120000137
20,fixed_manifest,block_11_proj,linear_projection,GPU,239613.57120000137,239765.81536000138
23,fixed_manifest,block_02_ffn_island,fused_ffn_island,FPGA,239731.8592000014,240064.6067200014
21,fixed_manifest,block_09_qkv,linear_qkv,GPU,239765.81536000138,240208.5478400014
22,fixed_manifest,block_06_norm1,layer_norm,GPU,240208.5478400014,240230.6774400014
20,fixed_manifest,block_11_residual1,residual_add,GPU,240230.6774400014,240249.0246400014
24,fixed_manifest,patch_embedding,patch_embedding,GPU,240249.0246400014,240400.53152000142
21,fixed_manifest,block_09_attention,self_attention,GPU,240400.53152000142,240556.55808000138
23,fixed_manifest,block_02_residual2,residual_add,GPU,240556.55808000138,240574.90528000137
22,fixed_manifest,block_06_qkv,linear_qkv,GPU,240574.90528000137,241017.6377600014
20,fixed_manifest,block_11_norm2,layer_norm,GPU,241017.6377600014,241039.7673600014
24,fixed_manifest,token_embedding,token_and_position_embedding,GPU,241039.7673600014,241058.11456000138
21,fixed_manifest,block_09_proj,linear_projection,GPU,241058.11456000138,241210.35872000142
20,fixed_manifest,block_11_ffn_island,fused_ffn_island,FPGA,241198.53216000143,241531.27968000143
23,fixed_manifest,block_03_norm1,layer_norm,GPU,241210.35872000142,241232.4883200014
22,fixed_manifest,block_06_attention,self_attention,GPU,241232.4883200014,241388.5148800014
24,fixed_manifest,block_00_norm1,layer_norm,GPU,241388.5148800014,241410.6444800014
21,fixed_manifest,block_09_residual1,residual_add,GPU,241410.6444800014,241428.9916800014
23,fixed_manifest,block_03_qkv,linear_qkv,GPU,241428.9916800014,241871.7241600014
22,fixed_manifest,block_06_proj,linear_projection,GPU,241871.7241600014,242023.9683200014
24,fixed_manifest,block_00_qkv,linear_qkv,GPU,242023.9683200014,242466.70080000145
21,fixed_manifest,block_09_norm2,layer_norm,GPU,242466.70080000145,242488.83040000143
20,fixed_manifest,block_11_residual2,residual_add,GPU,242488.83040000143,242507.17760000142
23,fixed_manifest,block_03_attention,self_attention,GPU,242507.17760000142,242663.20416000142
21,fixed_manifest,block_09_ffn_island,fused_ffn_island,FPGA,242647.59520000147,242980.34272000147
22,fixed_manifest,block_06_residual1,residual_add,GPU,242663.20416000142,242681.5513600014
24,fixed_manifest,block_00_attention,self_attention,GPU,242681.5513600014,242837.5779200014
20,fixed_manifest,final_norm,layer_norm,GPU,242837.5779200014,242859.70752000142
23,fixed_manifest,block_03_proj,linear_projection,GPU,242859.70752000142,243011.95168000142
22,fixed_manifest,block_06_norm2,layer_norm,GPU,243011.95168000142,243034.0812800014
24,fixed_manifest,block_00_proj,linear_projection,GPU,243034.0812800014,243186.32544000144
20,fixed_manifest,class_token_select,class_token_select,GPU,243186.32544000144,243193.36384000143
23,fixed_manifest,block_03_residual1,residual_add,GPU,243193.36384000143,243211.71104000142
22,fixed_manifest,block_06_ffn_island,fused_ffn_island,FPGA,243203.91872000147,243536.66624000148
21,fixed_manifest,block_09_residual2,residual_add,GPU,243211.71104000142,243230.0582400014
24,fixed_manifest,block_00_residual1,residual_add,GPU,243230.0582400014,243248.4054400014
20,fixed_manifest,classifier,linear_classifier,GPU,243248.4054400014,243256.3654400014
23,fixed_manifest,block_03_norm2,layer_norm,GPU,243256.3654400014,243278.4950400014
21,fixed_manifest,block_10_norm1,layer_norm,GPU,243278.4950400014,243300.62464000142
24,fixed_manifest,block_00_norm2,layer_norm,GPU,243300.62464000142,243322.7542400014
21,fixed_manifest,block_10_qkv,linear_qkv,GPU,243322.7542400014,243765.4867200014
23,fixed_manifest,block_03_ffn_island,fused_ffn_island,FPGA,243760.24224000148,244092.98976000148
22,fixed_manifest,block_06_residual2,residual_add,GPU,243765.4867200014,243783.8339200014
21,fixed_manifest,block_10_attention,self_attention,GPU,243783.8339200014,243939.8604800014
22,fixed_manifest,block_07_norm1,layer_norm,GPU,243939.8604800014,243961.99008000141
21,fixed_manifest,block_10_proj,linear_projection,GPU,243961.99008000141,244114.23424000142
22,fixed_manifest,block_07_qkv,linear_qkv,GPU,244114.23424000142,244556.96672000142
24,fixed_manifest,block_00_ffn_island,fused_ffn_island,FPGA,244316.56576000148,244649.31328000152
21,fixed_manifest,block_10_residual1,residual_add,GPU,244556.96672000142,244575.3139200014
23,fixed_manifest,block_03_residual2,residual_add,GPU,244575.3139200014,244593.6611200014
22,fixed_manifest,block_07_attention,self_attention,GPU,244593.6611200014,244749.6876800014
21,fixed_manifest,block_10_norm2,layer_norm,GPU,244749.6876800014,244771.8172800014
23,fixed_manifest,block_04_norm1,layer_norm,GPU,244771.8172800014,244793.94688000143
22,fixed_manifest,block_07_proj,linear_projection,GPU,244793.94688000143,244946.19104000143
23,fixed_manifest,block_04_qkv,linear_qkv,GPU,244946.19104000143,245388.92352000144
21,fixed_manifest,block_10_ffn_island,fused_ffn_island,FPGA,244955.27488000132,245288.02240000133
24,fixed_manifest,block_00_residual2,residual_add,GPU,245388.92352000144,245407.27072000143
22,fixed_manifest,block_07_residual1,residual_add,GPU,245407.27072000143,245425.61792000142
23,fixed_manifest,block_04_attention,self_attention,GPU,245425.61792000142,245581.6444800014
24,fixed_manifest,block_01_norm1,layer_norm,GPU,245581.6444800014,245603.77408000143
22,fixed_manifest,block_07_norm2,layer_norm,GPU,245603.77408000143,245625.90368000141
21,fixed_manifest,block_10_residual2,residual_add,GPU,245625.90368000141,245644.2508800014
23,fixed_manifest,block_04_proj,linear_projection,GPU,245644.2508800014,245796.49504000143
22,fixed_manifest,block_07_ffn_island,fused_ffn_island,FPGA,245784.66848000145,246117.41600000145
24,fixed_manifest,block_01_qkv,linear_qkv,GPU,245796.49504000143,246239.22752000144
21,fixed_manifest,block_11_norm1,layer_norm,GPU,246239.22752000144,246261.35712000143
23,fixed_manifest,block_04_residual1,residual_add,GPU,246261.35712000143,246279.70432000142
24,fixed_manifest,block_01_attention,self_attention,GPU,246279.70432000142,246435.7308800014
21,fixed_manifest,block_11_qkv,linear_qkv,GPU,246435.7308800014,246878.46336000145
22,fixed_manifest,block_07_residual2,residual_add,GPU,246878.46336000145,246896.81056000144
23,fixed_manifest,block_04_norm2,layer_norm,GPU,246896.81056000144,246918.94016000142
24,fixed_manifest,block_01_proj,linear_projection,GPU,246918.94016000142,247071.18432000146
21,fixed_manifest,block_11_attention,self_attention,GPU,247071.18432000146,247227.21088000142
23,fixed_manifest,block_04_ffn_island,fused_ffn_island,FPGA,247077.70496000146,247410.45248000146
22,fixed_manifest,block_08_norm1,layer_norm,GPU,247227.21088000142,247249.34048000144
24,fixed_manifest,block_01_residual1,residual_add,GPU,247249.34048000144,247267.68768000143
21,fixed_manifest,block_11_proj,linear_projection,GPU,247267.68768000143,247419.93184000143
22,fixed_manifest,block_08_qkv,linear_qkv,GPU,247419.93184000143,247862.66432000147
24,fixed_manifest,block_01_norm2,layer_norm,GPU,247862.66432000147,247884.79392000145
21,fixed_manifest,block_11_residual1,residual_add,GPU,247884.79392000145,247903.14112000144
23,fixed_manifest,block_04_residual2,residual_add,GPU,247903.14112000144,247921.48832000143
22,fixed_manifest,block_08_attention,self_attention,GPU,247921.48832000143,248077.51488000143
24,fixed_manifest,block_01_ffn_island,fused_ffn_island,FPGA,248043.55872000149,248376.3062400015
21,fixed_manifest,block_11_norm2,layer_norm,GPU,248077.51488000143,248099.64448000144
23,fixed_manifest,block_05_norm1,layer_norm,GPU,248099.64448000144,248121.77408000143
22,fixed_manifest,block_08_proj,linear_projection,GPU,248121.77408000143,248274.01824000146
23,fixed_manifest,block_05_qkv,linear_qkv,GPU,248274.01824000146,248716.75072000147
21,fixed_manifest,block_11_ffn_island,fused_ffn_island,FPGA,248599.8822400015,248932.6297600015
22,fixed_manifest,block_08_residual1,residual_add,GPU,248716.75072000147,248735.09792000146
24,fixed_manifest,block_01_residual2,residual_add,GPU,248735.09792000146,248753.44512000144
23,fixed_manifest,block_05_attention,self_attention,GPU,248753.44512000144,248909.47168000144
22,fixed_manifest,block_08_norm2,layer_norm,GPU,248909.47168000144,248931.60128000143
24,fixed_manifest,block_02_norm1,layer_norm,GPU,248931.60128000143,248953.73088000144
23,fixed_manifest,block_05_proj,linear_projection,GPU,248953.73088000144,249105.97504000145
24,fixed_manifest,block_02_qkv,linear_qkv,GPU,249105.97504000145,249548.70752000148
22,fixed_manifest,block_08_ffn_island,fused_ffn_island,FPGA,249156.2057600015,249488.9532800015
23,fixed_manifest,block_05_residual1,residual_add,GPU,249548.70752000148,249567.05472000147
21,fixed_manifest,block_11_residual2,residual_add,GPU,249567.05472000147,249585.40192000146
24,fixed_manifest,block_02_attention,self_attention,GPU,249585.40192000146,249741.42848000143
23,fixed_manifest,block_05_norm2,layer_norm,GPU,249741.42848000143,249763.55808000144
21,fixed_manifest,final_norm,layer_norm,GPU,249763.55808000144,249785.68768000146
22,fixed_manifest,block_08_residual2,residual_add,GPU,249785.68768000146,249804.03488000145
24,fixed_manifest,block_02_proj,linear_projection,GPU,249804.03488000145,249956.27904000145
23,fixed_manifest,block_05_ffn_island,fused_ffn_island,FPGA,249922.32288000148,250255.07040000145
21,fixed_manifest,class_token_select,class_token_select,GPU,249956.27904000145,249963.31744000144
22,fixed_manifest,block_09_norm1,layer_norm,GPU,249963.31744000144,249985.44704000145
24,fixed_manifest,block_02_residual1,residual_add,GPU,249985.44704000145,250003.79424000147
21,fixed_manifest,classifier,linear_classifier,GPU,250003.79424000147,250011.75424000144
22,fixed_manifest,block_09_qkv,linear_qkv,GPU,250011.75424000144,250454.4867200014
25,fixed_manifest,patch_embedding,patch_embedding,GPU,250454.4867200014,250605.9936000014
24,fixed_manifest,block_02_norm2,layer_norm,GPU,250605.9936000014,250628.1232000014
23,fixed_manifest,block_05_residual2,residual_add,GPU,250628.1232000014,250646.4704000014
22,fixed_manifest,block_09_attention,self_attention,GPU,250646.4704000014,250802.4969600014
24,fixed_manifest,block_02_ffn_island,fused_ffn_island,FPGA,250786.88800000137,251119.63552000138
25,fixed_manifest,token_embedding,token_and_position_embedding,GPU,250802.4969600014,250820.84416000138
23,fixed_manifest,block_06_norm1,layer_norm,GPU,250820.84416000138,250842.97376000136
22,fixed_manifest,block_09_proj,linear_projection,GPU,250842.97376000136,250995.21792000133
25,fixed_manifest,block_00_norm1,layer_norm,GPU,250995.21792000133,251017.34752000132
23,fixed_manifest,block_06_qkv,linear_qkv,GPU,251017.34752000132,251460.0800000013
22,fixed_manifest,block_09_residual1,residual_add,GPU,251460.0800000013,251478.4272000013
25,fixed_manifest,block_00_qkv,linear_qkv,GPU,251478.4272000013,251921.1596800013
24,fixed_manifest,block_02_residual2,residual_add,GPU,251921.1596800013,251939.50688000128
23,fixed_manifest,block_06_attention,self_attention,GPU,251939.50688000128,252095.5334400013
22,fixed_manifest,block_09_norm2,layer_norm,GPU,252095.5334400013,252117.66304000127
25,fixed_manifest,block_00_attention,self_attention,GPU,252117.66304000127,252273.6896000013
24,fixed_manifest,block_03_norm1,layer_norm,GPU,252273.6896000013,252295.81920000128
22,fixed_manifest,block_09_ffn_island,fused_ffn_island,FPGA,252276.42784000127,252609.17536000127
23,fixed_manifest,block_06_proj,linear_projection,GPU,252295.81920000128,252448.06336000125
25,fixed_manifest,block_00_proj,linear_projection,GPU,252448.06336000125,252600.30752000122
24,fixed_manifest,block_03_qkv,linear_qkv,GPU,252600.30752000122,253043.04000000123
23,fixed_manifest,block_06_residual1,residual_add,GPU,253043.04000000123,253061.38720000122
25,fixed_manifest,block_00_residual1,residual_add,GPU,253061.38720000122,253079.7344000012
22,fixed_manifest,block_09_residual2,residual_add,GPU,253079.7344000012,253098.0816000012
24,fixed_manifest,block_03_attention,self_attention,GPU,253098.0816000012,253254.10816000123
23,fixed_manifest,block_06_norm2,layer_norm,GPU,253254.10816000123,253276.23776000118
25,fixed_manifest,block_00_norm2,layer_norm,GPU,253276.23776000118,253298.36736000117
22,fixed_manifest,block_10_norm1,layer_norm,GPU,253298.36736000117,253320.49696000115
24,fixed_manifest,block_03_proj,linear_projection,GPU,253320.49696000115,253472.74112000113
23,fixed_manifest,block_06_ffn_island,fused_ffn_island,FPGA,253435.0025600012,253767.7500800012
22,fixed_manifest,block_10_qkv,linear_qkv,GPU,253472.74112000113,253915.4736000011
24,fixed_manifest,block_03_residual1,residual_add,GPU,253915.4736000011,253933.8208000011
22,fixed_manifest,block_10_attention,self_attention,GPU,253933.8208000011,254089.84736000112
25,fixed_manifest,block_00_ffn_island,fused_ffn_island,FPGA,253991.3260800012,254324.0736000012
24,fixed_manifest,block_03_norm2,layer_norm,GPU,254089.84736000112,254111.9769600011
23,fixed_manifest,block_06_residual2,residual_add,GPU,254111.9769600011,254130.3241600011
22,fixed_manifest,block_10_proj,linear_projection,GPU,254130.3241600011,254282.56832000107
23,fixed_manifest,block_07_norm1,layer_norm,GPU,254282.56832000107,254304.69792000105
22,fixed_manifest,block_10_residual1,residual_add,GPU,254304.69792000105,254323.04512000104
23,fixed_manifest,block_07_qkv,linear_qkv,GPU,254323.04512000104,254765.77760000102
24,fixed_manifest,block_03_ffn_island,fused_ffn_island,FPGA,254547.6496000012,254880.3971200012
22,fixed_manifest,block_10_norm2,layer_norm,GPU,254765.77760000102,254787.907200001
25,fixed_manifest,block_00_residual2,residual_add,GPU,254787.907200001,254806.254400001
23,fixed_manifest,block_07_attention,self_attention,GPU,254806.254400001,254962.28096000102
25,fixed_manifest,block_01_norm1,layer_norm,GPU,254962.28096000102,254984.41056000098
23,fixed_manifest,block_07_proj,linear_projection,GPU,254984.41056000098,255136.65472000095
22,fixed_manifest,block_10_ffn_island,fused_ffn_island,FPGA,255103.9731200012,255436.72064000124
25,fixed_manifest,block_01_qkv,linear_qkv,GPU,255136.65472000095,255579.38720000096
24,fixed_manifest,block_03_residual2,residual_add,GPU,255579.38720000096,255597.73440000095
23,fixed_manifest,block_07_residual1,residual_add,GPU,255597.73440000095,255616.08160000094
25,fixed_manifest,block_01_attention,self_attention,GPU,255616.08160000094,255772.10816000096
22,fixed_manifest,block_10_residual2,residual_add,GPU,255772.10816000096,255790.45536000095
24,fixed_manifest,block_04_norm1,layer_norm,GPU,255790.45536000095,255812.5849600009
23,fixed_manifest,block_07_norm2,layer_norm,GPU,255812.5849600009,255834.7145600009
25,fixed_manifest,block_01_proj,linear_projection,GPU,255834.7145600009,255986.95872000087
22,fixed_manifest,block_11_norm1,layer_norm,GPU,255986.95872000087,256009.08832000085
23,fixed_manifest,block_07_ffn_island,fused_ffn_island,FPGA,255993.4793600009,256326.2268800009
24,fixed_manifest,block_04_qkv,linear_qkv,GPU,256009.08832000085,256451.82080000083
25,fixed_manifest,block_01_residual1,residual_add,GPU,256451.82080000083,256470.16800000082
22,fixed_manifest,block_11_qkv,linear_qkv,GPU,256470.16800000082,256912.90048000083
24,fixed_manifest,block_04_attention,self_attention,GPU,256912.90048000083,257068.92704000082
25,fixed_manifest,block_01_norm2,layer_norm,GPU,257068.92704000082,257091.0566400008
23,fixed_manifest,block_07_residual2,residual_add,GPU,257091.0566400008,257109.4038400008
22,fixed_manifest,block_11_attention,self_attention,GPU,257109.4038400008,257265.43040000083
25,fixed_manifest,block_01_ffn_island,fused_ffn_island,FPGA,257249.82144000081,257582.56896000082
24,fixed_manifest,block_04_proj,linear_projection,GPU,257265.43040000083,257417.6745600008
23,fixed_manifest,block_08_norm1,layer_norm,GPU,257417.6745600008,257439.8041600008
22,fixed_manifest,block_11_proj,linear_projection,GPU,257439.8041600008,257592.04832000076
24,fixed_manifest,block_04_residual1,residual_add,GPU,257592.04832000076,257610.39552000075
23,fixed_manifest,block_08_qkv,linear_qkv,GPU,257610.39552000075,258053.12800000075
22,fixed_manifest,block_11_residual1,residual_add,GPU,258053.12800000075,258071.47520000074
24,fixed_manifest,block_04_norm2,layer_norm,GPU,258071.47520000074,258093.6048000007
25,fixed_manifest,block_01_residual2,residual_add,GPU,258093.6048000007,258111.9520000007
23,fixed_manifest,block_08_attention,self_attention,GPU,258111.9520000007,258267.97856000072
24,fixed_manifest,block_04_ffn_island,fused_ffn_island,FPGA,258252.3696000007,258585.1171200007
22,fixed_manifest,block_11_norm2,layer_norm,GPU,258267.97856000072,258290.1081600007
25,fixed_manifest,block_02_norm1,layer_norm,GPU,258290.1081600007,258312.2377600007
23,fixed_manifest,block_08_proj,linear_projection,GPU,258312.2377600007,258464.48192000066
25,fixed_manifest,block_02_qkv,linear_qkv,GPU,258464.48192000066,258907.21440000064
22,fixed_manifest,block_11_ffn_island,fused_ffn_island,FPGA,258808.6931200007,259141.4406400007
23,fixed_manifest,block_08_residual1,residual_add,GPU,258907.21440000064,258925.56160000063
24,fixed_manifest,block_04_residual2,residual_add,GPU,258925.56160000063,258943.90880000062
25,fixed_manifest,block_02_attention,self_attention,GPU,258943.90880000062,259099.93536000064
23,fixed_manifest,block_08_norm2,layer_norm,GPU,259099.93536000064,259122.06496000063
24,fixed_manifest,block_05_norm1,layer_norm,GPU,259122.06496000063,259144.1945600006
25,fixed_manifest,block_02_proj,linear_projection,GPU,259144.1945600006,259296.4387200006
24,fixed_manifest,block_05_qkv,linear_qkv,GPU,259296.4387200006,259739.17120000056
23,fixed_manifest,block_08_ffn_island,fused_ffn_island,FPGA,259365.01664000071,259697.76416000072
25,fixed_manifest,block_02_residual1,residual_add,GPU,259739.17120000056,259757.51840000055
22,fixed_manifest,block_11_residual2,residual_add,GPU,259757.51840000055,259775.86560000054
24,fixed_manifest,block_05_attention,self_attention,GPU,259775.86560000054,259931.89216000057
25,fixed_manifest,block_02_norm2,layer_norm,GPU,259931.89216000057,259954.02176000056
22,fixed_manifest,final_norm,layer_norm,GPU,259954.02176000056,259976.1513600005
23,fixed_manifest,block_08_residual2,residual_add,GPU,259976.1513600005,259994.4985600005
24,fixed_manifest,block_05_proj,linear_projection,GPU,259994.4985600005,260146.7427200005
25,fixed_manifest,block_02_ffn_island,fused_ffn_island,FPGA,260112.78656000053,260445.53408000054
22,fixed_manifest,class_token_select,class_token_select,GPU,260146.7427200005,260153.7811200005
23,fixed_manifest,block_09_norm1,layer_norm,GPU,260153.7811200005,260175.91072000045
26,fixed_manifest,patch_embedding,patch_embedding,GPU,260175.91072000045,260327.41760000045
24,fixed_manifest,block_05_residual1,residual_add,GPU,260327.41760000045,260345.76480000044
22,fixed_manifest,classifier,linear_classifier,GPU,260345.76480000044,260353.7248000004
23,fixed_manifest,block_09_qkv,linear_qkv,GPU,260353.7248000004,260796.45728000038
26,fixed_manifest,token_embedding,token_and_position_embedding,GPU,260796.45728000038,260814.80448000037
24,fixed_manifest,block_05_norm2,layer_norm,GPU,260814.80448000037,260836.93408000036
25,fixed_manifest,block_02_residual2,residual_add,GPU,260836.93408000036,260855.28128000034
23,fixed_manifest,block_09_attention,self_attention,GPU,260855.28128000034,261011.30784000037
24,fixed_manifest,block_05_ffn_island,fused_ffn_island,FPGA,260995.69888000036,261328.44640000036
26,fixed_manifest,block_00_norm1,layer_norm,GPU,261011.30784000037,261033.43744000036
25,fixed_manifest,block_03_norm1,layer_norm,GPU,261033.43744000036,261055.56704000031
23,fixed_manifest,block_09_proj,linear_projection,GPU,261055.56704000031,261207.81120000032
26,fixed_manifest,block_00_qkv,linear_qkv,GPU,261207.81120000032,261650.5436800003
25,fixed_manifest,block_03_qkv,linear_qkv,GPU,261650.5436800003,262093.27616000027
23,fixed_manifest,block_09_residual1,residual_add,GPU,262093.27616000027,262111.62336000026
24,fixed_manifest,block_05_residual2,residual_add,GPU,262111.62336000026,262129.97056000025
26,fixed_manifest,block_00_attention,self_attention,GPU,262129.97056000025,262285.9971200003
25,fixed_manifest,block_03_attention,self_attention,GPU,262285.9971200003,262442.0236800003
23,fixed_manifest,block_09_norm2,layer_norm,GPU,262442.0236800003,262464.15328000026
24,fixed_manifest,block_06_norm1,layer_norm,GPU,262464.15328000026,262486.28288000025
26,fixed_manifest,block_00_proj,linear_projection,GPU,262486.28288000025,262638.52704000025
23,fixed_manifest,block_09_ffn_island,fused_ffn_island,FPGA,262622.91808000027,262955.6656000003
25,fixed_manifest,block_03_proj,linear_projection,GPU,262638.52704000025,262790.7712000002
24,fixed_manifest,block_06_qkv,linear_qkv,GPU,262790.7712000002,263233.5036800002
26,fixed_manifest,block_00_residual1,residual_add,GPU,263233.5036800002,263251.8508800002
25,fixed_manifest,block_03_residual1,residual_add,GPU,263251.8508800002,263270.1980800002
23,fixed_manifest,block_09_residual2,residual_add,GPU,263270.1980800002,263288.5452800002
24,fixed_manifest,block_06_attention,self_attention,GPU,263288.5452800002,263444.5718400002
26,fixed_manifest,block_00_norm2,layer_norm,GPU,263444.5718400002,263466.70144000015
25,fixed_manifest,block_03_norm2,layer_norm,GPU,263466.70144000015,263488.83104000014
23,fixed_manifest,block_10_norm1,layer_norm,GPU,263488.83104000014,263510.9606400001
24,fixed_manifest,block_06_proj,linear_projection,GPU,263510.9606400001,263663.2048000001
26,fixed_manifest,block_00_ffn_island,fused_ffn_island,FPGA,263625.46624000015,263958.2137600002
23,fixed_manifest,block_10_qkv,linear_qkv,GPU,263663.2048000001,264105.9372800001
24,fixed_manifest,block_06_residual1,residual_add,GPU,264105.9372800001,264124.2844800001
23,fixed_manifest,block_10_attention,self_attention,GPU,264124.2844800001,264280.3110400001
25,fixed_manifest,block_03_ffn_island,fused_ffn_island,FPGA,264181.7897600002,264514.53728000016
24,fixed_manifest,block_06_norm2,layer_norm,GPU,264280.3110400001,264302.4406400001
26,fixed_manifest,block_00_residual2,residual_add,GPU,264302.4406400001,264320.78784000006
23,fixed_manifest,block_10_proj,linear_projection,GPU,264320.78784000006,264473.03200000006
26,fixed_manifest,block_01_norm1,layer_norm,GPU,264473.03200000006,264495.16160000005
23,fixed_manifest,block_10_residual1,residual_add,GPU,264495.16160000005,264513.5088
26,fixed_manifest,block_01_qkv,linear_qkv,GPU,264513.5088,264956.24128
24,fixed_manifest,block_06_ffn_island,fused_ffn_island,FPGA,264738.11328000017,265070.8608000002
23,fixed_manifest,block_10_norm2,layer_norm,GPU,264956.24128,264978.37088
25,fixed_manifest,block_03_residual2,residual_add,GPU,264978.37088,264996.71807999996
26,fixed_manifest,block_01_attention,self_attention,GPU,264996.71807999996,265152.74464
25,fixed_manifest,block_04_norm1,layer_norm,GPU,265152.74464,265174.87424
26,fixed_manifest,block_01_proj,linear_projection,GPU,265174.87424,265327.1184
23,fixed_manifest,block_10_ffn_island,fused_ffn_island,FPGA,265294.4368000002,265627.18432000023
25,fixed_manifest,block_04_qkv,linear_qkv,GPU,265327.1184,265769.8508799999
24,fixed_manifest,block_06_residual2,residual_add,GPU,265769.8508799999,265788.19807999994
26,fixed_manifest,block_01_residual1,residual_add,GPU,265788.19807999994,265806.5452799999
25,fixed_manifest,block_04_attention,self_attention,GPU,265806.5452799999,265962.57183999993
23,fixed_manifest,block_10_residual2,residual_add,GPU,265962.57183999993,265980.91903999995
24,fixed_manifest,block_07_norm1,layer_norm,GPU,265980.91903999995,266003.0486399999
26,fixed_manifest,block_01_norm2,layer_norm,GPU,266003.0486399999,266025.17823999986
25,fixed_manifest,block_04_proj,linear_projection,GPU,266025.17823999986,266177.42239999986
23,fixed_manifest,block_11_norm1,layer_norm,GPU,266177.42239999986,266199.55199999985
26,fixed_manifest,block_01_ffn_island,fused_ffn_island,FPGA,266183.94303999987,266516.6905599999
24,fixed_manifest,block_07_qkv,linear_qkv,GPU,266199.55199999985,266642.2844799998
25,fixed_manifest,block_04_residual1,residual_add,GPU,266642.2844799998,266660.6316799998
23,fixed_manifest,block_11_qkv,linear_qkv,GPU,266660.6316799998,267103.3641599998
24,fixed_manifest,block_07_attention,self_attention,GPU,267103.3641599998,267259.39071999985
25,fixed_manifest,block_04_norm2,layer_norm,GPU,267259.39071999985,267281.5203199998
26,fixed_manifest,block_01_residual2,residual_add,GPU,267281.5203199998,267299.8675199998
23,fixed_manifest,block_11_attention,self_attention,GPU,267299.8675199998,267455.8940799998
25,fixed_manifest,block_04_ffn_island,fused_ffn_island,FPGA,267440.2851199998,267773.0326399998
24,fixed_manifest,block_07_proj,linear_projection,GPU,267455.8940799998,267608.13823999977
26,fixed_manifest,block_02_norm1,layer_norm,GPU,267608.13823999977,267630.26783999975
23,fixed_manifest,block_11_proj,linear_projection,GPU,267630.26783999975,267782.51199999976
24,fixed_manifest,block_07_residual1,residual_add,GPU,267782.51199999976,267800.8591999997
26,fixed_manifest,block_02_qkv,linear_qkv,GPU,267800.8591999997,268243.5916799997
23,fixed_manifest,block_11_residual1,residual_add,GPU,268243.5916799997,268261.93887999974
24,fixed_manifest,block_07_norm2,layer_norm,GPU,268261.93887999974,268284.06847999967
25,fixed_manifest,block_04_residual2,residual_add,GPU,268284.06847999967,268302.4156799997
26,fixed_manifest,block_02_attention,self_attention,GPU,268302.4156799997,268458.4422399997
24,fixed_manifest,block_07_ffn_island,fused_ffn_island,FPGA,268442.8332799997,268775.5807999997
23,fixed_manifest,block_11_norm2,layer_norm,GPU,268458.4422399997,268480.5718399997
25,fixed_manifest,block_05_norm1,layer_norm,GPU,268480.5718399997,268502.7014399997
26,fixed_manifest,block_02_proj,linear_projection,GPU,268502.7014399997,268654.9455999996
25,fixed_manifest,block_05_qkv,linear_qkv,GPU,268654.9455999996,269097.67807999963
23,fixed_manifest,block_11_ffn_island,fused_ffn_island,FPGA,268999.1567999997,269331.9043199997
26,fixed_manifest,block_02_residual1,residual_add,GPU,269097.67807999963,269116.0252799996
24,fixed_manifest,block_07_residual2,residual_add,GPU,269116.0252799996,269134.3724799996
25,fixed_manifest,block_05_attention,self_attention,GPU,269134.3724799996,269290.39903999964
26,fixed_manifest,block_02_norm2,layer_norm,GPU,269290.39903999964,269312.5286399996
24,fixed_manifest,block_08_norm1,layer_norm,GPU,269312.5286399996,269334.65823999955
25,fixed_manifest,block_05_proj,linear_projection,GPU,269334.65823999955,269486.90239999956
24,fixed_manifest,block_08_qkv,linear_qkv,GPU,269486.90239999956,269929.63487999956
26,fixed_manifest,block_02_ffn_island,fused_ffn_island,FPGA,269555.4803199997,269888.2278399997
25,fixed_manifest,block_05_residual1,residual_add,GPU,269929.63487999956,269947.9820799995
23,fixed_manifest,block_11_residual2,residual_add,GPU,269947.9820799995,269966.32927999954
24,fixed_manifest,block_08_attention,self_attention,GPU,269966.32927999954,270122.35583999957
25,fixed_manifest,block_05_norm2,layer_norm,GPU,270122.35583999957,270144.48543999955
23,fixed_manifest,final_norm,layer_norm,GPU,270144.48543999955,270166.6150399995
27,fixed_manifest,patch_embedding,patch_embedding,GPU,270166.6150399995,270318.1219199995
25,fixed_manifest,block_05_ffn_island,fused_ffn_island,FPGA,270303.2502399995,270635.99775999953
26,fixed_manifest,block_02_residual2,residual_add,GPU,270318.1219199995,270336.4691199995
24,fixed_manifest,block_08_proj,linear_projection,GPU,270336.4691199995,270488.71327999944
23,fixed_manifest,class_token_select,class_token_select,GPU,270488.71327999944,270495.75167999946
27,fixed_manifest,token_embedding,token_and_position_embedding,GPU,270495.75167999946,270514.0988799994
26,fixed_manifest,block_03_norm1,layer_norm,GPU,270514.0988799994,270536.2284799994
24,fixed_manifest,block_08_residual1,residual_add,GPU,270536.2284799994,270554.5756799994
23,fixed_manifest,classifier,linear_classifier,GPU,270554.5756799994,270562.5356799994
27,fixed_manifest,block_00_norm1,layer_norm,GPU,270562.5356799994,270584.6652799994
26,fixed_manifest,block_03_qkv,linear_qkv,GPU,270584.6652799994,271027.3977599993
24,fixed_manifest,block_08_norm2,layer_norm,GPU,271027.3977599993,271049.5273599993
27,fixed_manifest,block_00_qkv,linear_qkv,GPU,271049.5273599993,271492.2598399993
24,fixed_manifest,block_08_ffn_island,fused_ffn_island,FPGA,271208.2921599993,271541.03967999935
25,fixed_manifest,block_05_residual2,residual_add,GPU,271492.2598399993,271510.6070399993
26,fixed_manifest,block_03_attention,self_attention,GPU,271510.6070399993,271666.6335999993
27,fixed_manifest,block_00_attention,self_attention,GPU,271666.6335999993,271822.66015999933
25,fixed_manifest,block_06_norm1,layer_norm,GPU,271822.66015999933,271844.7897599993
26,fixed_manifest,block_03_proj,linear_projection,GPU,271844.7897599993,271997.0339199993
24,fixed_manifest,block_08_residual2,residual_add,GPU,271997.0339199993,272015.3811199993
27,fixed_manifest,block_00_proj,linear_projection,GPU,272015.3811199993,272167.6252799993
25,fixed_manifest,block_06_qkv,linear_qkv,GPU,272167.6252799993,272610.3577599992
26,fixed_manifest,block_03_residual1,residual_add,GPU,272610.3577599992,272628.70495999925
24,fixed_manifest,block_09_norm1,layer_norm,GPU,272628.70495999925,272650.83455999923
27,fixed_manifest,block_00_residual1,residual_add,GPU,272650.83455999923,272669.1817599992
25,fixed_manifest,block_06_attention,self_attention,GPU,272669.1817599992,272825.2083199992
26,fixed_manifest,block_03_norm2,layer_norm,GPU,272825.2083199992,272847.3379199992
24,fixed_manifest,block_09_qkv,linear_qkv,GPU,272847.3379199992,273290.0703999992
26,fixed_manifest,block_03_ffn_island,fused_ffn_island,FPGA,273006.1027199992,273338.8502399992
27,fixed_manifest,block_00_norm2,layer_norm,GPU,273290.0703999992,273312.1999999992
25,fixed_manifest,block_06_proj,linear_projection,GPU,273312.1999999992,273464.44415999914
24,fixed_manifest,block_09_attention,self_attention,GPU,273464.44415999914,273620.47071999917
27,fixed_manifest,block_00_ffn_island,fused_ffn_island,FPGA,273562.4262399992,273895.1737599992
25,fixed_manifest,block_06_residual1,residual_add,GPU,273620.47071999917,273638.8179199992
26,fixed_manifest,block_03_residual2,residual_add,GPU,273638.8179199992,273657.16511999915
24,fixed_manifest,block_09_proj,linear_projection,GPU,273657.16511999915,273809.40927999915
25,fixed_manifest,block_06_norm2,layer_norm,GPU,273809.40927999915,273831.53887999913
26,fixed_manifest,block_04_norm1,layer_norm,GPU,273831.53887999913,273853.66847999906
24,fixed_manifest,block_09_residual1,residual_add,GPU,273853.66847999906,273872.0156799991
26,fixed_manifest,block_04_qkv,linear_qkv,GPU,273872.0156799991,274314.7481599991
25,fixed_manifest,block_06_ffn_island,fused_ffn_island,FPGA,274118.7497599992,274451.49727999925
24,fixed_manifest,block_09_norm2,layer_norm,GPU,274314.7481599991,274336.8777599991
27,fixed_manifest,block_00_residual2,residual_add,GPU,274336.8777599991,274355.22495999903
26,fixed_manifest,block_04_attention,self_attention,GPU,274355.22495999903,274511.25151999906
27,fixed_manifest,block_01_norm1,layer_norm,GPU,274511.25151999906,274533.38111999905
26,fixed_manifest,block_04_proj,linear_projection,GPU,274533.38111999905,274685.625279999
24,fixed_manifest,block_09_ffn_island,fused_ffn_island,FPGA,274675.07327999925,275007.82079999923
27,fixed_manifest,block_01_qkv,linear_qkv,GPU,274685.625279999,275128.357759999
25,fixed_manifest,block_06_residual2,residual_add,GPU,275128.357759999,275146.704959999
26,fixed_manifest,block_04_residual1,residual_add,GPU,275146.704959999,275165.052159999
27,fixed_manifest,block_01_attention,self_attention,GPU,275165.052159999,275321.078719999
25,fixed_manifest,block_07_norm1,layer_norm,GPU,275321.078719999,275343.208319999
26,fixed_manifest,block_04_norm2,layer_norm,GPU,275343.208319999,275365.337919999
24,fixed_manifest,block_09_residual2,residual_add,GPU,275365.337919999,275383.68511999893
27,fixed_manifest,block_01_proj,linear_projection,GPU,275383.68511999893,275535.92927999893
26,fixed_manifest,block_04_ffn_island,fused_ffn_island,FPGA,275524.1027199989,275856.85023999895
25,fixed_manifest,block_07_qkv,linear_qkv,GPU,275535.92927999893,275978.6617599989
24,fixed_manifest,block_10_norm1,layer_norm,GPU,275978.6617599989,276000.79135999887
27,fixed_manifest,block_01_residual1,residual_add,GPU,276000.79135999887,276019.1385599989
25,fixed_manifest,block_07_attention,self_attention,GPU,276019.1385599989,276175.1651199989
24,fixed_manifest,block_10_qkv,linear_qkv,GPU,276175.1651199989,276617.89759999886
26,fixed_manifest,block_04_residual2,residual_add,GPU,276617.89759999886,276636.2447999989
27,fixed_manifest,block_01_norm2,layer_norm,GPU,276636.2447999989,276658.37439999887
25,fixed_manifest,block_07_proj,linear_projection,GPU,276658.37439999887,276810.6185599988
24,fixed_manifest,block_10_attention,self_attention,GPU,276810.6185599988,276966.64511999884
27,fixed_manifest,block_01_ffn_island,fused_ffn_island,FPGA,276817.1391999988,277149.88671999885
26,fixed_manifest,block_05_norm1,layer_norm,GPU,276966.64511999884,276988.7747199988
25,fixed_manifest,block_07_residual1,residual_add,GPU,276988.7747199988,277007.12191999884
24,fixed_manifest,block_10_proj,linear_projection,GPU,277007.12191999884,277159.3660799988
26,fixed_manifest,block_05_qkv,linear_qkv,GPU,277159.3660799988,277602.0985599988
25,fixed_manifest,block_07_norm2,layer_norm,GPU,277602.0985599988,277624.2281599988
24,fixed_manifest,block_10_residual1,residual_add,GPU,277624.2281599988,277642.57535999874
27,fixed_manifest,block_01_residual2,residual_add,GPU,277642.57535999874,277660.92255999875
26,fixed_manifest,block_05_attention,self_attention,GPU,277660.92255999875,277816.9491199988
25,fixed_manifest,block_07_ffn_island,fused_ffn_island,FPGA,277782.9929599988,278115.74047999876
24,fixed_manifest,block_10_norm2,layer_norm,GPU,277816.9491199988,277839.07871999877
27,fixed_manifest,block_02_norm1,layer_norm,GPU,277839.07871999877,277861.2083199987
26,fixed_manifest,block_05_proj,linear_projection,GPU,277861.2083199987,278013.4524799987
27,fixed_manifest,block_02_qkv,linear_qkv,GPU,278013.4524799987,278456.1849599987
24,fixed_manifest,block_10_ffn_island,fused_ffn_island,FPGA,278339.31647999876,278672.0639999988
26,fixed_manifest,block_05_residual1,residual_add,GPU,278456.1849599987,278474.53215999866
25,fixed_manifest,block_07_residual2,residual_add,GPU,278474.53215999866,278492.8793599987
27,fixed_manifest,block_02_attention,self_attention,GPU,278492.8793599987,278648.9059199987
26,fixed_manifest,block_05_norm2,layer_norm,GPU,278648.9059199987,278671.0355199987
25,fixed_manifest,block_08_norm1,layer_norm,GPU,278671.0355199987,278693.1651199986
27,fixed_manifest,block_02_proj,linear_projection,GPU,278693.1651199986,278845.4092799986
25,fixed_manifest,block_08_qkv,linear_qkv,GPU,278845.4092799986,279288.14175999863
26,fixed_manifest,block_05_ffn_island,fused_ffn_island,FPGA,278895.6399999988,279228.38751999877
27,fixed_manifest,block_02_residual1,residual_add,GPU,279288.14175999863,279306.4889599986
24,fixed_manifest,block_10_residual2,residual_add,GPU,279306.4889599986,279324.8361599986
25,fixed_manifest,block_08_attention,self_attention,GPU,279324.8361599986,279480.86271999864
27,fixed_manifest,block_02_norm2,layer_norm,GPU,279480.86271999864,279502.99231999856
24,fixed_manifest,block_11_norm1,layer_norm,GPU,279502.99231999856,279525.12191999855
26,fixed_manifest,block_05_residual2,residual_add,GPU,279525.12191999855,279543.46911999857
25,fixed_manifest,block_08_proj,linear_projection,GPU,279543.46911999857,279695.7132799985
27,fixed_manifest,block_02_ffn_island,fused_ffn_island,FPGA,279661.75711999857,279994.5046399986
24,fixed_manifest,block_11_qkv,linear_qkv,GPU,279695.7132799985,280138.4457599985
26,fixed_manifest,block_06_norm1,layer_norm,GPU,280138.4457599985,280160.5753599985
25,fixed_manifest,block_08_residual1,residual_add,GPU,280160.5753599985,280178.92255999846
28,fixed_manifest,patch_embedding,patch_embedding,GPU,280178.92255999846,280330.42943999846
24,fixed_manifest,block_11_attention,self_attention,GPU,280330.42943999846,280486.4559999985
27,fixed_manifest,block_02_residual2,residual_add,GPU,280486.4559999985,280504.8031999985
26,fixed_manifest,block_06_qkv,linear_qkv,GPU,280504.8031999985,280947.53567999846
25,fixed_manifest,block_08_norm2,layer_norm,GPU,280947.53567999846,280969.66527999844
28,fixed_manifest,token_embedding,token_and_position_embedding,GPU,280969.66527999844,280988.01247999846
24,fixed_manifest,block_11_proj,linear_projection,GPU,280988.01247999846,281140.2566399984
25,fixed_manifest,block_08_ffn_island,fused_ffn_island,FPGA,281128.43007999845,281461.1775999984
27,fixed_manifest,block_03_norm1,layer_norm,GPU,281140.2566399984,281162.3862399984
26,fixed_manifest,block_06_attention,self_attention,GPU,281162.3862399984,281318.4127999984
28,fixed_manifest,block_00_norm1,layer_norm,GPU,281318.4127999984,281340.5423999984
24,fixed_manifest,block_11_residual1,residual_add,GPU,281340.5423999984,281358.88959999837
27,fixed_manifest,block_03_qkv,linear_qkv,GPU,281358.88959999837,281801.6220799984
26,fixed_manifest,block_06_proj,linear_projection,GPU,281801.6220799984,281953.8662399984
28,fixed_manifest,block_00_qkv,linear_qkv,GPU,281953.8662399984,282396.5987199983
24,fixed_manifest,block_11_norm2,layer_norm,GPU,282396.5987199983,282418.7283199983
25,fixed_manifest,block_08_residual2,residual_add,GPU,282418.7283199983,282437.0755199983
27,fixed_manifest,block_03_attention,self_attention,GPU,282437.0755199983,282593.10207999835
24,fixed_manifest,block_11_ffn_island,fused_ffn_island,FPGA,282577.4931199983,282910.2406399983
26,fixed_manifest,block_06_residual1,residual_add,GPU,282593.10207999835,282611.4492799983
28,fixed_manifest,block_00_attention,self_attention,GPU,282611.4492799983,282767.47583999834
25,fixed_manifest,block_09_norm1,layer_norm,GPU,282767.47583999834,282789.6054399983
27,fixed_manifest,block_03_proj,linear_projection,GPU,282789.6054399983,282941.84959999827
26,fixed_manifest,block_06_norm2,layer_norm,GPU,282941.84959999827,282963.97919999826
28,fixed_manifest,block_00_proj,linear_projection,GPU,282963.97919999826,283116.22335999826
25,fixed_manifest,block_09_qkv,linear_qkv,GPU,283116.22335999826,283558.95583999826
26,fixed_manifest,block_06_ffn_island,fused_ffn_island,FPGA,283133.8166399983,283466.5641599983
27,fixed_manifest,block_03_residual1,residual_add,GPU,283558.95583999826,283577.3030399982
24,fixed_manifest,block_11_residual2,residual_add,GPU,283577.3030399982,283595.65023999824
28,fixed_manifest,block_00_residual1,residual_add,GPU,283595.65023999824,283613.9974399982
25,fixed_manifest,block_09_attention,self_attention,GPU,283613.9974399982,283770.02399999823
27,fixed_manifest,block_03_norm2,layer_norm,GPU,283770.02399999823,283792.1535999982
24,fixed_manifest,final_norm,layer_norm,GPU,283792.1535999982,283814.2831999982
28,fixed_manifest,block_00_norm2,layer_norm,GPU,283814.2831999982,283836.4127999982
26,fixed_manifest,block_06_residual2,residual_add,GPU,283836.4127999982,283854.75999999815
25,fixed_manifest,block_09_proj,linear_projection,GPU,283854.75999999815,284007.00415999815
27,fixed_manifest,block_03_ffn_island,fused_ffn_island,FPGA,283950.9183999982,284283.6659199982
24,fixed_manifest,class_token_select,class_token_select,GPU,284007.00415999815,284014.0425599981
26,fixed_manifest,block_07_norm1,layer_norm,GPU,284014.0425599981,284036.1721599981
25,fixed_manifest,block_09_residual1,residual_add,GPU,284036.1721599981,284054.5193599981
24,fixed_manifest,classifier,linear_classifier,GPU,284054.5193599981,284062.4793599981
26,fixed_manifest,block_07_qkv,linear_qkv,GPU,284062.4793599981,284505.211839998
25,fixed_manifest,block_09_norm2,layer_norm,GPU,284505.211839998,284527.341439998
28,fixed_manifest,block_00_ffn_island,fused_ffn_island,FPGA,284507.2419199982,284839.98943999823
26,fixed_manifest,block_07_attention,self_attention,GPU,284527.341439998,284683.36799999804
27,fixed_manifest,block_03_residual2,residual_add,GPU,284683.36799999804,284701.71519999806
26,fixed_manifest,block_07_proj,linear_projection,GPU,284701.71519999806,284853.959359998
27,fixed_manifest,block_04_norm1,layer_norm,GPU,284853.959359998,284876.088959998
26,fixed_manifest,block_07_residual1,residual_add,GPU,284876.088959998,284894.436159998
27,fixed_manifest,block_04_qkv,linear_qkv,GPU,284894.436159998,285337.16863999795
25,fixed_manifest,block_09_ffn_island,fused_ffn_island,FPGA,285063.56543999823,285396.3129599982
26,fixed_manifest,block_07_norm2,layer_norm,GPU,285337.16863999795,285359.29823999794
28,fixed_manifest,block_00_residual2,residual_add,GPU,285359.29823999794,285377.64543999796
27,fixed_manifest,block_04_attention,self_attention,GPU,285377.64543999796,285533.671999998
28,fixed_manifest,block_01_norm1,layer_norm,GPU,285533.671999998,285555.8015999979
27,fixed_manifest,block_04_proj,linear_projection,GPU,285555.8015999979,285708.0457599979
26,fixed_manifest,block_07_ffn_island,fused_ffn_island,FPGA,285619.88895999826,285952.63647999824
28,fixed_manifest,block_01_qkv,linear_qkv,GPU,285708.0457599979,286150.7782399979
25,fixed_manifest,block_09_residual2,residual_add,GPU,286150.7782399979,286169.1254399979
27,fixed_manifest,block_04_residual1,residual_add,GPU,286169.1254399979,286187.4726399979
26,fixed_manifest,block_07_residual2,residual_add,GPU,286187.4726399979,286205.81983999786
28,fixed_manifest,block_01_attention,self_attention,GPU,286205.81983999786,286361.8463999979
25,fixed_manifest,block_10_norm1,layer_norm,GPU,286361.8463999979,286383.97599999787
27,fixed_manifest,block_04_norm2,layer_norm,GPU,286383.97599999787,286406.10559999786
26,fixed_manifest,block_08_norm1,layer_norm,GPU,286406.10559999786,286428.23519999784
28,fixed_manifest,block_01_proj,linear_projection,GPU,286428.23519999784,286580.4793599978
27,fixed_manifest,block_04_ffn_island,fused_ffn_island,FPGA,286564.87039999786,286897.61791999784
25,fixed_manifest,block_10_qkv,linear_qkv,GPU,286580.4793599978,287023.2118399978
26,fixed_manifest,block_08_qkv,linear_qkv,GPU,287023.2118399978,287465.9443199978
28,fixed_manifest,block_01_residual1,residual_add,GPU,287465.9443199978,287484.29151999776
25,fixed_manifest,block_10_attention,self_attention,GPU,287484.29151999776,287640.3180799978
27,fixed_manifest,block_04_residual2,residual_add,GPU,287640.3180799978,287658.6652799978
26,fixed_manifest,block_08_attention,self_attention,GPU,287658.6652799978,287814.69183999783
28,fixed_manifest,block_01_norm2,layer_norm,GPU,287814.69183999783,287836.82143999776
25,fixed_manifest,block_10_proj,linear_projection,GPU,287836.82143999776,287989.06559999776
27,fixed_manifest,block_05_norm1,layer_norm,GPU,287989.06559999776,288011.19519999775
28,fixed_manifest,block_01_ffn_island,fused_ffn_island,FPGA,287995.58623999776,288328.3337599978
26,fixed_manifest,block_08_proj,linear_projection,GPU,288011.19519999775,288163.43935999775
25,fixed_manifest,block_10_residual1,residual_add,GPU,288163.43935999775,288181.7865599977
27,fixed_manifest,block_05_qkv,linear_qkv,GPU,288181.7865599977,288624.5190399977
26,fixed_manifest,block_08_residual1,residual_add,GPU,288624.5190399977,288642.8662399977
25,fixed_manifest,block_10_norm2,layer_norm,GPU,288642.8662399977,288664.99583999766
28,fixed_manifest,block_01_residual2,residual_add,GPU,288664.99583999766,288683.3430399977
27,fixed_manifest,block_05_attention,self_attention,GPU,288683.3430399977,288839.36959999765
25,fixed_manifest,block_10_ffn_island,fused_ffn_island,FPGA,288823.76063999766,289156.50815999764
26,fixed_manifest,block_08_norm2,layer_norm,GPU,288839.36959999765,288861.49919999763
28,fixed_manifest,block_02_norm1,layer_norm,GPU,288861.49919999763,288883.6287999976
27,fixed_manifest,block_05_proj,linear_projection,GPU,288883.6287999976,289035.8729599976
28,fixed_manifest,block_02_qkv,linear_qkv,GPU,289035.8729599976,289478.60543999757
26,fixed_manifest,block_08_ffn_island,fused_ffn_island,FPGA,289380.08415999764,289712.8316799977
27,fixed_manifest,block_05_residual1,residual_add,GPU,289478.60543999757,289496.9526399976
25,fixed_manifest,block_10_residual2,residual_add,GPU,289496.9526399976,289515.29983999755
28,fixed_manifest,block_02_attention,self_attention,GPU,289515.29983999755,289671.3263999976
27,fixed_manifest,block_05_norm2,layer_norm,GPU,289671.3263999976,289693.45599999756
25,fixed_manifest,block_11_norm1,layer_norm,GPU,289693.45599999756,289715.58559999755
28,fixed_manifest,block_02_proj,linear_projection,GPU,289715.58559999755,289867.82975999755
25,fixed_manifest,block_11_qkv,linear_qkv,GPU,289867.82975999755,290310.5622399975
27,fixed_manifest,block_05_ffn_island,fused_ffn_island,FPGA,289936.4076799977,290269.1551999977
28,fixed_manifest,block_02_residual1,residual_add,GPU,290310.5622399975,290328.9094399975
26,fixed_manifest,block_08_residual2,residual_add,GPU,290328.9094399975,290347.2566399975
29,fixed_manifest,patch_embedding,patch_embedding,GPU,290347.2566399975,290498.7635199975
25,fixed_manifest,block_11_attention,self_attention,GPU,290498.7635199975,290654.7900799975
28,fixed_manifest,block_02_norm2,layer_norm,GPU,290654.7900799975,290676.9196799975
26,fixed_manifest,block_09_norm1,layer_norm,GPU,290676.9196799975,290699.0492799975
27,fixed_manifest,block_05_residual2,residual_add,GPU,290699.0492799975,290717.39647999743
29,fixed_manifest,token_embedding,token_and_position_embedding,GPU,290717.39647999743,290735.74367999745
25,fixed_manifest,block_11_proj,linear_projection,GPU,290735.74367999745,290887.9878399974
28,fixed_manifest,block_02_ffn_island,fused_ffn_island,FPGA,290835.6844799975,291168.43199999747
26,fixed_manifest,block_09_qkv,linear_qkv,GPU,290887.9878399974,291330.7203199974
27,fixed_manifest,block_06_norm1,layer_norm,GPU,291330.7203199974,291352.8499199974
29,fixed_manifest,block_00_norm1,layer_norm,GPU,291352.8499199974,291374.9795199974
25,fixed_manifest,block_11_residual1,residual_add,GPU,291374.9795199974,291393.32671999733
28,fixed_manifest,block_02_residual2,residual_add,GPU,291393.32671999733,291411.67391999735
26,fixed_manifest,block_09_attention,self_attention,GPU,291411.67391999735,291567.7004799974
27,fixed_manifest,block_06_qkv,linear_qkv,GPU,291567.7004799974,292010.4329599973
29,fixed_manifest,block_00_qkv,linear_qkv,GPU,292010.4329599973,292453.16543999733
25,fixed_manifest,block_11_norm2,layer_norm,GPU,292453.16543999733,292475.2950399973
28,fixed_manifest,block_03_norm1,layer_norm,GPU,292475.2950399973,292497.4246399973
26,fixed_manifest,block_09_proj,linear_projection,GPU,292497.4246399973,292649.66879999725
25,fixed_manifest,block_11_ffn_island,fused_ffn_island,FPGA,292634.0598399973,292966.8073599973
27,fixed_manifest,block_06_attention,self_attention,GPU,292649.66879999725,292805.6953599973
29,fixed_manifest,block_00_attention,self_attention,GPU,292805.6953599973,292961.7219199973
28,fixed_manifest,block_03_qkv,linear_qkv,GPU,292961.7219199973,293404.4543999973
26,fixed_manifest,block_09_residual1,residual_add,GPU,293404.4543999973,293422.80159999727
27,fixed_manifest,block_06_proj,linear_projection,GPU,293422.80159999727,293575.0457599973
29,fixed_manifest,block_00_proj,linear_projection,GPU,293575.0457599973,293727.2899199973
25,fixed_manifest,block_11_residual2,residual_add,GPU,293727.2899199973,293745.63711999723
28,fixed_manifest,block_03_attention,self_attention,GPU,293745.63711999723,293901.66367999726
26,fixed_manifest,block_09_norm2,layer_norm,GPU,293901.66367999726,293923.79327999725
27,fixed_manifest,block_06_residual1,residual_add,GPU,293923.79327999725,293942.1404799972
29,fixed_manifest,block_00_residual1,residual_add,GPU,293942.1404799972,293960.4876799972
25,fixed_manifest,final_norm,layer_norm,GPU,293960.4876799972,293982.6172799972
28,fixed_manifest,block_03_proj,linear_projection,GPU,293982.6172799972,294134.86143999716
26,fixed_manifest,block_09_ffn_island,fused_ffn_island,FPGA,294082.55807999725,294415.3055999972
27,fixed_manifest,block_06_norm2,layer_norm,GPU,294134.86143999716,294156.99103999714
29,fixed_manifest,block_00_norm2,layer_norm,GPU,294156.99103999714,294179.1206399971
25,fixed_manifest,class_token_select,class_token_select,GPU,294179.1206399971,294186.15903999715
28,fixed_manifest,block_03_residual1,residual_add,GPU,294186.15903999715,294204.5062399971
25,fixed_manifest,classifier,linear_classifier,GPU,294204.5062399971,294212.46623999707
28,fixed_manifest,block_03_norm2,layer_norm,GPU,294212.46623999707,294234.59583999706
26,fixed_manifest,block_09_residual2,residual_add,GPU,294638.8815999972,294657.22879999725
27,fixed_manifest,block_06_ffn_island,fused_ffn_island,FPGA,294638.8815999972,294971.62911999726
26,fixed_manifest,block_10_norm1,layer_norm,GPU,294657.22879999725,294679.35839999723
26,fixed_manifest,block_10_qkv,linear_qkv,GPU,294679.35839999723,295122.0908799972
26,fixed_manifest,block_10_attention,self_attention,GPU,295122.0908799972,295278.1174399972
29,fixed_manifest,block_00_ffn_island,fused_ffn_island,FPGA,295195.20511999726,295527.95263999724
27,fixed_manifest,block_06_residual2,residual_add,GPU,295278.1174399972,295296.4646399972
26,fixed_manifest,block_10_proj,linear_projection,GPU,295296.4646399972,295448.70879999717
27,fixed_manifest,block_07_norm1,layer_norm,GPU,295448.70879999717,295470.83839999716
26,fixed_manifest,block_10_residual1,residual_add,GPU,295470.83839999716,295489.1855999972
27,fixed_manifest,block_07_qkv,linear_qkv,GPU,295489.1855999972,295931.9180799971
28,fixed_manifest,block_03_ffn_island,fused_ffn_island,FPGA,295751.52863999724,296084.2761599973
26,fixed_manifest,block_10_norm2,layer_norm,GPU,295931.9180799971,295954.0476799971
29,fixed_manifest,block_00_residual2,residual_add,GPU,295954.0476799971,295972.3948799971
27,fixed_manifest,block_07_attention,self_attention,GPU,295972.3948799971,296128.42143999715
29,fixed_manifest,block_01_norm1,layer_norm,GPU,296128.42143999715,296150.5510399971
27,fixed_manifest,block_07_proj,linear_projection,GPU,296150.5510399971,296302.7951999971
29,fixed_manifest,block_01_qkv,linear_qkv,GPU,296302.7951999971,296745.5276799971
26,fixed_manifest,block_10_ffn_island,fused_ffn_island,FPGA,296307.8521599973,296640.5996799973
27,fixed_manifest,block_07_residual1,residual_add,GPU,296745.5276799971,296763.87487999705
28,fixed_manifest,block_03_residual2,residual_add,GPU,296763.87487999705,296782.22207999707
29,fixed_manifest,block_01_attention,self_attention,GPU,296782.22207999707,296938.2486399971
27,fixed_manifest,block_07_norm2,layer_norm,GPU,296938.2486399971,296960.378239997
28,fixed_manifest,block_04_norm1,layer_norm,GPU,296960.378239997,296982.507839997
26,fixed_manifest,block_10_residual2,residual_add,GPU,296982.507839997,297000.855039997
29,fixed_manifest,block_01_proj,linear_projection,GPU,297000.855039997,297153.09919999697
27,fixed_manifest,block_07_ffn_island,fused_ffn_island,FPGA,297119.143039997,297451.89055999706
28,fixed_manifest,block_04_qkv,linear_qkv,GPU,297153.09919999697,297595.831679997
26,fixed_manifest,block_11_norm1,layer_norm,GPU,297595.831679997,297617.96127999696
29,fixed_manifest,block_01_residual1,residual_add,GPU,297617.96127999696,297636.3084799969
28,fixed_manifest,block_04_attention,self_attention,GPU,297636.3084799969,297792.33503999695
27,fixed_manifest,block_07_residual2,residual_add,GPU,297792.33503999695,297810.68223999697
26,fixed_manifest,block_11_qkv,linear_qkv,GPU,297810.68223999697,298253.414719997
29,fixed_manifest,block_01_norm2,layer_norm,GPU,298253.414719997,298275.5443199969
28,fixed_manifest,block_04_proj,linear_projection,GPU,298275.5443199969,298427.7884799969
27,fixed_manifest,block_08_norm1,layer_norm,GPU,298427.7884799969,298449.9180799969
29,fixed_manifest,block_01_ffn_island,fused_ffn_island,FPGA,298434.3091199969,298767.05663999694
26,fixed_manifest,block_11_attention,self_attention,GPU,298449.9180799969,298605.9446399969
28,fixed_manifest,block_04_residual1,residual_add,GPU,298605.9446399969,298624.2918399969
27,fixed_manifest,block_08_qkv,linear_qkv,GPU,298624.2918399969,299067.0243199969
26,fixed_manifest,block_11_proj,linear_projection,GPU,299067.0243199969,299219.2684799969
28,fixed_manifest,block_04_norm2,layer_norm,GPU,299219.2684799969,299241.3980799968
29,fixed_manifest,block_01_residual2,residual_add,GPU,299241.3980799968,299259.74527999683
27,fixed_manifest,block_08_attention,self_attention,GPU,299259.74527999683,299415.77183999686
28,fixed_manifest,block_04_ffn_island,fused_ffn_island,FPGA,299400.1628799968,299732.91039999685
26,fixed_manifest,block_11_residual1,residual_add,GPU,299415.77183999686,299434.1190399968
29,fixed_manifest,block_02_norm1,layer_norm,GPU,299434.1190399968,299456.2486399968
27,fixed_manifest,block_08_proj,linear_projection,GPU,299456.2486399968,299608.4927999968
26,fixed_manifest,block_11_norm2,layer_norm,GPU,299608.4927999968,299630.6223999968
29,fixed_manifest,block_02_qkv,linear_qkv,GPU,299630.6223999968,300073.35487999674
26,fixed_manifest,block_11_ffn_island,fused_ffn_island,FPGA,299956.48639999685,300289.2339199968
27,fixed_manifest,block_08_residual1,residual_add,GPU,300073.35487999674,300091.70207999676
28,fixed_manifest,block_04_residual2,residual_add,GPU,300091.70207999676,300110.0492799967
30,fixed_manifest,patch_embedding,patch_embedding,GPU,300110.0492799967,300261.5561599967
29,fixed_manifest,block_02_attention,self_attention,GPU,300261.5561599967,300417.58271999675
27,fixed_manifest,block_08_norm2,layer_norm,GPU,300417.58271999675,300439.71231999673
28,fixed_manifest,block_05_norm1,layer_norm,GPU,300439.71231999673,300461.8419199967
30,fixed_manifest,token_embedding,token_and_position_embedding,GPU,300461.8419199967,300480.1891199967
29,fixed_manifest,block_02_proj,linear_projection,GPU,300480.1891199967,300632.4332799967
27,fixed_manifest,block_08_ffn_island,fused_ffn_island,FPGA,300598.76351999684,300931.5110399968
26,fixed_manifest,block_11_residual2,residual_add,GPU,300632.4332799967,300650.78047999664
28,fixed_manifest,block_05_qkv,linear_qkv,GPU,300650.78047999664,301093.51295999665
30,fixed_manifest,block_00_norm1,layer_norm,GPU,301093.51295999665,301115.64255999663
29,fixed_manifest,block_02_residual1,residual_add,GPU,301115.64255999663,301133.9897599966
26,fixed_manifest,final_norm,layer_norm,GPU,301133.9897599966,301156.1193599966
27,fixed_manifest,block_08_residual2,residual_add,GPU,301156.1193599966,301174.4665599966
28,fixed_manifest,block_05_attention,self_attention,GPU,301174.4665599966,301330.4931199966
30,fixed_manifest,block_00_qkv,linear_qkv,GPU,301330.4931199966,301773.2255999966
29,fixed_manifest,block_02_norm2,layer_norm,GPU,301773.2255999966,301795.35519999656
26,fixed_manifest,class_token_select,class_token_select,GPU,301795.35519999656,301802.3935999966
27,fixed_manifest,block_09_norm1,layer_norm,GPU,301802.3935999966,301824.5231999965
28,fixed_manifest,block_05_proj,linear_projection,GPU,301824.5231999965,301976.7673599965
29,fixed_manifest,block_02_ffn_island,fused_ffn_island,FPGA,301954.11999999656,302286.86751999654
30,fixed_manifest,block_00_attention,self_attention,GPU,301976.7673599965,302132.79391999653
26,fixed_manifest,classifier,linear_classifier,GPU,302132.79391999653,302140.7539199965
27,fixed_manifest,block_09_qkv,linear_qkv,GPU,302140.7539199965,302583.4863999965
28,fixed_manifest,block_05_residual1,residual_add,GPU,302583.4863999965,302601.83359999646
30,fixed_manifest,block_00_proj,linear_projection,GPU,302601.83359999646,302754.07775999646
29,fixed_manifest,block_02_residual2,residual_add,GPU,302754.07775999646,302772.4249599965
27,fixed_manifest,block_09_attention,self_attention,GPU,302772.4249599965,302928.45151999645
28,fixed_manifest,block_05_norm2,layer_norm,GPU,302928.45151999645,302950.58111999644
30,fixed_manifest,block_00_residual1,residual_add,GPU,302950.58111999644,302968.92831999646
29,fixed_manifest,block_03_norm1,layer_norm,GPU,302968.92831999646,302991.05791999644
27,fixed_manifest,block_09_proj,linear_projection,GPU,302991.05791999644,303143.3020799964
28,fixed_manifest,block_05_ffn_island,fused_ffn_island,FPGA,303109.34591999644,303442.0934399965
30,fixed_manifest,block_00_norm2,layer_norm,GPU,303143.3020799964,303165.43167999637
29,fixed_manifest,block_03_qkv,linear_qkv,GPU,303165.43167999637,303608.1641599964
27,fixed_manifest,block_09_residual1,residual_add,GPU,303608.1641599964,303626.51135999634
29,fixed_manifest,block_03_attention,self_attention,GPU,303626.51135999634,303782.53791999636
30,fixed_manifest,block_00_ffn_island,fused_ffn_island,FPGA,303665.6694399965,303998.41695999645
27,fixed_manifest,block_09_norm2,layer_norm,GPU,303782.53791999636,303804.66751999635
28,fixed_manifest,block_05_residual2,residual_add,GPU,303804.66751999635,303823.01471999637
29,fixed_manifest,block_03_proj,linear_projection,GPU,303823.01471999637,303975.2588799963
28,fixed_manifest,block_06_norm1,layer_norm,GPU,303975.2588799963,303997.3884799963
29,fixed_manifest,block_03_residual1,residual_add,GPU,303997.3884799963,304015.7356799963
28,fixed_manifest,block_06_qkv,linear_qkv,GPU,304015.7356799963,304458.46815999626
27,fixed_manifest,block_09_ffn_island,fused_ffn_island,FPGA,304221.99295999645,304554.7404799965
29,fixed_manifest,block_03_norm2,layer_norm,GPU,304458.46815999626,304480.59775999625
30,fixed_manifest,block_00_residual2,residual_add,GPU,304480.59775999625,304498.94495999627
28,fixed_manifest,block_06_attention,self_attention,GPU,304498.94495999627,304654.97151999624
30,fixed_manifest,block_01_norm1,layer_norm,GPU,304654.97151999624,304677.1011199962
28,fixed_manifest,block_06_proj,linear_projection,GPU,304677.1011199962,304829.3452799962
29,fixed_manifest,block_03_ffn_island,fused_ffn_island,FPGA,304778.3164799965,305111.06399999646
30,fixed_manifest,block_01_qkv,linear_qkv,GPU,304829.3452799962,305272.07775999623
27,fixed_manifest,block_09_residual2,residual_add,GPU,305272.07775999623,305290.4249599962
28,fixed_manifest,block_06_residual1,residual_add,GPU,305290.4249599962,305308.7721599962
29,fixed_manifest,block_03_residual2,residual_add,GPU,305308.7721599962,305327.11935999617
30,fixed_manifest,block_01_attention,self_attention,GPU,305327.11935999617,305483.1459199962
27,fixed_manifest,block_10_norm1,layer_norm,GPU,305483.1459199962,305505.2755199962
28,fixed_manifest,block_06_norm2,layer_norm,GPU,305505.2755199962,305527.40511999617
29,fixed_manifest,block_04_norm1,layer_norm,GPU,305527.40511999617,305549.53471999615
30,fixed_manifest,block_01_proj,linear_projection,GPU,305549.53471999615,305701.7788799961
28,fixed_manifest,block_06_ffn_island,fused_ffn_island,FPGA,305686.1699199961,306018.91743999615
27,fixed_manifest,block_10_qkv,linear_qkv,GPU,305701.7788799961,306144.5113599961
29,fixed_manifest,block_04_qkv,linear_qkv,GPU,306144.5113599961,306587.2438399961
30,fixed_manifest,block_01_residual1,residual_add,GPU,306587.2438399961,306605.59103999607
27,fixed_manifest,block_10_attention,self_attention,GPU,306605.59103999607,306761.6175999961
28,fixed_manifest,block_06_residual2,residual_add,GPU,306761.6175999961,306779.96479999606
29,fixed_manifest,block_04_attention,self_attention,GPU,306779.96479999606,306935.9913599961
30,fixed_manifest,block_01_norm2,layer_norm,GPU,306935.9913599961,306958.1209599961
27,fixed_manifest,block_10_proj,linear_projection,GPU,306958.1209599961,307110.3651199961
28,fixed_manifest,block_07_norm1,layer_norm,GPU,307110.3651199961,307132.49471999606
30,fixed_manifest,block_01_ffn_island,fused_ffn_island,FPGA,307116.8857599961,307449.6332799961
29,fixed_manifest,block_04_proj,linear_projection,GPU,307132.49471999606,307284.738879996
27,fixed_manifest,block_10_residual1,residual_add,GPU,307284.738879996,307303.086079996
28,fixed_manifest,block_07_qkv,linear_qkv,GPU,307303.086079996,307745.818559996
29,fixed_manifest,block_04_residual1,residual_add,GPU,307745.818559996,307764.165759996
27,fixed_manifest,block_10_norm2,layer_norm,GPU,307764.165759996,307786.295359996
30,fixed_manifest,block_01_residual2,residual_add,GPU,307786.295359996,307804.64255999593
28,fixed_manifest,block_07_attention,self_attention,GPU,307804.64255999593,307960.66911999596
27,fixed_manifest,block_10_ffn_island,fused_ffn_island,FPGA,307945.060159996,308277.80767999595
29,fixed_manifest,block_04_norm2,layer_norm,GPU,307960.66911999596,307982.79871999595
30,fixed_manifest,block_02_norm1,layer_norm,GPU,307982.79871999595,308004.92831999593
28,fixed_manifest,block_07_proj,linear_projection,GPU,308004.92831999593,308157.17247999593
30,fixed_manifest,block_02_qkv,linear_qkv,GPU,308157.17247999593,308599.9049599959
29,fixed_manifest,block_04_ffn_island,fused_ffn_island,FPGA,308501.38367999595,308834.131199996
28,fixed_manifest,block_07_residual1,residual_add,GPU,308599.9049599959,308618.2521599959
27,fixed_manifest,block_10_residual2,residual_add,GPU,308618.2521599959,308636.59935999586
30,fixed_manifest,block_02_attention,self_attention,GPU,308636.59935999586,308792.6259199959
28,fixed_manifest,block_07_norm2,layer_norm,GPU,308792.6259199959,308814.7555199959
27,fixed_manifest,block_11_norm1,layer_norm,GPU,308814.7555199959,308836.88511999586
30,fixed_manifest,block_02_proj,linear_projection,GPU,308836.88511999586,308989.12927999586
27,fixed_manifest,block_11_qkv,linear_qkv,GPU,308989.12927999586,309431.8617599958
28,fixed_manifest,block_07_ffn_island,fused_ffn_island,FPGA,309057.707199996,309390.45471999596
30,fixed_manifest,block_02_residual1,residual_add,GPU,309431.8617599958,309450.2089599958
29,fixed_manifest,block_04_residual2,residual_add,GPU,309450.2089599958,309468.5561599958
27,fixed_manifest,block_11_attention,self_attention,GPU,309468.5561599958,309624.5827199958
30,fixed_manifest,block_02_norm2,layer_norm,GPU,309624.5827199958,309646.7123199958
29,fixed_manifest,block_05_norm1,layer_norm,GPU,309646.7123199958,309668.8419199958
28,fixed_manifest,block_07_residual2,residual_add,GPU,309668.8419199958,309687.18911999575
27,fixed_manifest,block_11_proj,linear_projection,GPU,309687.18911999575,309839.43327999575
30,fixed_manifest,block_02_ffn_island,fused_ffn_island,FPGA,309805.4771199958,310138.2246399958
29,fixed_manifest,block_05_qkv,linear_qkv,GPU,309839.43327999575,310282.16575999575
28,fixed_manifest,block_08_norm1,layer_norm,GPU,310282.16575999575,310304.2953599957
27,fixed_manifest,block_11_residual1,residual_add,GPU,310304.2953599957,310322.6425599957
31,fixed_manifest,patch_embedding,patch_embedding,GPU,310322.6425599957,310474.1494399957
29,fixed_manifest,block_05_attention,self_attention,GPU,310474.1494399957,310630.1759999957
30,fixed_manifest,block_02_residual2,residual_add,GPU,310630.1759999957,310648.5231999957
28,fixed_manifest,block_08_qkv,linear_qkv,GPU,310648.5231999957,311091.2556799957
27,fixed_manifest,block_11_norm2,layer_norm,GPU,311091.2556799957,311113.3852799957
31,fixed_manifest,token_embedding,token_and_position_embedding,GPU,311113.3852799957,311131.73247999564
29,fixed_manifest,block_05_proj,linear_projection,GPU,311131.73247999564,311283.97663999564
27,fixed_manifest,block_11_ffn_island,fused_ffn_island,FPGA,311272.1500799956,311604.89759999566
30,fixed_manifest,block_03_norm1,layer_norm,GPU,311283.97663999564,311306.1062399956
28,fixed_manifest,block_08_attention,self_attention,GPU,311306.1062399956,311462.13279999566
31,fixed_manifest,block_00_norm1,layer_norm,GPU,311462.13279999566,311484.2623999956
29,fixed_manifest,block_05_residual1,residual_add,GPU,311484.2623999956,311502.6095999956
30,fixed_manifest,block_03_qkv,linear_qkv,GPU,311502.6095999956,311945.3420799956
28,fixed_manifest,block_08_proj,linear_projection,GPU,311945.3420799956,312097.58623999555
31,fixed_manifest,block_00_qkv,linear_qkv,GPU,312097.58623999555,312540.31871999556
29,fixed_manifest,block_05_norm2,layer_norm,GPU,312540.31871999556,312562.44831999554
27,fixed_manifest,block_11_residual2,residual_add,GPU,312562.44831999554,312580.7955199955
30,fixed_manifest,block_03_attention,self_attention,GPU,312580.7955199955,312736.82207999553
29,fixed_manifest,block_05_ffn_island,fused_ffn_island,FPGA,312721.2131199955,313053.9606399955
28,fixed_manifest,block_08_residual1,residual_add,GPU,312736.82207999553,312755.16927999555
31,fixed_manifest,block_00_attention,self_attention,GPU,312755.16927999555,312911.1958399956
27,fixed_manifest,final_norm,layer_norm,GPU,312911.1958399956,312933.3254399955
30,fixed_manifest,block_03_proj,linear_projection,GPU,312933.3254399955,313085.5695999955
28,fixed_manifest,block_08_norm2,layer_norm,GPU,313085.5695999955,313107.6991999955
31,fixed_manifest,block_00_proj,linear_projection,GPU,313107.6991999955,313259.94335999544
27,fixed_manifest,class_token_select,class_token_select,GPU,313259.94335999544,313266.98175999545
30,fixed_manifest,block_03_residual1,residual_add,GPU,313266.98175999545,313285.3289599955
28,fixed_manifest,block_08_ffn_island,fused_ffn_island,FPGA,313277.5366399955,313610.28415999556
29,fixed_manifest,block_05_residual2,residual_add,GPU,313285.3289599955,313303.67615999543
31,fixed_manifest,block_00_residual1,residual_add,GPU,313303.67615999543,313322.02335999545
27,fixed_manifest,classifier,linear_classifier,GPU,313322.02335999545,313329.9833599954
30,fixed_manifest,block_03_norm2,layer_norm,GPU,313329.9833599954,313352.1129599954
29,fixed_manifest,block_06_norm1,layer_norm,GPU,313352.1129599954,313374.2425599953
31,fixed_manifest,block_00_norm2,layer_norm,GPU,313374.2425599953,313396.3721599953
29,fixed_manifest,block_06_qkv,linear_qkv,GPU,313396.3721599953,313839.1046399953
30,fixed_manifest,block_03_ffn_island,fused_ffn_island,FPGA,313833.86015999556,314166.60767999553
28,fixed_manifest,block_08_residual2,residual_add,GPU,313839.1046399953,313857.4518399953
29,fixed_manifest,block_06_attention,self_attention,GPU,313857.4518399953,314013.4783999953
28,fixed_manifest,block_09_norm1,layer_norm,GPU,314013.4783999953,314035.6079999953
29,fixed_manifest,block_06_proj,linear_projection,GPU,314035.6079999953,314187.8521599953
28,fixed_manifest,block_09_qkv,linear_qkv,GPU,314187.8521599953,314630.58463999524
31,fixed_manifest,block_00_ffn_island,fused_ffn_island,FPGA,314390.18367999553,314722.93119999557
29,fixed_manifest,block_06_residual1,residual_add,GPU,314630.58463999524,314648.93183999526
30,fixed_manifest,block_03_residual2,residual_add,GPU,314648.93183999526,314667.2790399953
28,fixed_manifest,block_09_attention,self_attention,GPU,314667.2790399953,314823.30559999525
29,fixed_manifest,block_06_norm2,layer_norm,GPU,314823.30559999525,314845.43519999523
30,fixed_manifest,block_04_norm1,layer_norm,GPU,314845.43519999523,314867.5647999952
28,fixed_manifest,block_09_proj,linear_projection,GPU,314867.5647999952,315019.8089599952
30,fixed_manifest,block_04_qkv,linear_qkv,GPU,315019.8089599952,315462.54143999517
29,fixed_manifest,block_06_ffn_island,fused_ffn_island,FPGA,315028.89279999497,315361.640319995
31,fixed_manifest,block_00_residual2,residual_add,GPU,315462.54143999517,315480.8886399952
28,fixed_manifest,block_09_residual1,residual_add,GPU,315480.8886399952,315499.23583999515
30,fixed_manifest,block_04_attention,self_attention,GPU,315499.23583999515,315655.2623999952
31,fixed_manifest,block_01_norm1,layer_norm,GPU,315655.2623999952,315677.39199999516
28,fixed_manifest,block_09_norm2,layer_norm,GPU,315677.39199999516,315699.52159999515
29,fixed_manifest,block_06_residual2,residual_add,GPU,315699.52159999515,315717.86879999517
30,fixed_manifest,block_04_proj,linear_projection,GPU,315717.86879999517,315870.1129599951
28,fixed_manifest,block_09_ffn_island,fused_ffn_island,FPGA,315858.28639999515,316191.0339199951
31,fixed_manifest,block_01_qkv,linear_qkv,GPU,315870.1129599951,316312.8454399951
29,fixed_manifest,block_07_norm1,layer_norm,GPU,316312.8454399951,316334.9750399951
30,fixed_manifest,block_04_residual1,residual_add,GPU,316334.9750399951,316353.32223999506
31,fixed_manifest,block_01_attention,self_attention,GPU,316353.32223999506,316509.3487999951
29,fixed_manifest,block_07_qkv,linear_qkv,GPU,316509.3487999951,316952.0812799951
28,fixed_manifest,block_09_residual2,residual_add,GPU,316952.0812799951,316970.42847999505
30,fixed_manifest,block_04_norm2,layer_norm,GPU,316970.42847999505,316992.55807999504
31,fixed_manifest,block_01_proj,linear_projection,GPU,316992.55807999504,317144.80223999504
29,fixed_manifest,block_07_attention,self_attention,GPU,317144.80223999504,317300.82879999507
30,fixed_manifest,block_04_ffn_island,fused_ffn_island,FPGA,317151.32287999504,317484.070399995
28,fixed_manifest,block_10_norm1,layer_norm,GPU,317300.82879999507,317322.958399995
31,fixed_manifest,block_01_residual1,residual_add,GPU,317322.958399995,317341.305599995
29,fixed_manifest,block_07_proj,linear_projection,GPU,317341.305599995,317493.549759995
28,fixed_manifest,block_10_qkv,linear_qkv,GPU,317493.549759995,317936.28223999497
31,fixed_manifest,block_01_norm2,layer_norm,GPU,317936.28223999497,317958.41183999495
29,fixed_manifest,block_07_residual1,residual_add,GPU,317958.41183999495,317976.75903999497
30,fixed_manifest,block_04_residual2,residual_add,GPU,317976.75903999497,317995.10623999493
28,fixed_manifest,block_10_attention,self_attention,GPU,317995.10623999493,318151.13279999496
31,fixed_manifest,block_01_ffn_island,fused_ffn_island,FPGA,318117.17663999496,318449.92415999493
29,fixed_manifest,block_07_norm2,layer_norm,GPU,318151.13279999496,318173.26239999494
30,fixed_manifest,block_05_norm1,layer_norm,GPU,318173.26239999494,318195.3919999949
28,fixed_manifest,block_10_proj,linear_projection,GPU,318195.3919999949,318347.6361599949
30,fixed_manifest,block_05_qkv,linear_qkv,GPU,318347.6361599949,318790.3686399949
29,fixed_manifest,block_07_ffn_island,fused_ffn_island,FPGA,318673.50015999493,319006.24767999497
28,fixed_manifest,block_10_residual1,residual_add,GPU,318790.3686399949,318808.7158399949
31,fixed_manifest,block_01_residual2,residual_add,GPU,318808.7158399949,318827.06303999486
30,fixed_manifest,block_05_attention,self_attention,GPU,318827.06303999486,318983.0895999949
28,fixed_manifest,block_10_norm2,layer_norm,GPU,318983.0895999949,319005.21919999487
31,fixed_manifest,block_02_norm1,layer_norm,GPU,319005.21919999487,319027.34879999486
30,fixed_manifest,block_05_proj,linear_projection,GPU,319027.34879999486,319179.5929599948
31,fixed_manifest,block_02_qkv,linear_qkv,GPU,319179.5929599948,319622.3254399948
28,fixed_manifest,block_10_ffn_island,fused_ffn_island,FPGA,319229.82367999497,319562.571199995
30,fixed_manifest,block_05_residual1,residual_add,GPU,319622.3254399948,319640.67263999477
29,fixed_manifest,block_07_residual2,residual_add,GPU,319640.67263999477,319659.0198399948
31,fixed_manifest,block_02_attention,self_attention,GPU,319659.0198399948,319815.0463999948
30,fixed_manifest,block_05_norm2,layer_norm,GPU,319815.0463999948,319837.1759999948
29,fixed_manifest,block_08_norm1,layer_norm,GPU,319837.1759999948,319859.3055999948
28,fixed_manifest,block_10_residual2,residual_add,GPU,319859.3055999948,319877.65279999474
31,fixed_manifest,block_02_proj,linear_projection,GPU,319877.65279999474,320029.89695999474
30,fixed_manifest,block_05_ffn_island,fused_ffn_island,FPGA,319995.94079999474,320328.6883199948
29,fixed_manifest,block_08_qkv,linear_qkv,GPU,320029.89695999474,320472.6294399947
28,fixed_manifest,block_11_norm1,layer_norm,GPU,320472.6294399947,320494.7590399947
32,fixed_manifest,patch_embedding,patch_embedding,GPU,320494.7590399947,320646.2659199947
31,fixed_manifest,block_02_residual1,residual_add,GPU,320646.2659199947,320664.61311999464
29,fixed_manifest,block_08_attention,self_attention,GPU,320664.61311999464,320820.63967999467
30,fixed_manifest,block_05_residual2,residual_add,GPU,320820.63967999467,320838.9868799947
28,fixed_manifest,block_11_qkv,linear_qkv,GPU,320838.9868799947,321281.7193599947
32,fixed_manifest,token_embedding,token_and_position_embedding,GPU,321281.7193599947,321300.06655999465
31,fixed_manifest,block_02_norm2,layer_norm,GPU,321300.06655999465,321322.19615999464
29,fixed_manifest,block_08_proj,linear_projection,GPU,321322.19615999464,321474.44031999464
30,fixed_manifest,block_06_norm1,layer_norm,GPU,321474.44031999464,321496.56991999457
31,fixed_manifest,block_02_ffn_island,fused_ffn_island,FPGA,321480.96095999464,321813.7084799946
28,fixed_manifest,block_11_attention,self_attention,GPU,321496.56991999457,321652.5964799946
32,fixed_manifest,block_00_norm1,layer_norm,GPU,321652.5964799946,321674.7260799946
29,fixed_manifest,block_08_residual1,residual_add,GPU,321674.7260799946,321693.0732799946
30,fixed_manifest,block_06_qkv,linear_qkv,GPU,321693.0732799946,322135.80575999455
28,fixed_manifest,block_11_proj,linear_projection,GPU,322135.80575999455,322288.04991999455
32,fixed_manifest,block_00_qkv,linear_qkv,GPU,322288.04991999455,322730.78239999455
29,fixed_manifest,block_08_norm2,layer_norm,GPU,322730.78239999455,322752.9119999945
31,fixed_manifest,block_02_residual2,residual_add,GPU,322752.9119999945,322771.2591999945
30,fixed_manifest,block_06_attention,self_attention,GPU,322771.2591999945,322927.2857599945
29,fixed_manifest,block_08_ffn_island,fused_ffn_island,FPGA,322911.6767999945,323244.4243199945
28,fixed_manifest,block_11_residual1,residual_add,GPU,322927.2857599945,322945.6329599945
32,fixed_manifest,block_00_attention,self_attention,GPU,322945.6329599945,323101.6595199945
31,fixed_manifest,block_03_norm1,layer_norm,GPU,323101.6595199945,323123.7891199945
30,fixed_manifest,block_06_proj,linear_projection,GPU,323123.7891199945,323276.0332799945
28,fixed_manifest,block_11_norm2,layer_norm,GPU,323276.0332799945,323298.1628799945
32,fixed_manifest,block_00_proj,linear_projection,GPU,323298.1628799945,323450.40703999443
31,fixed_manifest,block_03_qkv,linear_qkv,GPU,323450.40703999443,323893.13951999444
28,fixed_manifest,block_11_ffn_island,fused_ffn_island,FPGA,323468.0003199945,323800.7478399945
30,fixed_manifest,block_06_residual1,residual_add,GPU,323893.13951999444,323911.4867199944
29,fixed_manifest,block_08_residual2,residual_add,GPU,323911.4867199944,323929.8339199944
32,fixed_manifest,block_00_residual1,residual_add,GPU,323929.8339199944,323948.1811199944
31,fixed_manifest,block_03_attention,self_attention,GPU,323948.1811199944,324104.2076799944
30,fixed_manifest,block_06_norm2,layer_norm,GPU,324104.2076799944,324126.3372799944
29,fixed_manifest,block_09_norm1,layer_norm,GPU,324126.3372799944,324148.4668799944
32,fixed_manifest,block_00_norm2,layer_norm,GPU,324148.4668799944,324170.59647999436
28,fixed_manifest,block_11_residual2,residual_add,GPU,324170.59647999436,324188.9436799943
31,fixed_manifest,block_03_proj,linear_projection,GPU,324188.9436799943,324341.1878399943
30,fixed_manifest,block_06_ffn_island,fused_ffn_island,FPGA,324285.1020799944,324617.8495999944
29,fixed_manifest,block_09_qkv,linear_qkv,GPU,324341.1878399943,324783.92031999433
28,fixed_manifest,final_norm,layer_norm,GPU,324783.92031999433,324806.0499199943
31,fixed_manifest,block_03_residual1,residual_add,GPU,324806.0499199943,324824.3971199943
29,fixed_manifest,block_09_attention,self_attention,GPU,324824.3971199943,324980.4236799943
32,fixed_manifest,block_00_ffn_island,fused_ffn_island,FPGA,324841.4255999944,325174.1731199944
28,fixed_manifest,class_token_select,class_token_select,GPU,324980.4236799943,324987.4620799943
31,fixed_manifest,block_03_norm2,layer_norm,GPU,324987.4620799943,325009.59167999425
30,fixed_manifest,block_06_residual2,residual_add,GPU,325009.59167999425,325027.93887999427
29,fixed_manifest,block_09_proj,linear_projection,GPU,325027.93887999427,325180.18303999427
28,fixed_manifest,classifier,linear_classifier,GPU,325180.18303999427,325188.14303999423
30,fixed_manifest,block_07_norm1,layer_norm,GPU,325188.14303999423,325210.2726399942
29,fixed_manifest,block_09_residual1,residual_add,GPU,325210.2726399942,325228.6198399942
30,fixed_manifest,block_07_qkv,linear_qkv,GPU,325228.6198399942,325671.3523199942
31,fixed_manifest,block_03_ffn_island,fused_ffn_island,FPGA,325397.7491199944,325730.49663999444
29,fixed_manifest,block_09_norm2,layer_norm,GPU,325671.3523199942,325693.48191999417
32,fixed_manifest,block_00_residual2,residual_add,GPU,325693.48191999417,325711.82911999413
30,fixed_manifest,block_07_attention,self_attention,GPU,325711.82911999413,325867.85567999416
32,fixed_manifest,block_01_norm1,layer_norm,GPU,325867.85567999416,325889.98527999414
30,fixed_manifest,block_07_proj,linear_projection,GPU,325889.98527999414,326042.2294399941
29,fixed_manifest,block_09_ffn_island,fused_ffn_island,FPGA,325954.07263999444,326286.8201599944
32,fixed_manifest,block_01_qkv,linear_qkv,GPU,326042.2294399941,326484.9619199941
31,fixed_manifest,block_03_residual2,residual_add,GPU,326484.9619199941,326503.3091199941
30,fixed_manifest,block_07_residual1,residual_add,GPU,326503.3091199941,326521.6563199941
29,fixed_manifest,block_09_residual2,residual_add,GPU,326521.6563199941,326540.0035199941
32,fixed_manifest,block_01_attention,self_attention,GPU,326540.0035199941,326696.0300799941
31,fixed_manifest,block_04_norm1,layer_norm,GPU,326696.0300799941,326718.15967999405
30,fixed_manifest,block_07_norm2,layer_norm,GPU,326718.15967999405,326740.28927999403
29,fixed_manifest,block_10_norm1,layer_norm,GPU,326740.28927999403,326762.418879994
32,fixed_manifest,block_01_proj,linear_projection,GPU,326762.418879994,326914.663039994
30,fixed_manifest,block_07_ffn_island,fused_ffn_island,FPGA,326899.05407999404,327231.80159999407
31,fixed_manifest,block_04_qkv,linear_qkv,GPU,326914.663039994,327357.39551999397
29,fixed_manifest,block_10_qkv,linear_qkv,GPU,327357.39551999397,327800.127999994
32,fixed_manifest,block_01_residual1,residual_add,GPU,327800.127999994,327818.475199994
31,fixed_manifest,block_04_attention,self_attention,GPU,327818.475199994,327974.50175999396
30,fixed_manifest,block_07_residual2,residual_add,GPU,327974.50175999396,327992.848959994
29,fixed_manifest,block_10_attention,self_attention,GPU,327992.848959994,328148.875519994
32,fixed_manifest,block_01_norm2,layer_norm,GPU,328148.875519994,328171.005119994
31,fixed_manifest,block_04_proj,linear_projection,GPU,328171.005119994,328323.24927999394
30,fixed_manifest,block_08_norm1,layer_norm,GPU,328323.24927999394,328345.3788799939
32,fixed_manifest,block_01_ffn_island,fused_ffn_island,FPGA,328329.76991999394,328662.517439994
29,fixed_manifest,block_10_proj,linear_projection,GPU,328345.3788799939,328497.6230399939
31,fixed_manifest,block_04_residual1,residual_add,GPU,328497.6230399939,328515.9702399939
30,fixed_manifest,block_08_qkv,linear_qkv,GPU,328515.9702399939,328958.7027199939
29,fixed_manifest,block_10_residual1,residual_add,GPU,328958.7027199939,328977.0499199939
31,fixed_manifest,block_04_norm2,layer_norm,GPU,328977.0499199939,328999.17951999384
32,fixed_manifest,block_01_residual2,residual_add,GPU,328999.17951999384,329017.52671999385
30,fixed_manifest,block_08_attention,self_attention,GPU,329017.52671999385,329173.5532799939
31,fixed_manifest,block_04_ffn_island,fused_ffn_island,FPGA,329157.94431999384,329490.6918399939
29,fixed_manifest,block_10_norm2,layer_norm,GPU,329173.5532799939,329195.68287999387
32,fixed_manifest,block_02_norm1,layer_norm,GPU,329195.68287999387,329217.8124799938
30,fixed_manifest,block_08_proj,linear_projection,GPU,329217.8124799938,329370.0566399938
32,fixed_manifest,block_02_qkv,linear_qkv,GPU,329370.0566399938,329812.7891199938
29,fixed_manifest,block_10_ffn_island,fused_ffn_island,FPGA,329714.2678399939,330047.01535999385
30,fixed_manifest,block_08_residual1,residual_add,GPU,329812.7891199938,329831.13631999376
31,fixed_manifest,block_04_residual2,residual_add,GPU,329831.13631999376,329849.4835199938
32,fixed_manifest,block_02_attention,self_attention,GPU,329849.4835199938,330005.5100799938
30,fixed_manifest,block_08_norm2,layer_norm,GPU,330005.5100799938,330027.6396799938
31,fixed_manifest,block_05_norm1,layer_norm,GPU,330027.6396799938,330049.7692799937
33,fixed_manifest,patch_embedding,patch_embedding,GPU,330049.7692799937,330201.2761599937
32,fixed_manifest,block_02_proj,linear_projection,GPU,330201.2761599937,330353.5203199937
30,fixed_manifest,block_08_ffn_island,fused_ffn_island,FPGA,330270.59135999385,330603.3388799939
31,fixed_manifest,block_05_qkv,linear_qkv,GPU,330353.5203199937,330796.2527999937
33,fixed_manifest,token_embedding,token_and_position_embedding,GPU,330796.2527999937,330814.5999999937
29,fixed_manifest,block_10_residual2,residual_add,GPU,330814.5999999937,330832.94719999365
32,fixed_manifest,block_02_residual1,residual_add,GPU,330832.94719999365,330851.29439999367
30,fixed_manifest,block_08_residual2,residual_add,GPU,330851.29439999367,330869.6415999936
31,fixed_manifest,block_05_attention,self_attention,GPU,330869.6415999936,331025.66815999366
33,fixed_manifest,block_00_norm1,layer_norm,GPU,331025.66815999366,331047.79775999364
29,fixed_manifest,block_11_norm1,layer_norm,GPU,331047.79775999364,331069.9273599936
32,fixed_manifest,block_02_norm2,layer_norm,GPU,331069.9273599936,331092.0569599936
30,fixed_manifest,block_09_norm1,layer_norm,GPU,331092.0569599936,331114.1865599936
31,fixed_manifest,block_05_proj,linear_projection,GPU,331114.1865599936,331266.43071999354
32,fixed_manifest,block_02_ffn_island,fused_ffn_island,FPGA,331250.8217599936,331583.5692799936
33,fixed_manifest,block_00_qkv,linear_qkv,GPU,331266.43071999354,331709.16319999355
29,fixed_manifest,block_11_qkv,linear_qkv,GPU,331709.16319999355,332151.89567999355
30,fixed_manifest,block_09_qkv,linear_qkv,GPU,332151.89567999355,332594.6281599935
31,fixed_manifest,block_05_residual1,residual_add,GPU,332594.6281599935,332612.9753599935
33,fixed_manifest,block_00_attention,self_attention,GPU,332612.9753599935,332769.00191999355
32,fixed_manifest,block_02_residual2,residual_add,GPU,332769.00191999355,332787.3491199935
29,fixed_manifest,block_11_attention,self_attention,GPU,332787.3491199935,332943.37567999354
30,fixed_manifest,block_09_attention,self_attention,GPU,332943.37567999354,333099.40223999356
31,fixed_manifest,block_05_norm2,layer_norm,GPU,333099.40223999356,333121.53183999355
33,fixed_manifest,block_00_proj,linear_projection,GPU,333121.53183999355,333273.77599999355
32,fixed_manifest,block_03_norm1,layer_norm,GPU,333273.77599999355,333295.9055999935
31,fixed_manifest,block_05_ffn_island,fused_ffn_island,FPGA,333280.29663999355,333613.04415999353
29,fixed_manifest,block_11_proj,linear_projection,GPU,333295.9055999935,333448.1497599935
30,fixed_manifest,block_09_proj,linear_projection,GPU,333448.1497599935,333600.3939199935
33,fixed_manifest,block_00_residual1,residual_add,GPU,333600.3939199935,333618.74111999344
32,fixed_manifest,block_03_qkv,linear_qkv,GPU,333618.74111999344,334061.47359999345
29,fixed_manifest,block_11_residual1,residual_add,GPU,334061.47359999345,334079.8207999934
30,fixed_manifest,block_09_residual1,residual_add,GPU,334079.8207999934,334098.1679999934
33,fixed_manifest,block_00_norm2,layer_norm,GPU,334098.1679999934,334120.2975999934
31,fixed_manifest,block_05_residual2,residual_add,GPU,334120.2975999934,334138.6447999934
32,fixed_manifest,block_03_attention,self_attention,GPU,334138.6447999934,334294.6713599934
33,fixed_manifest,block_00_ffn_island,fused_ffn_island,FPGA,334279.06239999336,334611.8099199934
29,fixed_manifest,block_11_norm2,layer_norm,GPU,334294.6713599934,334316.8009599934
30,fixed_manifest,block_09_norm2,layer_norm,GPU,334316.8009599934,334338.9305599934
31,fixed_manifest,block_06_norm1,layer_norm,GPU,334338.9305599934,334361.06015999336
32,fixed_manifest,block_03_proj,linear_projection,GPU,334361.06015999336,334513.3043199933
31,fixed_manifest,block_06_qkv,linear_qkv,GPU,334513.3043199933,334956.0367999933
29,fixed_manifest,block_11_ffn_island,fused_ffn_island,FPGA,334835.3859199934,335168.1334399934
32,fixed_manifest,block_03_residual1,residual_add,GPU,334956.0367999933,334974.3839999933
33,fixed_manifest,block_00_residual2,residual_add,GPU,334974.3839999933,334992.7311999933
31,fixed_manifest,block_06_attention,self_attention,GPU,334992.7311999933,335148.7577599933
32,fixed_manifest,block_03_norm2,layer_norm,GPU,335148.7577599933,335170.8873599933
33,fixed_manifest,block_01_norm1,layer_norm,GPU,335170.8873599933,335193.0169599933
31,fixed_manifest,block_06_proj,linear_projection,GPU,335193.0169599933,335345.2611199932
33,fixed_manifest,block_01_qkv,linear_qkv,GPU,335345.2611199932,335787.99359999323
30,fixed_manifest,block_09_ffn_island,fused_ffn_island,FPGA,335391.7094399934,335724.4569599934
31,fixed_manifest,block_06_residual1,residual_add,GPU,335787.99359999323,335806.3407999932
29,fixed_manifest,block_11_residual2,residual_add,GPU,335806.3407999932,335824.6879999932
33,fixed_manifest,block_01_attention,self_attention,GPU,335824.6879999932,335980.71455999324
32,fixed_manifest,block_03_ffn_island,fused_ffn_island,FPGA,335948.0329599934,336280.78047999344
31,fixed_manifest,block_06_norm2,layer_norm,GPU,335980.71455999324,336002.8441599932
29,fixed_manifest,final_norm,layer_norm,GPU,336002.8441599932,336024.9737599932
30,fixed_manifest,block_09_residual2,residual_add,GPU,336024.9737599932,336043.3209599932
33,fixed_manifest,block_01_proj,linear_projection,GPU,336043.3209599932,336195.5651199932
29,fixed_manifest,class_token_select,class_token_select,GPU,336195.5651199932,336202.60351999314
30,fixed_manifest,block_10_norm1,layer_norm,GPU,336202.60351999314,336224.7331199931
33,fixed_manifest,block_01_residual1,residual_add,GPU,336224.7331199931,336243.08031999314
29,fixed_manifest,classifier,linear_classifier,GPU,336243.08031999314,336251.0403199931
30,fixed_manifest,block_10_qkv,linear_qkv,GPU,336251.0403199931,336693.77279999305
31,fixed_manifest,block_06_ffn_island,fused_ffn_island,FPGA,336504.35647999344,336837.1039999935
33,fixed_manifest,block_01_norm2,layer_norm,GPU,336693.77279999305,336715.90239999304
32,fixed_manifest,block_03_residual2,residual_add,GPU,336715.90239999304,336734.24959999305
30,fixed_manifest,block_10_attention,self_attention,GPU,336734.24959999305,336890.2761599931
32,fixed_manifest,block_04_norm1,layer_norm,GPU,336890.2761599931,336912.40575999307
30,fixed_manifest,block_10_proj,linear_projection,GPU,336912.40575999307,337064.649919993
33,fixed_manifest,block_01_ffn_island,fused_ffn_island,FPGA,337060.6799999935,337393.42751999345
32,fixed_manifest,block_04_qkv,linear_qkv,GPU,337064.649919993,337507.382399993
31,fixed_manifest,block_06_residual2,residual_add,GPU,337507.382399993,337525.729599993
30,fixed_manifest,block_10_residual1,residual_add,GPU,337525.729599993,337544.076799993
32,fixed_manifest,block_04_attention,self_attention,GPU,337544.076799993,337700.103359993
31,fixed_manifest,block_07_norm1,layer_norm,GPU,337700.103359993,337722.232959993
30,fixed_manifest,block_10_norm2,layer_norm,GPU,337722.232959993,337744.36255999294
33,fixed_manifest,block_01_residual2,residual_add,GPU,337744.36255999294,337762.70975999295
32,fixed_manifest,block_04_proj,linear_projection,GPU,337762.70975999295,337914.95391999296
30,fixed_manifest,block_10_ffn_island,fused_ffn_island,FPGA,337903.12735999294,338235.874879993
31,fixed_manifest,block_07_qkv,linear_qkv,GPU,337914.95391999296,338357.6863999929
33,fixed_manifest,block_02_norm1,layer_norm,GPU,338357.6863999929,338379.8159999929
32,fixed_manifest,block_04_residual1,residual_add,GPU,338379.8159999929,338398.1631999929
31,fixed_manifest,block_07_attention,self_attention,GPU,338398.1631999929,338554.18975999294
33,fixed_manifest,block_02_qkv,linear_qkv,GPU,338554.18975999294,338996.9222399929
30,fixed_manifest,block_10_residual2,residual_add,GPU,338996.9222399929,339015.2694399929
32,fixed_manifest,block_04_norm2,layer_norm,GPU,339015.2694399929,339037.3990399929
31,fixed_manifest,block_07_proj,linear_projection,GPU,339037.3990399929,339189.64319999283
33,fixed_manifest,block_02_attention,self_attention,GPU,339189.64319999283,339345.66975999286
32,fixed_manifest,block_04_ffn_island,fused_ffn_island,FPGA,339196.16383999283,339528.91135999287
30,fixed_manifest,block_11_norm1,layer_norm,GPU,339345.66975999286,339367.79935999284
31,fixed_manifest,block_07_residual1,residual_add,GPU,339367.79935999284,339386.1465599928
33,fixed_manifest,block_02_proj,linear_projection,GPU,339386.1465599928,339538.3907199928
30,fixed_manifest,block_11_qkv,linear_qkv,GPU,339538.3907199928,339981.1231999928
31,fixed_manifest,block_07_norm2,layer_norm,GPU,339981.1231999928,340003.2527999928
33,fixed_manifest,block_02_residual1,residual_add,GPU,340003.2527999928,340021.59999999276
32,fixed_manifest,block_04_residual2,residual_add,GPU,340021.59999999276,340039.9471999928
30,fixed_manifest,block_11_attention,self_attention,GPU,340039.9471999928,340195.9737599928
31,fixed_manifest,block_07_ffn_island,fused_ffn_island,FPGA,340162.01759999275,340494.7651199928
34,fixed_manifest,patch_embedding,patch_embedding,GPU,340195.9737599928,340347.48063999275
33,fixed_manifest,block_02_norm2,layer_norm,GPU,340347.48063999275,340369.61023999273
32,fixed_manifest,block_05_norm1,layer_norm,GPU,340369.61023999273,340391.7398399927
30,fixed_manifest,block_11_proj,linear_projection,GPU,340391.7398399927,340543.9839999927
34,fixed_manifest,token_embedding,token_and_position_embedding,GPU,340543.9839999927,340562.3311999927
32,fixed_manifest,block_05_qkv,linear_qkv,GPU,340562.3311999927,341005.0636799927
33,fixed_manifest,block_02_ffn_island,fused_ffn_island,FPGA,340718.3411199928,341051.08863999275
30,fixed_manifest,block_11_residual1,residual_add,GPU,341005.0636799927,341023.41087999265
34,fixed_manifest,block_00_norm1,layer_norm,GPU,341023.41087999265,341045.54047999263
31,fixed_manifest,block_07_residual2,residual_add,GPU,341045.54047999263,341063.88767999265
32,fixed_manifest,block_05_attention,self_attention,GPU,341063.88767999265,341219.9142399927
30,fixed_manifest,block_11_norm2,layer_norm,GPU,341219.9142399927,341242.0438399926
34,fixed_manifest,block_00_qkv,linear_qkv,GPU,341242.0438399926,341684.7763199926
30,fixed_manifest,block_11_ffn_island,fused_ffn_island,FPGA,341400.8086399926,341733.55615999264
31,fixed_manifest,block_08_norm1,layer_norm,GPU,341684.7763199926,341706.9059199926
33,fixed_manifest,block_02_residual2,residual_add,GPU,341706.9059199926,341725.25311999256
32,fixed_manifest,block_05_proj,linear_projection,GPU,341725.25311999256,341877.49727999256
34,fixed_manifest,block_00_attention,self_attention,GPU,341877.49727999256,342033.5238399926
31,fixed_manifest,block_08_qkv,linear_qkv,GPU,342033.5238399926,342476.2563199926
33,fixed_manifest,block_03_norm1,layer_norm,GPU,342476.2563199926,342498.3859199925
32,fixed_manifest,block_05_residual1,residual_add,GPU,342498.3859199925,342516.73311999254
30,fixed_manifest,block_11_residual2,residual_add,GPU,342516.73311999254,342535.0803199925
34,fixed_manifest,block_00_proj,linear_projection,GPU,342535.0803199925,342687.3244799925
31,fixed_manifest,block_08_attention,self_attention,GPU,342687.3244799925,342843.3510399925
33,fixed_manifest,block_03_qkv,linear_qkv,GPU,342843.3510399925,343286.08351999254
32,fixed_manifest,block_05_norm2,layer_norm,GPU,343286.08351999254,343308.21311999246
30,fixed_manifest,final_norm,layer_norm,GPU,343308.21311999246,343330.34271999245
34,fixed_manifest,block_00_residual1,residual_add,GPU,343330.34271999245,343348.68991999247
31,fixed_manifest,block_08_proj,linear_projection,GPU,343348.68991999247,343500.9340799924
32,fixed_manifest,block_05_ffn_island,fused_ffn_island,FPGA,343466.97791999247,343799.7254399925
33,fixed_manifest,block_03_attention,self_attention,GPU,343500.9340799924,343656.96063999244
30,fixed_manifest,class_token_select,class_token_select,GPU,343656.96063999244,343663.99903999246
34,fixed_manifest,block_00_norm2,layer_norm,GPU,343663.99903999246,343686.12863999244
31,fixed_manifest,block_08_residual1,residual_add,GPU,343686.12863999244,343704.4758399924
33,fixed_manifest,block_03_proj,linear_projection,GPU,343704.4758399924,343856.7199999924
30,fixed_manifest,classifier,linear_classifier,GPU,343856.7199999924,343864.67999999237
31,fixed_manifest,block_08_norm2,layer_norm,GPU,343864.67999999237,343886.80959999235
33,fixed_manifest,block_03_residual1,residual_add,GPU,343886.80959999235,343905.1567999923
33,fixed_manifest,block_03_norm2,layer_norm,GPU,343905.1567999923,343927.2863999923
32,fixed_manifest,block_05_residual2,residual_add,GPU,344023.3014399925,344041.64863999246
34,fixed_manifest,block_00_ffn_island,fused_ffn_island,FPGA,344023.3014399925,344356.0489599925
32,fixed_manifest,block_06_norm1,layer_norm,GPU,344041.64863999246,344063.77823999245
32,fixed_manifest,block_06_qkv,linear_qkv,GPU,344063.77823999245,344506.51071999245
32,fixed_manifest,block_06_attention,self_attention,GPU,344506.51071999245,344662.5372799925
31,fixed_manifest,block_08_ffn_island,fused_ffn_island,FPGA,344579.6249599925,344912.3724799925
34,fixed_manifest,block_00_residual2,residual_add,GPU,344662.5372799925,344680.88447999244
32,fixed_manifest,block_06_proj,linear_projection,GPU,344680.88447999244,344833.12863999244
34,fixed_manifest,block_01_norm1,layer_norm,GPU,344833.12863999244,344855.2582399924
32,fixed_manifest,block_06_residual1,residual_add,GPU,344855.2582399924,344873.6054399924
34,fixed_manifest,block_01_qkv,linear_qkv,GPU,344873.6054399924,345316.3379199924
33,fixed_manifest,block_03_ffn_island,fused_ffn_island,FPGA,345135.9484799925,345468.69599999255
32,fixed_manifest,block_06_norm2,layer_norm,GPU,345316.3379199924,345338.4675199924
31,fixed_manifest,block_08_residual2,residual_add,GPU,345338.4675199924,345356.81471999234
34,fixed_manifest,block_01_attention,self_attention,GPU,345356.81471999234,345512.84127999237
31,fixed_manifest,block_09_norm1,layer_norm,GPU,345512.84127999237,345534.97087999235
34,fixed_manifest,block_01_proj,linear_projection,GPU,345534.97087999235,345687.21503999236
31,fixed_manifest,block_09_qkv,linear_qkv,GPU,345687.21503999236,346129.9475199923
32,fixed_manifest,block_06_ffn_island,fused_ffn_island,FPGA,345692.27199999255,346025.0195199925
34,fixed_manifest,block_01_residual1,residual_add,GPU,346129.9475199923,346148.2947199923
33,fixed_manifest,block_03_residual2,residual_add,GPU,346148.2947199923,346166.6419199923
31,fixed_manifest,block_09_attention,self_attention,GPU,346166.6419199923,346322.6684799923
34,fixed_manifest,block_01_norm2,layer_norm,GPU,346322.6684799923,346344.7980799923
33,fixed_manifest,block_04_norm1,layer_norm,GPU,346344.7980799923,346366.9276799923
32,fixed_manifest,block_06_residual2,residual_add,GPU,346366.9276799923,346385.27487999224
31,fixed_manifest,block_09_proj,linear_projection,GPU,346385.27487999224,346537.51903999224
34,fixed_manifest,block_01_ffn_island,fused_ffn_island,FPGA,346503.5628799923,346836.3103999923
33,fixed_manifest,block_04_qkv,linear_qkv,GPU,346537.51903999224,346980.25151999225
32,fixed_manifest,block_07_norm1,layer_norm,GPU,346980.25151999225,347002.38111999223
31,fixed_manifest,block_09_residual1,residual_add,GPU,347002.38111999223,347020.7283199922
33,fixed_manifest,block_04_attention,self_attention,GPU,347020.7283199922,347176.7548799922
34,fixed_manifest,block_01_residual2,residual_add,GPU,347176.7548799922,347195.10207999224
32,fixed_manifest,block_07_qkv,linear_qkv,GPU,347195.10207999224,347637.8345599922
31,fixed_manifest,block_09_norm2,layer_norm,GPU,347637.8345599922,347659.9641599922
33,fixed_manifest,block_04_proj,linear_projection,GPU,347659.9641599922,347812.2083199922
34,fixed_manifest,block_02_norm1,layer_norm,GPU,347812.2083199922,347834.3379199921
31,fixed_manifest,block_09_ffn_island,fused_ffn_island,FPGA,347818.7289599922,348151.47647999215
32,fixed_manifest,block_07_attention,self_attention,GPU,347834.3379199921,347990.36447999213
33,fixed_manifest,block_04_residual1,residual_add,GPU,347990.36447999213,348008.71167999215
34,fixed_manifest,block_02_qkv,linear_qkv,GPU,348008.71167999215,348451.44415999216
32,fixed_manifest,block_07_proj,linear_projection,GPU,348451.44415999216,348603.6883199921
33,fixed_manifest,block_04_norm2,layer_norm,GPU,348603.6883199921,348625.8179199921
31,fixed_manifest,block_09_residual2,residual_add,GPU,348625.8179199921,348644.1651199921
34,fixed_manifest,block_02_attention,self_attention,GPU,348644.1651199921,348800.1916799921
33,fixed_manifest,block_04_ffn_island,fused_ffn_island,FPGA,348784.5827199921,349117.33023999206
32,fixed_manifest,block_07_residual1,residual_add,GPU,348800.1916799921,348818.5388799921
31,fixed_manifest,block_10_norm1,layer_norm,GPU,348818.5388799921,348840.6684799921
34,fixed_manifest,block_02_proj,linear_projection,GPU,348840.6684799921,348992.912639992
32,fixed_manifest,block_07_norm2,layer_norm,GPU,348992.912639992,349015.042239992
31,fixed_manifest,block_10_qkv,linear_qkv,GPU,349015.042239992,349457.774719992
32,fixed_manifest,block_07_ffn_island,fused_ffn_island,FPGA,349340.90623999207,349673.6537599921
34,fixed_manifest,block_02_residual1,residual_add,GPU,349457.774719992,349476.121919992
33,fixed_manifest,block_04_residual2,residual_add,GPU,349476.121919992,349494.469119992
31,fixed_manifest,block_10_attention,self_attention,GPU,349494.469119992,349650.495679992
34,fixed_manifest,block_02_norm2,layer_norm,GPU,349650.495679992,349672.625279992
33,fixed_manifest,block_05_norm1,layer_norm,GPU,349672.625279992,349694.754879992
31,fixed_manifest,block_10_proj,linear_projection,GPU,349694.754879992,349846.99903999193
33,fixed_manifest,block_05_qkv,linear_qkv,GPU,349846.99903999193,350289.73151999194
34,fixed_manifest,block_02_ffn_island,fused_ffn_island,FPGA,349897.2297599921,350229.97727999213
31,fixed_manifest,block_10_residual1,residual_add,GPU,350289.73151999194,350308.0787199919
32,fixed_manifest,block_07_residual2,residual_add,GPU,350308.0787199919,350326.4259199919
35,fixed_manifest,patch_embedding,patch_embedding,GPU,350326.4259199919,350477.9327999919
33,fixed_manifest,block_05_attention,self_attention,GPU,350477.9327999919,350633.95935999195
31,fixed_manifest,block_10_norm2,layer_norm,GPU,350633.95935999195,350656.0889599919
32,fixed_manifest,block_08_norm1,layer_norm,GPU,350656.0889599919,350678.21855999186
34,fixed_manifest,block_02_residual2,residual_add,GPU,350678.21855999186,350696.5657599919
35,fixed_manifest,token_embedding,token_and_position_embedding,GPU,350696.5657599919,350714.91295999184
33,fixed_manifest,block_05_proj,linear_projection,GPU,350714.91295999184,350867.15711999184
31,fixed_manifest,block_10_ffn_island,fused_ffn_island,FPGA,350814.8537599919,351147.6012799919
32,fixed_manifest,block_08_qkv,linear_qkv,GPU,350867.15711999184,351309.88959999185
34,fixed_manifest,block_03_norm1,layer_norm,GPU,351309.88959999185,351332.0191999918
35,fixed_manifest,block_00_norm1,layer_norm,GPU,351332.0191999918,351354.14879999176
33,fixed_manifest,block_05_residual1,residual_add,GPU,351354.14879999176,351372.4959999918
31,fixed_manifest,block_10_residual2,residual_add,GPU,351372.4959999918,351390.84319999174
32,fixed_manifest,block_08_attention,self_attention,GPU,351390.84319999174,351546.86975999177
34,fixed_manifest,block_03_qkv,linear_qkv,GPU,351546.86975999177,351989.6022399918
35,fixed_manifest,block_00_qkv,linear_qkv,GPU,351989.6022399918,352432.3347199917
33,fixed_manifest,block_05_norm2,layer_norm,GPU,352432.3347199917,352454.4643199917
31,fixed_manifest,block_11_norm1,layer_norm,GPU,352454.4643199917,352476.5939199917
32,fixed_manifest,block_08_proj,linear_projection,GPU,352476.5939199917,352628.8380799917
33,fixed_manifest,block_05_ffn_island,fused_ffn_island,FPGA,352613.2291199917,352945.97663999174
34,fixed_manifest,block_03_attention,self_attention,GPU,352628.8380799917,352784.8646399917
35,fixed_manifest,block_00_attention,self_attention,GPU,352784.8646399917,352940.89119999175
31,fixed_manifest,block_11_qkv,linear_qkv,GPU,352940.89119999175,353383.6236799917
32,fixed_manifest,block_08_residual1,residual_add,GPU,353383.6236799917,353401.9708799917
34,fixed_manifest,block_03_proj,linear_projection,GPU,353401.9708799917,353554.21503999166
35,fixed_manifest,block_00_proj,linear_projection,GPU,353554.21503999166,353706.45919999166
33,fixed_manifest,block_05_residual2,residual_add,GPU,353706.45919999166,353724.8063999917
31,fixed_manifest,block_11_attention,self_attention,GPU,353724.8063999917,353880.83295999165
32,fixed_manifest,block_08_norm2,layer_norm,GPU,353880.83295999165,353902.96255999163
34,fixed_manifest,block_03_residual1,residual_add,GPU,353902.96255999163,353921.30975999165
35,fixed_manifest,block_00_residual1,residual_add,GPU,353921.30975999165,353939.6569599916
33,fixed_manifest,block_06_norm1,layer_norm,GPU,353939.6569599916,353961.7865599916
31,fixed_manifest,block_11_proj,linear_projection,GPU,353961.7865599916,354114.0307199916
32,fixed_manifest,block_08_ffn_island,fused_ffn_island,FPGA,354061.72735999164,354394.47487999167
34,fixed_manifest,block_03_norm2,layer_norm,GPU,354114.0307199916,354136.1603199916
35,fixed_manifest,block_00_norm2,layer_norm,GPU,354136.1603199916,354158.28991999157
33,fixed_manifest,block_06_qkv,linear_qkv,GPU,354158.28991999157,354601.0223999915
31,fixed_manifest,block_11_residual1,residual_add,GPU,354601.0223999915,354619.36959999154
34,fixed_manifest,block_03_ffn_island,fused_ffn_island,FPGA,354618.0508799917,354950.79839999165
33,fixed_manifest,block_06_attention,self_attention,GPU,354619.36959999154,354775.39615999156
32,fixed_manifest,block_08_residual2,residual_add,GPU,354775.39615999156,354793.7433599915
31,fixed_manifest,block_11_norm2,layer_norm,GPU,354793.7433599915,354815.8729599915
33,fixed_manifest,block_06_proj,linear_projection,GPU,354815.8729599915,354968.1171199915
32,fixed_manifest,block_09_norm1,layer_norm,GPU,354968.1171199915,354990.24671999144
33,fixed_manifest,block_06_residual1,residual_add,GPU,354990.24671999144,355008.59391999146
32,fixed_manifest,block_09_qkv,linear_qkv,GPU,355008.59391999146,355451.32639999146
35,fixed_manifest,block_00_ffn_island,fused_ffn_island,FPGA,355174.37439999165,355507.1219199917
33,fixed_manifest,block_06_norm2,layer_norm,GPU,355451.32639999146,355473.4559999914
34,fixed_manifest,block_03_residual2,residual_add,GPU,355473.4559999914,355491.8031999914
32,fixed_manifest,block_09_attention,self_attention,GPU,355491.8031999914,355647.82975999144
34,fixed_manifest,block_04_norm1,layer_norm,GPU,355647.82975999144,355669.9593599914
32,fixed_manifest,block_09_proj,linear_projection,GPU,355669.9593599914,355822.20351999137
31,fixed_manifest,block_11_ffn_island,fused_ffn_island,FPGA,355730.6979199917,356063.4454399917
34,fixed_manifest,block_04_qkv,linear_qkv,GPU,355822.20351999137,356264.9359999914
35,fixed_manifest,block_00_residual2,residual_add,GPU,356264.9359999914,356283.2831999914
32,fixed_manifest,block_09_residual1,residual_add,GPU,356283.2831999914,356301.63039999135
33,fixed_manifest,block_06_ffn_island,fused_ffn_island,FPGA,356287.0214399917,356619.7689599917
34,fixed_manifest,block_04_attention,self_attention,GPU,356301.63039999135,356457.6569599914
35,fixed_manifest,block_01_norm1,layer_norm,GPU,356457.6569599914,356479.78655999136
31,fixed_manifest,block_11_residual2,residual_add,GPU,356479.78655999136,356498.1337599913
32,fixed_manifest,block_09_norm2,layer_norm,GPU,356498.1337599913,356520.2633599913
34,fixed_manifest,block_04_proj,linear_projection,GPU,356520.2633599913,356672.5075199913
35,fixed_manifest,block_01_qkv,linear_qkv,GPU,356672.5075199913,357115.23999999126
32,fixed_manifest,block_09_ffn_island,fused_ffn_island,FPGA,356843.3449599917,357176.0924799917
31,fixed_manifest,final_norm,layer_norm,GPU,357115.23999999126,357137.36959999125
34,fixed_manifest,block_04_residual1,residual_add,GPU,357137.36959999125,357155.71679999126
33,fixed_manifest,block_06_residual2,residual_add,GPU,357155.71679999126,357174.0639999912
35,fixed_manifest,block_01_attention,self_attention,GPU,357174.0639999912,357330.09055999125
31,fixed_manifest,class_token_select,class_token_select,GPU,357330.09055999125,357337.12895999127
34,fixed_manifest,block_04_norm2,layer_norm,GPU,357337.12895999127,357359.25855999126
33,fixed_manifest,block_07_norm1,layer_norm,GPU,357359.25855999126,357381.3881599912
35,fixed_manifest,block_01_proj,linear_projection,GPU,357381.3881599912,357533.6323199912
34,fixed_manifest,block_04_ffn_island,fused_ffn_island,FPGA,357518.0233599912,357850.77087999124
32,fixed_manifest,block_09_residual2,residual_add,GPU,357533.6323199912,357551.9795199912
31,fixed_manifest,classifier,linear_classifier,GPU,357551.9795199912,357559.93951999117
33,fixed_manifest,block_07_qkv,linear_qkv,GPU,357559.93951999117,358002.6719999911
35,fixed_manifest,block_01_residual1,residual_add,GPU,358002.6719999911,358021.01919999113
32,fixed_manifest,block_10_norm1,layer_norm,GPU,358021.01919999113,358043.1487999911
33,fixed_manifest,block_07_attention,self_attention,GPU,358043.1487999911,358199.17535999115
34,fixed_manifest,block_04_residual2,residual_add,GPU,358199.17535999115,358217.5225599911
35,fixed_manifest,block_01_norm2,layer_norm,GPU,358217.5225599911,358239.6521599911
32,fixed_manifest,block_10_qkv,linear_qkv,GPU,358239.6521599911,358682.3846399911
35,fixed_manifest,block_01_ffn_island,fused_ffn_island,FPGA,358398.4169599911,358731.1644799911
33,fixed_manifest,block_07_proj,linear_projection,GPU,358682.3846399911,358834.62879999104
34,fixed_manifest,block_05_norm1,layer_norm,GPU,358834.62879999104,358856.758399991
32,fixed_manifest,block_10_attention,self_attention,GPU,358856.758399991,359012.78495999106
33,fixed_manifest,block_07_residual1,residual_add,GPU,359012.78495999106,359031.1321599911
34,fixed_manifest,block_05_qkv,linear_qkv,GPU,359031.1321599911,359473.864639991
35,fixed_manifest,block_01_residual2,residual_add,GPU,359473.864639991,359492.21183999104
32,fixed_manifest,block_10_proj,linear_projection,GPU,359492.21183999104,359644.455999991
33,fixed_manifest,block_07_norm2,layer_norm,GPU,359644.455999991,359666.58559999097
34,fixed_manifest,block_05_attention,self_attention,GPU,359666.58559999097,359822.612159991
35,fixed_manifest,block_02_norm1,layer_norm,GPU,359822.612159991,359844.741759991
33,fixed_manifest,block_07_ffn_island,fused_ffn_island,FPGA,359825.350399991,360158.097919991
32,fixed_manifest,block_10_residual1,residual_add,GPU,359844.741759991,359863.088959991
34,fixed_manifest,block_05_proj,linear_projection,GPU,359863.088959991,360015.33311999094
35,fixed_manifest,block_02_qkv,linear_qkv,GPU,360015.33311999094,360458.06559999095
32,fixed_manifest,block_10_norm2,layer_norm,GPU,360458.06559999095,360480.19519999094
36,fixed_manifest,patch_embedding,patch_embedding,GPU,360480.19519999094,360631.7020799909
34,fixed_manifest,block_05_residual1,residual_add,GPU,360631.7020799909,360650.0492799909
32,fixed_manifest,block_10_ffn_island,fused_ffn_island,FPGA,360638.9599999909,360971.7075199909
33,fixed_manifest,block_07_residual2,residual_add,GPU,360650.0492799909,360668.39647999086
35,fixed_manifest,block_02_attention,self_attention,GPU,360668.39647999086,360824.4230399909
36,fixed_manifest,token_embedding,token_and_position_embedding,GPU,360824.4230399909,360842.7702399909
34,fixed_manifest,block_05_norm2,layer_norm,GPU,360842.7702399909,360864.8998399909
33,fixed_manifest,block_08_norm1,layer_norm,GPU,360864.8998399909,360887.0294399909
35,fixed_manifest,block_02_proj,linear_projection,GPU,360887.0294399909,361039.2735999908
36,fixed_manifest,block_00_norm1,layer_norm,GPU,361039.2735999908,361061.4031999908
33,fixed_manifest,block_08_qkv,linear_qkv,GPU,361061.4031999908,361504.1356799908
34,fixed_manifest,block_05_ffn_island,fused_ffn_island,FPGA,361195.2835199909,361528.03103999095
35,fixed_manifest,block_02_residual1,residual_add,GPU,361504.1356799908,361522.48287999077
36,fixed_manifest,block_00_qkv,linear_qkv,GPU,361522.48287999077,361965.2153599908
32,fixed_manifest,block_10_residual2,residual_add,GPU,361965.2153599908,361983.56255999074
33,fixed_manifest,block_08_attention,self_attention,GPU,361983.56255999074,362139.58911999076
35,fixed_manifest,block_02_norm2,layer_norm,GPU,362139.58911999076,362161.71871999075
34,fixed_manifest,block_05_residual2,residual_add,GPU,362161.71871999075,362180.06591999077
36,fixed_manifest,block_00_attention,self_attention,GPU,362180.06591999077,362336.0924799908
35,fixed_manifest,block_02_ffn_island,fused_ffn_island,FPGA,362320.48351999075,362653.23103999073
32,fixed_manifest,block_11_norm1,layer_norm,GPU,362336.0924799908,362358.2220799907
33,fixed_manifest,block_08_proj,linear_projection,GPU,362358.2220799907,362510.4662399907
34,fixed_manifest,block_06_norm1,layer_norm,GPU,362510.4662399907,362532.5958399907
36,fixed_manifest,block_00_proj,linear_projection,GPU,362532.5958399907,362684.83999999065
32,fixed_manifest,block_11_qkv,linear_qkv,GPU,362684.83999999065,363127.57247999066
33,fixed_manifest,block_08_residual1,residual_add,GPU,363127.57247999066,363145.9196799907
34,fixed_manifest,block_06_qkv,linear_qkv,GPU,363145.9196799907,363588.6521599906
36,fixed_manifest,block_00_residual1,residual_add,GPU,363588.6521599906,363606.99935999064
35,fixed_manifest,block_02_residual2,residual_add,GPU,363606.99935999064,363625.3465599906
32,fixed_manifest,block_11_attention,self_attention,GPU,363625.3465599906,363781.37311999063
33,fixed_manifest,block_08_norm2,layer_norm,GPU,363781.37311999063,363803.5027199906
34,fixed_manifest,block_06_attention,self_attention,GPU,363803.5027199906,363959.52927999065
36,fixed_manifest,block_00_norm2,layer_norm,GPU,363959.52927999065,363981.65887999063
33,fixed_manifest,block_08_ffn_island,fused_ffn_island,FPGA,363962.2675199906,364295.0150399906
35,fixed_manifest,block_03_norm1,layer_norm,GPU,363981.65887999063,364003.7884799906
32,fixed_manifest,block_11_proj,linear_projection,GPU,364003.7884799906,364156.03263999056
34,fixed_manifest,block_06_proj,linear_projection,GPU,364156.03263999056,364308.27679999056
35,fixed_manifest,block_03_qkv,linear_qkv,GPU,364308.27679999056,364751.00927999057
36,fixed_manifest,block_00_ffn_island,fused_ffn_island,FPGA,364518.5910399906,364851.33855999063
32,fixed_manifest,block_11_residual1,residual_add,GPU,364751.00927999057,364769.3564799905
34,fixed_manifest,block_06_residual1,residual_add,GPU,364769.3564799905,364787.70367999055
33,fixed_manifest,block_08_residual2,residual_add,GPU,364787.70367999055,364806.0508799905
35,fixed_manifest,block_03_attention,self_attention,GPU,364806.0508799905,364962.07743999053
32,fixed_manifest,block_11_norm2,layer_norm,GPU,364962.07743999053,364984.2070399905
34,fixed_manifest,block_06_norm2,layer_norm,GPU,364984.2070399905,365006.3366399905
33,fixed_manifest,block_09_norm1,layer_norm,GPU,365006.3366399905,365028.4662399905
35,fixed_manifest,block_03_proj,linear_projection,GPU,365028.4662399905,365180.71039999044
32,fixed_manifest,block_11_ffn_island,fused_ffn_island,FPGA,365160.8681599906,365493.6156799906
36,fixed_manifest,block_00_residual2,residual_add,GPU,365180.71039999044,365199.05759999045
33,fixed_manifest,block_09_qkv,linear_qkv,GPU,365199.05759999045,365641.7900799904
35,fixed_manifest,block_03_residual1,residual_add,GPU,365641.7900799904,365660.1372799904
36,fixed_manifest,block_01_norm1,layer_norm,GPU,365660.1372799904,365682.2668799904
33,fixed_manifest,block_09_attention,self_attention,GPU,365682.2668799904,365838.29343999043
34,fixed_manifest,block_06_ffn_island,fused_ffn_island,FPGA,365717.1916799906,366049.93919999065
35,fixed_manifest,block_03_norm2,layer_norm,GPU,365838.29343999043,365860.4230399904
36,fixed_manifest,block_01_qkv,linear_qkv,GPU,365860.4230399904,366303.15551999037
35,fixed_manifest,block_03_ffn_island,fused_ffn_island,FPGA,366273.51519999065,366606.2627199906
32,fixed_manifest,block_11_residual2,residual_add,GPU,366303.15551999037,366321.5027199904
33,fixed_manifest,block_09_proj,linear_projection,GPU,366321.5027199904,366473.7468799903
34,fixed_manifest,block_06_residual2,residual_add,GPU,366473.7468799903,366492.09407999035
36,fixed_manifest,block_01_attention,self_attention,GPU,366492.09407999035,366648.1206399904
32,fixed_manifest,final_norm,layer_norm,GPU,366648.1206399904,366670.25023999036
33,fixed_manifest,block_09_residual1,residual_add,GPU,366670.25023999036,366688.5974399903
34,fixed_manifest,block_07_norm1,layer_norm,GPU,366688.5974399903,366710.7270399903
36,fixed_manifest,block_01_proj,linear_projection,GPU,366710.7270399903,366862.9711999903
32,fixed_manifest,class_token_select,class_token_select,GPU,366862.9711999903,366870.00959999027
33,fixed_manifest,block_09_norm2,layer_norm,GPU,366870.00959999027,366892.13919999026
34,fixed_manifest,block_07_qkv,linear_qkv,GPU,366892.13919999026,367334.87167999026
33,fixed_manifest,block_09_ffn_island,fused_ffn_island,FPGA,367050.90399999026,367383.65151999024
35,fixed_manifest,block_03_residual2,residual_add,GPU,367334.87167999026,367353.2188799902
36,fixed_manifest,block_01_residual1,residual_add,GPU,367353.2188799902,367371.56607999024
32,fixed_manifest,classifier,linear_classifier,GPU,367371.56607999024,367379.5260799902
34,fixed_manifest,block_07_attention,self_attention,GPU,367379.5260799902,367535.55263999023
35,fixed_manifest,block_04_norm1,layer_norm,GPU,367535.55263999023,367557.6822399902
36,fixed_manifest,block_01_norm2,layer_norm,GPU,367557.6822399902,367579.81183999014
34,fixed_manifest,block_07_proj,linear_projection,GPU,367579.81183999014,367732.05599999015
33,fixed_manifest,block_09_residual2,residual_add,GPU,367732.05599999015,367750.40319999016
36,fixed_manifest,block_01_ffn_island,fused_ffn_island,FPGA,367738.57663999015,368071.3241599902
35,fixed_manifest,block_04_qkv,linear_qkv,GPU,367750.40319999016,368193.1356799901
34,fixed_manifest,block_07_residual1,residual_add,GPU,368193.1356799901,368211.48287999013
33,fixed_manifest,block_10_norm1,layer_norm,GPU,368211.48287999013,368233.6124799901
35,fixed_manifest,block_04_attention,self_attention,GPU,368233.6124799901,368389.6390399901
34,fixed_manifest,block_07_norm2,layer_norm,GPU,368389.6390399901,368411.76863999007
36,fixed_manifest,block_01_residual2,residual_add,GPU,368411.76863999007,368430.1158399901
33,fixed_manifest,block_10_qkv,linear_qkv,GPU,368430.1158399901,368872.84831999004
34,fixed_manifest,block_07_ffn_island,fused_ffn_island,FPGA,368570.5334399901,368903.2809599901
35,fixed_manifest,block_04_proj,linear_projection,GPU,368872.84831999004,369025.09247999004
36,fixed_manifest,block_02_norm1,layer_norm,GPU,369025.09247999004,369047.22207999
33,fixed_manifest,block_10_attention,self_attention,GPU,369047.22207999,369203.24863999005
35,fixed_manifest,block_04_residual1,residual_add,GPU,369203.24863999005,369221.59583999
36,fixed_manifest,block_02_qkv,linear_qkv,GPU,369221.59583999,369664.32831999
34,fixed_manifest,block_07_residual2,residual_add,GPU,369664.32831999,369682.67551999004
33,fixed_manifest,block_10_proj,linear_projection,GPU,369682.67551999004,369834.91967999
35,fixed_manifest,block_04_norm2,layer_norm,GPU,369834.91967999,369857.04927998997
36,fixed_manifest,block_02_attention,self_attention,GPU,369857.04927998997,370013.07583999
34,fixed_manifest,block_08_norm1,layer_norm,GPU,370013.07583999,370035.20543999
35,fixed_manifest,block_04_ffn_island,fused_ffn_island,FPGA,370015.81407998997,370348.56159998995
33,fixed_manifest,block_10_residual1,residual_add,GPU,370035.20543999,370053.55263998994
37,fixed_manifest,patch_embedding,patch_embedding,GPU,370053.55263998994,370205.05951998994
36,fixed_manifest,block_02_proj,linear_projection,GPU,370205.05951998994,370357.30367998994
34,fixed_manifest,block_08_qkv,linear_qkv,GPU,370357.30367998994,370800.0361599899
33,fixed_manifest,block_10_norm2,layer_norm,GPU,370800.0361599899,370822.1657599899
37,fixed_manifest,token_embedding,token_and_position_embedding,GPU,370822.1657599899,370840.5129599899
36,fixed_manifest,block_02_residual1,residual_add,GPU,370840.5129599899,370858.86015998985
35,fixed_manifest,block_04_residual2,residual_add,GPU,370858.86015998985,370877.2073599899
34,fixed_manifest,block_08_attention,self_attention,GPU,370877.2073599899,371033.2339199899
33,fixed_manifest,block_10_ffn_island,fused_ffn_island,FPGA,370980.9305599899,371313.67807998986
37,fixed_manifest,block_00_norm1,layer_norm,GPU,371033.2339199899,371055.3635199898
36,fixed_manifest,block_02_norm2,layer_norm,GPU,371055.3635199898,371077.4931199898
35,fixed_manifest,block_05_norm1,layer_norm,GPU,371077.4931199898,371099.6227199898
34,fixed_manifest,block_08_proj,linear_projection,GPU,371099.6227199898,371251.8668799898
37,fixed_manifest,block_00_qkv,linear_qkv,GPU,371251.8668799898,371694.59935998975
36,fixed_manifest,block_02_ffn_island,fused_ffn_island,FPGA,371537.2540799899,371870.0015999899
35,fixed_manifest,block_05_qkv,linear_qkv,GPU,371694.59935998975,372137.33183998975
34,fixed_manifest,block_08_residual1,residual_add,GPU,372137.33183998975,372155.6790399898
33,fixed_manifest,block_10_residual2,residual_add,GPU,372155.6790399898,372174.02623998973
37,fixed_manifest,block_00_attention,self_attention,GPU,372174.02623998973,372330.05279998976
36,fixed_manifest,block_02_residual2,residual_add,GPU,372330.05279998976,372348.3999999898
35,fixed_manifest,block_05_attention,self_attention,GPU,372348.3999999898,372504.42655998975
34,fixed_manifest,block_08_norm2,layer_norm,GPU,372504.42655998975,372526.55615998973
33,fixed_manifest,block_11_norm1,layer_norm,GPU,372526.55615998973,372548.6857599897
37,fixed_manifest,block_00_proj,linear_projection,GPU,372548.6857599897,372700.9299199897
34,fixed_manifest,block_08_ffn_island,fused_ffn_island,FPGA,372685.32095998974,373018.0684799898
36,fixed_manifest,block_03_norm1,layer_norm,GPU,372700.9299199897,372723.0595199897
35,fixed_manifest,block_05_proj,linear_projection,GPU,372723.0595199897,372875.30367998965
33,fixed_manifest,block_11_qkv,linear_qkv,GPU,372875.30367998965,373318.03615998966
37,fixed_manifest,block_00_residual1,residual_add,GPU,373318.03615998966,373336.3833599896
36,fixed_manifest,block_03_qkv,linear_qkv,GPU,373336.3833599896,373779.1158399896
35,fixed_manifest,block_05_residual1,residual_add,GPU,373779.1158399896,373797.46303998964
34,fixed_manifest,block_08_residual2,residual_add,GPU,373797.46303998964,373815.8102399896
33,fixed_manifest,block_11_attention,self_attention,GPU,373815.8102399896,373971.8367999896
37,fixed_manifest,block_00_norm2,layer_norm,GPU,373971.8367999896,373993.9663999896
36,fixed_manifest,block_03_attention,self_attention,GPU,373993.9663999896,374149.99295998964
35,fixed_manifest,block_05_norm2,layer_norm,GPU,374149.99295998964,374172.1225599896
37,fixed_manifest,block_00_ffn_island,fused_ffn_island,FPGA,374152.7311999896,374485.4787199896
34,fixed_manifest,block_09_norm1,layer_norm,GPU,374172.1225599896,374194.25215998956
33,fixed_manifest,block_11_proj,linear_projection,GPU,374194.25215998956,374346.49631998956
36,fixed_manifest,block_03_proj,linear_projection,GPU,374346.49631998956,374498.74047998956
34,fixed_manifest,block_09_qkv,linear_qkv,GPU,374498.74047998956,374941.4729599895
35,fixed_manifest,block_05_ffn_island,fused_ffn_island,FPGA,374709.0547199896,375041.8022399896
33,fixed_manifest,block_11_residual1,residual_add,GPU,374941.4729599895,374959.8201599895
36,fixed_manifest,block_03_residual1,residual_add,GPU,374959.8201599895,374978.1673599895
37,fixed_manifest,block_00_residual2,residual_add,GPU,374978.1673599895,374996.5145599895
34,fixed_manifest,block_09_attention,self_attention,GPU,374996.5145599895,375152.54111998953
33,fixed_manifest,block_11_norm2,layer_norm,GPU,375152.54111998953,375174.6707199895
36,fixed_manifest,block_03_norm2,layer_norm,GPU,375174.6707199895,375196.8003199895
37,fixed_manifest,block_01_norm1,layer_norm,GPU,375196.8003199895,375218.92991998943
34,fixed_manifest,block_09_proj,linear_projection,GPU,375218.92991998943,375371.17407998943
33,fixed_manifest,block_11_ffn_island,fused_ffn_island,FPGA,375351.3318399896,375684.0793599896
35,fixed_manifest,block_05_residual2,residual_add,GPU,375371.17407998943,375389.52127998945
37,fixed_manifest,block_01_qkv,linear_qkv,GPU,375389.52127998945,375832.2537599894
34,fixed_manifest,block_09_residual1,residual_add,GPU,375832.2537599894,375850.6009599894
35,fixed_manifest,block_06_norm1,layer_norm,GPU,375850.6009599894,375872.7305599894
37,fixed_manifest,block_01_attention,self_attention,GPU,375872.7305599894,376028.7571199894
36,fixed_manifest,block_03_ffn_island,fused_ffn_island,FPGA,375907.6553599896,376240.4028799896
34,fixed_manifest,block_09_norm2,layer_norm,GPU,376028.7571199894,376050.88671998936
35,fixed_manifest,block_06_qkv,linear_qkv,GPU,376050.88671998936,376493.61919998936
34,fixed_manifest,block_09_ffn_island,fused_ffn_island,FPGA,376463.9788799896,376796.7263999896
33,fixed_manifest,block_11_residual2,residual_add,GPU,376493.61919998936,376511.9663999893
37,fixed_manifest,block_01_proj,linear_projection,GPU,376511.9663999893,376664.2105599893
36,fixed_manifest,block_03_residual2,residual_add,GPU,376664.2105599893,376682.55775998934
35,fixed_manifest,block_06_attention,self_attention,GPU,376682.55775998934,376838.5843199894
33,fixed_manifest,final_norm,layer_norm,GPU,376838.5843199894,376860.7139199893
37,fixed_manifest,block_01_residual1,residual_add,GPU,376860.7139199893,376879.0611199893
36,fixed_manifest,block_04_norm1,layer_norm,GPU,376879.0611199893,376901.1907199893
35,fixed_manifest,block_06_proj,linear_projection,GPU,376901.1907199893,377053.43487998925
33,fixed_manifest,class_token_select,class_token_select,GPU,377053.43487998925,377060.47327998927
37,fixed_manifest,block_01_norm2,layer_norm,GPU,377060.47327998927,377082.60287998925
36,fixed_manifest,block_04_qkv,linear_qkv,GPU,377082.60287998925,377525.3353599892
37,fixed_manifest,block_01_ffn_island,fused_ffn_island,FPGA,377241.3676799892,377574.11519998923
34,fixed_manifest,block_09_residual2,residual_add,GPU,377525.3353599892,377543.6825599892
35,fixed_manifest,block_06_residual1,residual_add,GPU,377543.6825599892,377562.0297599892
33,fixed_manifest,classifier,linear_classifier,GPU,377562.0297599892,377569.9897599892
36,fixed_manifest,block_04_attention,self_attention,GPU,377569.9897599892,377726.0163199892
34,fixed_manifest,block_10_norm1,layer_norm,GPU,377726.0163199892,377748.14591998915
35,fixed_manifest,block_06_norm2,layer_norm,GPU,377748.14591998915,377770.27551998914
36,fixed_manifest,block_04_proj,linear_projection,GPU,377770.27551998914,377922.51967998914
37,fixed_manifest,block_01_residual2,residual_add,GPU,377922.51967998914,377940.8668799891
35,fixed_manifest,block_06_ffn_island,fused_ffn_island,FPGA,377929.04031998914,378261.7878399892
34,fixed_manifest,block_10_qkv,linear_qkv,GPU,377940.8668799891,378383.5993599891
36,fixed_manifest,block_04_residual1,residual_add,GPU,378383.5993599891,378401.9465599891
37,fixed_manifest,block_02_norm1,layer_norm,GPU,378401.9465599891,378424.07615998905
34,fixed_manifest,block_10_attention,self_attention,GPU,378424.07615998905,378580.1027199891
36,fixed_manifest,block_04_norm2,layer_norm,GPU,378580.1027199891,378602.23231998907
35,fixed_manifest,block_06_residual2,residual_add,GPU,378602.23231998907,378620.5795199891
37,fixed_manifest,block_02_qkv,linear_qkv,GPU,378620.5795199891,379063.31199998903
36,fixed_manifest,block_04_ffn_island,fused_ffn_island,FPGA,378760.9971199891,379093.74463998905
34,fixed_manifest,block_10_proj,linear_projection,GPU,379063.31199998903,379215.55615998904
35,fixed_manifest,block_07_norm1,layer_norm,GPU,379215.55615998904,379237.685759989
37,fixed_manifest,block_02_attention,self_attention,GPU,379237.685759989,379393.71231998905
34,fixed_manifest,block_10_residual1,residual_add,GPU,379393.71231998905,379412.059519989
35,fixed_manifest,block_07_qkv,linear_qkv,GPU,379412.059519989,379854.791999989
36,fixed_manifest,block_04_residual2,residual_add,GPU,379854.791999989,379873.139199989
37,fixed_manifest,block_02_proj,linear_projection,GPU,379873.139199989,380025.383359989
34,fixed_manifest,block_10_norm2,layer_norm,GPU,380025.383359989,380047.51295998896
35,fixed_manifest,block_07_attention,self_attention,GPU,380047.51295998896,380203.539519989
36,fixed_manifest,block_05_norm1,layer_norm,GPU,380203.539519989,380225.669119989
34,fixed_manifest,block_10_ffn_island,fused_ffn_island,FPGA,380206.27775998897,380539.02527998894
38,fixed_manifest,patch_embedding,patch_embedding,GPU,380225.669119989,380377.1759999889
37,fixed_manifest,block_02_residual1,residual_add,GPU,380377.1759999889,380395.52319998894
35,fixed_manifest,block_07_proj,linear_projection,GPU,380395.52319998894,380547.7673599889
36,fixed_manifest,block_05_qkv,linear_qkv,GPU,380547.7673599889,380990.4998399889
38,fixed_manifest,token_embedding,token_and_position_embedding,GPU,380990.4998399889,381008.8470399889
37,fixed_manifest,block_02_norm2,layer_norm,GPU,381008.8470399889,381030.97663998883
35,fixed_manifest,block_07_residual1,residual_add,GPU,381030.97663998883,381049.32383998885
34,fixed_manifest,block_10_residual2,residual_add,GPU,381049.32383998885,381067.67103998887
36,fixed_manifest,block_05_attention,self_attention,GPU,381067.67103998887,381223.69759998884
37,fixed_manifest,block_02_ffn_island,fused_ffn_island,FPGA,381189.74143998884,381522.48895998887
38,fixed_manifest,block_00_norm1,layer_norm,GPU,381223.69759998884,381245.8271999888
35,fixed_manifest,block_07_norm2,layer_norm,GPU,381245.8271999888,381267.9567999888
34,fixed_manifest,block_11_norm1,layer_norm,GPU,381267.9567999888,381290.0863999888
36,fixed_manifest,block_05_proj,linear_projection,GPU,381290.0863999888,381442.3305599888
38,fixed_manifest,block_00_qkv,linear_qkv,GPU,381442.3305599888,381885.06303998875
35,fixed_manifest,block_07_ffn_island,fused_ffn_island,FPGA,381746.0649599889,382078.81247998885
34,fixed_manifest,block_11_qkv,linear_qkv,GPU,381885.06303998875,382327.79551998875
36,fixed_manifest,block_05_residual1,residual_add,GPU,382327.79551998875,382346.1427199887
37,fixed_manifest,block_02_residual2,residual_add,GPU,382346.1427199887,382364.48991998873
38,fixed_manifest,block_00_attention,self_attention,GPU,382364.48991998873,382520.51647998876
35,fixed_manifest,block_07_residual2,residual_add,GPU,382520.51647998876,382538.8636799887
34,fixed_manifest,block_11_attention,self_attention,GPU,382538.8636799887,382694.89023998874
36,fixed_manifest,block_05_norm2,layer_norm,GPU,382694.89023998874,382717.01983998873
37,fixed_manifest,block_03_norm1,layer_norm,GPU,382717.01983998873,382739.1494399887
38,fixed_manifest,block_00_proj,linear_projection,GPU,382739.1494399887,382891.3935999887
36,fixed_manifest,block_05_ffn_island,fused_ffn_island,FPGA,382875.78463998873,383208.5321599887
35,fixed_manifest,block_08_norm1,layer_norm,GPU,382891.3935999887,382913.52319998865
34,fixed_manifest,block_11_proj,linear_projection,GPU,382913.52319998865,383065.76735998865
37,fixed_manifest,block_03_qkv,linear_qkv,GPU,383065.76735998865,383508.49983998865
38,fixed_manifest,block_00_residual1,residual_add,GPU,383508.49983998865,383526.8470399886
35,fixed_manifest,block_08_qkv,linear_qkv,GPU,383526.8470399886,383969.5795199886
34,fixed_manifest,block_11_residual1,residual_add,GPU,383969.5795199886,383987.9267199886
36,fixed_manifest,block_05_residual2,residual_add,GPU,383987.9267199886,384006.2739199886
37,fixed_manifest,block_03_attention,self_attention,GPU,384006.2739199886,384162.3004799886
38,fixed_manifest,block_00_norm2,layer_norm,GPU,384162.3004799886,384184.4300799886
35,fixed_manifest,block_08_attention,self_attention,GPU,384184.4300799886,384340.45663998864
34,fixed_manifest,block_11_norm2,layer_norm,GPU,384340.45663998864,384362.58623998857
38,fixed_manifest,block_00_ffn_island,fused_ffn_island,FPGA,384343.19487998856,384675.9423999886
36,fixed_manifest,block_06_norm1,layer_norm,GPU,384362.58623998857,384384.71583998855
37,fixed_manifest,block_03_proj,linear_projection,GPU,384384.71583998855,384536.95999998855
35,fixed_manifest,block_08_proj,linear_projection,GPU,384536.95999998855,384689.20415998856
36,fixed_manifest,block_06_qkv,linear_qkv,GPU,384689.20415998856,385131.9366399885
34,fixed_manifest,block_11_ffn_island,fused_ffn_island,FPGA,384899.5183999886,385232.2659199886
37,fixed_manifest,block_03_residual1,residual_add,GPU,385131.9366399885,385150.2838399885
35,fixed_manifest,block_08_residual1,residual_add,GPU,385150.2838399885,385168.6310399885
38,fixed_manifest,block_00_residual2,residual_add,GPU,385168.6310399885,385186.9782399885
36,fixed_manifest,block_06_attention,self_attention,GPU,385186.9782399885,385343.0047999885
37,fixed_manifest,block_03_norm2,layer_norm,GPU,385343.0047999885,385365.1343999885
35,fixed_manifest,block_08_norm2,layer_norm,GPU,385365.1343999885,385387.26399998844
38,fixed_manifest,block_01_norm1,layer_norm,GPU,385387.26399998844,385409.3935999884
36,fixed_manifest,block_06_proj,linear_projection,GPU,385409.3935999884,385561.6377599884
37,fixed_manifest,block_03_ffn_island,fused_ffn_island,FPGA,385541.7955199886,385874.5430399886
34,fixed_manifest,block_11_residual2,residual_add,GPU,385561.6377599884,385579.9849599884
38,fixed_manifest,block_01_qkv,linear_qkv,GPU,385579.9849599884,386022.7174399884
36,fixed_manifest,block_06_residual1,residual_add,GPU,386022.7174399884,386041.0646399884
34,fixed_manifest,final_norm,layer_norm,GPU,386041.0646399884,386063.19423998834
38,fixed_manifest,block_01_attention,self_attention,GPU,386063.19423998834,386219.22079998837
35,fixed_manifest,block_08_ffn_island,fused_ffn_island,FPGA,386098.1190399886,386430.8665599886
36,fixed_manifest,block_06_norm2,layer_norm,GPU,386219.22079998837,386241.35039998835
34,fixed_manifest,class_token_select,class_token_select,GPU,386241.35039998835,386248.3887999884
37,fixed_manifest,block_03_residual2,residual_add,GPU,386248.3887999884,386266.73599998833
38,fixed_manifest,block_01_proj,linear_projection,GPU,386266.73599998833,386418.98015998834
34,fixed_manifest,classifier,linear_classifier,GPU,386418.98015998834,386426.9401599883
37,fixed_manifest,block_04_norm1,layer_norm,GPU,386426.9401599883,386449.0697599883
38,fixed_manifest,block_01_residual1,residual_add,GPU,386449.0697599883,386467.41695998824
37,fixed_manifest,block_04_qkv,linear_qkv,GPU,386467.41695998824,386910.14943998825
36,fixed_manifest,block_06_ffn_island,fused_ffn_island,FPGA,386654.4425599886,386987.1900799886
38,fixed_manifest,block_01_norm2,layer_norm,GPU,386910.14943998825,386932.27903998824
35,fixed_manifest,block_08_residual2,residual_add,GPU,386932.27903998824,386950.6262399882
37,fixed_manifest,block_04_attention,self_attention,GPU,386950.6262399882,387106.6527999882
35,fixed_manifest,block_09_norm1,layer_norm,GPU,387106.6527999882,387128.7823999882
37,fixed_manifest,block_04_proj,linear_projection,GPU,387128.7823999882,387281.0265599882
38,fixed_manifest,block_01_ffn_island,fused_ffn_island,FPGA,387210.7660799886,387543.5135999886
35,fixed_manifest,block_09_qkv,linear_qkv,GPU,387281.0265599882,387723.75903998816
36,fixed_manifest,block_06_residual2,residual_add,GPU,387723.75903998816,387742.1062399882
37,fixed_manifest,block_04_residual1,residual_add,GPU,387742.1062399882,387760.45343998814
38,fixed_manifest,block_01_residual2,residual_add,GPU,387760.45343998814,387778.80063998816
35,fixed_manifest,block_09_attention,self_attention,GPU,387778.80063998816,387934.8271999882
36,fixed_manifest,block_07_norm1,layer_norm,GPU,387934.8271999882,387956.95679998817
37,fixed_manifest,block_04_norm2,layer_norm,GPU,387956.95679998817,387979.08639998815
38,fixed_manifest,block_02_norm1,layer_norm,GPU,387979.08639998815,388001.2159999881
35,fixed_manifest,block_09_proj,linear_projection,GPU,388001.2159999881,388153.4601599881
37,fixed_manifest,block_04_ffn_island,fused_ffn_island,FPGA,388137.8511999881,388470.59871998813
36,fixed_manifest,block_07_qkv,linear_qkv,GPU,388153.4601599881,388596.1926399881
38,fixed_manifest,block_02_qkv,linear_qkv,GPU,388596.1926399881,389038.92511998804
35,fixed_manifest,block_09_residual1,residual_add,GPU,389038.92511998804,389057.27231998806
36,fixed_manifest,block_07_attention,self_attention,GPU,389057.27231998806,389213.2988799881
37,fixed_manifest,block_04_residual2,residual_add,GPU,389213.2988799881,389231.64607998804
38,fixed_manifest,block_02_attention,self_attention,GPU,389231.64607998804,389387.6726399881
35,fixed_manifest,block_09_norm2,layer_norm,GPU,389387.6726399881,389409.80223998806
36,fixed_manifest,block_07_proj,linear_projection,GPU,389409.80223998806,389562.04639998806
37,fixed_manifest,block_05_norm1,layer_norm,GPU,389562.04639998806,389584.175999988
35,fixed_manifest,block_09_ffn_island,fused_ffn_island,FPGA,389568.56703998806,389901.31455998804
38,fixed_manifest,block_02_proj,linear_projection,GPU,389584.175999988,389736.420159988
36,fixed_manifest,block_07_residual1,residual_add,GPU,389736.420159988,389754.767359988
37,fixed_manifest,block_05_qkv,linear_qkv,GPU,389754.767359988,390197.49983998796
38,fixed_manifest,block_02_residual1,residual_add,GPU,390197.49983998796,390215.847039988
36,fixed_manifest,block_07_norm2,layer_norm,GPU,390215.847039988,390237.97663998796
39,fixed_manifest,patch_embedding,patch_embedding,GPU,390237.97663998796,390389.4835199879
35,fixed_manifest,block_09_residual2,residual_add,GPU,390389.4835199879,390407.8307199879
36,fixed_manifest,block_07_ffn_island,fused_ffn_island,FPGA,390396.7414399879,390729.48895998794
37,fixed_manifest,block_05_attention,self_attention,GPU,390407.8307199879,390563.85727998795
38,fixed_manifest,block_02_norm2,layer_norm,GPU,390563.85727998795,390585.98687998793
39,fixed_manifest,token_embedding,token_and_position_embedding,GPU,390585.98687998793,390604.3340799879
35,fixed_manifest,block_10_norm1,layer_norm,GPU,390604.3340799879,390626.4636799879
37,fixed_manifest,block_05_proj,linear_projection,GPU,390626.4636799879,390778.7078399879
39,fixed_manifest,block_00_norm1,layer_norm,GPU,390778.7078399879,390800.8374399878
35,fixed_manifest,block_10_qkv,linear_qkv,GPU,390800.8374399878,391243.5699199878
38,fixed_manifest,block_02_ffn_island,fused_ffn_island,FPGA,390953.06495998794,391285.812479988
37,fixed_manifest,block_05_residual1,residual_add,GPU,391243.5699199878,391261.91711998783
39,fixed_manifest,block_00_qkv,linear_qkv,GPU,391261.91711998783,391704.6495999878
36,fixed_manifest,block_07_residual2,residual_add,GPU,391704.6495999878,391722.9967999878
35,fixed_manifest,block_10_attention,self_attention,GPU,391722.9967999878,391879.0233599878
37,fixed_manifest,block_05_norm2,layer_norm,GPU,391879.0233599878,391901.1529599878
38,fixed_manifest,block_02_residual2,residual_add,GPU,391901.1529599878,391919.5001599878
39,fixed_manifest,block_00_attention,self_attention,GPU,391919.5001599878,392075.5267199878
37,fixed_manifest,block_05_ffn_island,fused_ffn_island,FPGA,392059.91775998776,392392.6652799878
36,fixed_manifest,block_08_norm1,layer_norm,GPU,392075.5267199878,392097.6563199878
35,fixed_manifest,block_10_proj,linear_projection,GPU,392097.6563199878,392249.90047998773
38,fixed_manifest,block_03_norm1,layer_norm,GPU,392249.90047998773,392272.0300799877
39,fixed_manifest,block_00_proj,linear_projection,GPU,392272.0300799877,392424.2742399877
36,fixed_manifest,block_08_qkv,linear_qkv,GPU,392424.2742399877,392867.0067199877
35,fixed_manifest,block_10_residual1,residual_add,GPU,392867.0067199877,392885.3539199877
38,fixed_manifest,block_03_qkv,linear_qkv,GPU,392885.3539199877,393328.0863999877
39,fixed_manifest,block_00_residual1,residual_add,GPU,393328.0863999877,393346.43359998765
37,fixed_manifest,block_05_residual2,residual_add,GPU,393346.43359998765,393364.78079998767
36,fixed_manifest,block_08_attention,self_attention,GPU,393364.78079998767,393520.8073599877
35,fixed_manifest,block_10_norm2,layer_norm,GPU,393520.8073599877,393542.9369599877
38,fixed_manifest,block_03_attention,self_attention,GPU,393542.9369599877,393698.96351998765
39,fixed_manifest,block_00_norm2,layer_norm,GPU,393698.96351998765,393721.09311998764
35,fixed_manifest,block_10_ffn_island,fused_ffn_island,FPGA,393701.7017599876,394034.44927998766
37,fixed_manifest,block_06_norm1,layer_norm,GPU,393721.09311998764,393743.2227199876
36,fixed_manifest,block_08_proj,linear_projection,GPU,393743.2227199876,393895.4668799876
38,fixed_manifest,block_03_proj,linear_projection,GPU,393895.4668799876,394047.71103998757
37,fixed_manifest,block_06_qkv,linear_qkv,GPU,394047.71103998757,394490.4435199876
39,fixed_manifest,block_00_ffn_island,fused_ffn_island,FPGA,394258.02527998766,394590.77279998764
36,fixed_manifest,block_08_residual1,residual_add,GPU,394490.4435199876,394508.7907199876
38,fixed_manifest,block_03_residual1,residual_add,GPU,394508.7907199876,394527.13791998755
35,fixed_manifest,block_10_residual2,residual_add,GPU,394527.13791998755,394545.48511998757
37,fixed_manifest,block_06_attention,self_attention,GPU,394545.48511998757,394701.5116799876
36,fixed_manifest,block_08_norm2,layer_norm,GPU,394701.5116799876,394723.6412799875
38,fixed_manifest,block_03_norm2,layer_norm,GPU,394723.6412799875,394745.7708799875
35,fixed_manifest,block_11_norm1,layer_norm,GPU,394745.7708799875,394767.9004799875
37,fixed_manifest,block_06_proj,linear_projection,GPU,394767.9004799875,394920.1446399875
36,fixed_manifest,block_08_ffn_island,fused_ffn_island,FPGA,394900.30239998765,395233.0499199876
39,fixed_manifest,block_00_residual2,residual_add,GPU,394920.1446399875,394938.49183998746
35,fixed_manifest,block_11_qkv,linear_qkv,GPU,394938.49183998746,395381.22431998746
37,fixed_manifest,block_06_residual1,residual_add,GPU,395381.22431998746,395399.5715199874
39,fixed_manifest,block_01_norm1,layer_norm,GPU,395399.5715199874,395421.7011199874
35,fixed_manifest,block_11_attention,self_attention,GPU,395421.7011199874,395577.72767998744
38,fixed_manifest,block_03_ffn_island,fused_ffn_island,FPGA,395456.6259199876,395789.37343998766
37,fixed_manifest,block_06_norm2,layer_norm,GPU,395577.72767998744,395599.8572799874
39,fixed_manifest,block_01_qkv,linear_qkv,GPU,395599.8572799874,396042.58975998743
37,fixed_manifest,block_06_ffn_island,fused_ffn_island,FPGA,396012.94943998766,396345.6969599877
36,fixed_manifest,block_08_residual2,residual_add,GPU,396042.58975998743,396060.9369599874
35,fixed_manifest,block_11_proj,linear_projection,GPU,396060.9369599874,396213.1811199874
38,fixed_manifest,block_03_residual2,residual_add,GPU,396213.1811199874,396231.52831998735
39,fixed_manifest,block_01_attention,self_attention,GPU,396231.52831998735,396387.5548799874
36,fixed_manifest,block_09_norm1,layer_norm,GPU,396387.5548799874,396409.68447998737
35,fixed_manifest,block_11_residual1,residual_add,GPU,396409.68447998737,396428.0316799874
38,fixed_manifest,block_04_norm1,layer_norm,GPU,396428.0316799874,396450.1612799873
39,fixed_manifest,block_01_proj,linear_projection,GPU,396450.1612799873,396602.4054399873
36,fixed_manifest,block_09_qkv,linear_qkv,GPU,396602.4054399873,397045.1379199873
35,fixed_manifest,block_11_norm2,layer_norm,GPU,397045.1379199873,397067.2675199873
38,fixed_manifest,block_04_qkv,linear_qkv,GPU,397067.2675199873,397509.99999998725
35,fixed_manifest,block_11_ffn_island,fused_ffn_island,FPGA,397226.03231998725,397558.7798399873
37,fixed_manifest,block_06_residual2,residual_add,GPU,397509.99999998725,397528.34719998727
39,fixed_manifest,block_01_residual1,residual_add,GPU,397528.34719998727,397546.69439998723
36,fixed_manifest,block_09_attention,self_attention,GPU,397546.69439998723,397702.72095998726
38,fixed_manifest,block_04_attention,self_attention,GPU,397702.72095998726,397858.7475199873
37,fixed_manifest,block_07_norm1,layer_norm,GPU,397858.7475199873,397880.8771199873
39,fixed_manifest,block_01_norm2,layer_norm,GPU,397880.8771199873,397903.00671998726
36,fixed_manifest,block_09_proj,linear_projection,GPU,397903.00671998726,398055.2508799872
35,fixed_manifest,block_11_residual2,residual_add,GPU,398055.2508799872,398073.5980799872
39,fixed_manifest,block_01_ffn_island,fused_ffn_island,FPGA,398061.7715199872,398394.51903998724
38,fixed_manifest,block_04_proj,linear_projection,GPU,398073.5980799872,398225.8422399872
37,fixed_manifest,block_07_qkv,linear_qkv,GPU,398225.8422399872,398668.57471998717
36,fixed_manifest,block_09_residual1,residual_add,GPU,398668.57471998717,398686.9219199872
35,fixed_manifest,final_norm,layer_norm,GPU,398686.9219199872,398709.0515199872
38,fixed_manifest,block_04_residual1,residual_add,GPU,398709.0515199872,398727.39871998713
39,fixed_manifest,block_01_residual2,residual_add,GPU,398727.39871998713,398745.74591998715
37,fixed_manifest,block_07_attention,self_attention,GPU,398745.74591998715,398901.7724799871
36,fixed_manifest,block_09_norm2,layer_norm,GPU,398901.7724799871,398923.9020799871
35,fixed_manifest,class_token_select,class_token_select,GPU,398923.9020799871,398930.9404799871
38,fixed_manifest,block_04_norm2,layer_norm,GPU,398930.9404799871,398953.0700799871
39,fixed_manifest,block_02_norm1,layer_norm,GPU,398953.0700799871,398975.1996799871
37,fixed_manifest,block_07_proj,linear_projection,GPU,398975.1996799871,399127.44383998704
36,fixed_manifest,block_09_ffn_island,fused_ffn_island,FPGA,399082.6668799871,399415.41439998714
35,fixed_manifest,classifier,linear_classifier,GPU,399127.44383998704,399135.403839987
39,fixed_manifest,block_02_qkv,linear_qkv,GPU,399135.403839987,399578.136319987
37,fixed_manifest,block_07_residual1,residual_add,GPU,399578.136319987,399596.483519987
39,fixed_manifest,block_02_attention,self_attention,GPU,399596.483519987,399752.510079987
38,fixed_manifest,block_04_ffn_island,fused_ffn_island,FPGA,399638.99039998715,399971.7379199871
37,fixed_manifest,block_07_norm2,layer_norm,GPU,399752.510079987,399774.639679987
36,fixed_manifest,block_09_residual2,residual_add,GPU,399774.639679987,399792.986879987
39,fixed_manifest,block_02_proj,linear_projection,GPU,399792.986879987,399945.23103998695
36,fixed_manifest,block_10_norm1,layer_norm,GPU,399945.23103998695,399967.36063998693
39,fixed_manifest,block_02_residual1,residual_add,GPU,399967.36063998693,399985.70783998695
36,fixed_manifest,block_10_qkv,linear_qkv,GPU,399985.70783998695,400428.4403199869
37,fixed_manifest,block_07_ffn_island,fused_ffn_island,FPGA,400195.3139199871,400528.06143998716
39,fixed_manifest,block_02_norm2,layer_norm,GPU,400428.4403199869,400450.5699199869
40,fixed_manifest,patch_embedding,patch_embedding,GPU,400450.5699199869,400602.0767999869
38,fixed_manifest,block_04_residual2,residual_add,GPU,400602.0767999869,400620.4239999869
36,fixed_manifest,block_10_attention,self_attention,GPU,400620.4239999869,400776.4505599869
39,fixed_manifest,block_02_ffn_island,fused_ffn_island,FPGA,400751.63743998716,401084.3849599872
40,fixed_manifest,token_embedding,token_and_position_embedding,GPU,400776.4505599869,400794.7977599869
38,fixed_manifest,block_05_norm1,layer_norm,GPU,400794.7977599869,400816.9273599869
37,fixed_manifest,block_07_residual2,residual_add,GPU,400816.9273599869,400835.27455998684
36,fixed_manifest,block_10_proj,linear_projection,GPU,400835.27455998684,400987.51871998684
40,fixed_manifest,block_00_norm1,layer_norm,GPU,400987.51871998684,401009.6483199868
38,fixed_manifest,block_05_qkv,linear_qkv,GPU,401009.6483199868,401452.3807999868
37,fixed_manifest,block_08_norm1,layer_norm,GPU,401452.3807999868,401474.51039998676
36,fixed_manifest,block_10_residual1,residual_add,GPU,401474.51039998676,401492.8575999868
40,fixed_manifest,block_00_qkv,linear_qkv,GPU,401492.8575999868,401935.5900799867
39,fixed_manifest,block_02_residual2,residual_add,GPU,401935.5900799867,401953.93727998674
38,fixed_manifest,block_05_attention,self_attention,GPU,401953.93727998674,402109.96383998677
37,fixed_manifest,block_08_qkv,linear_qkv,GPU,402109.96383998677,402552.6963199868
36,fixed_manifest,block_10_norm2,layer_norm,GPU,402552.6963199868,402574.8259199867
40,fixed_manifest,block_00_attention,self_attention,GPU,402574.8259199867,402730.85247998673
39,fixed_manifest,block_03_norm1,layer_norm,GPU,402730.85247998673,402752.9820799867
36,fixed_manifest,block_10_ffn_island,fused_ffn_island,FPGA,402733.5907199867,403066.33823998674
38,fixed_manifest,block_05_proj,linear_projection,GPU,402752.9820799867,402905.2262399867
37,fixed_manifest,block_08_attention,self_attention,GPU,402905.2262399867,403061.25279998675
40,fixed_manifest,block_00_proj,linear_projection,GPU,403061.25279998675,403213.4969599867
39,fixed_manifest,block_03_qkv,linear_qkv,GPU,403213.4969599867,403656.2294399867
38,fixed_manifest,block_05_residual1,residual_add,GPU,403656.2294399867,403674.57663998666
37,fixed_manifest,block_08_proj,linear_projection,GPU,403674.57663998666,403826.82079998666
40,fixed_manifest,block_00_residual1,residual_add,GPU,403826.82079998666,403845.1679999867
36,fixed_manifest,block_10_residual2,residual_add,GPU,403845.1679999867,403863.51519998664
39,fixed_manifest,block_03_attention,self_attention,GPU,403863.51519998664,404019.54175998666
38,fixed_manifest,block_05_norm2,layer_norm,GPU,404019.54175998666,404041.67135998665
37,fixed_manifest,block_08_residual1,residual_add,GPU,404041.67135998665,404060.0185599866
40,fixed_manifest,block_00_norm2,layer_norm,GPU,404060.0185599866,404082.1481599866
36,fixed_manifest,block_11_norm1,layer_norm,GPU,404082.1481599866,404104.2777599866
39,fixed_manifest,block_03_proj,linear_projection,GPU,404104.2777599866,404256.5219199866
38,fixed_manifest,block_05_ffn_island,fused_ffn_island,FPGA,404200.43615998665,404533.1836799866
37,fixed_manifest,block_08_norm2,layer_norm,GPU,404256.5219199866,404278.65151998657
36,fixed_manifest,block_11_qkv,linear_qkv,GPU,404278.65151998657,404721.3839999865
39,fixed_manifest,block_03_residual1,residual_add,GPU,404721.3839999865,404739.73119998653
36,fixed_manifest,block_11_attention,self_attention,GPU,404739.73119998653,404895.75775998656
40,fixed_manifest,block_00_ffn_island,fused_ffn_island,FPGA,404756.75967998663,405089.50719998666
39,fixed_manifest,block_03_norm2,layer_norm,GPU,404895.75775998656,404917.8873599865
38,fixed_manifest,block_05_residual2,residual_add,GPU,404917.8873599865,404936.2345599865
36,fixed_manifest,block_11_proj,linear_projection,GPU,404936.2345599865,405088.4787199865
38,fixed_manifest,block_06_norm1,layer_norm,GPU,405088.4787199865,405110.60831998644
36,fixed_manifest,block_11_residual1,residual_add,GPU,405110.60831998644,405128.95551998646
38,fixed_manifest,block_06_qkv,linear_qkv,GPU,405128.95551998646,405571.68799998646
37,fixed_manifest,block_08_ffn_island,fused_ffn_island,FPGA,405313.08319998666,405645.83071998664
36,fixed_manifest,block_11_norm2,layer_norm,GPU,405571.68799998646,405593.8175999864
40,fixed_manifest,block_00_residual2,residual_add,GPU,405593.8175999864,405612.1647999864
38,fixed_manifest,block_06_attention,self_attention,GPU,405612.1647999864,405768.19135998643
40,fixed_manifest,block_01_norm1,layer_norm,GPU,405768.19135998643,405790.3209599864
38,fixed_manifest,block_06_proj,linear_projection,GPU,405790.3209599864,405942.56511998636
39,fixed_manifest,block_03_ffn_island,fused_ffn_island,FPGA,405869.4067199867,406202.1542399867
40,fixed_manifest,block_01_qkv,linear_qkv,GPU,405942.56511998636,406385.29759998637
37,fixed_manifest,block_08_residual2,residual_add,GPU,406385.29759998637,406403.6447999864
38,fixed_manifest,block_06_residual1,residual_add,GPU,406403.6447999864,406421.99199998635
40,fixed_manifest,block_01_attention,self_attention,GPU,406421.99199998635,406578.0185599864
36,fixed_manifest,block_11_ffn_island,fused_ffn_island,FPGA,406425.7302399867,406758.4777599867
37,fixed_manifest,block_09_norm1,layer_norm,GPU,406578.0185599864,406600.14815998636
38,fixed_manifest,block_06_norm2,layer_norm,GPU,406600.14815998636,406622.27775998635
39,fixed_manifest,block_03_residual2,residual_add,GPU,406622.27775998635,406640.6249599863
40,fixed_manifest,block_01_proj,linear_projection,GPU,406640.6249599863,406792.8691199863
37,fixed_manifest,block_09_qkv,linear_qkv,GPU,406792.8691199863,407235.60159998626
38,fixed_manifest,block_06_ffn_island,fused_ffn_island,FPGA,406982.0537599867,407314.8012799867
39,fixed_manifest,block_04_norm1,layer_norm,GPU,407235.60159998626,407257.73119998624
40,fixed_manifest,block_01_residual1,residual_add,GPU,407257.73119998624,407276.07839998626
36,fixed_manifest,block_11_residual2,residual_add,GPU,407276.07839998626,407294.4255999862
37,fixed_manifest,block_09_attention,self_attention,GPU,407294.4255999862,407450.45215998625
39,fixed_manifest,block_04_qkv,linear_qkv,GPU,407450.45215998625,407893.18463998626
40,fixed_manifest,block_01_norm2,layer_norm,GPU,407893.18463998626,407915.31423998624
36,fixed_manifest,final_norm,layer_norm,GPU,407915.31423998624,407937.4438399862
37,fixed_manifest,block_09_proj,linear_projection,GPU,407937.4438399862,408089.68799998617
40,fixed_manifest,block_01_ffn_island,fused_ffn_island,FPGA,408074.0790399862,408406.8265599862
38,fixed_manifest,block_06_residual2,residual_add,GPU,408089.68799998617,408108.0351999862
39,fixed_manifest,block_04_attention,self_attention,GPU,408108.0351999862,408264.0617599862
36,fixed_manifest,class_token_select,class_token_select,GPU,408264.0617599862,408271.1001599862
37,fixed_manifest,block_09_residual1,residual_add,GPU,408271.1001599862,408289.4473599862
38,fixed_manifest,block_07_norm1,layer_norm,GPU,408289.4473599862,408311.5769599862
39,fixed_manifest,block_04_proj,linear_projection,GPU,408311.5769599862,408463.8211199861
36,fixed_manifest,classifier,linear_classifier,GPU,408463.8211199861,408471.7811199861
37,fixed_manifest,block_09_norm2,layer_norm,GPU,408471.7811199861,408493.9107199861
38,fixed_manifest,block_07_qkv,linear_qkv,GPU,408493.9107199861,408936.6431999861
37,fixed_manifest,block_09_ffn_island,fused_ffn_island,FPGA,408652.6755199861,408985.4230399861
39,fixed_manifest,block_04_residual1,residual_add,GPU,408936.6431999861,408954.99039998604
40,fixed_manifest,block_01_residual2,residual_add,GPU,408954.99039998604,408973.33759998606
38,fixed_manifest,block_07_attention,self_attention,GPU,408973.33759998606,409129.3641599861
39,fixed_manifest,block_04_norm2,layer_norm,GPU,409129.3641599861,409151.4937599861
40,fixed_manifest,block_02_norm1,layer_norm,GPU,409151.4937599861,409173.623359986
38,fixed_manifest,block_07_proj,linear_projection,GPU,409173.623359986,409325.867519986
39,fixed_manifest,block_04_ffn_island,fused_ffn_island,FPGA,409310.258559986,409643.00607998605
37,fixed_manifest,block_09_residual2,residual_add,GPU,409325.867519986,409344.214719986
40,fixed_manifest,block_02_qkv,linear_qkv,GPU,409344.214719986,409786.94719998597
38,fixed_manifest,block_07_residual1,residual_add,GPU,409786.94719998597,409805.294399986
37,fixed_manifest,block_10_norm1,layer_norm,GPU,409805.294399986,409827.423999986
40,fixed_manifest,block_02_attention,self_attention,GPU,409827.423999986,409983.450559986
39,fixed_manifest,block_04_residual2,residual_add,GPU,409983.450559986,410001.79775998596
38,fixed_manifest,block_07_norm2,layer_norm,GPU,410001.79775998596,410023.92735998594
37,fixed_manifest,block_10_qkv,linear_qkv,GPU,410023.92735998594,410466.65983998595
38,fixed_manifest,block_07_ffn_island,fused_ffn_island,FPGA,410182.69215998595,410515.4396799859
40,fixed_manifest,block_02_proj,linear_projection,GPU,410466.65983998595,410618.9039999859
41,fixed_manifest,patch_embedding,patch_embedding,GPU,410618.9039999859,410770.4108799859
39,fixed_manifest,block_05_norm1,layer_norm,GPU,410770.4108799859,410792.5404799859
37,fixed_manifest,block_10_attention,self_attention,GPU,410792.5404799859,410948.5670399859
40,fixed_manifest,block_02_residual1,residual_add,GPU,410948.5670399859,410966.91423998587
38,fixed_manifest,block_07_residual2,residual_add,GPU,410966.91423998587,410985.2614399859
41,fixed_manifest,token_embedding,token_and_position_embedding,GPU,410985.2614399859,411003.60863998585
39,fixed_manifest,block_05_qkv,linear_qkv,GPU,411003.60863998585,411446.34111998585
37,fixed_manifest,block_10_proj,linear_projection,GPU,411446.34111998585,411598.58527998585
40,fixed_manifest,block_02_norm2,layer_norm,GPU,411598.58527998585,411620.7148799858
38,fixed_manifest,block_08_norm1,layer_norm,GPU,411620.7148799858,411642.84447998577
41,fixed_manifest,block_00_norm1,layer_norm,GPU,411642.84447998577,411664.97407998575
39,fixed_manifest,block_05_attention,self_attention,GPU,411664.97407998575,411821.0006399858
40,fixed_manifest,block_02_ffn_island,fused_ffn_island,FPGA,411779.4796799858,412112.2271999858
37,fixed_manifest,block_10_residual1,residual_add,GPU,411821.0006399858,411839.34783998574
38,fixed_manifest,block_08_qkv,linear_qkv,GPU,411839.34783998574,412282.08031998575
41,fixed_manifest,block_00_qkv,linear_qkv,GPU,412282.08031998575,412724.81279998575
39,fixed_manifest,block_05_proj,linear_projection,GPU,412724.81279998575,412877.0569599857
37,fixed_manifest,block_10_norm2,layer_norm,GPU,412877.0569599857,412899.1865599857
40,fixed_manifest,block_02_residual2,residual_add,GPU,412899.1865599857,412917.5337599857
38,fixed_manifest,block_08_attention,self_attention,GPU,412917.5337599857,413073.5603199857
37,fixed_manifest,block_10_ffn_island,fused_ffn_island,FPGA,413057.9513599857,413390.6988799857
41,fixed_manifest,block_00_attention,self_attention,GPU,413073.5603199857,413229.58687998576
39,fixed_manifest,block_05_residual1,residual_add,GPU,413229.58687998576,413247.9340799857
40,fixed_manifest,block_03_norm1,layer_norm,GPU,413247.9340799857,413270.0636799857
38,fixed_manifest,block_08_proj,linear_projection,GPU,413270.0636799857,413422.3078399857
41,fixed_manifest,block_00_proj,linear_projection,GPU,413422.3078399857,413574.55199998565
39,fixed_manifest,block_05_norm2,layer_norm,GPU,413574.55199998565,413596.68159998563
40,fixed_manifest,block_03_qkv,linear_qkv,GPU,413596.68159998563,414039.41407998564
39,fixed_manifest,block_05_ffn_island,fused_ffn_island,FPGA,413755.44639998564,414088.1939199856
38,fixed_manifest,block_08_residual1,residual_add,GPU,414039.41407998564,414057.7612799856
37,fixed_manifest,block_10_residual2,residual_add,GPU,414057.7612799856,414076.1084799856
41,fixed_manifest,block_00_residual1,residual_add,GPU,414076.1084799856,414094.4556799856
40,fixed_manifest,block_03_attention,self_attention,GPU,414094.4556799856,414250.4822399856
38,fixed_manifest,block_08_norm2,layer_norm,GPU,414250.4822399856,414272.6118399856
37,fixed_manifest,block_11_norm1,layer_norm,GPU,414272.6118399856,414294.7414399856
41,fixed_manifest,block_00_norm2,layer_norm,GPU,414294.7414399856,414316.87103998556
39,fixed_manifest,block_05_residual2,residual_add,GPU,414316.87103998556,414335.2182399855
40,fixed_manifest,block_03_proj,linear_projection,GPU,414335.2182399855,414487.4623999855
38,fixed_manifest,block_08_ffn_island,fused_ffn_island,FPGA,414431.3766399856,414764.1241599856
37,fixed_manifest,block_11_qkv,linear_qkv,GPU,414487.4623999855,414930.19487998553
39,fixed_manifest,block_06_norm1,layer_norm,GPU,414930.19487998553,414952.32447998546
40,fixed_manifest,block_03_residual1,residual_add,GPU,414952.32447998546,414970.6716799855
37,fixed_manifest,block_11_attention,self_attention,GPU,414970.6716799855,415126.6982399855
41,fixed_manifest,block_00_ffn_island,fused_ffn_island,FPGA,414987.7001599856,415320.4476799856
39,fixed_manifest,block_06_qkv,linear_qkv,GPU,415126.6982399855,415569.43071998545
40,fixed_manifest,block_03_norm2,layer_norm,GPU,415569.43071998545,415591.56031998544
38,fixed_manifest,block_08_residual2,residual_add,GPU,415591.56031998544,415609.90751998546
37,fixed_manifest,block_11_proj,linear_projection,GPU,415609.90751998546,415762.1516799854
40,fixed_manifest,block_03_ffn_island,fused_ffn_island,FPGA,415750.32511998544,416083.0726399855
41,fixed_manifest,block_00_residual2,residual_add,GPU,415762.1516799854,415780.4988799854
39,fixed_manifest,block_06_attention,self_attention,GPU,415780.4988799854,415936.52543998545
38,fixed_manifest,block_09_norm1,layer_norm,GPU,415936.52543998545,415958.65503998543
37,fixed_manifest,block_11_residual1,residual_add,GPU,415958.65503998543,415977.0022399854
41,fixed_manifest,block_01_norm1,layer_norm,GPU,415977.0022399854,415999.1318399854
39,fixed_manifest,block_06_proj,linear_projection,GPU,415999.1318399854,416151.3759999854
38,fixed_manifest,block_09_qkv,linear_qkv,GPU,416151.3759999854,416594.1084799853
37,fixed_manifest,block_11_norm2,layer_norm,GPU,416594.1084799853,416616.2380799853
41,fixed_manifest,block_01_qkv,linear_qkv,GPU,416616.2380799853,417058.9705599853
37,fixed_manifest,block_11_ffn_island,fused_ffn_island,FPGA,416775.0028799853,417107.75039998535
39,fixed_manifest,block_06_residual1,residual_add,GPU,417058.9705599853,417077.3177599853
40,fixed_manifest,block_03_residual2,residual_add,GPU,417077.3177599853,417095.6649599853
38,fixed_manifest,block_09_attention,self_attention,GPU,417095.6649599853,417251.6915199853
41,fixed_manifest,block_01_attention,self_attention,GPU,417251.6915199853,417407.71807998535
39,fixed_manifest,block_06_norm2,layer_norm,GPU,417407.71807998535,417429.84767998534
40,fixed_manifest,block_04_norm1,layer_norm,GPU,417429.84767998534,417451.97727998527
38,fixed_manifest,block_09_proj,linear_projection,GPU,417451.97727998527,417604.22143998527
39,fixed_manifest,block_06_ffn_island,fused_ffn_island,FPGA,417588.6124799853,417921.3599999853
37,fixed_manifest,block_11_residual2,residual_add,GPU,417604.22143998527,417622.5686399853
41,fixed_manifest,block_01_proj,linear_projection,GPU,417622.5686399853,417774.81279998523
40,fixed_manifest,block_04_qkv,linear_qkv,GPU,417774.81279998523,418217.54527998524
38,fixed_manifest,block_09_residual1,residual_add,GPU,418217.54527998524,418235.8924799852
37,fixed_manifest,final_norm,layer_norm,GPU,418235.8924799852,418258.0220799852
41,fixed_manifest,block_01_residual1,residual_add,GPU,418258.0220799852,418276.3692799852
39,fixed_manifest,block_06_residual2,residual_add,GPU,418276.3692799852,418294.71647998516
40,fixed_manifest,block_04_attention,self_attention,GPU,418294.71647998516,418450.7430399852
38,fixed_manifest,block_09_norm2,layer_norm,GPU,418450.7430399852,418472.8726399852
37,fixed_manifest,class_token_select,class_token_select,GPU,418472.8726399852,418479.9110399852
41,fixed_manifest,block_01_norm2,layer_norm,GPU,418479.9110399852,418502.0406399851
39,fixed_manifest,block_07_norm1,layer_norm,GPU,418502.0406399851,418524.1702399851
40,fixed_manifest,block_04_proj,linear_projection,GPU,418524.1702399851,418676.4143999851
38,fixed_manifest,block_09_ffn_island,fused_ffn_island,FPGA,418631.6374399852,418964.38495998515
37,fixed_manifest,classifier,linear_classifier,GPU,418676.4143999851,418684.37439998507
39,fixed_manifest,block_07_qkv,linear_qkv,GPU,418684.37439998507,419127.1068799851
40,fixed_manifest,block_04_residual1,residual_add,GPU,419127.1068799851,419145.45407998504
39,fixed_manifest,block_07_attention,self_attention,GPU,419145.45407998504,419301.48063998506
41,fixed_manifest,block_01_ffn_island,fused_ffn_island,FPGA,419187.96095998515,419520.7084799852
40,fixed_manifest,block_04_norm2,layer_norm,GPU,419301.48063998506,419323.61023998505
38,fixed_manifest,block_09_residual2,residual_add,GPU,419323.61023998505,419341.957439985
39,fixed_manifest,block_07_proj,linear_projection,GPU,419341.957439985,419494.201599985
38,fixed_manifest,block_10_norm1,layer_norm,GPU,419494.201599985,419516.331199985
39,fixed_manifest,block_07_residual1,residual_add,GPU,419516.331199985,419534.67839998496
38,fixed_manifest,block_10_qkv,linear_qkv,GPU,419534.67839998496,419977.41087998496
40,fixed_manifest,block_04_ffn_island,fused_ffn_island,FPGA,419744.2844799852,420077.0319999852
39,fixed_manifest,block_07_norm2,layer_norm,GPU,419977.41087998496,419999.54047998495
41,fixed_manifest,block_01_residual2,residual_add,GPU,419999.54047998495,420017.8876799849
38,fixed_manifest,block_10_attention,self_attention,GPU,420017.8876799849,420173.91423998494
42,fixed_manifest,patch_embedding,patch_embedding,GPU,420173.91423998494,420325.42111998494
39,fixed_manifest,block_07_ffn_island,fused_ffn_island,FPGA,420300.6079999852,420633.3555199852
41,fixed_manifest,block_02_norm1,layer_norm,GPU,420325.42111998494,420347.5507199849
38,fixed_manifest,block_10_proj,linear_projection,GPU,420347.5507199849,420499.7948799849
40,fixed_manifest,block_04_residual2,residual_add,GPU,420499.7948799849,420518.1420799849
42,fixed_manifest,token_embedding,token_and_position_embedding,GPU,420518.1420799849,420536.4892799849
41,fixed_manifest,block_02_qkv,linear_qkv,GPU,420536.4892799849,420979.22175998485
38,fixed_manifest,block_10_residual1,residual_add,GPU,420979.22175998485,420997.56895998487
40,fixed_manifest,block_05_norm1,layer_norm,GPU,420997.56895998487,421019.69855998486
42,fixed_manifest,block_00_norm1,layer_norm,GPU,421019.69855998486,421041.8281599848
39,fixed_manifest,block_07_residual2,residual_add,GPU,421041.8281599848,421060.1753599848
41,fixed_manifest,block_02_attention,self_attention,GPU,421060.1753599848,421216.20191998483
38,fixed_manifest,block_10_norm2,layer_norm,GPU,421216.20191998483,421238.3315199848
40,fixed_manifest,block_05_qkv,linear_qkv,GPU,421238.3315199848,421681.06399998476
38,fixed_manifest,block_10_ffn_island,fused_ffn_island,FPGA,421397.09631998476,421729.8438399848
42,fixed_manifest,block_00_qkv,linear_qkv,GPU,421681.06399998476,422123.79647998477
39,fixed_manifest,block_08_norm1,layer_norm,GPU,422123.79647998477,422145.92607998475
41,fixed_manifest,block_02_proj,linear_projection,GPU,422145.92607998475,422298.1702399847
40,fixed_manifest,block_05_attention,self_attention,GPU,422298.1702399847,422454.1967999847
38,fixed_manifest,block_10_residual2,residual_add,GPU,422454.1967999847,422472.54399998474
42,fixed_manifest,block_00_attention,self_attention,GPU,422472.54399998474,422628.5705599848
39,fixed_manifest,block_08_qkv,linear_qkv,GPU,422628.5705599848,423071.3030399847
41,fixed_manifest,block_02_residual1,residual_add,GPU,423071.3030399847,423089.65023998474
40,fixed_manifest,block_05_proj,linear_projection,GPU,423089.65023998474,423241.89439998474
38,fixed_manifest,block_11_norm1,layer_norm,GPU,423241.89439998474,423264.02399998467
42,fixed_manifest,block_00_proj,linear_projection,GPU,423264.02399998467,423416.26815998467
39,fixed_manifest,block_08_attention,self_attention,GPU,423416.26815998467,423572.2947199847
41,fixed_manifest,block_02_norm2,layer_norm,GPU,423572.2947199847,423594.4243199847
40,fixed_manifest,block_05_residual1,residual_add,GPU,423594.4243199847,423612.77151998464
38,fixed_manifest,block_11_qkv,linear_qkv,GPU,423612.77151998464,424055.50399998465
41,fixed_manifest,block_02_ffn_island,fused_ffn_island,FPGA,423753.1891199847,424085.93663998466
42,fixed_manifest,block_00_residual1,residual_add,GPU,424055.50399998465,424073.85119998467
39,fixed_manifest,block_08_proj,linear_projection,GPU,424073.85119998467,424226.0953599846
40,fixed_manifest,block_05_norm2,layer_norm,GPU,424226.0953599846,424248.2249599846
38,fixed_manifest,block_11_attention,self_attention,GPU,424248.2249599846,424404.2515199846
42,fixed_manifest,block_00_norm2,layer_norm,GPU,424404.2515199846,424426.3811199846
40,fixed_manifest,block_05_ffn_island,fused_ffn_island,FPGA,424406.9897599846,424739.7372799846
39,fixed_manifest,block_08_residual1,residual_add,GPU,424426.3811199846,424444.72831998457
41,fixed_manifest,block_02_residual2,residual_add,GPU,424444.72831998457,424463.0755199846
38,fixed_manifest,block_11_proj,linear_projection,GPU,424463.0755199846,424615.31967998453
39,fixed_manifest,block_08_norm2,layer_norm,GPU,424615.31967998453,424637.4492799845
41,fixed_manifest,block_03_norm1,layer_norm,GPU,424637.4492799845,424659.5788799845
38,fixed_manifest,block_11_residual1,residual_add,GPU,424659.5788799845,424677.9260799845
41,fixed_manifest,block_03_qkv,linear_qkv,GPU,424677.9260799845,425120.65855998447
42,fixed_manifest,block_00_ffn_island,fused_ffn_island,FPGA,424963.3132799846,425296.0607999846
38,fixed_manifest,block_11_norm2,layer_norm,GPU,425120.65855998447,425142.78815998445
40,fixed_manifest,block_05_residual2,residual_add,GPU,425142.78815998445,425161.1353599845
41,fixed_manifest,block_03_attention,self_attention,GPU,425161.1353599845,425317.1619199845
40,fixed_manifest,block_06_norm1,layer_norm,GPU,425317.1619199845,425339.2915199844
41,fixed_manifest,block_03_proj,linear_projection,GPU,425339.2915199844,425491.53567998443
40,fixed_manifest,block_06_qkv,linear_qkv,GPU,425491.53567998443,425934.26815998444
39,fixed_manifest,block_08_ffn_island,fused_ffn_island,FPGA,425519.6367999846,425852.38431998465
41,fixed_manifest,block_03_residual1,residual_add,GPU,425934.26815998444,425952.6153599844
42,fixed_manifest,block_00_residual2,residual_add,GPU,425952.6153599844,425970.9625599844
40,fixed_manifest,block_06_attention,self_attention,GPU,425970.9625599844,426126.98911998444
38,fixed_manifest,block_11_ffn_island,fused_ffn_island,FPGA,426075.96031998465,426408.7078399846
41,fixed_manifest,block_03_norm2,layer_norm,GPU,426126.98911998444,426149.11871998437
42,fixed_manifest,block_01_norm1,layer_norm,GPU,426149.11871998437,426171.24831998436
39,fixed_manifest,block_08_residual2,residual_add,GPU,426171.24831998436,426189.5955199844
40,fixed_manifest,block_06_proj,linear_projection,GPU,426189.5955199844,426341.8396799844
42,fixed_manifest,block_01_qkv,linear_qkv,GPU,426341.8396799844,426784.5721599843
41,fixed_manifest,block_03_ffn_island,fused_ffn_island,FPGA,426632.2838399846,426965.03135998466
39,fixed_manifest,block_09_norm1,layer_norm,GPU,426784.5721599843,426806.7017599843
40,fixed_manifest,block_06_residual1,residual_add,GPU,426806.7017599843,426825.0489599843
38,fixed_manifest,block_11_residual2,residual_add,GPU,426825.0489599843,426843.3961599843
42,fixed_manifest,block_01_attention,self_attention,GPU,426843.3961599843,426999.4227199843
39,fixed_manifest,block_09_qkv,linear_qkv,GPU,426999.4227199843,427442.1551999843
40,fixed_manifest,block_06_norm2,layer_norm,GPU,427442.1551999843,427464.28479998425
38,fixed_manifest,final_norm,layer_norm,GPU,427464.28479998425,427486.41439998423
42,fixed_manifest,block_01_proj,linear_projection,GPU,427486.41439998423,427638.65855998424
40,fixed_manifest,block_06_ffn_island,fused_ffn_island,FPGA,427623.04959998425,427955.7971199843
41,fixed_manifest,block_03_residual2,residual_add,GPU,427638.65855998424,427657.0057599842
39,fixed_manifest,block_09_attention,self_attention,GPU,427657.0057599842,427813.0323199842
38,fixed_manifest,class_token_select,class_token_select,GPU,427813.0323199842,427820.07071998424
42,fixed_manifest,block_01_residual1,residual_add,GPU,427820.07071998424,427838.4179199842
41,fixed_manifest,block_04_norm1,layer_norm,GPU,427838.4179199842,427860.5475199842
39,fixed_manifest,block_09_proj,linear_projection,GPU,427860.5475199842,428012.7916799842
38,fixed_manifest,classifier,linear_classifier,GPU,428012.7916799842,428020.75167998415
42,fixed_manifest,block_01_norm2,layer_norm,GPU,428020.75167998415,428042.88127998414
41,fixed_manifest,block_04_qkv,linear_qkv,GPU,428042.88127998414,428485.61375998415
42,fixed_manifest,block_01_ffn_island,fused_ffn_island,FPGA,428201.64607998414,428534.3935999841
39,fixed_manifest,block_09_residual1,residual_add,GPU,428485.61375998415,428503.9609599841
40,fixed_manifest,block_06_residual2,residual_add,GPU,428503.9609599841,428522.3081599841
41,fixed_manifest,block_04_attention,self_attention,GPU,428522.3081599841,428678.3347199841
39,fixed_manifest,block_09_norm2,layer_norm,GPU,428678.3347199841,428700.4643199841
40,fixed_manifest,block_07_norm1,layer_norm,GPU,428700.4643199841,428722.59391998406
41,fixed_manifest,block_04_proj,linear_projection,GPU,428722.59391998406,428874.83807998407
39,fixed_manifest,block_09_ffn_island,fused_ffn_island,FPGA,428859.2291199841,429191.9766399841
42,fixed_manifest,block_01_residual2,residual_add,GPU,428874.83807998407,428893.185279984
40,fixed_manifest,block_07_qkv,linear_qkv,GPU,428893.185279984,429335.91775998403
41,fixed_manifest,block_04_residual1,residual_add,GPU,429335.91775998403,429354.264959984
42,fixed_manifest,block_02_norm1,layer_norm,GPU,429354.264959984,429376.394559984
40,fixed_manifest,block_07_attention,self_attention,GPU,429376.394559984,429532.421119984
39,fixed_manifest,block_09_residual2,residual_add,GPU,429532.421119984,429550.768319984
41,fixed_manifest,block_04_norm2,layer_norm,GPU,429550.768319984,429572.897919984
42,fixed_manifest,block_02_qkv,linear_qkv,GPU,429572.897919984,430015.63039998396
41,fixed_manifest,block_04_ffn_island,fused_ffn_island,FPGA,429731.66271998396,430064.410239984
40,fixed_manifest,block_07_proj,linear_projection,GPU,430015.63039998396,430167.87455998396
39,fixed_manifest,block_10_norm1,layer_norm,GPU,430167.87455998396,430190.00415998395
43,fixed_manifest,patch_embedding,patch_embedding,GPU,430190.00415998395,430341.5110399839
42,fixed_manifest,block_02_attention,self_attention,GPU,430341.5110399839,430497.5375999839
40,fixed_manifest,block_07_residual1,residual_add,GPU,430497.5375999839,430515.88479998393
39,fixed_manifest,block_10_qkv,linear_qkv,GPU,430515.88479998393,430958.61727998394
41,fixed_manifest,block_04_residual2,residual_add,GPU,430958.61727998394,430976.9644799839
43,fixed_manifest,token_embedding,token_and_position_embedding,GPU,430976.9644799839,430995.3116799839
42,fixed_manifest,block_02_proj,linear_projection,GPU,430995.3116799839,431147.55583998386
40,fixed_manifest,block_07_norm2,layer_norm,GPU,431147.55583998386,431169.68543998385
39,fixed_manifest,block_10_attention,self_attention,GPU,431169.68543998385,431325.7119999839
41,fixed_manifest,block_05_norm1,layer_norm,GPU,431325.7119999839,431347.84159998386
40,fixed_manifest,block_07_ffn_island,fused_ffn_island,FPGA,431328.45023998385,431661.1977599838
43,fixed_manifest,block_00_norm1,layer_norm,GPU,431347.84159998386,431369.97119998385
42,fixed_manifest,block_02_residual1,residual_add,GPU,431369.97119998385,431388.3183999838
39,fixed_manifest,block_10_proj,linear_projection,GPU,431388.3183999838,431540.5625599838
41,fixed_manifest,block_05_qkv,linear_qkv,GPU,431540.5625599838,431983.29503998376
43,fixed_manifest,block_00_qkv,linear_qkv,GPU,431983.29503998376,432426.02751998376
42,fixed_manifest,block_02_norm2,layer_norm,GPU,432426.02751998376,432448.15711998375
39,fixed_manifest,block_10_residual1,residual_add,GPU,432448.15711998375,432466.5043199837
40,fixed_manifest,block_07_residual2,residual_add,GPU,432466.5043199837,432484.8515199837
41,fixed_manifest,block_05_attention,self_attention,GPU,432484.8515199837,432640.87807998376
42,fixed_manifest,block_02_ffn_island,fused_ffn_island,FPGA,432606.92191998375,432939.6694399837
43,fixed_manifest,block_00_attention,self_attention,GPU,432640.87807998376,432796.9046399838
39,fixed_manifest,block_10_norm2,layer_norm,GPU,432796.9046399838,432819.03423998377
40,fixed_manifest,block_08_norm1,layer_norm,GPU,432819.03423998377,432841.1638399837
41,fixed_manifest,block_05_proj,linear_projection,GPU,432841.1638399837,432993.4079999837
43,fixed_manifest,block_00_proj,linear_projection,GPU,432993.4079999837,433145.6521599837
40,fixed_manifest,block_08_qkv,linear_qkv,GPU,433145.6521599837,433588.38463998365
39,fixed_manifest,block_10_ffn_island,fused_ffn_island,FPGA,433163.24543998373,433495.99295998376
41,fixed_manifest,block_05_residual1,residual_add,GPU,433588.38463998365,433606.73183998367
43,fixed_manifest,block_00_residual1,residual_add,GPU,433606.73183998367,433625.0790399836
42,fixed_manifest,block_02_residual2,residual_add,GPU,433625.0790399836,433643.42623998364
40,fixed_manifest,block_08_attention,self_attention,GPU,433643.42623998364,433799.4527999837
41,fixed_manifest,block_05_norm2,layer_norm,GPU,433799.4527999837,433821.58239998366
43,fixed_manifest,block_00_norm2,layer_norm,GPU,433821.58239998366,433843.71199998364
42,fixed_manifest,block_03_norm1,layer_norm,GPU,433843.71199998364,433865.84159998357
39,fixed_manifest,block_10_residual2,residual_add,GPU,433865.84159998357,433884.1887999836
40,fixed_manifest,block_08_proj,linear_projection,GPU,433884.1887999836,434036.4329599836
41,fixed_manifest,block_05_ffn_island,fused_ffn_island,FPGA,433980.3471999836,434313.09471998364
42,fixed_manifest,block_03_qkv,linear_qkv,GPU,434036.4329599836,434479.16543998354
39,fixed_manifest,block_11_norm1,layer_norm,GPU,434479.16543998354,434501.2950399835
40,fixed_manifest,block_08_residual1,residual_add,GPU,434501.2950399835,434519.64223998354
42,fixed_manifest,block_03_attention,self_attention,GPU,434519.64223998354,434675.6687999835
43,fixed_manifest,block_00_ffn_island,fused_ffn_island,FPGA,434536.67071998364,434869.4182399837
39,fixed_manifest,block_11_qkv,linear_qkv,GPU,434675.6687999835,435118.4012799835
40,fixed_manifest,block_08_norm2,layer_norm,GPU,435118.4012799835,435140.5308799835
41,fixed_manifest,block_05_residual2,residual_add,GPU,435140.5308799835,435158.87807998346
42,fixed_manifest,block_03_proj,linear_projection,GPU,435158.87807998346,435311.12223998347
40,fixed_manifest,block_08_ffn_island,fused_ffn_island,FPGA,435299.2956799835,435632.0431999835
43,fixed_manifest,block_00_residual2,residual_add,GPU,435311.12223998347,435329.4694399835
39,fixed_manifest,block_11_attention,self_attention,GPU,435329.4694399835,435485.4959999835
41,fixed_manifest,block_06_norm1,layer_norm,GPU,435485.4959999835,435507.62559998344
42,fixed_manifest,block_03_residual1,residual_add,GPU,435507.62559998344,435525.97279998346
43,fixed_manifest,block_01_norm1,layer_norm,GPU,435525.97279998346,435548.10239998344
39,fixed_manifest,block_11_proj,linear_projection,GPU,435548.10239998344,435700.3465599834
41,fixed_manifest,block_06_qkv,linear_qkv,GPU,435700.3465599834,436143.0790399834
42,fixed_manifest,block_03_norm2,layer_norm,GPU,436143.0790399834,436165.2086399834
43,fixed_manifest,block_01_qkv,linear_qkv,GPU,436165.2086399834,436607.9411199834
42,fixed_manifest,block_03_ffn_island,fused_ffn_island,FPGA,436323.9734399834,436656.72095998336
39,fixed_manifest,block_11_residual1,residual_add,GPU,436607.9411199834,436626.28831998334
40,fixed_manifest,block_08_residual2,residual_add,GPU,436626.28831998334,436644.63551998336
41,fixed_manifest,block_06_attention,self_attention,GPU,436644.63551998336,436800.66207998333
43,fixed_manifest,block_01_attention,self_attention,GPU,436800.66207998333,436956.68863998336
39,fixed_manifest,block_11_norm2,layer_norm,GPU,436956.68863998336,436978.81823998335
40,fixed_manifest,block_09_norm1,layer_norm,GPU,436978.81823998335,437000.94783998333
41,fixed_manifest,block_06_proj,linear_projection,GPU,437000.94783998333,437153.19199998333
39,fixed_manifest,block_11_ffn_island,fused_ffn_island,FPGA,437137.58303998335,437470.3305599834
42,fixed_manifest,block_03_residual2,residual_add,GPU,437153.19199998333,437171.5391999833
43,fixed_manifest,block_01_proj,linear_projection,GPU,437171.5391999833,437323.7833599833
40,fixed_manifest,block_09_qkv,linear_qkv,GPU,437323.7833599833,437766.51583998324
41,fixed_manifest,block_06_residual1,residual_add,GPU,437766.51583998324,437784.86303998326
42,fixed_manifest,block_04_norm1,layer_norm,GPU,437784.86303998326,437806.99263998325
43,fixed_manifest,block_01_residual1,residual_add,GPU,437806.99263998325,437825.3398399832
39,fixed_manifest,block_11_residual2,residual_add,GPU,437825.3398399832,437843.6870399832
40,fixed_manifest,block_09_attention,self_attention,GPU,437843.6870399832,437999.71359998325
41,fixed_manifest,block_06_norm2,layer_norm,GPU,437999.71359998325,438021.84319998324
42,fixed_manifest,block_04_qkv,linear_qkv,GPU,438021.84319998324,438464.5756799832
41,fixed_manifest,block_06_ffn_island,fused_ffn_island,FPGA,438180.6079999832,438513.3555199832
43,fixed_manifest,block_01_norm2,layer_norm,GPU,438464.5756799832,438486.7052799832
39,fixed_manifest,final_norm,layer_norm,GPU,438486.7052799832,438508.83487998316
40,fixed_manifest,block_09_proj,linear_projection,GPU,438508.83487998316,438661.07903998316
42,fixed_manifest,block_04_attention,self_attention,GPU,438661.07903998316,438817.1055999832
43,fixed_manifest,block_01_ffn_island,fused_ffn_island,FPGA,438736.9315199832,439069.67903998325
39,fixed_manifest,class_token_select,class_token_select,GPU,438817.1055999832,438824.14399998315
40,fixed_manifest,block_09_residual1,residual_add,GPU,438824.14399998315,438842.49119998317
41,fixed_manifest,block_06_residual2,residual_add,GPU,438842.49119998317,438860.8383999831
42,fixed_manifest,block_04_proj,linear_projection,GPU,438860.8383999831,439013.08255998313
39,fixed_manifest,classifier,linear_classifier,GPU,439013.08255998313,439021.0425599831
40,fixed_manifest,block_09_norm2,layer_norm,GPU,439021.0425599831,439043.1721599831
41,fixed_manifest,block_07_norm1,layer_norm,GPU,439043.1721599831,439065.30175998306
42,fixed_manifest,block_04_residual1,residual_add,GPU,439065.30175998306,439083.648959983
41,fixed_manifest,block_07_qkv,linear_qkv,GPU,439083.648959983,439526.38143998303
40,fixed_manifest,block_09_ffn_island,fused_ffn_island,FPGA,439293.25503998325,439626.00255998323
42,fixed_manifest,block_04_norm2,layer_norm,GPU,439526.38143998303,439548.511039983
43,fixed_manifest,block_01_residual2,residual_add,GPU,439548.511039983,439566.858239983
41,fixed_manifest,block_07_attention,self_attention,GPU,439566.858239983,439722.884799983
43,fixed_manifest,block_02_norm1,layer_norm,GPU,439722.884799983,439745.014399983
41,fixed_manifest,block_07_proj,linear_projection,GPU,439745.014399983,439897.258559983
42,fixed_manifest,block_04_ffn_island,fused_ffn_island,FPGA,439849.57855998323,440182.32607998326
43,fixed_manifest,block_02_qkv,linear_qkv,GPU,439897.258559983,440339.99103998294
40,fixed_manifest,block_09_residual2,residual_add,GPU,440339.99103998294,440358.33823998296
41,fixed_manifest,block_07_residual1,residual_add,GPU,440358.33823998296,440376.6854399829
44,fixed_manifest,patch_embedding,patch_embedding,GPU,440376.6854399829,440528.1923199829
43,fixed_manifest,block_02_attention,self_attention,GPU,440528.1923199829,440684.21887998295
42,fixed_manifest,block_04_residual2,residual_add,GPU,440684.21887998295,440702.5660799829
40,fixed_manifest,block_10_norm1,layer_norm,GPU,440702.5660799829,440724.6956799829
41,fixed_manifest,block_07_norm2,layer_norm,GPU,440724.6956799829,440746.8252799829
44,fixed_manifest,token_embedding,token_and_position_embedding,GPU,440746.8252799829,440765.1724799829
43,fixed_manifest,block_02_proj,linear_projection,GPU,440765.1724799829,440917.41663998284
41,fixed_manifest,block_07_ffn_island,fused_ffn_island,FPGA,440905.5900799829,441238.33759998286
42,fixed_manifest,block_05_norm1,layer_norm,GPU,440917.41663998284,440939.5462399828
40,fixed_manifest,block_10_qkv,linear_qkv,GPU,440939.5462399828,441382.27871998283
44,fixed_manifest,block_00_norm1,layer_norm,GPU,441382.27871998283,441404.4083199828
43,fixed_manifest,block_02_residual1,residual_add,GPU,441404.4083199828,441422.7555199828
42,fixed_manifest,block_05_qkv,linear_qkv,GPU,441422.7555199828,441865.4879999828
40,fixed_manifest,block_10_attention,self_attention,GPU,441865.4879999828,442021.5145599828
41,fixed_manifest,block_07_residual2,residual_add,GPU,442021.5145599828,442039.86175998277
44,fixed_manifest,block_00_qkv,linear_qkv,GPU,442039.86175998277,442482.5942399828
43,fixed_manifest,block_02_norm2,layer_norm,GPU,442482.5942399828,442504.72383998276
42,fixed_manifest,block_05_attention,self_attention,GPU,442504.72383998276,442660.7503999828
40,fixed_manifest,block_10_proj,linear_projection,GPU,442660.7503999828,442812.99455998273
43,fixed_manifest,block_02_ffn_island,fused_ffn_island,FPGA,442663.4886399827,442996.23615998274
41,fixed_manifest,block_08_norm1,layer_norm,GPU,442812.99455998273,442835.1241599827
44,fixed_manifest,block_00_attention,self_attention,GPU,442835.1241599827,442991.15071998275
42,fixed_manifest,block_05_proj,linear_projection,GPU,442991.15071998275,443143.39487998275
40,fixed_manifest,block_10_residual1,residual_add,GPU,443143.39487998275,443161.7420799827
41,fixed_manifest,block_08_qkv,linear_qkv,GPU,443161.7420799827,443604.4745599827
44,fixed_manifest,block_00_proj,linear_projection,GPU,443604.4745599827,443756.71871998266
42,fixed_manifest,block_05_residual1,residual_add,GPU,443756.71871998266,443775.0659199827
43,fixed_manifest,block_02_residual2,residual_add,GPU,443775.0659199827,443793.41311998264
40,fixed_manifest,block_10_norm2,layer_norm,GPU,443793.41311998264,443815.5427199826
41,fixed_manifest,block_08_attention,self_attention,GPU,443815.5427199826,443971.56927998265
44,fixed_manifest,block_00_residual1,residual_add,GPU,443971.56927998265,443989.91647998267
40,fixed_manifest,block_10_ffn_island,fused_ffn_island,FPGA,443974.3075199826,444307.05503998266
42,fixed_manifest,block_05_norm2,layer_norm,GPU,443989.91647998267,444012.04607998265
43,fixed_manifest,block_03_norm1,layer_norm,GPU,444012.04607998265,444034.1756799826
41,fixed_manifest,block_08_proj,linear_projection,GPU,444034.1756799826,444186.4198399826
44,fixed_manifest,block_00_norm2,layer_norm,GPU,444186.4198399826,444208.54943998257
43,fixed_manifest,block_03_qkv,linear_qkv,GPU,444208.54943998257,444651.2819199825
42,fixed_manifest,block_05_ffn_island,fused_ffn_island,FPGA,444530.63103998266,444863.37855998264
41,fixed_manifest,block_08_residual1,residual_add,GPU,444651.2819199825,444669.62911998254
40,fixed_manifest,block_10_residual2,residual_add,GPU,444669.62911998254,444687.97631998255
43,fixed_manifest,block_03_attention,self_attention,GPU,444687.97631998255,444844.0028799825
41,fixed_manifest,block_08_norm2,layer_norm,GPU,444844.0028799825,444866.1324799825
40,fixed_manifest,block_11_norm1,layer_norm,GPU,444866.1324799825,444888.2620799825
43,fixed_manifest,block_03_proj,linear_projection,GPU,444888.2620799825,445040.5062399825
40,fixed_manifest,block_11_qkv,linear_qkv,GPU,445040.5062399825,445483.23871998244
44,fixed_manifest,block_00_ffn_island,fused_ffn_island,FPGA,445086.95455998264,445419.7020799827
43,fixed_manifest,block_03_residual1,residual_add,GPU,445483.23871998244,445501.58591998246
42,fixed_manifest,block_05_residual2,residual_add,GPU,445501.58591998246,445519.9331199824
40,fixed_manifest,block_11_attention,self_attention,GPU,445519.9331199824,445675.95967998245
41,fixed_manifest,block_08_ffn_island,fused_ffn_island,FPGA,445643.2780799827,445976.02559998265
43,fixed_manifest,block_03_norm2,layer_norm,GPU,445675.95967998245,445698.08927998244
42,fixed_manifest,block_06_norm1,layer_norm,GPU,445698.08927998244,445720.2188799824
44,fixed_manifest,block_00_residual2,residual_add,GPU,445720.2188799824,445738.56607998244
40,fixed_manifest,block_11_proj,linear_projection,GPU,445738.56607998244,445890.8102399824
42,fixed_manifest,block_06_qkv,linear_qkv,GPU,445890.8102399824,446333.5427199824
43,fixed_manifest,block_03_ffn_island,fused_ffn_island,FPGA,446199.60159998265,446532.3491199827
44,fixed_manifest,block_01_norm1,layer_norm,GPU,446333.5427199824,446355.6723199824
40,fixed_manifest,block_11_residual1,residual_add,GPU,446355.6723199824,446374.01951998234
41,fixed_manifest,block_08_residual2,residual_add,GPU,446374.01951998234,446392.36671998235
42,fixed_manifest,block_06_attention,self_attention,GPU,446392.36671998235,446548.3932799824
44,fixed_manifest,block_01_qkv,linear_qkv,GPU,446548.3932799824,446991.12575998233
40,fixed_manifest,block_11_norm2,layer_norm,GPU,446991.12575998233,447013.2553599823
41,fixed_manifest,block_09_norm1,layer_norm,GPU,447013.2553599823,447035.3849599823
42,fixed_manifest,block_06_proj,linear_projection,GPU,447035.3849599823,447187.6291199823
40,fixed_manifest,block_11_ffn_island,fused_ffn_island,FPGA,447172.0201599823,447504.7676799823
43,fixed_manifest,block_03_residual2,residual_add,GPU,447187.6291199823,447205.97631998226
44,fixed_manifest,block_01_attention,self_attention,GPU,447205.97631998226,447362.0028799823
41,fixed_manifest,block_09_qkv,linear_qkv,GPU,447362.0028799823,447804.7353599823
42,fixed_manifest,block_06_residual1,residual_add,GPU,447804.7353599823,447823.08255998226
43,fixed_manifest,block_04_norm1,layer_norm,GPU,447823.08255998226,447845.21215998224
44,fixed_manifest,block_01_proj,linear_projection,GPU,447845.21215998224,447997.45631998224
40,fixed_manifest,block_11_residual2,residual_add,GPU,447997.45631998224,448015.8035199822
41,fixed_manifest,block_09_attention,self_attention,GPU,448015.8035199822,448171.83007998223
42,fixed_manifest,block_06_norm2,layer_norm,GPU,448171.83007998223,448193.9596799822
43,fixed_manifest,block_04_qkv,linear_qkv,GPU,448193.9596799822,448636.6921599822
42,fixed_manifest,block_06_ffn_island,fused_ffn_island,FPGA,448352.7244799822,448685.4719999822
44,fixed_manifest,block_01_residual1,residual_add,GPU,448636.6921599822,448655.0393599822
40,fixed_manifest,final_norm,layer_norm,GPU,448655.0393599822,448677.16895998217
41,fixed_manifest,block_09_proj,linear_projection,GPU,448677.16895998217,448829.4131199822
43,fixed_manifest,block_04_attention,self_attention,GPU,448829.4131199822,448985.43967998214
44,fixed_manifest,block_01_norm2,layer_norm,GPU,448985.43967998214,449007.5692799821
40,fixed_manifest,class_token_select,class_token_select,GPU,449007.5692799821,449014.60767998215
41,fixed_manifest,block_09_residual1,residual_add,GPU,449014.60767998215,449032.9548799821
42,fixed_manifest,block_06_residual2,residual_add,GPU,449032.9548799821,449051.3020799821
43,fixed_manifest,block_04_proj,linear_projection,GPU,449051.3020799821,449203.5462399821
44,fixed_manifest,block_01_ffn_island,fused_ffn_island,FPGA,449166.33407998213,449499.08159998216
40,fixed_manifest,classifier,linear_classifier,GPU,449203.5462399821,449211.5062399821
41,fixed_manifest,block_09_norm2,layer_norm,GPU,449211.5062399821,449233.6358399821
42,fixed_manifest,block_07_norm1,layer_norm,GPU,449233.6358399821,449255.765439982
43,fixed_manifest,block_04_residual1,residual_add,GPU,449255.765439982,449274.112639982
42,fixed_manifest,block_07_qkv,linear_qkv,GPU,449274.112639982,449716.845119982
43,fixed_manifest,block_04_norm2,layer_norm,GPU,449716.845119982,449738.97471998195
41,fixed_manifest,block_09_ffn_island,fused_ffn_island,FPGA,449722.65759998217,450055.40511998214
42,fixed_manifest,block_07_attention,self_attention,GPU,449738.97471998195,449895.001279982
44,fixed_manifest,block_01_residual2,residual_add,GPU,449895.001279982,449913.348479982
42,fixed_manifest,block_07_proj,linear_projection,GPU,449913.348479982,450065.59263998194
44,fixed_manifest,block_02_norm1,layer_norm,GPU,450065.59263998194,450087.72223998193
45,fixed_manifest,patch_embedding,patch_embedding,GPU,450087.72223998193,450239.22911998193
42,fixed_manifest,block_07_residual1,residual_add,GPU,450239.22911998193,450257.57631998195
44,fixed_manifest,block_02_qkv,linear_qkv,GPU,450257.57631998195,450700.3087999819
43,fixed_manifest,block_04_ffn_island,fused_ffn_island,FPGA,450278.98111998214,450611.7286399822
45,fixed_manifest,token_embedding,token_and_position_embedding,GPU,450700.3087999819,450718.6559999819
42,fixed_manifest,block_07_norm2,layer_norm,GPU,450718.6559999819,450740.7855999819
41,fixed_manifest,block_09_residual2,residual_add,GPU,450740.7855999819,450759.13279998186
44,fixed_manifest,block_02_attention,self_attention,GPU,450759.13279998186,450915.1593599819
45,fixed_manifest,block_00_norm1,layer_norm,GPU,450915.1593599819,450937.2889599819
42,fixed_manifest,block_07_ffn_island,fused_ffn_island,FPGA,450921.2582399821,451254.00575998216
41,fixed_manifest,block_10_norm1,layer_norm,GPU,450937.2889599819,450959.41855998186
43,fixed_manifest,block_04_residual2,residual_add,GPU,450959.41855998186,450977.7657599818
44,fixed_manifest,block_02_proj,linear_projection,GPU,450977.7657599818,451130.0099199818
45,fixed_manifest,block_00_qkv,linear_qkv,GPU,451130.0099199818,451572.74239998177
41,fixed_manifest,block_10_qkv,linear_qkv,GPU,451572.74239998177,452015.4748799818
43,fixed_manifest,block_05_norm1,layer_norm,GPU,452015.4748799818,452037.60447998176
44,fixed_manifest,block_02_residual1,residual_add,GPU,452037.60447998176,452055.9516799817
42,fixed_manifest,block_07_residual2,residual_add,GPU,452055.9516799817,452074.29887998174
45,fixed_manifest,block_00_attention,self_attention,GPU,452074.29887998174,452230.32543998177
41,fixed_manifest,block_10_attention,self_attention,GPU,452230.32543998177,452386.3519999818
43,fixed_manifest,block_05_qkv,linear_qkv,GPU,452386.3519999818,452829.08447998174
44,fixed_manifest,block_02_norm2,layer_norm,GPU,452829.08447998174,452851.2140799817
42,fixed_manifest,block_08_norm1,layer_norm,GPU,452851.2140799817,452873.3436799817
45,fixed_manifest,block_00_proj,linear_projection,GPU,452873.3436799817,453025.5878399817
44,fixed_manifest,block_02_ffn_island,fused_ffn_island,FPGA,453009.97887998173,453342.72639998177
41,fixed_manifest,block_10_proj,linear_projection,GPU,453025.5878399817,453177.83199998166
43,fixed_manifest,block_05_attention,self_attention,GPU,453177.83199998166,453333.8585599817
42,fixed_manifest,block_08_qkv,linear_qkv,GPU,453333.8585599817,453776.5910399817
45,fixed_manifest,block_00_residual1,residual_add,GPU,453776.5910399817,453794.93823998165
41,fixed_manifest,block_10_residual1,residual_add,GPU,453794.93823998165,453813.2854399817
43,fixed_manifest,block_05_proj,linear_projection,GPU,453813.2854399817,453965.5295999817
44,fixed_manifest,block_02_residual2,residual_add,GPU,453965.5295999817,453983.87679998163
42,fixed_manifest,block_08_attention,self_attention,GPU,453983.87679998163,454139.90335998166
45,fixed_manifest,block_00_norm2,layer_norm,GPU,454139.90335998166,454162.03295998165
41,fixed_manifest,block_10_norm2,layer_norm,GPU,454162.03295998165,454184.16255998163
43,fixed_manifest,block_05_residual1,residual_add,GPU,454184.16255998163,454202.5097599816
44,fixed_manifest,block_03_norm1,layer_norm,GPU,454202.5097599816,454224.6393599816
42,fixed_manifest,block_08_proj,linear_projection,GPU,454224.6393599816,454376.8835199816
45,fixed_manifest,block_00_ffn_island,fused_ffn_island,FPGA,454320.79775998165,454653.5452799816
43,fixed_manifest,block_05_norm2,layer_norm,GPU,454376.8835199816,454399.01311998157
44,fixed_manifest,block_03_qkv,linear_qkv,GPU,454399.01311998157,454841.7455999815
42,fixed_manifest,block_08_residual1,residual_add,GPU,454841.7455999815,454860.09279998153
44,fixed_manifest,block_03_attention,self_attention,GPU,454860.09279998153,455016.11935998156
41,fixed_manifest,block_10_ffn_island,fused_ffn_island,FPGA,454877.1212799816,455209.86879998166
42,fixed_manifest,block_08_norm2,layer_norm,GPU,455016.11935998156,455038.24895998155
45,fixed_manifest,block_00_residual2,residual_add,GPU,455038.24895998155,455056.5961599815
44,fixed_manifest,block_03_proj,linear_projection,GPU,455056.5961599815,455208.8403199815
45,fixed_manifest,block_01_norm1,layer_norm,GPU,455208.8403199815,455230.9699199815
44,fixed_manifest,block_03_residual1,residual_add,GPU,455230.9699199815,455249.31711998145
45,fixed_manifest,block_01_qkv,linear_qkv,GPU,455249.31711998145,455692.04959998146
43,fixed_manifest,block_05_ffn_island,fused_ffn_island,FPGA,455433.44479998166,455766.1923199817
44,fixed_manifest,block_03_norm2,layer_norm,GPU,455692.04959998146,455714.17919998144
41,fixed_manifest,block_10_residual2,residual_add,GPU,455714.17919998144,455732.5263999814
45,fixed_manifest,block_01_attention,self_attention,GPU,455732.5263999814,455888.55295998143
41,fixed_manifest,block_11_norm1,layer_norm,GPU,455888.55295998143,455910.6825599814
45,fixed_manifest,block_01_proj,linear_projection,GPU,455910.6825599814,456062.92671998136
42,fixed_manifest,block_08_ffn_island,fused_ffn_island,FPGA,455989.7683199817,456322.5158399817
41,fixed_manifest,block_11_qkv,linear_qkv,GPU,456062.92671998136,456505.65919998137
43,fixed_manifest,block_05_residual2,residual_add,GPU,456505.65919998137,456524.0063999814
45,fixed_manifest,block_01_residual1,residual_add,GPU,456524.0063999814,456542.35359998135
41,fixed_manifest,block_11_attention,self_attention,GPU,456542.35359998135,456698.3801599814
44,fixed_manifest,block_03_ffn_island,fused_ffn_island,FPGA,456546.0918399817,456878.8393599817
43,fixed_manifest,block_06_norm1,layer_norm,GPU,456698.3801599814,456720.50975998136
45,fixed_manifest,block_01_norm2,layer_norm,GPU,456720.50975998136,456742.63935998135
42,fixed_manifest,block_08_residual2,residual_add,GPU,456742.63935998135,456760.9865599813
41,fixed_manifest,block_11_proj,linear_projection,GPU,456760.9865599813,456913.2307199813
43,fixed_manifest,block_06_qkv,linear_qkv,GPU,456913.2307199813,457355.9631999813
45,fixed_manifest,block_01_ffn_island,fused_ffn_island,FPGA,457102.4153599817,457435.1628799817
42,fixed_manifest,block_09_norm1,layer_norm,GPU,457355.9631999813,457378.09279998124
41,fixed_manifest,block_11_residual1,residual_add,GPU,457378.09279998124,457396.43999998126
44,fixed_manifest,block_03_residual2,residual_add,GPU,457396.43999998126,457414.7871999812
43,fixed_manifest,block_06_attention,self_attention,GPU,457414.7871999812,457570.81375998125
42,fixed_manifest,block_09_qkv,linear_qkv,GPU,457570.81375998125,458013.54623998125
41,fixed_manifest,block_11_norm2,layer_norm,GPU,458013.54623998125,458035.67583998124
44,fixed_manifest,block_04_norm1,layer_norm,GPU,458035.67583998124,458057.8054399812
43,fixed_manifest,block_06_proj,linear_projection,GPU,458057.8054399812,458210.04959998117
41,fixed_manifest,block_11_ffn_island,fused_ffn_island,FPGA,458194.44063998124,458527.1881599812
45,fixed_manifest,block_01_residual2,residual_add,GPU,458210.04959998117,458228.3967999812
42,fixed_manifest,block_09_attention,self_attention,GPU,458228.3967999812,458384.4233599812
44,fixed_manifest,block_04_qkv,linear_qkv,GPU,458384.4233599812,458827.15583998116
43,fixed_manifest,block_06_residual1,residual_add,GPU,458827.15583998116,458845.5030399812
45,fixed_manifest,block_02_norm1,layer_norm,GPU,458845.5030399812,458867.63263998117
42,fixed_manifest,block_09_proj,linear_projection,GPU,458867.63263998117,459019.8767999811
41,fixed_manifest,block_11_residual2,residual_add,GPU,459019.8767999811,459038.2239999811
44,fixed_manifest,block_04_attention,self_attention,GPU,459038.2239999811,459194.25055998116
43,fixed_manifest,block_06_norm2,layer_norm,GPU,459194.25055998116,459216.38015998114
45,fixed_manifest,block_02_qkv,linear_qkv,GPU,459216.38015998114,459659.1126399811
43,fixed_manifest,block_06_ffn_island,fused_ffn_island,FPGA,459375.1449599811,459707.8924799811
42,fixed_manifest,block_09_residual1,residual_add,GPU,459659.1126399811,459677.4598399811
41,fixed_manifest,final_norm,layer_norm,GPU,459677.4598399811,459699.5894399811
44,fixed_manifest,block_04_proj,linear_projection,GPU,459699.5894399811,459851.83359998104
45,fixed_manifest,block_02_attention,self_attention,GPU,459851.83359998104,460007.86015998106
42,fixed_manifest,block_09_norm2,layer_norm,GPU,460007.86015998106,460029.98975998105
41,fixed_manifest,class_token_select,class_token_select,GPU,460029.98975998105,460037.02815998107
44,fixed_manifest,block_04_residual1,residual_add,GPU,460037.02815998107,460055.37535998103
43,fixed_manifest,block_06_residual2,residual_add,GPU,460055.37535998103,460073.72255998105
46,fixed_manifest,patch_embedding,patch_embedding,GPU,460073.72255998105,460225.229439981
42,fixed_manifest,block_09_ffn_island,fused_ffn_island,FPGA,460188.75455998105,460521.50207998103
45,fixed_manifest,block_02_proj,linear_projection,GPU,460225.229439981,460377.473599981
41,fixed_manifest,classifier,linear_classifier,GPU,460377.473599981,460385.43359998096
44,fixed_manifest,block_04_norm2,layer_norm,GPU,460385.43359998096,460407.56319998094
43,fixed_manifest,block_07_norm1,layer_norm,GPU,460407.56319998094,460429.6927999809
46,fixed_manifest,token_embedding,token_and_position_embedding,GPU,460429.6927999809,460448.0399999809
45,fixed_manifest,block_02_residual1,residual_add,GPU,460448.0399999809,460466.3871999809
43,fixed_manifest,block_07_qkv,linear_qkv,GPU,460466.3871999809,460909.1196799809
44,fixed_manifest,block_04_ffn_island,fused_ffn_island,FPGA,460745.07807998103,461077.82559998106
46,fixed_manifest,block_00_norm1,layer_norm,GPU,460909.1196799809,460931.24927998084
45,fixed_manifest,block_02_norm2,layer_norm,GPU,460931.24927998084,460953.3788799808
42,fixed_manifest,block_09_residual2,residual_add,GPU,460953.3788799808,460971.72607998084
43,fixed_manifest,block_07_attention,self_attention,GPU,460971.72607998084,461127.75263998087
46,fixed_manifest,block_00_qkv,linear_qkv,GPU,461127.75263998087,461570.4851199808
45,fixed_manifest,block_02_ffn_island,fused_ffn_island,FPGA,461301.40159998107,461634.1491199811
42,fixed_manifest,block_10_norm1,layer_norm,GPU,461570.4851199808,461592.6147199808
43,fixed_manifest,block_07_proj,linear_projection,GPU,461592.6147199808,461744.8588799808
44,fixed_manifest,block_04_residual2,residual_add,GPU,461744.8588799808,461763.20607998077
46,fixed_manifest,block_00_attention,self_attention,GPU,461763.20607998077,461919.2326399808
42,fixed_manifest,block_10_qkv,linear_qkv,GPU,461919.2326399808,462361.9651199808
43,fixed_manifest,block_07_residual1,residual_add,GPU,462361.9651199808,462380.31231998076
44,fixed_manifest,block_05_norm1,layer_norm,GPU,462380.31231998076,462402.44191998075
45,fixed_manifest,block_02_residual2,residual_add,GPU,462402.44191998075,462420.78911998076
46,fixed_manifest,block_00_proj,linear_projection,GPU,462420.78911998076,462573.0332799807
42,fixed_manifest,block_10_attention,self_attention,GPU,462573.0332799807,462729.05983998073
43,fixed_manifest,block_07_norm2,layer_norm,GPU,462729.05983998073,462751.1894399807
44,fixed_manifest,block_05_qkv,linear_qkv,GPU,462751.1894399807,463193.9219199807
43,fixed_manifest,block_07_ffn_island,fused_ffn_island,FPGA,462909.9542399807,463242.7017599807
45,fixed_manifest,block_03_norm1,layer_norm,GPU,463193.9219199807,463216.0515199807
46,fixed_manifest,block_00_residual1,residual_add,GPU,463216.0515199807,463234.3987199807
42,fixed_manifest,block_10_proj,linear_projection,GPU,463234.3987199807,463386.6428799807
44,fixed_manifest,block_05_attention,self_attention,GPU,463386.6428799807,463542.6694399807
45,fixed_manifest,block_03_qkv,linear_qkv,GPU,463542.6694399807,463985.40191998065
46,fixed_manifest,block_00_norm2,layer_norm,GPU,463985.40191998065,464007.53151998064
42,fixed_manifest,block_10_residual1,residual_add,GPU,464007.53151998064,464025.87871998065
43,fixed_manifest,block_07_residual2,residual_add,GPU,464025.87871998065,464044.2259199806
44,fixed_manifest,block_05_proj,linear_projection,GPU,464044.2259199806,464196.4700799806
46,fixed_manifest,block_00_ffn_island,fused_ffn_island,FPGA,464166.29631998064,464499.0438399806
45,fixed_manifest,block_03_attention,self_attention,GPU,464196.4700799806,464352.49663998064
42,fixed_manifest,block_10_norm2,layer_norm,GPU,464352.49663998064,464374.62623998063
43,fixed_manifest,block_08_norm1,layer_norm,GPU,464374.62623998063,464396.75583998056
44,fixed_manifest,block_05_residual1,residual_add,GPU,464396.75583998056,464415.1030399806
45,fixed_manifest,block_03_proj,linear_projection,GPU,464415.1030399806,464567.3471999806
43,fixed_manifest,block_08_qkv,linear_qkv,GPU,464567.3471999806,465010.0796799805
42,fixed_manifest,block_10_ffn_island,fused_ffn_island,FPGA,464722.6198399806,465055.36735998065
44,fixed_manifest,block_05_norm2,layer_norm,GPU,465010.0796799805,465032.2092799805
45,fixed_manifest,block_03_residual1,residual_add,GPU,465032.2092799805,465050.5564799805
46,fixed_manifest,block_00_residual2,residual_add,GPU,465050.5564799805,465068.9036799805
43,fixed_manifest,block_08_attention,self_attention,GPU,465068.9036799805,465224.9302399805
45,fixed_manifest,block_03_norm2,layer_norm,GPU,465224.9302399805,465247.0598399805
46,fixed_manifest,block_01_norm1,layer_norm,GPU,465247.0598399805,465269.1894399805
43,fixed_manifest,block_08_proj,linear_projection,GPU,465269.1894399805,465421.43359998043
44,fixed_manifest,block_05_ffn_island,fused_ffn_island,FPGA,465278.94335998065,465611.6908799807
46,fixed_manifest,block_01_qkv,linear_qkv,GPU,465421.43359998043,465864.16607998044
45,fixed_manifest,block_03_ffn_island,fused_ffn_island,FPGA,465835.2668799807,466168.01439998066
42,fixed_manifest,block_10_residual2,residual_add,GPU,465864.16607998044,465882.5132799804
43,fixed_manifest,block_08_residual1,residual_add,GPU,465882.5132799804,465900.8604799804
44,fixed_manifest,block_05_residual2,residual_add,GPU,465900.8604799804,465919.20767998043
46,fixed_manifest,block_01_attention,self_attention,GPU,465919.20767998043,466075.2342399804
42,fixed_manifest,block_11_norm1,layer_norm,GPU,466075.2342399804,466097.3638399804
43,fixed_manifest,block_08_norm2,layer_norm,GPU,466097.3638399804,466119.4934399804
44,fixed_manifest,block_06_norm1,layer_norm,GPU,466119.4934399804,466141.62303998036
46,fixed_manifest,block_01_proj,linear_projection,GPU,466141.62303998036,466293.86719998036
42,fixed_manifest,block_11_qkv,linear_qkv,GPU,466293.86719998036,466736.5996799803
43,fixed_manifest,block_08_ffn_island,fused_ffn_island,FPGA,466391.59039998066,466724.3379199807
44,fixed_manifest,block_06_qkv,linear_qkv,GPU,466736.5996799803,467179.3321599803
46,fixed_manifest,block_01_residual1,residual_add,GPU,467179.3321599803,467197.6793599803
45,fixed_manifest,block_03_residual2,residual_add,GPU,467197.6793599803,467216.0265599803
42,fixed_manifest,block_11_attention,self_attention,GPU,467216.0265599803,467372.0531199803
43,fixed_manifest,block_08_residual2,residual_add,GPU,467372.0531199803,467390.4003199803
44,fixed_manifest,block_06_attention,self_attention,GPU,467390.4003199803,467546.4268799803
46,fixed_manifest,block_01_norm2,layer_norm,GPU,467546.4268799803,467568.5564799803
45,fixed_manifest,block_04_norm1,layer_norm,GPU,467568.5564799803,467590.6860799803
42,fixed_manifest,block_11_proj,linear_projection,GPU,467590.6860799803,467742.9302399803
46,fixed_manifest,block_01_ffn_island,fused_ffn_island,FPGA,467727.3212799803,468060.0687999803
43,fixed_manifest,block_09_norm1,layer_norm,GPU,467742.9302399803,467765.0598399802
44,fixed_manifest,block_06_proj,linear_projection,GPU,467765.0598399802,467917.3039999802
45,fixed_manifest,block_04_qkv,linear_qkv,GPU,467917.3039999802,468360.0364799802
42,fixed_manifest,block_11_residual1,residual_add,GPU,468360.0364799802,468378.3836799802
43,fixed_manifest,block_09_qkv,linear_qkv,GPU,468378.3836799802,468821.1161599802
44,fixed_manifest,block_06_residual1,residual_add,GPU,468821.1161599802,468839.46335998015
46,fixed_manifest,block_01_residual2,residual_add,GPU,468839.46335998015,468857.81055998016
45,fixed_manifest,block_04_attention,self_attention,GPU,468857.81055998016,469013.8371199802
42,fixed_manifest,block_11_norm2,layer_norm,GPU,469013.8371199802,469035.9667199802
43,fixed_manifest,block_09_attention,self_attention,GPU,469035.9667199802,469191.9932799802
44,fixed_manifest,block_06_norm2,layer_norm,GPU,469191.9932799802,469214.12287998013
42,fixed_manifest,block_11_ffn_island,fused_ffn_island,FPGA,469194.7315199801,469527.47903998016
46,fixed_manifest,block_02_norm1,layer_norm,GPU,469214.12287998013,469236.2524799801
45,fixed_manifest,block_04_proj,linear_projection,GPU,469236.2524799801,469388.4966399801
43,fixed_manifest,block_09_proj,linear_projection,GPU,469388.4966399801,469540.7407999801
46,fixed_manifest,block_02_qkv,linear_qkv,GPU,469540.7407999801,469983.47327998007
44,fixed_manifest,block_06_ffn_island,fused_ffn_island,FPGA,469751.05503998016,470083.8025599802
45,fixed_manifest,block_04_residual1,residual_add,GPU,469983.47327998007,470001.8204799801
43,fixed_manifest,block_09_residual1,residual_add,GPU,470001.8204799801,470020.16767998005
42,fixed_manifest,block_11_residual2,residual_add,GPU,470020.16767998005,470038.51487998007
46,fixed_manifest,block_02_attention,self_attention,GPU,470038.51487998007,470194.5414399801
47,fixed_manifest,patch_embedding,patch_embedding,GPU,470194.5414399801,470346.04831998004
45,fixed_manifest,block_04_norm2,layer_norm,GPU,470346.04831998004,470368.17791998
43,fixed_manifest,block_09_norm2,layer_norm,GPU,470368.17791998,470390.30751998
42,fixed_manifest,final_norm,layer_norm,GPU,470390.30751998,470412.43711998
46,fixed_manifest,block_02_proj,linear_projection,GPU,470412.43711998,470564.68127998
45,fixed_manifest,block_04_ffn_island,fused_ffn_island,FPGA,470526.94271998,470859.69023998006
44,fixed_manifest,block_06_residual2,residual_add,GPU,470564.68127998,470583.02847997996
47,fixed_manifest,token_embedding,token_and_position_embedding,GPU,470583.02847997996,470601.37567998
42,fixed_manifest,class_token_select,class_token_select,GPU,470601.37567998,470608.41407997994
46,fixed_manifest,block_02_residual1,residual_add,GPU,470608.41407997994,470626.76127997995
44,fixed_manifest,block_07_norm1,layer_norm,GPU,470626.76127997995,470648.8908799799
47,fixed_manifest,block_00_norm1,layer_norm,GPU,470648.8908799799,470671.02047997987
42,fixed_manifest,classifier,linear_classifier,GPU,470671.02047997987,470678.98047997983
46,fixed_manifest,block_02_norm2,layer_norm,GPU,470678.98047997983,470701.1100799798
44,fixed_manifest,block_07_qkv,linear_qkv,GPU,470701.1100799798,471143.8425599798
43,fixed_manifest,block_09_ffn_island,fused_ffn_island,FPGA,471083.26623998006,471416.01375998004
47,fixed_manifest,block_00_qkv,linear_qkv,GPU,471143.8425599798,471586.5750399798
45,fixed_manifest,block_04_residual2,residual_add,GPU,471586.5750399798,471604.9222399798
44,fixed_manifest,block_07_attention,self_attention,GPU,471604.9222399798,471760.9487999798
46,fixed_manifest,block_02_ffn_island,fused_ffn_island,FPGA,471639.58975998004,471972.33727998007
47,fixed_manifest,block_00_attention,self_attention,GPU,471760.9487999798,471916.97535997984
45,fixed_manifest,block_05_norm1,layer_norm,GPU,471916.97535997984,471939.1049599798
43,fixed_manifest,block_09_residual2,residual_add,GPU,471939.1049599798,471957.4521599798
44,fixed_manifest,block_07_proj,linear_projection,GPU,471957.4521599798,472109.6963199798
47,fixed_manifest,block_00_proj,linear_projection,GPU,472109.6963199798,472261.9404799798
45,fixed_manifest,block_05_qkv,linear_qkv,GPU,472261.9404799798,472704.67295997974
43,fixed_manifest,block_10_norm1,layer_norm,GPU,472704.67295997974,472726.8025599797
44,fixed_manifest,block_07_residual1,residual_add,GPU,472726.8025599797,472745.14975997974
46,fixed_manifest,block_02_residual2,residual_add,GPU,472745.14975997974,472763.4969599797
47,fixed_manifest,block_00_residual1,residual_add,GPU,472763.4969599797,472781.8441599797
45,fixed_manifest,block_05_attention,self_attention,GPU,472781.8441599797,472937.87071997975
43,fixed_manifest,block_10_qkv,linear_qkv,GPU,472937.87071997975,473380.6031999797
44,fixed_manifest,block_07_norm2,layer_norm,GPU,473380.6031999797,473402.7327999797
46,fixed_manifest,block_03_norm1,layer_norm,GPU,473402.7327999797,473424.86239997967
47,fixed_manifest,block_00_norm2,layer_norm,GPU,473424.86239997967,473446.99199997965
45,fixed_manifest,block_05_proj,linear_projection,GPU,473446.99199997965,473599.2361599796
44,fixed_manifest,block_07_ffn_island,fused_ffn_island,FPGA,473561.4975999797,473894.24511997966
43,fixed_manifest,block_10_attention,self_attention,GPU,473599.2361599796,473755.2627199796
46,fixed_manifest,block_03_qkv,linear_qkv,GPU,473755.2627199796,474197.99519997963
47,fixed_manifest,block_00_ffn_island,fused_ffn_island,FPGA,474117.82111997966,474450.5686399797
45,fixed_manifest,block_05_residual1,residual_add,GPU,474197.99519997963,474216.3423999796
43,fixed_manifest,block_10_proj,linear_projection,GPU,474216.3423999796,474368.5865599796
44,fixed_manifest,block_07_residual2,residual_add,GPU,474368.5865599796,474386.9337599796
46,fixed_manifest,block_03_attention,self_attention,GPU,474386.9337599796,474542.96031997964
45,fixed_manifest,block_05_norm2,layer_norm,GPU,474542.96031997964,474565.08991997957
43,fixed_manifest,block_10_residual1,residual_add,GPU,474565.08991997957,474583.4371199796
44,fixed_manifest,block_08_norm1,layer_norm,GPU,474583.4371199796,474605.5667199796
46,fixed_manifest,block_03_proj,linear_projection,GPU,474605.5667199796,474757.8108799795
45,fixed_manifest,block_05_ffn_island,fused_ffn_island,FPGA,474740.5647999795,475073.31231997954
43,fixed_manifest,block_10_norm2,layer_norm,GPU,474757.8108799795,474779.9404799795
44,fixed_manifest,block_08_qkv,linear_qkv,GPU,474779.9404799795,475222.6729599795
47,fixed_manifest,block_00_residual2,residual_add,GPU,475222.6729599795,475241.02015997947
46,fixed_manifest,block_03_residual1,residual_add,GPU,475241.02015997947,475259.3673599795
44,fixed_manifest,block_08_attention,self_attention,GPU,475259.3673599795,475415.3939199795
43,fixed_manifest,block_10_ffn_island,fused_ffn_island,FPGA,475296.88831997954,475629.6358399795
47,fixed_manifest,block_01_norm1,layer_norm,GPU,475415.3939199795,475437.5235199795
46,fixed_manifest,block_03_norm2,layer_norm,GPU,475437.5235199795,475459.6531199794
45,fixed_manifest,block_05_residual2,residual_add,GPU,475459.6531199794,475478.00031997944
44,fixed_manifest,block_08_proj,linear_projection,GPU,475478.00031997944,475630.24447997945
47,fixed_manifest,block_01_qkv,linear_qkv,GPU,475630.24447997945,476072.9769599794
46,fixed_manifest,block_03_ffn_island,fused_ffn_island,FPGA,475853.2118399795,476185.95935997955
45,fixed_manifest,block_06_norm1,layer_norm,GPU,476072.9769599794,476095.1065599794
44,fixed_manifest,block_08_residual1,residual_add,GPU,476095.1065599794,476113.4537599794
43,fixed_manifest,block_10_residual2,residual_add,GPU,476113.4537599794,476131.80095997936
47,fixed_manifest,block_01_attention,self_attention,GPU,476131.80095997936,476287.8275199794
45,fixed_manifest,block_06_qkv,linear_qkv,GPU,476287.8275199794,476730.5599999794
44,fixed_manifest,block_08_norm2,layer_norm,GPU,476730.5599999794,476752.6895999794
43,fixed_manifest,block_11_norm1,layer_norm,GPU,476752.6895999794,476774.8191999793
47,fixed_manifest,block_01_proj,linear_projection,GPU,476774.8191999793,476927.0633599793
44,fixed_manifest,block_08_ffn_island,fused_ffn_island,FPGA,476911.4543999793,477244.20191997936
46,fixed_manifest,block_03_residual2,residual_add,GPU,476927.0633599793,476945.4105599793
45,fixed_manifest,block_06_attention,self_attention,GPU,476945.4105599793,477101.4371199793
43,fixed_manifest,block_11_qkv,linear_qkv,GPU,477101.4371199793,477544.1695999793
47,fixed_manifest,block_01_residual1,residual_add,GPU,477544.1695999793,477562.5167999793
46,fixed_manifest,block_04_norm1,layer_norm,GPU,477562.5167999793,477584.64639997925
45,fixed_manifest,block_06_proj,linear_projection,GPU,477584.64639997925,477736.89055997925
44,fixed_manifest,block_08_residual2,residual_add,GPU,477736.89055997925,477755.23775997927
43,fixed_manifest,block_11_attention,self_attention,GPU,477755.23775997927,477911.2643199793
47,fixed_manifest,block_01_norm2,layer_norm,GPU,477911.2643199793,477933.3939199792
46,fixed_manifest,block_04_qkv,linear_qkv,GPU,477933.3939199792,478376.1263999792
47,fixed_manifest,block_01_ffn_island,fused_ffn_island,FPGA,478092.1587199792,478424.90623997926
45,fixed_manifest,block_06_residual1,residual_add,GPU,478376.1263999792,478394.47359997925
44,fixed_manifest,block_09_norm1,layer_norm,GPU,478394.47359997925,478416.6031999792
43,fixed_manifest,block_11_proj,linear_projection,GPU,478416.6031999792,478568.8473599792
46,fixed_manifest,block_04_attention,self_attention,GPU,478568.8473599792,478724.8739199792
45,fixed_manifest,block_06_norm2,layer_norm,GPU,478724.8739199792,478747.0035199792
44,fixed_manifest,block_09_qkv,linear_qkv,GPU,478747.0035199792,479189.73599997914
45,fixed_manifest,block_06_ffn_island,fused_ffn_island,FPGA,478905.76831997914,479238.51583997917
43,fixed_manifest,block_11_residual1,residual_add,GPU,479189.73599997914,479208.08319997916
47,fixed_manifest,block_01_residual2,residual_add,GPU,479208.08319997916,479226.4303999791
46,fixed_manifest,block_04_proj,linear_projection,GPU,479226.4303999791,479378.6745599791
44,fixed_manifest,block_09_attention,self_attention,GPU,479378.6745599791,479534.70111997915
43,fixed_manifest,block_11_norm2,layer_norm,GPU,479534.70111997915,479556.83071997913
47,fixed_manifest,block_02_norm1,layer_norm,GPU,479556.83071997913,479578.9603199791
46,fixed_manifest,block_04_residual1,residual_add,GPU,479578.9603199791,479597.3075199791
45,fixed_manifest,block_06_residual2,residual_add,GPU,479597.3075199791,479615.6547199791
44,fixed_manifest,block_09_proj,linear_projection,GPU,479615.6547199791,479767.89887997904
43,fixed_manifest,block_11_ffn_island,fused_ffn_island,FPGA,479715.59551997914,480048.3430399791
47,fixed_manifest,block_02_qkv,linear_qkv,GPU,479767.89887997904,480210.63135997904
46,fixed_manifest,block_04_norm2,layer_norm,GPU,480210.63135997904,480232.76095997903
45,fixed_manifest,block_07_norm1,layer_norm,GPU,480232.76095997903,480254.890559979
44,fixed_manifest,block_09_residual1,residual_add,GPU,480254.890559979,480273.237759979
48,fixed_manifest,patch_embedding,patch_embedding,GPU,480273.237759979,480424.744639979
46,fixed_manifest,block_04_ffn_island,fused_ffn_island,FPGA,480391.52575997903,480724.273279979
43,fixed_manifest,block_11_residual2,residual_add,GPU,480424.744639979,480443.09183997894
47,fixed_manifest,block_02_attention,self_attention,GPU,480443.09183997894,480599.11839997896
45,fixed_manifest,block_07_qkv,linear_qkv,GPU,480599.11839997896,481041.85087997897
44,fixed_manifest,block_09_norm2,layer_norm,GPU,481041.85087997897,481063.98047997896
48,fixed_manifest,token_embedding,token_and_position_embedding,GPU,481063.98047997896,481082.3276799789
43,fixed_manifest,final_norm,layer_norm,GPU,481082.3276799789,481104.4572799789
47,fixed_manifest,block_02_proj,linear_projection,GPU,481104.4572799789,481256.7014399789
44,fixed_manifest,block_09_ffn_island,fused_ffn_island,FPGA,481222.74527997896,481555.49279997894
46,fixed_manifest,block_04_residual2,residual_add,GPU,481256.7014399789,481275.04863997886
45,fixed_manifest,block_07_attention,self_attention,GPU,481275.04863997886,481431.0751999789
48,fixed_manifest,block_00_norm1,layer_norm,GPU,481431.0751999789,481453.2047999789
43,fixed_manifest,class_token_select,class_token_select,GPU,481453.2047999789,481460.2431999789
47,fixed_manifest,block_02_residual1,residual_add,GPU,481460.2431999789,481478.59039997886
46,fixed_manifest,block_05_norm1,layer_norm,GPU,481478.59039997886,481500.71999997884
45,fixed_manifest,block_07_proj,linear_projection,GPU,481500.71999997884,481652.96415997884
48,fixed_manifest,block_00_qkv,linear_qkv,GPU,481652.96415997884,482095.6966399788
43,fixed_manifest,classifier,linear_classifier,GPU,482095.6966399788,482103.65663997876
47,fixed_manifest,block_02_norm2,layer_norm,GPU,482103.65663997876,482125.78623997874
46,fixed_manifest,block_05_qkv,linear_qkv,GPU,482125.78623997874,482568.51871997875
47,fixed_manifest,block_02_ffn_island,fused_ffn_island,FPGA,482284.55103997875,482617.2985599788
45,fixed_manifest,block_07_residual1,residual_add,GPU,482568.51871997875,482586.8659199787
44,fixed_manifest,block_09_residual2,residual_add,GPU,482586.8659199787,482605.2131199787
48,fixed_manifest,block_00_attention,self_attention,GPU,482605.2131199787,482761.23967997875
46,fixed_manifest,block_05_attention,self_attention,GPU,482761.23967997875,482917.2662399788
45,fixed_manifest,block_07_norm2,layer_norm,GPU,482917.2662399788,482939.39583997877
44,fixed_manifest,block_10_norm1,layer_norm,GPU,482939.39583997877,482961.52543997875
48,fixed_manifest,block_00_proj,linear_projection,GPU,482961.52543997875,483113.7695999787
45,fixed_manifest,block_07_ffn_island,fused_ffn_island,FPGA,483098.1606399787,483430.90815997875
47,fixed_manifest,block_02_residual2,residual_add,GPU,483113.7695999787,483132.1167999787
46,fixed_manifest,block_05_proj,linear_projection,GPU,483132.1167999787,483284.36095997866
44,fixed_manifest,block_10_qkv,linear_qkv,GPU,483284.36095997866,483727.09343997866
48,fixed_manifest,block_00_residual1,residual_add,GPU,483727.09343997866,483745.4406399786
47,fixed_manifest,block_03_norm1,layer_norm,GPU,483745.4406399786,483767.5702399786
46,fixed_manifest,block_05_residual1,residual_add,GPU,483767.5702399786,483785.9174399786
45,fixed_manifest,block_07_residual2,residual_add,GPU,483785.9174399786,483804.2646399786
44,fixed_manifest,block_10_attention,self_attention,GPU,483804.2646399786,483960.2911999786
48,fixed_manifest,block_00_norm2,layer_norm,GPU,483960.2911999786,483982.4207999786
47,fixed_manifest,block_03_qkv,linear_qkv,GPU,483982.4207999786,484425.1532799786
48,fixed_manifest,block_00_ffn_island,fused_ffn_island,FPGA,484141.1855999786,484473.9331199786
46,fixed_manifest,block_05_norm2,layer_norm,GPU,484425.1532799786,484447.2828799786
45,fixed_manifest,block_08_norm1,layer_norm,GPU,484447.2828799786,484469.4124799785
44,fixed_manifest,block_10_proj,linear_projection,GPU,484469.4124799785,484621.6566399785
47,fixed_manifest,block_03_attention,self_attention,GPU,484621.6566399785,484777.68319997855
46,fixed_manifest,block_05_ffn_island,fused_ffn_island,FPGA,484697.5091199786,485030.2566399786
45,fixed_manifest,block_08_qkv,linear_qkv,GPU,484777.68319997855,485220.41567997856
44,fixed_manifest,block_10_residual1,residual_add,GPU,485220.41567997856,485238.7628799785
48,fixed_manifest,block_00_residual2,residual_add,GPU,485238.7628799785,485257.11007997853
47,fixed_manifest,block_03_proj,linear_projection,GPU,485257.11007997853,485409.3542399785
46,fixed_manifest,block_05_residual2,residual_add,GPU,485409.3542399785,485427.7014399785
45,fixed_manifest,block_08_attention,self_attention,GPU,485427.7014399785,485583.7279999785
44,fixed_manifest,block_10_norm2,layer_norm,GPU,485583.7279999785,485605.8575999785
48,fixed_manifest,block_01_norm1,layer_norm,GPU,485605.8575999785,485627.98719997844
47,fixed_manifest,block_03_residual1,residual_add,GPU,485627.98719997844,485646.33439997846
46,fixed_manifest,block_06_norm1,layer_norm,GPU,485646.33439997846,485668.46399997844
45,fixed_manifest,block_08_proj,linear_projection,GPU,485668.46399997844,485820.7081599784
44,fixed_manifest,block_10_ffn_island,fused_ffn_island,FPGA,485764.62239997846,486097.3699199785
48,fixed_manifest,block_01_qkv,linear_qkv,GPU,485820.7081599784,486263.4406399784
47,fixed_manifest,block_03_norm2,layer_norm,GPU,486263.4406399784,486285.5702399784
46,fixed_manifest,block_06_qkv,linear_qkv,GPU,486285.5702399784,486728.3027199784
47,fixed_manifest,block_03_ffn_island,fused_ffn_island,FPGA,486444.3350399784,486777.08255997836
45,fixed_manifest,block_08_residual1,residual_add,GPU,486728.3027199784,486746.64991997834
44,fixed_manifest,block_10_residual2,residual_add,GPU,486746.64991997834,486764.99711997836
48,fixed_manifest,block_01_attention,self_attention,GPU,486764.99711997836,486921.0236799784
46,fixed_manifest,block_06_attention,self_attention,GPU,486921.0236799784,487077.05023997836
45,fixed_manifest,block_08_norm2,layer_norm,GPU,487077.05023997836,487099.17983997834
44,fixed_manifest,block_11_norm1,layer_norm,GPU,487099.17983997834,487121.30943997833
48,fixed_manifest,block_01_proj,linear_projection,GPU,487121.30943997833,487273.55359997833
45,fixed_manifest,block_08_ffn_island,fused_ffn_island,FPGA,487257.94463997835,487590.6921599784
47,fixed_manifest,block_03_residual2,residual_add,GPU,487273.55359997833,487291.9007999783
46,fixed_manifest,block_06_proj,linear_projection,GPU,487291.9007999783,487444.1449599783
44,fixed_manifest,block_11_qkv,linear_qkv,GPU,487444.1449599783,487886.8774399783
48,fixed_manifest,block_01_residual1,residual_add,GPU,487886.8774399783,487905.22463997826
47,fixed_manifest,block_04_norm1,layer_norm,GPU,487905.22463997826,487927.35423997825
46,fixed_manifest,block_06_residual1,residual_add,GPU,487927.35423997825,487945.7014399782
45,fixed_manifest,block_08_residual2,residual_add,GPU,487945.7014399782,487964.0486399782
44,fixed_manifest,block_11_attention,self_attention,GPU,487964.0486399782,488120.07519997825
48,fixed_manifest,block_01_norm2,layer_norm,GPU,488120.07519997825,488142.20479997824
47,fixed_manifest,block_04_qkv,linear_qkv,GPU,488142.20479997824,488584.9372799782
48,fixed_manifest,block_01_ffn_island,fused_ffn_island,FPGA,488300.9695999782,488633.7171199782
46,fixed_manifest,block_06_norm2,layer_norm,GPU,488584.9372799782,488607.06687997817
45,fixed_manifest,block_09_norm1,layer_norm,GPU,488607.06687997817,488629.19647997816
44,fixed_manifest,block_11_proj,linear_projection,GPU,488629.19647997816,488781.44063997816
47,fixed_manifest,block_04_attention,self_attention,GPU,488781.44063997816,488937.4671999782
46,fixed_manifest,block_06_ffn_island,fused_ffn_island,FPGA,488857.2931199782,489190.04063997825
45,fixed_manifest,block_09_qkv,linear_qkv,GPU,488937.4671999782,489380.19967997813
44,fixed_manifest,block_11_residual1,residual_add,GPU,489380.19967997813,489398.54687997815
48,fixed_manifest,block_01_residual2,residual_add,GPU,489398.54687997815,489416.8940799781
47,fixed_manifest,block_04_proj,linear_projection,GPU,489416.8940799781,489569.1382399781
46,fixed_manifest,block_06_residual2,residual_add,GPU,489569.1382399781,489587.4854399781
45,fixed_manifest,block_09_attention,self_attention,GPU,489587.4854399781,489743.5119999781
44,fixed_manifest,block_11_norm2,layer_norm,GPU,489743.5119999781,489765.6415999781
48,fixed_manifest,block_02_norm1,layer_norm,GPU,489765.6415999781,489787.7711999781
47,fixed_manifest,block_04_residual1,residual_add,GPU,489787.7711999781,489806.1183999781
46,fixed_manifest,block_07_norm1,layer_norm,GPU,489806.1183999781,489828.247999978
45,fixed_manifest,block_09_proj,linear_projection,GPU,489828.247999978,489980.492159978
44,fixed_manifest,block_11_ffn_island,fused_ffn_island,FPGA,489924.4063999781,490257.15391997807
48,fixed_manifest,block_02_qkv,linear_qkv,GPU,489980.492159978,490423.224639978
47,fixed_manifest,block_04_norm2,layer_norm,GPU,490423.224639978,490445.35423997795
46,fixed_manifest,block_07_qkv,linear_qkv,GPU,490445.35423997795,490888.08671997796
47,fixed_manifest,block_04_ffn_island,fused_ffn_island,FPGA,490604.11903997796,490936.866559978
45,fixed_manifest,block_09_residual1,residual_add,GPU,490888.08671997796,490906.433919978
49,fixed_manifest,patch_embedding,patch_embedding,GPU,490906.433919978,491057.9407999779
44,fixed_manifest,block_11_residual2,residual_add,GPU,491057.9407999779,491076.28799997794
48,fixed_manifest,block_02_attention,self_attention,GPU,491076.28799997794,491232.31455997797
46,fixed_manifest,block_07_attention,self_attention,GPU,491232.31455997797,491388.341119978
45,fixed_manifest,block_09_norm2,layer_norm,GPU,491388.341119978,491410.470719978
49,fixed_manifest,token_embedding,token_and_position_embedding,GPU,491410.470719978,491428.81791997794
44,fixed_manifest,final_norm,layer_norm,GPU,491428.81791997794,491450.9475199779
47,fixed_manifest,block_04_residual2,residual_add,GPU,491450.9475199779,491469.2947199779
48,fixed_manifest,block_02_proj,linear_projection,GPU,491469.2947199779,491621.5388799779
45,fixed_manifest,block_09_ffn_island,fused_ffn_island,FPGA,491569.2355199779,491901.98303997796
46,fixed_manifest,block_07_proj,linear_projection,GPU,491621.5388799779,491773.7830399779
49,fixed_manifest,block_00_norm1,layer_norm,GPU,491773.7830399779,491795.9126399779
44,fixed_manifest,class_token_select,class_token_select,GPU,491795.9126399779,491802.95103997784
47,fixed_manifest,block_05_norm1,layer_norm,GPU,491802.95103997784,491825.0806399778
48,fixed_manifest,block_02_residual1,residual_add,GPU,491825.0806399778,491843.4278399778
46,fixed_manifest,block_07_residual1,residual_add,GPU,491843.4278399778,491861.7750399778
49,fixed_manifest,block_00_qkv,linear_qkv,GPU,491861.7750399778,492304.5075199778
44,fixed_manifest,classifier,linear_classifier,GPU,492304.5075199778,492312.46751997777
47,fixed_manifest,block_05_qkv,linear_qkv,GPU,492312.46751997777,492755.1999999777
48,fixed_manifest,block_02_norm2,layer_norm,GPU,492755.1999999777,492777.3295999777
46,fixed_manifest,block_07_norm2,layer_norm,GPU,492777.3295999777,492799.4591999777
45,fixed_manifest,block_09_residual2,residual_add,GPU,492799.4591999777,492817.8063999777
49,fixed_manifest,block_00_attention,self_attention,GPU,492817.8063999777,492973.83295997774
48,fixed_manifest,block_02_ffn_island,fused_ffn_island,FPGA,492936.0943999777,493268.84191997774
47,fixed_manifest,block_05_attention,self_attention,GPU,492973.83295997774,493129.8595199777
45,fixed_manifest,block_10_norm1,layer_norm,GPU,493129.8595199777,493151.9891199777
49,fixed_manifest,block_00_proj,linear_projection,GPU,493151.9891199777,493304.2332799777
47,fixed_manifest,block_05_proj,linear_projection,GPU,493304.2332799777,493456.4774399777
45,fixed_manifest,block_10_qkv,linear_qkv,GPU,493456.4774399777,493899.20991997764
46,fixed_manifest,block_07_ffn_island,fused_ffn_island,FPGA,493492.41791997774,493825.1654399777
49,fixed_manifest,block_00_residual1,residual_add,GPU,493899.20991997764,493917.55711997766
47,fixed_manifest,block_05_residual1,residual_add,GPU,493917.55711997766,493935.9043199776
48,fixed_manifest,block_02_residual2,residual_add,GPU,493935.9043199776,493954.25151997764
45,fixed_manifest,block_10_attention,self_attention,GPU,493954.25151997764,494110.27807997767
49,fixed_manifest,block_00_norm2,layer_norm,GPU,494110.27807997767,494132.40767997765
47,fixed_manifest,block_05_norm2,layer_norm,GPU,494132.40767997765,494154.5372799776
48,fixed_manifest,block_03_norm1,layer_norm,GPU,494154.5372799776,494176.66687997757
46,fixed_manifest,block_07_residual2,residual_add,GPU,494176.66687997757,494195.0140799776
45,fixed_manifest,block_10_proj,linear_projection,GPU,494195.0140799776,494347.2582399775
49,fixed_manifest,block_00_ffn_island,fused_ffn_island,FPGA,494291.1724799776,494623.91999997763
48,fixed_manifest,block_03_qkv,linear_qkv,GPU,494347.2582399775,494789.99071997753
46,fixed_manifest,block_08_norm1,layer_norm,GPU,494789.99071997753,494812.1203199775
45,fixed_manifest,block_10_residual1,residual_add,GPU,494812.1203199775,494830.4675199775
48,fixed_manifest,block_03_attention,self_attention,GPU,494830.4675199775,494986.4940799775
47,fixed_manifest,block_05_ffn_island,fused_ffn_island,FPGA,494847.49599997763,495180.2435199776
46,fixed_manifest,block_08_qkv,linear_qkv,GPU,494986.4940799775,495429.2265599775
45,fixed_manifest,block_10_norm2,layer_norm,GPU,495429.2265599775,495451.3561599775
49,fixed_manifest,block_00_residual2,residual_add,GPU,495451.3561599775,495469.70335997746
48,fixed_manifest,block_03_proj,linear_projection,GPU,495469.70335997746,495621.94751997746
45,fixed_manifest,block_10_ffn_island,fused_ffn_island,FPGA,495610.12095997744,495942.8684799775
47,fixed_manifest,block_05_residual2,residual_add,GPU,495621.94751997746,495640.2947199774
46,fixed_manifest,block_08_attention,self_attention,GPU,495640.2947199774,495796.32127997745
49,fixed_manifest,block_01_norm1,layer_norm,GPU,495796.32127997745,495818.45087997743
48,fixed_manifest,block_03_residual1,residual_add,GPU,495818.45087997743,495836.79807997745
47,fixed_manifest,block_06_norm1,layer_norm,GPU,495836.79807997745,495858.92767997744
46,fixed_manifest,block_08_proj,linear_projection,GPU,495858.92767997744,496011.1718399774
49,fixed_manifest,block_01_qkv,linear_qkv,GPU,496011.1718399774,496453.9043199774
48,fixed_manifest,block_03_norm2,layer_norm,GPU,496453.9043199774,496476.0339199774
47,fixed_manifest,block_06_qkv,linear_qkv,GPU,496476.0339199774,496918.7663999773
48,fixed_manifest,block_03_ffn_island,fused_ffn_island,FPGA,496634.7987199773,496967.54623997735
46,fixed_manifest,block_08_residual1,residual_add,GPU,496918.7663999773,496937.11359997734
45,fixed_manifest,block_10_residual2,residual_add,GPU,496937.11359997734,496955.4607999773
49,fixed_manifest,block_01_attention,self_attention,GPU,496955.4607999773,497111.4873599773
47,fixed_manifest,block_06_attention,self_attention,GPU,497111.4873599773,497267.51391997735
46,fixed_manifest,block_08_norm2,layer_norm,GPU,497267.51391997735,497289.64351997734
45,fixed_manifest,block_11_norm1,layer_norm,GPU,497289.64351997734,497311.7731199773
49,fixed_manifest,block_01_proj,linear_projection,GPU,497311.7731199773,497464.0172799773
46,fixed_manifest,block_08_ffn_island,fused_ffn_island,FPGA,497448.40831997734,497781.1558399773
48,fixed_manifest,block_03_residual2,residual_add,GPU,497464.0172799773,497482.3644799773
47,fixed_manifest,block_06_proj,linear_projection,GPU,497482.3644799773,497634.6086399773
45,fixed_manifest,block_11_qkv,linear_qkv,GPU,497634.6086399773,498077.34111997724
49,fixed_manifest,block_01_residual1,residual_add,GPU,498077.34111997724,498095.68831997726
48,fixed_manifest,block_04_norm1,layer_norm,GPU,498095.68831997726,498117.81791997724
47,fixed_manifest,block_06_residual1,residual_add,GPU,498117.81791997724,498136.1651199772
46,fixed_manifest,block_08_residual2,residual_add,GPU,498136.1651199772,498154.5123199772
45,fixed_manifest,block_11_attention,self_attention,GPU,498154.5123199772,498310.53887997725
49,fixed_manifest,block_01_norm2,layer_norm,GPU,498310.53887997725,498332.6684799772
48,fixed_manifest,block_04_qkv,linear_qkv,GPU,498332.6684799772,498775.4009599772
49,fixed_manifest,block_01_ffn_island,fused_ffn_island,FPGA,498491.4332799772,498824.1807999772
47,fixed_manifest,block_06_norm2,layer_norm,GPU,498775.4009599772,498797.53055997717
46,fixed_manifest,block_09_norm1,layer_norm,GPU,498797.53055997717,498819.66015997715
45,fixed_manifest,block_11_proj,linear_projection,GPU,498819.66015997715,498971.9043199771
48,fixed_manifest,block_04_attention,self_attention,GPU,498971.9043199771,499127.9308799771
47,fixed_manifest,block_06_ffn_island,fused_ffn_island,FPGA,499047.7567999772,499380.5043199772
46,fixed_manifest,block_09_qkv,linear_qkv,GPU,499127.9308799771,499570.66335997713
45,fixed_manifest,block_11_residual1,residual_add,GPU,499570.66335997713,499589.01055997715
49,fixed_manifest,block_01_residual2,residual_add,GPU,499589.01055997715,499607.3577599771
48,fixed_manifest,block_04_proj,linear_projection,GPU,499607.3577599771,499759.6019199771
47,fixed_manifest,block_06_residual2,residual_add,GPU,499759.6019199771,499777.9491199771
46,fixed_manifest,block_09_attention,self_attention,GPU,499777.9491199771,499933.9756799771
45,fixed_manifest,block_11_norm2,layer_norm,GPU,499933.9756799771,499956.1052799771
49,fixed_manifest,block_02_norm1,layer_norm,GPU,499956.1052799771,499978.23487997707
48,fixed_manifest,block_04_residual1,residual_add,GPU,499978.23487997707,499996.58207997703
47,fixed_manifest,block_07_norm1,layer_norm,GPU,499996.58207997703,500018.711679977
46,fixed_manifest,block_09_proj,linear_projection,GPU,500018.711679977,500170.9558399771
45,fixed_manifest,block_11_ffn_island,fused_ffn_island,FPGA,500114.87007997715,500447.6175999771
49,fixed_manifest,block_02_qkv,linear_qkv,GPU,500170.9558399771,500613.6883199771
48,fixed_manifest,block_04_norm2,layer_norm,GPU,500613.6883199771,500635.8179199771
50,fixed_manifest,patch_embedding,patch_embedding,GPU,500635.8179199771,500787.3247999771
47,fixed_manifest,block_07_qkv,linear_qkv,GPU,500787.3247999771,501230.05727997713
48,fixed_manifest,block_04_ffn_island,fused_ffn_island,FPGA,500794.58271997725,501127.3302399772
46,fixed_manifest,block_09_residual1,residual_add,GPU,501230.05727997713,501248.4044799772
45,fixed_manifest,block_11_residual2,residual_add,GPU,501248.4044799772,501266.7516799772
49,fixed_manifest,block_02_attention,self_attention,GPU,501266.7516799772,501422.77823997725
50,fixed_manifest,token_embedding,token_and_position_embedding,GPU,501422.77823997725,501441.12543997733
47,fixed_manifest,block_07_attention,self_attention,GPU,501441.12543997733,501597.15199997736
46,fixed_manifest,block_09_norm2,layer_norm,GPU,501597.15199997736,501619.28159997734
45,fixed_manifest,final_norm,layer_norm,GPU,501619.28159997734,501641.4111999774
48,fixed_manifest,block_04_residual2,residual_add,GPU,501641.4111999774,501659.75839997747
49,fixed_manifest,block_02_proj,linear_projection,GPU,501659.75839997747,501812.00255997747
46,fixed_manifest,block_09_ffn_island,fused_ffn_island,FPGA,501778.04639997747,502110.7939199775
50,fixed_manifest,block_00_norm1,layer_norm,GPU,501812.00255997747,501834.1321599775
47,fixed_manifest,block_07_proj,linear_projection,GPU,501834.1321599775,501986.3763199776
45,fixed_manifest,class_token_select,class_token_select,GPU,501986.3763199776,501993.4147199776
48,fixed_manifest,block_05_norm1,layer_norm,GPU,501993.4147199776,502015.54431997763
49,fixed_manifest,block_02_residual1,residual_add,GPU,502015.54431997763,502033.89151997765
50,fixed_manifest,block_00_qkv,linear_qkv,GPU,502033.89151997765,502476.6239999777
47,fixed_manifest,block_07_residual1,residual_add,GPU,502476.6239999777,502494.9711999778
45,fixed_manifest,classifier,linear_classifier,GPU,502494.9711999778,502502.9311999778
48,fixed_manifest,block_05_qkv,linear_qkv,GPU,502502.9311999778,502945.6636799778
49,fixed_manifest,block_02_norm2,layer_norm,GPU,502945.6636799778,502967.79327997786
46,fixed_manifest,block_09_residual2,residual_add,GPU,502967.79327997786,502986.14047997794
50,fixed_manifest,block_00_attention,self_attention,GPU,502986.14047997794,503142.1670399779
49,fixed_manifest,block_02_ffn_island,fused_ffn_island,FPGA,503126.558079978,503459.30559997796
47,fixed_manifest,block_07_norm2,layer_norm,GPU,503142.1670399779,503164.29663997795
48,fixed_manifest,block_05_attention,self_attention,GPU,503164.29663997795,503320.323199978
46,fixed_manifest,block_10_norm1,layer_norm,GPU,503320.323199978,503342.452799978
50,fixed_manifest,block_00_proj,linear_projection,GPU,503342.452799978,503494.6969599781
48,fixed_manifest,block_05_proj,linear_projection,GPU,503494.6969599781,503646.9411199781
46,fixed_manifest,block_10_qkv,linear_qkv,GPU,503646.9411199781,504089.67359997815
47,fixed_manifest,block_07_ffn_island,fused_ffn_island,FPGA,503682.88159997796,504015.629119978
50,fixed_manifest,block_00_residual1,residual_add,GPU,504089.67359997815,504108.02079997817
48,fixed_manifest,block_05_residual1,residual_add,GPU,504108.02079997817,504126.36799997825
49,fixed_manifest,block_02_residual2,residual_add,GPU,504126.36799997825,504144.71519997827
46,fixed_manifest,block_10_attention,self_attention,GPU,504144.71519997827,504300.7417599783
50,fixed_manifest,block_00_norm2,layer_norm,GPU,504300.7417599783,504322.87135997834
48,fixed_manifest,block_05_norm2,layer_norm,GPU,504322.87135997834,504345.0009599784
49,fixed_manifest,block_03_norm1,layer_norm,GPU,504345.0009599784,504367.13055997837
47,fixed_manifest,block_07_residual2,residual_add,GPU,504367.13055997837,504385.47775997844
46,fixed_manifest,block_10_proj,linear_projection,GPU,504385.47775997844,504537.7219199785
50,fixed_manifest,block_00_ffn_island,fused_ffn_island,FPGA,504481.63615997846,504814.38367997843
49,fixed_manifest,block_03_qkv,linear_qkv,GPU,504537.7219199785,504980.4543999785
47,fixed_manifest,block_08_norm1,layer_norm,GPU,504980.4543999785,505002.58399997855
46,fixed_manifest,block_10_residual1,residual_add,GPU,505002.58399997855,505020.9311999786
49,fixed_manifest,block_03_attention,self_attention,GPU,505020.9311999786,505176.9577599786
48,fixed_manifest,block_05_ffn_island,fused_ffn_island,FPGA,505037.95967997843,505370.70719997847
47,fixed_manifest,block_08_qkv,linear_qkv,GPU,505176.9577599786,505619.69023997866
46,fixed_manifest,block_10_norm2,layer_norm,GPU,505619.69023997866,505641.8198399787
50,fixed_manifest,block_00_residual2,residual_add,GPU,505641.8198399787,505660.1670399787
49,fixed_manifest,block_03_proj,linear_projection,GPU,505660.1670399787,505812.4111999788
46,fixed_manifest,block_10_ffn_island,fused_ffn_island,FPGA,505800.58463997877,506133.3321599788
48,fixed_manifest,block_05_residual2,residual_add,GPU,505812.4111999788,505830.7583999788
47,fixed_manifest,block_08_attention,self_attention,GPU,505830.7583999788,505986.78495997883
50,fixed_manifest,block_01_norm1,layer_norm,GPU,505986.78495997883,506008.9145599789
49,fixed_manifest,block_03_residual1,residual_add,GPU,506008.9145599789,506027.2617599789
48,fixed_manifest,block_06_norm1,layer_norm,GPU,506027.2617599789,506049.39135997894
47,fixed_manifest,block_08_proj,linear_projection,GPU,506049.39135997894,506201.635519979
50,fixed_manifest,block_01_qkv,linear_qkv,GPU,506201.635519979,506644.367999979
49,fixed_manifest,block_03_norm2,layer_norm,GPU,506644.367999979,506666.49759997905
48,fixed_manifest,block_06_qkv,linear_qkv,GPU,506666.49759997905,507109.2300799791
49,fixed_manifest,block_03_ffn_island,fused_ffn_island,FPGA,506825.26239997917,507158.00991997914
47,fixed_manifest,block_08_residual1,residual_add,GPU,507109.2300799791,507127.57727997913
46,fixed_manifest,block_10_residual2,residual_add,GPU,507127.57727997913,507145.9244799792
50,fixed_manifest,block_01_attention,self_attention,GPU,507145.9244799792,507301.95103997923
48,fixed_manifest,block_06_attention,self_attention,GPU,507301.95103997923,507457.97759997926
47,fixed_manifest,block_08_norm2,layer_norm,GPU,507457.97759997926,507480.10719997925
46,fixed_manifest,block_11_norm1,layer_norm,GPU,507480.10719997925,507502.2367999793
50,fixed_manifest,block_01_proj,linear_projection,GPU,507502.2367999793,507654.48095997935
47,fixed_manifest,block_08_ffn_island,fused_ffn_island,FPGA,507638.87199997937,507971.6195199794
49,fixed_manifest,block_03_residual2,residual_add,GPU,507654.48095997935,507672.82815997937
48,fixed_manifest,block_06_proj,linear_projection,GPU,507672.82815997937,507825.07231997943
46,fixed_manifest,block_11_qkv,linear_qkv,GPU,507825.07231997943,508267.80479997944
50,fixed_manifest,block_01_residual1,residual_add,GPU,508267.80479997944,508286.1519999795
49,fixed_manifest,block_04_norm1,layer_norm,GPU,508286.1519999795,508308.28159997956
48,fixed_manifest,block_06_residual1,residual_add,GPU,508308.28159997956,508326.6287999796
47,fixed_manifest,block_08_residual2,residual_add,GPU,508326.6287999796,508344.97599997965
46,fixed_manifest,block_11_attention,self_attention,GPU,508344.97599997965,508501.0025599797
50,fixed_manifest,block_01_norm2,layer_norm,GPU,508501.0025599797,508523.13215997966
49,fixed_manifest,block_04_qkv,linear_qkv,GPU,508523.13215997966,508965.8646399797
50,fixed_manifest,block_01_ffn_island,fused_ffn_island,FPGA,508681.8969599798,509014.6444799798
48,fixed_manifest,block_06_norm2,layer_norm,GPU,508965.8646399797,508987.9942399798
47,fixed_manifest,block_09_norm1,layer_norm,GPU,508987.9942399798,509010.1238399798
46,fixed_manifest,block_11_proj,linear_projection,GPU,509010.1238399798,509162.3679999798
49,fixed_manifest,block_04_attention,self_attention,GPU,509162.3679999798,509318.39455997985
48,fixed_manifest,block_06_ffn_island,fused_ffn_island,FPGA,509238.2204799798,509570.9679999798
47,fixed_manifest,block_09_qkv,linear_qkv,GPU,509318.39455997985,509761.1270399799
46,fixed_manifest,block_11_residual1,residual_add,GPU,509761.1270399799,509779.4742399799
50,fixed_manifest,block_01_residual2,residual_add,GPU,509779.4742399799,509797.82143998
49,fixed_manifest,block_04_proj,linear_projection,GPU,509797.82143998,509950.06559998
48,fixed_manifest,block_06_residual2,residual_add,GPU,509950.06559998,509968.4127999801
47,fixed_manifest,block_09_attention,self_attention,GPU,509968.4127999801,510124.4393599801
46,fixed_manifest,block_11_norm2,layer_norm,GPU,510124.4393599801,510146.5689599801
50,fixed_manifest,block_02_norm1,layer_norm,GPU,510146.5689599801,510168.69855998014
49,fixed_manifest,block_04_residual1,residual_add,GPU,510168.69855998014,510187.0457599802
48,fixed_manifest,block_07_norm1,layer_norm,GPU,510187.0457599802,510209.1753599802
51,fixed_manifest,patch_embedding,patch_embedding,GPU,510209.1753599802,510360.6822399802
46,fixed_manifest,block_11_ffn_island,fused_ffn_island,FPGA,510305.3337599802,510638.08127998025
47,fixed_manifest,block_09_proj,linear_projection,GPU,510360.6822399802,510512.92639998026
50,fixed_manifest,block_02_qkv,linear_qkv,GPU,510512.92639998026,510955.65887998027
49,fixed_manifest,block_04_norm2,layer_norm,GPU,510955.65887998027,510977.7884799803
48,fixed_manifest,block_07_qkv,linear_qkv,GPU,510977.7884799803,511420.5209599804
49,fixed_manifest,block_04_ffn_island,fused_ffn_island,FPGA,511136.55327998044,511469.3007999804
51,fixed_manifest,token_embedding,token_and_position_embedding,GPU,511420.5209599804,511438.8681599804
47,fixed_manifest,block_09_residual1,residual_add,GPU,511438.8681599804,511457.2153599805
46,fixed_manifest,block_11_residual2,residual_add,GPU,511457.2153599805,511475.5625599805
50,fixed_manifest,block_02_attention,self_attention,GPU,511475.5625599805,511631.5891199805
48,fixed_manifest,block_07_attention,self_attention,GPU,511631.5891199805,511787.61567998055
51,fixed_manifest,block_00_norm1,layer_norm,GPU,511787.61567998055,511809.7452799806
47,fixed_manifest,block_09_norm2,layer_norm,GPU,511809.7452799806,511831.87487998063
46,fixed_manifest,final_norm,layer_norm,GPU,511831.87487998063,511854.0044799806
49,fixed_manifest,block_04_residual2,residual_add,GPU,511854.0044799806,511872.3516799807
50,fixed_manifest,block_02_proj,linear_projection,GPU,511872.3516799807,512024.5958399807
47,fixed_manifest,block_09_ffn_island,fused_ffn_island,FPGA,511990.6396799807,512323.38719998073
48,fixed_manifest,block_07_proj,linear_projection,GPU,512024.5958399807,512176.83999998076
51,fixed_manifest,block_00_qkv,linear_qkv,GPU,512176.83999998076,512619.5724799808
46,fixed_manifest,class_token_select,class_token_select,GPU,512619.5724799808,512626.61087998084
49,fixed_manifest,block_05_norm1,layer_norm,GPU,512626.61087998084,512648.7404799809
50,fixed_manifest,block_02_residual1,residual_add,GPU,512648.7404799809,512667.0876799809
48,fixed_manifest,block_07_residual1,residual_add,GPU,512667.0876799809,512685.434879981
47,fixed_manifest,block_09_residual2,residual_add,GPU,512685.434879981,512703.782079981
51,fixed_manifest,block_00_attention,self_attention,GPU,512703.782079981,512859.808639981
46,fixed_manifest,classifier,linear_classifier,GPU,512859.808639981,512867.76863998105
49,fixed_manifest,block_05_qkv,linear_qkv,GPU,512867.76863998105,513310.5011199811
50,fixed_manifest,block_02_norm2,layer_norm,GPU,513310.5011199811,513332.63071998116
48,fixed_manifest,block_07_norm2,layer_norm,GPU,513332.63071998116,513354.7603199812
47,fixed_manifest,block_10_norm1,layer_norm,GPU,513354.7603199812,513376.8899199812
51,fixed_manifest,block_00_proj,linear_projection,GPU,513376.8899199812,513529.13407998125
50,fixed_manifest,block_02_ffn_island,fused_ffn_island,FPGA,513491.3955199812,513824.14303998125
49,fixed_manifest,block_05_attention,self_attention,GPU,513529.13407998125,513685.1606399813
47,fixed_manifest,block_10_qkv,linear_qkv,GPU,513685.1606399813,514127.8931199813
48,fixed_manifest,block_07_ffn_island,fused_ffn_island,FPGA,514047.71903998125,514380.4665599813
51,fixed_manifest,block_00_residual1,residual_add,GPU,514127.8931199813,514146.24031998136
49,fixed_manifest,block_05_proj,linear_projection,GPU,514146.24031998136,514298.4844799814
50,fixed_manifest,block_02_residual2,residual_add,GPU,514298.4844799814,514316.83167998143
47,fixed_manifest,block_10_attention,self_attention,GPU,514316.83167998143,514472.85823998146
51,fixed_manifest,block_00_norm2,layer_norm,GPU,514472.85823998146,514494.9878399815
49,fixed_manifest,block_05_residual1,residual_add,GPU,514494.9878399815,514513.3350399815
50,fixed_manifest,block_03_norm1,layer_norm,GPU,514513.3350399815,514535.46463998157
47,fixed_manifest,block_10_proj,linear_projection,GPU,514535.46463998157,514687.7087999816
51,fixed_manifest,block_00_ffn_island,fused_ffn_island,FPGA,514670.46271998173,515003.21023998177
49,fixed_manifest,block_05_norm2,layer_norm,GPU,514687.7087999816,514709.8383999816
50,fixed_manifest,block_03_qkv,linear_qkv,GPU,514709.8383999816,515152.5708799817
48,fixed_manifest,block_07_residual2,residual_add,GPU,515152.5708799817,515170.9180799817
47,fixed_manifest,block_10_residual1,residual_add,GPU,515170.9180799817,515189.2652799818
50,fixed_manifest,block_03_attention,self_attention,GPU,515189.2652799818,515345.2918399818
49,fixed_manifest,block_05_ffn_island,fused_ffn_island,FPGA,515226.78623998177,515559.53375998174
48,fixed_manifest,block_08_norm1,layer_norm,GPU,515345.2918399818,515367.42143998184
47,fixed_manifest,block_10_norm2,layer_norm,GPU,515367.42143998184,515389.55103998183
51,fixed_manifest,block_00_residual2,residual_add,GPU,515389.55103998183,515407.8982399819
50,fixed_manifest,block_03_proj,linear_projection,GPU,515407.8982399819,515560.1423999819
48,fixed_manifest,block_08_qkv,linear_qkv,GPU,515560.1423999819,516002.874879982
47,fixed_manifest,block_10_ffn_island,fused_ffn_island,FPGA,515783.10975998174,516115.8572799818
51,fixed_manifest,block_01_norm1,layer_norm,GPU,516002.874879982,516025.004479982
50,fixed_manifest,block_03_residual1,residual_add,GPU,516025.004479982,516043.35167998204
49,fixed_manifest,block_05_residual2,residual_add,GPU,516043.35167998204,516061.6988799821
48,fixed_manifest,block_08_attention,self_attention,GPU,516061.6988799821,516217.72543998214
51,fixed_manifest,block_01_qkv,linear_qkv,GPU,516217.72543998214,516660.45791998215
50,fixed_manifest,block_03_norm2,layer_norm,GPU,516660.45791998215,516682.5875199822
49,fixed_manifest,block_06_norm1,layer_norm,GPU,516682.5875199822,516704.71711998223
48,fixed_manifest,block_08_proj,linear_projection,GPU,516704.71711998223,516856.96127998224
50,fixed_manifest,block_03_ffn_island,fused_ffn_island,FPGA,516841.3523199823,517174.0998399823
47,fixed_manifest,block_10_residual2,residual_add,GPU,516856.96127998224,516875.3084799823
51,fixed_manifest,block_01_attention,self_attention,GPU,516875.3084799823,517031.33503998234
49,fixed_manifest,block_06_qkv,linear_qkv,GPU,517031.33503998234,517474.06751998235
48,fixed_manifest,block_08_residual1,residual_add,GPU,517474.06751998235,517492.4147199824
47,fixed_manifest,block_11_norm1,layer_norm,GPU,517492.4147199824,517514.54431998247
51,fixed_manifest,block_01_proj,linear_projection,GPU,517514.54431998247,517666.78847998247
50,fixed_manifest,block_03_residual2,residual_add,GPU,517666.78847998247,517685.13567998254
49,fixed_manifest,block_06_attention,self_attention,GPU,517685.13567998254,517841.1622399826
48,fixed_manifest,block_08_norm2,layer_norm,GPU,517841.1622399826,517863.2918399826
47,fixed_manifest,block_11_qkv,linear_qkv,GPU,517863.2918399826,518306.0243199826
48,fixed_manifest,block_08_ffn_island,fused_ffn_island,FPGA,518022.0566399827,518354.8041599827
51,fixed_manifest,block_01_residual1,residual_add,GPU,518306.0243199826,518324.3715199827
50,fixed_manifest,block_04_norm1,layer_norm,GPU,518324.3715199827,518346.5011199827
49,fixed_manifest,block_06_proj,linear_projection,GPU,518346.5011199827,518498.74527998274
47,fixed_manifest,block_11_attention,self_attention,GPU,518498.74527998274,518654.7718399828
51,fixed_manifest,block_01_norm2,layer_norm,GPU,518654.7718399828,518676.9014399828
50,fixed_manifest,block_04_qkv,linear_qkv,GPU,518676.9014399828,519119.6339199828
51,fixed_manifest,block_01_ffn_island,fused_ffn_island,FPGA,518835.6662399829,519168.4137599829
49,fixed_manifest,block_06_residual1,residual_add,GPU,519119.6339199828,519137.9811199829
48,fixed_manifest,block_08_residual2,residual_add,GPU,519137.9811199829,519156.3283199829
47,fixed_manifest,block_11_proj,linear_projection,GPU,519156.3283199829,519308.572479983
50,fixed_manifest,block_04_attention,self_attention,GPU,519308.572479983,519464.599039983
49,fixed_manifest,block_06_norm2,layer_norm,GPU,519464.599039983,519486.72863998305
48,fixed_manifest,block_09_norm1,layer_norm,GPU,519486.72863998305,519508.85823998303
47,fixed_manifest,block_11_residual1,residual_add,GPU,519508.85823998303,519527.2054399831
51,fixed_manifest,block_01_residual2,residual_add,GPU,519527.2054399831,519545.5526399831
50,fixed_manifest,block_04_proj,linear_projection,GPU,519545.5526399831,519697.7967999832
49,fixed_manifest,block_06_ffn_island,fused_ffn_island,FPGA,519645.4934399831,519978.24095998314
48,fixed_manifest,block_09_qkv,linear_qkv,GPU,519697.7967999832,520140.5292799832
47,fixed_manifest,block_11_norm2,layer_norm,GPU,520140.5292799832,520162.65887998324
51,fixed_manifest,block_02_norm1,layer_norm,GPU,520162.65887998324,520184.7884799833
50,fixed_manifest,block_04_residual1,residual_add,GPU,520184.7884799833,520203.13567998336
52,fixed_manifest,patch_embedding,patch_embedding,GPU,520203.13567998336,520354.6425599833
47,fixed_manifest,block_11_ffn_island,fused_ffn_island,FPGA,520321.42367998336,520654.17119998334
49,fixed_manifest,block_06_residual2,residual_add,GPU,520354.6425599833,520372.9897599834
48,fixed_manifest,block_09_attention,self_attention,GPU,520372.9897599834,520529.0163199834
51,fixed_manifest,block_02_qkv,linear_qkv,GPU,520529.0163199834,520971.7487999834
50,fixed_manifest,block_04_norm2,layer_norm,GPU,520971.7487999834,520993.87839998346
52,fixed_manifest,token_embedding,token_and_position_embedding,GPU,520993.87839998346,521012.2255999835
49,fixed_manifest,block_07_norm1,layer_norm,GPU,521012.2255999835,521034.3551999835
48,fixed_manifest,block_09_proj,linear_projection,GPU,521034.3551999835,521186.5993599836
50,fixed_manifest,block_04_ffn_island,fused_ffn_island,FPGA,521152.6431999836,521485.39071998355
47,fixed_manifest,block_11_residual2,residual_add,GPU,521186.5993599836,521204.9465599836
51,fixed_manifest,block_02_attention,self_attention,GPU,521204.9465599836,521360.9731199836
52,fixed_manifest,block_00_norm1,layer_norm,GPU,521360.9731199836,521383.10271998367
49,fixed_manifest,block_07_qkv,linear_qkv,GPU,521383.10271998367,521825.83519998373
48,fixed_manifest,block_09_residual1,residual_add,GPU,521825.83519998373,521844.18239998375
47,fixed_manifest,final_norm,layer_norm,GPU,521844.18239998375,521866.3119999838
51,fixed_manifest,block_02_proj,linear_projection,GPU,521866.3119999838,522018.55615998385
52,fixed_manifest,block_00_qkv,linear_qkv,GPU,522018.55615998385,522461.28863998386
50,fixed_manifest,block_04_residual2,residual_add,GPU,522461.28863998386,522479.63583998394
49,fixed_manifest,block_07_attention,self_attention,GPU,522479.63583998394,522635.6623999839
48,fixed_manifest,block_09_norm2,layer_norm,GPU,522635.6623999839,522657.79199998395
47,fixed_manifest,class_token_select,class_token_select,GPU,522657.79199998395,522664.830399984
51,fixed_manifest,block_02_residual1,residual_add,GPU,522664.830399984,522683.17759998405
52,fixed_manifest,block_00_attention,self_attention,GPU,522683.17759998405,522839.2041599841
48,fixed_manifest,block_09_ffn_island,fused_ffn_island,FPGA,522816.5567999841,523149.3043199841
50,fixed_manifest,block_05_norm1,layer_norm,GPU,522839.2041599841,522861.3337599841
49,fixed_manifest,block_07_proj,linear_projection,GPU,522861.3337599841,523013.5779199842
47,fixed_manifest,classifier,linear_classifier,GPU,523013.5779199842,523021.5379199842
51,fixed_manifest,block_02_norm2,layer_norm,GPU,523021.5379199842,523043.6675199842
52,fixed_manifest,block_00_proj,linear_projection,GPU,523043.6675199842,523195.91167998424
50,fixed_manifest,block_05_qkv,linear_qkv,GPU,523195.91167998424,523638.6441599843
51,fixed_manifest,block_02_ffn_island,fused_ffn_island,FPGA,523372.8803199841,523705.6278399841
49,fixed_manifest,block_07_residual1,residual_add,GPU,523638.6441599843,523656.9913599843
52,fixed_manifest,block_00_residual1,residual_add,GPU,523656.9913599843,523675.3385599844
48,fixed_manifest,block_09_residual2,residual_add,GPU,523675.3385599844,523693.6857599844
50,fixed_manifest,block_05_attention,self_attention,GPU,523693.6857599844,523849.71231998445
49,fixed_manifest,block_07_norm2,layer_norm,GPU,523849.71231998445,523871.8419199845
52,fixed_manifest,block_00_norm2,layer_norm,GPU,523871.8419199845,523893.97151998454
48,fixed_manifest,block_10_norm1,layer_norm,GPU,523893.97151998454,523916.1011199845
50,fixed_manifest,block_05_proj,linear_projection,GPU,523916.1011199845,524068.3452799846
49,fixed_manifest,block_07_ffn_island,fused_ffn_island,FPGA,524030.60671998456,524363.3542399846
51,fixed_manifest,block_02_residual2,residual_add,GPU,524068.3452799846,524086.6924799846
48,fixed_manifest,block_10_qkv,linear_qkv,GPU,524086.6924799846,524529.4249599847
50,fixed_manifest,block_05_residual1,residual_add,GPU,524529.4249599847,524547.7721599847
51,fixed_manifest,block_03_norm1,layer_norm,GPU,524547.7721599847,524569.9017599848
48,fixed_manifest,block_10_attention,self_attention,GPU,524569.9017599848,524725.9283199848
52,fixed_manifest,block_00_ffn_island,fused_ffn_island,FPGA,524586.9302399846,524919.6777599846
50,fixed_manifest,block_05_norm2,layer_norm,GPU,524725.9283199848,524748.0579199848
51,fixed_manifest,block_03_qkv,linear_qkv,GPU,524748.0579199848,525190.7903999848
50,fixed_manifest,block_05_ffn_island,fused_ffn_island,FPGA,525143.2537599846,525476.0012799846
49,fixed_manifest,block_07_residual2,residual_add,GPU,525190.7903999848,525209.1375999849
48,fixed_manifest,block_10_proj,linear_projection,GPU,525209.1375999849,525361.3817599849
52,fixed_manifest,block_00_residual2,residual_add,GPU,525361.3817599849,525379.728959985
51,fixed_manifest,block_03_attention,self_attention,GPU,525379.728959985,525535.755519985
49,fixed_manifest,block_08_norm1,layer_norm,GPU,525535.755519985,525557.885119985
48,fixed_manifest,block_10_residual1,residual_add,GPU,525557.885119985,525576.232319985
52,fixed_manifest,block_01_norm1,layer_norm,GPU,525576.232319985,525598.3619199852
51,fixed_manifest,block_03_proj,linear_projection,GPU,525598.3619199852,525750.6060799852
49,fixed_manifest,block_08_qkv,linear_qkv,GPU,525750.6060799852,526193.3385599852
48,fixed_manifest,block_10_norm2,layer_norm,GPU,526193.3385599852,526215.4681599853
52,fixed_manifest,block_01_qkv,linear_qkv,GPU,526215.4681599853,526658.2006399853
48,fixed_manifest,block_10_ffn_island,fused_ffn_island,FPGA,526374.2329599853,526706.9804799854
50,fixed_manifest,block_05_residual2,residual_add,GPU,526658.2006399853,526676.5478399853
51,fixed_manifest,block_03_residual1,residual_add,GPU,526676.5478399853,526694.8950399853
49,fixed_manifest,block_08_attention,self_attention,GPU,526694.8950399853,526850.9215999853
52,fixed_manifest,block_01_attention,self_attention,GPU,526850.9215999853,527006.9481599854
50,fixed_manifest,block_06_norm1,layer_norm,GPU,527006.9481599854,527029.0777599855
51,fixed_manifest,block_03_norm2,layer_norm,GPU,527029.0777599855,527051.2073599854
49,fixed_manifest,block_08_proj,linear_projection,GPU,527051.2073599854,527203.4515199855
48,fixed_manifest,block_10_residual2,residual_add,GPU,527203.4515199855,527221.7987199855
51,fixed_manifest,block_03_ffn_island,fused_ffn_island,FPGA,527209.9721599856,527542.7196799855
52,fixed_manifest,block_01_proj,linear_projection,GPU,527221.7987199855,527374.0428799855
50,fixed_manifest,block_06_qkv,linear_qkv,GPU,527374.0428799855,527816.7753599857
49,fixed_manifest,block_08_residual1,residual_add,GPU,527816.7753599857,527835.1225599856
48,fixed_manifest,block_11_norm1,layer_norm,GPU,527835.1225599856,527857.2521599857
52,fixed_manifest,block_01_residual1,residual_add,GPU,527857.2521599857,527875.5993599858
51,fixed_manifest,block_03_residual2,residual_add,GPU,527875.5993599858,527893.9465599858
50,fixed_manifest,block_06_attention,self_attention,GPU,527893.9465599858,528049.9731199858
49,fixed_manifest,block_08_norm2,layer_norm,GPU,528049.9731199858,528072.1027199859
48,fixed_manifest,block_11_qkv,linear_qkv,GPU,528072.1027199859,528514.8351999859
49,fixed_manifest,block_08_ffn_island,fused_ffn_island,FPGA,528230.8675199859,528563.615039986
52,fixed_manifest,block_01_norm2,layer_norm,GPU,528514.8351999859,528536.9647999859
51,fixed_manifest,block_04_norm1,layer_norm,GPU,528536.9647999859,528559.094399986
50,fixed_manifest,block_06_proj,linear_projection,GPU,528559.094399986,528711.338559986
48,fixed_manifest,block_11_attention,self_attention,GPU,528711.338559986,528867.365119986
52,fixed_manifest,block_01_ffn_island,fused_ffn_island,FPGA,528787.191039986,529119.938559986
51,fixed_manifest,block_04_qkv,linear_qkv,GPU,528867.365119986,529310.097599986
50,fixed_manifest,block_06_residual1,residual_add,GPU,529310.097599986,529328.4447999861
49,fixed_manifest,block_08_residual2,residual_add,GPU,529328.4447999861,529346.7919999862
48,fixed_manifest,block_11_proj,linear_projection,GPU,529346.7919999862,529499.0361599862
52,fixed_manifest,block_01_residual2,residual_add,GPU,529499.0361599862,529517.3833599862
51,fixed_manifest,block_04_attention,self_attention,GPU,529517.3833599862,529673.4099199863
50,fixed_manifest,block_06_norm2,layer_norm,GPU,529673.4099199863,529695.5395199863
49,fixed_manifest,block_09_norm1,layer_norm,GPU,529695.5395199863,529717.6691199864
48,fixed_manifest,block_11_residual1,residual_add,GPU,529717.6691199864,529736.0163199863
52,fixed_manifest,block_02_norm1,layer_norm,GPU,529736.0163199863,529758.1459199864
51,fixed_manifest,block_04_proj,linear_projection,GPU,529758.1459199864,529910.3900799864
50,fixed_manifest,block_06_ffn_island,fused_ffn_island,FPGA,529854.3043199864,530187.0518399864
49,fixed_manifest,block_09_qkv,linear_qkv,GPU,529910.3900799864,530353.1225599864
48,fixed_manifest,block_11_norm2,layer_norm,GPU,530353.1225599864,530375.2521599865
52,fixed_manifest,block_02_qkv,linear_qkv,GPU,530375.2521599865,530817.9846399865
48,fixed_manifest,block_11_ffn_island,fused_ffn_island,FPGA,530534.0169599865,530866.7644799866
51,fixed_manifest,block_04_residual1,residual_add,GPU,530817.9846399865,530836.3318399866
53,fixed_manifest,patch_embedding,patch_embedding,GPU,530836.3318399866,530987.8387199866
50,fixed_manifest,block_06_residual2,residual_add,GPU,530987.8387199866,531006.1859199866
49,fixed_manifest,block_09_attention,self_attention,GPU,531006.1859199866,531162.2124799866
52,fixed_manifest,block_02_attention,self_attention,GPU,531162.2124799866,531318.2390399866
51,fixed_manifest,block_04_norm2,layer_norm,GPU,531318.2390399866,531340.3686399867
53,fixed_manifest,token_embedding,token_and_position_embedding,GPU,531340.3686399867,531358.7158399867
50,fixed_manifest,block_07_norm1,layer_norm,GPU,531358.7158399867,531380.8454399868
48,fixed_manifest,block_11_residual2,residual_add,GPU,531380.8454399868,531399.1926399868
49,fixed_manifest,block_09_proj,linear_projection,GPU,531399.1926399868,531551.4367999869
51,fixed_manifest,block_04_ffn_island,fused_ffn_island,FPGA,531499.1334399867,531831.8809599868
52,fixed_manifest,block_02_proj,linear_projection,GPU,531551.4367999869,531703.6809599869
53,fixed_manifest,block_00_norm1,layer_norm,GPU,531703.6809599869,531725.8105599869
50,fixed_manifest,block_07_qkv,linear_qkv,GPU,531725.8105599869,532168.543039987
48,fixed_manifest,final_norm,layer_norm,GPU,532168.543039987,532190.672639987
49,fixed_manifest,block_09_residual1,residual_add,GPU,532190.672639987,532209.019839987
52,fixed_manifest,block_02_residual1,residual_add,GPU,532209.019839987,532227.3670399871
53,fixed_manifest,block_00_qkv,linear_qkv,GPU,532227.3670399871,532670.0995199871
51,fixed_manifest,block_04_residual2,residual_add,GPU,532670.0995199871,532688.4467199872
50,fixed_manifest,block_07_attention,self_attention,GPU,532688.4467199872,532844.4732799872
48,fixed_manifest,class_token_select,class_token_select,GPU,532844.4732799872,532851.5116799872
49,fixed_manifest,block_09_norm2,layer_norm,GPU,532851.5116799872,532873.6412799873
52,fixed_manifest,block_02_norm2,layer_norm,GPU,532873.6412799873,532895.7708799873
53,fixed_manifest,block_00_attention,self_attention,GPU,532895.7708799873,533051.7974399873
49,fixed_manifest,block_09_ffn_island,fused_ffn_island,FPGA,533032.4060799874,533365.1535999874
51,fixed_manifest,block_05_norm1,layer_norm,GPU,533051.7974399873,533073.9270399874
50,fixed_manifest,block_07_proj,linear_projection,GPU,533073.9270399874,533226.1711999874
48,fixed_manifest,classifier,linear_classifier,GPU,533226.1711999874,533234.1311999874
53,fixed_manifest,block_00_proj,linear_projection,GPU,533234.1311999874,533386.3753599875
51,fixed_manifest,block_05_qkv,linear_qkv,GPU,533386.3753599875,533829.1078399875
52,fixed_manifest,block_02_ffn_island,fused_ffn_island,FPGA,533588.7295999874,533921.4771199874
50,fixed_manifest,block_07_residual1,residual_add,GPU,533829.1078399875,533847.4550399876
53,fixed_manifest,block_00_residual1,residual_add,GPU,533847.4550399876,533865.8022399875
49,fixed_manifest,block_09_residual2,residual_add,GPU,533865.8022399875,533884.1494399876
51,fixed_manifest,block_05_attention,self_attention,GPU,533884.1494399876,534040.1759999876
50,fixed_manifest,block_07_norm2,layer_norm,GPU,534040.1759999876,534062.3055999877
53,fixed_manifest,block_00_norm2,layer_norm,GPU,534062.3055999877,534084.4351999877
49,fixed_manifest,block_10_norm1,layer_norm,GPU,534084.4351999877,534106.5647999877
51,fixed_manifest,block_05_proj,linear_projection,GPU,534106.5647999877,534258.8089599878
50,fixed_manifest,block_07_ffn_island,fused_ffn_island,FPGA,534231.0067199876,534563.7542399876
52,fixed_manifest,block_02_residual2,residual_add,GPU,534258.8089599878,534277.1561599878
49,fixed_manifest,block_10_qkv,linear_qkv,GPU,534277.1561599878,534719.8886399879
51,fixed_manifest,block_05_residual1,residual_add,GPU,534719.8886399879,534738.2358399879
52,fixed_manifest,block_03_norm1,layer_norm,GPU,534738.2358399879,534760.365439988
49,fixed_manifest,block_10_attention,self_attention,GPU,534760.365439988,534916.391999988
53,fixed_manifest,block_00_ffn_island,fused_ffn_island,FPGA,534787.3302399876,535120.0777599876
51,fixed_manifest,block_05_norm2,layer_norm,GPU,534916.391999988,534938.521599988
52,fixed_manifest,block_03_qkv,linear_qkv,GPU,534938.521599988,535381.254079988
51,fixed_manifest,block_05_ffn_island,fused_ffn_island,FPGA,535343.6537599876,535676.4012799877
50,fixed_manifest,block_07_residual2,residual_add,GPU,535381.254079988,535399.6012799881
49,fixed_manifest,block_10_proj,linear_projection,GPU,535399.6012799881,535551.8454399881
53,fixed_manifest,block_00_residual2,residual_add,GPU,535551.8454399881,535570.1926399881
52,fixed_manifest,block_03_attention,self_attention,GPU,535570.1926399881,535726.2191999882
50,fixed_manifest,block_08_norm1,layer_norm,GPU,535726.2191999882,535748.3487999883
49,fixed_manifest,block_10_residual1,residual_add,GPU,535748.3487999883,535766.6959999882
53,fixed_manifest,block_01_norm1,layer_norm,GPU,535766.6959999882,535788.8255999883
52,fixed_manifest,block_03_proj,linear_projection,GPU,535788.8255999883,535941.0697599883
50,fixed_manifest,block_08_qkv,linear_qkv,GPU,535941.0697599883,536383.8022399883
49,fixed_manifest,block_10_norm2,layer_norm,GPU,536383.8022399883,536405.9318399885
53,fixed_manifest,block_01_qkv,linear_qkv,GPU,536405.9318399885,536848.6643199885
49,fixed_manifest,block_10_ffn_island,fused_ffn_island,FPGA,536564.6966399886,536897.4441599885
51,fixed_manifest,block_05_residual2,residual_add,GPU,536848.6643199885,536867.0115199885
52,fixed_manifest,block_03_residual1,residual_add,GPU,536867.0115199885,536885.3587199885
50,fixed_manifest,block_08_attention,self_attention,GPU,536885.3587199885,537041.3852799885
53,fixed_manifest,block_01_attention,self_attention,GPU,537041.3852799885,537197.4118399885
51,fixed_manifest,block_06_norm1,layer_norm,GPU,537197.4118399885,537219.5414399887
52,fixed_manifest,block_03_norm2,layer_norm,GPU,537219.5414399887,537241.6710399886
50,fixed_manifest,block_08_proj,linear_projection,GPU,537241.6710399886,537393.9151999886
49,fixed_manifest,block_10_residual2,residual_add,GPU,537393.9151999886,537412.2623999887
52,fixed_manifest,block_03_ffn_island,fused_ffn_island,FPGA,537400.4358399888,537733.1833599887
53,fixed_manifest,block_01_proj,linear_projection,GPU,537412.2623999887,537564.5065599888
51,fixed_manifest,block_06_qkv,linear_qkv,GPU,537564.5065599888,538007.2390399888
50,fixed_manifest,block_08_residual1,residual_add,GPU,538007.2390399888,538025.5862399889
49,fixed_manifest,block_11_norm1,layer_norm,GPU,538025.5862399889,538047.7158399889
53,fixed_manifest,block_01_residual1,residual_add,GPU,538047.7158399889,538066.063039989
52,fixed_manifest,block_03_residual2,residual_add,GPU,538066.063039989,538084.4102399889
51,fixed_manifest,block_06_attention,self_attention,GPU,538084.4102399889,538240.436799989
50,fixed_manifest,block_08_norm2,layer_norm,GPU,538240.436799989,538262.5663999891
49,fixed_manifest,block_11_qkv,linear_qkv,GPU,538262.5663999891,538705.2988799891
50,fixed_manifest,block_08_ffn_island,fused_ffn_island,FPGA,538421.3311999892,538754.0787199892
53,fixed_manifest,block_01_norm2,layer_norm,GPU,538705.2988799891,538727.4284799891
52,fixed_manifest,block_04_norm1,layer_norm,GPU,538727.4284799891,538749.5580799892
51,fixed_manifest,block_06_proj,linear_projection,GPU,538749.5580799892,538901.8022399892
49,fixed_manifest,block_11_attention,self_attention,GPU,538901.8022399892,539057.8287999892
53,fixed_manifest,block_01_ffn_island,fused_ffn_island,FPGA,538977.6547199892,539310.4022399891
52,fixed_manifest,block_04_qkv,linear_qkv,GPU,539057.8287999892,539500.5612799892
51,fixed_manifest,block_06_residual1,residual_add,GPU,539500.5612799892,539518.9084799893
50,fixed_manifest,block_08_residual2,residual_add,GPU,539518.9084799893,539537.2556799894
49,fixed_manifest,block_11_proj,linear_projection,GPU,539537.2556799894,539689.4998399894
53,fixed_manifest,block_01_residual2,residual_add,GPU,539689.4998399894,539707.8470399894
52,fixed_manifest,block_04_attention,self_attention,GPU,539707.8470399894,539863.8735999895
51,fixed_manifest,block_06_norm2,layer_norm,GPU,539863.8735999895,539886.0031999894
50,fixed_manifest,block_09_norm1,layer_norm,GPU,539886.0031999894,539908.1327999895
49,fixed_manifest,block_11_residual1,residual_add,GPU,539908.1327999895,539926.4799999895
53,fixed_manifest,block_02_norm1,layer_norm,GPU,539926.4799999895,539948.6095999896
52,fixed_manifest,block_04_proj,linear_projection,GPU,539948.6095999896,540100.8537599896
51,fixed_manifest,block_06_ffn_island,fused_ffn_island,FPGA,540044.7679999896,540377.5155199895
50,fixed_manifest,block_09_qkv,linear_qkv,GPU,540100.8537599896,540543.5862399896
49,fixed_manifest,block_11_norm2,layer_norm,GPU,540543.5862399896,540565.7158399897
53,fixed_manifest,block_02_qkv,linear_qkv,GPU,540565.7158399897,541008.4483199897
49,fixed_manifest,block_11_ffn_island,fused_ffn_island,FPGA,540724.4806399898,541057.2281599898
54,fixed_manifest,patch_embedding,patch_embedding,GPU,541008.4483199897,541159.9551999897
52,fixed_manifest,block_04_residual1,residual_add,GPU,541159.9551999897,541178.3023999898
51,fixed_manifest,block_06_residual2,residual_add,GPU,541178.3023999898,541196.6495999898
50,fixed_manifest,block_09_attention,self_attention,GPU,541196.6495999898,541352.6761599898
53,fixed_manifest,block_02_attention,self_attention,GPU,541352.6761599898,541508.7027199898
54,fixed_manifest,token_embedding,token_and_position_embedding,GPU,541508.7027199898,541527.0499199899
52,fixed_manifest,block_04_norm2,layer_norm,GPU,541527.0499199899,541549.1795199899
51,fixed_manifest,block_07_norm1,layer_norm,GPU,541549.1795199899,541571.30911999
49,fixed_manifest,block_11_residual2,residual_add,GPU,541571.30911999,541589.65631999
50,fixed_manifest,block_09_proj,linear_projection,GPU,541589.65631999,541741.90047999
52,fixed_manifest,block_04_ffn_island,fused_ffn_island,FPGA,541707.94431999,542040.6918399901
53,fixed_manifest,block_02_proj,linear_projection,GPU,541741.90047999,541894.1446399901
54,fixed_manifest,block_00_norm1,layer_norm,GPU,541894.1446399901,541916.2742399902
51,fixed_manifest,block_07_qkv,linear_qkv,GPU,541916.2742399902,542359.0067199902
49,fixed_manifest,final_norm,layer_norm,GPU,542359.0067199902,542381.1363199902
50,fixed_manifest,block_09_residual1,residual_add,GPU,542381.1363199902,542399.4835199902
53,fixed_manifest,block_02_residual1,residual_add,GPU,542399.4835199902,542417.8307199903
54,fixed_manifest,block_00_qkv,linear_qkv,GPU,542417.8307199903,542860.5631999903
52,fixed_manifest,block_04_residual2,residual_add,GPU,542860.5631999903,542878.9103999904
51,fixed_manifest,block_07_attention,self_attention,GPU,542878.9103999904,543034.9369599904
49,fixed_manifest,class_token_select,class_token_select,GPU,543034.9369599904,543041.9753599905
50,fixed_manifest,block_09_norm2,layer_norm,GPU,543041.9753599905,543064.1049599905
53,fixed_manifest,block_02_norm2,layer_norm,GPU,543064.1049599905,543086.2345599905
54,fixed_manifest,block_00_attention,self_attention,GPU,543086.2345599905,543242.2611199905
50,fixed_manifest,block_09_ffn_island,fused_ffn_island,FPGA,543222.8697599906,543555.6172799906
52,fixed_manifest,block_05_norm1,layer_norm,GPU,543242.2611199905,543264.3907199906
51,fixed_manifest,block_07_proj,linear_projection,GPU,543264.3907199906,543416.6348799906
49,fixed_manifest,classifier,linear_classifier,GPU,543416.6348799906,543424.5948799907
54,fixed_manifest,block_00_proj,linear_projection,GPU,543424.5948799907,543576.8390399907
52,fixed_manifest,block_05_qkv,linear_qkv,GPU,543576.8390399907,544019.5715199907
53,fixed_manifest,block_02_ffn_island,fused_ffn_island,FPGA,543779.1932799906,544111.9407999906
51,fixed_manifest,block_07_residual1,residual_add,GPU,544019.5715199907,544037.9187199908
54,fixed_manifest,block_00_residual1,residual_add,GPU,544037.9187199908,544056.2659199908
50,fixed_manifest,block_09_residual2,residual_add,GPU,544056.2659199908,544074.6131199908
52,fixed_manifest,block_05_attention,self_attention,GPU,544074.6131199908,544230.6396799908
51,fixed_manifest,block_07_norm2,layer_norm,GPU,544230.6396799908,544252.7692799909
54,fixed_manifest,block_00_norm2,layer_norm,GPU,544252.7692799909,544274.8988799909
50,fixed_manifest,block_10_norm1,layer_norm,GPU,544274.8988799909,544297.0284799909
52,fixed_manifest,block_05_proj,linear_projection,GPU,544297.0284799909,544449.272639991
51,fixed_manifest,block_07_ffn_island,fused_ffn_island,FPGA,544421.4703999908,544754.2179199908
53,fixed_manifest,block_02_residual2,residual_add,GPU,544449.272639991,544467.619839991
50,fixed_manifest,block_10_qkv,linear_qkv,GPU,544467.619839991,544910.3523199911
52,fixed_manifest,block_05_residual1,residual_add,GPU,544910.3523199911,544928.6995199912
53,fixed_manifest,block_03_norm1,layer_norm,GPU,544928.6995199912,544950.8291199912
50,fixed_manifest,block_10_attention,self_attention,GPU,544950.8291199912,545106.8556799912
54,fixed_manifest,block_00_ffn_island,fused_ffn_island,FPGA,544977.7939199908,545310.5414399907
52,fixed_manifest,block_05_norm2,layer_norm,GPU,545106.8556799912,545128.9852799912
53,fixed_manifest,block_03_qkv,linear_qkv,GPU,545128.9852799912,545571.7177599913
52,fixed_manifest,block_05_ffn_island,fused_ffn_island,FPGA,545534.1174399909,545866.8649599908
51,fixed_manifest,block_07_residual2,residual_add,GPU,545571.7177599913,545590.0649599913
50,fixed_manifest,block_10_proj,linear_projection,GPU,545590.0649599913,545742.3091199914
54,fixed_manifest,block_00_residual2,residual_add,GPU,545742.3091199914,545760.6563199913
53,fixed_manifest,block_03_attention,self_attention,GPU,545760.6563199913,545916.6828799914
51,fixed_manifest,block_08_norm1,layer_norm,GPU,545916.6828799914,545938.8124799915
50,fixed_manifest,block_10_residual1,residual_add,GPU,545938.8124799915,545957.1596799914
54,fixed_manifest,block_01_norm1,layer_norm,GPU,545957.1596799914,545979.2892799915
53,fixed_manifest,block_03_proj,linear_projection,GPU,545979.2892799915,546131.5334399915
51,fixed_manifest,block_08_qkv,linear_qkv,GPU,546131.5334399915,546574.2659199915
50,fixed_manifest,block_10_norm2,layer_norm,GPU,546574.2659199915,546596.3955199916
54,fixed_manifest,block_01_qkv,linear_qkv,GPU,546596.3955199916,547039.1279999916
50,fixed_manifest,block_10_ffn_island,fused_ffn_island,FPGA,546755.1603199918,547087.9078399917
52,fixed_manifest,block_05_residual2,residual_add,GPU,547039.1279999916,547057.4751999917
53,fixed_manifest,block_03_residual1,residual_add,GPU,547057.4751999917,547075.8223999918
51,fixed_manifest,block_08_attention,self_attention,GPU,547075.8223999918,547231.8489599918
54,fixed_manifest,block_01_attention,self_attention,GPU,547231.8489599918,547387.8755199919
52,fixed_manifest,block_06_norm1,layer_norm,GPU,547387.8755199919,547410.0051199918
53,fixed_manifest,block_03_norm2,layer_norm,GPU,547410.0051199918,547432.1347199918
51,fixed_manifest,block_08_proj,linear_projection,GPU,547432.1347199918,547584.378879992
50,fixed_manifest,block_10_residual2,residual_add,GPU,547584.378879992,547602.7260799919
53,fixed_manifest,block_03_ffn_island,fused_ffn_island,FPGA,547590.899519992,547923.6470399919
54,fixed_manifest,block_01_proj,linear_projection,GPU,547602.7260799919,547754.970239992
52,fixed_manifest,block_06_qkv,linear_qkv,GPU,547754.970239992,548197.702719992
51,fixed_manifest,block_08_residual1,residual_add,GPU,548197.702719992,548216.0499199921
50,fixed_manifest,block_11_norm1,layer_norm,GPU,548216.0499199921,548238.1795199921
54,fixed_manifest,block_01_residual1,residual_add,GPU,548238.1795199921,548256.5267199922
53,fixed_manifest,block_03_residual2,residual_add,GPU,548256.5267199922,548274.8739199922
52,fixed_manifest,block_06_attention,self_attention,GPU,548274.8739199922,548430.9004799923
51,fixed_manifest,block_08_norm2,layer_norm,GPU,548430.9004799923,548453.0300799923
50,fixed_manifest,block_11_qkv,linear_qkv,GPU,548453.0300799923,548895.7625599923
51,fixed_manifest,block_08_ffn_island,fused_ffn_island,FPGA,548611.7948799924,548944.5423999924
54,fixed_manifest,block_01_norm2,layer_norm,GPU,548895.7625599923,548917.8921599924
53,fixed_manifest,block_04_norm1,layer_norm,GPU,548917.8921599924,548940.0217599923
52,fixed_manifest,block_06_proj,linear_projection,GPU,548940.0217599923,549092.2659199924
50,fixed_manifest,block_11_attention,self_attention,GPU,549092.2659199924,549248.2924799924
54,fixed_manifest,block_01_ffn_island,fused_ffn_island,FPGA,549168.1183999924,549500.8659199923
53,fixed_manifest,block_04_qkv,linear_qkv,GPU,549248.2924799924,549691.0249599925
52,fixed_manifest,block_06_residual1,residual_add,GPU,549691.0249599925,549709.3721599925
51,fixed_manifest,block_08_residual2,residual_add,GPU,549709.3721599925,549727.7193599925
50,fixed_manifest,block_11_proj,linear_projection,GPU,549727.7193599925,549879.9635199925
54,fixed_manifest,block_01_residual2,residual_add,GPU,549879.9635199925,549898.3107199926
53,fixed_manifest,block_04_attention,self_attention,GPU,549898.3107199926,550054.3372799926
52,fixed_manifest,block_06_norm2,layer_norm,GPU,550054.3372799926,550076.4668799926
51,fixed_manifest,block_09_norm1,layer_norm,GPU,550076.4668799926,550098.5964799927
50,fixed_manifest,block_11_residual1,residual_add,GPU,550098.5964799927,550116.9436799928
54,fixed_manifest,block_02_norm1,layer_norm,GPU,550116.9436799928,550139.0732799928
55,fixed_manifest,patch_embedding,patch_embedding,GPU,550139.0732799928,550290.5801599928
52,fixed_manifest,block_06_ffn_island,fused_ffn_island,FPGA,550235.2316799928,550567.9791999928
53,fixed_manifest,block_04_proj,linear_projection,GPU,550290.5801599928,550442.8243199928
51,fixed_manifest,block_09_qkv,linear_qkv,GPU,550442.8243199928,550885.5567999928
50,fixed_manifest,block_11_norm2,layer_norm,GPU,550885.5567999928,550907.6863999929
54,fixed_manifest,block_02_qkv,linear_qkv,GPU,550907.6863999929,551350.4188799929
50,fixed_manifest,block_11_ffn_island,fused_ffn_island,FPGA,551066.451199993,551399.198719993
55,fixed_manifest,token_embedding,token_and_position_embedding,GPU,551350.4188799929,551368.766079993
53,fixed_manifest,block_04_residual1,residual_add,GPU,551368.766079993,551387.1132799931
52,fixed_manifest,block_06_residual2,residual_add,GPU,551387.1132799931,551405.460479993
51,fixed_manifest,block_09_attention,self_attention,GPU,551405.460479993,551561.487039993
54,fixed_manifest,block_02_attention,self_attention,GPU,551561.487039993,551717.5135999931
55,fixed_manifest,block_00_norm1,layer_norm,GPU,551717.5135999931,551739.6431999932
53,fixed_manifest,block_04_norm2,layer_norm,GPU,551739.6431999932,551761.7727999932
52,fixed_manifest,block_07_norm1,layer_norm,GPU,551761.7727999932,551783.9023999932
50,fixed_manifest,block_11_residual2,residual_add,GPU,551783.9023999932,551802.2495999932
51,fixed_manifest,block_09_proj,linear_projection,GPU,551802.2495999932,551954.4937599932
53,fixed_manifest,block_04_ffn_island,fused_ffn_island,FPGA,551920.5375999933,552253.2851199933
54,fixed_manifest,block_02_proj,linear_projection,GPU,551954.4937599932,552106.7379199933
55,fixed_manifest,block_00_qkv,linear_qkv,GPU,552106.7379199933,552549.4703999934
52,fixed_manifest,block_07_qkv,linear_qkv,GPU,552549.4703999934,552992.2028799934
50,fixed_manifest,final_norm,layer_norm,GPU,552992.2028799934,553014.3324799935
51,fixed_manifest,block_09_residual1,residual_add,GPU,553014.3324799935,553032.6796799934
54,fixed_manifest,block_02_residual1,residual_add,GPU,553032.6796799934,553051.0268799935
53,fixed_manifest,block_04_residual2,residual_add,GPU,553051.0268799935,553069.3740799936
55,fixed_manifest,block_00_attention,self_attention,GPU,553069.3740799936,553225.4006399936
52,fixed_manifest,block_07_attention,self_attention,GPU,553225.4006399936,553381.4271999936
50,fixed_manifest,class_token_select,class_token_select,GPU,553381.4271999936,553388.4655999937
51,fixed_manifest,block_09_norm2,layer_norm,GPU,553388.4655999937,553410.5951999937
54,fixed_manifest,block_02_norm2,layer_norm,GPU,553410.5951999937,553432.7247999937
53,fixed_manifest,block_05_norm1,layer_norm,GPU,553432.7247999937,553454.8543999938
55,fixed_manifest,block_00_proj,linear_projection,GPU,553454.8543999938,553607.0985599938
51,fixed_manifest,block_09_ffn_island,fused_ffn_island,FPGA,553569.3599999938,553902.1075199938
52,fixed_manifest,block_07_proj,linear_projection,GPU,553607.0985599938,553759.3427199938
50,fixed_manifest,classifier,linear_classifier,GPU,553759.3427199938,553767.3027199939
53,fixed_manifest,block_05_qkv,linear_qkv,GPU,553767.3027199939,554210.0351999939
54,fixed_manifest,block_02_ffn_island,fused_ffn_island,FPGA,554125.6835199938,554458.4310399938
55,fixed_manifest,block_00_residual1,residual_add,GPU,554210.0351999939,554228.382399994
52,fixed_manifest,block_07_residual1,residual_add,GPU,554228.382399994,554246.729599994
51,fixed_manifest,block_09_residual2,residual_add,GPU,554246.729599994,554265.076799994
53,fixed_manifest,block_05_attention,self_attention,GPU,554265.076799994,554421.103359994
55,fixed_manifest,block_00_norm2,layer_norm,GPU,554421.103359994,554443.2329599941
52,fixed_manifest,block_07_norm2,layer_norm,GPU,554443.2329599941,554465.3625599941
51,fixed_manifest,block_10_norm1,layer_norm,GPU,554465.3625599941,554487.4921599942
53,fixed_manifest,block_05_proj,linear_projection,GPU,554487.4921599942,554639.7363199942
51,fixed_manifest,block_10_qkv,linear_qkv,GPU,554639.7363199942,555082.4687999942
55,fixed_manifest,block_00_ffn_island,fused_ffn_island,FPGA,554682.0070399938,555014.7545599939
53,fixed_manifest,block_05_residual1,residual_add,GPU,555082.4687999942,555100.8159999943
54,fixed_manifest,block_02_residual2,residual_add,GPU,555100.8159999943,555119.1631999944
51,fixed_manifest,block_10_attention,self_attention,GPU,555119.1631999944,555275.1897599944
52,fixed_manifest,block_07_ffn_island,fused_ffn_island,FPGA,555238.3305599939,555571.0780799938
53,fixed_manifest,block_05_norm2,layer_norm,GPU,555275.1897599944,555297.3193599944
54,fixed_manifest,block_03_norm1,layer_norm,GPU,555297.3193599944,555319.4489599944
55,fixed_manifest,block_00_residual2,residual_add,GPU,555319.4489599944,555337.7961599944
51,fixed_manifest,block_10_proj,linear_projection,GPU,555337.7961599944,555490.0403199944
54,fixed_manifest,block_03_qkv,linear_qkv,GPU,555490.0403199944,555932.7727999946
53,fixed_manifest,block_05_ffn_island,fused_ffn_island,FPGA,555794.6540799938,556127.4015999938
55,fixed_manifest,block_01_norm1,layer_norm,GPU,555932.7727999946,555954.9023999945
51,fixed_manifest,block_10_residual1,residual_add,GPU,555954.9023999945,555973.2495999946
52,fixed_manifest,block_07_residual2,residual_add,GPU,555973.2495999946,555991.5967999947
54,fixed_manifest,block_03_attention,self_attention,GPU,555991.5967999947,556147.6233599947
55,fixed_manifest,block_01_qkv,linear_qkv,GPU,556147.6233599947,556590.3558399947
51,fixed_manifest,block_10_norm2,layer_norm,GPU,556590.3558399947,556612.4854399947
52,fixed_manifest,block_08_norm1,layer_norm,GPU,556612.4854399947,556634.6150399948
54,fixed_manifest,block_03_proj,linear_projection,GPU,556634.6150399948,556786.8591999948
51,fixed_manifest,block_10_ffn_island,fused_ffn_island,FPGA,556771.2502399948,557103.9977599948
53,fixed_manifest,block_05_residual2,residual_add,GPU,556786.8591999948,556805.2063999949
55,fixed_manifest,block_01_attention,self_attention,GPU,556805.2063999949,556961.2329599949
52,fixed_manifest,block_08_qkv,linear_qkv,GPU,556961.2329599949,557403.9654399949
54,fixed_manifest,block_03_residual1,residual_add,GPU,557403.9654399949,557422.312639995
53,fixed_manifest,block_06_norm1,layer_norm,GPU,557422.312639995,557444.442239995
55,fixed_manifest,block_01_proj,linear_projection,GPU,557444.442239995,557596.686399995
51,fixed_manifest,block_10_residual2,residual_add,GPU,557596.686399995,557615.0335999951
52,fixed_manifest,block_08_attention,self_attention,GPU,557615.0335999951,557771.0601599951
54,fixed_manifest,block_03_norm2,layer_norm,GPU,557771.0601599951,557793.1897599951
53,fixed_manifest,block_06_qkv,linear_qkv,GPU,557793.1897599951,558235.9222399952
54,fixed_manifest,block_03_ffn_island,fused_ffn_island,FPGA,557951.9545599952,558284.7020799953
55,fixed_manifest,block_01_residual1,residual_add,GPU,558235.9222399952,558254.2694399953
51,fixed_manifest,block_11_norm1,layer_norm,GPU,558254.2694399953,558276.3990399953
52,fixed_manifest,block_08_proj,linear_projection,GPU,558276.3990399953,558428.6431999953
53,fixed_manifest,block_06_attention,self_attention,GPU,558428.6431999953,558584.6697599953
55,fixed_manifest,block_01_norm2,layer_norm,GPU,558584.6697599953,558606.7993599954
51,fixed_manifest,block_11_qkv,linear_qkv,GPU,558606.7993599954,559049.5318399954
55,fixed_manifest,block_01_ffn_island,fused_ffn_island,FPGA,558765.5641599954,559098.3116799955
52,fixed_manifest,block_08_residual1,residual_add,GPU,559049.5318399954,559067.8790399955
54,fixed_manifest,block_03_residual2,residual_add,GPU,559067.8790399955,559086.2262399954
53,fixed_manifest,block_06_proj,linear_projection,GPU,559086.2262399954,559238.4703999956
51,fixed_manifest,block_11_attention,self_attention,GPU,559238.4703999956,559394.4969599956
52,fixed_manifest,block_08_norm2,layer_norm,GPU,559394.4969599956,559416.6265599956
54,fixed_manifest,block_04_norm1,layer_norm,GPU,559416.6265599956,559438.7561599956
53,fixed_manifest,block_06_residual1,residual_add,GPU,559438.7561599956,559457.1033599956
55,fixed_manifest,block_01_residual2,residual_add,GPU,559457.1033599956,559475.4505599957
51,fixed_manifest,block_11_proj,linear_projection,GPU,559475.4505599957,559627.6947199957
52,fixed_manifest,block_08_ffn_island,fused_ffn_island,FPGA,559575.3913599957,559908.1388799957
54,fixed_manifest,block_04_qkv,linear_qkv,GPU,559627.6947199957,560070.4271999957
53,fixed_manifest,block_06_norm2,layer_norm,GPU,560070.4271999957,560092.5567999958
55,fixed_manifest,block_02_norm1,layer_norm,GPU,560092.5567999958,560114.6863999958
51,fixed_manifest,block_11_residual1,residual_add,GPU,560114.6863999958,560133.0335999959
56,fixed_manifest,patch_embedding,patch_embedding,GPU,560133.0335999959,560284.5404799959
53,fixed_manifest,block_06_ffn_island,fused_ffn_island,FPGA,560251.321599996,560584.0691199959
52,fixed_manifest,block_08_residual2,residual_add,GPU,560284.5404799959,560302.887679996
54,fixed_manifest,block_04_attention,self_attention,GPU,560302.887679996,560458.914239996
55,fixed_manifest,block_02_qkv,linear_qkv,GPU,560458.914239996,560901.646719996
51,fixed_manifest,block_11_norm2,layer_norm,GPU,560901.646719996,560923.776319996
56,fixed_manifest,token_embedding,token_and_position_embedding,GPU,560923.776319996,560942.1235199961
52,fixed_manifest,block_09_norm1,layer_norm,GPU,560942.1235199961,560964.253119996
54,fixed_manifest,block_04_proj,linear_projection,GPU,560964.253119996,561116.4972799962
51,fixed_manifest,block_11_ffn_island,fused_ffn_island,FPGA,561082.5411199961,561415.2886399961
53,fixed_manifest,block_06_residual2,residual_add,GPU,561116.4972799962,561134.8444799961
55,fixed_manifest,block_02_attention,self_attention,GPU,561134.8444799961,561290.8710399962
56,fixed_manifest,block_00_norm1,layer_norm,GPU,561290.8710399962,561313.0006399963
52,fixed_manifest,block_09_qkv,linear_qkv,GPU,561313.0006399963,561755.7331199963
54,fixed_manifest,block_04_residual1,residual_add,GPU,561755.7331199963,561774.0803199963
53,fixed_manifest,block_07_norm1,layer_norm,GPU,561774.0803199963,561796.2099199963
55,fixed_manifest,block_02_proj,linear_projection,GPU,561796.2099199963,561948.4540799963
56,fixed_manifest,block_00_qkv,linear_qkv,GPU,561948.4540799963,562391.1865599965
51,fixed_manifest,block_11_residual2,residual_add,GPU,562391.1865599965,562409.5337599965
52,fixed_manifest,block_09_attention,self_attention,GPU,562409.5337599965,562565.5603199964
54,fixed_manifest,block_04_norm2,layer_norm,GPU,562565.5603199964,562587.6899199965
53,fixed_manifest,block_07_qkv,linear_qkv,GPU,562587.6899199965,563030.4223999965
54,fixed_manifest,block_04_ffn_island,fused_ffn_island,FPGA,562746.4547199967,563079.2022399966
55,fixed_manifest,block_02_residual1,residual_add,GPU,563030.4223999965,563048.7695999966
56,fixed_manifest,block_00_attention,self_attention,GPU,563048.7695999966,563204.7961599967
51,fixed_manifest,final_norm,layer_norm,GPU,563204.7961599967,563226.9257599966
52,fixed_manifest,block_09_proj,linear_projection,GPU,563226.9257599966,563379.1699199968
53,fixed_manifest,block_07_attention,self_attention,GPU,563379.1699199968,563535.1964799968
55,fixed_manifest,block_02_norm2,layer_norm,GPU,563535.1964799968,563557.3260799968
56,fixed_manifest,block_00_proj,linear_projection,GPU,563557.3260799968,563709.5702399968
51,fixed_manifest,class_token_select,class_token_select,GPU,563709.5702399968,563716.6086399968
55,fixed_manifest,block_02_ffn_island,fused_ffn_island,FPGA,563716.0908799969,564048.8383999969
54,fixed_manifest,block_04_residual2,residual_add,GPU,563716.6086399968,563734.9558399969
52,fixed_manifest,block_09_residual1,residual_add,GPU,563734.9558399969,563753.3030399969
53,fixed_manifest,block_07_proj,linear_projection,GPU,563753.3030399969,563905.547199997
56,fixed_manifest,block_00_residual1,residual_add,GPU,563905.547199997,563923.894399997
51,fixed_manifest,classifier,linear_classifier,GPU,563923.894399997,563931.854399997
54,fixed_manifest,block_05_norm1,layer_norm,GPU,563931.854399997,563953.983999997
52,fixed_manifest,block_09_norm2,layer_norm,GPU,563953.983999997,563976.1135999971
53,fixed_manifest,block_07_residual1,residual_add,GPU,563976.1135999971,563994.4607999972
56,fixed_manifest,block_00_norm2,layer_norm,GPU,563994.4607999972,564016.5903999972
54,fixed_manifest,block_05_qkv,linear_qkv,GPU,564016.5903999972,564459.3228799972
52,fixed_manifest,block_09_ffn_island,fused_ffn_island,FPGA,564272.4143999969,564605.1619199968
53,fixed_manifest,block_07_norm2,layer_norm,GPU,564459.3228799972,564481.4524799973
55,fixed_manifest,block_02_residual2,residual_add,GPU,564481.4524799973,564499.7996799973
54,fixed_manifest,block_05_attention,self_attention,GPU,564499.7996799973,564655.8262399973
55,fixed_manifest,block_03_norm1,layer_norm,GPU,564655.8262399973,564677.9558399974
54,fixed_manifest,block_05_proj,linear_projection,GPU,564677.9558399974,564830.1999999974
56,fixed_manifest,block_00_ffn_island,fused_ffn_island,FPGA,564828.7379199968,565161.4854399969
55,fixed_manifest,block_03_qkv,linear_qkv,GPU,564830.1999999974,565272.9324799974
52,fixed_manifest,block_09_residual2,residual_add,GPU,565272.9324799974,565291.2796799975
54,fixed_manifest,block_05_residual1,residual_add,GPU,565291.2796799975,565309.6268799976
55,fixed_manifest,block_03_attention,self_attention,GPU,565309.6268799976,565465.6534399976
53,fixed_manifest,block_07_ffn_island,fused_ffn_island,FPGA,565385.0614399969,565717.8089599969
52,fixed_manifest,block_10_norm1,layer_norm,GPU,565465.6534399976,565487.7830399976
54,fixed_manifest,block_05_norm2,layer_norm,GPU,565487.7830399976,565509.9126399977
56,fixed_manifest,block_00_residual2,residual_add,GPU,565509.9126399977,565528.2598399976
55,fixed_manifest,block_03_proj,linear_projection,GPU,565528.2598399976,565680.5039999977
52,fixed_manifest,block_10_qkv,linear_qkv,GPU,565680.5039999977,566123.2364799978
54,fixed_manifest,block_05_ffn_island,fused_ffn_island,FPGA,565941.3849599969,566274.1324799969
56,fixed_manifest,block_01_norm1,layer_norm,GPU,566123.2364799978,566145.3660799977
55,fixed_manifest,block_03_residual1,residual_add,GPU,566145.3660799977,566163.7132799978
53,fixed_manifest,block_07_residual2,residual_add,GPU,566163.7132799978,566182.0604799979
52,fixed_manifest,block_10_attention,self_attention,GPU,566182.0604799979,566338.0870399979
56,fixed_manifest,block_01_qkv,linear_qkv,GPU,566338.0870399979,566780.8195199979
55,fixed_manifest,block_03_norm2,layer_norm,GPU,566780.8195199979,566802.9491199979
53,fixed_manifest,block_08_norm1,layer_norm,GPU,566802.9491199979,566825.078719998
52,fixed_manifest,block_10_proj,linear_projection,GPU,566825.078719998,566977.322879998
55,fixed_manifest,block_03_ffn_island,fused_ffn_island,FPGA,566961.713919998,567294.4614399981
54,fixed_manifest,block_05_residual2,residual_add,GPU,566977.322879998,566995.6700799981
56,fixed_manifest,block_01_attention,self_attention,GPU,566995.6700799981,567151.6966399981
53,fixed_manifest,block_08_qkv,linear_qkv,GPU,567151.6966399981,567594.4291199981
52,fixed_manifest,block_10_residual1,residual_add,GPU,567594.4291199981,567612.7763199982
54,fixed_manifest,block_06_norm1,layer_norm,GPU,567612.7763199982,567634.9059199982
56,fixed_manifest,block_01_proj,linear_projection,GPU,567634.9059199982,567787.1500799983
55,fixed_manifest,block_03_residual2,residual_add,GPU,567787.1500799983,567805.4972799983
53,fixed_manifest,block_08_attention,self_attention,GPU,567805.4972799983,567961.5238399983
52,fixed_manifest,block_10_norm2,layer_norm,GPU,567961.5238399983,567983.6534399984
54,fixed_manifest,block_06_qkv,linear_qkv,GPU,567983.6534399984,568426.3859199984
52,fixed_manifest,block_10_ffn_island,fused_ffn_island,FPGA,568142.4182399984,568475.1657599985
56,fixed_manifest,block_01_residual1,residual_add,GPU,568426.3859199984,568444.7331199985
55,fixed_manifest,block_04_norm1,layer_norm,GPU,568444.7331199985,568466.8627199985
53,fixed_manifest,block_08_proj,linear_projection,GPU,568466.8627199985,568619.1068799985
54,fixed_manifest,block_06_attention,self_attention,GPU,568619.1068799985,568775.1334399985
56,fixed_manifest,block_01_norm2,layer_norm,GPU,568775.1334399985,568797.2630399986
55,fixed_manifest,block_04_qkv,linear_qkv,GPU,568797.2630399986,569239.9955199986
56,fixed_manifest,block_01_ffn_island,fused_ffn_island,FPGA,568956.0278399987,569288.7753599987
53,fixed_manifest,block_08_residual1,residual_add,GPU,569239.9955199986,569258.3427199987
52,fixed_manifest,block_10_residual2,residual_add,GPU,569258.3427199987,569276.6899199986
54,fixed_manifest,block_06_proj,linear_projection,GPU,569276.6899199986,569428.9340799988
55,fixed_manifest,block_04_attention,self_attention,GPU,569428.9340799988,569584.9606399988
53,fixed_manifest,block_08_norm2,layer_norm,GPU,569584.9606399988,569607.0902399988
52,fixed_manifest,block_11_norm1,layer_norm,GPU,569607.0902399988,569629.2198399989
54,fixed_manifest,block_06_residual1,residual_add,GPU,569629.2198399989,569647.5670399988
56,fixed_manifest,block_01_residual2,residual_add,GPU,569647.5670399988,569665.9142399989
55,fixed_manifest,block_04_proj,linear_projection,GPU,569665.9142399989,569818.1583999989
53,fixed_manifest,block_08_ffn_island,fused_ffn_island,FPGA,569765.8550399989,570098.6025599989
52,fixed_manifest,block_11_qkv,linear_qkv,GPU,569818.1583999989,570260.890879999
54,fixed_manifest,block_06_norm2,layer_norm,GPU,570260.890879999,570283.020479999
56,fixed_manifest,block_02_norm1,layer_norm,GPU,570283.020479999,570305.150079999
55,fixed_manifest,block_04_residual1,residual_add,GPU,570305.150079999,570323.4972799991
57,fixed_manifest,patch_embedding,patch_embedding,GPU,570323.4972799991,570475.0041599991
54,fixed_manifest,block_06_ffn_island,fused_ffn_island,FPGA,570441.7852799991,570774.5327999991
53,fixed_manifest,block_08_residual2,residual_add,GPU,570475.0041599991,570493.3513599992
52,fixed_manifest,block_11_attention,self_attention,GPU,570493.3513599992,570649.3779199992
56,fixed_manifest,block_02_qkv,linear_qkv,GPU,570649.3779199992,571092.1103999992
55,fixed_manifest,block_04_norm2,layer_norm,GPU,571092.1103999992,571114.2399999992
57,fixed_manifest,token_embedding,token_and_position_embedding,GPU,571114.2399999992,571132.5871999993
53,fixed_manifest,block_09_norm1,layer_norm,GPU,571132.5871999993,571154.7167999992
52,fixed_manifest,block_11_proj,linear_projection,GPU,571154.7167999992,571306.9609599994
55,fixed_manifest,block_04_ffn_island,fused_ffn_island,FPGA,571273.0047999993,571605.7523199993
54,fixed_manifest,block_06_residual2,residual_add,GPU,571306.9609599994,571325.3081599994
56,fixed_manifest,block_02_attention,self_attention,GPU,571325.3081599994,571481.3347199993
57,fixed_manifest,block_00_norm1,layer_norm,GPU,571481.3347199993,571503.4643199994
53,fixed_manifest,block_09_qkv,linear_qkv,GPU,571503.4643199994,571946.1967999995
52,fixed_manifest,block_11_residual1,residual_add,GPU,571946.1967999995,571964.5439999995
54,fixed_manifest,block_07_norm1,layer_norm,GPU,571964.5439999995,571986.6735999995
56,fixed_manifest,block_02_proj,linear_projection,GPU,571986.6735999995,572138.9177599996
57,fixed_manifest,block_00_qkv,linear_qkv,GPU,572138.9177599996,572581.6502399996
55,fixed_manifest,block_04_residual2,residual_add,GPU,572581.6502399996,572599.9974399997
53,fixed_manifest,block_09_attention,self_attention,GPU,572599.9974399997,572756.0239999997
52,fixed_manifest,block_11_norm2,layer_norm,GPU,572756.0239999997,572778.1535999997
54,fixed_manifest,block_07_qkv,linear_qkv,GPU,572778.1535999997,573220.8860799997
52,fixed_manifest,block_11_ffn_island,fused_ffn_island,FPGA,572936.9183999998,573269.6659199998
56,fixed_manifest,block_02_residual1,residual_add,GPU,573220.8860799997,573239.2332799998
57,fixed_manifest,block_00_attention,self_attention,GPU,573239.2332799998,573395.2598399998
55,fixed_manifest,block_05_norm1,layer_norm,GPU,573395.2598399998,573417.3894399998
53,fixed_manifest,block_09_proj,linear_projection,GPU,573417.3894399998,573569.6336
54,fixed_manifest,block_07_attention,self_attention,GPU,573569.6336,573725.66016
56,fixed_manifest,block_02_norm2,layer_norm,GPU,573725.66016,573747.78976
57,fixed_manifest,block_00_proj,linear_projection,GPU,573747.78976,573900.03392
55,fixed_manifest,block_05_qkv,linear_qkv,GPU,573900.03392,574342.7664000001
56,fixed_manifest,block_02_ffn_island,fused_ffn_island,FPGA,573906.5545600001,574239.30208
52,fixed_manifest,block_11_residual2,residual_add,GPU,574342.7664000001,574361.1136
53,fixed_manifest,block_09_residual1,residual_add,GPU,574361.1136,574379.4608000001
54,fixed_manifest,block_07_proj,linear_projection,GPU,574379.4608000001,574531.7049600001
57,fixed_manifest,block_00_residual1,residual_add,GPU,574531.7049600001,574550.0521600002
55,fixed_manifest,block_05_attention,self_attention,GPU,574550.0521600002,574706.0787200002
52,fixed_manifest,final_norm,layer_norm,GPU,574706.0787200002,574728.2083200002
53,fixed_manifest,block_09_norm2,layer_norm,GPU,574728.2083200002,574750.3379200003
56,fixed_manifest,block_02_residual2,residual_add,GPU,574750.3379200003,574768.6851200004
54,fixed_manifest,block_07_residual1,residual_add,GPU,574768.6851200004,574787.0323200003
57,fixed_manifest,block_00_norm2,layer_norm,GPU,574787.0323200003,574809.1619200004
55,fixed_manifest,block_05_proj,linear_projection,GPU,574809.1619200004,574961.4060800005
53,fixed_manifest,block_09_ffn_island,fused_ffn_island,FPGA,574909.1027200004,575241.8502400004
52,fixed_manifest,class_token_select,class_token_select,GPU,574961.4060800005,574968.4444800005
56,fixed_manifest,block_03_norm1,layer_norm,GPU,574968.4444800005,574990.5740800005
54,fixed_manifest,block_07_norm2,layer_norm,GPU,574990.5740800005,575012.7036800006
55,fixed_manifest,block_05_residual1,residual_add,GPU,575012.7036800006,575031.0508800006
52,fixed_manifest,classifier,linear_classifier,GPU,575031.0508800006,575039.0108800007
56,fixed_manifest,block_03_qkv,linear_qkv,GPU,575039.0108800007,575481.7433600007
57,fixed_manifest,block_00_ffn_island,fused_ffn_island,FPGA,575465.4262400004,575798.1737600004
55,fixed_manifest,block_05_norm2,layer_norm,GPU,575481.7433600007,575503.8729600008
53,fixed_manifest,block_09_residual2,residual_add,GPU,575503.8729600008,575522.2201600007
56,fixed_manifest,block_03_attention,self_attention,GPU,575522.2201600007,575678.2467200008
53,fixed_manifest,block_10_norm1,layer_norm,GPU,575678.2467200008,575700.3763200009
56,fixed_manifest,block_03_proj,linear_projection,GPU,575700.3763200009,575852.6204800009
53,fixed_manifest,block_10_qkv,linear_qkv,GPU,575852.6204800009,576295.3529600009
54,fixed_manifest,block_07_ffn_island,fused_ffn_island,FPGA,576021.7497600004,576354.4972800005
56,fixed_manifest,block_03_residual1,residual_add,GPU,576295.3529600009,576313.7001600009
57,fixed_manifest,block_00_residual2,residual_add,GPU,576313.7001600009,576332.047360001
53,fixed_manifest,block_10_attention,self_attention,GPU,576332.047360001,576488.073920001
56,fixed_manifest,block_03_norm2,layer_norm,GPU,576488.073920001,576510.203520001
57,fixed_manifest,block_01_norm1,layer_norm,GPU,576510.203520001,576532.3331200011
53,fixed_manifest,block_10_proj,linear_projection,GPU,576532.3331200011,576684.5772800011
55,fixed_manifest,block_05_ffn_island,fused_ffn_island,FPGA,576578.0732800005,576910.8208000005
57,fixed_manifest,block_01_qkv,linear_qkv,GPU,576684.5772800011,577127.3097600011
54,fixed_manifest,block_07_residual2,residual_add,GPU,577127.3097600011,577145.6569600012
56,fixed_manifest,block_03_ffn_island,fused_ffn_island,FPGA,577134.3968000005,577467.1443200004
53,fixed_manifest,block_10_residual1,residual_add,GPU,577145.6569600012,577164.0041600013
57,fixed_manifest,block_01_attention,self_attention,GPU,577164.0041600013,577320.0307200013
55,fixed_manifest,block_05_residual2,residual_add,GPU,577320.0307200013,577338.3779200013
54,fixed_manifest,block_08_norm1,layer_norm,GPU,577338.3779200013,577360.5075200014
53,fixed_manifest,block_10_norm2,layer_norm,GPU,577360.5075200014,577382.6371200014
57,fixed_manifest,block_01_proj,linear_projection,GPU,577382.6371200014,577534.8812800014
55,fixed_manifest,block_06_norm1,layer_norm,GPU,577534.8812800014,577557.0108800015
54,fixed_manifest,block_08_qkv,linear_qkv,GPU,577557.0108800015,577999.7433600015
53,fixed_manifest,block_10_ffn_island,fused_ffn_island,FPGA,577690.7203200004,578023.4678400005
57,fixed_manifest,block_01_residual1,residual_add,GPU,577999.7433600015,578018.0905600016
55,fixed_manifest,block_06_qkv,linear_qkv,GPU,578018.0905600016,578460.8230400016
56,fixed_manifest,block_03_residual2,residual_add,GPU,578460.8230400016,578479.1702400016
54,fixed_manifest,block_08_attention,self_attention,GPU,578479.1702400016,578635.1968000017
57,fixed_manifest,block_01_norm2,layer_norm,GPU,578635.1968000017,578657.3264000016
53,fixed_manifest,block_10_residual2,residual_add,GPU,578657.3264000016,578675.6736000017
55,fixed_manifest,block_06_attention,self_attention,GPU,578675.6736000017,578831.7001600018
57,fixed_manifest,block_01_ffn_island,fused_ffn_island,FPGA,578816.0912000018,579148.8387200017
56,fixed_manifest,block_04_norm1,layer_norm,GPU,578831.7001600018,578853.8297600017
54,fixed_manifest,block_08_proj,linear_projection,GPU,578853.8297600017,579006.0739200019
53,fixed_manifest,block_11_norm1,layer_norm,GPU,579006.0739200019,579028.2035200018
55,fixed_manifest,block_06_proj,linear_projection,GPU,579028.2035200018,579180.4476800018
56,fixed_manifest,block_04_qkv,linear_qkv,GPU,579180.4476800018,579623.180160002
54,fixed_manifest,block_08_residual1,residual_add,GPU,579623.180160002,579641.5273600019
53,fixed_manifest,block_11_qkv,linear_qkv,GPU,579641.5273600019,580084.259840002
55,fixed_manifest,block_06_residual1,residual_add,GPU,580084.259840002,580102.607040002
57,fixed_manifest,block_01_residual2,residual_add,GPU,580102.607040002,580120.9542400021
56,fixed_manifest,block_04_attention,self_attention,GPU,580120.9542400021,580276.9808000021
54,fixed_manifest,block_08_norm2,layer_norm,GPU,580276.9808000021,580299.1104000021
58,fixed_manifest,patch_embedding,patch_embedding,GPU,580299.1104000021,580450.6172800021
53,fixed_manifest,block_11_attention,self_attention,GPU,580450.6172800021,580606.6438400021
54,fixed_manifest,block_08_ffn_island,fused_ffn_island,FPGA,580457.8752000022,580790.6227200023
55,fixed_manifest,block_06_norm2,layer_norm,GPU,580606.6438400021,580628.7734400022
57,fixed_manifest,block_02_norm1,layer_norm,GPU,580628.7734400022,580650.9030400022
56,fixed_manifest,block_04_proj,linear_projection,GPU,580650.9030400022,580803.1472000022
58,fixed_manifest,token_embedding,token_and_position_embedding,GPU,580803.1472000022,580821.4944000023
53,fixed_manifest,block_11_proj,linear_projection,GPU,580821.4944000023,580973.7385600023
57,fixed_manifest,block_02_qkv,linear_qkv,GPU,580973.7385600023,581416.4710400024
55,fixed_manifest,block_06_ffn_island,fused_ffn_island,FPGA,581014.1987200023,581346.9462400023
56,fixed_manifest,block_04_residual1,residual_add,GPU,581416.4710400024,581434.8182400024
58,fixed_manifest,block_00_norm1,layer_norm,GPU,581434.8182400024,581456.9478400025
53,fixed_manifest,block_11_residual1,residual_add,GPU,581456.9478400025,581475.2950400026
54,fixed_manifest,block_08_residual2,residual_add,GPU,581475.2950400026,581493.6422400025
57,fixed_manifest,block_02_attention,self_attention,GPU,581493.6422400025,581649.6688000025
56,fixed_manifest,block_04_norm2,layer_norm,GPU,581649.6688000025,581671.7984000026
58,fixed_manifest,block_00_qkv,linear_qkv,GPU,581671.7984000026,582114.5308800027
56,fixed_manifest,block_04_ffn_island,fused_ffn_island,FPGA,581830.5632000027,582163.3107200027
53,fixed_manifest,block_11_norm2,layer_norm,GPU,582114.5308800027,582136.6604800026
54,fixed_manifest,block_09_norm1,layer_norm,GPU,582136.6604800026,582158.7900800027
55,fixed_manifest,block_06_residual2,residual_add,GPU,582158.7900800027,582177.1372800027
57,fixed_manifest,block_02_proj,linear_projection,GPU,582177.1372800027,582329.3814400028
58,fixed_manifest,block_00_attention,self_attention,GPU,582329.3814400028,582485.4080000028
53,fixed_manifest,block_11_ffn_island,fused_ffn_island,FPGA,582386.8867200027,582719.6342400027
54,fixed_manifest,block_09_qkv,linear_qkv,GPU,582485.4080000028,582928.1404800029
55,fixed_manifest,block_07_norm1,layer_norm,GPU,582928.1404800029,582950.2700800028
57,fixed_manifest,block_02_residual1,residual_add,GPU,582950.2700800028,582968.6172800029
56,fixed_manifest,block_04_residual2,residual_add,GPU,582968.6172800029,582986.964480003
58,fixed_manifest,block_00_proj,linear_projection,GPU,582986.964480003,583139.208640003
53,fixed_manifest,block_11_residual2,residual_add,GPU,583139.208640003,583157.5558400031
54,fixed_manifest,block_09_attention,self_attention,GPU,583157.5558400031,583313.5824000031
55,fixed_manifest,block_07_qkv,linear_qkv,GPU,583313.5824000031,583756.3148800031
57,fixed_manifest,block_02_norm2,layer_norm,GPU,583756.3148800031,583778.4444800032
56,fixed_manifest,block_05_norm1,layer_norm,GPU,583778.4444800032,583800.5740800032
58,fixed_manifest,block_00_residual1,residual_add,GPU,583800.5740800032,583818.9212800033
53,fixed_manifest,final_norm,layer_norm,GPU,583818.9212800033,583841.0508800033
54,fixed_manifest,block_09_proj,linear_projection,GPU,583841.0508800033,583993.2950400033
57,fixed_manifest,block_02_ffn_island,fused_ffn_island,FPGA,583937.2092800032,584269.9568000033
55,fixed_manifest,block_07_attention,self_attention,GPU,583993.2950400033,584149.3216000033
56,fixed_manifest,block_05_qkv,linear_qkv,GPU,584149.3216000033,584592.0540800034
58,fixed_manifest,block_00_norm2,layer_norm,GPU,584592.0540800034,584614.1836800034
53,fixed_manifest,class_token_select,class_token_select,GPU,584614.1836800034,584621.2220800035
54,fixed_manifest,block_09_residual1,residual_add,GPU,584621.2220800035,584639.5692800035
55,fixed_manifest,block_07_proj,linear_projection,GPU,584639.5692800035,584791.8134400035
58,fixed_manifest,block_00_ffn_island,fused_ffn_island,FPGA,584772.9484800035,585105.6960000035
57,fixed_manifest,block_02_residual2,residual_add,GPU,584791.8134400035,584810.1606400036
56,fixed_manifest,block_05_attention,self_attention,GPU,584810.1606400036,584966.1872000037
53,fixed_manifest,classifier,linear_classifier,GPU,584966.1872000037,584974.1472000036
54,fixed_manifest,block_09_norm2,layer_norm,GPU,584974.1472000036,584996.2768000036
55,fixed_manifest,block_07_residual1,residual_add,GPU,584996.2768000036,585014.6240000037
57,fixed_manifest,block_03_norm1,layer_norm,GPU,585014.6240000037,585036.7536000038
56,fixed_manifest,block_05_proj,linear_projection,GPU,585036.7536000038,585188.9977600038
55,fixed_manifest,block_07_norm2,layer_norm,GPU,585188.9977600038,585211.1273600038
57,fixed_manifest,block_03_qkv,linear_qkv,GPU,585211.1273600038,585653.8598400039
54,fixed_manifest,block_09_ffn_island,fused_ffn_island,FPGA,585329.2720000035,585662.0195200035
56,fixed_manifest,block_05_residual1,residual_add,GPU,585653.8598400039,585672.2070400039
58,fixed_manifest,block_00_residual2,residual_add,GPU,585672.2070400039,585690.5542400039
57,fixed_manifest,block_03_attention,self_attention,GPU,585690.5542400039,585846.580800004
56,fixed_manifest,block_05_norm2,layer_norm,GPU,585846.580800004,585868.7104000039
58,fixed_manifest,block_01_norm1,layer_norm,GPU,585868.7104000039,585890.840000004
55,fixed_manifest,block_07_ffn_island,fused_ffn_island,FPGA,585885.5955200035,586218.3430400036
57,fixed_manifest,block_03_proj,linear_projection,GPU,585890.840000004,586043.084160004
54,fixed_manifest,block_09_residual2,residual_add,GPU,586043.084160004,586061.4313600041
58,fixed_manifest,block_01_qkv,linear_qkv,GPU,586061.4313600041,586504.1638400041
56,fixed_manifest,block_05_ffn_island,fused_ffn_island,FPGA,586441.9190400036,586774.6665600035
57,fixed_manifest,block_03_residual1,residual_add,GPU,586504.1638400041,586522.5110400042
54,fixed_manifest,block_10_norm1,layer_norm,GPU,586522.5110400042,586544.6406400042
55,fixed_manifest,block_07_residual2,residual_add,GPU,586544.6406400042,586562.9878400043
58,fixed_manifest,block_01_attention,self_attention,GPU,586562.9878400043,586719.0144000043
57,fixed_manifest,block_03_norm2,layer_norm,GPU,586719.0144000043,586741.1440000043
54,fixed_manifest,block_10_qkv,linear_qkv,GPU,586741.1440000043,587183.8764800044
57,fixed_manifest,block_03_ffn_island,fused_ffn_island,FPGA,586998.2425600035,587330.9900800035
55,fixed_manifest,block_08_norm1,layer_norm,GPU,587183.8764800044,587206.0060800044
58,fixed_manifest,block_01_proj,linear_projection,GPU,587206.0060800044,587358.2502400044
56,fixed_manifest,block_05_residual2,residual_add,GPU,587358.2502400044,587376.5974400045
54,fixed_manifest,block_10_attention,self_attention,GPU,587376.5974400045,587532.6240000045
55,fixed_manifest,block_08_qkv,linear_qkv,GPU,587532.6240000045,587975.3564800045
58,fixed_manifest,block_01_residual1,residual_add,GPU,587975.3564800045,587993.7036800046
56,fixed_manifest,block_06_norm1,layer_norm,GPU,587993.7036800046,588015.8332800046
57,fixed_manifest,block_03_residual2,residual_add,GPU,588015.8332800046,588034.1804800046
54,fixed_manifest,block_10_proj,linear_projection,GPU,588034.1804800046,588186.4246400048
55,fixed_manifest,block_08_attention,self_attention,GPU,588186.4246400048,588342.4512000047
58,fixed_manifest,block_01_norm2,layer_norm,GPU,588342.4512000047,588364.5808000048
56,fixed_manifest,block_06_qkv,linear_qkv,GPU,588364.5808000048,588807.3132800048
58,fixed_manifest,block_01_ffn_island,fused_ffn_island,FPGA,588523.3456000049,588856.0931200049
57,fixed_manifest,block_04_norm1,layer_norm,GPU,588807.3132800048,588829.4428800049
54,fixed_manifest,block_10_residual1,residual_add,GPU,588829.4428800049,588847.7900800048
55,fixed_manifest,block_08_proj,linear_projection,GPU,588847.7900800048,589000.034240005
56,fixed_manifest,block_06_attention,self_attention,GPU,589000.034240005,589156.060800005
57,fixed_manifest,block_04_qkv,linear_qkv,GPU,589156.060800005,589598.793280005
54,fixed_manifest,block_10_norm2,layer_norm,GPU,589598.793280005,589620.922880005
55,fixed_manifest,block_08_residual1,residual_add,GPU,589620.922880005,589639.270080005
58,fixed_manifest,block_01_residual2,residual_add,GPU,589639.270080005,589657.6172800051
56,fixed_manifest,block_06_proj,linear_projection,GPU,589657.6172800051,589809.8614400051
54,fixed_manifest,block_10_ffn_island,fused_ffn_island,FPGA,589779.6876800051,590112.4352000051
57,fixed_manifest,block_04_attention,self_attention,GPU,589809.8614400051,589965.8880000052
55,fixed_manifest,block_08_norm2,layer_norm,GPU,589965.8880000052,589988.0176000051
58,fixed_manifest,block_02_norm1,layer_norm,GPU,589988.0176000051,590010.1472000052
56,fixed_manifest,block_06_residual1,residual_add,GPU,590010.1472000052,590028.4944000053
57,fixed_manifest,block_04_proj,linear_projection,GPU,590028.4944000053,590180.7385600053
59,fixed_manifest,patch_embedding,patch_embedding,GPU,590180.7385600053,590332.2454400053
58,fixed_manifest,block_02_qkv,linear_qkv,GPU,590332.2454400053,590774.9779200053
55,fixed_manifest,block_08_ffn_island,fused_ffn_island,FPGA,590336.0112000051,590668.7587200052
56,fixed_manifest,block_06_norm2,layer_norm,GPU,590774.9779200053,590797.1075200053
57,fixed_manifest,block_04_residual1,residual_add,GPU,590797.1075200053,590815.4547200054
59,fixed_manifest,token_embedding,token_and_position_embedding,GPU,590815.4547200054,590833.8019200055
54,fixed_manifest,block_10_residual2,residual_add,GPU,590833.8019200055,590852.1491200055
58,fixed_manifest,block_02_attention,self_attention,GPU,590852.1491200055,591008.1756800056
56,fixed_manifest,block_06_ffn_island,fused_ffn_island,FPGA,590978.2883200053,591311.0358400054
57,fixed_manifest,block_04_norm2,layer_norm,GPU,591008.1756800056,591030.3052800056
59,fixed_manifest,block_00_norm1,layer_norm,GPU,591030.3052800056,591052.4348800055
55,fixed_manifest,block_08_residual2,residual_add,GPU,591052.4348800055,591070.7820800056
54,fixed_manifest,block_11_norm1,layer_norm,GPU,591070.7820800056,591092.9116800056
58,fixed_manifest,block_02_proj,linear_projection,GPU,591092.9116800056,591245.1558400057
59,fixed_manifest,block_00_qkv,linear_qkv,GPU,591245.1558400057,591687.8883200057
57,fixed_manifest,block_04_ffn_island,fused_ffn_island,FPGA,591534.6118400054,591867.3593600054
55,fixed_manifest,block_09_norm1,layer_norm,GPU,591687.8883200057,591710.0179200057
54,fixed_manifest,block_11_qkv,linear_qkv,GPU,591710.0179200057,592152.7504000058
58,fixed_manifest,block_02_residual1,residual_add,GPU,592152.7504000058,592171.0976000058
56,fixed_manifest,block_06_residual2,residual_add,GPU,592171.0976000058,592189.4448000059
59,fixed_manifest,block_00_attention,self_attention,GPU,592189.4448000059,592345.4713600059
55,fixed_manifest,block_09_qkv,linear_qkv,GPU,592345.4713600059,592788.2038400059
57,fixed_manifest,block_04_residual2,residual_add,GPU,592788.2038400059,592806.551040006
54,fixed_manifest,block_11_attention,self_attention,GPU,592806.551040006,592962.577600006
58,fixed_manifest,block_02_norm2,layer_norm,GPU,592962.577600006,592984.7072000061
56,fixed_manifest,block_07_norm1,layer_norm,GPU,592984.7072000061,593006.8368000061
59,fixed_manifest,block_00_proj,linear_projection,GPU,593006.8368000061,593159.0809600061
58,fixed_manifest,block_02_ffn_island,fused_ffn_island,FPGA,593143.4720000061,593476.2195200062
55,fixed_manifest,block_09_attention,self_attention,GPU,593159.0809600061,593315.1075200061
57,fixed_manifest,block_05_norm1,layer_norm,GPU,593315.1075200061,593337.2371200062
54,fixed_manifest,block_11_proj,linear_projection,GPU,593337.2371200062,593489.4812800062
56,fixed_manifest,block_07_qkv,linear_qkv,GPU,593489.4812800062,593932.2137600062
59,fixed_manifest,block_00_residual1,residual_add,GPU,593932.2137600062,593950.5609600063
55,fixed_manifest,block_09_proj,linear_projection,GPU,593950.5609600063,594102.8051200063
57,fixed_manifest,block_05_qkv,linear_qkv,GPU,594102.8051200063,594545.5376000064
54,fixed_manifest,block_11_residual1,residual_add,GPU,594545.5376000064,594563.8848000064
58,fixed_manifest,block_02_residual2,residual_add,GPU,594563.8848000064,594582.2320000065
56,fixed_manifest,block_07_attention,self_attention,GPU,594582.2320000065,594738.2585600065
59,fixed_manifest,block_00_norm2,layer_norm,GPU,594738.2585600065,594760.3881600065
55,fixed_manifest,block_09_residual1,residual_add,GPU,594760.3881600065,594778.7353600066
57,fixed_manifest,block_05_attention,self_attention,GPU,594778.7353600066,594934.7619200066
59,fixed_manifest,block_00_ffn_island,fused_ffn_island,FPGA,594919.1529600066,595251.9004800066
54,fixed_manifest,block_11_norm2,layer_norm,GPU,594934.7619200066,594956.8915200066
58,fixed_manifest,block_03_norm1,layer_norm,GPU,594956.8915200066,594979.0211200067
56,fixed_manifest,block_07_proj,linear_projection,GPU,594979.0211200067,595131.2652800067
55,fixed_manifest,block_09_norm2,layer_norm,GPU,595131.2652800067,595153.3948800068
57,fixed_manifest,block_05_proj,linear_projection,GPU,595153.3948800068,595305.6390400068
58,fixed_manifest,block_03_qkv,linear_qkv,GPU,595305.6390400068,595748.3715200068
54,fixed_manifest,block_11_ffn_island,fused_ffn_island,FPGA,595475.4764800067,595808.2240000067
56,fixed_manifest,block_07_residual1,residual_add,GPU,595748.3715200068,595766.7187200069
57,fixed_manifest,block_05_residual1,residual_add,GPU,595766.7187200069,595785.065920007
59,fixed_manifest,block_00_residual2,residual_add,GPU,595785.065920007,595803.4131200069
58,fixed_manifest,block_03_attention,self_attention,GPU,595803.4131200069,595959.4396800069
56,fixed_manifest,block_07_norm2,layer_norm,GPU,595959.4396800069,595981.569280007
57,fixed_manifest,block_05_norm2,layer_norm,GPU,595981.569280007,596003.698880007
59,fixed_manifest,block_01_norm1,layer_norm,GPU,596003.698880007,596025.8284800071
58,fixed_manifest,block_03_proj,linear_projection,GPU,596025.8284800071,596178.0726400071
55,fixed_manifest,block_09_ffn_island,fused_ffn_island,FPGA,596031.8000000067,596364.5475200067
59,fixed_manifest,block_01_qkv,linear_qkv,GPU,596178.0726400071,596620.8051200071
56,fixed_manifest,block_07_ffn_island,fused_ffn_island,FPGA,596588.1235200067,596920.8710400066
54,fixed_manifest,block_11_residual2,residual_add,GPU,596620.8051200071,596639.1523200072
58,fixed_manifest,block_03_residual1,residual_add,GPU,596639.1523200072,596657.4995200073
55,fixed_manifest,block_09_residual2,residual_add,GPU,596657.4995200073,596675.8467200072
59,fixed_manifest,block_01_attention,self_attention,GPU,596675.8467200072,596831.8732800073
54,fixed_manifest,final_norm,layer_norm,GPU,596831.8732800073,596854.0028800074
58,fixed_manifest,block_03_norm2,layer_norm,GPU,596854.0028800074,596876.1324800074
55,fixed_manifest,block_10_norm1,layer_norm,GPU,596876.1324800074,596898.2620800073
59,fixed_manifest,block_01_proj,linear_projection,GPU,596898.2620800073,597050.5062400075
54,fixed_manifest,class_token_select,class_token_select,GPU,597050.5062400075,597057.5446400075
55,fixed_manifest,block_10_qkv,linear_qkv,GPU,597057.5446400075,597500.2771200076
57,fixed_manifest,block_05_ffn_island,fused_ffn_island,FPGA,597144.4470400066,597477.1945600067
59,fixed_manifest,block_01_residual1,residual_add,GPU,597500.2771200076,597518.6243200076
54,fixed_manifest,classifier,linear_classifier,GPU,597518.6243200076,597526.5843200076
56,fixed_manifest,block_07_residual2,residual_add,GPU,597526.5843200076,597544.9315200077
55,fixed_manifest,block_10_attention,self_attention,GPU,597544.9315200077,597700.9580800077
58,fixed_manifest,block_03_ffn_island,fused_ffn_island,FPGA,597700.7705600067,598033.5180800067
59,fixed_manifest,block_01_norm2,layer_norm,GPU,597700.9580800077,597723.0876800077
56,fixed_manifest,block_08_norm1,layer_norm,GPU,597723.0876800077,597745.2172800078
57,fixed_manifest,block_05_residual2,residual_add,GPU,597745.2172800078,597763.5644800077
55,fixed_manifest,block_10_proj,linear_projection,GPU,597763.5644800077,597915.8086400079
56,fixed_manifest,block_08_qkv,linear_qkv,GPU,597915.8086400079,598358.5411200079
59,fixed_manifest,block_01_ffn_island,fused_ffn_island,FPGA,598257.0940800067,598589.8416000067
57,fixed_manifest,block_06_norm1,layer_norm,GPU,598358.5411200079,598380.6707200079
55,fixed_manifest,block_10_residual1,residual_add,GPU,598380.6707200079,598399.0179200079
58,fixed_manifest,block_03_residual2,residual_add,GPU,598399.0179200079,598417.365120008
56,fixed_manifest,block_08_attention,self_attention,GPU,598417.365120008,598573.391680008
57,fixed_manifest,block_06_qkv,linear_qkv,GPU,598573.391680008,599016.124160008
55,fixed_manifest,block_10_norm2,layer_norm,GPU,599016.124160008,599038.253760008
58,fixed_manifest,block_04_norm1,layer_norm,GPU,599038.253760008,599060.3833600081
56,fixed_manifest,block_08_proj,linear_projection,GPU,599060.3833600081,599212.6275200081
55,fixed_manifest,block_10_ffn_island,fused_ffn_island,FPGA,599197.0185600081,599529.7660800082
59,fixed_manifest,block_01_residual2,residual_add,GPU,599212.6275200081,599230.9747200082
57,fixed_manifest,block_06_attention,self_attention,GPU,599230.9747200082,599387.0012800082
58,fixed_manifest,block_04_qkv,linear_qkv,GPU,599387.0012800082,599829.7337600082
56,fixed_manifest,block_08_residual1,residual_add,GPU,599829.7337600082,599848.0809600083
59,fixed_manifest,block_02_norm1,layer_norm,GPU,599848.0809600083,599870.2105600083
57,fixed_manifest,block_06_proj,linear_projection,GPU,599870.2105600083,600022.4547200084
55,fixed_manifest,block_10_residual2,residual_add,GPU,600022.4547200084,600040.8019200084
58,fixed_manifest,block_04_attention,self_attention,GPU,600040.8019200084,600196.8284800084
56,fixed_manifest,block_08_norm2,layer_norm,GPU,600196.8284800084,600218.9580800085
59,fixed_manifest,block_02_qkv,linear_qkv,GPU,600218.9580800085,600661.6905600085
56,fixed_manifest,block_08_ffn_island,fused_ffn_island,FPGA,600377.7228800085,600710.4704000086
60,fixed_manifest,patch_embedding,patch_embedding,GPU,600661.6905600085,600813.1974400085
57,fixed_manifest,block_06_residual1,residual_add,GPU,600813.1974400085,600831.5446400086
55,fixed_manifest,block_11_norm1,layer_norm,GPU,600831.5446400086,600853.6742400086
58,fixed_manifest,block_04_proj,linear_projection,GPU,600853.6742400086,601005.9184000086
59,fixed_manifest,block_02_attention,self_attention,GPU,601005.9184000086,601161.9449600086
60,fixed_manifest,token_embedding,token_and_position_embedding,GPU,601161.9449600086,601180.2921600087
57,fixed_manifest,block_06_norm2,layer_norm,GPU,601180.2921600087,601202.4217600087
55,fixed_manifest,block_11_qkv,linear_qkv,GPU,601202.4217600087,601645.1542400088
57,fixed_manifest,block_06_ffn_island,fused_ffn_island,FPGA,601361.1865600088,601693.9340800088
56,fixed_manifest,block_08_residual2,residual_add,GPU,601645.1542400088,601663.5014400088
58,fixed_manifest,block_04_residual1,residual_add,GPU,601663.5014400088,601681.8486400088
59,fixed_manifest,block_02_proj,linear_projection,GPU,601681.8486400088,601834.0928000088
60,fixed_manifest,block_00_norm1,layer_norm,GPU,601834.0928000088,601856.2224000089
55,fixed_manifest,block_11_attention,self_attention,GPU,601856.2224000089,602012.248960009
56,fixed_manifest,block_09_norm1,layer_norm,GPU,602012.248960009,602034.378560009
58,fixed_manifest,block_04_norm2,layer_norm,GPU,602034.378560009,602056.508160009
59,fixed_manifest,block_02_residual1,residual_add,GPU,602056.508160009,602074.855360009
57,fixed_manifest,block_06_residual2,residual_add,GPU,602074.855360009,602093.2025600091
60,fixed_manifest,block_00_qkv,linear_qkv,GPU,602093.2025600091,602535.9350400091
58,fixed_manifest,block_04_ffn_island,fused_ffn_island,FPGA,602215.272960009,602548.0204800091
55,fixed_manifest,block_11_proj,linear_projection,GPU,602535.9350400091,602688.1792000092
56,fixed_manifest,block_09_qkv,linear_qkv,GPU,602688.1792000092,603130.9116800092
59,fixed_manifest,block_02_norm2,layer_norm,GPU,603130.9116800092,603153.0412800092
57,fixed_manifest,block_07_norm1,layer_norm,GPU,603153.0412800092,603175.1708800093
60,fixed_manifest,block_00_attention,self_attention,GPU,603175.1708800093,603331.1974400093
59,fixed_manifest,block_02_ffn_island,fused_ffn_island,FPGA,603311.8060800093,603644.5536000093
55,fixed_manifest,block_11_residual1,residual_add,GPU,603331.1974400093,603349.5446400093
58,fixed_manifest,block_04_residual2,residual_add,GPU,603349.5446400093,603367.8918400094
56,fixed_manifest,block_09_attention,self_attention,GPU,603367.8918400094,603523.9184000094
57,fixed_manifest,block_07_qkv,linear_qkv,GPU,603523.9184000094,603966.6508800094
60,fixed_manifest,block_00_proj,linear_projection,GPU,603966.6508800094,604118.8950400095
55,fixed_manifest,block_11_norm2,layer_norm,GPU,604118.8950400095,604141.0246400095
58,fixed_manifest,block_05_norm1,layer_norm,GPU,604141.0246400095,604163.1542400095
56,fixed_manifest,block_09_proj,linear_projection,GPU,604163.1542400095,604315.3984000096
55,fixed_manifest,block_11_ffn_island,fused_ffn_island,FPGA,604299.7894400096,604632.5369600096
59,fixed_manifest,block_02_residual2,residual_add,GPU,604315.3984000096,604333.7456000097
57,fixed_manifest,block_07_attention,self_attention,GPU,604333.7456000097,604489.7721600096
60,fixed_manifest,block_00_residual1,residual_add,GPU,604489.7721600096,604508.1193600097
58,fixed_manifest,block_05_qkv,linear_qkv,GPU,604508.1193600097,604950.8518400098
56,fixed_manifest,block_09_residual1,residual_add,GPU,604950.8518400098,604969.1990400098
59,fixed_manifest,block_03_norm1,layer_norm,GPU,604969.1990400098,604991.3286400099
57,fixed_manifest,block_07_proj,linear_projection,GPU,604991.3286400099,605143.5728000099
60,fixed_manifest,block_00_norm2,layer_norm,GPU,605143.5728000099,605165.7024000098
55,fixed_manifest,block_11_residual2,residual_add,GPU,605165.7024000098,605184.0496000099
58,fixed_manifest,block_05_attention,self_attention,GPU,605184.0496000099,605340.07616001
60,fixed_manifest,block_00_ffn_island,fused_ffn_island,FPGA,605324.46720001,605657.21472001
56,fixed_manifest,block_09_norm2,layer_norm,GPU,605340.07616001,605362.2057600099
59,fixed_manifest,block_03_qkv,linear_qkv,GPU,605362.2057600099,605804.9382400101
57,fixed_manifest,block_07_residual1,residual_add,GPU,605804.9382400101,605823.28544001
55,fixed_manifest,final_norm,layer_norm,GPU,605823.28544001,605845.4150400101
58,fixed_manifest,block_05_proj,linear_projection,GPU,605845.4150400101,605997.6592000101
56,fixed_manifest,block_09_ffn_island,fused_ffn_island,FPGA,605880.79072001,606213.53824001
59,fixed_manifest,block_03_attention,self_attention,GPU,605997.6592000101,606153.6857600102
57,fixed_manifest,block_07_norm2,layer_norm,GPU,606153.6857600102,606175.8153600103
55,fixed_manifest,class_token_select,class_token_select,GPU,606175.8153600103,606182.8537600102
60,fixed_manifest,block_00_residual2,residual_add,GPU,606182.8537600102,606201.2009600103
58,fixed_manifest,block_05_residual1,residual_add,GPU,606201.2009600103,606219.5481600104
59,fixed_manifest,block_03_proj,linear_projection,GPU,606219.5481600104,606371.7923200104
55,fixed_manifest,classifier,linear_classifier,GPU,606371.7923200104,606379.7523200104
60,fixed_manifest,block_01_norm1,layer_norm,GPU,606379.7523200104,606401.8819200104
58,fixed_manifest,block_05_norm2,layer_norm,GPU,606401.8819200104,606424.0115200104
59,fixed_manifest,block_03_residual1,residual_add,GPU,606424.0115200104,606442.3587200105
57,fixed_manifest,block_07_ffn_island,fused_ffn_island,FPGA,606437.11424001,606769.86176001
60,fixed_manifest,block_01_qkv,linear_qkv,GPU,606442.3587200105,606885.0912000105
56,fixed_manifest,block_09_residual2,residual_add,GPU,606885.0912000105,606903.4384000106
59,fixed_manifest,block_03_norm2,layer_norm,GPU,606903.4384000106,606925.5680000107
60,fixed_manifest,block_01_attention,self_attention,GPU,606925.5680000107,607081.5945600107
58,fixed_manifest,block_05_ffn_island,fused_ffn_island,FPGA,606993.43776001,607326.18528001
56,fixed_manifest,block_10_norm1,layer_norm,GPU,607081.5945600107,607103.7241600107
57,fixed_manifest,block_07_residual2,residual_add,GPU,607103.7241600107,607122.0713600108
60,fixed_manifest,block_01_proj,linear_projection,GPU,607122.0713600108,607274.3155200108
56,fixed_manifest,block_10_qkv,linear_qkv,GPU,607274.3155200108,607717.0480000108
59,fixed_manifest,block_03_ffn_island,fused_ffn_island,FPGA,607549.76128001,607882.5088000101
57,fixed_manifest,block_08_norm1,layer_norm,GPU,607717.0480000108,607739.1776000109
60,fixed_manifest,block_01_residual1,residual_add,GPU,607739.1776000109,607757.5248000108
58,fixed_manifest,block_05_residual2,residual_add,GPU,607757.5248000108,607775.8720000109
56,fixed_manifest,block_10_attention,self_attention,GPU,607775.8720000109,607931.898560011
57,fixed_manifest,block_08_qkv,linear_qkv,GPU,607931.898560011,608374.631040011
60,fixed_manifest,block_01_norm2,layer_norm,GPU,608374.631040011,608396.760640011
58,fixed_manifest,block_06_norm1,layer_norm,GPU,608396.760640011,608418.890240011
56,fixed_manifest,block_10_proj,linear_projection,GPU,608418.890240011,608571.134400011
60,fixed_manifest,block_01_ffn_island,fused_ffn_island,FPGA,608555.5254400112,608888.2729600111
59,fixed_manifest,block_03_residual2,residual_add,GPU,608571.134400011,608589.4816000111
57,fixed_manifest,block_08_attention,self_attention,GPU,608589.4816000111,608745.5081600111
58,fixed_manifest,block_06_qkv,linear_qkv,GPU,608745.5081600111,609188.2406400112
56,fixed_manifest,block_10_residual1,residual_add,GPU,609188.2406400112,609206.5878400112
59,fixed_manifest,block_04_norm1,layer_norm,GPU,609206.5878400112,609228.7174400113
57,fixed_manifest,block_08_proj,linear_projection,GPU,609228.7174400113,609380.9616000113
60,fixed_manifest,block_01_residual2,residual_add,GPU,609380.9616000113,609399.3088000114
58,fixed_manifest,block_06_attention,self_attention,GPU,609399.3088000114,609555.3353600114
56,fixed_manifest,block_10_norm2,layer_norm,GPU,609555.3353600114,609577.4649600114
59,fixed_manifest,block_04_qkv,linear_qkv,GPU,609577.4649600114,610020.1974400114
56,fixed_manifest,block_10_ffn_island,fused_ffn_island,FPGA,609736.2297600115,610068.9772800115
57,fixed_manifest,block_08_residual1,residual_add,GPU,610020.1974400114,610038.5446400115
60,fixed_manifest,block_02_norm1,layer_norm,GPU,610038.5446400115,610060.6742400115
58,fixed_manifest,block_06_proj,linear_projection,GPU,610060.6742400115,610212.9184000116
61,fixed_manifest,patch_embedding,patch_embedding,GPU,610212.9184000116,610364.4252800116
59,fixed_manifest,block_04_attention,self_attention,GPU,610364.4252800116,610520.4518400116
57,fixed_manifest,block_08_norm2,layer_norm,GPU,610520.4518400116,610542.5814400116
60,fixed_manifest,block_02_qkv,linear_qkv,GPU,610542.5814400116,610985.3139200116
57,fixed_manifest,block_08_ffn_island,fused_ffn_island,FPGA,610701.3462400117,611034.0937600117
58,fixed_manifest,block_06_residual1,residual_add,GPU,610985.3139200116,611003.6611200117
56,fixed_manifest,block_10_residual2,residual_add,GPU,611003.6611200117,611022.0083200118
61,fixed_manifest,token_embedding,token_and_position_embedding,GPU,611022.0083200118,611040.3555200117
59,fixed_manifest,block_04_proj,linear_projection,GPU,611040.3555200117,611192.5996800119
60,fixed_manifest,block_02_attention,self_attention,GPU,611192.5996800119,611348.6262400119
58,fixed_manifest,block_06_norm2,layer_norm,GPU,611348.6262400119,611370.7558400119
56,fixed_manifest,block_11_norm1,layer_norm,GPU,611370.7558400119,611392.8854400119
61,fixed_manifest,block_00_norm1,layer_norm,GPU,611392.8854400119,611415.015040012
59,fixed_manifest,block_04_residual1,residual_add,GPU,611415.015040012,611433.362240012
57,fixed_manifest,block_08_residual2,residual_add,GPU,611433.362240012,611451.709440012
60,fixed_manifest,block_02_proj,linear_projection,GPU,611451.709440012,611603.9536000121
58,fixed_manifest,block_06_ffn_island,fused_ffn_island,FPGA,611529.520640012,611862.268160012
56,fixed_manifest,block_11_qkv,linear_qkv,GPU,611603.9536000121,612046.6860800121
61,fixed_manifest,block_00_qkv,linear_qkv,GPU,612046.6860800121,612489.4185600121
59,fixed_manifest,block_04_norm2,layer_norm,GPU,612489.4185600121,612511.5481600122
57,fixed_manifest,block_09_norm1,layer_norm,GPU,612511.5481600122,612533.6777600122
60,fixed_manifest,block_02_residual1,residual_add,GPU,612533.6777600122,612552.0249600123
58,fixed_manifest,block_06_residual2,residual_add,GPU,612552.0249600123,612570.3721600124
56,fixed_manifest,block_11_attention,self_attention,GPU,612570.3721600124,612726.3987200123
59,fixed_manifest,block_04_ffn_island,fused_ffn_island,FPGA,612670.3129600122,613003.0604800123
61,fixed_manifest,block_00_attention,self_attention,GPU,612726.3987200123,612882.4252800123
57,fixed_manifest,block_09_qkv,linear_qkv,GPU,612882.4252800123,613325.1577600124
60,fixed_manifest,block_02_norm2,layer_norm,GPU,613325.1577600124,613347.2873600124
58,fixed_manifest,block_07_norm1,layer_norm,GPU,613347.2873600124,613369.4169600125
56,fixed_manifest,block_11_proj,linear_projection,GPU,613369.4169600125,613521.6611200125
60,fixed_manifest,block_02_ffn_island,fused_ffn_island,FPGA,613506.0521600125,613838.7996800125
61,fixed_manifest,block_00_proj,linear_projection,GPU,613521.6611200125,613673.9052800125
59,fixed_manifest,block_04_residual2,residual_add,GPU,613673.9052800125,613692.2524800126
57,fixed_manifest,block_09_attention,self_attention,GPU,613692.2524800126,613848.2790400126
58,fixed_manifest,block_07_qkv,linear_qkv,GPU,613848.2790400126,614291.0115200126
56,fixed_manifest,block_11_residual1,residual_add,GPU,614291.0115200126,614309.3587200127
61,fixed_manifest,block_00_residual1,residual_add,GPU,614309.3587200127,614327.7059200128
59,fixed_manifest,block_05_norm1,layer_norm,GPU,614327.7059200128,614349.8355200128
57,fixed_manifest,block_09_proj,linear_projection,GPU,614349.8355200128,614502.0796800128
60,fixed_manifest,block_02_residual2,residual_add,GPU,614502.0796800128,614520.4268800128
58,fixed_manifest,block_07_attention,self_attention,GPU,614520.4268800128,614676.4534400129
56,fixed_manifest,block_11_norm2,layer_norm,GPU,614676.4534400129,614698.5830400129
61,fixed_manifest,block_00_norm2,layer_norm,GPU,614698.5830400129,614720.712640013
59,fixed_manifest,block_05_qkv,linear_qkv,GPU,614720.712640013,615163.445120013
56,fixed_manifest,block_11_ffn_island,fused_ffn_island,FPGA,614857.347840013,615190.095360013
57,fixed_manifest,block_09_residual1,residual_add,GPU,615163.445120013,615181.792320013
60,fixed_manifest,block_03_norm1,layer_norm,GPU,615181.792320013,615203.921920013
58,fixed_manifest,block_07_proj,linear_projection,GPU,615203.921920013,615356.166080013
59,fixed_manifest,block_05_attention,self_attention,GPU,615356.166080013,615512.1926400131
61,fixed_manifest,block_00_ffn_island,fused_ffn_island,FPGA,615413.671360013,615746.418880013
57,fixed_manifest,block_09_norm2,layer_norm,GPU,615512.1926400131,615534.3222400132
60,fixed_manifest,block_03_qkv,linear_qkv,GPU,615534.3222400132,615977.0547200132
57,fixed_manifest,block_09_ffn_island,fused_ffn_island,FPGA,615969.994880013,616302.742400013
58,fixed_manifest,block_07_residual1,residual_add,GPU,615977.0547200132,615995.4019200132
56,fixed_manifest,block_11_residual2,residual_add,GPU,615995.4019200132,616013.7491200133
59,fixed_manifest,block_05_proj,linear_projection,GPU,616013.7491200133,616165.9932800133
61,fixed_manifest,block_00_residual2,residual_add,GPU,616165.9932800133,616184.3404800134
60,fixed_manifest,block_03_attention,self_attention,GPU,616184.3404800134,616340.3670400134
58,fixed_manifest,block_07_norm2,layer_norm,GPU,616340.3670400134,616362.4966400134
56,fixed_manifest,final_norm,layer_norm,GPU,616362.4966400134,616384.6262400134
59,fixed_manifest,block_05_residual1,residual_add,GPU,616384.6262400134,616402.9734400135
61,fixed_manifest,block_01_norm1,layer_norm,GPU,616402.9734400135,616425.1030400136
60,fixed_manifest,block_03_proj,linear_projection,GPU,616425.1030400136,616577.3472000136
58,fixed_manifest,block_07_ffn_island,fused_ffn_island,FPGA,616526.318400013,616859.065920013
56,fixed_manifest,class_token_select,class_token_select,GPU,616577.3472000136,616584.3856000137
59,fixed_manifest,block_05_norm2,layer_norm,GPU,616584.3856000137,616606.5152000136
61,fixed_manifest,block_01_qkv,linear_qkv,GPU,616606.5152000136,617049.2476800137
57,fixed_manifest,block_09_residual2,residual_add,GPU,617049.2476800137,617067.5948800137
60,fixed_manifest,block_03_residual1,residual_add,GPU,617067.5948800137,617085.9420800138
59,fixed_manifest,block_05_ffn_island,fused_ffn_island,FPGA,617082.641920013,617415.3894400131
56,fixed_manifest,classifier,linear_classifier,GPU,617085.9420800138,617093.9020800138
61,fixed_manifest,block_01_attention,self_attention,GPU,617093.9020800138,617249.9286400138
57,fixed_manifest,block_10_norm1,layer_norm,GPU,617249.9286400138,617272.0582400139
58,fixed_manifest,block_07_residual2,residual_add,GPU,617272.0582400139,617290.4054400139
60,fixed_manifest,block_03_norm2,layer_norm,GPU,617290.4054400139,617312.535040014
61,fixed_manifest,block_01_proj,linear_projection,GPU,617312.535040014,617464.779200014
57,fixed_manifest,block_10_qkv,linear_qkv,GPU,617464.779200014,617907.511680014
60,fixed_manifest,block_03_ffn_island,fused_ffn_island,FPGA,617638.9654400131,617971.7129600131
58,fixed_manifest,block_08_norm1,layer_norm,GPU,617907.511680014,617929.6412800141
61,fixed_manifest,block_01_residual1,residual_add,GPU,617929.6412800141,617947.9884800141
59,fixed_manifest,block_05_residual2,residual_add,GPU,617947.9884800141,617966.3356800141
57,fixed_manifest,block_10_attention,self_attention,GPU,617966.3356800141,618122.3622400141
58,fixed_manifest,block_08_qkv,linear_qkv,GPU,618122.3622400141,618565.0947200143
61,fixed_manifest,block_01_norm2,layer_norm,GPU,618565.0947200143,618587.2243200142
59,fixed_manifest,block_06_norm1,layer_norm,GPU,618587.2243200142,618609.3539200142
57,fixed_manifest,block_10_proj,linear_projection,GPU,618609.3539200142,618761.5980800143
61,fixed_manifest,block_01_ffn_island,fused_ffn_island,FPGA,618745.9891200144,619078.7366400143
60,fixed_manifest,block_03_residual2,residual_add,GPU,618761.5980800143,618779.9452800143
58,fixed_manifest,block_08_attention,self_attention,GPU,618779.9452800143,618935.9718400143
59,fixed_manifest,block_06_qkv,linear_qkv,GPU,618935.9718400143,619378.7043200145
57,fixed_manifest,block_10_residual1,residual_add,GPU,619378.7043200145,619397.0515200144
60,fixed_manifest,block_04_norm1,layer_norm,GPU,619397.0515200144,619419.1811200145
58,fixed_manifest,block_08_proj,linear_projection,GPU,619419.1811200145,619571.4252800145
61,fixed_manifest,block_01_residual2,residual_add,GPU,619571.4252800145,619589.7724800146
59,fixed_manifest,block_06_attention,self_attention,GPU,619589.7724800146,619745.7990400146
57,fixed_manifest,block_10_norm2,layer_norm,GPU,619745.7990400146,619767.9286400146
60,fixed_manifest,block_04_qkv,linear_qkv,GPU,619767.9286400146,620210.6611200146
57,fixed_manifest,block_10_ffn_island,fused_ffn_island,FPGA,619926.6934400147,620259.4409600147
58,fixed_manifest,block_08_residual1,residual_add,GPU,620210.6611200146,620229.0083200147
61,fixed_manifest,block_02_norm1,layer_norm,GPU,620229.0083200147,620251.1379200148
59,fixed_manifest,block_06_proj,linear_projection,GPU,620251.1379200148,620403.3820800148
62,fixed_manifest,patch_embedding,patch_embedding,GPU,620403.3820800148,620554.8889600148
60,fixed_manifest,block_04_attention,self_attention,GPU,620554.8889600148,620710.9155200148
58,fixed_manifest,block_08_norm2,layer_norm,GPU,620710.9155200148,620733.0451200148
61,fixed_manifest,block_02_qkv,linear_qkv,GPU,620733.0451200148,621175.7776000148
58,fixed_manifest,block_08_ffn_island,fused_ffn_island,FPGA,620891.8099200149,621224.5574400149
59,fixed_manifest,block_06_residual1,residual_add,GPU,621175.7776000148,621194.1248000149
57,fixed_manifest,block_10_residual2,residual_add,GPU,621194.1248000149,621212.472000015
62,fixed_manifest,token_embedding,token_and_position_embedding,GPU,621212.472000015,621230.819200015
60,fixed_manifest,block_04_proj,linear_projection,GPU,621230.819200015,621383.063360015
61,fixed_manifest,block_02_attention,self_attention,GPU,621383.063360015,621539.0899200151
59,fixed_manifest,block_06_norm2,layer_norm,GPU,621539.0899200151,621561.2195200151
57,fixed_manifest,block_11_norm1,layer_norm,GPU,621561.2195200151,621583.3491200152
62,fixed_manifest,block_00_norm1,layer_norm,GPU,621583.3491200152,621605.4787200151
60,fixed_manifest,block_04_residual1,residual_add,GPU,621605.4787200151,621623.8259200152
58,fixed_manifest,block_08_residual2,residual_add,GPU,621623.8259200152,621642.1731200152
61,fixed_manifest,block_02_proj,linear_projection,GPU,621642.1731200152,621794.4172800153
59,fixed_manifest,block_06_ffn_island,fused_ffn_island,FPGA,621719.9843200152,622052.7318400152
57,fixed_manifest,block_11_qkv,linear_qkv,GPU,621794.4172800153,622237.1497600153
62,fixed_manifest,block_00_qkv,linear_qkv,GPU,622237.1497600153,622679.8822400153
60,fixed_manifest,block_04_norm2,layer_norm,GPU,622679.8822400153,622702.0118400154
58,fixed_manifest,block_09_norm1,layer_norm,GPU,622702.0118400154,622724.1414400154
61,fixed_manifest,block_02_residual1,residual_add,GPU,622724.1414400154,622742.4886400155
59,fixed_manifest,block_06_residual2,residual_add,GPU,622742.4886400155,622760.8358400156
57,fixed_manifest,block_11_attention,self_attention,GPU,622760.8358400156,622916.8624000156
60,fixed_manifest,block_04_ffn_island,fused_ffn_island,FPGA,622860.7766400155,623193.5241600155
62,fixed_manifest,block_00_attention,self_attention,GPU,622916.8624000156,623072.8889600156
58,fixed_manifest,block_09_qkv,linear_qkv,GPU,623072.8889600156,623515.6214400156
61,fixed_manifest,block_02_norm2,layer_norm,GPU,623515.6214400156,623537.7510400156
59,fixed_manifest,block_07_norm1,layer_norm,GPU,623537.7510400156,623559.8806400157
57,fixed_manifest,block_11_proj,linear_projection,GPU,623559.8806400157,623712.1248000157
61,fixed_manifest,block_02_ffn_island,fused_ffn_island,FPGA,623696.5158400157,624029.2633600157
62,fixed_manifest,block_00_proj,linear_projection,GPU,623712.1248000157,623864.3689600157
60,fixed_manifest,block_04_residual2,residual_add,GPU,623864.3689600157,623882.7161600158
58,fixed_manifest,block_09_attention,self_attention,GPU,623882.7161600158,624038.7427200158
59,fixed_manifest,block_07_qkv,linear_qkv,GPU,624038.7427200158,624481.4752000158
57,fixed_manifest,block_11_residual1,residual_add,GPU,624481.4752000158,624499.8224000159
62,fixed_manifest,block_00_residual1,residual_add,GPU,624499.8224000159,624518.169600016
60,fixed_manifest,block_05_norm1,layer_norm,GPU,624518.169600016,624540.299200016
58,fixed_manifest,block_09_proj,linear_projection,GPU,624540.299200016,624692.543360016
61,fixed_manifest,block_02_residual2,residual_add,GPU,624692.543360016,624710.890560016
59,fixed_manifest,block_07_attention,self_attention,GPU,624710.890560016,624866.9171200161
57,fixed_manifest,block_11_norm2,layer_norm,GPU,624866.9171200161,624889.046720016
62,fixed_manifest,block_00_norm2,layer_norm,GPU,624889.046720016,624911.1763200162
60,fixed_manifest,block_05_qkv,linear_qkv,GPU,624911.1763200162,625353.9088000162
57,fixed_manifest,block_11_ffn_island,fused_ffn_island,FPGA,625047.8115200162,625380.5590400163
58,fixed_manifest,block_09_residual1,residual_add,GPU,625353.9088000162,625372.2560000162
61,fixed_manifest,block_03_norm1,layer_norm,GPU,625372.2560000162,625394.3856000162
59,fixed_manifest,block_07_proj,linear_projection,GPU,625394.3856000162,625546.6297600163
60,fixed_manifest,block_05_attention,self_attention,GPU,625546.6297600163,625702.6563200164
62,fixed_manifest,block_00_ffn_island,fused_ffn_island,FPGA,625604.1350400163,625936.8825600162
58,fixed_manifest,block_09_norm2,layer_norm,GPU,625702.6563200164,625724.7859200164
61,fixed_manifest,block_03_qkv,linear_qkv,GPU,625724.7859200164,626167.5184000164
58,fixed_manifest,block_09_ffn_island,fused_ffn_island,FPGA,626160.4585600162,626493.2060800162
59,fixed_manifest,block_07_residual1,residual_add,GPU,626167.5184000164,626185.8656000164
57,fixed_manifest,block_11_residual2,residual_add,GPU,626185.8656000164,626204.2128000165
60,fixed_manifest,block_05_proj,linear_projection,GPU,626204.2128000165,626356.4569600165
62,fixed_manifest,block_00_residual2,residual_add,GPU,626356.4569600165,626374.8041600166
61,fixed_manifest,block_03_attention,self_attention,GPU,626374.8041600166,626530.8307200166
59,fixed_manifest,block_07_norm2,layer_norm,GPU,626530.8307200166,626552.9603200166
57,fixed_manifest,final_norm,layer_norm,GPU,626552.9603200166,626575.0899200167
60,fixed_manifest,block_05_residual1,residual_add,GPU,626575.0899200167,626593.4371200167
62,fixed_manifest,block_01_norm1,layer_norm,GPU,626593.4371200167,626615.5667200168
61,fixed_manifest,block_03_proj,linear_projection,GPU,626615.5667200168,626767.8108800168
59,fixed_manifest,block_07_ffn_island,fused_ffn_island,FPGA,626716.7820800162,627049.5296000163
57,fixed_manifest,class_token_select,class_token_select,GPU,626767.8108800168,626774.8492800168
60,fixed_manifest,block_05_norm2,layer_norm,GPU,626774.8492800168,626796.9788800168
62,fixed_manifest,block_01_qkv,linear_qkv,GPU,626796.9788800168,627239.7113600168
58,fixed_manifest,block_09_residual2,residual_add,GPU,627239.7113600168,627258.0585600169
61,fixed_manifest,block_03_residual1,residual_add,GPU,627258.0585600169,627276.405760017
60,fixed_manifest,block_05_ffn_island,fused_ffn_island,FPGA,627273.1056000163,627605.8531200163
57,fixed_manifest,classifier,linear_classifier,GPU,627276.405760017,627284.365760017
62,fixed_manifest,block_01_attention,self_attention,GPU,627284.365760017,627440.392320017
58,fixed_manifest,block_10_norm1,layer_norm,GPU,627440.392320017,627462.5219200171
59,fixed_manifest,block_07_residual2,residual_add,GPU,627462.5219200171,627480.8691200172
61,fixed_manifest,block_03_norm2,layer_norm,GPU,627480.8691200172,627502.9987200171
62,fixed_manifest,block_01_proj,linear_projection,GPU,627502.9987200171,627655.2428800171
58,fixed_manifest,block_10_qkv,linear_qkv,GPU,627655.2428800171,628097.9753600173
61,fixed_manifest,block_03_ffn_island,fused_ffn_island,FPGA,627829.4291200163,628162.1766400163
59,fixed_manifest,block_08_norm1,layer_norm,GPU,628097.9753600173,628120.1049600173
62,fixed_manifest,block_01_residual1,residual_add,GPU,628120.1049600173,628138.4521600173
60,fixed_manifest,block_05_residual2,residual_add,GPU,628138.4521600173,628156.7993600173
58,fixed_manifest,block_10_attention,self_attention,GPU,628156.7993600173,628312.8259200173
59,fixed_manifest,block_08_qkv,linear_qkv,GPU,628312.8259200173,628755.5584000174
62,fixed_manifest,block_01_norm2,layer_norm,GPU,628755.5584000174,628777.6880000174
60,fixed_manifest,block_06_norm1,layer_norm,GPU,628777.6880000174,628799.8176000174
58,fixed_manifest,block_10_proj,linear_projection,GPU,628799.8176000174,628952.0617600175
62,fixed_manifest,block_01_ffn_island,fused_ffn_island,FPGA,628936.4528000175,629269.2003200175
61,fixed_manifest,block_03_residual2,residual_add,GPU,628952.0617600175,628970.4089600175
59,fixed_manifest,block_08_attention,self_attention,GPU,628970.4089600175,629126.4355200175
60,fixed_manifest,block_06_qkv,linear_qkv,GPU,629126.4355200175,629569.1680000176
58,fixed_manifest,block_10_residual1,residual_add,GPU,629569.1680000176,629587.5152000176
61,fixed_manifest,block_04_norm1,layer_norm,GPU,629587.5152000176,629609.6448000177
59,fixed_manifest,block_08_proj,linear_projection,GPU,629609.6448000177,629761.8889600177
62,fixed_manifest,block_01_residual2,residual_add,GPU,629761.8889600177,629780.2361600178
60,fixed_manifest,block_06_attention,self_attention,GPU,629780.2361600178,629936.2627200178
58,fixed_manifest,block_10_norm2,layer_norm,GPU,629936.2627200178,629958.3923200178
61,fixed_manifest,block_04_qkv,linear_qkv,GPU,629958.3923200178,630401.1248000179
58,fixed_manifest,block_10_ffn_island,fused_ffn_island,FPGA,630117.1571200179,630449.9046400179
59,fixed_manifest,block_08_residual1,residual_add,GPU,630401.1248000179,630419.4720000179
62,fixed_manifest,block_02_norm1,layer_norm,GPU,630419.4720000179,630441.601600018
60,fixed_manifest,block_06_proj,linear_projection,GPU,630441.601600018,630593.845760018
63,fixed_manifest,patch_embedding,patch_embedding,GPU,630593.845760018,630745.352640018
61,fixed_manifest,block_04_attention,self_attention,GPU,630745.352640018,630901.379200018
59,fixed_manifest,block_08_norm2,layer_norm,GPU,630901.379200018,630923.508800018
62,fixed_manifest,block_02_qkv,linear_qkv,GPU,630923.508800018,631366.241280018
59,fixed_manifest,block_08_ffn_island,fused_ffn_island,FPGA,631082.2736000181,631415.0211200181
60,fixed_manifest,block_06_residual1,residual_add,GPU,631366.241280018,631384.5884800181
58,fixed_manifest,block_10_residual2,residual_add,GPU,631384.5884800181,631402.9356800182
63,fixed_manifest,token_embedding,token_and_position_embedding,GPU,631402.9356800182,631421.2828800182
61,fixed_manifest,block_04_proj,linear_projection,GPU,631421.2828800182,631573.5270400182
62,fixed_manifest,block_02_attention,self_attention,GPU,631573.5270400182,631729.5536000183
60,fixed_manifest,block_06_norm2,layer_norm,GPU,631729.5536000183,631751.6832000182
58,fixed_manifest,block_11_norm1,layer_norm,GPU,631751.6832000182,631773.8128000183
63,fixed_manifest,block_00_norm1,layer_norm,GPU,631773.8128000183,631795.9424000183
61,fixed_manifest,block_04_residual1,residual_add,GPU,631795.9424000183,631814.2896000184
59,fixed_manifest,block_08_residual2,residual_add,GPU,631814.2896000184,631832.6368000185
62,fixed_manifest,block_02_proj,linear_projection,GPU,631832.6368000185,631984.8809600185
60,fixed_manifest,block_06_ffn_island,fused_ffn_island,FPGA,631910.4480000184,632243.1955200183
58,fixed_manifest,block_11_qkv,linear_qkv,GPU,631984.8809600185,632427.6134400185
63,fixed_manifest,block_00_qkv,linear_qkv,GPU,632427.6134400185,632870.3459200186
61,fixed_manifest,block_04_norm2,layer_norm,GPU,632870.3459200186,632892.4755200186
59,fixed_manifest,block_09_norm1,layer_norm,GPU,632892.4755200186,632914.6051200186
62,fixed_manifest,block_02_residual1,residual_add,GPU,632914.6051200186,632932.9523200187
60,fixed_manifest,block_06_residual2,residual_add,GPU,632932.9523200187,632951.2995200187
58,fixed_manifest,block_11_attention,self_attention,GPU,632951.2995200187,633107.3260800188
61,fixed_manifest,block_04_ffn_island,fused_ffn_island,FPGA,633051.2403200187,633383.9878400187
63,fixed_manifest,block_00_attention,self_attention,GPU,633107.3260800188,633263.3526400188
59,fixed_manifest,block_09_qkv,linear_qkv,GPU,633263.3526400188,633706.0851200188
62,fixed_manifest,block_02_norm2,layer_norm,GPU,633706.0851200188,633728.2147200188
60,fixed_manifest,block_07_norm1,layer_norm,GPU,633728.2147200188,633750.3443200189
58,fixed_manifest,block_11_proj,linear_projection,GPU,633750.3443200189,633902.5884800189
62,fixed_manifest,block_02_ffn_island,fused_ffn_island,FPGA,633886.9795200189,634219.7270400189
63,fixed_manifest,block_00_proj,linear_projection,GPU,633902.5884800189,634054.8326400189
61,fixed_manifest,block_04_residual2,residual_add,GPU,634054.8326400189,634073.179840019
59,fixed_manifest,block_09_attention,self_attention,GPU,634073.179840019,634229.206400019
60,fixed_manifest,block_07_qkv,linear_qkv,GPU,634229.206400019,634671.938880019
58,fixed_manifest,block_11_residual1,residual_add,GPU,634671.938880019,634690.2860800191
63,fixed_manifest,block_00_residual1,residual_add,GPU,634690.2860800191,634708.6332800192
61,fixed_manifest,block_05_norm1,layer_norm,GPU,634708.6332800192,634730.7628800191
59,fixed_manifest,block_09_proj,linear_projection,GPU,634730.7628800191,634883.0070400193
62,fixed_manifest,block_02_residual2,residual_add,GPU,634883.0070400193,634901.3542400192
60,fixed_manifest,block_07_attention,self_attention,GPU,634901.3542400192,635057.3808000193
58,fixed_manifest,block_11_norm2,layer_norm,GPU,635057.3808000193,635079.5104000194
63,fixed_manifest,block_00_norm2,layer_norm,GPU,635079.5104000194,635101.6400000193
61,fixed_manifest,block_05_qkv,linear_qkv,GPU,635101.6400000193,635544.3724800193
58,fixed_manifest,block_11_ffn_island,fused_ffn_island,FPGA,635238.2752000194,635571.0227200194
59,fixed_manifest,block_09_residual1,residual_add,GPU,635544.3724800193,635562.7196800194
62,fixed_manifest,block_03_norm1,layer_norm,GPU,635562.7196800194,635584.8492800194
60,fixed_manifest,block_07_proj,linear_projection,GPU,635584.8492800194,635737.0934400195
61,fixed_manifest,block_05_attention,self_attention,GPU,635737.0934400195,635893.1200000196
63,fixed_manifest,block_00_ffn_island,fused_ffn_island,FPGA,635794.5987200195,636127.3462400194
59,fixed_manifest,block_09_norm2,layer_norm,GPU,635893.1200000196,635915.2496000195
62,fixed_manifest,block_03_qkv,linear_qkv,GPU,635915.2496000195,636357.9820800195
59,fixed_manifest,block_09_ffn_island,fused_ffn_island,FPGA,636350.9222400194,636683.6697600194
60,fixed_manifest,block_07_residual1,residual_add,GPU,636357.9820800195,636376.3292800196
58,fixed_manifest,block_11_residual2,residual_add,GPU,636376.3292800196,636394.6764800197
61,fixed_manifest,block_05_proj,linear_projection,GPU,636394.6764800197,636546.9206400197
63,fixed_manifest,block_00_residual2,residual_add,GPU,636546.9206400197,636565.2678400198
62,fixed_manifest,block_03_attention,self_attention,GPU,636565.2678400198,636721.2944000198
60,fixed_manifest,block_07_norm2,layer_norm,GPU,636721.2944000198,636743.4240000198
58,fixed_manifest,final_norm,layer_norm,GPU,636743.4240000198,636765.5536000199
61,fixed_manifest,block_05_residual1,residual_add,GPU,636765.5536000199,636783.9008000199
63,fixed_manifest,block_01_norm1,layer_norm,GPU,636783.9008000199,636806.03040002
62,fixed_manifest,block_03_proj,linear_projection,GPU,636806.03040002,636958.27456002
60,fixed_manifest,block_07_ffn_island,fused_ffn_island,FPGA,636907.2457600194,637239.9932800195
58,fixed_manifest,class_token_select,class_token_select,GPU,636958.27456002,636965.31296002
61,fixed_manifest,block_05_norm2,layer_norm,GPU,636965.31296002,636987.44256002
63,fixed_manifest,block_01_qkv,linear_qkv,GPU,636987.44256002,637430.1750400201
59,fixed_manifest,block_09_residual2,residual_add,GPU,637430.1750400201,637448.5222400201
62,fixed_manifest,block_03_residual1,residual_add,GPU,637448.5222400201,637466.8694400202
61,fixed_manifest,block_05_ffn_island,fused_ffn_island,FPGA,637463.5692800195,637796.3168000195
58,fixed_manifest,classifier,linear_classifier,GPU,637466.8694400202,637474.8294400203
63,fixed_manifest,block_01_attention,self_attention,GPU,637474.8294400203,637630.8560000203
59,fixed_manifest,block_10_norm1,layer_norm,GPU,637630.8560000203,637652.9856000203
60,fixed_manifest,block_07_residual2,residual_add,GPU,637652.9856000203,637671.3328000203
62,fixed_manifest,block_03_norm2,layer_norm,GPU,637671.3328000203,637693.4624000203
63,fixed_manifest,block_01_proj,linear_projection,GPU,637693.4624000203,637845.7065600203
59,fixed_manifest,block_10_qkv,linear_qkv,GPU,637845.7065600203,638288.4390400205
62,fixed_manifest,block_03_ffn_island,fused_ffn_island,FPGA,638019.8928000195,638352.6403200194
60,fixed_manifest,block_08_norm1,layer_norm,GPU,638288.4390400205,638310.5686400204
63,fixed_manifest,block_01_residual1,residual_add,GPU,638310.5686400204,638328.9158400205
61,fixed_manifest,block_05_residual2,residual_add,GPU,638328.9158400205,638347.2630400206
59,fixed_manifest,block_10_attention,self_attention,GPU,638347.2630400206,638503.2896000205
60,fixed_manifest,block_08_qkv,linear_qkv,GPU,638503.2896000205,638946.0220800206
63,fixed_manifest,block_01_norm2,layer_norm,GPU,638946.0220800206,638968.1516800206
61,fixed_manifest,block_06_norm1,layer_norm,GPU,638968.1516800206,638990.2812800207
59,fixed_manifest,block_10_proj,linear_projection,GPU,638990.2812800207,639142.5254400207
63,fixed_manifest,block_01_ffn_island,fused_ffn_island,FPGA,639126.9164800207,639459.6640000207
62,fixed_manifest,block_03_residual2,residual_add,GPU,639142.5254400207,639160.8726400208
60,fixed_manifest,block_08_attention,self_attention,GPU,639160.8726400208,639316.8992000208
61,fixed_manifest,block_06_qkv,linear_qkv,GPU,639316.8992000208,639759.6316800208
59,fixed_manifest,block_10_residual1,residual_add,GPU,639759.6316800208,639777.9788800209
62,fixed_manifest,block_04_norm1,layer_norm,GPU,639777.9788800209,639800.1084800209
60,fixed_manifest,block_08_proj,linear_projection,GPU,639800.1084800209,639952.3526400209
63,fixed_manifest,block_01_residual2,residual_add,GPU,639952.3526400209,639970.699840021
61,fixed_manifest,block_06_attention,self_attention,GPU,639970.699840021,640126.726400021
59,fixed_manifest,block_10_norm2,layer_norm,GPU,640126.726400021,640148.856000021
62,fixed_manifest,block_04_qkv,linear_qkv,GPU,640148.856000021,640591.5884800211
59,fixed_manifest,block_10_ffn_island,fused_ffn_island,FPGA,640307.6208000211,640640.3683200211
60,fixed_manifest,block_08_residual1,residual_add,GPU,640591.5884800211,640609.9356800211
63,fixed_manifest,block_02_norm1,layer_norm,GPU,640609.9356800211,640632.0652800212
61,fixed_manifest,block_06_proj,linear_projection,GPU,640632.0652800212,640784.3094400212
62,fixed_manifest,block_04_attention,self_attention,GPU,640784.3094400212,640940.3360000212
60,fixed_manifest,block_08_norm2,layer_norm,GPU,640940.3360000212,640962.4656000212
63,fixed_manifest,block_02_qkv,linear_qkv,GPU,640962.4656000212,641405.1980800213
60,fixed_manifest,block_08_ffn_island,fused_ffn_island,FPGA,641121.2304000213,641453.9779200214
61,fixed_manifest,block_06_residual1,residual_add,GPU,641405.1980800213,641423.5452800213
59,fixed_manifest,block_10_residual2,residual_add,GPU,641423.5452800213,641441.8924800213
62,fixed_manifest,block_04_proj,linear_projection,GPU,641441.8924800213,641594.1366400215
63,fixed_manifest,block_02_attention,self_attention,GPU,641594.1366400215,641750.1632000214
61,fixed_manifest,block_06_norm2,layer_norm,GPU,641750.1632000214,641772.2928000215
59,fixed_manifest,block_11_norm1,layer_norm,GPU,641772.2928000215,641794.4224000215
62,fixed_manifest,block_04_residual1,residual_add,GPU,641794.4224000215,641812.7696000215
60,fixed_manifest,block_08_residual2,residual_add,GPU,641812.7696000215,641831.1168000216
63,fixed_manifest,block_02_proj,linear_projection,GPU,641831.1168000216,641983.3609600216
61,fixed_manifest,block_06_ffn_island,fused_ffn_island,FPGA,641931.0576000216,642263.8051200216
59,fixed_manifest,block_11_qkv,linear_qkv,GPU,641983.3609600216,642426.0934400216
62,fixed_manifest,block_04_norm2,layer_norm,GPU,642426.0934400216,642448.2230400217
60,fixed_manifest,block_09_norm1,layer_norm,GPU,642448.2230400217,642470.3526400217
63,fixed_manifest,block_02_residual1,residual_add,GPU,642470.3526400217,642488.6998400218
61,fixed_manifest,block_06_residual2,residual_add,GPU,642488.6998400218,642507.0470400219
59,fixed_manifest,block_11_attention,self_attention,GPU,642507.0470400219,642663.0736000219
62,fixed_manifest,block_04_ffn_island,fused_ffn_island,FPGA,642606.9878400218,642939.7353600218
60,fixed_manifest,block_09_qkv,linear_qkv,GPU,642663.0736000219,643105.8060800219
63,fixed_manifest,block_02_norm2,layer_norm,GPU,643105.8060800219,643127.9356800219
61,fixed_manifest,block_07_norm1,layer_norm,GPU,643127.9356800219,643150.065280022
59,fixed_manifest,block_11_proj,linear_projection,GPU,643150.065280022,643302.309440022
63,fixed_manifest,block_02_ffn_island,fused_ffn_island,FPGA,643286.700480022,643619.448000022
62,fixed_manifest,block_04_residual2,residual_add,GPU,643302.309440022,643320.6566400221
60,fixed_manifest,block_09_attention,self_attention,GPU,643320.6566400221,643476.6832000221
61,fixed_manifest,block_07_qkv,linear_qkv,GPU,643476.6832000221,643919.4156800221
59,fixed_manifest,block_11_residual1,residual_add,GPU,643919.4156800221,643937.7628800222
62,fixed_manifest,block_05_norm1,layer_norm,GPU,643937.7628800222,643959.8924800222
60,fixed_manifest,block_09_proj,linear_projection,GPU,643959.8924800222,644112.1366400222
63,fixed_manifest,block_02_residual2,residual_add,GPU,644112.1366400222,644130.4838400222
61,fixed_manifest,block_07_attention,self_attention,GPU,644130.4838400222,644286.5104000223
59,fixed_manifest,block_11_norm2,layer_norm,GPU,644286.5104000223,644308.6400000222
62,fixed_manifest,block_05_qkv,linear_qkv,GPU,644308.6400000222,644751.3724800224
59,fixed_manifest,block_11_ffn_island,fused_ffn_island,FPGA,644467.4048000224,644800.1523200225
60,fixed_manifest,block_09_residual1,residual_add,GPU,644751.3724800224,644769.7196800224
63,fixed_manifest,block_03_norm1,layer_norm,GPU,644769.7196800224,644791.8492800224
61,fixed_manifest,block_07_proj,linear_projection,GPU,644791.8492800224,644944.0934400224
62,fixed_manifest,block_05_attention,self_attention,GPU,644944.0934400224,645100.1200000225
60,fixed_manifest,block_09_norm2,layer_norm,GPU,645100.1200000225,645122.2496000226
63,fixed_manifest,block_03_qkv,linear_qkv,GPU,645122.2496000226,645564.9820800226
60,fixed_manifest,block_09_ffn_island,fused_ffn_island,FPGA,645281.0144000226,645613.7619200227
61,fixed_manifest,block_07_residual1,residual_add,GPU,645564.9820800226,645583.3292800226
59,fixed_manifest,block_11_residual2,residual_add,GPU,645583.3292800226,645601.6764800226
62,fixed_manifest,block_05_proj,linear_projection,GPU,645601.6764800226,645753.9206400227
63,fixed_manifest,block_03_attention,self_attention,GPU,645753.9206400227,645909.9472000228
61,fixed_manifest,block_07_norm2,layer_norm,GPU,645909.9472000228,645932.0768000227
59,fixed_manifest,final_norm,layer_norm,GPU,645932.0768000227,645954.2064000227
62,fixed_manifest,block_05_residual1,residual_add,GPU,645954.2064000227,645972.5536000228
60,fixed_manifest,block_09_residual2,residual_add,GPU,645972.5536000228,645990.9008000229
63,fixed_manifest,block_03_proj,linear_projection,GPU,645990.9008000229,646143.1449600229
61,fixed_manifest,block_07_ffn_island,fused_ffn_island,FPGA,646090.8416000229,646423.5891200228
59,fixed_manifest,class_token_select,class_token_select,GPU,646143.1449600229,646150.183360023
62,fixed_manifest,block_05_norm2,layer_norm,GPU,646150.183360023,646172.312960023
60,fixed_manifest,block_10_norm1,layer_norm,GPU,646172.312960023,646194.442560023
63,fixed_manifest,block_03_residual1,residual_add,GPU,646194.442560023,646212.789760023
59,fixed_manifest,classifier,linear_classifier,GPU,646212.789760023,646220.7497600231
60,fixed_manifest,block_10_qkv,linear_qkv,GPU,646220.7497600231,646663.4822400231
62,fixed_manifest,block_05_ffn_island,fused_ffn_island,FPGA,646647.1651200228,646979.9126400228
63,fixed_manifest,block_03_norm2,layer_norm,GPU,646663.4822400231,646685.6118400232
61,fixed_manifest,block_07_residual2,residual_add,GPU,646685.6118400232,646703.9590400232
60,fixed_manifest,block_10_attention,self_attention,GPU,646703.9590400232,646859.9856000232
61,fixed_manifest,block_08_norm1,layer_norm,GPU,646859.9856000232,646882.1152000233
60,fixed_manifest,block_10_proj,linear_projection,GPU,646882.1152000233,647034.3593600233
61,fixed_manifest,block_08_qkv,linear_qkv,GPU,647034.3593600233,647477.0918400233
63,fixed_manifest,block_03_ffn_island,fused_ffn_island,FPGA,647203.4886400228,647536.2361600229
60,fixed_manifest,block_10_residual1,residual_add,GPU,647477.0918400233,647495.4390400234
62,fixed_manifest,block_05_residual2,residual_add,GPU,647495.4390400234,647513.7862400234
61,fixed_manifest,block_08_attention,self_attention,GPU,647513.7862400234,647669.8128000235
60,fixed_manifest,block_10_norm2,layer_norm,GPU,647669.8128000235,647691.9424000235
62,fixed_manifest,block_06_norm1,layer_norm,GPU,647691.9424000235,647714.0720000236
61,fixed_manifest,block_08_proj,linear_projection,GPU,647714.0720000236,647866.3161600236
60,fixed_manifest,block_10_ffn_island,fused_ffn_island,FPGA,647850.7072000236,648183.4547200236
63,fixed_manifest,block_03_residual2,residual_add,GPU,647866.3161600236,647884.6633600236
62,fixed_manifest,block_06_qkv,linear_qkv,GPU,647884.6633600236,648327.3958400236
61,fixed_manifest,block_08_residual1,residual_add,GPU,648327.3958400236,648345.7430400237
63,fixed_manifest,block_04_norm1,layer_norm,GPU,648345.7430400237,648367.8726400237
62,fixed_manifest,block_06_attention,self_attention,GPU,648367.8726400237,648523.8992000237
60,fixed_manifest,block_10_residual2,residual_add,GPU,648523.8992000237,648542.2464000238
61,fixed_manifest,block_08_norm2,layer_norm,GPU,648542.2464000238,648564.3760000238
63,fixed_manifest,block_04_qkv,linear_qkv,GPU,648564.3760000238,649007.1084800238
61,fixed_manifest,block_08_ffn_island,fused_ffn_island,FPGA,648723.1408000239,649055.8883200239
62,fixed_manifest,block_06_proj,linear_projection,GPU,649007.1084800238,649159.3526400239
60,fixed_manifest,block_11_norm1,layer_norm,GPU,649159.3526400239,649181.4822400239
63,fixed_manifest,block_04_attention,self_attention,GPU,649181.4822400239,649337.5088000239
62,fixed_manifest,block_06_residual1,residual_add,GPU,649337.5088000239,649355.856000024
60,fixed_manifest,block_11_qkv,linear_qkv,GPU,649355.856000024,649798.588480024
61,fixed_manifest,block_08_residual2,residual_add,GPU,649798.588480024,649816.9356800241
63,fixed_manifest,block_04_proj,linear_projection,GPU,649816.9356800241,649969.1798400241
62,fixed_manifest,block_06_norm2,layer_norm,GPU,649969.1798400241,649991.3094400242
60,fixed_manifest,block_11_attention,self_attention,GPU,649991.3094400242,650147.3360000242
61,fixed_manifest,block_09_norm1,layer_norm,GPU,650147.3360000242,650169.4656000242
62,fixed_manifest,block_06_ffn_island,fused_ffn_island,FPGA,650150.0742400242,650482.8217600243
63,fixed_manifest,block_04_residual1,residual_add,GPU,650169.4656000242,650187.8128000243
60,fixed_manifest,block_11_proj,linear_projection,GPU,650187.8128000243,650340.0569600243
61,fixed_manifest,block_09_qkv,linear_qkv,GPU,650340.0569600243,650782.7894400243
63,fixed_manifest,block_04_norm2,layer_norm,GPU,650782.7894400243,650804.9190400244
60,fixed_manifest,block_11_residual1,residual_add,GPU,650804.9190400244,650823.2662400244
62,fixed_manifest,block_06_residual2,residual_add,GPU,650823.2662400244,650841.6134400244
61,fixed_manifest,block_09_attention,self_attention,GPU,650841.6134400244,650997.6400000245
63,fixed_manifest,block_04_ffn_island,fused_ffn_island,FPGA,650963.6838400244,651296.4313600245
60,fixed_manifest,block_11_norm2,layer_norm,GPU,650997.6400000245,651019.7696000244
62,fixed_manifest,block_07_norm1,layer_norm,GPU,651019.7696000244,651041.8992000245
61,fixed_manifest,block_09_proj,linear_projection,GPU,651041.8992000245,651194.1433600246
62,fixed_manifest,block_07_qkv,linear_qkv,GPU,651194.1433600246,651636.8758400246
60,fixed_manifest,block_11_ffn_island,fused_ffn_island,FPGA,651520.0073600245,651852.7548800245
61,fixed_manifest,block_09_residual1,residual_add,GPU,651636.8758400246,651655.2230400246
63,fixed_manifest,block_04_residual2,residual_add,GPU,651655.2230400246,651673.5702400247
62,fixed_manifest,block_07_attention,self_attention,GPU,651673.5702400247,651829.5968000247
61,fixed_manifest,block_09_norm2,layer_norm,GPU,651829.5968000247,651851.7264000247
63,fixed_manifest,block_05_norm1,layer_norm,GPU,651851.7264000247,651873.8560000248
62,fixed_manifest,block_07_proj,linear_projection,GPU,651873.8560000248,652026.1001600248
63,fixed_manifest,block_05_qkv,linear_qkv,GPU,652026.1001600248,652468.8326400248
61,fixed_manifest,block_09_ffn_island,fused_ffn_island,FPGA,652076.3308800245,652409.0784000244
62,fixed_manifest,block_07_residual1,residual_add,GPU,652468.8326400248,652487.1798400249
60,fixed_manifest,block_11_residual2,residual_add,GPU,652487.1798400249,652505.527040025
63,fixed_manifest,block_05_attention,self_attention,GPU,652505.527040025,652661.553600025
62,fixed_manifest,block_07_norm2,layer_norm,GPU,652661.553600025,652683.683200025
60,fixed_manifest,final_norm,layer_norm,GPU,652683.683200025,652705.812800025
61,fixed_manifest,block_09_residual2,residual_add,GPU,652705.812800025,652724.1600000251
63,fixed_manifest,block_05_proj,linear_projection,GPU,652724.1600000251,652876.4041600252
62,fixed_manifest,block_07_ffn_island,fused_ffn_island,FPGA,652842.4480000251,653175.1955200251
60,fixed_manifest,class_token_select,class_token_select,GPU,652876.4041600252,652883.4425600251
61,fixed_manifest,block_10_norm1,layer_norm,GPU,652883.4425600251,652905.5721600252
63,fixed_manifest,block_05_residual1,residual_add,GPU,652905.5721600252,652923.9193600252
60,fixed_manifest,classifier,linear_classifier,GPU,652923.9193600252,652931.8793600253
61,fixed_manifest,block_10_qkv,linear_qkv,GPU,652931.8793600253,653374.6118400253
63,fixed_manifest,block_05_norm2,layer_norm,GPU,653374.6118400253,653396.7414400254
62,fixed_manifest,block_07_residual2,residual_add,GPU,653396.7414400254,653415.0886400254
61,fixed_manifest,block_10_attention,self_attention,GPU,653415.0886400254,653571.1152000254
63,fixed_manifest,block_05_ffn_island,fused_ffn_island,FPGA,653555.5062400254,653888.2537600255
62,fixed_manifest,block_08_norm1,layer_norm,GPU,653571.1152000254,653593.2448000255
61,fixed_manifest,block_10_proj,linear_projection,GPU,653593.2448000255,653745.4889600255
62,fixed_manifest,block_08_qkv,linear_qkv,GPU,653745.4889600255,654188.2214400255
61,fixed_manifest,block_10_residual1,residual_add,GPU,654188.2214400255,654206.5686400256
63,fixed_manifest,block_05_residual2,residual_add,GPU,654206.5686400256,654224.9158400256
62,fixed_manifest,block_08_attention,self_attention,GPU,654224.9158400256,654380.9424000257
61,fixed_manifest,block_10_norm2,layer_norm,GPU,654380.9424000257,654403.0720000257
63,fixed_manifest,block_06_norm1,layer_norm,GPU,654403.0720000257,654425.2016000258
62,fixed_manifest,block_08_proj,linear_projection,GPU,654425.2016000258,654577.4457600258
61,fixed_manifest,block_10_ffn_island,fused_ffn_island,FPGA,654561.8368000258,654894.5843200258
63,fixed_manifest,block_06_qkv,linear_qkv,GPU,654577.4457600258,655020.1782400258
62,fixed_manifest,block_08_residual1,residual_add,GPU,655020.1782400258,655038.5254400258
63,fixed_manifest,block_06_attention,self_attention,GPU,655038.5254400258,655194.5520000259
62,fixed_manifest,block_08_norm2,layer_norm,GPU,655194.5520000259,655216.6816000259
61,fixed_manifest,block_10_residual2,residual_add,GPU,655216.6816000259,655235.0288000259
63,fixed_manifest,block_06_proj,linear_projection,GPU,655235.0288000259,655387.2729600259
62,fixed_manifest,block_08_ffn_island,fused_ffn_island,FPGA,655375.446400026,655708.193920026
61,fixed_manifest,block_11_norm1,layer_norm,GPU,655387.2729600259,655409.402560026
63,fixed_manifest,block_06_residual1,residual_add,GPU,655409.402560026,655427.749760026
61,fixed_manifest,block_11_qkv,linear_qkv,GPU,655427.749760026,655870.4822400261
63,fixed_manifest,block_06_norm2,layer_norm,GPU,655870.4822400261,655892.6118400261
62,fixed_manifest,block_08_residual2,residual_add,GPU,655892.6118400261,655910.9590400262
61,fixed_manifest,block_11_attention,self_attention,GPU,655910.9590400262,656066.9856000262
63,fixed_manifest,block_06_ffn_island,fused_ffn_island,FPGA,656051.3766400262,656384.1241600262
62,fixed_manifest,block_09_norm1,layer_norm,GPU,656066.9856000262,656089.1152000262
61,fixed_manifest,block_11_proj,linear_projection,GPU,656089.1152000262,656241.3593600263
62,fixed_manifest,block_09_qkv,linear_qkv,GPU,656241.3593600263,656684.0918400263
61,fixed_manifest,block_11_residual1,residual_add,GPU,656684.0918400263,656702.4390400264
63,fixed_manifest,block_06_residual2,residual_add,GPU,656702.4390400264,656720.7862400264
62,fixed_manifest,block_09_attention,self_attention,GPU,656720.7862400264,656876.8128000264
61,fixed_manifest,block_11_norm2,layer_norm,GPU,656876.8128000264,656898.9424000265
63,fixed_manifest,block_07_norm1,layer_norm,GPU,656898.9424000265,656921.0720000265
62,fixed_manifest,block_09_proj,linear_projection,GPU,656921.0720000265,657073.3161600265
61,fixed_manifest,block_11_ffn_island,fused_ffn_island,FPGA,657057.7072000265,657390.4547200266
63,fixed_manifest,block_07_qkv,linear_qkv,GPU,657073.3161600265,657516.0486400266
62,fixed_manifest,block_09_residual1,residual_add,GPU,657516.0486400266,657534.3958400266
63,fixed_manifest,block_07_attention,self_attention,GPU,657534.3958400266,657690.4224000266
62,fixed_manifest,block_09_norm2,layer_norm,GPU,657690.4224000266,657712.5520000267
61,fixed_manifest,block_11_residual2,residual_add,GPU,657712.5520000267,657730.8992000266
63,fixed_manifest,block_07_proj,linear_projection,GPU,657730.8992000266,657883.1433600268
62,fixed_manifest,block_09_ffn_island,fused_ffn_island,FPGA,657871.3168000268,658204.0643200268
61,fixed_manifest,final_norm,layer_norm,GPU,657883.1433600268,657905.2729600267
63,fixed_manifest,block_07_residual1,residual_add,GPU,657905.2729600267,657923.6201600268
61,fixed_manifest,class_token_select,class_token_select,GPU,657923.6201600268,657930.6585600269
63,fixed_manifest,block_07_norm2,layer_norm,GPU,657930.6585600269,657952.7881600269
61,fixed_manifest,classifier,linear_classifier,GPU,657952.7881600269,657960.748160027
62,fixed_manifest,block_09_residual2,residual_add,GPU,658427.6403200268,658445.9875200269
63,fixed_manifest,block_07_ffn_island,fused_ffn_island,FPGA,658427.6403200268,658760.3878400268
62,fixed_manifest,block_10_norm1,layer_norm,GPU,658445.9875200269,658468.1171200268
62,fixed_manifest,block_10_qkv,linear_qkv,GPU,658468.1171200268,658910.8496000268
62,fixed_manifest,block_10_attention,self_attention,GPU,658910.8496000268,659066.8761600269
63,fixed_manifest,block_07_residual2,residual_add,GPU,659066.8761600269,659085.223360027
62,fixed_manifest,block_10_proj,linear_projection,GPU,659085.223360027,659237.467520027
63,fixed_manifest,block_08_norm1,layer_norm,GPU,659237.467520027,659259.597120027
62,fixed_manifest,block_10_residual1,residual_add,GPU,659259.597120027,659277.944320027
63,fixed_manifest,block_08_qkv,linear_qkv,GPU,659277.944320027,659720.6768000271
62,fixed_manifest,block_10_norm2,layer_norm,GPU,659720.6768000271,659742.8064000271
63,fixed_manifest,block_08_attention,self_attention,GPU,659742.8064000271,659898.8329600272
63,fixed_manifest,block_08_proj,linear_projection,GPU,659898.8329600272,660051.0771200272
62,fixed_manifest,block_10_ffn_island,fused_ffn_island,FPGA,659901.5712000272,660234.3187200272
63,fixed_manifest,block_08_residual1,residual_add,GPU,660051.0771200272,660069.4243200272
63,fixed_manifest,block_08_norm2,layer_norm,GPU,660069.4243200272,660091.5539200272
62,fixed_manifest,block_10_residual2,residual_add,GPU,660457.8947200272,660476.2419200273
63,fixed_manifest,block_08_ffn_island,fused_ffn_island,FPGA,660457.8947200272,660790.6422400273
62,fixed_manifest,block_11_norm1,layer_norm,GPU,660476.2419200273,660498.3715200273
62,fixed_manifest,block_11_qkv,linear_qkv,GPU,660498.3715200273,660941.1040000274
62,fixed_manifest,block_11_attention,self_attention,GPU,660941.1040000274,661097.1305600274
63,fixed_manifest,block_08_residual2,residual_add,GPU,661097.1305600274,661115.4777600274
62,fixed_manifest,block_11_proj,linear_projection,GPU,661115.4777600274,661267.7219200275
63,fixed_manifest,block_09_norm1,layer_norm,GPU,661267.7219200275,661289.8515200275
62,fixed_manifest,block_11_residual1,residual_add,GPU,661289.8515200275,661308.1987200276
63,fixed_manifest,block_09_qkv,linear_qkv,GPU,661308.1987200276,661750.9312000276
62,fixed_manifest,block_11_norm2,layer_norm,GPU,661750.9312000276,661773.0608000276
63,fixed_manifest,block_09_attention,self_attention,GPU,661773.0608000276,661929.0873600276
63,fixed_manifest,block_09_proj,linear_projection,GPU,661929.0873600276,662081.3315200277
62,fixed_manifest,block_11_ffn_island,fused_ffn_island,FPGA,661931.8256000277,662264.5731200278
63,fixed_manifest,block_09_residual1,residual_add,GPU,662081.3315200277,662099.6787200277
63,fixed_manifest,block_09_norm2,layer_norm,GPU,662099.6787200277,662121.8083200278
62,fixed_manifest,block_11_residual2,residual_add,GPU,662488.1491200278,662506.4963200277
63,fixed_manifest,block_09_ffn_island,fused_ffn_island,FPGA,662488.1491200278,662820.8966400278
62,fixed_manifest,final_norm,layer_norm,GPU,662506.4963200277,662528.6259200278
62,fixed_manifest,class_token_select,class_token_select,GPU,662528.6259200278,662535.6643200278
62,fixed_manifest,classifier,linear_classifier,GPU,662535.6643200278,662543.6243200279
63,fixed_manifest,block_09_residual2,residual_add,GPU,662979.6614400279,662998.0086400278
63,fixed_manifest,block_10_norm1,layer_norm,GPU,662998.0086400278,663020.1382400279
63,fixed_manifest,block_10_qkv,linear_qkv,GPU,663020.1382400279,663462.870720028
63,fixed_manifest,block_10_attention,self_attention,GPU,663462.870720028,663618.897280028
63,fixed_manifest,block_10_proj,linear_projection,GPU,663618.897280028,663771.141440028
63,fixed_manifest,block_10_residual1,residual_add,GPU,663771.141440028,663789.488640028
63,fixed_manifest,block_10_norm2,layer_norm,GPU,663789.488640028,663811.6182400282
63,fixed_manifest,block_10_ffn_island,fused_ffn_island,FPGA,663970.3830400282,664303.1305600283
63,fixed_manifest,block_10_residual2,residual_add,GPU,664461.8953600283,664480.2425600283
63,fixed_manifest,block_11_norm1,layer_norm,GPU,664480.2425600283,664502.3721600284
63,fixed_manifest,block_11_qkv,linear_qkv,GPU,664502.3721600284,664945.1046400284
63,fixed_manifest,block_11_attention,self_attention,GPU,664945.1046400284,665101.1312000285
63,fixed_manifest,block_11_proj,linear_projection,GPU,665101.1312000285,665253.3753600285
63,fixed_manifest,block_11_residual1,residual_add,GPU,665253.3753600285,665271.7225600285
63,fixed_manifest,block_11_norm2,layer_norm,GPU,665271.7225600285,665293.8521600285
63,fixed_manifest,block_11_ffn_island,fused_ffn_island,FPGA,665452.6169600287,665785.3644800286
63,fixed_manifest,block_11_residual2,residual_add,GPU,665944.1292800287,665962.4764800288
63,fixed_manifest,final_norm,layer_norm,GPU,665962.4764800288,665984.6060800288
63,fixed_manifest,class_token_select,class_token_select,GPU,665984.6060800288,665991.6444800289
63,fixed_manifest,classifier,linear_classifier,GPU,665991.6444800289,665999.604480029
