request_id,selected_mode,edge_index,stage,resource,direction,bytes,start_us,finish_us
0,fixed_manifest,9,1,gpu_host,GPU_to_HOST,302592,983.4636800000001,1017.94048
0,fixed_manifest,9,2,host_fpga_pcie,HOST_to_FPGA,302592,1017.94048,1142.2284800000002
0,fixed_manifest,10,1,host_fpga_pcie,FPGA_to_HOST,302592,1474.9760000000003,1599.2640000000004
0,fixed_manifest,10,2,gpu_host,HOST_to_GPU,302592,1599.2640000000004,1633.7408000000003
0,fixed_manifest,19,1,gpu_host,GPU_to_HOST,302592,2465.6976,2500.1744000000003
0,fixed_manifest,19,2,host_fpga_pcie,HOST_to_FPGA,302592,2500.1744000000003,2624.4624
0,fixed_manifest,20,1,host_fpga_pcie,FPGA_to_HOST,302592,2957.20992,3081.49792
0,fixed_manifest,20,2,gpu_host,HOST_to_GPU,302592,3081.49792,3115.9747199999997
0,fixed_manifest,29,1,gpu_host,GPU_to_HOST,302592,3947.9315199999996,3982.4083200000005
0,fixed_manifest,29,2,host_fpga_pcie,HOST_to_FPGA,302592,3982.4083200000005,4106.69632
0,fixed_manifest,30,1,host_fpga_pcie,FPGA_to_HOST,302592,4439.443840000001,4563.73184
0,fixed_manifest,30,2,gpu_host,HOST_to_GPU,302592,4563.73184,4598.208640000002
0,fixed_manifest,39,1,gpu_host,GPU_to_HOST,302592,5430.1654400000025,5464.642240000003
0,fixed_manifest,39,2,host_fpga_pcie,HOST_to_FPGA,302592,5464.642240000003,5588.930240000003
0,fixed_manifest,40,1,host_fpga_pcie,FPGA_to_HOST,302592,5921.677760000003,6045.965760000004
0,fixed_manifest,40,2,gpu_host,HOST_to_GPU,302592,6045.965760000004,6080.442560000004
0,fixed_manifest,49,1,gpu_host,GPU_to_HOST,302592,6912.399360000005,6946.876160000005
0,fixed_manifest,49,2,host_fpga_pcie,HOST_to_FPGA,302592,6946.876160000005,7071.164160000006
0,fixed_manifest,50,1,host_fpga_pcie,FPGA_to_HOST,302592,7403.911680000006,7528.199680000006
0,fixed_manifest,50,2,gpu_host,HOST_to_GPU,302592,7528.199680000006,7562.676480000006
0,fixed_manifest,59,1,gpu_host,GPU_to_HOST,302592,8394.633280000005,8429.110080000006
0,fixed_manifest,59,2,host_fpga_pcie,HOST_to_FPGA,302592,8429.110080000006,8553.398080000004
0,fixed_manifest,60,1,host_fpga_pcie,FPGA_to_HOST,302592,8886.145600000003,9010.433600000004
0,fixed_manifest,60,2,gpu_host,HOST_to_GPU,302592,9010.433600000004,9044.910400000002
0,fixed_manifest,69,1,gpu_host,GPU_to_HOST,302592,9876.867200000002,9911.344000000001
0,fixed_manifest,69,2,host_fpga_pcie,HOST_to_FPGA,302592,9911.344000000001,10035.632000000001
0,fixed_manifest,70,1,host_fpga_pcie,FPGA_to_HOST,302592,10368.37952,10492.66752
0,fixed_manifest,70,2,gpu_host,HOST_to_GPU,302592,10492.66752,10527.14432
1,fixed_manifest,9,1,gpu_host,GPU_to_HOST,302592,11622.699519999998,11657.176319999997
1,fixed_manifest,9,2,host_fpga_pcie,HOST_to_FPGA,302592,11657.176319999997,11781.464319999997
0,fixed_manifest,79,1,gpu_host,GPU_to_HOST,302592,12114.211839999996,12148.688639999995
1,fixed_manifest,10,1,host_fpga_pcie,FPGA_to_HOST,302592,12114.211839999996,12303.311039999999
0,fixed_manifest,79,2,host_fpga_pcie,HOST_to_FPGA,302592,12148.688639999995,12337.787839999997
1,fixed_manifest,10,2,gpu_host,HOST_to_GPU,302592,12303.311039999999,12337.787839999997
0,fixed_manifest,80,1,host_fpga_pcie,FPGA_to_HOST,302592,12670.535359999996,12794.823359999997
0,fixed_manifest,80,2,gpu_host,HOST_to_GPU,302592,12794.823359999997,12829.300159999995
1,fixed_manifest,19,1,gpu_host,GPU_to_HOST,302592,13652.953919999994,13687.430719999995
1,fixed_manifest,19,2,host_fpga_pcie,HOST_to_FPGA,302592,13687.430719999995,13811.718719999993
0,fixed_manifest,89,1,gpu_host,GPU_to_HOST,302592,14144.466239999994,14178.943039999993
1,fixed_manifest,20,1,host_fpga_pcie,FPGA_to_HOST,302592,14144.466239999994,14333.565439999997
0,fixed_manifest,89,2,host_fpga_pcie,HOST_to_FPGA,302592,14178.943039999993,14368.042239999995
1,fixed_manifest,20,2,gpu_host,HOST_to_GPU,302592,14333.565439999997,14368.042239999995
0,fixed_manifest,90,1,host_fpga_pcie,FPGA_to_HOST,302592,14700.789759999994,14825.077759999995
0,fixed_manifest,90,2,gpu_host,HOST_to_GPU,302592,14825.077759999995,14859.554559999993
1,fixed_manifest,29,1,gpu_host,GPU_to_HOST,302592,15683.208319999992,15717.685119999995
1,fixed_manifest,29,2,host_fpga_pcie,HOST_to_FPGA,302592,15717.685119999995,15841.973119999995
0,fixed_manifest,99,1,gpu_host,GPU_to_HOST,302592,16174.720639999994,16209.197439999996
1,fixed_manifest,30,1,host_fpga_pcie,FPGA_to_HOST,302592,16174.720639999994,16363.819839999991
0,fixed_manifest,99,2,host_fpga_pcie,HOST_to_FPGA,302592,16209.197439999996,16398.296639999993
1,fixed_manifest,30,2,gpu_host,HOST_to_GPU,302592,16363.819839999991,16398.296639999993
0,fixed_manifest,100,1,host_fpga_pcie,FPGA_to_HOST,302592,16731.044159999994,16855.332159999994
0,fixed_manifest,100,2,gpu_host,HOST_to_GPU,302592,16855.332159999994,16889.808959999995
1,fixed_manifest,39,1,gpu_host,GPU_to_HOST,302592,17713.462719999996,17747.93952
1,fixed_manifest,39,2,host_fpga_pcie,HOST_to_FPGA,302592,17747.93952,17872.22752
0,fixed_manifest,109,1,gpu_host,GPU_to_HOST,302592,18204.975039999998,18239.45184
1,fixed_manifest,40,1,host_fpga_pcie,FPGA_to_HOST,302592,18204.975039999998,18394.074239999994
0,fixed_manifest,109,2,host_fpga_pcie,HOST_to_FPGA,302592,18239.45184,18428.55104
1,fixed_manifest,40,2,gpu_host,HOST_to_GPU,302592,18394.074239999994,18428.55104
0,fixed_manifest,110,1,host_fpga_pcie,FPGA_to_HOST,302592,18761.298559999996,18885.586559999996
0,fixed_manifest,110,2,gpu_host,HOST_to_GPU,302592,18885.586559999996,18920.06336
1,fixed_manifest,49,1,gpu_host,GPU_to_HOST,302592,19743.71712,19778.19392
1,fixed_manifest,49,2,host_fpga_pcie,HOST_to_FPGA,302592,19778.19392,19902.481920000002
1,fixed_manifest,50,1,host_fpga_pcie,FPGA_to_HOST,302592,20235.229440000003,20397.23936
0,fixed_manifest,119,1,gpu_host,GPU_to_HOST,302592,20262.318720000003,20296.795520000003
0,fixed_manifest,119,2,host_fpga_pcie,HOST_to_FPGA,302592,20296.795520000003,20458.80544
1,fixed_manifest,50,2,gpu_host,HOST_to_GPU,302592,20397.23936,20431.716160000004
0,fixed_manifest,120,1,host_fpga_pcie,FPGA_to_HOST,302592,20791.55296,20915.84096
0,fixed_manifest,120,2,gpu_host,HOST_to_GPU,302592,20915.84096,20950.31776
2,fixed_manifest,9,1,gpu_host,GPU_to_HOST,302592,21755.640960000008,21790.11776000001
2,fixed_manifest,9,2,host_fpga_pcie,HOST_to_FPGA,302592,21790.11776000001,21914.40576000001
1,fixed_manifest,59,1,gpu_host,GPU_to_HOST,302592,22247.15328000001,22281.63008000001
2,fixed_manifest,10,1,host_fpga_pcie,FPGA_to_HOST,302592,22247.15328000001,22436.252480000006
1,fixed_manifest,59,2,host_fpga_pcie,HOST_to_FPGA,302592,22281.63008000001,22470.729280000007
2,fixed_manifest,10,2,gpu_host,HOST_to_GPU,302592,22436.252480000006,22470.729280000007
1,fixed_manifest,60,1,host_fpga_pcie,FPGA_to_HOST,302592,22803.476800000008,22927.764800000008
1,fixed_manifest,60,2,gpu_host,HOST_to_GPU,302592,22927.764800000008,22962.24160000001
2,fixed_manifest,19,1,gpu_host,GPU_to_HOST,302592,23785.89536000001,23820.372160000014
2,fixed_manifest,19,2,host_fpga_pcie,HOST_to_FPGA,302592,23820.372160000014,23944.660160000014
1,fixed_manifest,69,1,gpu_host,GPU_to_HOST,302592,24277.40768000001,24311.884480000015
2,fixed_manifest,20,1,host_fpga_pcie,FPGA_to_HOST,302592,24277.40768000001,24466.506880000008
1,fixed_manifest,69,2,host_fpga_pcie,HOST_to_FPGA,302592,24311.884480000015,24500.983680000012
2,fixed_manifest,20,2,gpu_host,HOST_to_GPU,302592,24466.506880000008,24500.983680000012
1,fixed_manifest,70,1,host_fpga_pcie,FPGA_to_HOST,302592,24833.73120000001,24958.01920000001
1,fixed_manifest,70,2,gpu_host,HOST_to_GPU,302592,24958.01920000001,24992.496000000014
2,fixed_manifest,29,1,gpu_host,GPU_to_HOST,302592,25816.149760000015,25850.626560000015
2,fixed_manifest,29,2,host_fpga_pcie,HOST_to_FPGA,302592,25850.626560000015,25974.914560000016
1,fixed_manifest,79,1,gpu_host,GPU_to_HOST,302592,26307.662080000016,26342.138880000017
2,fixed_manifest,30,1,host_fpga_pcie,FPGA_to_HOST,302592,26307.662080000016,26496.761280000013
1,fixed_manifest,79,2,host_fpga_pcie,HOST_to_FPGA,302592,26342.138880000017,26531.238080000017
2,fixed_manifest,30,2,gpu_host,HOST_to_GPU,302592,26496.761280000013,26531.238080000017
1,fixed_manifest,80,1,host_fpga_pcie,FPGA_to_HOST,302592,26863.985600000015,26988.273600000015
1,fixed_manifest,80,2,gpu_host,HOST_to_GPU,302592,26988.273600000015,27022.75040000002
2,fixed_manifest,39,1,gpu_host,GPU_to_HOST,302592,27846.40416000002,27880.88096000002
2,fixed_manifest,39,2,host_fpga_pcie,HOST_to_FPGA,302592,27880.88096000002,28005.16896000002
1,fixed_manifest,89,1,gpu_host,GPU_to_HOST,302592,28337.91648000002,28372.393280000022
2,fixed_manifest,40,1,host_fpga_pcie,FPGA_to_HOST,302592,28337.91648000002,28527.01568000002
1,fixed_manifest,89,2,host_fpga_pcie,HOST_to_FPGA,302592,28372.393280000022,28561.49248000002
2,fixed_manifest,40,2,gpu_host,HOST_to_GPU,302592,28527.01568000002,28561.49248000002
1,fixed_manifest,90,1,host_fpga_pcie,FPGA_to_HOST,302592,28894.24000000002,29018.52800000002
1,fixed_manifest,90,2,gpu_host,HOST_to_GPU,302592,29018.52800000002,29053.00480000002
2,fixed_manifest,49,1,gpu_host,GPU_to_HOST,302592,29876.65856000002,29911.135360000026
2,fixed_manifest,49,2,host_fpga_pcie,HOST_to_FPGA,302592,29911.135360000026,30035.423360000026
2,fixed_manifest,50,1,host_fpga_pcie,FPGA_to_HOST,302592,30368.170880000023,30508.05120000002
1,fixed_manifest,99,1,gpu_host,GPU_to_HOST,302592,30417.389760000024,30451.866560000028
1,fixed_manifest,99,2,host_fpga_pcie,HOST_to_FPGA,302592,30451.866560000028,30591.746880000024
2,fixed_manifest,50,2,gpu_host,HOST_to_GPU,302592,30508.05120000002,30542.528000000024
1,fixed_manifest,100,1,host_fpga_pcie,FPGA_to_HOST,302592,30924.49440000002,31048.782400000022
1,fixed_manifest,100,2,gpu_host,HOST_to_GPU,302592,31048.782400000022,31083.259200000026
3,fixed_manifest,9,1,gpu_host,GPU_to_HOST,302592,31888.582400000018,31923.05920000002
3,fixed_manifest,9,2,host_fpga_pcie,HOST_to_FPGA,302592,31923.05920000002,32047.347200000022
3,fixed_manifest,10,1,host_fpga_pcie,FPGA_to_HOST,302592,32380.094720000023,32504.382720000023
3,fixed_manifest,10,2,gpu_host,HOST_to_GPU,302592,32504.382720000023,32538.859520000027
2,fixed_manifest,59,1,gpu_host,GPU_to_HOST,302592,32680.062400000013,32714.539200000017
2,fixed_manifest,59,2,host_fpga_pcie,HOST_to_FPGA,302592,32714.539200000017,32838.827200000014
2,fixed_manifest,60,1,host_fpga_pcie,FPGA_to_HOST,302592,33171.57472000002,33295.86272000002
2,fixed_manifest,60,2,gpu_host,HOST_to_GPU,302592,33295.86272000002,33330.33952000002
1,fixed_manifest,109,1,gpu_host,GPU_to_HOST,302592,33355.992640000004,33390.46944000001
1,fixed_manifest,109,2,host_fpga_pcie,HOST_to_FPGA,302592,33390.46944000001,33514.75744000001
1,fixed_manifest,110,1,host_fpga_pcie,FPGA_to_HOST,302592,33847.50496000001,33971.79296000001
1,fixed_manifest,110,2,gpu_host,HOST_to_GPU,302592,33971.79296000001,34006.26976000001
3,fixed_manifest,19,1,gpu_host,GPU_to_HOST,302592,34362.3232,34396.799999999996
3,fixed_manifest,19,2,host_fpga_pcie,HOST_to_FPGA,302592,34396.799999999996,34521.087999999996
3,fixed_manifest,20,1,host_fpga_pcie,FPGA_to_HOST,302592,34853.83552,34978.12352
3,fixed_manifest,20,2,gpu_host,HOST_to_GPU,302592,34978.12352,35012.600320000005
2,fixed_manifest,69,1,gpu_host,GPU_to_HOST,302592,35175.93279999999,35210.40959999999
2,fixed_manifest,69,2,host_fpga_pcie,HOST_to_FPGA,302592,35210.40959999999,35334.69759999999
2,fixed_manifest,70,1,host_fpga_pcie,FPGA_to_HOST,302592,35667.44512,35791.73312
2,fixed_manifest,70,2,gpu_host,HOST_to_GPU,302592,35791.73312,35826.20992
1,fixed_manifest,119,1,gpu_host,GPU_to_HOST,302592,35851.86303999998,35886.339839999986
1,fixed_manifest,119,2,host_fpga_pcie,HOST_to_FPGA,302592,35886.339839999986,36010.62783999998
1,fixed_manifest,120,1,host_fpga_pcie,FPGA_to_HOST,302592,36343.37535999998,36467.663359999984
1,fixed_manifest,120,2,gpu_host,HOST_to_GPU,302592,36467.663359999984,36502.14015999999
3,fixed_manifest,29,1,gpu_host,GPU_to_HOST,302592,36858.19359999997,36892.67039999997
3,fixed_manifest,29,2,host_fpga_pcie,HOST_to_FPGA,302592,36892.67039999997,37016.958399999974
2,fixed_manifest,79,1,gpu_host,GPU_to_HOST,302592,37349.70591999998,37384.182719999975
3,fixed_manifest,30,1,host_fpga_pcie,FPGA_to_HOST,302592,37349.70591999998,37538.80511999997
2,fixed_manifest,79,2,host_fpga_pcie,HOST_to_FPGA,302592,37384.182719999975,37573.28191999997
3,fixed_manifest,30,2,gpu_host,HOST_to_GPU,302592,37538.80511999997,37573.28191999997
2,fixed_manifest,80,1,host_fpga_pcie,FPGA_to_HOST,302592,37906.02943999998,38030.31743999998
2,fixed_manifest,80,2,gpu_host,HOST_to_GPU,302592,38030.31743999998,38064.794239999974
3,fixed_manifest,39,1,gpu_host,GPU_to_HOST,302592,38888.44799999996,38922.92479999996
3,fixed_manifest,39,2,host_fpga_pcie,HOST_to_FPGA,302592,38922.92479999996,39047.21279999996
2,fixed_manifest,89,1,gpu_host,GPU_to_HOST,302592,39379.96031999996,39414.437119999966
3,fixed_manifest,40,1,host_fpga_pcie,FPGA_to_HOST,302592,39379.96031999996,39569.05951999996
2,fixed_manifest,89,2,host_fpga_pcie,HOST_to_FPGA,302592,39414.437119999966,39603.536319999956
3,fixed_manifest,40,2,gpu_host,HOST_to_GPU,302592,39569.05951999996,39603.536319999956
2,fixed_manifest,90,1,host_fpga_pcie,FPGA_to_HOST,302592,39936.28383999996,40060.57183999996
2,fixed_manifest,90,2,gpu_host,HOST_to_GPU,302592,40060.57183999996,40095.048639999965
3,fixed_manifest,49,1,gpu_host,GPU_to_HOST,302592,41553.41855999994,41587.89535999994
3,fixed_manifest,49,2,host_fpga_pcie,HOST_to_FPGA,302592,41587.89535999994,41712.18335999994
3,fixed_manifest,50,1,host_fpga_pcie,FPGA_to_HOST,302592,42044.93087999994,42169.21887999994
3,fixed_manifest,50,2,gpu_host,HOST_to_GPU,302592,42169.21887999994,42203.695679999946
2,fixed_manifest,99,1,gpu_host,GPU_to_HOST,302592,42228.783999999934,42263.26079999994
2,fixed_manifest,99,2,host_fpga_pcie,HOST_to_FPGA,302592,42263.26079999994,42387.54879999994
2,fixed_manifest,100,1,host_fpga_pcie,FPGA_to_HOST,302592,42720.29631999994,42909.39551999993
4,fixed_manifest,9,1,gpu_host,GPU_to_HOST,302592,42720.29631999994,42754.77311999994
4,fixed_manifest,9,2,host_fpga_pcie,HOST_to_FPGA,302592,42754.77311999994,42943.87231999994
2,fixed_manifest,100,2,gpu_host,HOST_to_GPU,302592,42909.39551999993,42943.87231999994
3,fixed_manifest,59,1,gpu_host,GPU_to_HOST,302592,43276.61983999994,43311.096639999945
4,fixed_manifest,10,1,host_fpga_pcie,FPGA_to_HOST,302592,43276.61983999994,43465.71903999993
3,fixed_manifest,59,2,host_fpga_pcie,HOST_to_FPGA,302592,43311.096639999945,43500.195839999935
4,fixed_manifest,10,2,gpu_host,HOST_to_GPU,302592,43465.71903999993,43500.195839999935
3,fixed_manifest,60,1,host_fpga_pcie,FPGA_to_HOST,302592,43832.94335999994,43957.23135999994
3,fixed_manifest,60,2,gpu_host,HOST_to_GPU,302592,43957.23135999994,43991.708159999944
2,fixed_manifest,109,1,gpu_host,GPU_to_HOST,302592,44572.41023999991,44606.887039999914
2,fixed_manifest,109,2,host_fpga_pcie,HOST_to_FPGA,302592,44606.887039999914,44731.175039999915
2,fixed_manifest,110,1,host_fpga_pcie,FPGA_to_HOST,302592,45063.92255999991,45188.21055999991
2,fixed_manifest,110,2,gpu_host,HOST_to_GPU,302592,45188.21055999991,45222.687359999916
4,fixed_manifest,19,1,gpu_host,GPU_to_HOST,302592,45386.019839999906,45420.4966399999
4,fixed_manifest,19,2,host_fpga_pcie,HOST_to_FPGA,302592,45420.4966399999,45544.7846399999
4,fixed_manifest,20,1,host_fpga_pcie,FPGA_to_HOST,302592,45877.53215999991,46001.82015999991
4,fixed_manifest,20,2,gpu_host,HOST_to_GPU,302592,46001.82015999991,46036.29695999991
3,fixed_manifest,69,1,gpu_host,GPU_to_HOST,302592,46061.95007999989,46096.4268799999
3,fixed_manifest,69,2,host_fpga_pcie,HOST_to_FPGA,302592,46096.4268799999,46220.7148799999
3,fixed_manifest,70,1,host_fpga_pcie,FPGA_to_HOST,302592,46553.462399999895,46677.750399999895
3,fixed_manifest,70,2,gpu_host,HOST_to_GPU,302592,46677.750399999895,46712.2271999999
2,fixed_manifest,119,1,gpu_host,GPU_to_HOST,302592,47068.28063999988,47102.757439999885
2,fixed_manifest,119,2,host_fpga_pcie,HOST_to_FPGA,302592,47102.757439999885,47227.045439999885
2,fixed_manifest,120,1,host_fpga_pcie,FPGA_to_HOST,302592,47559.79295999989,47684.08095999989
2,fixed_manifest,120,2,gpu_host,HOST_to_GPU,302592,47684.08095999989,47718.557759999894
4,fixed_manifest,29,1,gpu_host,GPU_to_HOST,302592,47881.89023999988,47916.36703999988
4,fixed_manifest,29,2,host_fpga_pcie,HOST_to_FPGA,302592,47916.36703999988,48040.65503999988
3,fixed_manifest,79,1,gpu_host,GPU_to_HOST,302592,48373.402559999886,48407.87935999988
4,fixed_manifest,30,1,host_fpga_pcie,FPGA_to_HOST,302592,48373.402559999886,48562.501759999876
3,fixed_manifest,79,2,host_fpga_pcie,HOST_to_FPGA,302592,48407.87935999988,48596.97855999988
4,fixed_manifest,30,2,gpu_host,HOST_to_GPU,302592,48562.501759999876,48596.97855999988
3,fixed_manifest,80,1,host_fpga_pcie,FPGA_to_HOST,302592,48929.726079999884,49054.014079999884
3,fixed_manifest,80,2,gpu_host,HOST_to_GPU,302592,49054.014079999884,49088.49087999988
4,fixed_manifest,39,1,gpu_host,GPU_to_HOST,302592,49912.14463999987,49946.621439999864
4,fixed_manifest,39,2,host_fpga_pcie,HOST_to_FPGA,302592,49946.621439999864,50070.909439999865
4,fixed_manifest,40,1,host_fpga_pcie,FPGA_to_HOST,302592,50403.65695999987,50543.53727999988
3,fixed_manifest,89,1,gpu_host,GPU_to_HOST,302592,50452.875839999855,50487.35263999986
3,fixed_manifest,89,2,host_fpga_pcie,HOST_to_FPGA,302592,50487.35263999986,50627.23295999986
4,fixed_manifest,40,2,gpu_host,HOST_to_GPU,302592,50543.53727999988,50578.01407999988
3,fixed_manifest,90,1,host_fpga_pcie,FPGA_to_HOST,302592,50959.98047999987,51084.26847999987
3,fixed_manifest,90,2,gpu_host,HOST_to_GPU,302592,51084.26847999987,51118.74527999987
5,fixed_manifest,9,1,gpu_host,GPU_to_HOST,302592,51924.06847999984,51958.545279999846
5,fixed_manifest,9,2,host_fpga_pcie,HOST_to_FPGA,302592,51958.545279999846,52082.833279999846
5,fixed_manifest,10,1,host_fpga_pcie,FPGA_to_HOST,302592,52415.58079999985,52539.86879999985
5,fixed_manifest,10,2,gpu_host,HOST_to_GPU,302592,52539.86879999985,52574.34559999985
4,fixed_manifest,49,1,gpu_host,GPU_to_HOST,302592,52715.54847999984,52750.02527999984
4,fixed_manifest,49,2,host_fpga_pcie,HOST_to_FPGA,302592,52750.02527999984,52874.31327999984
4,fixed_manifest,50,1,host_fpga_pcie,FPGA_to_HOST,302592,53207.06079999985,53331.34879999985
4,fixed_manifest,50,2,gpu_host,HOST_to_GPU,302592,53331.34879999985,53365.825599999844
3,fixed_manifest,99,1,gpu_host,GPU_to_HOST,302592,53391.47871999983,53425.95551999983
3,fixed_manifest,99,2,host_fpga_pcie,HOST_to_FPGA,302592,53425.95551999983,53550.24351999983
3,fixed_manifest,100,1,host_fpga_pcie,FPGA_to_HOST,302592,53882.99103999983,54007.279039999834
3,fixed_manifest,100,2,gpu_host,HOST_to_GPU,302592,54007.279039999834,54041.75583999984
5,fixed_manifest,19,1,gpu_host,GPU_to_HOST,302592,54397.80927999982,54432.28607999982
5,fixed_manifest,19,2,host_fpga_pcie,HOST_to_FPGA,302592,54432.28607999982,54556.574079999824
5,fixed_manifest,20,1,host_fpga_pcie,FPGA_to_HOST,302592,54889.32159999983,55013.60959999983
5,fixed_manifest,20,2,gpu_host,HOST_to_GPU,302592,55013.60959999983,55048.086399999826
4,fixed_manifest,59,1,gpu_host,GPU_to_HOST,302592,55211.418879999816,55245.89567999982
4,fixed_manifest,59,2,host_fpga_pcie,HOST_to_FPGA,302592,55245.89567999982,55370.18367999982
4,fixed_manifest,60,1,host_fpga_pcie,FPGA_to_HOST,302592,55702.93119999982,55827.21919999982
4,fixed_manifest,60,2,gpu_host,HOST_to_GPU,302592,55827.21919999982,55861.69599999982
3,fixed_manifest,109,1,gpu_host,GPU_to_HOST,302592,55887.3491199998,55921.82591999981
3,fixed_manifest,109,2,host_fpga_pcie,HOST_to_FPGA,302592,55921.82591999981,56046.11391999981
3,fixed_manifest,110,1,host_fpga_pcie,FPGA_to_HOST,302592,56378.86143999981,56503.14943999981
3,fixed_manifest,110,2,gpu_host,HOST_to_GPU,302592,56503.14943999981,56537.62623999981
5,fixed_manifest,29,1,gpu_host,GPU_to_HOST,302592,56893.6796799998,56928.156479999794
5,fixed_manifest,29,2,host_fpga_pcie,HOST_to_FPGA,302592,56928.156479999794,57052.444479999795
5,fixed_manifest,30,1,host_fpga_pcie,FPGA_to_HOST,302592,57385.1919999998,57509.4799999998
5,fixed_manifest,30,2,gpu_host,HOST_to_GPU,302592,57509.4799999998,57543.9567999998
4,fixed_manifest,69,1,gpu_host,GPU_to_HOST,302592,57707.289279999786,57741.76607999979
4,fixed_manifest,69,2,host_fpga_pcie,HOST_to_FPGA,302592,57741.76607999979,57866.05407999979
4,fixed_manifest,70,1,host_fpga_pcie,FPGA_to_HOST,302592,58198.801599999795,58323.089599999796
4,fixed_manifest,70,2,gpu_host,HOST_to_GPU,302592,58323.089599999796,58357.5663999998
3,fixed_manifest,119,1,gpu_host,GPU_to_HOST,302592,58383.21951999978,58417.696319999784
3,fixed_manifest,119,2,host_fpga_pcie,HOST_to_FPGA,302592,58417.696319999784,58541.984319999785
3,fixed_manifest,120,1,host_fpga_pcie,FPGA_to_HOST,302592,58874.73183999978,58999.01983999978
3,fixed_manifest,120,2,gpu_host,HOST_to_GPU,302592,58999.01983999978,59033.49663999979
5,fixed_manifest,39,1,gpu_host,GPU_to_HOST,302592,59389.55007999977,59424.02687999977
5,fixed_manifest,39,2,host_fpga_pcie,HOST_to_FPGA,302592,59424.02687999977,59548.31487999977
4,fixed_manifest,79,1,gpu_host,GPU_to_HOST,302592,59881.06239999978,59915.53919999978
5,fixed_manifest,40,1,host_fpga_pcie,FPGA_to_HOST,302592,59881.06239999978,60070.16159999977
4,fixed_manifest,79,2,host_fpga_pcie,HOST_to_FPGA,302592,59915.53919999978,60104.63839999977
5,fixed_manifest,40,2,gpu_host,HOST_to_GPU,302592,60070.16159999977,60104.63839999977
4,fixed_manifest,80,1,host_fpga_pcie,FPGA_to_HOST,302592,60437.385919999775,60561.673919999776
4,fixed_manifest,80,2,gpu_host,HOST_to_GPU,302592,60561.673919999776,60596.15071999978
5,fixed_manifest,49,1,gpu_host,GPU_to_HOST,302592,62432.52671999998,62467.003519999984
5,fixed_manifest,49,2,host_fpga_pcie,HOST_to_FPGA,302592,62467.003519999984,62591.291519999984
5,fixed_manifest,50,1,host_fpga_pcie,FPGA_to_HOST,302592,62924.039039999974,63113.13823999999
6,fixed_manifest,9,1,gpu_host,GPU_to_HOST,302592,62924.039039999974,62958.515839999964
6,fixed_manifest,9,2,host_fpga_pcie,HOST_to_FPGA,302592,62958.515839999964,63147.61503999998
5,fixed_manifest,50,2,gpu_host,HOST_to_GPU,302592,63113.13823999999,63147.61503999998
4,fixed_manifest,89,1,gpu_host,GPU_to_HOST,302592,63480.36255999997,63514.83935999996
6,fixed_manifest,10,1,host_fpga_pcie,FPGA_to_HOST,302592,63480.36255999997,63669.46175999999
4,fixed_manifest,89,2,host_fpga_pcie,HOST_to_FPGA,302592,63514.83935999996,63703.93855999998
6,fixed_manifest,10,2,gpu_host,HOST_to_GPU,302592,63669.46175999999,63703.93855999998
4,fixed_manifest,90,1,host_fpga_pcie,FPGA_to_HOST,302592,64036.68607999998,64160.97407999997
4,fixed_manifest,90,2,gpu_host,HOST_to_GPU,302592,64160.97407999997,64195.45087999996
5,fixed_manifest,59,1,gpu_host,GPU_to_HOST,302592,64462.78111999999,64497.25791999998
5,fixed_manifest,59,2,host_fpga_pcie,HOST_to_FPGA,302592,64497.25791999998,64621.54591999998
5,fixed_manifest,60,1,host_fpga_pcie,FPGA_to_HOST,302592,64954.29343999998,65078.58143999998
5,fixed_manifest,60,2,gpu_host,HOST_to_GPU,302592,65078.58143999998,65113.05823999997
6,fixed_manifest,19,1,gpu_host,GPU_to_HOST,302592,65469.111679999995,65503.588479999984
6,fixed_manifest,19,2,host_fpga_pcie,HOST_to_FPGA,302592,65503.588479999984,65627.87647999999
6,fixed_manifest,20,1,host_fpga_pcie,FPGA_to_HOST,302592,65960.62399999998,66084.91199999998
6,fixed_manifest,20,2,gpu_host,HOST_to_GPU,302592,66084.91199999998,66119.38879999997
4,fixed_manifest,99,1,gpu_host,GPU_to_HOST,302592,66282.72128,66317.19807999999
4,fixed_manifest,99,2,host_fpga_pcie,HOST_to_FPGA,302592,66317.19807999999,66441.48607999999
4,fixed_manifest,100,1,host_fpga_pcie,FPGA_to_HOST,302592,66774.23359999998,66898.52159999998
4,fixed_manifest,100,2,gpu_host,HOST_to_GPU,302592,66898.52159999998,66932.99839999997
5,fixed_manifest,69,1,gpu_host,GPU_to_HOST,302592,66958.65152000001,66993.12832
5,fixed_manifest,69,2,host_fpga_pcie,HOST_to_FPGA,302592,66993.12832,67117.41632
5,fixed_manifest,70,1,host_fpga_pcie,FPGA_to_HOST,302592,67450.16384,67574.45184
5,fixed_manifest,70,2,gpu_host,HOST_to_GPU,302592,67574.45184,67608.92863999998
6,fixed_manifest,29,1,gpu_host,GPU_to_HOST,302592,67964.98208000002,67999.45888
6,fixed_manifest,29,2,host_fpga_pcie,HOST_to_FPGA,302592,67999.45888,68123.74688
6,fixed_manifest,30,1,host_fpga_pcie,FPGA_to_HOST,302592,68456.4944,68580.7824
6,fixed_manifest,30,2,gpu_host,HOST_to_GPU,302592,68580.7824,68615.25919999999
4,fixed_manifest,109,1,gpu_host,GPU_to_HOST,302592,68778.59168000001,68813.06848
4,fixed_manifest,109,2,host_fpga_pcie,HOST_to_FPGA,302592,68813.06848,68937.35648
4,fixed_manifest,110,1,host_fpga_pcie,FPGA_to_HOST,302592,69270.10399999999,69394.39199999999
4,fixed_manifest,110,2,gpu_host,HOST_to_GPU,302592,69394.39199999999,69428.86879999998
5,fixed_manifest,79,1,gpu_host,GPU_to_HOST,302592,69454.52192000003,69488.99872000002
5,fixed_manifest,79,2,host_fpga_pcie,HOST_to_FPGA,302592,69488.99872000002,69613.28672000002
5,fixed_manifest,80,1,host_fpga_pcie,FPGA_to_HOST,302592,69946.03424000001,70070.32224000001
5,fixed_manifest,80,2,gpu_host,HOST_to_GPU,302592,70070.32224000001,70104.79904
6,fixed_manifest,39,1,gpu_host,GPU_to_HOST,302592,70612.35936000003,70646.83616000002
6,fixed_manifest,39,2,host_fpga_pcie,HOST_to_FPGA,302592,70646.83616000002,70771.12416000002
6,fixed_manifest,40,1,host_fpga_pcie,FPGA_to_HOST,302592,71103.87168000001,71228.15968000001
6,fixed_manifest,40,2,gpu_host,HOST_to_GPU,302592,71228.15968000001,71262.63648
4,fixed_manifest,119,1,gpu_host,GPU_to_HOST,302592,71927.52544000004,71962.00224000003
4,fixed_manifest,119,2,host_fpga_pcie,HOST_to_FPGA,302592,71962.00224000003,72086.29024000003
4,fixed_manifest,120,1,host_fpga_pcie,FPGA_to_HOST,302592,72419.03776000002,72543.32576000002
4,fixed_manifest,120,2,gpu_host,HOST_to_GPU,302592,72543.32576000002,72577.80256000001
5,fixed_manifest,89,1,gpu_host,GPU_to_HOST,302592,73086.10016000005,73120.57696000003
5,fixed_manifest,89,2,host_fpga_pcie,HOST_to_FPGA,302592,73120.57696000003,73244.86496000004
5,fixed_manifest,90,1,host_fpga_pcie,FPGA_to_HOST,302592,73577.61248000003,73766.71168000004
7,fixed_manifest,9,1,gpu_host,GPU_to_HOST,302592,73577.61248000003,73612.08928000001
7,fixed_manifest,9,2,host_fpga_pcie,HOST_to_FPGA,302592,73612.08928000001,73801.18848000003
5,fixed_manifest,90,2,gpu_host,HOST_to_GPU,302592,73766.71168000004,73801.18848000003
6,fixed_manifest,49,1,gpu_host,GPU_to_HOST,302592,74133.93600000003,74168.41280000002
7,fixed_manifest,10,1,host_fpga_pcie,FPGA_to_HOST,302592,74133.93600000003,74323.03520000004
6,fixed_manifest,49,2,host_fpga_pcie,HOST_to_FPGA,302592,74168.41280000002,74357.51200000003
7,fixed_manifest,10,2,gpu_host,HOST_to_GPU,302592,74323.03520000004,74357.51200000003
6,fixed_manifest,50,1,host_fpga_pcie,FPGA_to_HOST,302592,74690.25952000002,74814.54752000002
6,fixed_manifest,50,2,gpu_host,HOST_to_GPU,302592,74814.54752000002,74849.02432000001
5,fixed_manifest,99,1,gpu_host,GPU_to_HOST,302592,75116.35456000004,75150.83136000003
5,fixed_manifest,99,2,host_fpga_pcie,HOST_to_FPGA,302592,75150.83136000003,75275.11936000003
5,fixed_manifest,100,1,host_fpga_pcie,FPGA_to_HOST,302592,75607.86688000003,75732.15488000003
5,fixed_manifest,100,2,gpu_host,HOST_to_GPU,302592,75732.15488000003,75766.63168000002
7,fixed_manifest,19,1,gpu_host,GPU_to_HOST,302592,76122.68512000005,76157.16192000004
7,fixed_manifest,19,2,host_fpga_pcie,HOST_to_FPGA,302592,76157.16192000004,76281.44992000004
7,fixed_manifest,20,1,host_fpga_pcie,FPGA_to_HOST,302592,76614.19744000003,76738.48544000003
7,fixed_manifest,20,2,gpu_host,HOST_to_GPU,302592,76738.48544000003,76772.96224000002
6,fixed_manifest,59,1,gpu_host,GPU_to_HOST,302592,76936.29472000005,76970.77152000004
6,fixed_manifest,59,2,host_fpga_pcie,HOST_to_FPGA,302592,76970.77152000004,77095.05952000004
6,fixed_manifest,60,1,host_fpga_pcie,FPGA_to_HOST,302592,77427.80704000003,77552.09504000003
6,fixed_manifest,60,2,gpu_host,HOST_to_GPU,302592,77552.09504000003,77586.57184000002
5,fixed_manifest,109,1,gpu_host,GPU_to_HOST,302592,77612.22496000007,77646.70176000005
5,fixed_manifest,109,2,host_fpga_pcie,HOST_to_FPGA,302592,77646.70176000005,77770.98976000005
5,fixed_manifest,110,1,host_fpga_pcie,FPGA_to_HOST,302592,78103.73728000004,78228.02528000005
5,fixed_manifest,110,2,gpu_host,HOST_to_GPU,302592,78228.02528000005,78262.50208000003
7,fixed_manifest,29,1,gpu_host,GPU_to_HOST,302592,78618.55552000007,78653.03232000006
7,fixed_manifest,29,2,host_fpga_pcie,HOST_to_FPGA,302592,78653.03232000006,78777.32032000006
7,fixed_manifest,30,1,host_fpga_pcie,FPGA_to_HOST,302592,79110.06784000005,79234.35584000005
7,fixed_manifest,30,2,gpu_host,HOST_to_GPU,302592,79234.35584000005,79268.83264000004
6,fixed_manifest,69,1,gpu_host,GPU_to_HOST,302592,79432.16512000006,79466.64192000005
6,fixed_manifest,69,2,host_fpga_pcie,HOST_to_FPGA,302592,79466.64192000005,79590.92992000005
6,fixed_manifest,70,1,host_fpga_pcie,FPGA_to_HOST,302592,79923.67744000004,80047.96544000004
6,fixed_manifest,70,2,gpu_host,HOST_to_GPU,302592,80047.96544000004,80082.44224000003
5,fixed_manifest,119,1,gpu_host,GPU_to_HOST,302592,80108.09536000008,80142.57216000007
5,fixed_manifest,119,2,host_fpga_pcie,HOST_to_FPGA,302592,80142.57216000007,80266.86016000007
5,fixed_manifest,120,1,host_fpga_pcie,FPGA_to_HOST,302592,80599.60768000006,80723.89568000006
5,fixed_manifest,120,2,gpu_host,HOST_to_GPU,302592,80723.89568000006,80758.37248000005
7,fixed_manifest,39,1,gpu_host,GPU_to_HOST,302592,81749.14208000009,81783.61888000008
7,fixed_manifest,39,2,host_fpga_pcie,HOST_to_FPGA,302592,81783.61888000008,81907.90688000008
7,fixed_manifest,40,1,host_fpga_pcie,FPGA_to_HOST,302592,82240.65440000007,82364.94240000007
6,fixed_manifest,79,1,gpu_host,GPU_to_HOST,302592,82305.6089600001,82340.08576000009
6,fixed_manifest,79,2,host_fpga_pcie,HOST_to_FPGA,302592,82340.08576000009,82464.37376000009
7,fixed_manifest,40,2,gpu_host,HOST_to_GPU,302592,82364.94240000007,82399.41920000006
6,fixed_manifest,80,1,host_fpga_pcie,FPGA_to_HOST,302592,82797.12128000008,82986.22048000009
8,fixed_manifest,9,1,gpu_host,GPU_to_HOST,302592,82797.12128000008,82831.59808000007
8,fixed_manifest,9,2,host_fpga_pcie,HOST_to_FPGA,302592,82831.59808000007,83020.69728000008
6,fixed_manifest,80,2,gpu_host,HOST_to_GPU,302592,82986.22048000009,83020.69728000008
8,fixed_manifest,10,1,host_fpga_pcie,FPGA_to_HOST,302592,83353.44480000008,83477.73280000009
8,fixed_manifest,10,2,gpu_host,HOST_to_GPU,302592,83477.73280000009,83512.20960000006
7,fixed_manifest,49,1,gpu_host,GPU_to_HOST,302592,83714.58528000007,83749.06208000006
7,fixed_manifest,49,2,host_fpga_pcie,HOST_to_FPGA,302592,83749.06208000006,83873.35008000006
7,fixed_manifest,50,1,host_fpga_pcie,FPGA_to_HOST,302592,84206.09760000005,84330.38560000005
7,fixed_manifest,50,2,gpu_host,HOST_to_GPU,302592,84330.38560000005,84364.86240000004
6,fixed_manifest,89,1,gpu_host,GPU_to_HOST,302592,84720.91584000007,84755.39264000006
6,fixed_manifest,89,2,host_fpga_pcie,HOST_to_FPGA,302592,84755.39264000006,84879.68064000006
6,fixed_manifest,90,1,host_fpga_pcie,FPGA_to_HOST,302592,85212.42816000007,85336.71616000005
6,fixed_manifest,90,2,gpu_host,HOST_to_GPU,302592,85336.71616000005,85371.19296000004
8,fixed_manifest,19,1,gpu_host,GPU_to_HOST,302592,85534.52544000008,85569.00224000006
8,fixed_manifest,19,2,host_fpga_pcie,HOST_to_FPGA,302592,85569.00224000006,85693.29024000006
8,fixed_manifest,20,1,host_fpga_pcie,FPGA_to_HOST,302592,86026.03776000006,86150.32576000007
8,fixed_manifest,20,2,gpu_host,HOST_to_GPU,302592,86150.32576000007,86184.80256000005
7,fixed_manifest,59,1,gpu_host,GPU_to_HOST,302592,86210.45568000009,86244.93248000008
7,fixed_manifest,59,2,host_fpga_pcie,HOST_to_FPGA,302592,86244.93248000008,86369.22048000008
7,fixed_manifest,60,1,host_fpga_pcie,FPGA_to_HOST,302592,86701.96800000008,86826.25600000007
7,fixed_manifest,60,2,gpu_host,HOST_to_GPU,302592,86826.25600000007,86860.73280000006
6,fixed_manifest,99,1,gpu_host,GPU_to_HOST,302592,87216.78624000009,87251.26304000008
6,fixed_manifest,99,2,host_fpga_pcie,HOST_to_FPGA,302592,87251.26304000008,87375.55104000008
6,fixed_manifest,100,1,host_fpga_pcie,FPGA_to_HOST,302592,87708.29856000008,87832.58656000008
6,fixed_manifest,100,2,gpu_host,HOST_to_GPU,302592,87832.58656000008,87867.06336000007
8,fixed_manifest,29,1,gpu_host,GPU_to_HOST,302592,88030.3958400001,88064.87264000009
8,fixed_manifest,29,2,host_fpga_pcie,HOST_to_FPGA,302592,88064.87264000009,88189.16064000009
8,fixed_manifest,30,1,host_fpga_pcie,FPGA_to_HOST,302592,88521.90816000008,88646.19616000008
8,fixed_manifest,30,2,gpu_host,HOST_to_GPU,302592,88646.19616000008,88680.67296000007
7,fixed_manifest,69,1,gpu_host,GPU_to_HOST,302592,88706.3260800001,88740.80288000009
7,fixed_manifest,69,2,host_fpga_pcie,HOST_to_FPGA,302592,88740.80288000009,88865.09088000009
7,fixed_manifest,70,1,host_fpga_pcie,FPGA_to_HOST,302592,89197.8384000001,89322.1264000001
7,fixed_manifest,70,2,gpu_host,HOST_to_GPU,302592,89322.1264000001,89356.60320000009
6,fixed_manifest,109,1,gpu_host,GPU_to_HOST,302592,89712.6566400001,89747.13344000009
6,fixed_manifest,109,2,host_fpga_pcie,HOST_to_FPGA,302592,89747.13344000009,89871.4214400001
6,fixed_manifest,110,1,host_fpga_pcie,FPGA_to_HOST,302592,90204.1689600001,90328.4569600001
6,fixed_manifest,110,2,gpu_host,HOST_to_GPU,302592,90328.4569600001,90362.93376000009
8,fixed_manifest,39,1,gpu_host,GPU_to_HOST,302592,90677.77312000011,90712.2499200001
8,fixed_manifest,39,2,host_fpga_pcie,HOST_to_FPGA,302592,90712.2499200001,90836.5379200001
8,fixed_manifest,40,1,host_fpga_pcie,FPGA_to_HOST,302592,91169.2854400001,91293.5734400001
8,fixed_manifest,40,2,gpu_host,HOST_to_GPU,302592,91293.5734400001,91328.05024000008
7,fixed_manifest,79,1,gpu_host,GPU_to_HOST,302592,91836.91264000013,91871.38944000012
7,fixed_manifest,79,2,host_fpga_pcie,HOST_to_FPGA,302592,91871.38944000012,91995.67744000012
7,fixed_manifest,80,1,host_fpga_pcie,FPGA_to_HOST,302592,92328.42496000012,92452.7129600001
7,fixed_manifest,80,2,gpu_host,HOST_to_GPU,302592,92452.7129600001,92487.1897600001
6,fixed_manifest,119,1,gpu_host,GPU_to_HOST,302592,93169.86112000013,93204.33792000012
6,fixed_manifest,119,2,host_fpga_pcie,HOST_to_FPGA,302592,93204.33792000012,93328.62592000012
6,fixed_manifest,120,1,host_fpga_pcie,FPGA_to_HOST,302592,93661.37344000011,93850.47264000012
9,fixed_manifest,9,1,gpu_host,GPU_to_HOST,302592,93661.37344000011,93695.8502400001
9,fixed_manifest,9,2,host_fpga_pcie,HOST_to_FPGA,302592,93695.8502400001,93884.94944000011
6,fixed_manifest,120,2,gpu_host,HOST_to_GPU,302592,93850.47264000012,93884.94944000011
8,fixed_manifest,49,1,gpu_host,GPU_to_HOST,302592,94217.69696000012,94252.17376000009
9,fixed_manifest,10,1,host_fpga_pcie,FPGA_to_HOST,302592,94217.69696000012,94406.79616000013
8,fixed_manifest,49,2,host_fpga_pcie,HOST_to_FPGA,302592,94252.17376000009,94441.27296000012
9,fixed_manifest,10,2,gpu_host,HOST_to_GPU,302592,94406.79616000013,94441.27296000012
7,fixed_manifest,89,1,gpu_host,GPU_to_HOST,302592,94774.02048000011,94808.4972800001
8,fixed_manifest,50,1,host_fpga_pcie,FPGA_to_HOST,302592,94774.02048000011,94963.11968000012
7,fixed_manifest,89,2,host_fpga_pcie,HOST_to_FPGA,302592,94808.4972800001,94997.59648000011
8,fixed_manifest,50,2,gpu_host,HOST_to_GPU,302592,94963.11968000012,94997.59648000011
7,fixed_manifest,90,1,host_fpga_pcie,FPGA_to_HOST,302592,95330.34400000011,95454.63200000011
7,fixed_manifest,90,2,gpu_host,HOST_to_GPU,302592,95454.63200000011,95489.1088000001
9,fixed_manifest,19,1,gpu_host,GPU_to_HOST,302592,95756.43904000013,95790.91584000012
9,fixed_manifest,19,2,host_fpga_pcie,HOST_to_FPGA,302592,95790.91584000012,95915.20384000012
9,fixed_manifest,20,1,host_fpga_pcie,FPGA_to_HOST,302592,96247.95136000011,96372.23936000011
9,fixed_manifest,20,2,gpu_host,HOST_to_GPU,302592,96372.23936000011,96406.7161600001
8,fixed_manifest,59,1,gpu_host,GPU_to_HOST,302592,96762.76960000013,96797.24640000012
8,fixed_manifest,59,2,host_fpga_pcie,HOST_to_FPGA,302592,96797.24640000012,96921.53440000012
8,fixed_manifest,60,1,host_fpga_pcie,FPGA_to_HOST,302592,97254.28192000011,97378.56992000011
8,fixed_manifest,60,2,gpu_host,HOST_to_GPU,302592,97378.56992000011,97413.0467200001
7,fixed_manifest,99,1,gpu_host,GPU_to_HOST,302592,97576.37920000013,97610.85600000012
7,fixed_manifest,99,2,host_fpga_pcie,HOST_to_FPGA,302592,97610.85600000012,97735.14400000012
7,fixed_manifest,100,1,host_fpga_pcie,FPGA_to_HOST,302592,98067.89152000012,98192.17952000012
7,fixed_manifest,100,2,gpu_host,HOST_to_GPU,302592,98192.17952000012,98226.65632000011
9,fixed_manifest,29,1,gpu_host,GPU_to_HOST,302592,98252.30944000014,98286.78624000013
9,fixed_manifest,29,2,host_fpga_pcie,HOST_to_FPGA,302592,98286.78624000013,98411.07424000013
9,fixed_manifest,30,1,host_fpga_pcie,FPGA_to_HOST,302592,98743.82176000012,98868.10976000012
9,fixed_manifest,30,2,gpu_host,HOST_to_GPU,302592,98868.10976000012,98902.58656000011
8,fixed_manifest,69,1,gpu_host,GPU_to_HOST,302592,99258.64000000014,99293.11680000013
8,fixed_manifest,69,2,host_fpga_pcie,HOST_to_FPGA,302592,99293.11680000013,99417.40480000013
8,fixed_manifest,70,1,host_fpga_pcie,FPGA_to_HOST,302592,99750.15232000014,99874.44032000013
8,fixed_manifest,70,2,gpu_host,HOST_to_GPU,302592,99874.44032000013,99908.91712000011
7,fixed_manifest,109,1,gpu_host,GPU_to_HOST,302592,100072.24960000016,100106.72640000013
7,fixed_manifest,109,2,host_fpga_pcie,HOST_to_FPGA,302592,100106.72640000013,100231.01440000013
7,fixed_manifest,110,1,host_fpga_pcie,FPGA_to_HOST,302592,100563.76192000014,100688.04992000014
7,fixed_manifest,110,2,gpu_host,HOST_to_GPU,302592,100688.04992000014,100722.52672000013
9,fixed_manifest,39,1,gpu_host,GPU_to_HOST,302592,100940.16352000016,100974.64032000015
9,fixed_manifest,39,2,host_fpga_pcie,HOST_to_FPGA,302592,100974.64032000015,101098.92832000015
9,fixed_manifest,40,1,host_fpga_pcie,FPGA_to_HOST,302592,101431.67584000016,101555.96384000016
9,fixed_manifest,40,2,gpu_host,HOST_to_GPU,302592,101555.96384000016,101590.44064000015
8,fixed_manifest,79,1,gpu_host,GPU_to_HOST,302592,102719.62688000017,102754.10368000015
8,fixed_manifest,79,2,host_fpga_pcie,HOST_to_FPGA,302592,102754.10368000015,102878.39168000015
8,fixed_manifest,80,1,host_fpga_pcie,FPGA_to_HOST,302592,103211.13920000015,103335.42720000015
8,fixed_manifest,80,2,gpu_host,HOST_to_GPU,302592,103335.42720000015,103376.72768000013
10,fixed_manifest,9,1,gpu_host,GPU_to_HOST,302592,103355.08032000017,103396.38080000014
10,fixed_manifest,9,2,host_fpga_pcie,HOST_to_FPGA,302592,103396.38080000014,103520.66880000014
7,fixed_manifest,119,1,gpu_host,GPU_to_HOST,302592,103853.41632000013,103887.89312000012
10,fixed_manifest,10,1,host_fpga_pcie,FPGA_to_HOST,302592,103853.41632000013,104042.51552000016
7,fixed_manifest,119,2,host_fpga_pcie,HOST_to_FPGA,302592,103887.89312000012,104076.99232000015
10,fixed_manifest,10,2,gpu_host,HOST_to_GPU,302592,104042.51552000016,104076.99232000015
7,fixed_manifest,120,1,host_fpga_pcie,FPGA_to_HOST,302592,104409.73984000014,104598.83904000015
9,fixed_manifest,49,1,gpu_host,GPU_to_HOST,302592,104409.73984000014,104444.21664000013
9,fixed_manifest,49,2,host_fpga_pcie,HOST_to_FPGA,302592,104444.21664000013,104633.31584000014
7,fixed_manifest,120,2,gpu_host,HOST_to_GPU,302592,104598.83904000015,104633.31584000014
9,fixed_manifest,50,1,host_fpga_pcie,FPGA_to_HOST,302592,104966.06336000015,105090.35136000015
9,fixed_manifest,50,2,gpu_host,HOST_to_GPU,302592,105090.35136000015,105124.82816000012
8,fixed_manifest,89,1,gpu_host,GPU_to_HOST,302592,105233.84448000019,105268.32128000018
8,fixed_manifest,89,2,host_fpga_pcie,HOST_to_FPGA,302592,105268.32128000018,105392.60928000018
8,fixed_manifest,90,1,host_fpga_pcie,FPGA_to_HOST,302592,105725.35680000017,105849.64480000017
8,fixed_manifest,90,2,gpu_host,HOST_to_GPU,302592,105849.64480000017,105884.12160000016
10,fixed_manifest,19,1,gpu_host,GPU_to_HOST,302592,105946.9027200002,105981.37952000019
10,fixed_manifest,19,2,host_fpga_pcie,HOST_to_FPGA,302592,105981.37952000019,106105.66752000019
10,fixed_manifest,20,1,host_fpga_pcie,FPGA_to_HOST,302592,106438.4150400002,106562.7030400002
10,fixed_manifest,20,2,gpu_host,HOST_to_GPU,302592,106562.7030400002,106597.17984000019
9,fixed_manifest,59,1,gpu_host,GPU_to_HOST,302592,106953.23328000022,106987.7100800002
9,fixed_manifest,59,2,host_fpga_pcie,HOST_to_FPGA,302592,106987.7100800002,107111.9980800002
9,fixed_manifest,60,1,host_fpga_pcie,FPGA_to_HOST,302592,107444.7456000002,107569.0336000002
9,fixed_manifest,60,2,gpu_host,HOST_to_GPU,302592,107569.0336000002,107603.51040000019
8,fixed_manifest,99,1,gpu_host,GPU_to_HOST,302592,107766.84288000021,107801.3196800002
8,fixed_manifest,99,2,host_fpga_pcie,HOST_to_FPGA,302592,107801.3196800002,107925.6076800002
8,fixed_manifest,100,1,host_fpga_pcie,FPGA_to_HOST,302592,108258.3552000002,108382.6432000002
8,fixed_manifest,100,2,gpu_host,HOST_to_GPU,302592,108382.6432000002,108417.12000000018
10,fixed_manifest,29,1,gpu_host,GPU_to_HOST,302592,108442.77312000023,108477.2499200002
10,fixed_manifest,29,2,host_fpga_pcie,HOST_to_FPGA,302592,108477.2499200002,108601.5379200002
10,fixed_manifest,30,1,host_fpga_pcie,FPGA_to_HOST,302592,108934.28544000021,109058.57344000021
10,fixed_manifest,30,2,gpu_host,HOST_to_GPU,302592,109058.57344000021,109093.0502400002
9,fixed_manifest,69,1,gpu_host,GPU_to_HOST,302592,109449.10368000023,109483.58048000022
9,fixed_manifest,69,2,host_fpga_pcie,HOST_to_FPGA,302592,109483.58048000022,109607.86848000022
9,fixed_manifest,70,1,host_fpga_pcie,FPGA_to_HOST,302592,109940.61600000021,110064.90400000021
9,fixed_manifest,70,2,gpu_host,HOST_to_GPU,302592,110064.90400000021,110099.3808000002
8,fixed_manifest,109,1,gpu_host,GPU_to_HOST,302592,110414.22016000023,110448.69696000022
8,fixed_manifest,109,2,host_fpga_pcie,HOST_to_FPGA,302592,110448.69696000022,110572.98496000022
8,fixed_manifest,110,1,host_fpga_pcie,FPGA_to_HOST,302592,110905.73248000021,111030.02048000021
8,fixed_manifest,110,2,gpu_host,HOST_to_GPU,302592,111030.02048000021,111064.4972800002
10,fixed_manifest,39,1,gpu_host,GPU_to_HOST,302592,111573.35968000024,111607.83648000023
10,fixed_manifest,39,2,host_fpga_pcie,HOST_to_FPGA,302592,111607.83648000023,111732.12448000023
10,fixed_manifest,40,1,host_fpga_pcie,FPGA_to_HOST,302592,112064.87200000024,112189.16000000024
10,fixed_manifest,40,2,gpu_host,HOST_to_GPU,302592,112189.16000000024,112223.63680000023
9,fixed_manifest,79,1,gpu_host,GPU_to_HOST,302592,112906.30816000025,112940.78496000024
9,fixed_manifest,79,2,host_fpga_pcie,HOST_to_FPGA,302592,112940.78496000024,113065.07296000024
9,fixed_manifest,80,1,host_fpga_pcie,FPGA_to_HOST,302592,113397.82048000023,113586.91968000024
11,fixed_manifest,9,1,gpu_host,GPU_to_HOST,302592,113397.82048000023,113432.29728000022
11,fixed_manifest,9,2,host_fpga_pcie,HOST_to_FPGA,302592,113432.29728000022,113621.39648000023
9,fixed_manifest,80,2,gpu_host,HOST_to_GPU,302592,113586.91968000024,113621.39648000023
8,fixed_manifest,119,1,gpu_host,GPU_to_HOST,302592,113954.14400000023,113988.62080000022
11,fixed_manifest,10,1,host_fpga_pcie,FPGA_to_HOST,302592,113954.14400000023,114143.24320000024
8,fixed_manifest,119,2,host_fpga_pcie,HOST_to_FPGA,302592,113988.62080000022,114177.72000000023
11,fixed_manifest,10,2,gpu_host,HOST_to_GPU,302592,114143.24320000024,114177.72000000023
8,fixed_manifest,120,1,host_fpga_pcie,FPGA_to_HOST,302592,114510.46752000022,114699.56672000025
10,fixed_manifest,49,1,gpu_host,GPU_to_HOST,302592,114510.46752000022,114544.94432000021
10,fixed_manifest,49,2,host_fpga_pcie,HOST_to_FPGA,302592,114544.94432000021,114734.04352000022
8,fixed_manifest,120,2,gpu_host,HOST_to_GPU,302592,114699.56672000025,114734.04352000022
10,fixed_manifest,50,1,host_fpga_pcie,FPGA_to_HOST,302592,115066.79104000023,115191.07904000023
10,fixed_manifest,50,2,gpu_host,HOST_to_GPU,302592,115191.07904000023,115225.55584000022
9,fixed_manifest,89,1,gpu_host,GPU_to_HOST,302592,115464.78496000028,115499.26176000026
9,fixed_manifest,89,2,host_fpga_pcie,HOST_to_FPGA,302592,115499.26176000026,115623.54976000026
9,fixed_manifest,90,1,host_fpga_pcie,FPGA_to_HOST,302592,115956.29728000026,116080.58528000026
9,fixed_manifest,90,2,gpu_host,HOST_to_GPU,302592,116080.58528000026,116115.06208000025
11,fixed_manifest,19,1,gpu_host,GPU_to_HOST,302592,116137.36640000029,116171.84320000028
11,fixed_manifest,19,2,host_fpga_pcie,HOST_to_FPGA,302592,116171.84320000028,116296.13120000028
11,fixed_manifest,20,1,host_fpga_pcie,FPGA_to_HOST,302592,116628.87872000027,116753.16672000027
11,fixed_manifest,20,2,gpu_host,HOST_to_GPU,302592,116753.16672000027,116787.64352000026
10,fixed_manifest,59,1,gpu_host,GPU_to_HOST,302592,116969.32320000029,117003.80000000028
10,fixed_manifest,59,2,host_fpga_pcie,HOST_to_FPGA,302592,117003.80000000028,117128.08800000028
10,fixed_manifest,60,1,host_fpga_pcie,FPGA_to_HOST,302592,117460.83552000028,117585.12352000028
10,fixed_manifest,60,2,gpu_host,HOST_to_GPU,302592,117585.12352000028,117619.60032000027
9,fixed_manifest,99,1,gpu_host,GPU_to_HOST,302592,117975.65376000029,118010.13056000028
9,fixed_manifest,99,2,host_fpga_pcie,HOST_to_FPGA,302592,118010.13056000028,118134.41856000028
9,fixed_manifest,100,1,host_fpga_pcie,FPGA_to_HOST,302592,118467.16608000029,118591.45408000029
9,fixed_manifest,100,2,gpu_host,HOST_to_GPU,302592,118591.45408000029,118625.93088000028
11,fixed_manifest,29,1,gpu_host,GPU_to_HOST,302592,118789.2633600003,118823.74016000029
11,fixed_manifest,29,2,host_fpga_pcie,HOST_to_FPGA,302592,118823.74016000029,118948.02816000029
11,fixed_manifest,30,1,host_fpga_pcie,FPGA_to_HOST,302592,119280.77568000028,119405.06368000028
11,fixed_manifest,30,2,gpu_host,HOST_to_GPU,302592,119405.06368000028,119439.54048000027
10,fixed_manifest,69,1,gpu_host,GPU_to_HOST,302592,119465.1936000003,119499.6704000003
10,fixed_manifest,69,2,host_fpga_pcie,HOST_to_FPGA,302592,119499.6704000003,119623.9584000003
10,fixed_manifest,70,1,host_fpga_pcie,FPGA_to_HOST,302592,119956.7059200003,120080.9939200003
10,fixed_manifest,70,2,gpu_host,HOST_to_GPU,302592,120080.9939200003,120115.47072000029
9,fixed_manifest,109,1,gpu_host,GPU_to_HOST,302592,120623.0310400003,120657.5078400003
9,fixed_manifest,109,2,host_fpga_pcie,HOST_to_FPGA,302592,120657.5078400003,120781.7958400003
9,fixed_manifest,110,1,host_fpga_pcie,FPGA_to_HOST,302592,121114.5433600003,121238.8313600003
9,fixed_manifest,110,2,gpu_host,HOST_to_GPU,302592,121238.8313600003,121273.30816000029
11,fixed_manifest,39,1,gpu_host,GPU_to_HOST,302592,121938.19712000033,121972.67392000032
11,fixed_manifest,39,2,host_fpga_pcie,HOST_to_FPGA,302592,121972.67392000032,122096.96192000032
11,fixed_manifest,40,1,host_fpga_pcie,FPGA_to_HOST,302592,122429.70944000031,122553.99744000031
11,fixed_manifest,40,2,gpu_host,HOST_to_GPU,302592,122553.99744000031,122588.4742400003
10,fixed_manifest,79,1,gpu_host,GPU_to_HOST,302592,123096.77184000032,123131.24864000031
10,fixed_manifest,79,2,host_fpga_pcie,HOST_to_FPGA,302592,123131.24864000031,123255.53664000031
10,fixed_manifest,80,1,host_fpga_pcie,FPGA_to_HOST,302592,123588.28416000032,123777.38336000033
12,fixed_manifest,9,1,gpu_host,GPU_to_HOST,302592,123588.28416000032,123622.7609600003
12,fixed_manifest,9,2,host_fpga_pcie,HOST_to_FPGA,302592,123622.7609600003,123811.86016000032
10,fixed_manifest,80,2,gpu_host,HOST_to_GPU,302592,123777.38336000033,123811.86016000032
9,fixed_manifest,119,1,gpu_host,GPU_to_HOST,302592,124144.6076800003,124179.0844800003
12,fixed_manifest,10,1,host_fpga_pcie,FPGA_to_HOST,302592,124144.6076800003,124333.70688000032
9,fixed_manifest,119,2,host_fpga_pcie,HOST_to_FPGA,302592,124179.0844800003,124368.18368000031
12,fixed_manifest,10,2,gpu_host,HOST_to_GPU,302592,124333.70688000032,124368.18368000031
9,fixed_manifest,120,1,host_fpga_pcie,FPGA_to_HOST,302592,124700.93120000031,124890.03040000032
11,fixed_manifest,49,1,gpu_host,GPU_to_HOST,302592,124700.93120000031,124735.4080000003
11,fixed_manifest,49,2,host_fpga_pcie,HOST_to_FPGA,302592,124735.4080000003,124924.50720000031
9,fixed_manifest,120,2,gpu_host,HOST_to_GPU,302592,124890.03040000032,124924.50720000031
11,fixed_manifest,50,1,host_fpga_pcie,FPGA_to_HOST,302592,125257.25472000032,125381.54272000032
11,fixed_manifest,50,2,gpu_host,HOST_to_GPU,302592,125381.54272000032,125416.01952000034
10,fixed_manifest,89,1,gpu_host,GPU_to_HOST,302592,125655.24864000033,125689.72544000034
10,fixed_manifest,89,2,host_fpga_pcie,HOST_to_FPGA,302592,125689.72544000034,125814.01344000034
10,fixed_manifest,90,1,host_fpga_pcie,FPGA_to_HOST,302592,126146.76096000035,126271.04896000035
10,fixed_manifest,90,2,gpu_host,HOST_to_GPU,302592,126271.04896000035,126305.52576000037
12,fixed_manifest,19,1,gpu_host,GPU_to_HOST,302592,126327.83008000035,126362.30688000035
12,fixed_manifest,19,2,host_fpga_pcie,HOST_to_FPGA,302592,126362.30688000035,126486.59488000035
12,fixed_manifest,20,1,host_fpga_pcie,FPGA_to_HOST,302592,126819.34240000037,126943.63040000037
12,fixed_manifest,20,2,gpu_host,HOST_to_GPU,302592,126943.63040000037,126978.10720000038
11,fixed_manifest,59,1,gpu_host,GPU_to_HOST,302592,127159.78688000035,127194.26368000037
11,fixed_manifest,59,2,host_fpga_pcie,HOST_to_FPGA,302592,127194.26368000037,127318.55168000037
11,fixed_manifest,60,1,host_fpga_pcie,FPGA_to_HOST,302592,127651.29920000037,127775.58720000037
11,fixed_manifest,60,2,gpu_host,HOST_to_GPU,302592,127775.58720000037,127810.06400000039
10,fixed_manifest,99,1,gpu_host,GPU_to_HOST,302592,128166.11744000034,128200.59424000036
10,fixed_manifest,99,2,host_fpga_pcie,HOST_to_FPGA,302592,128200.59424000036,128324.88224000036
10,fixed_manifest,100,1,host_fpga_pcie,FPGA_to_HOST,302592,128657.62976000036,128781.91776000036
10,fixed_manifest,100,2,gpu_host,HOST_to_GPU,302592,128781.91776000036,128816.39456000038
12,fixed_manifest,29,1,gpu_host,GPU_to_HOST,302592,128979.72704000035,129014.20384000037
12,fixed_manifest,29,2,host_fpga_pcie,HOST_to_FPGA,302592,129014.20384000037,129138.49184000037
12,fixed_manifest,30,1,host_fpga_pcie,FPGA_to_HOST,302592,129471.23936000039,129595.52736000039
12,fixed_manifest,30,2,gpu_host,HOST_to_GPU,302592,129595.52736000039,129630.00416000039
11,fixed_manifest,69,1,gpu_host,GPU_to_HOST,302592,129655.65728000036,129690.13408000038
11,fixed_manifest,69,2,host_fpga_pcie,HOST_to_FPGA,302592,129690.13408000038,129814.42208000038
11,fixed_manifest,70,1,host_fpga_pcie,FPGA_to_HOST,302592,130147.16960000039,130271.45760000039
11,fixed_manifest,70,2,gpu_host,HOST_to_GPU,302592,130271.45760000039,130305.9344000004
10,fixed_manifest,109,1,gpu_host,GPU_to_HOST,302592,130831.84192000036,130866.31872000037
10,fixed_manifest,109,2,host_fpga_pcie,HOST_to_FPGA,302592,130866.31872000037,130990.60672000037
10,fixed_manifest,110,1,host_fpga_pcie,FPGA_to_HOST,302592,131323.3542400004,131447.6422400004
10,fixed_manifest,110,2,gpu_host,HOST_to_GPU,302592,131447.6422400004,131482.1190400004
12,fixed_manifest,39,1,gpu_host,GPU_to_HOST,302592,132128.6608000004,132163.1376000004
12,fixed_manifest,39,2,host_fpga_pcie,HOST_to_FPGA,302592,132163.1376000004,132287.4256000004
12,fixed_manifest,40,1,host_fpga_pcie,FPGA_to_HOST,302592,132620.1731200004,132744.4611200004
12,fixed_manifest,40,2,gpu_host,HOST_to_GPU,302592,132744.4611200004,132778.93792000043
11,fixed_manifest,79,1,gpu_host,GPU_to_HOST,302592,133112.8617600004,133147.3385600004
11,fixed_manifest,79,2,host_fpga_pcie,HOST_to_FPGA,302592,133147.3385600004,133271.6265600004
11,fixed_manifest,80,1,host_fpga_pcie,FPGA_to_HOST,302592,133604.37408000042,133793.4732800004
13,fixed_manifest,9,1,gpu_host,GPU_to_HOST,302592,133604.37408000042,133638.85088000045
13,fixed_manifest,9,2,host_fpga_pcie,HOST_to_FPGA,302592,133638.85088000045,133827.95008000042
11,fixed_manifest,80,2,gpu_host,HOST_to_GPU,302592,133793.4732800004,133827.95008000042
10,fixed_manifest,119,1,gpu_host,GPU_to_HOST,302592,134160.69760000042,134195.17440000045
13,fixed_manifest,10,1,host_fpga_pcie,FPGA_to_HOST,302592,134160.69760000042,134349.79680000042
10,fixed_manifest,119,2,host_fpga_pcie,HOST_to_FPGA,302592,134195.17440000045,134384.27360000042
13,fixed_manifest,10,2,gpu_host,HOST_to_GPU,302592,134349.79680000042,134384.27360000042
10,fixed_manifest,120,1,host_fpga_pcie,FPGA_to_HOST,302592,134717.02112000046,134841.30912000046
10,fixed_manifest,120,2,gpu_host,HOST_to_GPU,302592,134841.30912000046,134875.78592000046
12,fixed_manifest,49,1,gpu_host,GPU_to_HOST,302592,134973.27872000038,135007.7555200004
12,fixed_manifest,49,2,host_fpga_pcie,HOST_to_FPGA,302592,135007.7555200004,135132.0435200004
12,fixed_manifest,50,1,host_fpga_pcie,FPGA_to_HOST,302592,135464.79104000042,135589.07904000042
12,fixed_manifest,50,2,gpu_host,HOST_to_GPU,302592,135589.07904000042,135623.55584000042
11,fixed_manifest,89,1,gpu_host,GPU_to_HOST,302592,135852.7507200004,135887.2275200004
11,fixed_manifest,89,2,host_fpga_pcie,HOST_to_FPGA,302592,135887.2275200004,136011.5155200004
11,fixed_manifest,90,1,host_fpga_pcie,FPGA_to_HOST,302592,136344.26304000043,136468.5510400004
11,fixed_manifest,90,2,gpu_host,HOST_to_GPU,302592,136468.5510400004,136503.02784000043
13,fixed_manifest,19,1,gpu_host,GPU_to_HOST,302592,136518.2937600004,136552.7705600004
13,fixed_manifest,19,2,host_fpga_pcie,HOST_to_FPGA,302592,136552.7705600004,136677.0585600004
13,fixed_manifest,20,1,host_fpga_pcie,FPGA_to_HOST,302592,137009.80608000045,137134.09408000045
13,fixed_manifest,20,2,gpu_host,HOST_to_GPU,302592,137134.09408000045,137168.57088000045
12,fixed_manifest,59,1,gpu_host,GPU_to_HOST,302592,137350.25056000042,137384.72736000043
12,fixed_manifest,59,2,host_fpga_pcie,HOST_to_FPGA,302592,137384.72736000043,137509.01536000043
12,fixed_manifest,60,1,host_fpga_pcie,FPGA_to_HOST,302592,137841.76288000043,137966.05088000043
12,fixed_manifest,60,2,gpu_host,HOST_to_GPU,302592,137966.05088000043,138000.52768000046
11,fixed_manifest,99,1,gpu_host,GPU_to_HOST,302592,138356.5811200004,138391.05792000043
11,fixed_manifest,99,2,host_fpga_pcie,HOST_to_FPGA,302592,138391.05792000043,138515.34592000043
11,fixed_manifest,100,1,host_fpga_pcie,FPGA_to_HOST,302592,138848.09344000043,138972.38144000043
11,fixed_manifest,100,2,gpu_host,HOST_to_GPU,302592,138972.38144000043,139006.85824000044
13,fixed_manifest,29,1,gpu_host,GPU_to_HOST,302592,139170.19072000042,139204.66752000042
13,fixed_manifest,29,2,host_fpga_pcie,HOST_to_FPGA,302592,139204.66752000042,139328.95552000043
13,fixed_manifest,30,1,host_fpga_pcie,FPGA_to_HOST,302592,139661.70304000046,139785.99104000046
13,fixed_manifest,30,2,gpu_host,HOST_to_GPU,302592,139785.99104000046,139820.46784000046
12,fixed_manifest,69,1,gpu_host,GPU_to_HOST,302592,139846.12096000044,139880.59776000044
12,fixed_manifest,69,2,host_fpga_pcie,HOST_to_FPGA,302592,139880.59776000044,140004.88576000044
12,fixed_manifest,70,1,host_fpga_pcie,FPGA_to_HOST,302592,140337.63328000045,140461.92128000045
12,fixed_manifest,70,2,gpu_host,HOST_to_GPU,302592,140461.92128000045,140496.39808000048
11,fixed_manifest,109,1,gpu_host,GPU_to_HOST,302592,141044.43520000041,141078.91200000045
11,fixed_manifest,109,2,host_fpga_pcie,HOST_to_FPGA,302592,141078.91200000045,141203.20000000045
11,fixed_manifest,110,1,host_fpga_pcie,FPGA_to_HOST,302592,141535.94752000045,141660.23552000045
11,fixed_manifest,110,2,gpu_host,HOST_to_GPU,302592,141660.23552000045,141694.71232000046
13,fixed_manifest,39,1,gpu_host,GPU_to_HOST,302592,142475.15104000043,142509.62784000047
13,fixed_manifest,39,2,host_fpga_pcie,HOST_to_FPGA,302592,142509.62784000047,142633.91584000047
13,fixed_manifest,40,1,host_fpga_pcie,FPGA_to_HOST,302592,142966.66336000047,143090.95136000047
13,fixed_manifest,40,2,gpu_host,HOST_to_GPU,302592,143090.95136000047,143125.42816000048
14,fixed_manifest,9,1,gpu_host,GPU_to_HOST,302592,143303.32544000045,143337.80224000048
14,fixed_manifest,9,2,host_fpga_pcie,HOST_to_FPGA,302592,143337.80224000048,143462.09024000049
12,fixed_manifest,79,1,gpu_host,GPU_to_HOST,302592,143794.8377600005,143829.3145600005
14,fixed_manifest,10,1,host_fpga_pcie,FPGA_to_HOST,302592,143794.8377600005,143983.9369600005
12,fixed_manifest,79,2,host_fpga_pcie,HOST_to_FPGA,302592,143829.3145600005,144018.4137600005
14,fixed_manifest,10,2,gpu_host,HOST_to_GPU,302592,143983.9369600005,144018.4137600005
11,fixed_manifest,119,1,gpu_host,GPU_to_HOST,302592,144351.1612800005,144385.63808000053
12,fixed_manifest,80,1,host_fpga_pcie,FPGA_to_HOST,302592,144351.1612800005,144540.2604800005
11,fixed_manifest,119,2,host_fpga_pcie,HOST_to_FPGA,302592,144385.63808000053,144574.7372800005
12,fixed_manifest,80,2,gpu_host,HOST_to_GPU,302592,144540.2604800005,144574.7372800005
11,fixed_manifest,120,1,host_fpga_pcie,FPGA_to_HOST,302592,144907.4848000005,145031.7728000005
11,fixed_manifest,120,2,gpu_host,HOST_to_GPU,302592,145031.7728000005,145066.24960000053
13,fixed_manifest,49,1,gpu_host,GPU_to_HOST,302592,145163.74240000045,145198.2192000005
13,fixed_manifest,49,2,host_fpga_pcie,HOST_to_FPGA,302592,145198.2192000005,145322.5072000005
13,fixed_manifest,50,1,host_fpga_pcie,FPGA_to_HOST,302592,145655.2547200005,145779.5427200005
13,fixed_manifest,50,2,gpu_host,HOST_to_GPU,302592,145779.5427200005,145814.0195200005
14,fixed_manifest,19,1,gpu_host,GPU_to_HOST,302592,146043.21440000046,146077.69120000047
14,fixed_manifest,19,2,host_fpga_pcie,HOST_to_FPGA,302592,146077.69120000047,146201.97920000047
14,fixed_manifest,20,1,host_fpga_pcie,FPGA_to_HOST,302592,146534.72672000047,146659.01472000047
14,fixed_manifest,20,2,gpu_host,HOST_to_GPU,302592,146659.01472000047,146693.4915200005
12,fixed_manifest,89,1,gpu_host,GPU_to_HOST,302592,146708.75744000048,146743.23424000049
12,fixed_manifest,89,2,host_fpga_pcie,HOST_to_FPGA,302592,146743.23424000049,146867.5222400005
12,fixed_manifest,90,1,host_fpga_pcie,FPGA_to_HOST,302592,147200.2697600005,147324.5577600005
12,fixed_manifest,90,2,gpu_host,HOST_to_GPU,302592,147324.5577600005,147359.03456000052
13,fixed_manifest,59,1,gpu_host,GPU_to_HOST,302592,147540.71424000047,147575.1910400005
13,fixed_manifest,59,2,host_fpga_pcie,HOST_to_FPGA,302592,147575.1910400005,147699.4790400005
13,fixed_manifest,60,1,host_fpga_pcie,FPGA_to_HOST,302592,148032.2265600005,148156.5145600005
13,fixed_manifest,60,2,gpu_host,HOST_to_GPU,302592,148156.5145600005,148190.9913600005
14,fixed_manifest,29,1,gpu_host,GPU_to_HOST,302592,148547.04480000047,148581.5216000005
14,fixed_manifest,29,2,host_fpga_pcie,HOST_to_FPGA,302592,148581.5216000005,148705.8096000005
14,fixed_manifest,30,1,host_fpga_pcie,FPGA_to_HOST,302592,149038.5571200005,149162.8451200005
14,fixed_manifest,30,2,gpu_host,HOST_to_GPU,302592,149162.8451200005,149197.3219200005
12,fixed_manifest,99,1,gpu_host,GPU_to_HOST,302592,149360.6544000005,149395.1312000005
12,fixed_manifest,99,2,host_fpga_pcie,HOST_to_FPGA,302592,149395.1312000005,149519.4192000005
12,fixed_manifest,100,1,host_fpga_pcie,FPGA_to_HOST,302592,149852.1667200005,149976.4547200005
12,fixed_manifest,100,2,gpu_host,HOST_to_GPU,302592,149976.4547200005,150010.93152000054
13,fixed_manifest,69,1,gpu_host,GPU_to_HOST,302592,150036.5846400005,150071.0614400005
13,fixed_manifest,69,2,host_fpga_pcie,HOST_to_FPGA,302592,150071.0614400005,150195.34944000051
13,fixed_manifest,70,1,host_fpga_pcie,FPGA_to_HOST,302592,150528.09696000052,150652.38496000052
13,fixed_manifest,70,2,gpu_host,HOST_to_GPU,302592,150652.38496000052,150686.86176000055
14,fixed_manifest,39,1,gpu_host,GPU_to_HOST,302592,151677.63136000052,151712.10816000053
14,fixed_manifest,39,2,host_fpga_pcie,HOST_to_FPGA,302592,151712.10816000053,151836.39616000053
14,fixed_manifest,40,1,host_fpga_pcie,FPGA_to_HOST,302592,152169.14368000053,152293.43168000053
14,fixed_manifest,40,2,gpu_host,HOST_to_GPU,302592,152293.43168000053,152327.90848000054
12,fixed_manifest,109,1,gpu_host,GPU_to_HOST,302592,152836.2060800005,152870.68288000053
12,fixed_manifest,109,2,host_fpga_pcie,HOST_to_FPGA,302592,152870.68288000053,152994.97088000053
12,fixed_manifest,110,1,host_fpga_pcie,FPGA_to_HOST,302592,153327.71840000054,153516.81760000053
15,fixed_manifest,9,1,gpu_host,GPU_to_HOST,302592,153327.71840000054,153362.19520000054
15,fixed_manifest,9,2,host_fpga_pcie,HOST_to_FPGA,302592,153362.19520000054,153551.29440000054
12,fixed_manifest,110,2,gpu_host,HOST_to_GPU,302592,153516.81760000053,153551.29440000054
13,fixed_manifest,79,1,gpu_host,GPU_to_HOST,302592,153884.04192000054,153918.51872000057
15,fixed_manifest,10,1,host_fpga_pcie,FPGA_to_HOST,302592,153884.04192000054,154073.14112000054
13,fixed_manifest,79,2,host_fpga_pcie,HOST_to_FPGA,302592,153918.51872000057,154107.61792000054
15,fixed_manifest,10,2,gpu_host,HOST_to_GPU,302592,154073.14112000054,154107.61792000054
13,fixed_manifest,80,1,host_fpga_pcie,FPGA_to_HOST,302592,154440.36544000055,154629.46464000054
14,fixed_manifest,49,1,gpu_host,GPU_to_HOST,302592,154440.36544000055,154474.84224000058
14,fixed_manifest,49,2,host_fpga_pcie,HOST_to_FPGA,302592,154474.84224000058,154663.94144000058
13,fixed_manifest,80,2,gpu_host,HOST_to_GPU,302592,154629.46464000054,154663.94144000058
14,fixed_manifest,50,1,host_fpga_pcie,FPGA_to_HOST,302592,154996.68896000058,155120.97696000058
14,fixed_manifest,50,2,gpu_host,HOST_to_GPU,302592,155120.97696000058,155155.4537600006
12,fixed_manifest,119,1,gpu_host,GPU_to_HOST,302592,155394.68288000053,155429.15968000054
12,fixed_manifest,119,2,host_fpga_pcie,HOST_to_FPGA,302592,155429.15968000054,155553.44768000054
12,fixed_manifest,120,1,host_fpga_pcie,FPGA_to_HOST,302592,155886.19520000054,156010.48320000054
12,fixed_manifest,120,2,gpu_host,HOST_to_GPU,302592,156010.48320000054,156044.96000000057
15,fixed_manifest,19,1,gpu_host,GPU_to_HOST,302592,156651.02496000056,156685.50176000057
15,fixed_manifest,19,2,host_fpga_pcie,HOST_to_FPGA,302592,156685.50176000057,156809.78976000057
15,fixed_manifest,20,1,host_fpga_pcie,FPGA_to_HOST,302592,157142.53728000057,157266.82528000057
13,fixed_manifest,89,1,gpu_host,GPU_to_HOST,302592,157217.87904000052,157252.35584000056
13,fixed_manifest,89,2,host_fpga_pcie,HOST_to_FPGA,302592,157252.35584000056,157376.64384000056
15,fixed_manifest,20,2,gpu_host,HOST_to_GPU,302592,157266.82528000057,157301.3020800006
13,fixed_manifest,90,1,host_fpga_pcie,FPGA_to_HOST,302592,157709.39136000056,157898.49056000056
14,fixed_manifest,59,1,gpu_host,GPU_to_HOST,302592,157709.39136000056,157743.86816000057
14,fixed_manifest,59,2,host_fpga_pcie,HOST_to_FPGA,302592,157743.86816000057,157932.96736000056
13,fixed_manifest,90,2,gpu_host,HOST_to_GPU,302592,157898.49056000056,157932.96736000056
14,fixed_manifest,60,1,host_fpga_pcie,FPGA_to_HOST,302592,158265.71488000057,158390.00288000057
14,fixed_manifest,60,2,gpu_host,HOST_to_GPU,302592,158390.00288000057,158424.4796800006
15,fixed_manifest,29,1,gpu_host,GPU_to_HOST,302592,158616.4681600006,158650.94496000063
15,fixed_manifest,29,2,host_fpga_pcie,HOST_to_FPGA,302592,158650.94496000063,158775.23296000063
15,fixed_manifest,30,1,host_fpga_pcie,FPGA_to_HOST,302592,159107.98048000064,159232.26848000064
15,fixed_manifest,30,2,gpu_host,HOST_to_GPU,302592,159232.26848000064,159266.74528000064
13,fixed_manifest,99,1,gpu_host,GPU_to_HOST,302592,159622.7987200006,159657.2755200006
13,fixed_manifest,99,2,host_fpga_pcie,HOST_to_FPGA,302592,159657.2755200006,159781.5635200006
13,fixed_manifest,100,1,host_fpga_pcie,FPGA_to_HOST,302592,160114.3110400006,160238.5990400006
13,fixed_manifest,100,2,gpu_host,HOST_to_GPU,302592,160238.5990400006,160273.07584000065
14,fixed_manifest,69,1,gpu_host,GPU_to_HOST,302592,160587.91520000063,160622.39200000063
14,fixed_manifest,69,2,host_fpga_pcie,HOST_to_FPGA,302592,160622.39200000063,160746.68000000063
14,fixed_manifest,70,1,host_fpga_pcie,FPGA_to_HOST,302592,161079.42752000064,161203.71552000064
14,fixed_manifest,70,2,gpu_host,HOST_to_GPU,302592,161203.71552000064,161238.19232000067
15,fixed_manifest,39,1,gpu_host,GPU_to_HOST,302592,161747.05472000065,161781.53152000066
15,fixed_manifest,39,2,host_fpga_pcie,HOST_to_FPGA,302592,161781.53152000066,161905.81952000066
15,fixed_manifest,40,1,host_fpga_pcie,FPGA_to_HOST,302592,162238.56704000066,162362.85504000066
15,fixed_manifest,40,2,gpu_host,HOST_to_GPU,302592,162362.85504000066,162397.3318400007
13,fixed_manifest,109,1,gpu_host,GPU_to_HOST,302592,163080.00320000062,163114.48000000065
13,fixed_manifest,109,2,host_fpga_pcie,HOST_to_FPGA,302592,163114.48000000065,163238.76800000065
13,fixed_manifest,110,1,host_fpga_pcie,FPGA_to_HOST,302592,163571.51552000066,163760.61472000065
16,fixed_manifest,9,1,gpu_host,GPU_to_HOST,302592,163571.51552000066,163605.99232000066
16,fixed_manifest,9,2,host_fpga_pcie,HOST_to_FPGA,302592,163605.99232000066,163795.09152000066
13,fixed_manifest,110,2,gpu_host,HOST_to_GPU,302592,163760.61472000065,163795.09152000066
14,fixed_manifest,79,1,gpu_host,GPU_to_HOST,302592,164127.83904000066,164162.3158400007
16,fixed_manifest,10,1,host_fpga_pcie,FPGA_to_HOST,302592,164127.83904000066,164316.93824000066
14,fixed_manifest,79,2,host_fpga_pcie,HOST_to_FPGA,302592,164162.3158400007,164351.41504000066
16,fixed_manifest,10,2,gpu_host,HOST_to_GPU,302592,164316.93824000066,164351.41504000066
14,fixed_manifest,80,1,host_fpga_pcie,FPGA_to_HOST,302592,164684.16256000067,164873.26176000066
15,fixed_manifest,49,1,gpu_host,GPU_to_HOST,302592,164684.16256000067,164718.6393600007
15,fixed_manifest,49,2,host_fpga_pcie,HOST_to_FPGA,302592,164718.6393600007,164907.7385600007
14,fixed_manifest,80,2,gpu_host,HOST_to_GPU,302592,164873.26176000066,164907.7385600007
15,fixed_manifest,50,1,host_fpga_pcie,FPGA_to_HOST,302592,165240.4860800007,165364.7740800007
15,fixed_manifest,50,2,gpu_host,HOST_to_GPU,302592,165364.7740800007,165399.2508800007
13,fixed_manifest,119,1,gpu_host,GPU_to_HOST,302592,165638.48000000065,165672.95680000065
13,fixed_manifest,119,2,host_fpga_pcie,HOST_to_FPGA,302592,165672.95680000065,165797.24480000066
13,fixed_manifest,120,1,host_fpga_pcie,FPGA_to_HOST,302592,166129.99232000066,166254.28032000066
13,fixed_manifest,120,2,gpu_host,HOST_to_GPU,302592,166254.28032000066,166288.7571200007
16,fixed_manifest,19,1,gpu_host,GPU_to_HOST,302592,166894.82208000068,166929.2988800007
16,fixed_manifest,19,2,host_fpga_pcie,HOST_to_FPGA,302592,166929.2988800007,167053.5868800007
16,fixed_manifest,20,1,host_fpga_pcie,FPGA_to_HOST,302592,167386.3344000007,167510.6224000007
14,fixed_manifest,89,1,gpu_host,GPU_to_HOST,302592,167461.67616000064,167496.15296000068
14,fixed_manifest,89,2,host_fpga_pcie,HOST_to_FPGA,302592,167496.15296000068,167620.44096000068
16,fixed_manifest,20,2,gpu_host,HOST_to_GPU,302592,167510.6224000007,167545.09920000072
14,fixed_manifest,90,1,host_fpga_pcie,FPGA_to_HOST,302592,167953.18848000068,168142.28768000068
15,fixed_manifest,59,1,gpu_host,GPU_to_HOST,302592,167953.18848000068,167987.66528000069
15,fixed_manifest,59,2,host_fpga_pcie,HOST_to_FPGA,302592,167987.66528000069,168176.76448000068
14,fixed_manifest,90,2,gpu_host,HOST_to_GPU,302592,168142.28768000068,168176.76448000068
15,fixed_manifest,60,1,host_fpga_pcie,FPGA_to_HOST,302592,168509.5120000007,168633.8000000007
15,fixed_manifest,60,2,gpu_host,HOST_to_GPU,302592,168633.8000000007,168668.27680000072
16,fixed_manifest,29,1,gpu_host,GPU_to_HOST,302592,168860.26528000072,168894.74208000075
16,fixed_manifest,29,2,host_fpga_pcie,HOST_to_FPGA,302592,168894.74208000075,169019.03008000075
16,fixed_manifest,30,1,host_fpga_pcie,FPGA_to_HOST,302592,169351.77760000076,169476.06560000076
16,fixed_manifest,30,2,gpu_host,HOST_to_GPU,302592,169476.06560000076,169510.54240000076
14,fixed_manifest,99,1,gpu_host,GPU_to_HOST,302592,169866.59584000072,169901.07264000073
14,fixed_manifest,99,2,host_fpga_pcie,HOST_to_FPGA,302592,169901.07264000073,170025.36064000073
14,fixed_manifest,100,1,host_fpga_pcie,FPGA_to_HOST,302592,170358.10816000073,170482.39616000073
14,fixed_manifest,100,2,gpu_host,HOST_to_GPU,302592,170482.39616000073,170516.87296000076
15,fixed_manifest,69,1,gpu_host,GPU_to_HOST,302592,170868.40672000073,170902.88352000073
15,fixed_manifest,69,2,host_fpga_pcie,HOST_to_FPGA,302592,170902.88352000073,171027.17152000073
15,fixed_manifest,70,1,host_fpga_pcie,FPGA_to_HOST,302592,171359.91904000076,171484.20704000077
15,fixed_manifest,70,2,gpu_host,HOST_to_GPU,302592,171484.20704000077,171518.68384000077
16,fixed_manifest,39,1,gpu_host,GPU_to_HOST,302592,171990.85184000077,172025.32864000078
16,fixed_manifest,39,2,host_fpga_pcie,HOST_to_FPGA,302592,172025.32864000078,172149.61664000078
16,fixed_manifest,40,1,host_fpga_pcie,FPGA_to_HOST,302592,172482.36416000078,172606.65216000078
16,fixed_manifest,40,2,gpu_host,HOST_to_GPU,302592,172606.65216000078,172641.12896000082
14,fixed_manifest,109,1,gpu_host,GPU_to_HOST,302592,173323.80032000074,173358.27712000077
14,fixed_manifest,109,2,host_fpga_pcie,HOST_to_FPGA,302592,173358.27712000077,173482.56512000077
14,fixed_manifest,110,1,host_fpga_pcie,FPGA_to_HOST,302592,173815.31264000077,174004.41184000077
17,fixed_manifest,9,1,gpu_host,GPU_to_HOST,302592,173815.31264000077,173849.78944000078
17,fixed_manifest,9,2,host_fpga_pcie,HOST_to_FPGA,302592,173849.78944000078,174038.88864000078
14,fixed_manifest,110,2,gpu_host,HOST_to_GPU,302592,174004.41184000077,174038.88864000078
15,fixed_manifest,79,1,gpu_host,GPU_to_HOST,302592,174371.63616000078,174406.1129600008
17,fixed_manifest,10,1,host_fpga_pcie,FPGA_to_HOST,302592,174371.63616000078,174560.73536000078
15,fixed_manifest,79,2,host_fpga_pcie,HOST_to_FPGA,302592,174406.1129600008,174595.21216000078
17,fixed_manifest,10,2,gpu_host,HOST_to_GPU,302592,174560.73536000078,174595.21216000078
15,fixed_manifest,80,1,host_fpga_pcie,FPGA_to_HOST,302592,174927.9596800008,175117.05888000078
16,fixed_manifest,49,1,gpu_host,GPU_to_HOST,302592,174927.9596800008,174962.43648000082
16,fixed_manifest,49,2,host_fpga_pcie,HOST_to_FPGA,302592,174962.43648000082,175151.53568000082
15,fixed_manifest,80,2,gpu_host,HOST_to_GPU,302592,175117.05888000078,175151.53568000082
16,fixed_manifest,50,1,host_fpga_pcie,FPGA_to_HOST,302592,175484.28320000082,175608.57120000082
16,fixed_manifest,50,2,gpu_host,HOST_to_GPU,302592,175608.57120000082,175643.04800000082
14,fixed_manifest,119,1,gpu_host,GPU_to_HOST,302592,175882.27712000077,175916.75392000077
14,fixed_manifest,119,2,host_fpga_pcie,HOST_to_FPGA,302592,175916.75392000077,176041.04192000077
14,fixed_manifest,120,1,host_fpga_pcie,FPGA_to_HOST,302592,176373.78944000078,176498.07744000078
14,fixed_manifest,120,2,gpu_host,HOST_to_GPU,302592,176498.07744000078,176532.5542400008
17,fixed_manifest,19,1,gpu_host,GPU_to_HOST,302592,177138.6192000008,177173.0960000008
17,fixed_manifest,19,2,host_fpga_pcie,HOST_to_FPGA,302592,177173.0960000008,177297.3840000008
17,fixed_manifest,20,1,host_fpga_pcie,FPGA_to_HOST,302592,177630.1315200008,177754.4195200008
15,fixed_manifest,89,1,gpu_host,GPU_to_HOST,302592,177705.47328000076,177739.9500800008
15,fixed_manifest,89,2,host_fpga_pcie,HOST_to_FPGA,302592,177739.9500800008,177864.2380800008
17,fixed_manifest,20,2,gpu_host,HOST_to_GPU,302592,177754.4195200008,177788.89632000084
15,fixed_manifest,90,1,host_fpga_pcie,FPGA_to_HOST,302592,178196.9856000008,178386.0848000008
16,fixed_manifest,59,1,gpu_host,GPU_to_HOST,302592,178196.9856000008,178231.4624000008
16,fixed_manifest,59,2,host_fpga_pcie,HOST_to_FPGA,302592,178231.4624000008,178420.5616000008
15,fixed_manifest,90,2,gpu_host,HOST_to_GPU,302592,178386.0848000008,178420.5616000008
16,fixed_manifest,60,1,host_fpga_pcie,FPGA_to_HOST,302592,178753.3091200008,178877.5971200008
16,fixed_manifest,60,2,gpu_host,HOST_to_GPU,302592,178877.5971200008,178912.07392000084
17,fixed_manifest,29,1,gpu_host,GPU_to_HOST,302592,179104.06240000084,179138.53920000087
17,fixed_manifest,29,2,host_fpga_pcie,HOST_to_FPGA,302592,179138.53920000087,179262.82720000087
17,fixed_manifest,30,1,host_fpga_pcie,FPGA_to_HOST,302592,179595.57472000088,179719.86272000088
17,fixed_manifest,30,2,gpu_host,HOST_to_GPU,302592,179719.86272000088,179754.33952000088
15,fixed_manifest,99,1,gpu_host,GPU_to_HOST,302592,180110.39296000084,180144.86976000085
15,fixed_manifest,99,2,host_fpga_pcie,HOST_to_FPGA,302592,180144.86976000085,180269.15776000085
15,fixed_manifest,100,1,host_fpga_pcie,FPGA_to_HOST,302592,180601.90528000085,180726.19328000085
15,fixed_manifest,100,2,gpu_host,HOST_to_GPU,302592,180726.19328000085,180760.67008000088
16,fixed_manifest,69,1,gpu_host,GPU_to_HOST,302592,181134.33344000086,181168.81024000086
16,fixed_manifest,69,2,host_fpga_pcie,HOST_to_FPGA,302592,181168.81024000086,181293.09824000087
16,fixed_manifest,70,1,host_fpga_pcie,FPGA_to_HOST,302592,181625.84576000087,181750.13376000087
16,fixed_manifest,70,2,gpu_host,HOST_to_GPU,302592,181750.13376000087,181784.6105600009
17,fixed_manifest,39,1,gpu_host,GPU_to_HOST,302592,182565.04928000085,182599.52608000088
17,fixed_manifest,39,2,host_fpga_pcie,HOST_to_FPGA,302592,182599.52608000088,182723.81408000088
17,fixed_manifest,40,1,host_fpga_pcie,FPGA_to_HOST,302592,183056.5616000009,183180.8496000009
17,fixed_manifest,40,2,gpu_host,HOST_to_GPU,302592,183180.8496000009,183215.3264000009
18,fixed_manifest,9,1,gpu_host,GPU_to_HOST,302592,183393.22368000087,183427.7004800009
18,fixed_manifest,9,2,host_fpga_pcie,HOST_to_FPGA,302592,183427.7004800009,183551.9884800009
15,fixed_manifest,109,1,gpu_host,GPU_to_HOST,302592,183884.7360000009,183919.21280000094
18,fixed_manifest,10,1,host_fpga_pcie,FPGA_to_HOST,302592,183884.7360000009,184073.8352000009
15,fixed_manifest,109,2,host_fpga_pcie,HOST_to_FPGA,302592,183919.21280000094,184108.3120000009
18,fixed_manifest,10,2,gpu_host,HOST_to_GPU,302592,184073.8352000009,184108.3120000009
15,fixed_manifest,110,1,host_fpga_pcie,FPGA_to_HOST,302592,184441.0595200009,184630.1587200009
16,fixed_manifest,79,1,gpu_host,GPU_to_HOST,302592,184441.0595200009,184475.53632000095
16,fixed_manifest,79,2,host_fpga_pcie,HOST_to_FPGA,302592,184475.53632000095,184664.6355200009
15,fixed_manifest,110,2,gpu_host,HOST_to_GPU,302592,184630.1587200009,184664.6355200009
16,fixed_manifest,80,1,host_fpga_pcie,FPGA_to_HOST,302592,184997.38304000095,185121.67104000095
16,fixed_manifest,80,2,gpu_host,HOST_to_GPU,302592,185121.67104000095,185156.14784000095
17,fixed_manifest,49,1,gpu_host,GPU_to_HOST,302592,185253.64064000087,185288.1174400009
17,fixed_manifest,49,2,host_fpga_pcie,HOST_to_FPGA,302592,185288.1174400009,185412.4054400009
17,fixed_manifest,50,1,host_fpga_pcie,FPGA_to_HOST,302592,185745.1529600009,185869.4409600009
17,fixed_manifest,50,2,gpu_host,HOST_to_GPU,302592,185869.4409600009,185903.9177600009
18,fixed_manifest,19,1,gpu_host,GPU_to_HOST,302592,186568.8067200009,186603.2835200009
18,fixed_manifest,19,2,host_fpga_pcie,HOST_to_FPGA,302592,186603.2835200009,186727.5715200009
18,fixed_manifest,20,1,host_fpga_pcie,FPGA_to_HOST,302592,187060.31904000093,187184.60704000093
18,fixed_manifest,20,2,gpu_host,HOST_to_GPU,302592,187184.60704000093,187219.08384000094
15,fixed_manifest,119,1,gpu_host,GPU_to_HOST,302592,187534.66048000092,187569.13728000093
15,fixed_manifest,119,2,host_fpga_pcie,HOST_to_FPGA,302592,187569.13728000093,187693.42528000093
15,fixed_manifest,120,1,host_fpga_pcie,FPGA_to_HOST,302592,188026.17280000093,188215.27200000093
16,fixed_manifest,89,1,gpu_host,GPU_to_HOST,302592,188026.17280000093,188060.64960000096
16,fixed_manifest,89,2,host_fpga_pcie,HOST_to_FPGA,302592,188060.64960000096,188249.74880000096
15,fixed_manifest,120,2,gpu_host,HOST_to_GPU,302592,188215.27200000093,188249.74880000096
16,fixed_manifest,90,1,host_fpga_pcie,FPGA_to_HOST,302592,188582.49632000097,188771.59552000093
17,fixed_manifest,59,1,gpu_host,GPU_to_HOST,302592,188582.49632000097,188616.97312000097
17,fixed_manifest,59,2,host_fpga_pcie,HOST_to_FPGA,302592,188616.97312000097,188806.07232000097
16,fixed_manifest,90,2,gpu_host,HOST_to_GPU,302592,188771.59552000093,188806.07232000097
17,fixed_manifest,60,1,host_fpga_pcie,FPGA_to_HOST,302592,189138.81984000097,189327.91904000097
18,fixed_manifest,29,1,gpu_host,GPU_to_HOST,302592,189138.81984000097,189173.29664000098
18,fixed_manifest,29,2,host_fpga_pcie,HOST_to_FPGA,302592,189173.29664000098,189362.39584000097
17,fixed_manifest,60,2,gpu_host,HOST_to_GPU,302592,189327.91904000097,189362.39584000097
18,fixed_manifest,30,1,host_fpga_pcie,FPGA_to_HOST,302592,189695.14336000098,189819.43136000098
18,fixed_manifest,30,2,gpu_host,HOST_to_GPU,302592,189819.43136000098,189853.908160001
16,fixed_manifest,99,1,gpu_host,GPU_to_HOST,302592,190126.48288000093,190160.95968000093
16,fixed_manifest,99,2,host_fpga_pcie,HOST_to_FPGA,302592,190160.95968000093,190285.24768000093
16,fixed_manifest,100,1,host_fpga_pcie,FPGA_to_HOST,302592,190617.99520000094,190742.28320000094
16,fixed_manifest,100,2,gpu_host,HOST_to_GPU,302592,190742.28320000094,190776.76000000097
17,fixed_manifest,69,1,gpu_host,GPU_to_HOST,302592,191767.52960000094,191802.00640000094
17,fixed_manifest,69,2,host_fpga_pcie,HOST_to_FPGA,302592,191802.00640000094,191926.29440000094
17,fixed_manifest,70,1,host_fpga_pcie,FPGA_to_HOST,302592,192259.04192000095,192383.32992000095
17,fixed_manifest,70,2,gpu_host,HOST_to_GPU,302592,192383.32992000095,192417.80672000098
18,fixed_manifest,39,1,gpu_host,GPU_to_HOST,302592,192907.75712000093,192942.23392000096
18,fixed_manifest,39,2,host_fpga_pcie,HOST_to_FPGA,302592,192942.23392000096,193066.52192000096
18,fixed_manifest,40,1,host_fpga_pcie,FPGA_to_HOST,302592,193399.26944000096,193588.36864000096
19,fixed_manifest,9,1,gpu_host,GPU_to_HOST,302592,193399.26944000096,193433.74624000097
19,fixed_manifest,9,2,host_fpga_pcie,HOST_to_FPGA,302592,193433.74624000097,193622.84544000097
18,fixed_manifest,40,2,gpu_host,HOST_to_GPU,302592,193588.36864000096,193622.84544000097
16,fixed_manifest,109,1,gpu_host,GPU_to_HOST,302592,193955.59296000097,193990.069760001
19,fixed_manifest,10,1,host_fpga_pcie,FPGA_to_HOST,302592,193955.59296000097,194144.69216000097
16,fixed_manifest,109,2,host_fpga_pcie,HOST_to_FPGA,302592,193990.069760001,194179.16896000097
19,fixed_manifest,10,2,gpu_host,HOST_to_GPU,302592,194144.69216000097,194179.16896000097
16,fixed_manifest,110,1,host_fpga_pcie,FPGA_to_HOST,302592,194511.916480001,194701.01568000097
17,fixed_manifest,79,1,gpu_host,GPU_to_HOST,302592,194511.916480001,194546.393280001
17,fixed_manifest,79,2,host_fpga_pcie,HOST_to_FPGA,302592,194546.393280001,194735.492480001
16,fixed_manifest,110,2,gpu_host,HOST_to_GPU,302592,194701.01568000097,194735.492480001
17,fixed_manifest,80,1,host_fpga_pcie,FPGA_to_HOST,302592,195068.240000001,195192.528000001
17,fixed_manifest,80,2,gpu_host,HOST_to_GPU,302592,195192.528000001,195227.004800001
18,fixed_manifest,49,1,gpu_host,GPU_to_HOST,302592,195484.58112000095,195519.05792000095
18,fixed_manifest,49,2,host_fpga_pcie,HOST_to_FPGA,302592,195519.05792000095,195643.34592000095
18,fixed_manifest,50,1,host_fpga_pcie,FPGA_to_HOST,302592,195976.09344000096,196100.38144000096
18,fixed_manifest,50,2,gpu_host,HOST_to_GPU,302592,196100.38144000096,196134.858240001
19,fixed_manifest,19,1,gpu_host,GPU_to_HOST,302592,196915.29696000097,196949.77376000097
19,fixed_manifest,19,2,host_fpga_pcie,HOST_to_FPGA,302592,196949.77376000097,197074.06176000097
19,fixed_manifest,20,1,host_fpga_pcie,FPGA_to_HOST,302592,197406.80928000098,197531.09728000098
19,fixed_manifest,20,2,gpu_host,HOST_to_GPU,302592,197531.09728000098,197565.574080001
16,fixed_manifest,119,1,gpu_host,GPU_to_HOST,302592,197743.47136000099,197777.948160001
16,fixed_manifest,119,2,host_fpga_pcie,HOST_to_FPGA,302592,197777.948160001,197902.236160001
16,fixed_manifest,120,1,host_fpga_pcie,FPGA_to_HOST,302592,198234.983680001,198424.082880001
17,fixed_manifest,89,1,gpu_host,GPU_to_HOST,302592,198234.983680001,198269.46048000103
17,fixed_manifest,89,2,host_fpga_pcie,HOST_to_FPGA,302592,198269.46048000103,198458.559680001
16,fixed_manifest,120,2,gpu_host,HOST_to_GPU,302592,198424.082880001,198458.559680001
17,fixed_manifest,90,1,host_fpga_pcie,FPGA_to_HOST,302592,198791.30720000103,198980.406400001
18,fixed_manifest,59,1,gpu_host,GPU_to_HOST,302592,198791.30720000103,198825.78400000103
18,fixed_manifest,59,2,host_fpga_pcie,HOST_to_FPGA,302592,198825.78400000103,199014.88320000103
17,fixed_manifest,90,2,gpu_host,HOST_to_GPU,302592,198980.406400001,199014.88320000103
18,fixed_manifest,60,1,host_fpga_pcie,FPGA_to_HOST,302592,199347.63072000103,199536.729920001
19,fixed_manifest,29,1,gpu_host,GPU_to_HOST,302592,199347.63072000103,199382.10752000104
19,fixed_manifest,29,2,host_fpga_pcie,HOST_to_FPGA,302592,199382.10752000104,199571.20672000104
18,fixed_manifest,60,2,gpu_host,HOST_to_GPU,302592,199536.729920001,199571.20672000104
19,fixed_manifest,30,1,host_fpga_pcie,FPGA_to_HOST,302592,199903.95424000104,200028.24224000104
19,fixed_manifest,30,2,gpu_host,HOST_to_GPU,302592,200028.24224000104,200062.71904000104
17,fixed_manifest,99,1,gpu_host,GPU_to_HOST,302592,200330.04928000103,200364.52608000106
17,fixed_manifest,99,2,host_fpga_pcie,HOST_to_FPGA,302592,200364.52608000106,200488.81408000106
17,fixed_manifest,100,1,host_fpga_pcie,FPGA_to_HOST,302592,200821.56160000106,200945.84960000106
17,fixed_manifest,100,2,gpu_host,HOST_to_GPU,302592,200945.84960000106,200980.32640000107
18,fixed_manifest,69,1,gpu_host,GPU_to_HOST,302592,201971.09600000104,202005.57280000107
18,fixed_manifest,69,2,host_fpga_pcie,HOST_to_FPGA,302592,202005.57280000107,202129.86080000107
18,fixed_manifest,70,1,host_fpga_pcie,FPGA_to_HOST,302592,202462.60832000108,202586.89632000108
18,fixed_manifest,70,2,gpu_host,HOST_to_GPU,302592,202586.89632000108,202621.37312000108
19,fixed_manifest,39,1,gpu_host,GPU_to_HOST,302592,203129.67072000104,203164.14752000105
19,fixed_manifest,39,2,host_fpga_pcie,HOST_to_FPGA,302592,203164.14752000105,203288.43552000105
19,fixed_manifest,40,1,host_fpga_pcie,FPGA_to_HOST,302592,203621.18304000108,203810.28224000105
20,fixed_manifest,9,1,gpu_host,GPU_to_HOST,302592,203621.18304000108,203655.65984000108
20,fixed_manifest,9,2,host_fpga_pcie,HOST_to_FPGA,302592,203655.65984000108,203844.75904000108
19,fixed_manifest,40,2,gpu_host,HOST_to_GPU,302592,203810.28224000105,203844.75904000108
17,fixed_manifest,109,1,gpu_host,GPU_to_HOST,302592,204177.5065600011,204211.9833600011
20,fixed_manifest,10,1,host_fpga_pcie,FPGA_to_HOST,302592,204177.5065600011,204366.60576000108
17,fixed_manifest,109,2,host_fpga_pcie,HOST_to_FPGA,302592,204211.9833600011,204401.0825600011
20,fixed_manifest,10,2,gpu_host,HOST_to_GPU,302592,204366.60576000108,204401.0825600011
17,fixed_manifest,110,1,host_fpga_pcie,FPGA_to_HOST,302592,204733.8300800011,204922.9292800011
18,fixed_manifest,79,1,gpu_host,GPU_to_HOST,302592,204733.8300800011,204768.30688000112
18,fixed_manifest,79,2,host_fpga_pcie,HOST_to_FPGA,302592,204768.30688000112,204957.4060800011
17,fixed_manifest,110,2,gpu_host,HOST_to_GPU,302592,204922.9292800011,204957.4060800011
18,fixed_manifest,80,1,host_fpga_pcie,FPGA_to_HOST,302592,205290.1536000011,205414.4416000011
18,fixed_manifest,80,2,gpu_host,HOST_to_GPU,302592,205414.4416000011,205448.91840000113
19,fixed_manifest,49,1,gpu_host,GPU_to_HOST,302592,205688.14752000105,205722.62432000108
19,fixed_manifest,49,2,host_fpga_pcie,HOST_to_FPGA,302592,205722.62432000108,205846.91232000108
19,fixed_manifest,50,1,host_fpga_pcie,FPGA_to_HOST,302592,206179.65984000108,206303.94784000108
19,fixed_manifest,50,2,gpu_host,HOST_to_GPU,302592,206303.94784000108,206338.4246400011
20,fixed_manifest,19,1,gpu_host,GPU_to_HOST,302592,206944.48960000108,206978.9664000011
20,fixed_manifest,19,2,host_fpga_pcie,HOST_to_FPGA,302592,206978.9664000011,207103.2544000011
20,fixed_manifest,20,1,host_fpga_pcie,FPGA_to_HOST,302592,207436.00192000112,207560.28992000112
20,fixed_manifest,20,2,gpu_host,HOST_to_GPU,302592,207560.28992000112,207594.76672000112
17,fixed_manifest,119,1,gpu_host,GPU_to_HOST,302592,207947.03776000108,207981.51456000112
17,fixed_manifest,119,2,host_fpga_pcie,HOST_to_FPGA,302592,207981.51456000112,208105.80256000112
17,fixed_manifest,120,1,host_fpga_pcie,FPGA_to_HOST,302592,208438.55008000112,208627.64928000112
18,fixed_manifest,89,1,gpu_host,GPU_to_HOST,302592,208438.55008000112,208473.02688000113
18,fixed_manifest,89,2,host_fpga_pcie,HOST_to_FPGA,302592,208473.02688000113,208662.12608000112
17,fixed_manifest,120,2,gpu_host,HOST_to_GPU,302592,208627.64928000112,208662.12608000112
18,fixed_manifest,90,1,host_fpga_pcie,FPGA_to_HOST,302592,208994.87360000113,209183.97280000112
19,fixed_manifest,59,1,gpu_host,GPU_to_HOST,302592,208994.87360000113,209029.35040000116
19,fixed_manifest,59,2,host_fpga_pcie,HOST_to_FPGA,302592,209029.35040000116,209218.44960000113
18,fixed_manifest,90,2,gpu_host,HOST_to_GPU,302592,209183.97280000112,209218.44960000113
19,fixed_manifest,60,1,host_fpga_pcie,FPGA_to_HOST,302592,209551.19712000113,209740.29632000113
20,fixed_manifest,29,1,gpu_host,GPU_to_HOST,302592,209551.19712000113,209585.67392000117
20,fixed_manifest,29,2,host_fpga_pcie,HOST_to_FPGA,302592,209585.67392000117,209774.77312000113
19,fixed_manifest,60,2,gpu_host,HOST_to_GPU,302592,209740.29632000113,209774.77312000113
20,fixed_manifest,30,1,host_fpga_pcie,FPGA_to_HOST,302592,210107.52064000117,210231.80864000117
20,fixed_manifest,30,2,gpu_host,HOST_to_GPU,302592,210231.80864000117,210266.28544000117
18,fixed_manifest,99,1,gpu_host,GPU_to_HOST,302592,210703.46976000114,210737.94656000118
18,fixed_manifest,99,2,host_fpga_pcie,HOST_to_FPGA,302592,210737.94656000118,210862.23456000118
18,fixed_manifest,100,1,host_fpga_pcie,FPGA_to_HOST,302592,211194.98208000118,211319.27008000118
18,fixed_manifest,100,2,gpu_host,HOST_to_GPU,302592,211319.27008000118,211353.74688000118
19,fixed_manifest,69,1,gpu_host,GPU_to_HOST,302592,212330.68896000116,212365.16576000117
19,fixed_manifest,69,2,host_fpga_pcie,HOST_to_FPGA,302592,212365.16576000117,212489.45376000117
19,fixed_manifest,70,1,host_fpga_pcie,FPGA_to_HOST,302592,212822.20128000117,212946.48928000117
19,fixed_manifest,70,2,gpu_host,HOST_to_GPU,302592,212946.48928000117,212980.9660800012
21,fixed_manifest,9,1,gpu_host,GPU_to_HOST,302592,213333.23712000117,213367.71392000117
21,fixed_manifest,9,2,host_fpga_pcie,HOST_to_FPGA,302592,213367.71392000117,213492.00192000117
20,fixed_manifest,39,1,gpu_host,GPU_to_HOST,302592,213824.74944000118,213859.2262400012
21,fixed_manifest,10,1,host_fpga_pcie,FPGA_to_HOST,302592,213824.74944000118,214013.84864000118
20,fixed_manifest,39,2,host_fpga_pcie,HOST_to_FPGA,302592,213859.2262400012,214048.32544000118
21,fixed_manifest,10,2,gpu_host,HOST_to_GPU,302592,214013.84864000118,214048.32544000118
18,fixed_manifest,109,1,gpu_host,GPU_to_HOST,302592,214381.07296000118,214415.54976000122
20,fixed_manifest,40,1,host_fpga_pcie,FPGA_to_HOST,302592,214381.07296000118,214570.17216000118
18,fixed_manifest,109,2,host_fpga_pcie,HOST_to_FPGA,302592,214415.54976000122,214604.64896000118
20,fixed_manifest,40,2,gpu_host,HOST_to_GPU,302592,214570.17216000118,214604.64896000118
18,fixed_manifest,110,1,host_fpga_pcie,FPGA_to_HOST,302592,214937.39648000122,215126.4956800012
19,fixed_manifest,79,1,gpu_host,GPU_to_HOST,302592,214937.39648000122,214971.87328000122
19,fixed_manifest,79,2,host_fpga_pcie,HOST_to_FPGA,302592,214971.87328000122,215160.97248000122
18,fixed_manifest,110,2,gpu_host,HOST_to_GPU,302592,215126.4956800012,215160.97248000122
19,fixed_manifest,80,1,host_fpga_pcie,FPGA_to_HOST,302592,215493.72000000122,215618.00800000122
19,fixed_manifest,80,2,gpu_host,HOST_to_GPU,302592,215618.00800000122,215652.48480000123
21,fixed_manifest,19,1,gpu_host,GPU_to_HOST,302592,215891.71392000117,215926.19072000118
21,fixed_manifest,19,2,host_fpga_pcie,HOST_to_FPGA,302592,215926.19072000118,216050.47872000118
21,fixed_manifest,20,1,host_fpga_pcie,FPGA_to_HOST,302592,216383.2262400012,216507.5142400012
21,fixed_manifest,20,2,gpu_host,HOST_to_GPU,302592,216507.5142400012,216541.99104000122
20,fixed_manifest,49,1,gpu_host,GPU_to_HOST,302592,217148.0560000012,217182.5328000012
20,fixed_manifest,49,2,host_fpga_pcie,HOST_to_FPGA,302592,217182.5328000012,217306.8208000012
20,fixed_manifest,50,1,host_fpga_pcie,FPGA_to_HOST,302592,217639.5683200012,217763.8563200012
20,fixed_manifest,50,2,gpu_host,HOST_to_GPU,302592,217763.8563200012,217798.33312000125
18,fixed_manifest,119,1,gpu_host,GPU_to_HOST,302592,218150.6041600012,218185.0809600012
18,fixed_manifest,119,2,host_fpga_pcie,HOST_to_FPGA,302592,218185.0809600012,218309.36896000121
18,fixed_manifest,120,1,host_fpga_pcie,FPGA_to_HOST,302592,218642.11648000122,218831.21568000122
19,fixed_manifest,89,1,gpu_host,GPU_to_HOST,302592,218642.11648000122,218676.59328000125
19,fixed_manifest,89,2,host_fpga_pcie,HOST_to_FPGA,302592,218676.59328000125,218865.69248000122
18,fixed_manifest,120,2,gpu_host,HOST_to_GPU,302592,218831.21568000122,218865.69248000122
19,fixed_manifest,90,1,host_fpga_pcie,FPGA_to_HOST,302592,219198.44000000125,219387.53920000122
21,fixed_manifest,29,1,gpu_host,GPU_to_HOST,302592,219198.44000000125,219232.91680000126
21,fixed_manifest,29,2,host_fpga_pcie,HOST_to_FPGA,302592,219232.91680000126,219422.01600000125
19,fixed_manifest,90,2,gpu_host,HOST_to_GPU,302592,219387.53920000122,219422.01600000125
20,fixed_manifest,59,1,gpu_host,GPU_to_HOST,302592,219754.76352000126,219789.24032000126
21,fixed_manifest,30,1,host_fpga_pcie,FPGA_to_HOST,302592,219754.76352000126,219943.86272000126
20,fixed_manifest,59,2,host_fpga_pcie,HOST_to_FPGA,302592,219789.24032000126,219978.33952000126
21,fixed_manifest,30,2,gpu_host,HOST_to_GPU,302592,219943.86272000126,219978.33952000126
20,fixed_manifest,60,1,host_fpga_pcie,FPGA_to_HOST,302592,220311.08704000126,220435.37504000127
20,fixed_manifest,60,2,gpu_host,HOST_to_GPU,302592,220435.37504000127,220469.8518400013
19,fixed_manifest,99,1,gpu_host,GPU_to_HOST,302592,220929.16576000125,220963.6425600013
19,fixed_manifest,99,2,host_fpga_pcie,HOST_to_FPGA,302592,220963.6425600013,221087.9305600013
19,fixed_manifest,100,1,host_fpga_pcie,FPGA_to_HOST,302592,221420.6780800013,221544.9660800013
19,fixed_manifest,100,2,gpu_host,HOST_to_GPU,302592,221544.9660800013,221579.4428800013
21,fixed_manifest,39,1,gpu_host,GPU_to_HOST,302592,222708.62912000128,222743.10592000128
21,fixed_manifest,39,2,host_fpga_pcie,HOST_to_FPGA,302592,222743.10592000128,222867.39392000128
21,fixed_manifest,40,1,host_fpga_pcie,FPGA_to_HOST,302592,223200.14144000132,223324.42944000132
21,fixed_manifest,40,2,gpu_host,HOST_to_GPU,302592,223324.42944000132,223365.72992000132
22,fixed_manifest,9,1,gpu_host,GPU_to_HOST,302592,223344.0825600013,223385.3830400013
22,fixed_manifest,9,2,host_fpga_pcie,HOST_to_FPGA,302592,223385.3830400013,223509.6710400013
20,fixed_manifest,69,1,gpu_host,GPU_to_HOST,302592,223842.4185600013,223876.89536000133
22,fixed_manifest,10,1,host_fpga_pcie,FPGA_to_HOST,302592,223842.4185600013,224031.5177600013
20,fixed_manifest,69,2,host_fpga_pcie,HOST_to_FPGA,302592,223876.89536000133,224065.9945600013
22,fixed_manifest,10,2,gpu_host,HOST_to_GPU,302592,224031.5177600013,224065.9945600013
19,fixed_manifest,109,1,gpu_host,GPU_to_HOST,302592,224398.74208000134,224433.21888000134
20,fixed_manifest,70,1,host_fpga_pcie,FPGA_to_HOST,302592,224398.74208000134,224587.8412800013
19,fixed_manifest,109,2,host_fpga_pcie,HOST_to_FPGA,302592,224433.21888000134,224622.31808000134
20,fixed_manifest,70,2,gpu_host,HOST_to_GPU,302592,224587.8412800013,224622.31808000134
19,fixed_manifest,110,1,host_fpga_pcie,FPGA_to_HOST,302592,224955.06560000134,225079.35360000134
19,fixed_manifest,110,2,gpu_host,HOST_to_GPU,302592,225079.35360000134,225113.83040000134
21,fixed_manifest,49,1,gpu_host,GPU_to_HOST,302592,225222.84672000128,225257.32352000132
21,fixed_manifest,49,2,host_fpga_pcie,HOST_to_FPGA,302592,225257.32352000132,225381.61152000132
21,fixed_manifest,50,1,host_fpga_pcie,FPGA_to_HOST,302592,225714.35904000132,225838.64704000132
21,fixed_manifest,50,2,gpu_host,HOST_to_GPU,302592,225838.64704000132,225873.12384000132
22,fixed_manifest,19,1,gpu_host,GPU_to_HOST,302592,226538.0128000013,226572.4896000013
22,fixed_manifest,19,2,host_fpga_pcie,HOST_to_FPGA,302592,226572.4896000013,226696.7776000013
22,fixed_manifest,20,1,host_fpga_pcie,FPGA_to_HOST,302592,227029.52512000132,227153.81312000132
22,fixed_manifest,20,2,gpu_host,HOST_to_GPU,302592,227153.81312000132,227188.28992000135
20,fixed_manifest,79,1,gpu_host,GPU_to_HOST,302592,227503.86656000133,227538.34336000134
20,fixed_manifest,79,2,host_fpga_pcie,HOST_to_FPGA,302592,227538.34336000134,227662.63136000134
19,fixed_manifest,119,1,gpu_host,GPU_to_HOST,302592,227995.37888000134,228029.85568000138
20,fixed_manifest,80,1,host_fpga_pcie,FPGA_to_HOST,302592,227995.37888000134,228184.47808000134
19,fixed_manifest,119,2,host_fpga_pcie,HOST_to_FPGA,302592,228029.85568000138,228218.95488000134
20,fixed_manifest,80,2,gpu_host,HOST_to_GPU,302592,228184.47808000134,228218.95488000134
19,fixed_manifest,120,1,host_fpga_pcie,FPGA_to_HOST,302592,228551.70240000135,228740.80160000134
21,fixed_manifest,59,1,gpu_host,GPU_to_HOST,302592,228551.70240000135,228586.17920000138
21,fixed_manifest,59,2,host_fpga_pcie,HOST_to_FPGA,302592,228586.17920000138,228775.27840000138
19,fixed_manifest,120,2,gpu_host,HOST_to_GPU,302592,228740.80160000134,228775.27840000138
21,fixed_manifest,60,1,host_fpga_pcie,FPGA_to_HOST,302592,229108.02592000138,229232.31392000138
21,fixed_manifest,60,2,gpu_host,HOST_to_GPU,302592,229232.31392000138,229266.7907200014
22,fixed_manifest,29,1,gpu_host,GPU_to_HOST,302592,229382.63072000133,229417.10752000133
22,fixed_manifest,29,2,host_fpga_pcie,HOST_to_FPGA,302592,229417.10752000133,229541.39552000133
22,fixed_manifest,30,1,host_fpga_pcie,FPGA_to_HOST,302592,229874.14304000133,229998.43104000133
22,fixed_manifest,30,2,gpu_host,HOST_to_GPU,302592,229998.43104000133,230032.90784000137
20,fixed_manifest,89,1,gpu_host,GPU_to_HOST,302592,230095.6889600013,230130.16576000134
20,fixed_manifest,89,2,host_fpga_pcie,HOST_to_FPGA,302592,230130.16576000134,230254.45376000134
20,fixed_manifest,90,1,host_fpga_pcie,FPGA_to_HOST,302592,230587.20128000135,230711.48928000135
20,fixed_manifest,90,2,gpu_host,HOST_to_GPU,302592,230711.48928000135,230745.96608000135
21,fixed_manifest,69,1,gpu_host,GPU_to_HOST,302592,231736.73568000132,231771.21248000136
21,fixed_manifest,69,2,host_fpga_pcie,HOST_to_FPGA,302592,231771.21248000136,231895.50048000136
21,fixed_manifest,70,1,host_fpga_pcie,FPGA_to_HOST,302592,232228.24800000136,232352.53600000136
21,fixed_manifest,70,2,gpu_host,HOST_to_GPU,302592,232352.53600000136,232387.01280000136
22,fixed_manifest,39,1,gpu_host,GPU_to_HOST,302592,232895.31040000133,232929.78720000136
22,fixed_manifest,39,2,host_fpga_pcie,HOST_to_FPGA,302592,232929.78720000136,233054.07520000136
22,fixed_manifest,40,1,host_fpga_pcie,FPGA_to_HOST,302592,233386.82272000136,233575.92192000133
23,fixed_manifest,9,1,gpu_host,GPU_to_HOST,302592,233386.82272000136,233421.29952000137
23,fixed_manifest,9,2,host_fpga_pcie,HOST_to_FPGA,302592,233421.29952000137,233610.39872000137
22,fixed_manifest,40,2,gpu_host,HOST_to_GPU,302592,233575.92192000133,233610.39872000137
20,fixed_manifest,99,1,gpu_host,GPU_to_HOST,302592,233943.14624000137,233977.62304000137
23,fixed_manifest,10,1,host_fpga_pcie,FPGA_to_HOST,302592,233943.14624000137,234132.24544000137
20,fixed_manifest,99,2,host_fpga_pcie,HOST_to_FPGA,302592,233977.62304000137,234166.72224000137
23,fixed_manifest,10,2,gpu_host,HOST_to_GPU,302592,234132.24544000137,234166.72224000137
20,fixed_manifest,100,1,host_fpga_pcie,FPGA_to_HOST,302592,234499.46976000138,234688.56896000137
21,fixed_manifest,79,1,gpu_host,GPU_to_HOST,302592,234499.46976000138,234533.9465600014
21,fixed_manifest,79,2,host_fpga_pcie,HOST_to_FPGA,302592,234533.9465600014,234723.04576000138
20,fixed_manifest,100,2,gpu_host,HOST_to_GPU,302592,234688.56896000137,234723.04576000138
21,fixed_manifest,80,1,host_fpga_pcie,FPGA_to_HOST,302592,235055.7932800014,235180.0812800014
21,fixed_manifest,80,2,gpu_host,HOST_to_GPU,302592,235180.0812800014,235214.5580800014
22,fixed_manifest,49,1,gpu_host,GPU_to_HOST,302592,235453.78720000136,235488.26400000136
22,fixed_manifest,49,2,host_fpga_pcie,HOST_to_FPGA,302592,235488.26400000136,235612.55200000136
22,fixed_manifest,50,1,host_fpga_pcie,FPGA_to_HOST,302592,235945.29952000137,236069.58752000137
22,fixed_manifest,50,2,gpu_host,HOST_to_GPU,302592,236069.58752000137,236104.0643200014
23,fixed_manifest,19,1,gpu_host,GPU_to_HOST,302592,236710.12928000136,236744.6060800014
23,fixed_manifest,19,2,host_fpga_pcie,HOST_to_FPGA,302592,236744.6060800014,236868.8940800014
23,fixed_manifest,20,1,host_fpga_pcie,FPGA_to_HOST,302592,237201.6416000014,237325.9296000014
23,fixed_manifest,20,2,gpu_host,HOST_to_GPU,302592,237325.9296000014,237360.4064000014
20,fixed_manifest,109,1,gpu_host,GPU_to_HOST,302592,237712.67744000137,237747.1542400014
20,fixed_manifest,109,2,host_fpga_pcie,HOST_to_FPGA,302592,237747.1542400014,237871.4422400014
20,fixed_manifest,110,1,host_fpga_pcie,FPGA_to_HOST,302592,238204.1897600014,238393.2889600014
21,fixed_manifest,89,1,gpu_host,GPU_to_HOST,302592,238204.1897600014,238238.6665600014
21,fixed_manifest,89,2,host_fpga_pcie,HOST_to_FPGA,302592,238238.6665600014,238427.7657600014
20,fixed_manifest,110,2,gpu_host,HOST_to_GPU,302592,238393.2889600014,238427.7657600014
21,fixed_manifest,90,1,host_fpga_pcie,FPGA_to_HOST,302592,238760.5132800014,238949.6124800014
22,fixed_manifest,59,1,gpu_host,GPU_to_HOST,302592,238760.5132800014,238794.99008000144
22,fixed_manifest,59,2,host_fpga_pcie,HOST_to_FPGA,302592,238794.99008000144,238984.0892800014
21,fixed_manifest,90,2,gpu_host,HOST_to_GPU,302592,238949.6124800014,238984.0892800014
22,fixed_manifest,60,1,host_fpga_pcie,FPGA_to_HOST,302592,239316.83680000145,239441.12480000145
22,fixed_manifest,60,2,gpu_host,HOST_to_GPU,302592,239441.12480000145,239475.60160000145
23,fixed_manifest,29,1,gpu_host,GPU_to_HOST,302592,239573.09440000137,239607.5712000014
23,fixed_manifest,29,2,host_fpga_pcie,HOST_to_FPGA,302592,239607.5712000014,239731.8592000014
23,fixed_manifest,30,1,host_fpga_pcie,FPGA_to_HOST,302592,240064.6067200014,240188.8947200014
23,fixed_manifest,30,2,gpu_host,HOST_to_GPU,302592,240188.8947200014,240223.3715200014
20,fixed_manifest,119,1,gpu_host,GPU_to_HOST,302592,241039.7673600014,241074.24416000143
20,fixed_manifest,119,2,host_fpga_pcie,HOST_to_FPGA,302592,241074.24416000143,241198.53216000143
20,fixed_manifest,120,1,host_fpga_pcie,FPGA_to_HOST,302592,241531.27968000143,241655.56768000143
20,fixed_manifest,120,2,gpu_host,HOST_to_GPU,302592,241655.56768000143,241690.04448000144
21,fixed_manifest,99,1,gpu_host,GPU_to_HOST,302592,242488.83040000143,242523.30720000147
21,fixed_manifest,99,2,host_fpga_pcie,HOST_to_FPGA,302592,242523.30720000147,242647.59520000147
21,fixed_manifest,100,1,host_fpga_pcie,FPGA_to_HOST,302592,242980.34272000147,243115.7033600015
22,fixed_manifest,69,1,gpu_host,GPU_to_HOST,302592,243034.0812800014,243068.55808000144
22,fixed_manifest,69,2,host_fpga_pcie,HOST_to_FPGA,302592,243068.55808000144,243203.91872000147
21,fixed_manifest,100,2,gpu_host,HOST_to_GPU,302592,243115.7033600015,243150.1801600015
22,fixed_manifest,70,1,host_fpga_pcie,FPGA_to_HOST,302592,243536.66624000148,243725.76544000147
23,fixed_manifest,39,1,gpu_host,GPU_to_HOST,302592,243536.66624000148,243571.14304000148
23,fixed_manifest,39,2,host_fpga_pcie,HOST_to_FPGA,302592,243571.14304000148,243760.24224000148
22,fixed_manifest,70,2,gpu_host,HOST_to_GPU,302592,243725.76544000147,243760.24224000148
23,fixed_manifest,40,1,host_fpga_pcie,FPGA_to_HOST,302592,244092.98976000148,244282.08896000148
24,fixed_manifest,9,1,gpu_host,GPU_to_HOST,302592,244092.98976000148,244127.4665600015
24,fixed_manifest,9,2,host_fpga_pcie,HOST_to_FPGA,302592,244127.4665600015,244316.56576000148
23,fixed_manifest,40,2,gpu_host,HOST_to_GPU,302592,244282.08896000148,244316.56576000148
24,fixed_manifest,10,1,host_fpga_pcie,FPGA_to_HOST,302592,244649.31328000152,244773.60128000152
21,fixed_manifest,109,1,gpu_host,GPU_to_HOST,302592,244771.8172800014,244830.98688000132
24,fixed_manifest,10,2,gpu_host,HOST_to_GPU,302592,244773.60128000152,244832.77088000142
21,fixed_manifest,109,2,host_fpga_pcie,HOST_to_FPGA,302592,244830.98688000132,244955.27488000132
21,fixed_manifest,110,1,host_fpga_pcie,FPGA_to_HOST,302592,245288.02240000133,245412.31040000133
21,fixed_manifest,110,2,gpu_host,HOST_to_GPU,302592,245412.31040000133,245446.78720000136
22,fixed_manifest,79,1,gpu_host,GPU_to_HOST,302592,245625.90368000141,245660.38048000145
22,fixed_manifest,79,2,host_fpga_pcie,HOST_to_FPGA,302592,245660.38048000145,245784.66848000145
22,fixed_manifest,80,1,host_fpga_pcie,FPGA_to_HOST,302592,246117.41600000145,246241.70400000145
22,fixed_manifest,80,2,gpu_host,HOST_to_GPU,302592,246241.70400000145,246276.18080000146
23,fixed_manifest,49,1,gpu_host,GPU_to_HOST,302592,246918.94016000142,246953.41696000146
23,fixed_manifest,49,2,host_fpga_pcie,HOST_to_FPGA,302592,246953.41696000146,247077.70496000146
23,fixed_manifest,50,1,host_fpga_pcie,FPGA_to_HOST,302592,247410.45248000146,247534.74048000146
23,fixed_manifest,50,2,gpu_host,HOST_to_GPU,302592,247534.74048000146,247569.21728000147
24,fixed_manifest,19,1,gpu_host,GPU_to_HOST,302592,247884.79392000145,247919.27072000148
24,fixed_manifest,19,2,host_fpga_pcie,HOST_to_FPGA,302592,247919.27072000148,248043.55872000149
21,fixed_manifest,119,1,gpu_host,GPU_to_HOST,302592,248376.3062400015,248410.7830400015
24,fixed_manifest,20,1,host_fpga_pcie,FPGA_to_HOST,302592,248376.3062400015,248565.40544000146
21,fixed_manifest,119,2,host_fpga_pcie,HOST_to_FPGA,302592,248410.7830400015,248599.8822400015
24,fixed_manifest,20,2,gpu_host,HOST_to_GPU,302592,248565.40544000146,248599.8822400015
21,fixed_manifest,120,1,host_fpga_pcie,FPGA_to_HOST,302592,248932.6297600015,249121.7289600015
22,fixed_manifest,89,1,gpu_host,GPU_to_HOST,302592,248932.6297600015,248967.1065600015
22,fixed_manifest,89,2,host_fpga_pcie,HOST_to_FPGA,302592,248967.1065600015,249156.2057600015
21,fixed_manifest,120,2,gpu_host,HOST_to_GPU,302592,249121.7289600015,249156.2057600015
22,fixed_manifest,90,1,host_fpga_pcie,FPGA_to_HOST,302592,249488.9532800015,249613.2412800015
22,fixed_manifest,90,2,gpu_host,HOST_to_GPU,302592,249613.2412800015,249647.71808000153
23,fixed_manifest,59,1,gpu_host,GPU_to_HOST,302592,249763.55808000144,249798.03488000148
23,fixed_manifest,59,2,host_fpga_pcie,HOST_to_FPGA,302592,249798.03488000148,249922.32288000148
23,fixed_manifest,60,1,host_fpga_pcie,FPGA_to_HOST,302592,250255.07040000145,250379.35840000142
23,fixed_manifest,60,2,gpu_host,HOST_to_GPU,302592,250379.35840000142,250413.83520000143
24,fixed_manifest,29,1,gpu_host,GPU_to_HOST,302592,250628.1232000014,250662.6000000014
24,fixed_manifest,29,2,host_fpga_pcie,HOST_to_FPGA,302592,250662.6000000014,250786.88800000137
24,fixed_manifest,30,1,host_fpga_pcie,FPGA_to_HOST,302592,251119.63552000138,251243.92352000135
24,fixed_manifest,30,2,gpu_host,HOST_to_GPU,302592,251243.92352000135,251278.40032000138
22,fixed_manifest,99,1,gpu_host,GPU_to_HOST,302592,252117.66304000127,252152.1398400013
22,fixed_manifest,99,2,host_fpga_pcie,HOST_to_FPGA,302592,252152.1398400013,252276.42784000127
22,fixed_manifest,100,1,host_fpga_pcie,FPGA_to_HOST,302592,252609.17536000127,252733.46336000125
22,fixed_manifest,100,2,gpu_host,HOST_to_GPU,302592,252733.46336000125,252767.94016000125
23,fixed_manifest,69,1,gpu_host,GPU_to_HOST,302592,253276.23776000118,253310.71456000122
23,fixed_manifest,69,2,host_fpga_pcie,HOST_to_FPGA,302592,253310.71456000122,253435.0025600012
23,fixed_manifest,70,1,host_fpga_pcie,FPGA_to_HOST,302592,253767.7500800012,253956.84928000116
25,fixed_manifest,9,1,gpu_host,GPU_to_HOST,302592,253767.7500800012,253802.2268800012
25,fixed_manifest,9,2,host_fpga_pcie,HOST_to_FPGA,302592,253802.2268800012,253991.3260800012
23,fixed_manifest,70,2,gpu_host,HOST_to_GPU,302592,253956.84928000116,253991.3260800012
24,fixed_manifest,39,1,gpu_host,GPU_to_HOST,302592,254324.0736000012,254358.55040000123
25,fixed_manifest,10,1,host_fpga_pcie,FPGA_to_HOST,302592,254324.0736000012,254513.1728000012
24,fixed_manifest,39,2,host_fpga_pcie,HOST_to_FPGA,302592,254358.55040000123,254547.6496000012
25,fixed_manifest,10,2,gpu_host,HOST_to_GPU,302592,254513.1728000012,254547.6496000012
22,fixed_manifest,109,1,gpu_host,GPU_to_HOST,302592,254880.3971200012,254914.87392000124
24,fixed_manifest,40,1,host_fpga_pcie,FPGA_to_HOST,302592,254880.3971200012,255069.4963200012
22,fixed_manifest,109,2,host_fpga_pcie,HOST_to_FPGA,302592,254914.87392000124,255103.9731200012
24,fixed_manifest,40,2,gpu_host,HOST_to_GPU,302592,255069.4963200012,255103.9731200012
22,fixed_manifest,110,1,host_fpga_pcie,FPGA_to_HOST,302592,255436.72064000124,255561.0086400012
22,fixed_manifest,110,2,gpu_host,HOST_to_GPU,302592,255561.0086400012,255595.4854400012
23,fixed_manifest,79,1,gpu_host,GPU_to_HOST,302592,255834.7145600009,255869.1913600009
23,fixed_manifest,79,2,host_fpga_pcie,HOST_to_FPGA,302592,255869.1913600009,255993.4793600009
23,fixed_manifest,80,1,host_fpga_pcie,FPGA_to_HOST,302592,256326.2268800009,256450.51488000088
23,fixed_manifest,80,2,gpu_host,HOST_to_GPU,302592,256450.51488000088,256484.99168000088
25,fixed_manifest,19,1,gpu_host,GPU_to_HOST,302592,257091.0566400008,257125.53344000084
25,fixed_manifest,19,2,host_fpga_pcie,HOST_to_FPGA,302592,257125.53344000084,257249.82144000081
25,fixed_manifest,20,1,host_fpga_pcie,FPGA_to_HOST,302592,257582.56896000082,257706.8569600008
25,fixed_manifest,20,2,gpu_host,HOST_to_GPU,302592,257706.8569600008,257741.3337600008
24,fixed_manifest,49,1,gpu_host,GPU_to_HOST,302592,258093.6048000007,258128.08160000073
24,fixed_manifest,49,2,host_fpga_pcie,HOST_to_FPGA,302592,258128.08160000073,258252.3696000007
22,fixed_manifest,119,1,gpu_host,GPU_to_HOST,302592,258585.1171200007,258619.5939200007
24,fixed_manifest,50,1,host_fpga_pcie,FPGA_to_HOST,302592,258585.1171200007,258774.2163200007
22,fixed_manifest,119,2,host_fpga_pcie,HOST_to_FPGA,302592,258619.5939200007,258808.6931200007
24,fixed_manifest,50,2,gpu_host,HOST_to_GPU,302592,258774.2163200007,258808.6931200007
22,fixed_manifest,120,1,host_fpga_pcie,FPGA_to_HOST,302592,259141.4406400007,259330.5398400007
23,fixed_manifest,89,1,gpu_host,GPU_to_HOST,302592,259141.4406400007,259175.91744000075
23,fixed_manifest,89,2,host_fpga_pcie,HOST_to_FPGA,302592,259175.91744000075,259365.01664000071
22,fixed_manifest,120,2,gpu_host,HOST_to_GPU,302592,259330.5398400007,259365.01664000071
23,fixed_manifest,90,1,host_fpga_pcie,FPGA_to_HOST,302592,259697.76416000072,259822.0521600007
23,fixed_manifest,90,2,gpu_host,HOST_to_GPU,302592,259822.0521600007,259856.52896000072
25,fixed_manifest,29,1,gpu_host,GPU_to_HOST,302592,259954.02176000056,259988.49856000056
25,fixed_manifest,29,2,host_fpga_pcie,HOST_to_FPGA,302592,259988.49856000056,260112.78656000053
25,fixed_manifest,30,1,host_fpga_pcie,FPGA_to_HOST,302592,260445.53408000054,260569.8220800005
25,fixed_manifest,30,2,gpu_host,HOST_to_GPU,302592,260569.8220800005,260604.29888000054
24,fixed_manifest,59,1,gpu_host,GPU_to_HOST,302592,260836.93408000036,260871.4108800004
24,fixed_manifest,59,2,host_fpga_pcie,HOST_to_FPGA,302592,260871.4108800004,260995.69888000036
24,fixed_manifest,60,1,host_fpga_pcie,FPGA_to_HOST,302592,261328.44640000036,261452.73440000034
24,fixed_manifest,60,2,gpu_host,HOST_to_GPU,302592,261452.73440000034,261487.21120000034
23,fixed_manifest,99,1,gpu_host,GPU_to_HOST,302592,262464.15328000026,262498.6300800003
23,fixed_manifest,99,2,host_fpga_pcie,HOST_to_FPGA,302592,262498.6300800003,262622.91808000027
23,fixed_manifest,100,1,host_fpga_pcie,FPGA_to_HOST,302592,262955.6656000003,263079.95360000024
23,fixed_manifest,100,2,gpu_host,HOST_to_GPU,302592,263079.95360000024,263114.43040000024
26,fixed_manifest,9,1,gpu_host,GPU_to_HOST,302592,263466.70144000015,263501.1782400002
26,fixed_manifest,9,2,host_fpga_pcie,HOST_to_FPGA,302592,263501.1782400002,263625.46624000015
25,fixed_manifest,39,1,gpu_host,GPU_to_HOST,302592,263958.2137600002,263992.6905600002
26,fixed_manifest,10,1,host_fpga_pcie,FPGA_to_HOST,302592,263958.2137600002,264147.3129600002
25,fixed_manifest,39,2,host_fpga_pcie,HOST_to_FPGA,302592,263992.6905600002,264181.7897600002
26,fixed_manifest,10,2,gpu_host,HOST_to_GPU,302592,264147.3129600002,264181.7897600002
24,fixed_manifest,69,1,gpu_host,GPU_to_HOST,302592,264514.53728000016,264549.0140800002
25,fixed_manifest,40,1,host_fpga_pcie,FPGA_to_HOST,302592,264514.53728000016,264703.63648000016
24,fixed_manifest,69,2,host_fpga_pcie,HOST_to_FPGA,302592,264549.0140800002,264738.11328000017
25,fixed_manifest,40,2,gpu_host,HOST_to_GPU,302592,264703.63648000016,264738.11328000017
23,fixed_manifest,109,1,gpu_host,GPU_to_HOST,302592,265070.8608000002,265105.3376000002
24,fixed_manifest,70,1,host_fpga_pcie,FPGA_to_HOST,302592,265070.8608000002,265259.9600000002
23,fixed_manifest,109,2,host_fpga_pcie,HOST_to_FPGA,302592,265105.3376000002,265294.4368000002
24,fixed_manifest,70,2,gpu_host,HOST_to_GPU,302592,265259.9600000002,265294.4368000002
23,fixed_manifest,110,1,host_fpga_pcie,FPGA_to_HOST,302592,265627.18432000023,265751.4723200002
23,fixed_manifest,110,2,gpu_host,HOST_to_GPU,302592,265751.4723200002,265785.9491200002
26,fixed_manifest,19,1,gpu_host,GPU_to_HOST,302592,266025.17823999986,266059.6550399999
26,fixed_manifest,19,2,host_fpga_pcie,HOST_to_FPGA,302592,266059.6550399999,266183.94303999987
26,fixed_manifest,20,1,host_fpga_pcie,FPGA_to_HOST,302592,266516.6905599999,266640.97855999984
26,fixed_manifest,20,2,gpu_host,HOST_to_GPU,302592,266640.97855999984,266675.45535999985
25,fixed_manifest,49,1,gpu_host,GPU_to_HOST,302592,267281.5203199998,267315.99711999984
25,fixed_manifest,49,2,host_fpga_pcie,HOST_to_FPGA,302592,267315.99711999984,267440.2851199998
25,fixed_manifest,50,1,host_fpga_pcie,FPGA_to_HOST,302592,267773.0326399998,267897.32063999976
25,fixed_manifest,50,2,gpu_host,HOST_to_GPU,302592,267897.32063999976,267931.79743999976
24,fixed_manifest,79,1,gpu_host,GPU_to_HOST,302592,268284.06847999967,268318.54527999973
24,fixed_manifest,79,2,host_fpga_pcie,HOST_to_FPGA,302592,268318.54527999973,268442.8332799997
23,fixed_manifest,119,1,gpu_host,GPU_to_HOST,302592,268775.5807999997,268810.0575999997
24,fixed_manifest,80,1,host_fpga_pcie,FPGA_to_HOST,302592,268775.5807999997,268964.6799999997
23,fixed_manifest,119,2,host_fpga_pcie,HOST_to_FPGA,302592,268810.0575999997,268999.1567999997
24,fixed_manifest,80,2,gpu_host,HOST_to_GPU,302592,268964.6799999997,268999.1567999997
23,fixed_manifest,120,1,host_fpga_pcie,FPGA_to_HOST,302592,269331.9043199997,269521.0035199997
26,fixed_manifest,29,1,gpu_host,GPU_to_HOST,302592,269331.9043199997,269366.38111999974
26,fixed_manifest,29,2,host_fpga_pcie,HOST_to_FPGA,302592,269366.38111999974,269555.4803199997
23,fixed_manifest,120,2,gpu_host,HOST_to_GPU,302592,269521.0035199997,269555.4803199997
26,fixed_manifest,30,1,host_fpga_pcie,FPGA_to_HOST,302592,269888.2278399997,270012.5158399997
26,fixed_manifest,30,2,gpu_host,HOST_to_GPU,302592,270012.5158399997,270046.9926399997
25,fixed_manifest,59,1,gpu_host,GPU_to_HOST,302592,270144.48543999955,270178.96223999956
25,fixed_manifest,59,2,host_fpga_pcie,HOST_to_FPGA,302592,270178.96223999956,270303.2502399995
25,fixed_manifest,60,1,host_fpga_pcie,FPGA_to_HOST,302592,270635.99775999953,270760.2857599995
25,fixed_manifest,60,2,gpu_host,HOST_to_GPU,302592,270760.2857599995,270794.76255999954
24,fixed_manifest,89,1,gpu_host,GPU_to_HOST,302592,271049.5273599993,271084.0041599993
24,fixed_manifest,89,2,host_fpga_pcie,HOST_to_FPGA,302592,271084.0041599993,271208.2921599993
24,fixed_manifest,90,1,host_fpga_pcie,FPGA_to_HOST,302592,271541.03967999935,271665.3276799993
24,fixed_manifest,90,2,gpu_host,HOST_to_GPU,302592,271665.3276799993,271699.8044799993
26,fixed_manifest,39,1,gpu_host,GPU_to_HOST,302592,272847.3379199992,272881.8147199992
26,fixed_manifest,39,2,host_fpga_pcie,HOST_to_FPGA,302592,272881.8147199992,273006.1027199992
26,fixed_manifest,40,1,host_fpga_pcie,FPGA_to_HOST,302592,273338.8502399992,273527.9494399992
27,fixed_manifest,9,1,gpu_host,GPU_to_HOST,302592,273338.8502399992,273373.32703999925
27,fixed_manifest,9,2,host_fpga_pcie,HOST_to_FPGA,302592,273373.32703999925,273562.4262399992
26,fixed_manifest,40,2,gpu_host,HOST_to_GPU,302592,273527.9494399992,273562.4262399992
25,fixed_manifest,69,1,gpu_host,GPU_to_HOST,302592,273895.1737599992,273929.6505599992
27,fixed_manifest,10,1,host_fpga_pcie,FPGA_to_HOST,302592,273895.1737599992,274084.2729599992
25,fixed_manifest,69,2,host_fpga_pcie,HOST_to_FPGA,302592,273929.6505599992,274118.7497599992
27,fixed_manifest,10,2,gpu_host,HOST_to_GPU,302592,274084.2729599992,274118.7497599992
24,fixed_manifest,99,1,gpu_host,GPU_to_HOST,302592,274451.49727999925,274485.97407999926
25,fixed_manifest,70,1,host_fpga_pcie,FPGA_to_HOST,302592,274451.49727999925,274640.59647999925
24,fixed_manifest,99,2,host_fpga_pcie,HOST_to_FPGA,302592,274485.97407999926,274675.07327999925
25,fixed_manifest,70,2,gpu_host,HOST_to_GPU,302592,274640.59647999925,274675.07327999925
24,fixed_manifest,100,1,host_fpga_pcie,FPGA_to_HOST,302592,275007.82079999923,275132.10879999923
24,fixed_manifest,100,2,gpu_host,HOST_to_GPU,302592,275132.10879999923,275166.58559999923
26,fixed_manifest,49,1,gpu_host,GPU_to_HOST,302592,275365.337919999,275399.814719999
26,fixed_manifest,49,2,host_fpga_pcie,HOST_to_FPGA,302592,275399.814719999,275524.1027199989
26,fixed_manifest,50,1,host_fpga_pcie,FPGA_to_HOST,302592,275856.85023999895,275981.13823999895
26,fixed_manifest,50,2,gpu_host,HOST_to_GPU,302592,275981.13823999895,276015.61503999896
27,fixed_manifest,19,1,gpu_host,GPU_to_HOST,302592,276658.37439999887,276692.85119999887
27,fixed_manifest,19,2,host_fpga_pcie,HOST_to_FPGA,302592,276692.85119999887,276817.1391999988
27,fixed_manifest,20,1,host_fpga_pcie,FPGA_to_HOST,302592,277149.88671999885,277274.17471999885
27,fixed_manifest,20,2,gpu_host,HOST_to_GPU,302592,277274.17471999885,277308.65151999885
25,fixed_manifest,79,1,gpu_host,GPU_to_HOST,302592,277624.2281599988,277658.7049599988
25,fixed_manifest,79,2,host_fpga_pcie,HOST_to_FPGA,302592,277658.7049599988,277782.9929599988
24,fixed_manifest,109,1,gpu_host,GPU_to_HOST,302592,278115.74047999876,278150.21727999876
25,fixed_manifest,80,1,host_fpga_pcie,FPGA_to_HOST,302592,278115.74047999876,278304.83967999875
24,fixed_manifest,109,2,host_fpga_pcie,HOST_to_FPGA,302592,278150.21727999876,278339.31647999876
25,fixed_manifest,80,2,gpu_host,HOST_to_GPU,302592,278304.83967999875,278339.31647999876
24,fixed_manifest,110,1,host_fpga_pcie,FPGA_to_HOST,302592,278672.0639999988,278861.1631999988
26,fixed_manifest,59,1,gpu_host,GPU_to_HOST,302592,278672.0639999988,278706.5407999988
26,fixed_manifest,59,2,host_fpga_pcie,HOST_to_FPGA,302592,278706.5407999988,278895.6399999988
24,fixed_manifest,110,2,gpu_host,HOST_to_GPU,302592,278861.1631999988,278895.6399999988
26,fixed_manifest,60,1,host_fpga_pcie,FPGA_to_HOST,302592,279228.38751999877,279352.67551999877
26,fixed_manifest,60,2,gpu_host,HOST_to_GPU,302592,279352.67551999877,279387.1523199988
27,fixed_manifest,29,1,gpu_host,GPU_to_HOST,302592,279502.99231999856,279537.4691199986
27,fixed_manifest,29,2,host_fpga_pcie,HOST_to_FPGA,302592,279537.4691199986,279661.75711999857
27,fixed_manifest,30,1,host_fpga_pcie,FPGA_to_HOST,302592,279994.5046399986,280118.79263999854
27,fixed_manifest,30,2,gpu_host,HOST_to_GPU,302592,280118.79263999854,280153.26943999855
25,fixed_manifest,89,1,gpu_host,GPU_to_HOST,302592,280969.66527999844,281004.14207999845
25,fixed_manifest,89,2,host_fpga_pcie,HOST_to_FPGA,302592,281004.14207999845,281128.43007999845
25,fixed_manifest,90,1,host_fpga_pcie,FPGA_to_HOST,302592,281461.1775999984,281585.4655999984
25,fixed_manifest,90,2,gpu_host,HOST_to_GPU,302592,281585.4655999984,281619.9423999984
24,fixed_manifest,119,1,gpu_host,GPU_to_HOST,302592,282418.7283199983,282453.2051199983
24,fixed_manifest,119,2,host_fpga_pcie,HOST_to_FPGA,302592,282453.2051199983,282577.4931199983
24,fixed_manifest,120,1,host_fpga_pcie,FPGA_to_HOST,302592,282910.2406399983,283045.6012799983
26,fixed_manifest,69,1,gpu_host,GPU_to_HOST,302592,282963.97919999826,282998.4559999983
26,fixed_manifest,69,2,host_fpga_pcie,HOST_to_FPGA,302592,282998.4559999983,283133.8166399983
24,fixed_manifest,120,2,gpu_host,HOST_to_GPU,302592,283045.6012799983,283080.0780799984
26,fixed_manifest,70,1,host_fpga_pcie,FPGA_to_HOST,302592,283466.5641599983,283590.8521599983
26,fixed_manifest,70,2,gpu_host,HOST_to_GPU,302592,283590.8521599983,283625.3289599983
27,fixed_manifest,39,1,gpu_host,GPU_to_HOST,302592,283792.1535999982,283826.6303999982
27,fixed_manifest,39,2,host_fpga_pcie,HOST_to_FPGA,302592,283826.6303999982,283950.9183999982
27,fixed_manifest,40,1,host_fpga_pcie,FPGA_to_HOST,302592,284283.6659199982,284472.7651199982
28,fixed_manifest,9,1,gpu_host,GPU_to_HOST,302592,284283.6659199982,284318.1427199982
28,fixed_manifest,9,2,host_fpga_pcie,HOST_to_FPGA,302592,284318.1427199982,284507.2419199982
27,fixed_manifest,40,2,gpu_host,HOST_to_GPU,302592,284472.7651199982,284507.2419199982
25,fixed_manifest,99,1,gpu_host,GPU_to_HOST,302592,284839.98943999823,284874.46623999823
28,fixed_manifest,10,1,host_fpga_pcie,FPGA_to_HOST,302592,284839.98943999823,285029.0886399982
25,fixed_manifest,99,2,host_fpga_pcie,HOST_to_FPGA,302592,284874.46623999823,285063.56543999823
28,fixed_manifest,10,2,gpu_host,HOST_to_GPU,302592,285029.0886399982,285063.56543999823
25,fixed_manifest,100,1,host_fpga_pcie,FPGA_to_HOST,302592,285396.3129599982,285585.4121599982
26,fixed_manifest,79,1,gpu_host,GPU_to_HOST,302592,285396.3129599982,285430.78975999827
26,fixed_manifest,79,2,host_fpga_pcie,HOST_to_FPGA,302592,285430.78975999827,285619.88895999826
25,fixed_manifest,100,2,gpu_host,HOST_to_GPU,302592,285585.4121599982,285619.88895999826
26,fixed_manifest,80,1,host_fpga_pcie,FPGA_to_HOST,302592,285952.63647999824,286076.92447999824
26,fixed_manifest,80,2,gpu_host,HOST_to_GPU,302592,286076.92447999824,286111.40127999824
27,fixed_manifest,49,1,gpu_host,GPU_to_HOST,302592,286406.10559999786,286440.58239999786
27,fixed_manifest,49,2,host_fpga_pcie,HOST_to_FPGA,302592,286440.58239999786,286564.87039999786
27,fixed_manifest,50,1,host_fpga_pcie,FPGA_to_HOST,302592,286897.61791999784,287021.90591999784
27,fixed_manifest,50,2,gpu_host,HOST_to_GPU,302592,287021.90591999784,287056.38271999784
28,fixed_manifest,19,1,gpu_host,GPU_to_HOST,302592,287836.82143999776,287871.2982399978
28,fixed_manifest,19,2,host_fpga_pcie,HOST_to_FPGA,302592,287871.2982399978,287995.58623999776
28,fixed_manifest,20,1,host_fpga_pcie,FPGA_to_HOST,302592,288328.3337599978,288452.62175999774
28,fixed_manifest,20,2,gpu_host,HOST_to_GPU,302592,288452.62175999774,288487.09855999774
25,fixed_manifest,109,1,gpu_host,GPU_to_HOST,302592,288664.99583999766,288699.47263999766
25,fixed_manifest,109,2,host_fpga_pcie,HOST_to_FPGA,302592,288699.47263999766,288823.76063999766
25,fixed_manifest,110,1,host_fpga_pcie,FPGA_to_HOST,302592,289156.50815999764,289345.60735999764
26,fixed_manifest,89,1,gpu_host,GPU_to_HOST,302592,289156.50815999764,289190.9849599977
26,fixed_manifest,89,2,host_fpga_pcie,HOST_to_FPGA,302592,289190.9849599977,289380.08415999764
25,fixed_manifest,110,2,gpu_host,HOST_to_GPU,302592,289345.60735999764,289380.08415999764
26,fixed_manifest,90,1,host_fpga_pcie,FPGA_to_HOST,302592,289712.8316799977,289901.9308799977
27,fixed_manifest,59,1,gpu_host,GPU_to_HOST,302592,289712.8316799977,289747.3084799977
27,fixed_manifest,59,2,host_fpga_pcie,HOST_to_FPGA,302592,289747.3084799977,289936.4076799977
26,fixed_manifest,90,2,gpu_host,HOST_to_GPU,302592,289901.9308799977,289936.4076799977
27,fixed_manifest,60,1,host_fpga_pcie,FPGA_to_HOST,302592,290269.1551999977,290393.44319999765
27,fixed_manifest,60,2,gpu_host,HOST_to_GPU,302592,290393.44319999765,290427.91999999766
28,fixed_manifest,29,1,gpu_host,GPU_to_HOST,302592,290676.9196799975,290711.3964799975
28,fixed_manifest,29,2,host_fpga_pcie,HOST_to_FPGA,302592,290711.3964799975,290835.6844799975
28,fixed_manifest,30,1,host_fpga_pcie,FPGA_to_HOST,302592,291168.43199999747,291292.71999999747
28,fixed_manifest,30,2,gpu_host,HOST_to_GPU,302592,291292.71999999747,291327.1967999975
25,fixed_manifest,119,1,gpu_host,GPU_to_HOST,302592,292475.2950399973,292509.7718399973
25,fixed_manifest,119,2,host_fpga_pcie,HOST_to_FPGA,302592,292509.7718399973,292634.0598399973
25,fixed_manifest,120,1,host_fpga_pcie,FPGA_to_HOST,302592,292966.8073599973,293091.0953599973
25,fixed_manifest,120,2,gpu_host,HOST_to_GPU,302592,293091.0953599973,293125.5721599973
26,fixed_manifest,99,1,gpu_host,GPU_to_HOST,302592,293923.79327999725,293958.27007999725
26,fixed_manifest,99,2,host_fpga_pcie,HOST_to_FPGA,302592,293958.27007999725,294082.55807999725
26,fixed_manifest,100,1,host_fpga_pcie,FPGA_to_HOST,302592,294415.3055999972,294604.4047999972
27,fixed_manifest,69,1,gpu_host,GPU_to_HOST,302592,294415.3055999972,294449.78239999723
27,fixed_manifest,69,2,host_fpga_pcie,HOST_to_FPGA,302592,294449.78239999723,294638.8815999972
26,fixed_manifest,100,2,gpu_host,HOST_to_GPU,302592,294604.4047999972,294638.8815999972
27,fixed_manifest,70,1,host_fpga_pcie,FPGA_to_HOST,302592,294971.62911999726,295160.72831999726
29,fixed_manifest,9,1,gpu_host,GPU_to_HOST,302592,294971.62911999726,295006.10591999727
29,fixed_manifest,9,2,host_fpga_pcie,HOST_to_FPGA,302592,295006.10591999727,295195.20511999726
27,fixed_manifest,70,2,gpu_host,HOST_to_GPU,302592,295160.72831999726,295195.20511999726
28,fixed_manifest,39,1,gpu_host,GPU_to_HOST,302592,295527.95263999724,295562.4294399973
29,fixed_manifest,10,1,host_fpga_pcie,FPGA_to_HOST,302592,295527.95263999724,295717.05183999724
28,fixed_manifest,39,2,host_fpga_pcie,HOST_to_FPGA,302592,295562.4294399973,295751.52863999724
29,fixed_manifest,10,2,gpu_host,HOST_to_GPU,302592,295717.05183999724,295751.52863999724
26,fixed_manifest,109,1,gpu_host,GPU_to_HOST,302592,296084.2761599973,296118.7529599973
28,fixed_manifest,40,1,host_fpga_pcie,FPGA_to_HOST,302592,296084.2761599973,296273.37535999727
26,fixed_manifest,109,2,host_fpga_pcie,HOST_to_FPGA,302592,296118.7529599973,296307.8521599973
28,fixed_manifest,40,2,gpu_host,HOST_to_GPU,302592,296273.37535999727,296307.8521599973
26,fixed_manifest,110,1,host_fpga_pcie,FPGA_to_HOST,302592,296640.5996799973,296764.88767999725
26,fixed_manifest,110,2,gpu_host,HOST_to_GPU,302592,296764.88767999725,296799.36447999725
27,fixed_manifest,79,1,gpu_host,GPU_to_HOST,302592,296960.378239997,296994.8550399971
27,fixed_manifest,79,2,host_fpga_pcie,HOST_to_FPGA,302592,296994.8550399971,297119.143039997
27,fixed_manifest,80,1,host_fpga_pcie,FPGA_to_HOST,302592,297451.89055999706,297576.178559997
27,fixed_manifest,80,2,gpu_host,HOST_to_GPU,302592,297576.178559997,297610.655359997
29,fixed_manifest,19,1,gpu_host,GPU_to_HOST,302592,298275.5443199969,298310.02111999696
29,fixed_manifest,19,2,host_fpga_pcie,HOST_to_FPGA,302592,298310.02111999696,298434.3091199969
29,fixed_manifest,20,1,host_fpga_pcie,FPGA_to_HOST,302592,298767.05663999694,298891.3446399969
29,fixed_manifest,20,2,gpu_host,HOST_to_GPU,302592,298891.3446399969,298925.8214399969
28,fixed_manifest,49,1,gpu_host,GPU_to_HOST,302592,299241.3980799968,299275.8748799969
28,fixed_manifest,49,2,host_fpga_pcie,HOST_to_FPGA,302592,299275.8748799969,299400.1628799968
26,fixed_manifest,119,1,gpu_host,GPU_to_HOST,302592,299732.91039999685,299767.38719999685
28,fixed_manifest,50,1,host_fpga_pcie,FPGA_to_HOST,302592,299732.91039999685,299922.00959999685
26,fixed_manifest,119,2,host_fpga_pcie,HOST_to_FPGA,302592,299767.38719999685,299956.48639999685
28,fixed_manifest,50,2,gpu_host,HOST_to_GPU,302592,299922.00959999685,299956.48639999685
26,fixed_manifest,120,1,host_fpga_pcie,FPGA_to_HOST,302592,300289.2339199968,300413.5219199968
26,fixed_manifest,120,2,gpu_host,HOST_to_GPU,302592,300413.5219199968,300448.28511999693
27,fixed_manifest,89,1,gpu_host,GPU_to_HOST,302592,300439.71231999673,300474.47551999683
27,fixed_manifest,89,2,host_fpga_pcie,HOST_to_FPGA,302592,300474.47551999683,300598.76351999684
27,fixed_manifest,90,1,host_fpga_pcie,FPGA_to_HOST,302592,300931.5110399968,301055.7990399968
27,fixed_manifest,90,2,gpu_host,HOST_to_GPU,302592,301055.7990399968,301090.2758399968
29,fixed_manifest,29,1,gpu_host,GPU_to_HOST,302592,301795.35519999656,301829.83199999656
29,fixed_manifest,29,2,host_fpga_pcie,HOST_to_FPGA,302592,301829.83199999656,301954.11999999656
29,fixed_manifest,30,1,host_fpga_pcie,FPGA_to_HOST,302592,302286.86751999654,302411.15551999654
29,fixed_manifest,30,2,gpu_host,HOST_to_GPU,302592,302411.15551999654,302445.63231999654
28,fixed_manifest,59,1,gpu_host,GPU_to_HOST,302592,302950.58111999644,302985.05791999644
28,fixed_manifest,59,2,host_fpga_pcie,HOST_to_FPGA,302592,302985.05791999644,303109.34591999644
28,fixed_manifest,60,1,host_fpga_pcie,FPGA_to_HOST,302592,303442.0934399965,303631.1926399964
30,fixed_manifest,9,1,gpu_host,GPU_to_HOST,302592,303442.0934399965,303476.5702399965
30,fixed_manifest,9,2,host_fpga_pcie,HOST_to_FPGA,302592,303476.5702399965,303665.6694399965
28,fixed_manifest,60,2,gpu_host,HOST_to_GPU,302592,303631.1926399964,303665.6694399965
27,fixed_manifest,99,1,gpu_host,GPU_to_HOST,302592,303998.41695999645,304032.89375999646
30,fixed_manifest,10,1,host_fpga_pcie,FPGA_to_HOST,302592,303998.41695999645,304187.51615999645
27,fixed_manifest,99,2,host_fpga_pcie,HOST_to_FPGA,302592,304032.89375999646,304221.99295999645
30,fixed_manifest,10,2,gpu_host,HOST_to_GPU,302592,304187.51615999645,304221.99295999645
27,fixed_manifest,100,1,host_fpga_pcie,FPGA_to_HOST,302592,304554.7404799965,304743.8396799965
29,fixed_manifest,39,1,gpu_host,GPU_to_HOST,302592,304554.7404799965,304589.2172799965
29,fixed_manifest,39,2,host_fpga_pcie,HOST_to_FPGA,302592,304589.2172799965,304778.3164799965
27,fixed_manifest,100,2,gpu_host,HOST_to_GPU,302592,304743.8396799965,304778.3164799965
29,fixed_manifest,40,1,host_fpga_pcie,FPGA_to_HOST,302592,305111.06399999646,305235.35199999646
29,fixed_manifest,40,2,gpu_host,HOST_to_GPU,302592,305235.35199999646,305269.82879999647
28,fixed_manifest,69,1,gpu_host,GPU_to_HOST,302592,305527.40511999617,305561.8819199962
28,fixed_manifest,69,2,host_fpga_pcie,HOST_to_FPGA,302592,305561.8819199962,305686.1699199961
28,fixed_manifest,70,1,host_fpga_pcie,FPGA_to_HOST,302592,306018.91743999615,306143.20543999615
28,fixed_manifest,70,2,gpu_host,HOST_to_GPU,302592,306143.20543999615,306177.68223999615
30,fixed_manifest,19,1,gpu_host,GPU_to_HOST,302592,306958.1209599961,306992.5977599961
30,fixed_manifest,19,2,host_fpga_pcie,HOST_to_FPGA,302592,306992.5977599961,307116.8857599961
30,fixed_manifest,20,1,host_fpga_pcie,FPGA_to_HOST,302592,307449.6332799961,307573.92127999605
30,fixed_manifest,20,2,gpu_host,HOST_to_GPU,302592,307573.92127999605,307608.39807999606
27,fixed_manifest,109,1,gpu_host,GPU_to_HOST,302592,307786.295359996,307820.772159996
27,fixed_manifest,109,2,host_fpga_pcie,HOST_to_FPGA,302592,307820.772159996,307945.060159996
27,fixed_manifest,110,1,host_fpga_pcie,FPGA_to_HOST,302592,308277.80767999595,308466.90687999595
29,fixed_manifest,49,1,gpu_host,GPU_to_HOST,302592,308277.80767999595,308312.28447999596
29,fixed_manifest,49,2,host_fpga_pcie,HOST_to_FPGA,302592,308312.28447999596,308501.38367999595
27,fixed_manifest,110,2,gpu_host,HOST_to_GPU,302592,308466.90687999595,308501.38367999595
28,fixed_manifest,79,1,gpu_host,GPU_to_HOST,302592,308834.131199996,308868.607999996
29,fixed_manifest,50,1,host_fpga_pcie,FPGA_to_HOST,302592,308834.131199996,309023.230399996
28,fixed_manifest,79,2,host_fpga_pcie,HOST_to_FPGA,302592,308868.607999996,309057.707199996
29,fixed_manifest,50,2,gpu_host,HOST_to_GPU,302592,309023.230399996,309057.707199996
28,fixed_manifest,80,1,host_fpga_pcie,FPGA_to_HOST,302592,309390.45471999596,309514.74271999596
28,fixed_manifest,80,2,gpu_host,HOST_to_GPU,302592,309514.74271999596,309549.21951999597
30,fixed_manifest,29,1,gpu_host,GPU_to_HOST,302592,309646.7123199958,309681.1891199958
30,fixed_manifest,29,2,host_fpga_pcie,HOST_to_FPGA,302592,309681.1891199958,309805.4771199958
30,fixed_manifest,30,1,host_fpga_pcie,FPGA_to_HOST,302592,310138.2246399958,310262.5126399958
30,fixed_manifest,30,2,gpu_host,HOST_to_GPU,302592,310262.5126399958,310296.9894399958
27,fixed_manifest,119,1,gpu_host,GPU_to_HOST,302592,311113.3852799957,311147.8620799957
27,fixed_manifest,119,2,host_fpga_pcie,HOST_to_FPGA,302592,311147.8620799957,311272.1500799956
27,fixed_manifest,120,1,host_fpga_pcie,FPGA_to_HOST,302592,311604.89759999566,311729.1855999956
27,fixed_manifest,120,2,gpu_host,HOST_to_GPU,302592,311729.1855999956,311763.66239999566
29,fixed_manifest,59,1,gpu_host,GPU_to_HOST,302592,312562.44831999554,312596.92511999555
29,fixed_manifest,59,2,host_fpga_pcie,HOST_to_FPGA,302592,312596.92511999555,312721.2131199955
29,fixed_manifest,60,1,host_fpga_pcie,FPGA_to_HOST,302592,313053.9606399955,313189.32127999555
28,fixed_manifest,89,1,gpu_host,GPU_to_HOST,302592,313107.6991999955,313142.1759999955
28,fixed_manifest,89,2,host_fpga_pcie,HOST_to_FPGA,302592,313142.1759999955,313277.5366399955
29,fixed_manifest,60,2,gpu_host,HOST_to_GPU,302592,313189.32127999555,313223.79807999555
28,fixed_manifest,90,1,host_fpga_pcie,FPGA_to_HOST,302592,313610.28415999556,313799.3833599955
30,fixed_manifest,39,1,gpu_host,GPU_to_HOST,302592,313610.28415999556,313644.76095999556
30,fixed_manifest,39,2,host_fpga_pcie,HOST_to_FPGA,302592,313644.76095999556,313833.86015999556
28,fixed_manifest,90,2,gpu_host,HOST_to_GPU,302592,313799.3833599955,313833.86015999556
30,fixed_manifest,40,1,host_fpga_pcie,FPGA_to_HOST,302592,314166.60767999553,314355.70687999553
31,fixed_manifest,9,1,gpu_host,GPU_to_HOST,302592,314166.60767999553,314201.08447999554
31,fixed_manifest,9,2,host_fpga_pcie,HOST_to_FPGA,302592,314201.08447999554,314390.18367999553
30,fixed_manifest,40,2,gpu_host,HOST_to_GPU,302592,314355.70687999553,314390.18367999553
31,fixed_manifest,10,1,host_fpga_pcie,FPGA_to_HOST,302592,314722.93119999557,314847.2191999955
29,fixed_manifest,69,1,gpu_host,GPU_to_HOST,302592,314845.43519999523,314904.60479999497
31,fixed_manifest,10,2,gpu_host,HOST_to_GPU,302592,314847.2191999955,314906.3887999953
29,fixed_manifest,69,2,host_fpga_pcie,HOST_to_FPGA,302592,314904.60479999497,315028.89279999497
29,fixed_manifest,70,1,host_fpga_pcie,FPGA_to_HOST,302592,315361.640319995,315485.92831999494
29,fixed_manifest,70,2,gpu_host,HOST_to_GPU,302592,315485.92831999494,315520.40511999495
28,fixed_manifest,99,1,gpu_host,GPU_to_HOST,302592,315699.52159999515,315733.99839999515
28,fixed_manifest,99,2,host_fpga_pcie,HOST_to_FPGA,302592,315733.99839999515,315858.28639999515
28,fixed_manifest,100,1,host_fpga_pcie,FPGA_to_HOST,302592,316191.0339199951,316315.3219199951
28,fixed_manifest,100,2,gpu_host,HOST_to_GPU,302592,316315.3219199951,316349.79871999513
30,fixed_manifest,49,1,gpu_host,GPU_to_HOST,302592,316992.55807999504,317027.03487999504
30,fixed_manifest,49,2,host_fpga_pcie,HOST_to_FPGA,302592,317027.03487999504,317151.32287999504
30,fixed_manifest,50,1,host_fpga_pcie,FPGA_to_HOST,302592,317484.070399995,317608.358399995
30,fixed_manifest,50,2,gpu_host,HOST_to_GPU,302592,317608.358399995,317642.835199995
31,fixed_manifest,19,1,gpu_host,GPU_to_HOST,302592,317958.41183999495,317992.88863999496
31,fixed_manifest,19,2,host_fpga_pcie,HOST_to_FPGA,302592,317992.88863999496,318117.17663999496
29,fixed_manifest,79,1,gpu_host,GPU_to_HOST,302592,318449.92415999493,318484.400959995
31,fixed_manifest,20,1,host_fpga_pcie,FPGA_to_HOST,302592,318449.92415999493,318639.0233599949
29,fixed_manifest,79,2,host_fpga_pcie,HOST_to_FPGA,302592,318484.400959995,318673.50015999493
31,fixed_manifest,20,2,gpu_host,HOST_to_GPU,302592,318639.0233599949,318673.50015999493
28,fixed_manifest,109,1,gpu_host,GPU_to_HOST,302592,319006.24767999497,319040.72447999497
29,fixed_manifest,80,1,host_fpga_pcie,FPGA_to_HOST,302592,319006.24767999497,319195.34687999496
28,fixed_manifest,109,2,host_fpga_pcie,HOST_to_FPGA,302592,319040.72447999497,319229.82367999497
29,fixed_manifest,80,2,gpu_host,HOST_to_GPU,302592,319195.34687999496,319229.82367999497
28,fixed_manifest,110,1,host_fpga_pcie,FPGA_to_HOST,302592,319562.571199995,319686.85919999494
28,fixed_manifest,110,2,gpu_host,HOST_to_GPU,302592,319686.85919999494,319721.33599999495
30,fixed_manifest,59,1,gpu_host,GPU_to_HOST,302592,319837.1759999948,319871.6527999948
30,fixed_manifest,59,2,host_fpga_pcie,HOST_to_FPGA,302592,319871.6527999948,319995.94079999474
30,fixed_manifest,60,1,host_fpga_pcie,FPGA_to_HOST,302592,320328.6883199948,320452.9763199948
30,fixed_manifest,60,2,gpu_host,HOST_to_GPU,302592,320452.9763199948,320487.4531199948
31,fixed_manifest,29,1,gpu_host,GPU_to_HOST,302592,321322.19615999464,321356.67295999464
31,fixed_manifest,29,2,host_fpga_pcie,HOST_to_FPGA,302592,321356.67295999464,321480.96095999464
31,fixed_manifest,30,1,host_fpga_pcie,FPGA_to_HOST,302592,321813.7084799946,321937.9964799946
31,fixed_manifest,30,2,gpu_host,HOST_to_GPU,302592,321937.9964799946,321972.4732799946
29,fixed_manifest,89,1,gpu_host,GPU_to_HOST,302592,322752.9119999945,322787.38879999454
29,fixed_manifest,89,2,host_fpga_pcie,HOST_to_FPGA,302592,322787.38879999454,322911.6767999945
29,fixed_manifest,90,1,host_fpga_pcie,FPGA_to_HOST,302592,323244.4243199945,323379.78495999455
28,fixed_manifest,119,1,gpu_host,GPU_to_HOST,302592,323298.1628799945,323332.6396799945
28,fixed_manifest,119,2,host_fpga_pcie,HOST_to_FPGA,302592,323332.6396799945,323468.0003199945
29,fixed_manifest,90,2,gpu_host,HOST_to_GPU,302592,323379.78495999455,323414.26175999455
28,fixed_manifest,120,1,host_fpga_pcie,FPGA_to_HOST,302592,323800.7478399945,323925.0358399945
28,fixed_manifest,120,2,gpu_host,HOST_to_GPU,302592,323925.0358399945,323959.5126399945
30,fixed_manifest,69,1,gpu_host,GPU_to_HOST,302592,324126.3372799944,324160.8140799944
30,fixed_manifest,69,2,host_fpga_pcie,HOST_to_FPGA,302592,324160.8140799944,324285.1020799944
30,fixed_manifest,70,1,host_fpga_pcie,FPGA_to_HOST,302592,324617.8495999944,324806.94879999437
32,fixed_manifest,9,1,gpu_host,GPU_to_HOST,302592,324617.8495999944,324652.32639999443
32,fixed_manifest,9,2,host_fpga_pcie,HOST_to_FPGA,302592,324652.32639999443,324841.4255999944
30,fixed_manifest,70,2,gpu_host,HOST_to_GPU,302592,324806.94879999437,324841.4255999944
31,fixed_manifest,39,1,gpu_host,GPU_to_HOST,302592,325174.1731199944,325208.6499199944
32,fixed_manifest,10,1,host_fpga_pcie,FPGA_to_HOST,302592,325174.1731199944,325363.2723199944
31,fixed_manifest,39,2,host_fpga_pcie,HOST_to_FPGA,302592,325208.6499199944,325397.7491199944
32,fixed_manifest,10,2,gpu_host,HOST_to_GPU,302592,325363.2723199944,325397.7491199944
29,fixed_manifest,99,1,gpu_host,GPU_to_HOST,302592,325730.49663999444,325764.97343999444
31,fixed_manifest,40,1,host_fpga_pcie,FPGA_to_HOST,302592,325730.49663999444,325919.59583999444
29,fixed_manifest,99,2,host_fpga_pcie,HOST_to_FPGA,302592,325764.97343999444,325954.07263999444
31,fixed_manifest,40,2,gpu_host,HOST_to_GPU,302592,325919.59583999444,325954.07263999444
29,fixed_manifest,100,1,host_fpga_pcie,FPGA_to_HOST,302592,326286.8201599944,326411.1081599944
29,fixed_manifest,100,2,gpu_host,HOST_to_GPU,302592,326411.1081599944,326445.5849599944
30,fixed_manifest,79,1,gpu_host,GPU_to_HOST,302592,326740.28927999403,326774.76607999403
30,fixed_manifest,79,2,host_fpga_pcie,HOST_to_FPGA,302592,326774.76607999403,326899.05407999404
30,fixed_manifest,80,1,host_fpga_pcie,FPGA_to_HOST,302592,327231.80159999407,327356.089599994
30,fixed_manifest,80,2,gpu_host,HOST_to_GPU,302592,327356.089599994,327390.566399994
32,fixed_manifest,19,1,gpu_host,GPU_to_HOST,302592,328171.005119994,328205.481919994
32,fixed_manifest,19,2,host_fpga_pcie,HOST_to_FPGA,302592,328205.481919994,328329.76991999394
32,fixed_manifest,20,1,host_fpga_pcie,FPGA_to_HOST,302592,328662.517439994,328786.805439994
32,fixed_manifest,20,2,gpu_host,HOST_to_GPU,302592,328786.805439994,328821.282239994
31,fixed_manifest,49,1,gpu_host,GPU_to_HOST,302592,328999.17951999384,329033.6563199939
31,fixed_manifest,49,2,host_fpga_pcie,HOST_to_FPGA,302592,329033.6563199939,329157.94431999384
29,fixed_manifest,109,1,gpu_host,GPU_to_HOST,302592,329490.6918399939,329525.1686399939
31,fixed_manifest,50,1,host_fpga_pcie,FPGA_to_HOST,302592,329490.6918399939,329679.79103999387
29,fixed_manifest,109,2,host_fpga_pcie,HOST_to_FPGA,302592,329525.1686399939,329714.2678399939
31,fixed_manifest,50,2,gpu_host,HOST_to_GPU,302592,329679.79103999387,329714.2678399939
29,fixed_manifest,110,1,host_fpga_pcie,FPGA_to_HOST,302592,330047.01535999385,330236.11455999385
30,fixed_manifest,89,1,gpu_host,GPU_to_HOST,302592,330047.01535999385,330081.4921599939
30,fixed_manifest,89,2,host_fpga_pcie,HOST_to_FPGA,302592,330081.4921599939,330270.59135999385
29,fixed_manifest,110,2,gpu_host,HOST_to_GPU,302592,330236.11455999385,330270.59135999385
30,fixed_manifest,90,1,host_fpga_pcie,FPGA_to_HOST,302592,330603.3388799939,330727.6268799938
30,fixed_manifest,90,2,gpu_host,HOST_to_GPU,302592,330727.6268799938,330762.1036799939
32,fixed_manifest,29,1,gpu_host,GPU_to_HOST,302592,331092.0569599936,331126.5337599936
32,fixed_manifest,29,2,host_fpga_pcie,HOST_to_FPGA,302592,331126.5337599936,331250.8217599936
32,fixed_manifest,30,1,host_fpga_pcie,FPGA_to_HOST,302592,331583.5692799936,331707.8572799936
32,fixed_manifest,30,2,gpu_host,HOST_to_GPU,302592,331707.8572799936,331742.3340799936
31,fixed_manifest,59,1,gpu_host,GPU_to_HOST,302592,333121.53183999355,333156.00863999355
31,fixed_manifest,59,2,host_fpga_pcie,HOST_to_FPGA,302592,333156.00863999355,333280.29663999355
31,fixed_manifest,60,1,host_fpga_pcie,FPGA_to_HOST,302592,333613.04415999353,333737.33215999353
31,fixed_manifest,60,2,gpu_host,HOST_to_GPU,302592,333737.33215999353,333771.80895999353
33,fixed_manifest,9,1,gpu_host,GPU_to_HOST,302592,334120.2975999934,334154.7743999934
33,fixed_manifest,9,2,host_fpga_pcie,HOST_to_FPGA,302592,334154.7743999934,334279.06239999336
29,fixed_manifest,119,1,gpu_host,GPU_to_HOST,302592,334611.8099199934,334646.2867199934
33,fixed_manifest,10,1,host_fpga_pcie,FPGA_to_HOST,302592,334611.8099199934,334800.9091199934
29,fixed_manifest,119,2,host_fpga_pcie,HOST_to_FPGA,302592,334646.2867199934,334835.3859199934
33,fixed_manifest,10,2,gpu_host,HOST_to_GPU,302592,334800.9091199934,334835.3859199934
29,fixed_manifest,120,1,host_fpga_pcie,FPGA_to_HOST,302592,335168.1334399934,335357.2326399934
30,fixed_manifest,99,1,gpu_host,GPU_to_HOST,302592,335168.1334399934,335202.61023999343
30,fixed_manifest,99,2,host_fpga_pcie,HOST_to_FPGA,302592,335202.61023999343,335391.7094399934
29,fixed_manifest,120,2,gpu_host,HOST_to_GPU,302592,335357.2326399934,335391.7094399934
30,fixed_manifest,100,1,host_fpga_pcie,FPGA_to_HOST,302592,335724.4569599934,335913.5561599934
32,fixed_manifest,39,1,gpu_host,GPU_to_HOST,302592,335724.4569599934,335758.93375999347
32,fixed_manifest,39,2,host_fpga_pcie,HOST_to_FPGA,302592,335758.93375999347,335948.0329599934
30,fixed_manifest,100,2,gpu_host,HOST_to_GPU,302592,335913.5561599934,335948.0329599934
31,fixed_manifest,69,1,gpu_host,GPU_to_HOST,302592,336280.78047999344,336315.25727999344
32,fixed_manifest,40,1,host_fpga_pcie,FPGA_to_HOST,302592,336280.78047999344,336469.87967999344
31,fixed_manifest,69,2,host_fpga_pcie,HOST_to_FPGA,302592,336315.25727999344,336504.35647999344
32,fixed_manifest,40,2,gpu_host,HOST_to_GPU,302592,336469.87967999344,336504.35647999344
31,fixed_manifest,70,1,host_fpga_pcie,FPGA_to_HOST,302592,336837.1039999935,337026.2031999934
33,fixed_manifest,19,1,gpu_host,GPU_to_HOST,302592,336837.1039999935,336871.5807999935
33,fixed_manifest,19,2,host_fpga_pcie,HOST_to_FPGA,302592,336871.5807999935,337060.6799999935
31,fixed_manifest,70,2,gpu_host,HOST_to_GPU,302592,337026.2031999934,337060.6799999935
33,fixed_manifest,20,1,host_fpga_pcie,FPGA_to_HOST,302592,337393.42751999345,337517.71551999345
33,fixed_manifest,20,2,gpu_host,HOST_to_GPU,302592,337517.71551999345,337552.19231999345
30,fixed_manifest,109,1,gpu_host,GPU_to_HOST,302592,337744.36255999294,337778.839359993
30,fixed_manifest,109,2,host_fpga_pcie,HOST_to_FPGA,302592,337778.839359993,337903.12735999294
30,fixed_manifest,110,1,host_fpga_pcie,FPGA_to_HOST,302592,338235.874879993,338360.1628799929
30,fixed_manifest,110,2,gpu_host,HOST_to_GPU,302592,338360.1628799929,338394.6396799929
32,fixed_manifest,49,1,gpu_host,GPU_to_HOST,302592,339037.3990399929,339071.8758399929
32,fixed_manifest,49,2,host_fpga_pcie,HOST_to_FPGA,302592,339071.8758399929,339196.16383999283
32,fixed_manifest,50,1,host_fpga_pcie,FPGA_to_HOST,302592,339528.91135999287,339653.1993599928
32,fixed_manifest,50,2,gpu_host,HOST_to_GPU,302592,339653.1993599928,339687.6761599929
31,fixed_manifest,79,1,gpu_host,GPU_to_HOST,302592,340003.2527999928,340037.7295999928
31,fixed_manifest,79,2,host_fpga_pcie,HOST_to_FPGA,302592,340037.7295999928,340162.01759999275
31,fixed_manifest,80,1,host_fpga_pcie,FPGA_to_HOST,302592,340494.7651199928,340683.8643199928
33,fixed_manifest,29,1,gpu_host,GPU_to_HOST,302592,340494.7651199928,340529.2419199928
33,fixed_manifest,29,2,host_fpga_pcie,HOST_to_FPGA,302592,340529.2419199928,340718.3411199928
31,fixed_manifest,80,2,gpu_host,HOST_to_GPU,302592,340683.8643199928,340718.3411199928
33,fixed_manifest,30,1,host_fpga_pcie,FPGA_to_HOST,302592,341051.08863999275,341175.37663999276
33,fixed_manifest,30,2,gpu_host,HOST_to_GPU,302592,341175.37663999276,341209.85343999276
30,fixed_manifest,119,1,gpu_host,GPU_to_HOST,302592,341242.0438399926,341276.52063999267
30,fixed_manifest,119,2,host_fpga_pcie,HOST_to_FPGA,302592,341276.52063999267,341400.8086399926
30,fixed_manifest,120,1,host_fpga_pcie,FPGA_to_HOST,302592,341733.55615999264,341857.8441599926
30,fixed_manifest,120,2,gpu_host,HOST_to_GPU,302592,341857.8441599926,341892.3209599926
32,fixed_manifest,59,1,gpu_host,GPU_to_HOST,302592,343308.21311999246,343342.6899199925
32,fixed_manifest,59,2,host_fpga_pcie,HOST_to_FPGA,302592,343342.6899199925,343466.97791999247
32,fixed_manifest,60,1,host_fpga_pcie,FPGA_to_HOST,302592,343799.7254399925,343988.8246399925
34,fixed_manifest,9,1,gpu_host,GPU_to_HOST,302592,343799.7254399925,343834.2022399925
34,fixed_manifest,9,2,host_fpga_pcie,HOST_to_FPGA,302592,343834.2022399925,344023.3014399925
32,fixed_manifest,60,2,gpu_host,HOST_to_GPU,302592,343988.8246399925,344023.3014399925
31,fixed_manifest,89,1,gpu_host,GPU_to_HOST,302592,344356.0489599925,344390.52575999254
34,fixed_manifest,10,1,host_fpga_pcie,FPGA_to_HOST,302592,344356.0489599925,344545.1481599925
31,fixed_manifest,89,2,host_fpga_pcie,HOST_to_FPGA,302592,344390.52575999254,344579.6249599925
34,fixed_manifest,10,2,gpu_host,HOST_to_GPU,302592,344545.1481599925,344579.6249599925
31,fixed_manifest,90,1,host_fpga_pcie,FPGA_to_HOST,302592,344912.3724799925,345101.4716799925
33,fixed_manifest,39,1,gpu_host,GPU_to_HOST,302592,344912.3724799925,344946.8492799925
33,fixed_manifest,39,2,host_fpga_pcie,HOST_to_FPGA,302592,344946.8492799925,345135.9484799925
31,fixed_manifest,90,2,gpu_host,HOST_to_GPU,302592,345101.4716799925,345135.9484799925
32,fixed_manifest,69,1,gpu_host,GPU_to_HOST,302592,345468.69599999255,345503.17279999255
33,fixed_manifest,40,1,host_fpga_pcie,FPGA_to_HOST,302592,345468.69599999255,345657.7951999925
32,fixed_manifest,69,2,host_fpga_pcie,HOST_to_FPGA,302592,345503.17279999255,345692.27199999255
33,fixed_manifest,40,2,gpu_host,HOST_to_GPU,302592,345657.7951999925,345692.27199999255
32,fixed_manifest,70,1,host_fpga_pcie,FPGA_to_HOST,302592,346025.0195199925,346149.3075199925
32,fixed_manifest,70,2,gpu_host,HOST_to_GPU,302592,346149.3075199925,346183.7843199925
34,fixed_manifest,19,1,gpu_host,GPU_to_HOST,302592,346344.7980799923,346379.2748799923
34,fixed_manifest,19,2,host_fpga_pcie,HOST_to_FPGA,302592,346379.2748799923,346503.5628799923
34,fixed_manifest,20,1,host_fpga_pcie,FPGA_to_HOST,302592,346836.3103999923,346960.5983999923
34,fixed_manifest,20,2,gpu_host,HOST_to_GPU,302592,346960.5983999923,346995.0751999923
31,fixed_manifest,99,1,gpu_host,GPU_to_HOST,302592,347659.9641599922,347694.4409599922
31,fixed_manifest,99,2,host_fpga_pcie,HOST_to_FPGA,302592,347694.4409599922,347818.7289599922
31,fixed_manifest,100,1,host_fpga_pcie,FPGA_to_HOST,302592,348151.47647999215,348275.76447999215
31,fixed_manifest,100,2,gpu_host,HOST_to_GPU,302592,348275.76447999215,348310.24127999216
33,fixed_manifest,49,1,gpu_host,GPU_to_HOST,302592,348625.8179199921,348660.2947199921
33,fixed_manifest,49,2,host_fpga_pcie,HOST_to_FPGA,302592,348660.2947199921,348784.5827199921
32,fixed_manifest,79,1,gpu_host,GPU_to_HOST,302592,349117.33023999206,349151.8070399921
33,fixed_manifest,50,1,host_fpga_pcie,FPGA_to_HOST,302592,349117.33023999206,349306.42943999206
32,fixed_manifest,79,2,host_fpga_pcie,HOST_to_FPGA,302592,349151.8070399921,349340.90623999207
33,fixed_manifest,50,2,gpu_host,HOST_to_GPU,302592,349306.42943999206,349340.90623999207
32,fixed_manifest,80,1,host_fpga_pcie,FPGA_to_HOST,302592,349673.6537599921,349862.7529599921
34,fixed_manifest,29,1,gpu_host,GPU_to_HOST,302592,349673.6537599921,349708.1305599921
34,fixed_manifest,29,2,host_fpga_pcie,HOST_to_FPGA,302592,349708.1305599921,349897.2297599921
32,fixed_manifest,80,2,gpu_host,HOST_to_GPU,302592,349862.7529599921,349897.2297599921
34,fixed_manifest,30,1,host_fpga_pcie,FPGA_to_HOST,302592,350229.97727999213,350354.2652799921
34,fixed_manifest,30,2,gpu_host,HOST_to_GPU,302592,350354.2652799921,350388.7420799921
31,fixed_manifest,109,1,gpu_host,GPU_to_HOST,302592,350656.0889599919,350690.56575999194
31,fixed_manifest,109,2,host_fpga_pcie,HOST_to_FPGA,302592,350690.56575999194,350814.8537599919
31,fixed_manifest,110,1,host_fpga_pcie,FPGA_to_HOST,302592,351147.6012799919,351271.88927999185
31,fixed_manifest,110,2,gpu_host,HOST_to_GPU,302592,351271.88927999185,351306.36607999186
33,fixed_manifest,59,1,gpu_host,GPU_to_HOST,302592,352454.4643199917,352488.94111999177
33,fixed_manifest,59,2,host_fpga_pcie,HOST_to_FPGA,302592,352488.94111999177,352613.2291199917
33,fixed_manifest,60,1,host_fpga_pcie,FPGA_to_HOST,302592,352945.97663999174,353070.2646399917
33,fixed_manifest,60,2,gpu_host,HOST_to_GPU,302592,353070.2646399917,353104.7414399917
32,fixed_manifest,89,1,gpu_host,GPU_to_HOST,302592,353902.96255999163,353937.4393599917
32,fixed_manifest,89,2,host_fpga_pcie,HOST_to_FPGA,302592,353937.4393599917,354061.72735999164
32,fixed_manifest,90,1,host_fpga_pcie,FPGA_to_HOST,302592,354394.47487999167,354583.5740799916
34,fixed_manifest,39,1,gpu_host,GPU_to_HOST,302592,354394.47487999167,354428.9516799917
34,fixed_manifest,39,2,host_fpga_pcie,HOST_to_FPGA,302592,354428.9516799917,354618.0508799917
32,fixed_manifest,90,2,gpu_host,HOST_to_GPU,302592,354583.5740799916,354618.0508799917
34,fixed_manifest,40,1,host_fpga_pcie,FPGA_to_HOST,302592,354950.79839999165,355139.89759999164
35,fixed_manifest,9,1,gpu_host,GPU_to_HOST,302592,354950.79839999165,354985.27519999165
35,fixed_manifest,9,2,host_fpga_pcie,HOST_to_FPGA,302592,354985.27519999165,355174.37439999165
34,fixed_manifest,40,2,gpu_host,HOST_to_GPU,302592,355139.89759999164,355174.37439999165
31,fixed_manifest,119,1,gpu_host,GPU_to_HOST,302592,355507.1219199917,355541.5987199917
35,fixed_manifest,10,1,host_fpga_pcie,FPGA_to_HOST,302592,355507.1219199917,355696.2211199917
31,fixed_manifest,119,2,host_fpga_pcie,HOST_to_FPGA,302592,355541.5987199917,355730.6979199917
35,fixed_manifest,10,2,gpu_host,HOST_to_GPU,302592,355696.2211199917,355730.6979199917
31,fixed_manifest,120,1,host_fpga_pcie,FPGA_to_HOST,302592,356063.4454399917,356252.54463999165
33,fixed_manifest,69,1,gpu_host,GPU_to_HOST,302592,356063.4454399917,356097.9222399917
33,fixed_manifest,69,2,host_fpga_pcie,HOST_to_FPGA,302592,356097.9222399917,356287.0214399917
31,fixed_manifest,120,2,gpu_host,HOST_to_GPU,302592,356252.54463999165,356287.0214399917
32,fixed_manifest,99,1,gpu_host,GPU_to_HOST,302592,356619.7689599917,356654.2457599917
33,fixed_manifest,70,1,host_fpga_pcie,FPGA_to_HOST,302592,356619.7689599917,356808.8681599917
32,fixed_manifest,99,2,host_fpga_pcie,HOST_to_FPGA,302592,356654.2457599917,356843.3449599917
33,fixed_manifest,70,2,gpu_host,HOST_to_GPU,302592,356808.8681599917,356843.3449599917
32,fixed_manifest,100,1,host_fpga_pcie,FPGA_to_HOST,302592,357176.0924799917,357300.38047999167
32,fixed_manifest,100,2,gpu_host,HOST_to_GPU,302592,357300.38047999167,357334.85727999173
34,fixed_manifest,49,1,gpu_host,GPU_to_HOST,302592,357359.25855999126,357393.73535999126
34,fixed_manifest,49,2,host_fpga_pcie,HOST_to_FPGA,302592,357393.73535999126,357518.0233599912
34,fixed_manifest,50,1,host_fpga_pcie,FPGA_to_HOST,302592,357850.77087999124,357975.0588799912
34,fixed_manifest,50,2,gpu_host,HOST_to_GPU,302592,357975.0588799912,358009.53567999124
35,fixed_manifest,19,1,gpu_host,GPU_to_HOST,302592,358239.6521599911,358274.1289599911
35,fixed_manifest,19,2,host_fpga_pcie,HOST_to_FPGA,302592,358274.1289599911,358398.4169599911
35,fixed_manifest,20,1,host_fpga_pcie,FPGA_to_HOST,302592,358731.1644799911,358855.4524799911
35,fixed_manifest,20,2,gpu_host,HOST_to_GPU,302592,358855.4524799911,358889.9292799911
33,fixed_manifest,79,1,gpu_host,GPU_to_HOST,302592,359666.58559999097,359701.062399991
33,fixed_manifest,79,2,host_fpga_pcie,HOST_to_FPGA,302592,359701.062399991,359825.350399991
33,fixed_manifest,80,1,host_fpga_pcie,FPGA_to_HOST,302592,360158.097919991,360282.38591999095
33,fixed_manifest,80,2,gpu_host,HOST_to_GPU,302592,360282.38591999095,360316.86271999095
32,fixed_manifest,109,1,gpu_host,GPU_to_HOST,302592,360480.19519999094,360514.67199999094
32,fixed_manifest,109,2,host_fpga_pcie,HOST_to_FPGA,302592,360514.67199999094,360638.9599999909
32,fixed_manifest,110,1,host_fpga_pcie,FPGA_to_HOST,302592,360971.7075199909,361160.8067199909
34,fixed_manifest,59,1,gpu_host,GPU_to_HOST,302592,360971.7075199909,361006.1843199909
34,fixed_manifest,59,2,host_fpga_pcie,HOST_to_FPGA,302592,361006.1843199909,361195.2835199909
32,fixed_manifest,110,2,gpu_host,HOST_to_GPU,302592,361160.8067199909,361195.2835199909
34,fixed_manifest,60,1,host_fpga_pcie,FPGA_to_HOST,302592,361528.03103999095,361652.3190399909
34,fixed_manifest,60,2,gpu_host,HOST_to_GPU,302592,361652.3190399909,361686.7958399909
35,fixed_manifest,29,1,gpu_host,GPU_to_HOST,302592,362161.71871999075,362196.19551999075
35,fixed_manifest,29,2,host_fpga_pcie,HOST_to_FPGA,302592,362196.19551999075,362320.48351999075
35,fixed_manifest,30,1,host_fpga_pcie,FPGA_to_HOST,302592,362653.23103999073,362777.51903999073
35,fixed_manifest,30,2,gpu_host,HOST_to_GPU,302592,362777.51903999073,362811.99583999073
33,fixed_manifest,89,1,gpu_host,GPU_to_HOST,302592,363803.5027199906,363837.9795199906
33,fixed_manifest,89,2,host_fpga_pcie,HOST_to_FPGA,302592,363837.9795199906,363962.2675199906
33,fixed_manifest,90,1,host_fpga_pcie,FPGA_to_HOST,302592,364295.0150399906,364484.1142399906
36,fixed_manifest,9,1,gpu_host,GPU_to_HOST,302592,364295.0150399906,364329.49183999066
36,fixed_manifest,9,2,host_fpga_pcie,HOST_to_FPGA,302592,364329.49183999066,364518.5910399906
33,fixed_manifest,90,2,gpu_host,HOST_to_GPU,302592,364484.1142399906,364518.5910399906
36,fixed_manifest,10,1,host_fpga_pcie,FPGA_to_HOST,302592,364851.33855999063,364975.62655999063
36,fixed_manifest,10,2,gpu_host,HOST_to_GPU,302592,364975.62655999063,365027.9996799907
32,fixed_manifest,119,1,gpu_host,GPU_to_HOST,302592,364984.2070399905,365036.58015999064
32,fixed_manifest,119,2,host_fpga_pcie,HOST_to_FPGA,302592,365036.58015999064,365160.8681599906
32,fixed_manifest,120,1,host_fpga_pcie,FPGA_to_HOST,302592,365493.6156799906,365682.7148799906
34,fixed_manifest,69,1,gpu_host,GPU_to_HOST,302592,365493.6156799906,365528.0924799906
34,fixed_manifest,69,2,host_fpga_pcie,HOST_to_FPGA,302592,365528.0924799906,365717.1916799906
32,fixed_manifest,120,2,gpu_host,HOST_to_GPU,302592,365682.7148799906,365717.1916799906
34,fixed_manifest,70,1,host_fpga_pcie,FPGA_to_HOST,302592,366049.93919999065,366239.0383999906
35,fixed_manifest,39,1,gpu_host,GPU_to_HOST,302592,366049.93919999065,366084.41599999066
35,fixed_manifest,39,2,host_fpga_pcie,HOST_to_FPGA,302592,366084.41599999066,366273.51519999065
34,fixed_manifest,70,2,gpu_host,HOST_to_GPU,302592,366239.0383999906,366273.51519999065
35,fixed_manifest,40,1,host_fpga_pcie,FPGA_to_HOST,302592,366606.2627199906,366730.5507199906
35,fixed_manifest,40,2,gpu_host,HOST_to_GPU,302592,366730.5507199906,366765.02751999063
33,fixed_manifest,99,1,gpu_host,GPU_to_HOST,302592,366892.13919999026,366926.61599999026
33,fixed_manifest,99,2,host_fpga_pcie,HOST_to_FPGA,302592,366926.61599999026,367050.90399999026
33,fixed_manifest,100,1,host_fpga_pcie,FPGA_to_HOST,302592,367383.65151999024,367507.93951999024
33,fixed_manifest,100,2,gpu_host,HOST_to_GPU,302592,367507.93951999024,367542.41631999024
36,fixed_manifest,19,1,gpu_host,GPU_to_HOST,302592,367579.81183999014,367614.2886399902
36,fixed_manifest,19,2,host_fpga_pcie,HOST_to_FPGA,302592,367614.2886399902,367738.57663999015
36,fixed_manifest,20,1,host_fpga_pcie,FPGA_to_HOST,302592,368071.3241599902,368195.6121599901
36,fixed_manifest,20,2,gpu_host,HOST_to_GPU,302592,368195.6121599901,368230.0889599901
34,fixed_manifest,79,1,gpu_host,GPU_to_HOST,302592,368411.76863999007,368446.24543999013
34,fixed_manifest,79,2,host_fpga_pcie,HOST_to_FPGA,302592,368446.24543999013,368570.5334399901
34,fixed_manifest,80,1,host_fpga_pcie,FPGA_to_HOST,302592,368903.2809599901,369027.56895999005
34,fixed_manifest,80,2,gpu_host,HOST_to_GPU,302592,369027.56895999005,369062.04575999005
35,fixed_manifest,49,1,gpu_host,GPU_to_HOST,302592,369857.04927998997,369891.52607998997
35,fixed_manifest,49,2,host_fpga_pcie,HOST_to_FPGA,302592,369891.52607998997,370015.81407998997
35,fixed_manifest,50,1,host_fpga_pcie,FPGA_to_HOST,302592,370348.56159998995,370472.84959998995
35,fixed_manifest,50,2,gpu_host,HOST_to_GPU,302592,370472.84959998995,370507.32639998995
33,fixed_manifest,109,1,gpu_host,GPU_to_HOST,302592,370822.1657599899,370856.6425599899
33,fixed_manifest,109,2,host_fpga_pcie,HOST_to_FPGA,302592,370856.6425599899,370980.9305599899
33,fixed_manifest,110,1,host_fpga_pcie,FPGA_to_HOST,302592,371313.67807998986,371502.77727998985
36,fixed_manifest,29,1,gpu_host,GPU_to_HOST,302592,371313.67807998986,371348.1548799899
36,fixed_manifest,29,2,host_fpga_pcie,HOST_to_FPGA,302592,371348.1548799899,371537.2540799899
33,fixed_manifest,110,2,gpu_host,HOST_to_GPU,302592,371502.77727998985,371537.2540799899
36,fixed_manifest,30,1,host_fpga_pcie,FPGA_to_HOST,302592,371870.0015999899,371994.2895999899
36,fixed_manifest,30,2,gpu_host,HOST_to_GPU,302592,371994.2895999899,372028.7663999899
34,fixed_manifest,89,1,gpu_host,GPU_to_HOST,302592,372526.55615998973,372561.0329599898
34,fixed_manifest,89,2,host_fpga_pcie,HOST_to_FPGA,302592,372561.0329599898,372685.32095998974
34,fixed_manifest,90,1,host_fpga_pcie,FPGA_to_HOST,302592,373018.0684799898,373142.3564799897
34,fixed_manifest,90,2,gpu_host,HOST_to_GPU,302592,373142.3564799897,373176.8332799897
37,fixed_manifest,9,1,gpu_host,GPU_to_HOST,302592,373993.9663999896,374028.4431999896
37,fixed_manifest,9,2,host_fpga_pcie,HOST_to_FPGA,302592,374028.4431999896,374152.7311999896
35,fixed_manifest,59,1,gpu_host,GPU_to_HOST,302592,374485.4787199896,374519.9555199896
37,fixed_manifest,10,1,host_fpga_pcie,FPGA_to_HOST,302592,374485.4787199896,374674.5779199896
35,fixed_manifest,59,2,host_fpga_pcie,HOST_to_FPGA,302592,374519.9555199896,374709.0547199896
37,fixed_manifest,10,2,gpu_host,HOST_to_GPU,302592,374674.5779199896,374709.0547199896
35,fixed_manifest,60,1,host_fpga_pcie,FPGA_to_HOST,302592,375041.8022399896,375166.0902399896
35,fixed_manifest,60,2,gpu_host,HOST_to_GPU,302592,375166.0902399896,375218.4633599897
33,fixed_manifest,119,1,gpu_host,GPU_to_HOST,302592,375174.6707199895,375227.04383998964
33,fixed_manifest,119,2,host_fpga_pcie,HOST_to_FPGA,302592,375227.04383998964,375351.3318399896
33,fixed_manifest,120,1,host_fpga_pcie,FPGA_to_HOST,302592,375684.0793599896,375873.1785599896
36,fixed_manifest,39,1,gpu_host,GPU_to_HOST,302592,375684.0793599896,375718.5561599896
36,fixed_manifest,39,2,host_fpga_pcie,HOST_to_FPGA,302592,375718.5561599896,375907.6553599896
33,fixed_manifest,120,2,gpu_host,HOST_to_GPU,302592,375873.1785599896,375907.6553599896
34,fixed_manifest,99,1,gpu_host,GPU_to_HOST,302592,376240.4028799896,376274.87967998965
36,fixed_manifest,40,1,host_fpga_pcie,FPGA_to_HOST,302592,376240.4028799896,376429.5020799896
34,fixed_manifest,99,2,host_fpga_pcie,HOST_to_FPGA,302592,376274.87967998965,376463.9788799896
36,fixed_manifest,40,2,gpu_host,HOST_to_GPU,302592,376429.5020799896,376463.9788799896
34,fixed_manifest,100,1,host_fpga_pcie,FPGA_to_HOST,302592,376796.7263999896,376921.0143999896
34,fixed_manifest,100,2,gpu_host,HOST_to_GPU,302592,376921.0143999896,376955.4911999896
37,fixed_manifest,19,1,gpu_host,GPU_to_HOST,302592,377082.60287998925,377117.07967998926
37,fixed_manifest,19,2,host_fpga_pcie,HOST_to_FPGA,302592,377117.07967998926,377241.3676799892
37,fixed_manifest,20,1,host_fpga_pcie,FPGA_to_HOST,302592,377574.11519998923,377698.40319998923
37,fixed_manifest,20,2,gpu_host,HOST_to_GPU,302592,377698.40319998923,377732.87999998924
35,fixed_manifest,69,1,gpu_host,GPU_to_HOST,302592,377770.27551998914,377804.75231998914
35,fixed_manifest,69,2,host_fpga_pcie,HOST_to_FPGA,302592,377804.75231998914,377929.04031998914
35,fixed_manifest,70,1,host_fpga_pcie,FPGA_to_HOST,302592,378261.7878399892,378386.0758399891
35,fixed_manifest,70,2,gpu_host,HOST_to_GPU,302592,378386.0758399891,378420.5526399891
36,fixed_manifest,49,1,gpu_host,GPU_to_HOST,302592,378602.23231998907,378636.7091199891
36,fixed_manifest,49,2,host_fpga_pcie,HOST_to_FPGA,302592,378636.7091199891,378760.9971199891
36,fixed_manifest,50,1,host_fpga_pcie,FPGA_to_HOST,302592,379093.74463998905,379218.03263998905
36,fixed_manifest,50,2,gpu_host,HOST_to_GPU,302592,379218.03263998905,379252.50943998905
34,fixed_manifest,109,1,gpu_host,GPU_to_HOST,302592,380047.51295998896,380081.98975998897
34,fixed_manifest,109,2,host_fpga_pcie,HOST_to_FPGA,302592,380081.98975998897,380206.27775998897
34,fixed_manifest,110,1,host_fpga_pcie,FPGA_to_HOST,302592,380539.02527998894,380663.31327998894
34,fixed_manifest,110,2,gpu_host,HOST_to_GPU,302592,380663.31327998894,380697.79007998895
37,fixed_manifest,29,1,gpu_host,GPU_to_HOST,302592,381030.97663998883,381065.4534399889
37,fixed_manifest,29,2,host_fpga_pcie,HOST_to_FPGA,302592,381065.4534399889,381189.74143998884
35,fixed_manifest,79,1,gpu_host,GPU_to_HOST,302592,381522.48895998887,381556.9657599889
37,fixed_manifest,30,1,host_fpga_pcie,FPGA_to_HOST,302592,381522.48895998887,381711.58815998887
35,fixed_manifest,79,2,host_fpga_pcie,HOST_to_FPGA,302592,381556.9657599889,381746.0649599889
37,fixed_manifest,30,2,gpu_host,HOST_to_GPU,302592,381711.58815998887,381746.0649599889
35,fixed_manifest,80,1,host_fpga_pcie,FPGA_to_HOST,302592,382078.81247998885,382203.10047998885
35,fixed_manifest,80,2,gpu_host,HOST_to_GPU,302592,382203.10047998885,382237.57727998885
36,fixed_manifest,59,1,gpu_host,GPU_to_HOST,302592,382717.01983998873,382751.49663998873
36,fixed_manifest,59,2,host_fpga_pcie,HOST_to_FPGA,302592,382751.49663998873,382875.78463998873
36,fixed_manifest,60,1,host_fpga_pcie,FPGA_to_HOST,302592,383208.5321599887,383332.8201599887
36,fixed_manifest,60,2,gpu_host,HOST_to_GPU,302592,383332.8201599887,383367.2969599887
38,fixed_manifest,9,1,gpu_host,GPU_to_HOST,302592,384184.4300799886,384218.9068799886
38,fixed_manifest,9,2,host_fpga_pcie,HOST_to_FPGA,302592,384218.9068799886,384343.19487998856
34,fixed_manifest,119,1,gpu_host,GPU_to_HOST,302592,384675.9423999886,384710.4191999886
38,fixed_manifest,10,1,host_fpga_pcie,FPGA_to_HOST,302592,384675.9423999886,384865.0415999886
34,fixed_manifest,119,2,host_fpga_pcie,HOST_to_FPGA,302592,384710.4191999886,384899.5183999886
38,fixed_manifest,10,2,gpu_host,HOST_to_GPU,302592,384865.0415999886,384899.5183999886
34,fixed_manifest,120,1,host_fpga_pcie,FPGA_to_HOST,302592,385232.2659199886,385356.55391998857
34,fixed_manifest,120,2,gpu_host,HOST_to_GPU,302592,385356.55391998857,385408.9270399887
37,fixed_manifest,39,1,gpu_host,GPU_to_HOST,302592,385365.1343999885,385417.5075199886
37,fixed_manifest,39,2,host_fpga_pcie,HOST_to_FPGA,302592,385417.5075199886,385541.7955199886
35,fixed_manifest,89,1,gpu_host,GPU_to_HOST,302592,385874.5430399886,385909.0198399886
37,fixed_manifest,40,1,host_fpga_pcie,FPGA_to_HOST,302592,385874.5430399886,386063.64223998855
35,fixed_manifest,89,2,host_fpga_pcie,HOST_to_FPGA,302592,385909.0198399886,386098.1190399886
37,fixed_manifest,40,2,gpu_host,HOST_to_GPU,302592,386063.64223998855,386098.1190399886
35,fixed_manifest,90,1,host_fpga_pcie,FPGA_to_HOST,302592,386430.8665599886,386619.9657599886
36,fixed_manifest,69,1,gpu_host,GPU_to_HOST,302592,386430.8665599886,386465.3433599886
36,fixed_manifest,69,2,host_fpga_pcie,HOST_to_FPGA,302592,386465.3433599886,386654.4425599886
35,fixed_manifest,90,2,gpu_host,HOST_to_GPU,302592,386619.9657599886,386654.4425599886
36,fixed_manifest,70,1,host_fpga_pcie,FPGA_to_HOST,302592,386987.1900799886,387176.2892799886
38,fixed_manifest,19,1,gpu_host,GPU_to_HOST,302592,386987.1900799886,387021.6668799886
38,fixed_manifest,19,2,host_fpga_pcie,HOST_to_FPGA,302592,387021.6668799886,387210.7660799886
36,fixed_manifest,70,2,gpu_host,HOST_to_GPU,302592,387176.2892799886,387210.7660799886
38,fixed_manifest,20,1,host_fpga_pcie,FPGA_to_HOST,302592,387543.5135999886,387667.8015999886
38,fixed_manifest,20,2,gpu_host,HOST_to_GPU,302592,387667.8015999886,387702.2783999886
37,fixed_manifest,49,1,gpu_host,GPU_to_HOST,302592,387979.08639998815,388013.56319998816
37,fixed_manifest,49,2,host_fpga_pcie,HOST_to_FPGA,302592,388013.56319998816,388137.8511999881
37,fixed_manifest,50,1,host_fpga_pcie,FPGA_to_HOST,302592,388470.59871998813,388594.8867199881
37,fixed_manifest,50,2,gpu_host,HOST_to_GPU,302592,388594.8867199881,388629.36351998814
35,fixed_manifest,99,1,gpu_host,GPU_to_HOST,302592,389409.80223998806,389444.27903998806
35,fixed_manifest,99,2,host_fpga_pcie,HOST_to_FPGA,302592,389444.27903998806,389568.56703998806
35,fixed_manifest,100,1,host_fpga_pcie,FPGA_to_HOST,302592,389901.31455998804,390025.60255998804
35,fixed_manifest,100,2,gpu_host,HOST_to_GPU,302592,390025.60255998804,390060.07935998804
36,fixed_manifest,79,1,gpu_host,GPU_to_HOST,302592,390237.97663998796,390272.45343998796
36,fixed_manifest,79,2,host_fpga_pcie,HOST_to_FPGA,302592,390272.45343998796,390396.7414399879
36,fixed_manifest,80,1,host_fpga_pcie,FPGA_to_HOST,302592,390729.48895998794,390918.58815998794
38,fixed_manifest,29,1,gpu_host,GPU_to_HOST,302592,390729.48895998794,390763.96575998794
38,fixed_manifest,29,2,host_fpga_pcie,HOST_to_FPGA,302592,390763.96575998794,390953.06495998794
36,fixed_manifest,80,2,gpu_host,HOST_to_GPU,302592,390918.58815998794,390953.06495998794
38,fixed_manifest,30,1,host_fpga_pcie,FPGA_to_HOST,302592,391285.812479988,391410.1004799879
38,fixed_manifest,30,2,gpu_host,HOST_to_GPU,302592,391410.1004799879,391444.5772799879
37,fixed_manifest,59,1,gpu_host,GPU_to_HOST,302592,391901.1529599878,391935.6297599878
37,fixed_manifest,59,2,host_fpga_pcie,HOST_to_FPGA,302592,391935.6297599878,392059.91775998776
37,fixed_manifest,60,1,host_fpga_pcie,FPGA_to_HOST,302592,392392.6652799878,392516.95327998773
37,fixed_manifest,60,2,gpu_host,HOST_to_GPU,302592,392516.95327998773,392551.4300799878
35,fixed_manifest,109,1,gpu_host,GPU_to_HOST,302592,393542.9369599877,393577.4137599877
35,fixed_manifest,109,2,host_fpga_pcie,HOST_to_FPGA,302592,393577.4137599877,393701.7017599876
35,fixed_manifest,110,1,host_fpga_pcie,FPGA_to_HOST,302592,394034.44927998766,394223.54847998766
39,fixed_manifest,9,1,gpu_host,GPU_to_HOST,302592,394034.44927998766,394068.92607998766
39,fixed_manifest,9,2,host_fpga_pcie,HOST_to_FPGA,302592,394068.92607998766,394258.02527998766
35,fixed_manifest,110,2,gpu_host,HOST_to_GPU,302592,394223.54847998766,394258.02527998766
39,fixed_manifest,10,1,host_fpga_pcie,FPGA_to_HOST,302592,394590.77279998764,394715.06079998764
39,fixed_manifest,10,2,gpu_host,HOST_to_GPU,302592,394715.06079998764,394767.43391998776
36,fixed_manifest,89,1,gpu_host,GPU_to_HOST,302592,394723.6412799875,394776.01439998765
36,fixed_manifest,89,2,host_fpga_pcie,HOST_to_FPGA,302592,394776.01439998765,394900.30239998765
36,fixed_manifest,90,1,host_fpga_pcie,FPGA_to_HOST,302592,395233.0499199876,395422.1491199876
38,fixed_manifest,39,1,gpu_host,GPU_to_HOST,302592,395233.0499199876,395267.5267199877
38,fixed_manifest,39,2,host_fpga_pcie,HOST_to_FPGA,302592,395267.5267199877,395456.6259199876
36,fixed_manifest,90,2,gpu_host,HOST_to_GPU,302592,395422.1491199876,395456.6259199876
37,fixed_manifest,69,1,gpu_host,GPU_to_HOST,302592,395789.37343998766,395823.85023998766
38,fixed_manifest,40,1,host_fpga_pcie,FPGA_to_HOST,302592,395789.37343998766,395978.47263998765
37,fixed_manifest,69,2,host_fpga_pcie,HOST_to_FPGA,302592,395823.85023998766,396012.94943998766
38,fixed_manifest,40,2,gpu_host,HOST_to_GPU,302592,395978.47263998765,396012.94943998766
37,fixed_manifest,70,1,host_fpga_pcie,FPGA_to_HOST,302592,396345.6969599877,396469.98495998763
37,fixed_manifest,70,2,gpu_host,HOST_to_GPU,302592,396469.98495998763,396504.46175998764
35,fixed_manifest,119,1,gpu_host,GPU_to_HOST,302592,397067.2675199873,397101.7443199873
35,fixed_manifest,119,2,host_fpga_pcie,HOST_to_FPGA,302592,397101.7443199873,397226.03231998725
35,fixed_manifest,120,1,host_fpga_pcie,FPGA_to_HOST,302592,397558.7798399873,397683.0678399872
35,fixed_manifest,120,2,gpu_host,HOST_to_GPU,302592,397683.0678399872,397717.5446399873
39,fixed_manifest,19,1,gpu_host,GPU_to_HOST,302592,397903.00671998726,397937.48351998726
39,fixed_manifest,19,2,host_fpga_pcie,HOST_to_FPGA,302592,397937.48351998726,398061.7715199872
39,fixed_manifest,20,1,host_fpga_pcie,FPGA_to_HOST,302592,398394.51903998724,398518.80703998724
39,fixed_manifest,20,2,gpu_host,HOST_to_GPU,302592,398518.80703998724,398553.28383998724
36,fixed_manifest,99,1,gpu_host,GPU_to_HOST,302592,398923.9020799871,398958.37887998717
36,fixed_manifest,99,2,host_fpga_pcie,HOST_to_FPGA,302592,398958.37887998717,399082.6668799871
36,fixed_manifest,100,1,host_fpga_pcie,FPGA_to_HOST,302592,399415.41439998714,399604.5135999871
38,fixed_manifest,49,1,gpu_host,GPU_to_HOST,302592,399415.41439998714,399449.89119998715
38,fixed_manifest,49,2,host_fpga_pcie,HOST_to_FPGA,302592,399449.89119998715,399638.99039998715
36,fixed_manifest,100,2,gpu_host,HOST_to_GPU,302592,399604.5135999871,399638.99039998715
37,fixed_manifest,79,1,gpu_host,GPU_to_HOST,302592,399971.7379199871,400006.2147199871
38,fixed_manifest,50,1,host_fpga_pcie,FPGA_to_HOST,302592,399971.7379199871,400160.8371199871
37,fixed_manifest,79,2,host_fpga_pcie,HOST_to_FPGA,302592,400006.2147199871,400195.3139199871
38,fixed_manifest,50,2,gpu_host,HOST_to_GPU,302592,400160.8371199871,400195.3139199871
37,fixed_manifest,80,1,host_fpga_pcie,FPGA_to_HOST,302592,400528.06143998716,400717.16063998715
39,fixed_manifest,29,1,gpu_host,GPU_to_HOST,302592,400528.06143998716,400562.53823998716
39,fixed_manifest,29,2,host_fpga_pcie,HOST_to_FPGA,302592,400562.53823998716,400751.63743998716
37,fixed_manifest,80,2,gpu_host,HOST_to_GPU,302592,400717.16063998715,400751.63743998716
39,fixed_manifest,30,1,host_fpga_pcie,FPGA_to_HOST,302592,401084.3849599872,401208.67295998713
39,fixed_manifest,30,2,gpu_host,HOST_to_GPU,302592,401208.67295998713,401243.14975998714
36,fixed_manifest,109,1,gpu_host,GPU_to_HOST,302592,402574.8259199867,402609.30271998676
36,fixed_manifest,109,2,host_fpga_pcie,HOST_to_FPGA,302592,402609.30271998676,402733.5907199867
36,fixed_manifest,110,1,host_fpga_pcie,FPGA_to_HOST,302592,403066.33823998674,403190.6262399867
36,fixed_manifest,110,2,gpu_host,HOST_to_GPU,302592,403190.6262399867,403225.1030399867
38,fixed_manifest,59,1,gpu_host,GPU_to_HOST,302592,404041.67135998665,404076.14815998665
38,fixed_manifest,59,2,host_fpga_pcie,HOST_to_FPGA,302592,404076.14815998665,404200.43615998665
38,fixed_manifest,60,1,host_fpga_pcie,FPGA_to_HOST,302592,404533.1836799866,404722.2828799866
40,fixed_manifest,9,1,gpu_host,GPU_to_HOST,302592,404533.1836799866,404567.66047998663
40,fixed_manifest,9,2,host_fpga_pcie,HOST_to_FPGA,302592,404567.66047998663,404756.75967998663
38,fixed_manifest,60,2,gpu_host,HOST_to_GPU,302592,404722.2828799866,404756.75967998663
37,fixed_manifest,89,1,gpu_host,GPU_to_HOST,302592,405089.50719998666,405123.98399998667
40,fixed_manifest,10,1,host_fpga_pcie,FPGA_to_HOST,302592,405089.50719998666,405278.60639998666
37,fixed_manifest,89,2,host_fpga_pcie,HOST_to_FPGA,302592,405123.98399998667,405313.08319998666
40,fixed_manifest,10,2,gpu_host,HOST_to_GPU,302592,405278.60639998666,405313.08319998666
37,fixed_manifest,90,1,host_fpga_pcie,FPGA_to_HOST,302592,405645.83071998664,405834.92991998664
39,fixed_manifest,39,1,gpu_host,GPU_to_HOST,302592,405645.83071998664,405680.3075199867
39,fixed_manifest,39,2,host_fpga_pcie,HOST_to_FPGA,302592,405680.3075199867,405869.4067199867
37,fixed_manifest,90,2,gpu_host,HOST_to_GPU,302592,405834.92991998664,405869.4067199867
36,fixed_manifest,119,1,gpu_host,GPU_to_HOST,302592,406202.1542399867,406236.6310399867
39,fixed_manifest,40,1,host_fpga_pcie,FPGA_to_HOST,302592,406202.1542399867,406391.25343998667
36,fixed_manifest,119,2,host_fpga_pcie,HOST_to_FPGA,302592,406236.6310399867,406425.7302399867
39,fixed_manifest,40,2,gpu_host,HOST_to_GPU,302592,406391.25343998667,406425.7302399867
36,fixed_manifest,120,1,host_fpga_pcie,FPGA_to_HOST,302592,406758.4777599867,406947.5769599867
38,fixed_manifest,69,1,gpu_host,GPU_to_HOST,302592,406758.4777599867,406792.9545599867
38,fixed_manifest,69,2,host_fpga_pcie,HOST_to_FPGA,302592,406792.9545599867,406982.0537599867
36,fixed_manifest,120,2,gpu_host,HOST_to_GPU,302592,406947.5769599867,406982.0537599867
38,fixed_manifest,70,1,host_fpga_pcie,FPGA_to_HOST,302592,407314.8012799867,407439.0892799867
38,fixed_manifest,70,2,gpu_host,HOST_to_GPU,302592,407439.0892799867,407473.5660799867
40,fixed_manifest,19,1,gpu_host,GPU_to_HOST,302592,407915.31423998624,407949.79103998624
40,fixed_manifest,19,2,host_fpga_pcie,HOST_to_FPGA,302592,407949.79103998624,408074.0790399862
40,fixed_manifest,20,1,host_fpga_pcie,FPGA_to_HOST,302592,408406.8265599862,408531.1145599862
37,fixed_manifest,99,1,gpu_host,GPU_to_HOST,302592,408493.9107199861,408528.3875199861
37,fixed_manifest,99,2,host_fpga_pcie,HOST_to_FPGA,302592,408528.3875199861,408652.6755199861
40,fixed_manifest,20,2,gpu_host,HOST_to_GPU,302592,408531.1145599862,408565.5913599862
37,fixed_manifest,100,1,host_fpga_pcie,FPGA_to_HOST,302592,408985.4230399861,409109.71103998605
37,fixed_manifest,100,2,gpu_host,HOST_to_GPU,302592,409109.71103998605,409144.18783998606
39,fixed_manifest,49,1,gpu_host,GPU_to_HOST,302592,409151.4937599861,409185.9705599861
39,fixed_manifest,49,2,host_fpga_pcie,HOST_to_FPGA,302592,409185.9705599861,409310.258559986
39,fixed_manifest,50,1,host_fpga_pcie,FPGA_to_HOST,302592,409643.00607998605,409767.294079986
39,fixed_manifest,50,2,gpu_host,HOST_to_GPU,302592,409767.294079986,409801.77087998606
38,fixed_manifest,79,1,gpu_host,GPU_to_HOST,302592,410023.92735998594,410058.40415998595
38,fixed_manifest,79,2,host_fpga_pcie,HOST_to_FPGA,302592,410058.40415998595,410182.69215998595
38,fixed_manifest,80,1,host_fpga_pcie,FPGA_to_HOST,302592,410515.4396799859,410639.7276799859
38,fixed_manifest,80,2,gpu_host,HOST_to_GPU,302592,410639.7276799859,410674.2044799859
40,fixed_manifest,29,1,gpu_host,GPU_to_HOST,302592,411620.7148799858,411655.19167998584
40,fixed_manifest,29,2,host_fpga_pcie,HOST_to_FPGA,302592,411655.19167998584,411779.4796799858
40,fixed_manifest,30,1,host_fpga_pcie,FPGA_to_HOST,302592,412112.2271999858,412236.51519998576
40,fixed_manifest,30,2,gpu_host,HOST_to_GPU,302592,412236.51519998576,412270.99199998577
37,fixed_manifest,109,1,gpu_host,GPU_to_HOST,302592,412899.1865599857,412933.6633599857
37,fixed_manifest,109,2,host_fpga_pcie,HOST_to_FPGA,302592,412933.6633599857,413057.9513599857
37,fixed_manifest,110,1,host_fpga_pcie,FPGA_to_HOST,302592,413390.6988799857,413514.98687998566
37,fixed_manifest,110,2,gpu_host,HOST_to_GPU,302592,413514.98687998566,413549.46367998567
39,fixed_manifest,59,1,gpu_host,GPU_to_HOST,302592,413596.68159998563,413631.15839998564
39,fixed_manifest,59,2,host_fpga_pcie,HOST_to_FPGA,302592,413631.15839998564,413755.44639998564
39,fixed_manifest,60,1,host_fpga_pcie,FPGA_to_HOST,302592,414088.1939199856,414212.4819199856
39,fixed_manifest,60,2,gpu_host,HOST_to_GPU,302592,414212.4819199856,414246.9587199856
38,fixed_manifest,89,1,gpu_host,GPU_to_HOST,302592,414272.6118399856,414307.0886399856
38,fixed_manifest,89,2,host_fpga_pcie,HOST_to_FPGA,302592,414307.0886399856,414431.3766399856
38,fixed_manifest,90,1,host_fpga_pcie,FPGA_to_HOST,302592,414764.1241599856,414953.22335998557
41,fixed_manifest,9,1,gpu_host,GPU_to_HOST,302592,414764.1241599856,414798.60095998563
41,fixed_manifest,9,2,host_fpga_pcie,HOST_to_FPGA,302592,414798.60095998563,414987.7001599856
38,fixed_manifest,90,2,gpu_host,HOST_to_GPU,302592,414953.22335998557,414987.7001599856
41,fixed_manifest,10,1,host_fpga_pcie,FPGA_to_HOST,302592,415320.4476799856,415444.7356799856
41,fixed_manifest,10,2,gpu_host,HOST_to_GPU,302592,415444.7356799856,415479.2124799856
40,fixed_manifest,39,1,gpu_host,GPU_to_HOST,302592,415591.56031998544,415626.03711998544
40,fixed_manifest,39,2,host_fpga_pcie,HOST_to_FPGA,302592,415626.03711998544,415750.32511998544
40,fixed_manifest,40,1,host_fpga_pcie,FPGA_to_HOST,302592,416083.0726399855,416207.3606399854
40,fixed_manifest,40,2,gpu_host,HOST_to_GPU,302592,416207.3606399854,416241.8374399854
37,fixed_manifest,119,1,gpu_host,GPU_to_HOST,302592,416616.2380799853,416650.7148799853
37,fixed_manifest,119,2,host_fpga_pcie,HOST_to_FPGA,302592,416650.7148799853,416775.0028799853
37,fixed_manifest,120,1,host_fpga_pcie,FPGA_to_HOST,302592,417107.75039998535,417232.0383999853
37,fixed_manifest,120,2,gpu_host,HOST_to_GPU,302592,417232.0383999853,417266.5151999853
39,fixed_manifest,69,1,gpu_host,GPU_to_HOST,302592,417429.84767998534,417464.32447998534
39,fixed_manifest,69,2,host_fpga_pcie,HOST_to_FPGA,302592,417464.32447998534,417588.6124799853
39,fixed_manifest,70,1,host_fpga_pcie,FPGA_to_HOST,302592,417921.3599999853,418045.64799998526
39,fixed_manifest,70,2,gpu_host,HOST_to_GPU,302592,418045.64799998526,418080.1247999853
38,fixed_manifest,99,1,gpu_host,GPU_to_HOST,302592,418472.8726399852,418507.3494399852
38,fixed_manifest,99,2,host_fpga_pcie,HOST_to_FPGA,302592,418507.3494399852,418631.6374399852
38,fixed_manifest,100,1,host_fpga_pcie,FPGA_to_HOST,302592,418964.38495998515,419153.48415998515
41,fixed_manifest,19,1,gpu_host,GPU_to_HOST,302592,418964.38495998515,418998.8617599852
41,fixed_manifest,19,2,host_fpga_pcie,HOST_to_FPGA,302592,418998.8617599852,419187.96095998515
38,fixed_manifest,100,2,gpu_host,HOST_to_GPU,302592,419153.48415998515,419187.96095998515
40,fixed_manifest,49,1,gpu_host,GPU_to_HOST,302592,419520.7084799852,419555.1852799852
41,fixed_manifest,20,1,host_fpga_pcie,FPGA_to_HOST,302592,419520.7084799852,419709.8076799852
40,fixed_manifest,49,2,host_fpga_pcie,HOST_to_FPGA,302592,419555.1852799852,419744.2844799852
41,fixed_manifest,20,2,gpu_host,HOST_to_GPU,302592,419709.8076799852,419744.2844799852
39,fixed_manifest,79,1,gpu_host,GPU_to_HOST,302592,420077.0319999852,420111.5087999852
40,fixed_manifest,50,1,host_fpga_pcie,FPGA_to_HOST,302592,420077.0319999852,420266.13119998516
39,fixed_manifest,79,2,host_fpga_pcie,HOST_to_FPGA,302592,420111.5087999852,420300.6079999852
40,fixed_manifest,50,2,gpu_host,HOST_to_GPU,302592,420266.13119998516,420300.6079999852
39,fixed_manifest,80,1,host_fpga_pcie,FPGA_to_HOST,302592,420633.3555199852,420757.6435199852
39,fixed_manifest,80,2,gpu_host,HOST_to_GPU,302592,420757.6435199852,420792.1203199852
38,fixed_manifest,109,1,gpu_host,GPU_to_HOST,302592,421238.3315199848,421272.8083199848
38,fixed_manifest,109,2,host_fpga_pcie,HOST_to_FPGA,302592,421272.8083199848,421397.09631998476
38,fixed_manifest,110,1,host_fpga_pcie,FPGA_to_HOST,302592,421729.8438399848,421854.1318399848
38,fixed_manifest,110,2,gpu_host,HOST_to_GPU,302592,421854.1318399848,421888.6086399848
41,fixed_manifest,29,1,gpu_host,GPU_to_HOST,302592,423594.4243199847,423628.9011199847
41,fixed_manifest,29,2,host_fpga_pcie,HOST_to_FPGA,302592,423628.9011199847,423753.1891199847
41,fixed_manifest,30,1,host_fpga_pcie,FPGA_to_HOST,302592,424085.93663998466,424210.22463998466
41,fixed_manifest,30,2,gpu_host,HOST_to_GPU,302592,424210.22463998466,424244.70143998467
40,fixed_manifest,59,1,gpu_host,GPU_to_HOST,302592,424248.2249599846,424282.7017599846
40,fixed_manifest,59,2,host_fpga_pcie,HOST_to_FPGA,302592,424282.7017599846,424406.9897599846
40,fixed_manifest,60,1,host_fpga_pcie,FPGA_to_HOST,302592,424739.7372799846,424928.8364799846
42,fixed_manifest,9,1,gpu_host,GPU_to_HOST,302592,424739.7372799846,424774.21407998464
42,fixed_manifest,9,2,host_fpga_pcie,HOST_to_FPGA,302592,424774.21407998464,424963.3132799846
40,fixed_manifest,60,2,gpu_host,HOST_to_GPU,302592,424928.8364799846,424963.3132799846
39,fixed_manifest,89,1,gpu_host,GPU_to_HOST,302592,425296.0607999846,425330.5375999846
42,fixed_manifest,10,1,host_fpga_pcie,FPGA_to_HOST,302592,425296.0607999846,425485.1599999846
39,fixed_manifest,89,2,host_fpga_pcie,HOST_to_FPGA,302592,425330.5375999846,425519.6367999846
42,fixed_manifest,10,2,gpu_host,HOST_to_GPU,302592,425485.1599999846,425519.6367999846
38,fixed_manifest,119,1,gpu_host,GPU_to_HOST,302592,425852.38431998465,425886.86111998465
39,fixed_manifest,90,1,host_fpga_pcie,FPGA_to_HOST,302592,425852.38431998465,426041.4835199846
38,fixed_manifest,119,2,host_fpga_pcie,HOST_to_FPGA,302592,425886.86111998465,426075.96031998465
39,fixed_manifest,90,2,gpu_host,HOST_to_GPU,302592,426041.4835199846,426075.96031998465
38,fixed_manifest,120,1,host_fpga_pcie,FPGA_to_HOST,302592,426408.7078399846,426597.8070399846
41,fixed_manifest,39,1,gpu_host,GPU_to_HOST,302592,426408.7078399846,426443.1846399846
41,fixed_manifest,39,2,host_fpga_pcie,HOST_to_FPGA,302592,426443.1846399846,426632.2838399846
38,fixed_manifest,120,2,gpu_host,HOST_to_GPU,302592,426597.8070399846,426632.2838399846
41,fixed_manifest,40,1,host_fpga_pcie,FPGA_to_HOST,302592,426965.03135998466,427089.3193599846
41,fixed_manifest,40,2,gpu_host,HOST_to_GPU,302592,427089.3193599846,427123.79615998466
40,fixed_manifest,69,1,gpu_host,GPU_to_HOST,302592,427464.28479998425,427498.7615999843
40,fixed_manifest,69,2,host_fpga_pcie,HOST_to_FPGA,302592,427498.7615999843,427623.04959998425
40,fixed_manifest,70,1,host_fpga_pcie,FPGA_to_HOST,302592,427955.7971199843,428080.0851199842
42,fixed_manifest,19,1,gpu_host,GPU_to_HOST,302592,428042.88127998414,428077.35807998414
42,fixed_manifest,19,2,host_fpga_pcie,HOST_to_FPGA,302592,428077.35807998414,428201.64607998414
40,fixed_manifest,70,2,gpu_host,HOST_to_GPU,302592,428080.0851199842,428114.56191998423
42,fixed_manifest,20,1,host_fpga_pcie,FPGA_to_HOST,302592,428534.3935999841,428658.6815999841
42,fixed_manifest,20,2,gpu_host,HOST_to_GPU,302592,428658.6815999841,428693.1583999841
39,fixed_manifest,99,1,gpu_host,GPU_to_HOST,302592,428700.4643199841,428734.94111998414
39,fixed_manifest,99,2,host_fpga_pcie,HOST_to_FPGA,302592,428734.94111998414,428859.2291199841
39,fixed_manifest,100,1,host_fpga_pcie,FPGA_to_HOST,302592,429191.9766399841,429316.26463998406
39,fixed_manifest,100,2,gpu_host,HOST_to_GPU,302592,429316.26463998406,429350.74143998406
41,fixed_manifest,49,1,gpu_host,GPU_to_HOST,302592,429572.897919984,429607.374719984
41,fixed_manifest,49,2,host_fpga_pcie,HOST_to_FPGA,302592,429607.374719984,429731.66271998396
41,fixed_manifest,50,1,host_fpga_pcie,FPGA_to_HOST,302592,430064.410239984,430188.69823998393
41,fixed_manifest,50,2,gpu_host,HOST_to_GPU,302592,430188.69823998393,430223.175039984
40,fixed_manifest,79,1,gpu_host,GPU_to_HOST,302592,431169.68543998385,431204.16223998385
40,fixed_manifest,79,2,host_fpga_pcie,HOST_to_FPGA,302592,431204.16223998385,431328.45023998385
40,fixed_manifest,80,1,host_fpga_pcie,FPGA_to_HOST,302592,431661.1977599838,431785.4857599838
40,fixed_manifest,80,2,gpu_host,HOST_to_GPU,302592,431785.4857599838,431819.96255998383
42,fixed_manifest,29,1,gpu_host,GPU_to_HOST,302592,432448.15711998375,432482.63391998375
42,fixed_manifest,29,2,host_fpga_pcie,HOST_to_FPGA,302592,432482.63391998375,432606.92191998375
39,fixed_manifest,109,1,gpu_host,GPU_to_HOST,302592,432939.6694399837,432974.14623998373
42,fixed_manifest,30,1,host_fpga_pcie,FPGA_to_HOST,302592,432939.6694399837,433128.7686399837
39,fixed_manifest,109,2,host_fpga_pcie,HOST_to_FPGA,302592,432974.14623998373,433163.24543998373
42,fixed_manifest,30,2,gpu_host,HOST_to_GPU,302592,433128.7686399837,433163.24543998373
39,fixed_manifest,110,1,host_fpga_pcie,FPGA_to_HOST,302592,433495.99295998376,433620.2809599837
39,fixed_manifest,110,2,gpu_host,HOST_to_GPU,302592,433620.2809599837,433654.75775998377
41,fixed_manifest,59,1,gpu_host,GPU_to_HOST,302592,433821.58239998366,433856.05919998366
41,fixed_manifest,59,2,host_fpga_pcie,HOST_to_FPGA,302592,433856.05919998366,433980.3471999836
41,fixed_manifest,60,1,host_fpga_pcie,FPGA_to_HOST,302592,434313.09471998364,434502.19391998363
43,fixed_manifest,9,1,gpu_host,GPU_to_HOST,302592,434313.09471998364,434347.57151998364
43,fixed_manifest,9,2,host_fpga_pcie,HOST_to_FPGA,302592,434347.57151998364,434536.67071998364
41,fixed_manifest,60,2,gpu_host,HOST_to_GPU,302592,434502.19391998363,434536.67071998364
43,fixed_manifest,10,1,host_fpga_pcie,FPGA_to_HOST,302592,434869.4182399837,434993.7062399836
43,fixed_manifest,10,2,gpu_host,HOST_to_GPU,302592,434993.7062399836,435028.1830399836
40,fixed_manifest,89,1,gpu_host,GPU_to_HOST,302592,435140.5308799835,435175.0076799835
40,fixed_manifest,89,2,host_fpga_pcie,HOST_to_FPGA,302592,435175.0076799835,435299.2956799835
40,fixed_manifest,90,1,host_fpga_pcie,FPGA_to_HOST,302592,435632.0431999835,435756.3311999835
40,fixed_manifest,90,2,gpu_host,HOST_to_GPU,302592,435756.3311999835,435790.8079999835
42,fixed_manifest,39,1,gpu_host,GPU_to_HOST,302592,436165.2086399834,436199.6854399834
42,fixed_manifest,39,2,host_fpga_pcie,HOST_to_FPGA,302592,436199.6854399834,436323.9734399834
42,fixed_manifest,40,1,host_fpga_pcie,FPGA_to_HOST,302592,436656.72095998336,436781.00895998336
42,fixed_manifest,40,2,gpu_host,HOST_to_GPU,302592,436781.00895998336,436815.48575998336
39,fixed_manifest,119,1,gpu_host,GPU_to_HOST,302592,436978.81823998335,437013.29503998335
39,fixed_manifest,119,2,host_fpga_pcie,HOST_to_FPGA,302592,437013.29503998335,437137.58303998335
39,fixed_manifest,120,1,host_fpga_pcie,FPGA_to_HOST,302592,437470.3305599834,437594.6185599833
39,fixed_manifest,120,2,gpu_host,HOST_to_GPU,302592,437594.6185599833,437629.09535998333
41,fixed_manifest,69,1,gpu_host,GPU_to_HOST,302592,438021.84319998324,438056.31999998324
41,fixed_manifest,69,2,host_fpga_pcie,HOST_to_FPGA,302592,438056.31999998324,438180.6079999832
41,fixed_manifest,70,1,host_fpga_pcie,FPGA_to_HOST,302592,438513.3555199832,438702.4547199832
43,fixed_manifest,19,1,gpu_host,GPU_to_HOST,302592,438513.3555199832,438547.8323199832
43,fixed_manifest,19,2,host_fpga_pcie,HOST_to_FPGA,302592,438547.8323199832,438736.9315199832
41,fixed_manifest,70,2,gpu_host,HOST_to_GPU,302592,438702.4547199832,438736.9315199832
40,fixed_manifest,99,1,gpu_host,GPU_to_HOST,302592,439069.67903998325,439104.15583998326
43,fixed_manifest,20,1,host_fpga_pcie,FPGA_to_HOST,302592,439069.67903998325,439258.7782399832
40,fixed_manifest,99,2,host_fpga_pcie,HOST_to_FPGA,302592,439104.15583998326,439293.25503998325
43,fixed_manifest,20,2,gpu_host,HOST_to_GPU,302592,439258.7782399832,439293.25503998325
40,fixed_manifest,100,1,host_fpga_pcie,FPGA_to_HOST,302592,439626.00255998323,439815.1017599832
42,fixed_manifest,49,1,gpu_host,GPU_to_HOST,302592,439626.00255998323,439660.47935998323
42,fixed_manifest,49,2,host_fpga_pcie,HOST_to_FPGA,302592,439660.47935998323,439849.57855998323
40,fixed_manifest,100,2,gpu_host,HOST_to_GPU,302592,439815.1017599832,439849.57855998323
42,fixed_manifest,50,1,host_fpga_pcie,FPGA_to_HOST,302592,440182.32607998326,440306.6140799832
42,fixed_manifest,50,2,gpu_host,HOST_to_GPU,302592,440306.6140799832,440341.09087998327
41,fixed_manifest,79,1,gpu_host,GPU_to_HOST,302592,440746.8252799829,440781.3020799829
41,fixed_manifest,79,2,host_fpga_pcie,HOST_to_FPGA,302592,440781.3020799829,440905.5900799829
41,fixed_manifest,80,1,host_fpga_pcie,FPGA_to_HOST,302592,441238.33759998286,441362.62559998286
41,fixed_manifest,80,2,gpu_host,HOST_to_GPU,302592,441362.62559998286,441397.10239998286
43,fixed_manifest,29,1,gpu_host,GPU_to_HOST,302592,442504.72383998276,442539.20063998277
43,fixed_manifest,29,2,host_fpga_pcie,HOST_to_FPGA,302592,442539.20063998277,442663.4886399827
43,fixed_manifest,30,1,host_fpga_pcie,FPGA_to_HOST,302592,442996.23615998274,443120.5241599827
43,fixed_manifest,30,2,gpu_host,HOST_to_GPU,302592,443120.5241599827,443155.00095998275
40,fixed_manifest,109,1,gpu_host,GPU_to_HOST,302592,443815.5427199826,443850.0195199826
40,fixed_manifest,109,2,host_fpga_pcie,HOST_to_FPGA,302592,443850.0195199826,443974.3075199826
40,fixed_manifest,110,1,host_fpga_pcie,FPGA_to_HOST,302592,444307.05503998266,444496.1542399826
42,fixed_manifest,59,1,gpu_host,GPU_to_HOST,302592,444307.05503998266,444341.53183998266
42,fixed_manifest,59,2,host_fpga_pcie,HOST_to_FPGA,302592,444341.53183998266,444530.63103998266
40,fixed_manifest,110,2,gpu_host,HOST_to_GPU,302592,444496.1542399826,444530.63103998266
42,fixed_manifest,60,1,host_fpga_pcie,FPGA_to_HOST,302592,444863.37855998264,445052.47775998263
44,fixed_manifest,9,1,gpu_host,GPU_to_HOST,302592,444863.37855998264,444897.85535998264
44,fixed_manifest,9,2,host_fpga_pcie,HOST_to_FPGA,302592,444897.85535998264,445086.95455998264
42,fixed_manifest,60,2,gpu_host,HOST_to_GPU,302592,445052.47775998263,445086.95455998264
41,fixed_manifest,89,1,gpu_host,GPU_to_HOST,302592,445419.7020799827,445454.1788799827
44,fixed_manifest,10,1,host_fpga_pcie,FPGA_to_HOST,302592,445419.7020799827,445608.80127998267
41,fixed_manifest,89,2,host_fpga_pcie,HOST_to_FPGA,302592,445454.1788799827,445643.2780799827
44,fixed_manifest,10,2,gpu_host,HOST_to_GPU,302592,445608.80127998267,445643.2780799827
41,fixed_manifest,90,1,host_fpga_pcie,FPGA_to_HOST,302592,445976.02559998265,446165.12479998264
43,fixed_manifest,39,1,gpu_host,GPU_to_HOST,302592,445976.02559998265,446010.5023999827
43,fixed_manifest,39,2,host_fpga_pcie,HOST_to_FPGA,302592,446010.5023999827,446199.60159998265
41,fixed_manifest,90,2,gpu_host,HOST_to_GPU,302592,446165.12479998264,446199.60159998265
43,fixed_manifest,40,1,host_fpga_pcie,FPGA_to_HOST,302592,446532.3491199827,446656.6371199827
43,fixed_manifest,40,2,gpu_host,HOST_to_GPU,302592,446656.6371199827,446691.1139199827
40,fixed_manifest,119,1,gpu_host,GPU_to_HOST,302592,447013.2553599823,447047.7321599823
40,fixed_manifest,119,2,host_fpga_pcie,HOST_to_FPGA,302592,447047.7321599823,447172.0201599823
40,fixed_manifest,120,1,host_fpga_pcie,FPGA_to_HOST,302592,447504.7676799823,447629.0556799823
40,fixed_manifest,120,2,gpu_host,HOST_to_GPU,302592,447629.0556799823,447663.5324799823
42,fixed_manifest,69,1,gpu_host,GPU_to_HOST,302592,448193.9596799822,448228.4364799822
42,fixed_manifest,69,2,host_fpga_pcie,HOST_to_FPGA,302592,448228.4364799822,448352.7244799822
42,fixed_manifest,70,1,host_fpga_pcie,FPGA_to_HOST,302592,448685.4719999822,448809.7599999822
42,fixed_manifest,70,2,gpu_host,HOST_to_GPU,302592,448809.7599999822,448844.2367999822
44,fixed_manifest,19,1,gpu_host,GPU_to_HOST,302592,449007.5692799821,449042.0460799822
44,fixed_manifest,19,2,host_fpga_pcie,HOST_to_FPGA,302592,449042.0460799822,449166.33407998213
41,fixed_manifest,99,1,gpu_host,GPU_to_HOST,302592,449499.08159998216,449533.55839998217
44,fixed_manifest,20,1,host_fpga_pcie,FPGA_to_HOST,302592,449499.08159998216,449688.1807999821
41,fixed_manifest,99,2,host_fpga_pcie,HOST_to_FPGA,302592,449533.55839998217,449722.65759998217
44,fixed_manifest,20,2,gpu_host,HOST_to_GPU,302592,449688.1807999821,449722.65759998217
41,fixed_manifest,100,1,host_fpga_pcie,FPGA_to_HOST,302592,450055.40511998214,450244.50431998214
43,fixed_manifest,49,1,gpu_host,GPU_to_HOST,302592,450055.40511998214,450089.88191998214
43,fixed_manifest,49,2,host_fpga_pcie,HOST_to_FPGA,302592,450089.88191998214,450278.98111998214
41,fixed_manifest,100,2,gpu_host,HOST_to_GPU,302592,450244.50431998214,450278.98111998214
43,fixed_manifest,50,1,host_fpga_pcie,FPGA_to_HOST,302592,450611.7286399822,450736.0166399821
43,fixed_manifest,50,2,gpu_host,HOST_to_GPU,302592,450736.0166399821,450792.2012799824
42,fixed_manifest,79,1,gpu_host,GPU_to_HOST,302592,450740.7855999819,450796.9702399822
42,fixed_manifest,79,2,host_fpga_pcie,HOST_to_FPGA,302592,450796.9702399822,450921.2582399821
42,fixed_manifest,80,1,host_fpga_pcie,FPGA_to_HOST,302592,451254.00575998216,451378.2937599821
42,fixed_manifest,80,2,gpu_host,HOST_to_GPU,302592,451378.2937599821,451412.77055998216
44,fixed_manifest,29,1,gpu_host,GPU_to_HOST,302592,452851.2140799817,452885.6908799818
44,fixed_manifest,29,2,host_fpga_pcie,HOST_to_FPGA,302592,452885.6908799818,453009.97887998173
44,fixed_manifest,30,1,host_fpga_pcie,FPGA_to_HOST,302592,453342.72639998177,453467.0143999817
44,fixed_manifest,30,2,gpu_host,HOST_to_GPU,302592,453467.0143999817,453501.4911999817
45,fixed_manifest,9,1,gpu_host,GPU_to_HOST,302592,454162.03295998165,454196.50975998165
45,fixed_manifest,9,2,host_fpga_pcie,HOST_to_FPGA,302592,454196.50975998165,454320.79775998165
41,fixed_manifest,109,1,gpu_host,GPU_to_HOST,302592,454653.5452799816,454688.02207998163
45,fixed_manifest,10,1,host_fpga_pcie,FPGA_to_HOST,302592,454653.5452799816,454842.6444799816
41,fixed_manifest,109,2,host_fpga_pcie,HOST_to_FPGA,302592,454688.02207998163,454877.1212799816
45,fixed_manifest,10,2,gpu_host,HOST_to_GPU,302592,454842.6444799816,454877.1212799816
41,fixed_manifest,110,1,host_fpga_pcie,FPGA_to_HOST,302592,455209.86879998166,455398.96799998166
43,fixed_manifest,59,1,gpu_host,GPU_to_HOST,302592,455209.86879998166,455244.34559998167
43,fixed_manifest,59,2,host_fpga_pcie,HOST_to_FPGA,302592,455244.34559998167,455433.44479998166
41,fixed_manifest,110,2,gpu_host,HOST_to_GPU,302592,455398.96799998166,455433.44479998166
42,fixed_manifest,89,1,gpu_host,GPU_to_HOST,302592,455766.1923199817,455800.6691199817
43,fixed_manifest,60,1,host_fpga_pcie,FPGA_to_HOST,302592,455766.1923199817,455955.29151998163
42,fixed_manifest,89,2,host_fpga_pcie,HOST_to_FPGA,302592,455800.6691199817,455989.7683199817
43,fixed_manifest,60,2,gpu_host,HOST_to_GPU,302592,455955.29151998163,455989.7683199817
42,fixed_manifest,90,1,host_fpga_pcie,FPGA_to_HOST,302592,456322.5158399817,456511.61503998167
44,fixed_manifest,39,1,gpu_host,GPU_to_HOST,302592,456322.5158399817,456356.9926399817
44,fixed_manifest,39,2,host_fpga_pcie,HOST_to_FPGA,302592,456356.9926399817,456546.0918399817
42,fixed_manifest,90,2,gpu_host,HOST_to_GPU,302592,456511.61503998167,456546.0918399817
44,fixed_manifest,40,1,host_fpga_pcie,FPGA_to_HOST,302592,456878.8393599817,457067.9385599817
45,fixed_manifest,19,1,gpu_host,GPU_to_HOST,302592,456878.8393599817,456913.3161599817
45,fixed_manifest,19,2,host_fpga_pcie,HOST_to_FPGA,302592,456913.3161599817,457102.4153599817
44,fixed_manifest,40,2,gpu_host,HOST_to_GPU,302592,457067.9385599817,457102.4153599817
45,fixed_manifest,20,1,host_fpga_pcie,FPGA_to_HOST,302592,457435.1628799817,457559.4508799817
45,fixed_manifest,20,2,gpu_host,HOST_to_GPU,302592,457559.4508799817,457593.9276799817
41,fixed_manifest,119,1,gpu_host,GPU_to_HOST,302592,458035.67583998124,458070.15263998124
41,fixed_manifest,119,2,host_fpga_pcie,HOST_to_FPGA,302592,458070.15263998124,458194.44063998124
41,fixed_manifest,120,1,host_fpga_pcie,FPGA_to_HOST,302592,458527.1881599812,458651.4761599812
41,fixed_manifest,120,2,gpu_host,HOST_to_GPU,302592,458651.4761599812,458685.9529599812
43,fixed_manifest,69,1,gpu_host,GPU_to_HOST,302592,459216.38015998114,459250.85695998115
43,fixed_manifest,69,2,host_fpga_pcie,HOST_to_FPGA,302592,459250.85695998115,459375.1449599811
43,fixed_manifest,70,1,host_fpga_pcie,FPGA_to_HOST,302592,459707.8924799811,459832.18047998106
43,fixed_manifest,70,2,gpu_host,HOST_to_GPU,302592,459832.18047998106,459866.6572799811
42,fixed_manifest,99,1,gpu_host,GPU_to_HOST,302592,460029.98975998105,460064.46655998105
42,fixed_manifest,99,2,host_fpga_pcie,HOST_to_FPGA,302592,460064.46655998105,460188.75455998105
42,fixed_manifest,100,1,host_fpga_pcie,FPGA_to_HOST,302592,460521.50207998103,460710.601279981
44,fixed_manifest,49,1,gpu_host,GPU_to_HOST,302592,460521.50207998103,460555.9788799811
44,fixed_manifest,49,2,host_fpga_pcie,HOST_to_FPGA,302592,460555.9788799811,460745.07807998103
42,fixed_manifest,100,2,gpu_host,HOST_to_GPU,302592,460710.601279981,460745.07807998103
44,fixed_manifest,50,1,host_fpga_pcie,FPGA_to_HOST,302592,461077.82559998106,461266.92479998106
45,fixed_manifest,29,1,gpu_host,GPU_to_HOST,302592,461077.82559998106,461112.30239998107
45,fixed_manifest,29,2,host_fpga_pcie,HOST_to_FPGA,302592,461112.30239998107,461301.40159998107
44,fixed_manifest,50,2,gpu_host,HOST_to_GPU,302592,461266.92479998106,461301.40159998107
45,fixed_manifest,30,1,host_fpga_pcie,FPGA_to_HOST,302592,461634.1491199811,461758.43711998104
45,fixed_manifest,30,2,gpu_host,HOST_to_GPU,302592,461758.43711998104,461792.91391998105
43,fixed_manifest,79,1,gpu_host,GPU_to_HOST,302592,462751.1894399807,462785.6662399807
43,fixed_manifest,79,2,host_fpga_pcie,HOST_to_FPGA,302592,462785.6662399807,462909.9542399807
43,fixed_manifest,80,1,host_fpga_pcie,FPGA_to_HOST,302592,463242.7017599807,463366.9897599807
43,fixed_manifest,80,2,gpu_host,HOST_to_GPU,302592,463366.9897599807,463401.4665599807
46,fixed_manifest,9,1,gpu_host,GPU_to_HOST,302592,464007.53151998064,464042.00831998064
46,fixed_manifest,9,2,host_fpga_pcie,HOST_to_FPGA,302592,464042.00831998064,464166.29631998064
42,fixed_manifest,109,1,gpu_host,GPU_to_HOST,302592,464499.0438399806,464533.5206399807
46,fixed_manifest,10,1,host_fpga_pcie,FPGA_to_HOST,302592,464499.0438399806,464688.1430399806
42,fixed_manifest,109,2,host_fpga_pcie,HOST_to_FPGA,302592,464533.5206399807,464722.6198399806
46,fixed_manifest,10,2,gpu_host,HOST_to_GPU,302592,464688.1430399806,464722.6198399806
42,fixed_manifest,110,1,host_fpga_pcie,FPGA_to_HOST,302592,465055.36735998065,465244.46655998065
44,fixed_manifest,59,1,gpu_host,GPU_to_HOST,302592,465055.36735998065,465089.84415998065
44,fixed_manifest,59,2,host_fpga_pcie,HOST_to_FPGA,302592,465089.84415998065,465278.94335998065
42,fixed_manifest,110,2,gpu_host,HOST_to_GPU,302592,465244.46655998065,465278.94335998065
44,fixed_manifest,60,1,host_fpga_pcie,FPGA_to_HOST,302592,465611.6908799807,465800.7900799807
45,fixed_manifest,39,1,gpu_host,GPU_to_HOST,302592,465611.6908799807,465646.1676799807
45,fixed_manifest,39,2,host_fpga_pcie,HOST_to_FPGA,302592,465646.1676799807,465835.2668799807
44,fixed_manifest,60,2,gpu_host,HOST_to_GPU,302592,465800.7900799807,465835.2668799807
43,fixed_manifest,89,1,gpu_host,GPU_to_HOST,302592,466168.01439998066,466202.4911999807
45,fixed_manifest,40,1,host_fpga_pcie,FPGA_to_HOST,302592,466168.01439998066,466357.11359998066
43,fixed_manifest,89,2,host_fpga_pcie,HOST_to_FPGA,302592,466202.4911999807,466391.59039998066
45,fixed_manifest,40,2,gpu_host,HOST_to_GPU,302592,466357.11359998066,466391.59039998066
43,fixed_manifest,90,1,host_fpga_pcie,FPGA_to_HOST,302592,466724.3379199807,466848.62591998064
43,fixed_manifest,90,2,gpu_host,HOST_to_GPU,302592,466848.62591998064,466883.1027199807
46,fixed_manifest,19,1,gpu_host,GPU_to_HOST,302592,467568.5564799803,467603.0332799803
46,fixed_manifest,19,2,host_fpga_pcie,HOST_to_FPGA,302592,467603.0332799803,467727.3212799803
46,fixed_manifest,20,1,host_fpga_pcie,FPGA_to_HOST,302592,468060.0687999803,468184.3567999803
46,fixed_manifest,20,2,gpu_host,HOST_to_GPU,302592,468184.3567999803,468218.8335999803
42,fixed_manifest,119,1,gpu_host,GPU_to_HOST,302592,469035.9667199802,469070.4435199802
42,fixed_manifest,119,2,host_fpga_pcie,HOST_to_FPGA,302592,469070.4435199802,469194.7315199801
42,fixed_manifest,120,1,host_fpga_pcie,FPGA_to_HOST,302592,469527.47903998016,469716.57823998015
44,fixed_manifest,69,1,gpu_host,GPU_to_HOST,302592,469527.47903998016,469561.95583998016
44,fixed_manifest,69,2,host_fpga_pcie,HOST_to_FPGA,302592,469561.95583998016,469751.05503998016
42,fixed_manifest,120,2,gpu_host,HOST_to_GPU,302592,469716.57823998015,469751.05503998016
44,fixed_manifest,70,1,host_fpga_pcie,FPGA_to_HOST,302592,470083.8025599802,470208.09055998013
44,fixed_manifest,70,2,gpu_host,HOST_to_GPU,302592,470208.09055998013,470242.56735998014
45,fixed_manifest,49,1,gpu_host,GPU_to_HOST,302592,470368.17791998,470402.65471998
45,fixed_manifest,49,2,host_fpga_pcie,HOST_to_FPGA,302592,470402.65471998,470526.94271998
43,fixed_manifest,99,1,gpu_host,GPU_to_HOST,302592,470859.69023998006,470894.16703998006
45,fixed_manifest,50,1,host_fpga_pcie,FPGA_to_HOST,302592,470859.69023998006,471048.78943998
43,fixed_manifest,99,2,host_fpga_pcie,HOST_to_FPGA,302592,470894.16703998006,471083.26623998006
45,fixed_manifest,50,2,gpu_host,HOST_to_GPU,302592,471048.78943998,471083.26623998006
43,fixed_manifest,100,1,host_fpga_pcie,FPGA_to_HOST,302592,471416.01375998004,471605.11295998003
46,fixed_manifest,29,1,gpu_host,GPU_to_HOST,302592,471416.01375998004,471450.49055998004
46,fixed_manifest,29,2,host_fpga_pcie,HOST_to_FPGA,302592,471450.49055998004,471639.58975998004
43,fixed_manifest,100,2,gpu_host,HOST_to_GPU,302592,471605.11295998003,471639.58975998004
46,fixed_manifest,30,1,host_fpga_pcie,FPGA_to_HOST,302592,471972.33727998007,472096.62527998
46,fixed_manifest,30,2,gpu_host,HOST_to_GPU,302592,472096.62527998,472131.1020799801
44,fixed_manifest,79,1,gpu_host,GPU_to_HOST,302592,473402.7327999797,473437.2095999797
44,fixed_manifest,79,2,host_fpga_pcie,HOST_to_FPGA,302592,473437.2095999797,473561.4975999797
44,fixed_manifest,80,1,host_fpga_pcie,FPGA_to_HOST,302592,473894.24511997966,474083.34431997966
47,fixed_manifest,9,1,gpu_host,GPU_to_HOST,302592,473894.24511997966,473928.7219199797
47,fixed_manifest,9,2,host_fpga_pcie,HOST_to_FPGA,302592,473928.7219199797,474117.82111997966
44,fixed_manifest,80,2,gpu_host,HOST_to_GPU,302592,474083.34431997966,474117.82111997966
47,fixed_manifest,10,1,host_fpga_pcie,FPGA_to_HOST,302592,474450.5686399797,474574.8566399797
45,fixed_manifest,59,1,gpu_host,GPU_to_HOST,302592,474565.08991997957,474616.2767999795
47,fixed_manifest,10,2,gpu_host,HOST_to_GPU,302592,474574.8566399797,474626.04351997963
45,fixed_manifest,59,2,host_fpga_pcie,HOST_to_FPGA,302592,474616.2767999795,474740.5647999795
43,fixed_manifest,109,1,gpu_host,GPU_to_HOST,302592,475073.31231997954,475107.78911997954
45,fixed_manifest,60,1,host_fpga_pcie,FPGA_to_HOST,302592,475073.31231997954,475262.4115199795
43,fixed_manifest,109,2,host_fpga_pcie,HOST_to_FPGA,302592,475107.78911997954,475296.88831997954
45,fixed_manifest,60,2,gpu_host,HOST_to_GPU,302592,475262.4115199795,475296.88831997954
43,fixed_manifest,110,1,host_fpga_pcie,FPGA_to_HOST,302592,475629.6358399795,475818.7350399795
46,fixed_manifest,39,1,gpu_host,GPU_to_HOST,302592,475629.6358399795,475664.1126399795
46,fixed_manifest,39,2,host_fpga_pcie,HOST_to_FPGA,302592,475664.1126399795,475853.2118399795
43,fixed_manifest,110,2,gpu_host,HOST_to_GPU,302592,475818.7350399795,475853.2118399795
46,fixed_manifest,40,1,host_fpga_pcie,FPGA_to_HOST,302592,476185.95935997955,476310.2473599795
46,fixed_manifest,40,2,gpu_host,HOST_to_GPU,302592,476310.2473599795,476344.72415997955
44,fixed_manifest,89,1,gpu_host,GPU_to_HOST,302592,476752.6895999794,476787.1663999794
44,fixed_manifest,89,2,host_fpga_pcie,HOST_to_FPGA,302592,476787.1663999794,476911.4543999793
44,fixed_manifest,90,1,host_fpga_pcie,FPGA_to_HOST,302592,477244.20191997936,477368.4899199793
44,fixed_manifest,90,2,gpu_host,HOST_to_GPU,302592,477368.4899199793,477402.96671997936
47,fixed_manifest,19,1,gpu_host,GPU_to_HOST,302592,477933.3939199792,477967.8707199793
47,fixed_manifest,19,2,host_fpga_pcie,HOST_to_FPGA,302592,477967.8707199793,478092.1587199792
47,fixed_manifest,20,1,host_fpga_pcie,FPGA_to_HOST,302592,478424.90623997926,478549.1942399792
47,fixed_manifest,20,2,gpu_host,HOST_to_GPU,302592,478549.1942399792,478583.6710399792
45,fixed_manifest,69,1,gpu_host,GPU_to_HOST,302592,478747.0035199792,478781.4803199792
45,fixed_manifest,69,2,host_fpga_pcie,HOST_to_FPGA,302592,478781.4803199792,478905.76831997914
45,fixed_manifest,70,1,host_fpga_pcie,FPGA_to_HOST,302592,479238.51583997917,479362.80383997917
45,fixed_manifest,70,2,gpu_host,HOST_to_GPU,302592,479362.80383997917,479397.2806399792
43,fixed_manifest,119,1,gpu_host,GPU_to_HOST,302592,479556.83071997913,479591.30751997913
43,fixed_manifest,119,2,host_fpga_pcie,HOST_to_FPGA,302592,479591.30751997913,479715.59551997914
43,fixed_manifest,120,1,host_fpga_pcie,FPGA_to_HOST,302592,480048.3430399791,480172.6310399791
43,fixed_manifest,120,2,gpu_host,HOST_to_GPU,302592,480172.6310399791,480207.1078399791
46,fixed_manifest,49,1,gpu_host,GPU_to_HOST,302592,480232.76095997903,480267.23775997903
46,fixed_manifest,49,2,host_fpga_pcie,HOST_to_FPGA,302592,480267.23775997903,480391.52575997903
46,fixed_manifest,50,1,host_fpga_pcie,FPGA_to_HOST,302592,480724.273279979,480848.561279979
46,fixed_manifest,50,2,gpu_host,HOST_to_GPU,302592,480848.561279979,480883.038079979
44,fixed_manifest,99,1,gpu_host,GPU_to_HOST,302592,481063.98047997896,481098.45727997896
44,fixed_manifest,99,2,host_fpga_pcie,HOST_to_FPGA,302592,481098.45727997896,481222.74527997896
44,fixed_manifest,100,1,host_fpga_pcie,FPGA_to_HOST,302592,481555.49279997894,481679.78079997894
44,fixed_manifest,100,2,gpu_host,HOST_to_GPU,302592,481679.78079997894,481714.25759997894
47,fixed_manifest,29,1,gpu_host,GPU_to_HOST,302592,482125.78623997874,482160.2630399788
47,fixed_manifest,29,2,host_fpga_pcie,HOST_to_FPGA,302592,482160.2630399788,482284.55103997875
47,fixed_manifest,30,1,host_fpga_pcie,FPGA_to_HOST,302592,482617.2985599788,482741.5865599787
47,fixed_manifest,30,2,gpu_host,HOST_to_GPU,302592,482741.5865599787,482776.0633599787
45,fixed_manifest,79,1,gpu_host,GPU_to_HOST,302592,482939.39583997877,482973.87263997877
45,fixed_manifest,79,2,host_fpga_pcie,HOST_to_FPGA,302592,482973.87263997877,483098.1606399787
45,fixed_manifest,80,1,host_fpga_pcie,FPGA_to_HOST,302592,483430.90815997875,483555.19615997875
45,fixed_manifest,80,2,gpu_host,HOST_to_GPU,302592,483555.19615997875,483589.67295997875
48,fixed_manifest,9,1,gpu_host,GPU_to_HOST,302592,483982.4207999786,484016.8975999786
48,fixed_manifest,9,2,host_fpga_pcie,HOST_to_FPGA,302592,484016.8975999786,484141.1855999786
46,fixed_manifest,59,1,gpu_host,GPU_to_HOST,302592,484473.9331199786,484508.40991997864
48,fixed_manifest,10,1,host_fpga_pcie,FPGA_to_HOST,302592,484473.9331199786,484663.0323199786
46,fixed_manifest,59,2,host_fpga_pcie,HOST_to_FPGA,302592,484508.40991997864,484697.5091199786
48,fixed_manifest,10,2,gpu_host,HOST_to_GPU,302592,484663.0323199786,484697.5091199786
46,fixed_manifest,60,1,host_fpga_pcie,FPGA_to_HOST,302592,485030.2566399786,485154.5446399786
46,fixed_manifest,60,2,gpu_host,HOST_to_GPU,302592,485154.5446399786,485189.0214399786
44,fixed_manifest,109,1,gpu_host,GPU_to_HOST,302592,485605.8575999785,485640.3343999785
44,fixed_manifest,109,2,host_fpga_pcie,HOST_to_FPGA,302592,485640.3343999785,485764.62239997846
44,fixed_manifest,110,1,host_fpga_pcie,FPGA_to_HOST,302592,486097.3699199785,486221.65791997843
44,fixed_manifest,110,2,gpu_host,HOST_to_GPU,302592,486221.65791997843,486256.1347199785
47,fixed_manifest,39,1,gpu_host,GPU_to_HOST,302592,486285.5702399784,486320.0470399784
47,fixed_manifest,39,2,host_fpga_pcie,HOST_to_FPGA,302592,486320.0470399784,486444.3350399784
47,fixed_manifest,40,1,host_fpga_pcie,FPGA_to_HOST,302592,486777.08255997836,486901.37055997836
47,fixed_manifest,40,2,gpu_host,HOST_to_GPU,302592,486901.37055997836,486935.84735997836
45,fixed_manifest,89,1,gpu_host,GPU_to_HOST,302592,487099.17983997834,487133.65663997835
45,fixed_manifest,89,2,host_fpga_pcie,HOST_to_FPGA,302592,487133.65663997835,487257.94463997835
45,fixed_manifest,90,1,host_fpga_pcie,FPGA_to_HOST,302592,487590.6921599784,487714.9801599783
45,fixed_manifest,90,2,gpu_host,HOST_to_GPU,302592,487714.9801599783,487749.4569599783
48,fixed_manifest,19,1,gpu_host,GPU_to_HOST,302592,488142.20479997824,488176.68159997824
48,fixed_manifest,19,2,host_fpga_pcie,HOST_to_FPGA,302592,488176.68159997824,488300.9695999782
46,fixed_manifest,69,1,gpu_host,GPU_to_HOST,302592,488633.7171199782,488668.1939199782
48,fixed_manifest,20,1,host_fpga_pcie,FPGA_to_HOST,302592,488633.7171199782,488822.8163199782
46,fixed_manifest,69,2,host_fpga_pcie,HOST_to_FPGA,302592,488668.1939199782,488857.2931199782
48,fixed_manifest,20,2,gpu_host,HOST_to_GPU,302592,488822.8163199782,488857.2931199782
46,fixed_manifest,70,1,host_fpga_pcie,FPGA_to_HOST,302592,489190.04063997825,489314.3286399782
46,fixed_manifest,70,2,gpu_host,HOST_to_GPU,302592,489314.3286399782,489348.8054399782
44,fixed_manifest,119,1,gpu_host,GPU_to_HOST,302592,489765.6415999781,489800.1183999781
44,fixed_manifest,119,2,host_fpga_pcie,HOST_to_FPGA,302592,489800.1183999781,489924.4063999781
44,fixed_manifest,120,1,host_fpga_pcie,FPGA_to_HOST,302592,490257.15391997807,490381.44191997807
44,fixed_manifest,120,2,gpu_host,HOST_to_GPU,302592,490381.44191997807,490415.9187199781
47,fixed_manifest,49,1,gpu_host,GPU_to_HOST,302592,490445.35423997795,490479.831039978
47,fixed_manifest,49,2,host_fpga_pcie,HOST_to_FPGA,302592,490479.831039978,490604.11903997796
47,fixed_manifest,50,1,host_fpga_pcie,FPGA_to_HOST,302592,490936.866559978,491061.15455997793
47,fixed_manifest,50,2,gpu_host,HOST_to_GPU,302592,491061.15455997793,491095.631359978
45,fixed_manifest,99,1,gpu_host,GPU_to_HOST,302592,491410.470719978,491444.947519978
45,fixed_manifest,99,2,host_fpga_pcie,HOST_to_FPGA,302592,491444.947519978,491569.2355199779
45,fixed_manifest,100,1,host_fpga_pcie,FPGA_to_HOST,302592,491901.98303997796,492026.2710399779
45,fixed_manifest,100,2,gpu_host,HOST_to_GPU,302592,492026.2710399779,492060.74783997796
48,fixed_manifest,29,1,gpu_host,GPU_to_HOST,302592,492777.3295999777,492811.8063999777
48,fixed_manifest,29,2,host_fpga_pcie,HOST_to_FPGA,302592,492811.8063999777,492936.0943999777
46,fixed_manifest,79,1,gpu_host,GPU_to_HOST,302592,493268.84191997774,493303.31871997775
48,fixed_manifest,30,1,host_fpga_pcie,FPGA_to_HOST,302592,493268.84191997774,493457.9411199777
46,fixed_manifest,79,2,host_fpga_pcie,HOST_to_FPGA,302592,493303.31871997775,493492.41791997774
48,fixed_manifest,30,2,gpu_host,HOST_to_GPU,302592,493457.9411199777,493492.41791997774
46,fixed_manifest,80,1,host_fpga_pcie,FPGA_to_HOST,302592,493825.1654399777,493949.4534399777
46,fixed_manifest,80,2,gpu_host,HOST_to_GPU,302592,493949.4534399777,493983.9302399777
49,fixed_manifest,9,1,gpu_host,GPU_to_HOST,302592,494132.40767997765,494166.88447997766
49,fixed_manifest,9,2,host_fpga_pcie,HOST_to_FPGA,302592,494166.88447997766,494291.1724799776
47,fixed_manifest,59,1,gpu_host,GPU_to_HOST,302592,494623.91999997763,494658.39679997764
49,fixed_manifest,10,1,host_fpga_pcie,FPGA_to_HOST,302592,494623.91999997763,494813.0191999776
47,fixed_manifest,59,2,host_fpga_pcie,HOST_to_FPGA,302592,494658.39679997764,494847.49599997763
49,fixed_manifest,10,2,gpu_host,HOST_to_GPU,302592,494813.0191999776,494847.49599997763
47,fixed_manifest,60,1,host_fpga_pcie,FPGA_to_HOST,302592,495180.2435199776,495304.5315199776
47,fixed_manifest,60,2,gpu_host,HOST_to_GPU,302592,495304.5315199776,495339.0083199776
45,fixed_manifest,109,1,gpu_host,GPU_to_HOST,302592,495451.3561599775,495485.8329599775
45,fixed_manifest,109,2,host_fpga_pcie,HOST_to_FPGA,302592,495485.8329599775,495610.12095997744
45,fixed_manifest,110,1,host_fpga_pcie,FPGA_to_HOST,302592,495942.8684799775,496067.1564799775
45,fixed_manifest,110,2,gpu_host,HOST_to_GPU,302592,496067.1564799775,496101.6332799775
48,fixed_manifest,39,1,gpu_host,GPU_to_HOST,302592,496476.0339199774,496510.5107199774
48,fixed_manifest,39,2,host_fpga_pcie,HOST_to_FPGA,302592,496510.5107199774,496634.7987199773
48,fixed_manifest,40,1,host_fpga_pcie,FPGA_to_HOST,302592,496967.54623997735,497091.83423997735
48,fixed_manifest,40,2,gpu_host,HOST_to_GPU,302592,497091.83423997735,497126.31103997736
46,fixed_manifest,89,1,gpu_host,GPU_to_HOST,302592,497289.64351997734,497324.12031997734
46,fixed_manifest,89,2,host_fpga_pcie,HOST_to_FPGA,302592,497324.12031997734,497448.40831997734
46,fixed_manifest,90,1,host_fpga_pcie,FPGA_to_HOST,302592,497781.1558399773,497905.4438399773
46,fixed_manifest,90,2,gpu_host,HOST_to_GPU,302592,497905.4438399773,497939.9206399773
49,fixed_manifest,19,1,gpu_host,GPU_to_HOST,302592,498332.6684799772,498367.14527997724
49,fixed_manifest,19,2,host_fpga_pcie,HOST_to_FPGA,302592,498367.14527997724,498491.4332799772
47,fixed_manifest,69,1,gpu_host,GPU_to_HOST,302592,498824.1807999772,498858.6575999772
49,fixed_manifest,20,1,host_fpga_pcie,FPGA_to_HOST,302592,498824.1807999772,499013.2799999772
47,fixed_manifest,69,2,host_fpga_pcie,HOST_to_FPGA,302592,498858.6575999772,499047.7567999772
49,fixed_manifest,20,2,gpu_host,HOST_to_GPU,302592,499013.2799999772,499047.7567999772
47,fixed_manifest,70,1,host_fpga_pcie,FPGA_to_HOST,302592,499380.5043199772,499504.7923199772
47,fixed_manifest,70,2,gpu_host,HOST_to_GPU,302592,499504.7923199772,499539.2691199772
45,fixed_manifest,119,1,gpu_host,GPU_to_HOST,302592,499956.1052799771,499990.5820799771
45,fixed_manifest,119,2,host_fpga_pcie,HOST_to_FPGA,302592,499990.5820799771,500114.87007997715
45,fixed_manifest,120,1,host_fpga_pcie,FPGA_to_HOST,302592,500447.6175999771,500571.90559997724
45,fixed_manifest,120,2,gpu_host,HOST_to_GPU,302592,500571.90559997724,500606.38239997724
48,fixed_manifest,49,1,gpu_host,GPU_to_HOST,302592,500635.8179199771,500670.29471997713
48,fixed_manifest,49,2,host_fpga_pcie,HOST_to_FPGA,302592,500670.29471997713,500794.58271997725
48,fixed_manifest,50,1,host_fpga_pcie,FPGA_to_HOST,302592,501127.3302399772,501251.61823997734
48,fixed_manifest,50,2,gpu_host,HOST_to_GPU,302592,501251.61823997734,501286.09503997734
46,fixed_manifest,99,1,gpu_host,GPU_to_HOST,302592,501619.28159997734,501653.7583999774
46,fixed_manifest,99,2,host_fpga_pcie,HOST_to_FPGA,302592,501653.7583999774,501778.04639997747
46,fixed_manifest,100,1,host_fpga_pcie,FPGA_to_HOST,302592,502110.7939199775,502235.08191997756
46,fixed_manifest,100,2,gpu_host,HOST_to_GPU,302592,502235.08191997756,502269.55871997756
49,fixed_manifest,29,1,gpu_host,GPU_to_HOST,302592,502967.79327997786,503002.27007997787
49,fixed_manifest,29,2,host_fpga_pcie,HOST_to_FPGA,302592,503002.27007997787,503126.558079978
47,fixed_manifest,79,1,gpu_host,GPU_to_HOST,302592,503459.30559997796,503493.782399978
49,fixed_manifest,30,1,host_fpga_pcie,FPGA_to_HOST,302592,503459.30559997796,503648.40479997796
47,fixed_manifest,79,2,host_fpga_pcie,HOST_to_FPGA,302592,503493.782399978,503682.88159997796
49,fixed_manifest,30,2,gpu_host,HOST_to_GPU,302592,503648.40479997796,503682.88159997796
47,fixed_manifest,80,1,host_fpga_pcie,FPGA_to_HOST,302592,504015.629119978,504139.91711997805
47,fixed_manifest,80,2,gpu_host,HOST_to_GPU,302592,504139.91711997805,504174.3939199781
50,fixed_manifest,9,1,gpu_host,GPU_to_HOST,302592,504322.87135997834,504357.34815997834
50,fixed_manifest,9,2,host_fpga_pcie,HOST_to_FPGA,302592,504357.34815997834,504481.63615997846
48,fixed_manifest,59,1,gpu_host,GPU_to_HOST,302592,504814.38367997843,504848.86047997844
50,fixed_manifest,10,1,host_fpga_pcie,FPGA_to_HOST,302592,504814.38367997843,505003.48287997843
48,fixed_manifest,59,2,host_fpga_pcie,HOST_to_FPGA,302592,504848.86047997844,505037.95967997843
50,fixed_manifest,10,2,gpu_host,HOST_to_GPU,302592,505003.48287997843,505037.95967997843
48,fixed_manifest,60,1,host_fpga_pcie,FPGA_to_HOST,302592,505370.70719997847,505494.9951999785
48,fixed_manifest,60,2,gpu_host,HOST_to_GPU,302592,505494.9951999785,505529.47199997853
46,fixed_manifest,109,1,gpu_host,GPU_to_HOST,302592,505641.8198399787,505676.2966399787
46,fixed_manifest,109,2,host_fpga_pcie,HOST_to_FPGA,302592,505676.2966399787,505800.58463997877
46,fixed_manifest,110,1,host_fpga_pcie,FPGA_to_HOST,302592,506133.3321599788,506257.62015997886
46,fixed_manifest,110,2,gpu_host,HOST_to_GPU,302592,506257.62015997886,506292.0969599789
49,fixed_manifest,39,1,gpu_host,GPU_to_HOST,302592,506666.49759997905,506700.97439997905
49,fixed_manifest,39,2,host_fpga_pcie,HOST_to_FPGA,302592,506700.97439997905,506825.26239997917
49,fixed_manifest,40,1,host_fpga_pcie,FPGA_to_HOST,302592,507158.00991997914,507282.29791997926
49,fixed_manifest,40,2,gpu_host,HOST_to_GPU,302592,507282.29791997926,507316.77471997926
47,fixed_manifest,89,1,gpu_host,GPU_to_HOST,302592,507480.10719997925,507514.5839999793
47,fixed_manifest,89,2,host_fpga_pcie,HOST_to_FPGA,302592,507514.5839999793,507638.87199997937
47,fixed_manifest,90,1,host_fpga_pcie,FPGA_to_HOST,302592,507971.6195199794,508095.90751997946
47,fixed_manifest,90,2,gpu_host,HOST_to_GPU,302592,508095.90751997946,508130.38431997946
50,fixed_manifest,19,1,gpu_host,GPU_to_HOST,302592,508523.13215997966,508557.6089599797
50,fixed_manifest,19,2,host_fpga_pcie,HOST_to_FPGA,302592,508557.6089599797,508681.8969599798
48,fixed_manifest,69,1,gpu_host,GPU_to_HOST,302592,509014.6444799798,509049.1212799798
50,fixed_manifest,20,1,host_fpga_pcie,FPGA_to_HOST,302592,509014.6444799798,509203.74367997976
48,fixed_manifest,69,2,host_fpga_pcie,HOST_to_FPGA,302592,509049.1212799798,509238.2204799798
50,fixed_manifest,20,2,gpu_host,HOST_to_GPU,302592,509203.74367997976,509238.2204799798
48,fixed_manifest,70,1,host_fpga_pcie,FPGA_to_HOST,302592,509570.9679999798,509695.2559999799
48,fixed_manifest,70,2,gpu_host,HOST_to_GPU,302592,509695.2559999799,509729.7327999799
46,fixed_manifest,119,1,gpu_host,GPU_to_HOST,302592,510146.5689599801,510181.04575998016
46,fixed_manifest,119,2,host_fpga_pcie,HOST_to_FPGA,302592,510181.04575998016,510305.3337599802
46,fixed_manifest,120,1,host_fpga_pcie,FPGA_to_HOST,302592,510638.08127998025,510762.3692799803
46,fixed_manifest,120,2,gpu_host,HOST_to_GPU,302592,510762.3692799803,510796.8460799803
49,fixed_manifest,49,1,gpu_host,GPU_to_HOST,302592,510977.7884799803,511012.2652799803
49,fixed_manifest,49,2,host_fpga_pcie,HOST_to_FPGA,302592,511012.2652799803,511136.55327998044
49,fixed_manifest,50,1,host_fpga_pcie,FPGA_to_HOST,302592,511469.3007999804,511593.5887999805
49,fixed_manifest,50,2,gpu_host,HOST_to_GPU,302592,511593.5887999805,511628.06559998053
47,fixed_manifest,99,1,gpu_host,GPU_to_HOST,302592,511831.87487998063,511866.35167998064
47,fixed_manifest,99,2,host_fpga_pcie,HOST_to_FPGA,302592,511866.35167998064,511990.6396799807
47,fixed_manifest,100,1,host_fpga_pcie,FPGA_to_HOST,302592,512323.38719998073,512447.6751999808
47,fixed_manifest,100,2,gpu_host,HOST_to_GPU,302592,512447.6751999808,512482.1519999808
50,fixed_manifest,29,1,gpu_host,GPU_to_HOST,302592,513332.63071998116,513367.10751998116
50,fixed_manifest,29,2,host_fpga_pcie,HOST_to_FPGA,302592,513367.10751998116,513491.3955199812
48,fixed_manifest,79,1,gpu_host,GPU_to_HOST,302592,513824.14303998125,513858.61983998126
50,fixed_manifest,30,1,host_fpga_pcie,FPGA_to_HOST,302592,513824.14303998125,514013.24223998125
48,fixed_manifest,79,2,host_fpga_pcie,HOST_to_FPGA,302592,513858.61983998126,514047.71903998125
50,fixed_manifest,30,2,gpu_host,HOST_to_GPU,302592,514013.24223998125,514047.71903998125
48,fixed_manifest,80,1,host_fpga_pcie,FPGA_to_HOST,302592,514380.4665599813,514504.75455998135
51,fixed_manifest,9,1,gpu_host,GPU_to_HOST,302592,514494.9878399815,514546.1747199817
48,fixed_manifest,80,2,gpu_host,HOST_to_GPU,302592,514504.75455998135,514555.9414399815
51,fixed_manifest,9,2,host_fpga_pcie,HOST_to_FPGA,302592,514546.1747199817,514670.46271998173
49,fixed_manifest,59,1,gpu_host,GPU_to_HOST,302592,515003.21023998177,515037.68703998177
51,fixed_manifest,10,1,host_fpga_pcie,FPGA_to_HOST,302592,515003.21023998177,515192.3094399817
49,fixed_manifest,59,2,host_fpga_pcie,HOST_to_FPGA,302592,515037.68703998177,515226.78623998177
51,fixed_manifest,10,2,gpu_host,HOST_to_GPU,302592,515192.3094399817,515226.78623998177
47,fixed_manifest,109,1,gpu_host,GPU_to_HOST,302592,515559.53375998174,515594.01055998175
49,fixed_manifest,60,1,host_fpga_pcie,FPGA_to_HOST,302592,515559.53375998174,515748.63295998174
47,fixed_manifest,109,2,host_fpga_pcie,HOST_to_FPGA,302592,515594.01055998175,515783.10975998174
49,fixed_manifest,60,2,gpu_host,HOST_to_GPU,302592,515748.63295998174,515783.10975998174
47,fixed_manifest,110,1,host_fpga_pcie,FPGA_to_HOST,302592,516115.8572799818,516240.14527998184
47,fixed_manifest,110,2,gpu_host,HOST_to_GPU,302592,516240.14527998184,516274.6220799819
50,fixed_manifest,39,1,gpu_host,GPU_to_HOST,302592,516682.5875199822,516717.0643199822
50,fixed_manifest,39,2,host_fpga_pcie,HOST_to_FPGA,302592,516717.0643199822,516841.3523199823
50,fixed_manifest,40,1,host_fpga_pcie,FPGA_to_HOST,302592,517174.0998399823,517298.3878399824
50,fixed_manifest,40,2,gpu_host,HOST_to_GPU,302592,517298.3878399824,517332.8646399824
48,fixed_manifest,89,1,gpu_host,GPU_to_HOST,302592,517863.2918399826,517897.7686399826
48,fixed_manifest,89,2,host_fpga_pcie,HOST_to_FPGA,302592,517897.7686399826,518022.0566399827
48,fixed_manifest,90,1,host_fpga_pcie,FPGA_to_HOST,302592,518354.8041599827,518479.09215998277
48,fixed_manifest,90,2,gpu_host,HOST_to_GPU,302592,518479.09215998277,518513.5689599828
51,fixed_manifest,19,1,gpu_host,GPU_to_HOST,302592,518676.9014399828,518711.3782399828
51,fixed_manifest,19,2,host_fpga_pcie,HOST_to_FPGA,302592,518711.3782399828,518835.6662399829
51,fixed_manifest,20,1,host_fpga_pcie,FPGA_to_HOST,302592,519168.4137599829,519292.70175998297
51,fixed_manifest,20,2,gpu_host,HOST_to_GPU,302592,519292.70175998297,519327.17855998303
49,fixed_manifest,69,1,gpu_host,GPU_to_HOST,302592,519486.72863998305,519521.20543998305
49,fixed_manifest,69,2,host_fpga_pcie,HOST_to_FPGA,302592,519521.20543998305,519645.4934399831
49,fixed_manifest,70,1,host_fpga_pcie,FPGA_to_HOST,302592,519978.24095998314,520102.5289599832
49,fixed_manifest,70,2,gpu_host,HOST_to_GPU,302592,520102.5289599832,520137.0057599832
47,fixed_manifest,119,1,gpu_host,GPU_to_HOST,302592,520162.65887998324,520197.13567998324
47,fixed_manifest,119,2,host_fpga_pcie,HOST_to_FPGA,302592,520197.13567998324,520321.42367998336
47,fixed_manifest,120,1,host_fpga_pcie,FPGA_to_HOST,302592,520654.17119998334,520778.45919998345
47,fixed_manifest,120,2,gpu_host,HOST_to_GPU,302592,520778.45919998345,520812.93599998346
50,fixed_manifest,49,1,gpu_host,GPU_to_HOST,302592,520993.87839998346,521028.35519998346
50,fixed_manifest,49,2,host_fpga_pcie,HOST_to_FPGA,302592,521028.35519998346,521152.6431999836
50,fixed_manifest,50,1,host_fpga_pcie,FPGA_to_HOST,302592,521485.39071998355,521609.67871998367
50,fixed_manifest,50,2,gpu_host,HOST_to_GPU,302592,521609.67871998367,521644.1555199837
48,fixed_manifest,99,1,gpu_host,GPU_to_HOST,302592,522657.79199998395,522692.26879998395
48,fixed_manifest,99,2,host_fpga_pcie,HOST_to_FPGA,302592,522692.26879998395,522816.5567999841
48,fixed_manifest,100,1,host_fpga_pcie,FPGA_to_HOST,302592,523149.3043199841,523338.40351998404
51,fixed_manifest,29,1,gpu_host,GPU_to_HOST,302592,523149.3043199841,523183.7811199841
51,fixed_manifest,29,2,host_fpga_pcie,HOST_to_FPGA,302592,523183.7811199841,523372.8803199841
48,fixed_manifest,100,2,gpu_host,HOST_to_GPU,302592,523338.40351998404,523372.8803199841
51,fixed_manifest,30,1,host_fpga_pcie,FPGA_to_HOST,302592,523705.6278399841,523829.9158399842
51,fixed_manifest,30,2,gpu_host,HOST_to_GPU,302592,523829.9158399842,523864.3926399842
49,fixed_manifest,79,1,gpu_host,GPU_to_HOST,302592,523871.8419199845,523906.3187199845
49,fixed_manifest,79,2,host_fpga_pcie,HOST_to_FPGA,302592,523906.3187199845,524030.60671998456
49,fixed_manifest,80,1,host_fpga_pcie,FPGA_to_HOST,302592,524363.3542399846,524552.4534399846
52,fixed_manifest,9,1,gpu_host,GPU_to_HOST,302592,524363.3542399846,524397.8310399846
52,fixed_manifest,9,2,host_fpga_pcie,HOST_to_FPGA,302592,524397.8310399846,524586.9302399846
49,fixed_manifest,80,2,gpu_host,HOST_to_GPU,302592,524552.4534399846,524586.9302399846
50,fixed_manifest,59,1,gpu_host,GPU_to_HOST,302592,524919.6777599846,524954.1545599846
52,fixed_manifest,10,1,host_fpga_pcie,FPGA_to_HOST,302592,524919.6777599846,525108.7769599846
50,fixed_manifest,59,2,host_fpga_pcie,HOST_to_FPGA,302592,524954.1545599846,525143.2537599846
52,fixed_manifest,10,2,gpu_host,HOST_to_GPU,302592,525108.7769599846,525143.2537599846
50,fixed_manifest,60,1,host_fpga_pcie,FPGA_to_HOST,302592,525476.0012799846,525600.2892799847
50,fixed_manifest,60,2,gpu_host,HOST_to_GPU,302592,525600.2892799847,525634.7660799847
48,fixed_manifest,109,1,gpu_host,GPU_to_HOST,302592,526215.4681599853,526249.9449599852
48,fixed_manifest,109,2,host_fpga_pcie,HOST_to_FPGA,302592,526249.9449599852,526374.2329599853
48,fixed_manifest,110,1,host_fpga_pcie,FPGA_to_HOST,302592,526706.9804799854,526831.2684799854
48,fixed_manifest,110,2,gpu_host,HOST_to_GPU,302592,526831.2684799854,526865.7452799854
51,fixed_manifest,39,1,gpu_host,GPU_to_HOST,302592,527051.2073599854,527085.6841599855
51,fixed_manifest,39,2,host_fpga_pcie,HOST_to_FPGA,302592,527085.6841599855,527209.9721599856
51,fixed_manifest,40,1,host_fpga_pcie,FPGA_to_HOST,302592,527542.7196799855,527667.0076799856
51,fixed_manifest,40,2,gpu_host,HOST_to_GPU,302592,527667.0076799856,527701.4844799857
49,fixed_manifest,89,1,gpu_host,GPU_to_HOST,302592,528072.1027199859,528106.5795199858
49,fixed_manifest,89,2,host_fpga_pcie,HOST_to_FPGA,302592,528106.5795199858,528230.8675199859
49,fixed_manifest,90,1,host_fpga_pcie,FPGA_to_HOST,302592,528563.615039986,528752.7142399859
52,fixed_manifest,19,1,gpu_host,GPU_to_HOST,302592,528563.615039986,528598.0918399859
52,fixed_manifest,19,2,host_fpga_pcie,HOST_to_FPGA,302592,528598.0918399859,528787.191039986
49,fixed_manifest,90,2,gpu_host,HOST_to_GPU,302592,528752.7142399859,528787.191039986
52,fixed_manifest,20,1,host_fpga_pcie,FPGA_to_HOST,302592,529119.938559986,529244.226559986
52,fixed_manifest,20,2,gpu_host,HOST_to_GPU,302592,529244.226559986,529278.7033599861
50,fixed_manifest,69,1,gpu_host,GPU_to_HOST,302592,529695.5395199863,529730.0163199863
50,fixed_manifest,69,2,host_fpga_pcie,HOST_to_FPGA,302592,529730.0163199863,529854.3043199864
50,fixed_manifest,70,1,host_fpga_pcie,FPGA_to_HOST,302592,530187.0518399864,530311.3398399864
50,fixed_manifest,70,2,gpu_host,HOST_to_GPU,302592,530311.3398399864,530345.8166399865
48,fixed_manifest,119,1,gpu_host,GPU_to_HOST,302592,530375.2521599865,530409.7289599865
48,fixed_manifest,119,2,host_fpga_pcie,HOST_to_FPGA,302592,530409.7289599865,530534.0169599865
48,fixed_manifest,120,1,host_fpga_pcie,FPGA_to_HOST,302592,530866.7644799866,530991.0524799867
48,fixed_manifest,120,2,gpu_host,HOST_to_GPU,302592,530991.0524799867,531025.5292799867
51,fixed_manifest,49,1,gpu_host,GPU_to_HOST,302592,531340.3686399867,531374.8454399867
51,fixed_manifest,49,2,host_fpga_pcie,HOST_to_FPGA,302592,531374.8454399867,531499.1334399867
51,fixed_manifest,50,1,host_fpga_pcie,FPGA_to_HOST,302592,531831.8809599868,531956.1689599869
51,fixed_manifest,50,2,gpu_host,HOST_to_GPU,302592,531956.1689599869,531990.645759987
49,fixed_manifest,99,1,gpu_host,GPU_to_HOST,302592,532873.6412799873,532908.1180799872
49,fixed_manifest,99,2,host_fpga_pcie,HOST_to_FPGA,302592,532908.1180799872,533032.4060799874
49,fixed_manifest,100,1,host_fpga_pcie,FPGA_to_HOST,302592,533365.1535999874,533554.2527999873
52,fixed_manifest,29,1,gpu_host,GPU_to_HOST,302592,533365.1535999874,533399.6303999873
52,fixed_manifest,29,2,host_fpga_pcie,HOST_to_FPGA,302592,533399.6303999873,533588.7295999874
49,fixed_manifest,100,2,gpu_host,HOST_to_GPU,302592,533554.2527999873,533588.7295999874
52,fixed_manifest,30,1,host_fpga_pcie,FPGA_to_HOST,302592,533921.4771199874,534045.7651199874
52,fixed_manifest,30,2,gpu_host,HOST_to_GPU,302592,534045.7651199874,534090.1782399872
50,fixed_manifest,79,1,gpu_host,GPU_to_HOST,302592,534062.3055999877,534106.7187199875
50,fixed_manifest,79,2,host_fpga_pcie,HOST_to_FPGA,302592,534106.7187199875,534231.0067199876
50,fixed_manifest,80,1,host_fpga_pcie,FPGA_to_HOST,302592,534563.7542399876,534752.8534399875
53,fixed_manifest,9,1,gpu_host,GPU_to_HOST,302592,534563.7542399876,534598.2310399876
53,fixed_manifest,9,2,host_fpga_pcie,HOST_to_FPGA,302592,534598.2310399876,534787.3302399876
50,fixed_manifest,80,2,gpu_host,HOST_to_GPU,302592,534752.8534399875,534787.3302399876
51,fixed_manifest,59,1,gpu_host,GPU_to_HOST,302592,535120.0777599876,535154.5545599876
53,fixed_manifest,10,1,host_fpga_pcie,FPGA_to_HOST,302592,535120.0777599876,535309.1769599876
51,fixed_manifest,59,2,host_fpga_pcie,HOST_to_FPGA,302592,535154.5545599876,535343.6537599876
53,fixed_manifest,10,2,gpu_host,HOST_to_GPU,302592,535309.1769599876,535343.6537599876
51,fixed_manifest,60,1,host_fpga_pcie,FPGA_to_HOST,302592,535676.4012799877,535800.6892799877
51,fixed_manifest,60,2,gpu_host,HOST_to_GPU,302592,535800.6892799877,535835.1660799877
49,fixed_manifest,109,1,gpu_host,GPU_to_HOST,302592,536405.9318399885,536440.4086399884
49,fixed_manifest,109,2,host_fpga_pcie,HOST_to_FPGA,302592,536440.4086399884,536564.6966399886
49,fixed_manifest,110,1,host_fpga_pcie,FPGA_to_HOST,302592,536897.4441599885,537021.7321599886
49,fixed_manifest,110,2,gpu_host,HOST_to_GPU,302592,537021.7321599886,537056.2089599887
52,fixed_manifest,39,1,gpu_host,GPU_to_HOST,302592,537241.6710399886,537276.1478399887
52,fixed_manifest,39,2,host_fpga_pcie,HOST_to_FPGA,302592,537276.1478399887,537400.4358399888
52,fixed_manifest,40,1,host_fpga_pcie,FPGA_to_HOST,302592,537733.1833599887,537857.4713599888
52,fixed_manifest,40,2,gpu_host,HOST_to_GPU,302592,537857.4713599888,537891.9481599889
50,fixed_manifest,89,1,gpu_host,GPU_to_HOST,302592,538262.5663999891,538297.043199989
50,fixed_manifest,89,2,host_fpga_pcie,HOST_to_FPGA,302592,538297.043199989,538421.3311999892
50,fixed_manifest,90,1,host_fpga_pcie,FPGA_to_HOST,302592,538754.0787199892,538943.1779199891
53,fixed_manifest,19,1,gpu_host,GPU_to_HOST,302592,538754.0787199892,538788.5555199891
53,fixed_manifest,19,2,host_fpga_pcie,HOST_to_FPGA,302592,538788.5555199891,538977.6547199892
50,fixed_manifest,90,2,gpu_host,HOST_to_GPU,302592,538943.1779199891,538977.6547199892
53,fixed_manifest,20,1,host_fpga_pcie,FPGA_to_HOST,302592,539310.4022399891,539434.6902399892
53,fixed_manifest,20,2,gpu_host,HOST_to_GPU,302592,539434.6902399892,539469.1670399893
51,fixed_manifest,69,1,gpu_host,GPU_to_HOST,302592,539886.0031999894,539920.4799999895
51,fixed_manifest,69,2,host_fpga_pcie,HOST_to_FPGA,302592,539920.4799999895,540044.7679999896
51,fixed_manifest,70,1,host_fpga_pcie,FPGA_to_HOST,302592,540377.5155199895,540501.8035199897
51,fixed_manifest,70,2,gpu_host,HOST_to_GPU,302592,540501.8035199897,540536.2803199897
49,fixed_manifest,119,1,gpu_host,GPU_to_HOST,302592,540565.7158399897,540600.1926399897
49,fixed_manifest,119,2,host_fpga_pcie,HOST_to_FPGA,302592,540600.1926399897,540724.4806399898
49,fixed_manifest,120,1,host_fpga_pcie,FPGA_to_HOST,302592,541057.2281599898,541181.5161599899
49,fixed_manifest,120,2,gpu_host,HOST_to_GPU,302592,541181.5161599899,541215.9929599899
52,fixed_manifest,49,1,gpu_host,GPU_to_HOST,302592,541549.1795199899,541583.6563199899
52,fixed_manifest,49,2,host_fpga_pcie,HOST_to_FPGA,302592,541583.6563199899,541707.94431999
52,fixed_manifest,50,1,host_fpga_pcie,FPGA_to_HOST,302592,542040.6918399901,542164.9798399901
52,fixed_manifest,50,2,gpu_host,HOST_to_GPU,302592,542164.9798399901,542199.4566399901
50,fixed_manifest,99,1,gpu_host,GPU_to_HOST,302592,543064.1049599905,543098.5817599905
50,fixed_manifest,99,2,host_fpga_pcie,HOST_to_FPGA,302592,543098.5817599905,543222.8697599906
50,fixed_manifest,100,1,host_fpga_pcie,FPGA_to_HOST,302592,543555.6172799906,543744.7164799905
53,fixed_manifest,29,1,gpu_host,GPU_to_HOST,302592,543555.6172799906,543590.0940799906
53,fixed_manifest,29,2,host_fpga_pcie,HOST_to_FPGA,302592,543590.0940799906,543779.1932799906
50,fixed_manifest,100,2,gpu_host,HOST_to_GPU,302592,543744.7164799905,543779.1932799906
53,fixed_manifest,30,1,host_fpga_pcie,FPGA_to_HOST,302592,544111.9407999906,544236.2287999907
53,fixed_manifest,30,2,gpu_host,HOST_to_GPU,302592,544236.2287999907,544280.6419199905
51,fixed_manifest,79,1,gpu_host,GPU_to_HOST,302592,544252.7692799909,544297.1823999907
51,fixed_manifest,79,2,host_fpga_pcie,HOST_to_FPGA,302592,544297.1823999907,544421.4703999908
51,fixed_manifest,80,1,host_fpga_pcie,FPGA_to_HOST,302592,544754.2179199908,544943.3171199908
54,fixed_manifest,9,1,gpu_host,GPU_to_HOST,302592,544754.2179199908,544788.6947199908
54,fixed_manifest,9,2,host_fpga_pcie,HOST_to_FPGA,302592,544788.6947199908,544977.7939199908
51,fixed_manifest,80,2,gpu_host,HOST_to_GPU,302592,544943.3171199908,544977.7939199908
52,fixed_manifest,59,1,gpu_host,GPU_to_HOST,302592,545310.5414399907,545345.0182399908
54,fixed_manifest,10,1,host_fpga_pcie,FPGA_to_HOST,302592,545310.5414399907,545499.6406399908
52,fixed_manifest,59,2,host_fpga_pcie,HOST_to_FPGA,302592,545345.0182399908,545534.1174399909
54,fixed_manifest,10,2,gpu_host,HOST_to_GPU,302592,545499.6406399908,545534.1174399909
52,fixed_manifest,60,1,host_fpga_pcie,FPGA_to_HOST,302592,545866.8649599908,545991.1529599909
52,fixed_manifest,60,2,gpu_host,HOST_to_GPU,302592,545991.1529599909,546025.629759991
50,fixed_manifest,109,1,gpu_host,GPU_to_HOST,302592,546596.3955199916,546630.8723199916
50,fixed_manifest,109,2,host_fpga_pcie,HOST_to_FPGA,302592,546630.8723199916,546755.1603199918
50,fixed_manifest,110,1,host_fpga_pcie,FPGA_to_HOST,302592,547087.9078399917,547212.1958399918
50,fixed_manifest,110,2,gpu_host,HOST_to_GPU,302592,547212.1958399918,547246.6726399919
53,fixed_manifest,39,1,gpu_host,GPU_to_HOST,302592,547432.1347199918,547466.6115199919
53,fixed_manifest,39,2,host_fpga_pcie,HOST_to_FPGA,302592,547466.6115199919,547590.899519992
53,fixed_manifest,40,1,host_fpga_pcie,FPGA_to_HOST,302592,547923.6470399919,548047.9350399921
53,fixed_manifest,40,2,gpu_host,HOST_to_GPU,302592,548047.9350399921,548082.411839992
51,fixed_manifest,89,1,gpu_host,GPU_to_HOST,302592,548453.0300799923,548487.5068799923
51,fixed_manifest,89,2,host_fpga_pcie,HOST_to_FPGA,302592,548487.5068799923,548611.7948799924
51,fixed_manifest,90,1,host_fpga_pcie,FPGA_to_HOST,302592,548944.5423999924,549133.6415999923
54,fixed_manifest,19,1,gpu_host,GPU_to_HOST,302592,548944.5423999924,548979.0191999924
54,fixed_manifest,19,2,host_fpga_pcie,HOST_to_FPGA,302592,548979.0191999924,549168.1183999924
51,fixed_manifest,90,2,gpu_host,HOST_to_GPU,302592,549133.6415999923,549168.1183999924
54,fixed_manifest,20,1,host_fpga_pcie,FPGA_to_HOST,302592,549500.8659199923,549625.1539199925
54,fixed_manifest,20,2,gpu_host,HOST_to_GPU,302592,549625.1539199925,549659.6307199924
52,fixed_manifest,69,1,gpu_host,GPU_to_HOST,302592,550076.4668799926,550110.9436799927
52,fixed_manifest,69,2,host_fpga_pcie,HOST_to_FPGA,302592,550110.9436799927,550235.2316799928
52,fixed_manifest,70,1,host_fpga_pcie,FPGA_to_HOST,302592,550567.9791999928,550692.2671999929
52,fixed_manifest,70,2,gpu_host,HOST_to_GPU,302592,550692.2671999929,550726.7439999928
50,fixed_manifest,119,1,gpu_host,GPU_to_HOST,302592,550907.6863999929,550942.1631999929
50,fixed_manifest,119,2,host_fpga_pcie,HOST_to_FPGA,302592,550942.1631999929,551066.451199993
50,fixed_manifest,120,1,host_fpga_pcie,FPGA_to_HOST,302592,551399.198719993,551523.4867199931
50,fixed_manifest,120,2,gpu_host,HOST_to_GPU,302592,551523.4867199931,551557.9635199931
53,fixed_manifest,49,1,gpu_host,GPU_to_HOST,302592,551761.7727999932,551796.2495999932
53,fixed_manifest,49,2,host_fpga_pcie,HOST_to_FPGA,302592,551796.2495999932,551920.5375999933
53,fixed_manifest,50,1,host_fpga_pcie,FPGA_to_HOST,302592,552253.2851199933,552377.5731199933
53,fixed_manifest,50,2,gpu_host,HOST_to_GPU,302592,552377.5731199933,552412.0499199934
51,fixed_manifest,99,1,gpu_host,GPU_to_HOST,302592,553410.5951999937,553445.0719999938
51,fixed_manifest,99,2,host_fpga_pcie,HOST_to_FPGA,302592,553445.0719999938,553569.3599999938
51,fixed_manifest,100,1,host_fpga_pcie,FPGA_to_HOST,302592,553902.1075199938,554091.2067199938
54,fixed_manifest,29,1,gpu_host,GPU_to_HOST,302592,553902.1075199938,553936.5843199939
54,fixed_manifest,29,2,host_fpga_pcie,HOST_to_FPGA,302592,553936.5843199939,554125.6835199938
51,fixed_manifest,100,2,gpu_host,HOST_to_GPU,302592,554091.2067199938,554125.6835199938
54,fixed_manifest,30,1,host_fpga_pcie,FPGA_to_HOST,302592,554458.4310399938,554647.5302399938
55,fixed_manifest,9,1,gpu_host,GPU_to_HOST,302592,554458.4310399938,554492.9078399938
55,fixed_manifest,9,2,host_fpga_pcie,HOST_to_FPGA,302592,554492.9078399938,554682.0070399938
54,fixed_manifest,30,2,gpu_host,HOST_to_GPU,302592,554647.5302399938,554682.0070399938
52,fixed_manifest,79,1,gpu_host,GPU_to_HOST,302592,555014.7545599939,555049.2313599938
55,fixed_manifest,10,1,host_fpga_pcie,FPGA_to_HOST,302592,555014.7545599939,555203.8537599938
52,fixed_manifest,79,2,host_fpga_pcie,HOST_to_FPGA,302592,555049.2313599938,555238.3305599939
55,fixed_manifest,10,2,gpu_host,HOST_to_GPU,302592,555203.8537599938,555238.3305599939
52,fixed_manifest,80,1,host_fpga_pcie,FPGA_to_HOST,302592,555571.0780799938,555760.1772799938
53,fixed_manifest,59,1,gpu_host,GPU_to_HOST,302592,555571.0780799938,555605.5548799939
53,fixed_manifest,59,2,host_fpga_pcie,HOST_to_FPGA,302592,555605.5548799939,555794.6540799938
52,fixed_manifest,80,2,gpu_host,HOST_to_GPU,302592,555760.1772799938,555794.6540799938
53,fixed_manifest,60,1,host_fpga_pcie,FPGA_to_HOST,302592,556127.4015999938,556251.689599994
53,fixed_manifest,60,2,gpu_host,HOST_to_GPU,302592,556251.689599994,556286.1663999939
51,fixed_manifest,109,1,gpu_host,GPU_to_HOST,302592,556612.4854399947,556646.9622399948
51,fixed_manifest,109,2,host_fpga_pcie,HOST_to_FPGA,302592,556646.9622399948,556771.2502399948
51,fixed_manifest,110,1,host_fpga_pcie,FPGA_to_HOST,302592,557103.9977599948,557228.285759995
51,fixed_manifest,110,2,gpu_host,HOST_to_GPU,302592,557228.285759995,557262.7625599949
54,fixed_manifest,39,1,gpu_host,GPU_to_HOST,302592,557793.1897599951,557827.6665599952
54,fixed_manifest,39,2,host_fpga_pcie,HOST_to_FPGA,302592,557827.6665599952,557951.9545599952
54,fixed_manifest,40,1,host_fpga_pcie,FPGA_to_HOST,302592,558284.7020799953,558408.9900799954
54,fixed_manifest,40,2,gpu_host,HOST_to_GPU,302592,558408.9900799954,558443.4668799953
55,fixed_manifest,19,1,gpu_host,GPU_to_HOST,302592,558606.7993599954,558641.2761599954
55,fixed_manifest,19,2,host_fpga_pcie,HOST_to_FPGA,302592,558641.2761599954,558765.5641599954
55,fixed_manifest,20,1,host_fpga_pcie,FPGA_to_HOST,302592,559098.3116799955,559222.5996799956
55,fixed_manifest,20,2,gpu_host,HOST_to_GPU,302592,559222.5996799956,559257.0764799955
52,fixed_manifest,89,1,gpu_host,GPU_to_HOST,302592,559416.6265599956,559451.1033599956
52,fixed_manifest,89,2,host_fpga_pcie,HOST_to_FPGA,302592,559451.1033599956,559575.3913599957
52,fixed_manifest,90,1,host_fpga_pcie,FPGA_to_HOST,302592,559908.1388799957,560032.4268799957
52,fixed_manifest,90,2,gpu_host,HOST_to_GPU,302592,560032.4268799957,560066.9036799958
53,fixed_manifest,69,1,gpu_host,GPU_to_HOST,302592,560092.5567999958,560127.0335999958
53,fixed_manifest,69,2,host_fpga_pcie,HOST_to_FPGA,302592,560127.0335999958,560251.321599996
53,fixed_manifest,70,1,host_fpga_pcie,FPGA_to_HOST,302592,560584.0691199959,560708.357119996
53,fixed_manifest,70,2,gpu_host,HOST_to_GPU,302592,560708.357119996,560742.833919996
51,fixed_manifest,119,1,gpu_host,GPU_to_HOST,302592,560923.776319996,560958.253119996
51,fixed_manifest,119,2,host_fpga_pcie,HOST_to_FPGA,302592,560958.253119996,561082.5411199961
51,fixed_manifest,120,1,host_fpga_pcie,FPGA_to_HOST,302592,561415.2886399961,561539.5766399963
51,fixed_manifest,120,2,gpu_host,HOST_to_GPU,302592,561539.5766399963,561574.0534399962
54,fixed_manifest,49,1,gpu_host,GPU_to_HOST,302592,562587.6899199965,562622.1667199965
54,fixed_manifest,49,2,host_fpga_pcie,HOST_to_FPGA,302592,562622.1667199965,562746.4547199967
54,fixed_manifest,50,1,host_fpga_pcie,FPGA_to_HOST,302592,563079.2022399966,563203.4902399967
54,fixed_manifest,50,2,gpu_host,HOST_to_GPU,302592,563203.4902399967,563237.9670399968
55,fixed_manifest,29,1,gpu_host,GPU_to_HOST,302592,563557.3260799968,563591.8028799968
55,fixed_manifest,29,2,host_fpga_pcie,HOST_to_FPGA,302592,563591.8028799968,563716.0908799969
52,fixed_manifest,99,1,gpu_host,GPU_to_HOST,302592,564048.8383999969,564083.3151999969
55,fixed_manifest,30,1,host_fpga_pcie,FPGA_to_HOST,302592,564048.8383999969,564237.9375999968
52,fixed_manifest,99,2,host_fpga_pcie,HOST_to_FPGA,302592,564083.3151999969,564272.4143999969
55,fixed_manifest,30,2,gpu_host,HOST_to_GPU,302592,564237.9375999968,564272.4143999969
52,fixed_manifest,100,1,host_fpga_pcie,FPGA_to_HOST,302592,564605.1619199968,564794.2611199969
56,fixed_manifest,9,1,gpu_host,GPU_to_HOST,302592,564605.1619199968,564639.6387199969
56,fixed_manifest,9,2,host_fpga_pcie,HOST_to_FPGA,302592,564639.6387199969,564828.7379199968
52,fixed_manifest,100,2,gpu_host,HOST_to_GPU,302592,564794.2611199969,564828.7379199968
53,fixed_manifest,79,1,gpu_host,GPU_to_HOST,302592,565161.4854399969,565195.9622399969
56,fixed_manifest,10,1,host_fpga_pcie,FPGA_to_HOST,302592,565161.4854399969,565350.5846399969
53,fixed_manifest,79,2,host_fpga_pcie,HOST_to_FPGA,302592,565195.9622399969,565385.0614399969
56,fixed_manifest,10,2,gpu_host,HOST_to_GPU,302592,565350.5846399969,565385.0614399969
53,fixed_manifest,80,1,host_fpga_pcie,FPGA_to_HOST,302592,565717.8089599969,565906.9081599968
54,fixed_manifest,59,1,gpu_host,GPU_to_HOST,302592,565717.8089599969,565752.285759997
54,fixed_manifest,59,2,host_fpga_pcie,HOST_to_FPGA,302592,565752.285759997,565941.3849599969
53,fixed_manifest,80,2,gpu_host,HOST_to_GPU,302592,565906.9081599968,565941.3849599969
54,fixed_manifest,60,1,host_fpga_pcie,FPGA_to_HOST,302592,566274.1324799969,566398.420479997
54,fixed_manifest,60,2,gpu_host,HOST_to_GPU,302592,566398.420479997,566432.897279997
55,fixed_manifest,39,1,gpu_host,GPU_to_HOST,302592,566802.9491199979,566837.425919998
55,fixed_manifest,39,2,host_fpga_pcie,HOST_to_FPGA,302592,566837.425919998,566961.713919998
55,fixed_manifest,40,1,host_fpga_pcie,FPGA_to_HOST,302592,567294.4614399981,567418.7494399982
55,fixed_manifest,40,2,gpu_host,HOST_to_GPU,302592,567418.7494399982,567453.2262399981
52,fixed_manifest,109,1,gpu_host,GPU_to_HOST,302592,567983.6534399984,568018.1302399983
52,fixed_manifest,109,2,host_fpga_pcie,HOST_to_FPGA,302592,568018.1302399983,568142.4182399984
52,fixed_manifest,110,1,host_fpga_pcie,FPGA_to_HOST,302592,568475.1657599985,568599.4537599985
52,fixed_manifest,110,2,gpu_host,HOST_to_GPU,302592,568599.4537599985,568633.9305599986
56,fixed_manifest,19,1,gpu_host,GPU_to_HOST,302592,568797.2630399986,568831.7398399985
56,fixed_manifest,19,2,host_fpga_pcie,HOST_to_FPGA,302592,568831.7398399985,568956.0278399987
56,fixed_manifest,20,1,host_fpga_pcie,FPGA_to_HOST,302592,569288.7753599987,569413.0633599987
56,fixed_manifest,20,2,gpu_host,HOST_to_GPU,302592,569413.0633599987,569447.5401599988
53,fixed_manifest,89,1,gpu_host,GPU_to_HOST,302592,569607.0902399988,569641.5670399988
53,fixed_manifest,89,2,host_fpga_pcie,HOST_to_FPGA,302592,569641.5670399988,569765.8550399989
53,fixed_manifest,90,1,host_fpga_pcie,FPGA_to_HOST,302592,570098.6025599989,570222.8905599989
53,fixed_manifest,90,2,gpu_host,HOST_to_GPU,302592,570222.8905599989,570257.367359999
54,fixed_manifest,69,1,gpu_host,GPU_to_HOST,302592,570283.020479999,570317.4972799991
54,fixed_manifest,69,2,host_fpga_pcie,HOST_to_FPGA,302592,570317.4972799991,570441.7852799991
54,fixed_manifest,70,1,host_fpga_pcie,FPGA_to_HOST,302592,570774.5327999991,570898.8207999992
54,fixed_manifest,70,2,gpu_host,HOST_to_GPU,302592,570898.8207999992,570933.2975999992
55,fixed_manifest,49,1,gpu_host,GPU_to_HOST,302592,571114.2399999992,571148.7167999992
55,fixed_manifest,49,2,host_fpga_pcie,HOST_to_FPGA,302592,571148.7167999992,571273.0047999993
55,fixed_manifest,50,1,host_fpga_pcie,FPGA_to_HOST,302592,571605.7523199993,571730.0403199994
55,fixed_manifest,50,2,gpu_host,HOST_to_GPU,302592,571730.0403199994,571764.5171199994
52,fixed_manifest,119,1,gpu_host,GPU_to_HOST,302592,572778.1535999997,572812.6303999998
52,fixed_manifest,119,2,host_fpga_pcie,HOST_to_FPGA,302592,572812.6303999998,572936.9183999998
52,fixed_manifest,120,1,host_fpga_pcie,FPGA_to_HOST,302592,573269.6659199998,573393.9539199999
52,fixed_manifest,120,2,gpu_host,HOST_to_GPU,302592,573393.9539199999,573428.43072
56,fixed_manifest,29,1,gpu_host,GPU_to_HOST,302592,573747.78976,573782.26656
56,fixed_manifest,29,2,host_fpga_pcie,HOST_to_FPGA,302592,573782.26656,573906.5545600001
56,fixed_manifest,30,1,host_fpga_pcie,FPGA_to_HOST,302592,574239.30208,574363.5900800001
56,fixed_manifest,30,2,gpu_host,HOST_to_GPU,302592,574363.5900800001,574398.0668800002
53,fixed_manifest,99,1,gpu_host,GPU_to_HOST,302592,574750.3379200003,574784.8147200003
53,fixed_manifest,99,2,host_fpga_pcie,HOST_to_FPGA,302592,574784.8147200003,574909.1027200004
53,fixed_manifest,100,1,host_fpga_pcie,FPGA_to_HOST,302592,575241.8502400004,575430.9494400003
57,fixed_manifest,9,1,gpu_host,GPU_to_HOST,302592,575241.8502400004,575276.3270400005
57,fixed_manifest,9,2,host_fpga_pcie,HOST_to_FPGA,302592,575276.3270400005,575465.4262400004
53,fixed_manifest,100,2,gpu_host,HOST_to_GPU,302592,575430.9494400003,575465.4262400004
54,fixed_manifest,79,1,gpu_host,GPU_to_HOST,302592,575798.1737600004,575832.6505600004
57,fixed_manifest,10,1,host_fpga_pcie,FPGA_to_HOST,302592,575798.1737600004,575987.2729600004
54,fixed_manifest,79,2,host_fpga_pcie,HOST_to_FPGA,302592,575832.6505600004,576021.7497600004
57,fixed_manifest,10,2,gpu_host,HOST_to_GPU,302592,575987.2729600004,576021.7497600004
54,fixed_manifest,80,1,host_fpga_pcie,FPGA_to_HOST,302592,576354.4972800005,576543.5964800004
55,fixed_manifest,59,1,gpu_host,GPU_to_HOST,302592,576354.4972800005,576388.9740800004
55,fixed_manifest,59,2,host_fpga_pcie,HOST_to_FPGA,302592,576388.9740800004,576578.0732800005
54,fixed_manifest,80,2,gpu_host,HOST_to_GPU,302592,576543.5964800004,576578.0732800005
55,fixed_manifest,60,1,host_fpga_pcie,FPGA_to_HOST,302592,576910.8208000005,577099.9200000004
56,fixed_manifest,39,1,gpu_host,GPU_to_HOST,302592,576910.8208000005,576945.2976000005
56,fixed_manifest,39,2,host_fpga_pcie,HOST_to_FPGA,302592,576945.2976000005,577134.3968000005
55,fixed_manifest,60,2,gpu_host,HOST_to_GPU,302592,577099.9200000004,577134.3968000005
53,fixed_manifest,109,1,gpu_host,GPU_to_HOST,302592,577467.1443200004,577501.6211200005
56,fixed_manifest,40,1,host_fpga_pcie,FPGA_to_HOST,302592,577467.1443200004,577656.2435200005
53,fixed_manifest,109,2,host_fpga_pcie,HOST_to_FPGA,302592,577501.6211200005,577690.7203200004
56,fixed_manifest,40,2,gpu_host,HOST_to_GPU,302592,577656.2435200005,577690.7203200004
53,fixed_manifest,110,1,host_fpga_pcie,FPGA_to_HOST,302592,578023.4678400005,578147.7558400006
53,fixed_manifest,110,2,gpu_host,HOST_to_GPU,302592,578147.7558400006,578182.2326400005
57,fixed_manifest,19,1,gpu_host,GPU_to_HOST,302592,578657.3264000016,578691.8032000017
57,fixed_manifest,19,2,host_fpga_pcie,HOST_to_FPGA,302592,578691.8032000017,578816.0912000018
57,fixed_manifest,20,1,host_fpga_pcie,FPGA_to_HOST,302592,579148.8387200017,579273.1267200019
57,fixed_manifest,20,2,gpu_host,HOST_to_GPU,302592,579273.1267200019,579307.6035200019
54,fixed_manifest,89,1,gpu_host,GPU_to_HOST,302592,580299.1104000021,580333.5872000022
54,fixed_manifest,89,2,host_fpga_pcie,HOST_to_FPGA,302592,580333.5872000022,580457.8752000022
54,fixed_manifest,90,1,host_fpga_pcie,FPGA_to_HOST,302592,580790.6227200023,580979.7219200023
55,fixed_manifest,69,1,gpu_host,GPU_to_HOST,302592,580790.6227200023,580825.0995200023
55,fixed_manifest,69,2,host_fpga_pcie,HOST_to_FPGA,302592,580825.0995200023,581014.1987200023
54,fixed_manifest,90,2,gpu_host,HOST_to_GPU,302592,580979.7219200023,581014.1987200023
55,fixed_manifest,70,1,host_fpga_pcie,FPGA_to_HOST,302592,581346.9462400023,581471.2342400023
55,fixed_manifest,70,2,gpu_host,HOST_to_GPU,302592,581471.2342400023,581505.7110400024
56,fixed_manifest,49,1,gpu_host,GPU_to_HOST,302592,581671.7984000026,581706.2752000026
56,fixed_manifest,49,2,host_fpga_pcie,HOST_to_FPGA,302592,581706.2752000026,581830.5632000027
53,fixed_manifest,119,1,gpu_host,GPU_to_HOST,302592,582163.3107200027,582197.7875200027
56,fixed_manifest,50,1,host_fpga_pcie,FPGA_to_HOST,302592,582163.3107200027,582352.4099200027
53,fixed_manifest,119,2,host_fpga_pcie,HOST_to_FPGA,302592,582197.7875200027,582386.8867200027
56,fixed_manifest,50,2,gpu_host,HOST_to_GPU,302592,582352.4099200027,582386.8867200027
53,fixed_manifest,120,1,host_fpga_pcie,FPGA_to_HOST,302592,582719.6342400027,582843.9222400028
53,fixed_manifest,120,2,gpu_host,HOST_to_GPU,302592,582843.9222400028,582878.3990400028
57,fixed_manifest,29,1,gpu_host,GPU_to_HOST,302592,583778.4444800032,583812.9212800032
57,fixed_manifest,29,2,host_fpga_pcie,HOST_to_FPGA,302592,583812.9212800032,583937.2092800032
57,fixed_manifest,30,1,host_fpga_pcie,FPGA_to_HOST,302592,584269.9568000033,584394.2448000034
57,fixed_manifest,30,2,gpu_host,HOST_to_GPU,302592,584394.2448000034,584428.7216000033
58,fixed_manifest,9,1,gpu_host,GPU_to_HOST,302592,584614.1836800034,584648.6604800035
58,fixed_manifest,9,2,host_fpga_pcie,HOST_to_FPGA,302592,584648.6604800035,584772.9484800035
54,fixed_manifest,99,1,gpu_host,GPU_to_HOST,302592,585105.6960000035,585140.1728000036
58,fixed_manifest,10,1,host_fpga_pcie,FPGA_to_HOST,302592,585105.6960000035,585294.7952000035
54,fixed_manifest,99,2,host_fpga_pcie,HOST_to_FPGA,302592,585140.1728000036,585329.2720000035
58,fixed_manifest,10,2,gpu_host,HOST_to_GPU,302592,585294.7952000035,585329.2720000035
54,fixed_manifest,100,1,host_fpga_pcie,FPGA_to_HOST,302592,585662.0195200035,585851.1187200035
55,fixed_manifest,79,1,gpu_host,GPU_to_HOST,302592,585662.0195200035,585696.4963200035
55,fixed_manifest,79,2,host_fpga_pcie,HOST_to_FPGA,302592,585696.4963200035,585885.5955200035
54,fixed_manifest,100,2,gpu_host,HOST_to_GPU,302592,585851.1187200035,585885.5955200035
55,fixed_manifest,80,1,host_fpga_pcie,FPGA_to_HOST,302592,586218.3430400036,586407.4422400035
56,fixed_manifest,59,1,gpu_host,GPU_to_HOST,302592,586218.3430400036,586252.8198400035
56,fixed_manifest,59,2,host_fpga_pcie,HOST_to_FPGA,302592,586252.8198400035,586441.9190400036
55,fixed_manifest,80,2,gpu_host,HOST_to_GPU,302592,586407.4422400035,586441.9190400036
56,fixed_manifest,60,1,host_fpga_pcie,FPGA_to_HOST,302592,586774.6665600035,586963.7657600035
57,fixed_manifest,39,1,gpu_host,GPU_to_HOST,302592,586774.6665600035,586809.1433600036
57,fixed_manifest,39,2,host_fpga_pcie,HOST_to_FPGA,302592,586809.1433600036,586998.2425600035
56,fixed_manifest,60,2,gpu_host,HOST_to_GPU,302592,586963.7657600035,586998.2425600035
57,fixed_manifest,40,1,host_fpga_pcie,FPGA_to_HOST,302592,587330.9900800035,587455.2780800037
57,fixed_manifest,40,2,gpu_host,HOST_to_GPU,302592,587455.2780800037,587489.7548800036
58,fixed_manifest,19,1,gpu_host,GPU_to_HOST,302592,588364.5808000048,588399.0576000047
58,fixed_manifest,19,2,host_fpga_pcie,HOST_to_FPGA,302592,588399.0576000047,588523.3456000049
58,fixed_manifest,20,1,host_fpga_pcie,FPGA_to_HOST,302592,588856.0931200049,588980.3811200049
58,fixed_manifest,20,2,gpu_host,HOST_to_GPU,302592,588980.3811200049,589014.857920005
54,fixed_manifest,109,1,gpu_host,GPU_to_HOST,302592,589620.922880005,589655.399680005
54,fixed_manifest,109,2,host_fpga_pcie,HOST_to_FPGA,302592,589655.399680005,589779.6876800051
54,fixed_manifest,110,1,host_fpga_pcie,FPGA_to_HOST,302592,590112.4352000051,590301.5344000051
55,fixed_manifest,89,1,gpu_host,GPU_to_HOST,302592,590112.4352000051,590146.9120000051
55,fixed_manifest,89,2,host_fpga_pcie,HOST_to_FPGA,302592,590146.9120000051,590336.0112000051
54,fixed_manifest,110,2,gpu_host,HOST_to_GPU,302592,590301.5344000051,590336.0112000051
55,fixed_manifest,90,1,host_fpga_pcie,FPGA_to_HOST,302592,590668.7587200052,590793.0467200052
55,fixed_manifest,90,2,gpu_host,HOST_to_GPU,302592,590793.0467200052,590849.9395200051
56,fixed_manifest,69,1,gpu_host,GPU_to_HOST,302592,590797.1075200053,590854.0003200052
56,fixed_manifest,69,2,host_fpga_pcie,HOST_to_FPGA,302592,590854.0003200052,590978.2883200053
56,fixed_manifest,70,1,host_fpga_pcie,FPGA_to_HOST,302592,591311.0358400054,591500.1350400053
57,fixed_manifest,49,1,gpu_host,GPU_to_HOST,302592,591311.0358400054,591345.5126400053
57,fixed_manifest,49,2,host_fpga_pcie,HOST_to_FPGA,302592,591345.5126400053,591534.6118400054
56,fixed_manifest,70,2,gpu_host,HOST_to_GPU,302592,591500.1350400053,591534.6118400054
57,fixed_manifest,50,1,host_fpga_pcie,FPGA_to_HOST,302592,591867.3593600054,591991.6473600054
57,fixed_manifest,50,2,gpu_host,HOST_to_GPU,302592,591991.6473600054,592026.1241600055
58,fixed_manifest,29,1,gpu_host,GPU_to_HOST,302592,592984.7072000061,593019.1840000061
58,fixed_manifest,29,2,host_fpga_pcie,HOST_to_FPGA,302592,593019.1840000061,593143.4720000061
58,fixed_manifest,30,1,host_fpga_pcie,FPGA_to_HOST,302592,593476.2195200062,593600.5075200063
58,fixed_manifest,30,2,gpu_host,HOST_to_GPU,302592,593600.5075200063,593634.9843200063
59,fixed_manifest,9,1,gpu_host,GPU_to_HOST,302592,594760.3881600065,594794.8649600066
59,fixed_manifest,9,2,host_fpga_pcie,HOST_to_FPGA,302592,594794.8649600066,594919.1529600066
54,fixed_manifest,119,1,gpu_host,GPU_to_HOST,302592,595251.9004800066,595286.3772800067
59,fixed_manifest,10,1,host_fpga_pcie,FPGA_to_HOST,302592,595251.9004800066,595440.9996800066
54,fixed_manifest,119,2,host_fpga_pcie,HOST_to_FPGA,302592,595286.3772800067,595475.4764800067
59,fixed_manifest,10,2,gpu_host,HOST_to_GPU,302592,595440.9996800066,595475.4764800067
54,fixed_manifest,120,1,host_fpga_pcie,FPGA_to_HOST,302592,595808.2240000067,595997.3232000066
55,fixed_manifest,99,1,gpu_host,GPU_to_HOST,302592,595808.2240000067,595842.7008000066
55,fixed_manifest,99,2,host_fpga_pcie,HOST_to_FPGA,302592,595842.7008000066,596031.8000000067
54,fixed_manifest,120,2,gpu_host,HOST_to_GPU,302592,595997.3232000066,596031.8000000067
55,fixed_manifest,100,1,host_fpga_pcie,FPGA_to_HOST,302592,596364.5475200067,596553.6467200067
56,fixed_manifest,79,1,gpu_host,GPU_to_HOST,302592,596364.5475200067,596399.0243200067
56,fixed_manifest,79,2,host_fpga_pcie,HOST_to_FPGA,302592,596399.0243200067,596588.1235200067
55,fixed_manifest,100,2,gpu_host,HOST_to_GPU,302592,596553.6467200067,596588.1235200067
56,fixed_manifest,80,1,host_fpga_pcie,FPGA_to_HOST,302592,596920.8710400066,597109.9702400067
57,fixed_manifest,59,1,gpu_host,GPU_to_HOST,302592,596920.8710400066,596955.3478400067
57,fixed_manifest,59,2,host_fpga_pcie,HOST_to_FPGA,302592,596955.3478400067,597144.4470400066
56,fixed_manifest,80,2,gpu_host,HOST_to_GPU,302592,597109.9702400067,597144.4470400066
57,fixed_manifest,60,1,host_fpga_pcie,FPGA_to_HOST,302592,597477.1945600067,597666.2937600067
58,fixed_manifest,39,1,gpu_host,GPU_to_HOST,302592,597477.1945600067,597511.6713600067
58,fixed_manifest,39,2,host_fpga_pcie,HOST_to_FPGA,302592,597511.6713600067,597700.7705600067
57,fixed_manifest,60,2,gpu_host,HOST_to_GPU,302592,597666.2937600067,597700.7705600067
58,fixed_manifest,40,1,host_fpga_pcie,FPGA_to_HOST,302592,598033.5180800067,598222.6172800066
59,fixed_manifest,19,1,gpu_host,GPU_to_HOST,302592,598033.5180800067,598067.9948800068
59,fixed_manifest,19,2,host_fpga_pcie,HOST_to_FPGA,302592,598067.9948800068,598257.0940800067
58,fixed_manifest,40,2,gpu_host,HOST_to_GPU,302592,598222.6172800066,598257.0940800067
59,fixed_manifest,20,1,host_fpga_pcie,FPGA_to_HOST,302592,598589.8416000067,598714.1296000069
59,fixed_manifest,20,2,gpu_host,HOST_to_GPU,302592,598714.1296000069,598748.6064000068
55,fixed_manifest,109,1,gpu_host,GPU_to_HOST,302592,599038.253760008,599072.7305600081
55,fixed_manifest,109,2,host_fpga_pcie,HOST_to_FPGA,302592,599072.7305600081,599197.0185600081
55,fixed_manifest,110,1,host_fpga_pcie,FPGA_to_HOST,302592,599529.7660800082,599654.0540800083
55,fixed_manifest,110,2,gpu_host,HOST_to_GPU,302592,599654.0540800083,599688.5308800082
56,fixed_manifest,89,1,gpu_host,GPU_to_HOST,302592,600218.9580800085,600253.4348800085
56,fixed_manifest,89,2,host_fpga_pcie,HOST_to_FPGA,302592,600253.4348800085,600377.7228800085
56,fixed_manifest,90,1,host_fpga_pcie,FPGA_to_HOST,302592,600710.4704000086,600834.7584000087
56,fixed_manifest,90,2,gpu_host,HOST_to_GPU,302592,600834.7584000087,600869.2352000087
57,fixed_manifest,69,1,gpu_host,GPU_to_HOST,302592,601202.4217600087,601236.8985600087
57,fixed_manifest,69,2,host_fpga_pcie,HOST_to_FPGA,302592,601236.8985600087,601361.1865600088
57,fixed_manifest,70,1,host_fpga_pcie,FPGA_to_HOST,302592,601693.9340800088,601818.2220800089
57,fixed_manifest,70,2,gpu_host,HOST_to_GPU,302592,601818.2220800089,601852.6988800089
58,fixed_manifest,49,1,gpu_host,GPU_to_HOST,302592,602056.508160009,602090.984960009
58,fixed_manifest,49,2,host_fpga_pcie,HOST_to_FPGA,302592,602090.984960009,602215.272960009
58,fixed_manifest,50,1,host_fpga_pcie,FPGA_to_HOST,302592,602548.0204800091,602672.3084800092
58,fixed_manifest,50,2,gpu_host,HOST_to_GPU,302592,602672.3084800092,602706.7852800091
59,fixed_manifest,29,1,gpu_host,GPU_to_HOST,302592,603153.0412800092,603187.5180800093
59,fixed_manifest,29,2,host_fpga_pcie,HOST_to_FPGA,302592,603187.5180800093,603311.8060800093
59,fixed_manifest,30,1,host_fpga_pcie,FPGA_to_HOST,302592,603644.5536000093,603768.8416000095
59,fixed_manifest,30,2,gpu_host,HOST_to_GPU,302592,603768.8416000095,603803.3184000094
55,fixed_manifest,119,1,gpu_host,GPU_to_HOST,302592,604141.0246400095,604175.5014400096
55,fixed_manifest,119,2,host_fpga_pcie,HOST_to_FPGA,302592,604175.5014400096,604299.7894400096
55,fixed_manifest,120,1,host_fpga_pcie,FPGA_to_HOST,302592,604632.5369600096,604756.8249600097
55,fixed_manifest,120,2,gpu_host,HOST_to_GPU,302592,604756.8249600097,604791.3017600097
60,fixed_manifest,9,1,gpu_host,GPU_to_HOST,302592,605165.7024000098,605200.1792000099
60,fixed_manifest,9,2,host_fpga_pcie,HOST_to_FPGA,302592,605200.1792000099,605324.46720001
56,fixed_manifest,99,1,gpu_host,GPU_to_HOST,302592,605657.21472001,605691.69152001
60,fixed_manifest,10,1,host_fpga_pcie,FPGA_to_HOST,302592,605657.21472001,605846.31392001
56,fixed_manifest,99,2,host_fpga_pcie,HOST_to_FPGA,302592,605691.69152001,605880.79072001
60,fixed_manifest,10,2,gpu_host,HOST_to_GPU,302592,605846.31392001,605880.79072001
56,fixed_manifest,100,1,host_fpga_pcie,FPGA_to_HOST,302592,606213.53824001,606402.63744001
57,fixed_manifest,79,1,gpu_host,GPU_to_HOST,302592,606213.53824001,606248.01504001
57,fixed_manifest,79,2,host_fpga_pcie,HOST_to_FPGA,302592,606248.01504001,606437.11424001
56,fixed_manifest,100,2,gpu_host,HOST_to_GPU,302592,606402.63744001,606437.11424001
57,fixed_manifest,80,1,host_fpga_pcie,FPGA_to_HOST,302592,606769.86176001,606958.96096001
58,fixed_manifest,59,1,gpu_host,GPU_to_HOST,302592,606769.86176001,606804.3385600101
58,fixed_manifest,59,2,host_fpga_pcie,HOST_to_FPGA,302592,606804.3385600101,606993.43776001
57,fixed_manifest,80,2,gpu_host,HOST_to_GPU,302592,606958.96096001,606993.43776001
58,fixed_manifest,60,1,host_fpga_pcie,FPGA_to_HOST,302592,607326.18528001,607515.28448001
59,fixed_manifest,39,1,gpu_host,GPU_to_HOST,302592,607326.18528001,607360.66208001
59,fixed_manifest,39,2,host_fpga_pcie,HOST_to_FPGA,302592,607360.66208001,607549.76128001
58,fixed_manifest,60,2,gpu_host,HOST_to_GPU,302592,607515.28448001,607549.76128001
59,fixed_manifest,40,1,host_fpga_pcie,FPGA_to_HOST,302592,607882.5088000101,608006.7968000101
59,fixed_manifest,40,2,gpu_host,HOST_to_GPU,302592,608006.7968000101,608041.2736000102
60,fixed_manifest,19,1,gpu_host,GPU_to_HOST,302592,608396.760640011,608431.237440011
60,fixed_manifest,19,2,host_fpga_pcie,HOST_to_FPGA,302592,608431.237440011,608555.5254400112
60,fixed_manifest,20,1,host_fpga_pcie,FPGA_to_HOST,302592,608888.2729600111,609012.5609600112
60,fixed_manifest,20,2,gpu_host,HOST_to_GPU,302592,609012.5609600112,609047.0377600113
56,fixed_manifest,109,1,gpu_host,GPU_to_HOST,302592,609577.4649600114,609611.9417600115
56,fixed_manifest,109,2,host_fpga_pcie,HOST_to_FPGA,302592,609611.9417600115,609736.2297600115
56,fixed_manifest,110,1,host_fpga_pcie,FPGA_to_HOST,302592,610068.9772800115,610193.2652800116
56,fixed_manifest,110,2,gpu_host,HOST_to_GPU,302592,610193.2652800116,610227.7420800116
57,fixed_manifest,89,1,gpu_host,GPU_to_HOST,302592,610542.5814400116,610577.0582400117
57,fixed_manifest,89,2,host_fpga_pcie,HOST_to_FPGA,302592,610577.0582400117,610701.3462400117
57,fixed_manifest,90,1,host_fpga_pcie,FPGA_to_HOST,302592,611034.0937600117,611158.3817600118
57,fixed_manifest,90,2,gpu_host,HOST_to_GPU,302592,611158.3817600118,611192.8585600118
58,fixed_manifest,69,1,gpu_host,GPU_to_HOST,302592,611370.7558400119,611405.2326400119
58,fixed_manifest,69,2,host_fpga_pcie,HOST_to_FPGA,302592,611405.2326400119,611529.520640012
58,fixed_manifest,70,1,host_fpga_pcie,FPGA_to_HOST,302592,611862.268160012,611986.556160012
58,fixed_manifest,70,2,gpu_host,HOST_to_GPU,302592,611986.556160012,612021.0329600121
59,fixed_manifest,49,1,gpu_host,GPU_to_HOST,302592,612511.5481600122,612546.0249600122
59,fixed_manifest,49,2,host_fpga_pcie,HOST_to_FPGA,302592,612546.0249600122,612670.3129600122
59,fixed_manifest,50,1,host_fpga_pcie,FPGA_to_HOST,302592,613003.0604800123,613127.3484800124
59,fixed_manifest,50,2,gpu_host,HOST_to_GPU,302592,613127.3484800124,613161.8252800124
60,fixed_manifest,29,1,gpu_host,GPU_to_HOST,302592,613347.2873600124,613381.7641600125
60,fixed_manifest,29,2,host_fpga_pcie,HOST_to_FPGA,302592,613381.7641600125,613506.0521600125
60,fixed_manifest,30,1,host_fpga_pcie,FPGA_to_HOST,302592,613838.7996800125,613963.0876800126
60,fixed_manifest,30,2,gpu_host,HOST_to_GPU,302592,613963.0876800126,613997.5644800126
56,fixed_manifest,119,1,gpu_host,GPU_to_HOST,302592,614698.5830400129,614733.0598400129
56,fixed_manifest,119,2,host_fpga_pcie,HOST_to_FPGA,302592,614733.0598400129,614857.347840013
56,fixed_manifest,120,1,host_fpga_pcie,FPGA_to_HOST,302592,615190.095360013,615379.194560013
61,fixed_manifest,9,1,gpu_host,GPU_to_HOST,302592,615190.095360013,615224.572160013
61,fixed_manifest,9,2,host_fpga_pcie,HOST_to_FPGA,302592,615224.572160013,615413.671360013
56,fixed_manifest,120,2,gpu_host,HOST_to_GPU,302592,615379.194560013,615413.671360013
57,fixed_manifest,99,1,gpu_host,GPU_to_HOST,302592,615746.418880013,615780.895680013
61,fixed_manifest,10,1,host_fpga_pcie,FPGA_to_HOST,302592,615746.418880013,615935.518080013
57,fixed_manifest,99,2,host_fpga_pcie,HOST_to_FPGA,302592,615780.895680013,615969.994880013
61,fixed_manifest,10,2,gpu_host,HOST_to_GPU,302592,615935.518080013,615969.994880013
57,fixed_manifest,100,1,host_fpga_pcie,FPGA_to_HOST,302592,616302.742400013,616432.0873600127
58,fixed_manifest,79,1,gpu_host,GPU_to_HOST,302592,616362.4966400134,616396.9734400135
58,fixed_manifest,79,2,host_fpga_pcie,HOST_to_FPGA,302592,616396.9734400135,616526.318400013
57,fixed_manifest,100,2,gpu_host,HOST_to_GPU,302592,616432.0873600127,616466.5641600126
58,fixed_manifest,80,1,host_fpga_pcie,FPGA_to_HOST,302592,616859.065920013,617048.165120013
59,fixed_manifest,59,1,gpu_host,GPU_to_HOST,302592,616859.065920013,616893.5427200131
59,fixed_manifest,59,2,host_fpga_pcie,HOST_to_FPGA,302592,616893.5427200131,617082.641920013
58,fixed_manifest,80,2,gpu_host,HOST_to_GPU,302592,617048.165120013,617082.641920013
59,fixed_manifest,60,1,host_fpga_pcie,FPGA_to_HOST,302592,617415.3894400131,617604.488640013
60,fixed_manifest,39,1,gpu_host,GPU_to_HOST,302592,617415.3894400131,617449.866240013
60,fixed_manifest,39,2,host_fpga_pcie,HOST_to_FPGA,302592,617449.866240013,617638.9654400131
59,fixed_manifest,60,2,gpu_host,HOST_to_GPU,302592,617604.488640013,617638.9654400131
60,fixed_manifest,40,1,host_fpga_pcie,FPGA_to_HOST,302592,617971.7129600131,618096.0009600131
60,fixed_manifest,40,2,gpu_host,HOST_to_GPU,302592,618096.0009600131,618130.4777600132
61,fixed_manifest,19,1,gpu_host,GPU_to_HOST,302592,618587.2243200142,618621.7011200143
61,fixed_manifest,19,2,host_fpga_pcie,HOST_to_FPGA,302592,618621.7011200143,618745.9891200144
61,fixed_manifest,20,1,host_fpga_pcie,FPGA_to_HOST,302592,619078.7366400143,619203.0246400144
61,fixed_manifest,20,2,gpu_host,HOST_to_GPU,302592,619203.0246400144,619237.5014400145
57,fixed_manifest,109,1,gpu_host,GPU_to_HOST,302592,619767.9286400146,619802.4054400147
57,fixed_manifest,109,2,host_fpga_pcie,HOST_to_FPGA,302592,619802.4054400147,619926.6934400147
57,fixed_manifest,110,1,host_fpga_pcie,FPGA_to_HOST,302592,620259.4409600147,620383.7289600148
57,fixed_manifest,110,2,gpu_host,HOST_to_GPU,302592,620383.7289600148,620418.2057600148
58,fixed_manifest,89,1,gpu_host,GPU_to_HOST,302592,620733.0451200148,620767.5219200149
58,fixed_manifest,89,2,host_fpga_pcie,HOST_to_FPGA,302592,620767.5219200149,620891.8099200149
58,fixed_manifest,90,1,host_fpga_pcie,FPGA_to_HOST,302592,621224.5574400149,621348.845440015
58,fixed_manifest,90,2,gpu_host,HOST_to_GPU,302592,621348.845440015,621383.322240015
59,fixed_manifest,69,1,gpu_host,GPU_to_HOST,302592,621561.2195200151,621595.6963200151
59,fixed_manifest,69,2,host_fpga_pcie,HOST_to_FPGA,302592,621595.6963200151,621719.9843200152
59,fixed_manifest,70,1,host_fpga_pcie,FPGA_to_HOST,302592,622052.7318400152,622177.0198400153
59,fixed_manifest,70,2,gpu_host,HOST_to_GPU,302592,622177.0198400153,622211.4966400153
60,fixed_manifest,49,1,gpu_host,GPU_to_HOST,302592,622702.0118400154,622736.4886400154
60,fixed_manifest,49,2,host_fpga_pcie,HOST_to_FPGA,302592,622736.4886400154,622860.7766400155
60,fixed_manifest,50,1,host_fpga_pcie,FPGA_to_HOST,302592,623193.5241600155,623317.8121600156
60,fixed_manifest,50,2,gpu_host,HOST_to_GPU,302592,623317.8121600156,623352.2889600156
61,fixed_manifest,29,1,gpu_host,GPU_to_HOST,302592,623537.7510400156,623572.2278400157
61,fixed_manifest,29,2,host_fpga_pcie,HOST_to_FPGA,302592,623572.2278400157,623696.5158400157
61,fixed_manifest,30,1,host_fpga_pcie,FPGA_to_HOST,302592,624029.2633600157,624153.5513600159
61,fixed_manifest,30,2,gpu_host,HOST_to_GPU,302592,624153.5513600159,624188.0281600158
57,fixed_manifest,119,1,gpu_host,GPU_to_HOST,302592,624889.046720016,624923.5235200161
57,fixed_manifest,119,2,host_fpga_pcie,HOST_to_FPGA,302592,624923.5235200161,625047.8115200162
57,fixed_manifest,120,1,host_fpga_pcie,FPGA_to_HOST,302592,625380.5590400163,625569.6582400162
62,fixed_manifest,9,1,gpu_host,GPU_to_HOST,302592,625380.5590400163,625415.0358400162
62,fixed_manifest,9,2,host_fpga_pcie,HOST_to_FPGA,302592,625415.0358400162,625604.1350400163
57,fixed_manifest,120,2,gpu_host,HOST_to_GPU,302592,625569.6582400162,625604.1350400163
58,fixed_manifest,99,1,gpu_host,GPU_to_HOST,302592,625936.8825600162,625971.3593600163
62,fixed_manifest,10,1,host_fpga_pcie,FPGA_to_HOST,302592,625936.8825600162,626125.9817600162
58,fixed_manifest,99,2,host_fpga_pcie,HOST_to_FPGA,302592,625971.3593600163,626160.4585600162
62,fixed_manifest,10,2,gpu_host,HOST_to_GPU,302592,626125.9817600162,626160.4585600162
58,fixed_manifest,100,1,host_fpga_pcie,FPGA_to_HOST,302592,626493.2060800162,626622.5510400159
59,fixed_manifest,79,1,gpu_host,GPU_to_HOST,302592,626552.9603200166,626587.4371200167
59,fixed_manifest,79,2,host_fpga_pcie,HOST_to_FPGA,302592,626587.4371200167,626716.7820800162
58,fixed_manifest,100,2,gpu_host,HOST_to_GPU,302592,626622.5510400159,626657.0278400158
59,fixed_manifest,80,1,host_fpga_pcie,FPGA_to_HOST,302592,627049.5296000163,627238.6288000162
60,fixed_manifest,59,1,gpu_host,GPU_to_HOST,302592,627049.5296000163,627084.0064000163
60,fixed_manifest,59,2,host_fpga_pcie,HOST_to_FPGA,302592,627084.0064000163,627273.1056000163
59,fixed_manifest,80,2,gpu_host,HOST_to_GPU,302592,627238.6288000162,627273.1056000163
60,fixed_manifest,60,1,host_fpga_pcie,FPGA_to_HOST,302592,627605.8531200163,627794.9523200162
61,fixed_manifest,39,1,gpu_host,GPU_to_HOST,302592,627605.8531200163,627640.3299200162
61,fixed_manifest,39,2,host_fpga_pcie,HOST_to_FPGA,302592,627640.3299200162,627829.4291200163
60,fixed_manifest,60,2,gpu_host,HOST_to_GPU,302592,627794.9523200162,627829.4291200163
61,fixed_manifest,40,1,host_fpga_pcie,FPGA_to_HOST,302592,628162.1766400163,628286.4646400163
61,fixed_manifest,40,2,gpu_host,HOST_to_GPU,302592,628286.4646400163,628320.9414400164
62,fixed_manifest,19,1,gpu_host,GPU_to_HOST,302592,628777.6880000174,628812.1648000175
62,fixed_manifest,19,2,host_fpga_pcie,HOST_to_FPGA,302592,628812.1648000175,628936.4528000175
62,fixed_manifest,20,1,host_fpga_pcie,FPGA_to_HOST,302592,629269.2003200175,629393.4883200176
62,fixed_manifest,20,2,gpu_host,HOST_to_GPU,302592,629393.4883200176,629427.9651200176
58,fixed_manifest,109,1,gpu_host,GPU_to_HOST,302592,629958.3923200178,629992.8691200179
58,fixed_manifest,109,2,host_fpga_pcie,HOST_to_FPGA,302592,629992.8691200179,630117.1571200179
58,fixed_manifest,110,1,host_fpga_pcie,FPGA_to_HOST,302592,630449.9046400179,630574.1926400181
58,fixed_manifest,110,2,gpu_host,HOST_to_GPU,302592,630574.1926400181,630608.669440018
59,fixed_manifest,89,1,gpu_host,GPU_to_HOST,302592,630923.508800018,630957.9856000181
59,fixed_manifest,89,2,host_fpga_pcie,HOST_to_FPGA,302592,630957.9856000181,631082.2736000181
59,fixed_manifest,90,1,host_fpga_pcie,FPGA_to_HOST,302592,631415.0211200181,631539.3091200183
59,fixed_manifest,90,2,gpu_host,HOST_to_GPU,302592,631539.3091200183,631573.7859200182
60,fixed_manifest,69,1,gpu_host,GPU_to_HOST,302592,631751.6832000182,631786.1600000183
60,fixed_manifest,69,2,host_fpga_pcie,HOST_to_FPGA,302592,631786.1600000183,631910.4480000184
60,fixed_manifest,70,1,host_fpga_pcie,FPGA_to_HOST,302592,632243.1955200183,632367.4835200185
60,fixed_manifest,70,2,gpu_host,HOST_to_GPU,302592,632367.4835200185,632401.9603200185
61,fixed_manifest,49,1,gpu_host,GPU_to_HOST,302592,632892.4755200186,632926.9523200187
61,fixed_manifest,49,2,host_fpga_pcie,HOST_to_FPGA,302592,632926.9523200187,633051.2403200187
61,fixed_manifest,50,1,host_fpga_pcie,FPGA_to_HOST,302592,633383.9878400187,633508.2758400188
61,fixed_manifest,50,2,gpu_host,HOST_to_GPU,302592,633508.2758400188,633542.7526400188
62,fixed_manifest,29,1,gpu_host,GPU_to_HOST,302592,633728.2147200188,633762.6915200189
62,fixed_manifest,29,2,host_fpga_pcie,HOST_to_FPGA,302592,633762.6915200189,633886.9795200189
62,fixed_manifest,30,1,host_fpga_pcie,FPGA_to_HOST,302592,634219.7270400189,634344.0150400191
62,fixed_manifest,30,2,gpu_host,HOST_to_GPU,302592,634344.0150400191,634378.491840019
58,fixed_manifest,119,1,gpu_host,GPU_to_HOST,302592,635079.5104000194,635113.9872000193
58,fixed_manifest,119,2,host_fpga_pcie,HOST_to_FPGA,302592,635113.9872000193,635238.2752000194
58,fixed_manifest,120,1,host_fpga_pcie,FPGA_to_HOST,302592,635571.0227200194,635760.1219200194
63,fixed_manifest,9,1,gpu_host,GPU_to_HOST,302592,635571.0227200194,635605.4995200194
63,fixed_manifest,9,2,host_fpga_pcie,HOST_to_FPGA,302592,635605.4995200194,635794.5987200195
58,fixed_manifest,120,2,gpu_host,HOST_to_GPU,302592,635760.1219200194,635794.5987200195
59,fixed_manifest,99,1,gpu_host,GPU_to_HOST,302592,636127.3462400194,636161.8230400195
63,fixed_manifest,10,1,host_fpga_pcie,FPGA_to_HOST,302592,636127.3462400194,636316.4454400194
59,fixed_manifest,99,2,host_fpga_pcie,HOST_to_FPGA,302592,636161.8230400195,636350.9222400194
63,fixed_manifest,10,2,gpu_host,HOST_to_GPU,302592,636316.4454400194,636350.9222400194
59,fixed_manifest,100,1,host_fpga_pcie,FPGA_to_HOST,302592,636683.6697600194,636813.0147200191
60,fixed_manifest,79,1,gpu_host,GPU_to_HOST,302592,636743.4240000198,636777.9008000199
60,fixed_manifest,79,2,host_fpga_pcie,HOST_to_FPGA,302592,636777.9008000199,636907.2457600194
59,fixed_manifest,100,2,gpu_host,HOST_to_GPU,302592,636813.0147200191,636847.491520019
60,fixed_manifest,80,1,host_fpga_pcie,FPGA_to_HOST,302592,637239.9932800195,637429.0924800194
61,fixed_manifest,59,1,gpu_host,GPU_to_HOST,302592,637239.9932800195,637274.4700800194
61,fixed_manifest,59,2,host_fpga_pcie,HOST_to_FPGA,302592,637274.4700800194,637463.5692800195
60,fixed_manifest,80,2,gpu_host,HOST_to_GPU,302592,637429.0924800194,637463.5692800195
61,fixed_manifest,60,1,host_fpga_pcie,FPGA_to_HOST,302592,637796.3168000195,637985.4160000194
62,fixed_manifest,39,1,gpu_host,GPU_to_HOST,302592,637796.3168000195,637830.7936000195
62,fixed_manifest,39,2,host_fpga_pcie,HOST_to_FPGA,302592,637830.7936000195,638019.8928000195
61,fixed_manifest,60,2,gpu_host,HOST_to_GPU,302592,637985.4160000194,638019.8928000195
62,fixed_manifest,40,1,host_fpga_pcie,FPGA_to_HOST,302592,638352.6403200194,638476.9283200196
62,fixed_manifest,40,2,gpu_host,HOST_to_GPU,302592,638476.9283200196,638511.4051200196
63,fixed_manifest,19,1,gpu_host,GPU_to_HOST,302592,638968.1516800206,639002.6284800207
63,fixed_manifest,19,2,host_fpga_pcie,HOST_to_FPGA,302592,639002.6284800207,639126.9164800207
63,fixed_manifest,20,1,host_fpga_pcie,FPGA_to_HOST,302592,639459.6640000207,639583.9520000208
63,fixed_manifest,20,2,gpu_host,HOST_to_GPU,302592,639583.9520000208,639618.4288000208
59,fixed_manifest,109,1,gpu_host,GPU_to_HOST,302592,640148.856000021,640183.332800021
59,fixed_manifest,109,2,host_fpga_pcie,HOST_to_FPGA,302592,640183.332800021,640307.6208000211
59,fixed_manifest,110,1,host_fpga_pcie,FPGA_to_HOST,302592,640640.3683200211,640764.6563200213
59,fixed_manifest,110,2,gpu_host,HOST_to_GPU,302592,640764.6563200213,640799.1331200212
60,fixed_manifest,89,1,gpu_host,GPU_to_HOST,302592,640962.4656000212,640996.9424000212
60,fixed_manifest,89,2,host_fpga_pcie,HOST_to_FPGA,302592,640996.9424000212,641121.2304000213
60,fixed_manifest,90,1,host_fpga_pcie,FPGA_to_HOST,302592,641453.9779200214,641578.2659200215
60,fixed_manifest,90,2,gpu_host,HOST_to_GPU,302592,641578.2659200215,641612.7427200214
61,fixed_manifest,69,1,gpu_host,GPU_to_HOST,302592,641772.2928000215,641806.7696000214
61,fixed_manifest,69,2,host_fpga_pcie,HOST_to_FPGA,302592,641806.7696000214,641931.0576000216
61,fixed_manifest,70,1,host_fpga_pcie,FPGA_to_HOST,302592,642263.8051200216,642388.0931200216
61,fixed_manifest,70,2,gpu_host,HOST_to_GPU,302592,642388.0931200216,642422.5699200217
62,fixed_manifest,49,1,gpu_host,GPU_to_HOST,302592,642448.2230400217,642482.6998400217
62,fixed_manifest,49,2,host_fpga_pcie,HOST_to_FPGA,302592,642482.6998400217,642606.9878400218
62,fixed_manifest,50,1,host_fpga_pcie,FPGA_to_HOST,302592,642939.7353600218,643064.0233600219
62,fixed_manifest,50,2,gpu_host,HOST_to_GPU,302592,643064.0233600219,643098.5001600219
63,fixed_manifest,29,1,gpu_host,GPU_to_HOST,302592,643127.9356800219,643162.412480022
63,fixed_manifest,29,2,host_fpga_pcie,HOST_to_FPGA,302592,643162.412480022,643286.700480022
63,fixed_manifest,30,1,host_fpga_pcie,FPGA_to_HOST,302592,643619.448000022,643743.7360000222
63,fixed_manifest,30,2,gpu_host,HOST_to_GPU,302592,643743.7360000222,643778.2128000221
59,fixed_manifest,119,1,gpu_host,GPU_to_HOST,302592,644308.6400000222,644343.1168000223
59,fixed_manifest,119,2,host_fpga_pcie,HOST_to_FPGA,302592,644343.1168000223,644467.4048000224
59,fixed_manifest,120,1,host_fpga_pcie,FPGA_to_HOST,302592,644800.1523200225,644924.4403200225
59,fixed_manifest,120,2,gpu_host,HOST_to_GPU,302592,644924.4403200225,644958.9171200225
60,fixed_manifest,99,1,gpu_host,GPU_to_HOST,302592,645122.2496000226,645156.7264000225
60,fixed_manifest,99,2,host_fpga_pcie,HOST_to_FPGA,302592,645156.7264000225,645281.0144000226
60,fixed_manifest,100,1,host_fpga_pcie,FPGA_to_HOST,302592,645613.7619200227,645738.0499200227
60,fixed_manifest,100,2,gpu_host,HOST_to_GPU,302592,645738.0499200227,645772.5267200227
61,fixed_manifest,79,1,gpu_host,GPU_to_HOST,302592,645932.0768000227,645966.5536000228
61,fixed_manifest,79,2,host_fpga_pcie,HOST_to_FPGA,302592,645966.5536000228,646090.8416000229
61,fixed_manifest,80,1,host_fpga_pcie,FPGA_to_HOST,302592,646423.5891200228,646612.6883200228
62,fixed_manifest,59,1,gpu_host,GPU_to_HOST,302592,646423.5891200228,646458.0659200229
62,fixed_manifest,59,2,host_fpga_pcie,HOST_to_FPGA,302592,646458.0659200229,646647.1651200228
61,fixed_manifest,80,2,gpu_host,HOST_to_GPU,302592,646612.6883200228,646647.1651200228
62,fixed_manifest,60,1,host_fpga_pcie,FPGA_to_HOST,302592,646979.9126400228,647169.0118400229
63,fixed_manifest,39,1,gpu_host,GPU_to_HOST,302592,646979.9126400228,647014.3894400229
63,fixed_manifest,39,2,host_fpga_pcie,HOST_to_FPGA,302592,647014.3894400229,647203.4886400228
62,fixed_manifest,60,2,gpu_host,HOST_to_GPU,302592,647169.0118400229,647203.4886400228
63,fixed_manifest,40,1,host_fpga_pcie,FPGA_to_HOST,302592,647536.2361600229,647660.524160023
63,fixed_manifest,40,2,gpu_host,HOST_to_GPU,302592,647660.524160023,647695.000960023
60,fixed_manifest,109,1,gpu_host,GPU_to_HOST,302592,647691.9424000235,647726.4192000235
60,fixed_manifest,109,2,host_fpga_pcie,HOST_to_FPGA,302592,647726.4192000235,647850.7072000236
60,fixed_manifest,110,1,host_fpga_pcie,FPGA_to_HOST,302592,648183.4547200236,648307.7427200237
60,fixed_manifest,110,2,gpu_host,HOST_to_GPU,302592,648307.7427200237,648342.2195200237
61,fixed_manifest,89,1,gpu_host,GPU_to_HOST,302592,648564.3760000238,648598.8528000239
61,fixed_manifest,89,2,host_fpga_pcie,HOST_to_FPGA,302592,648598.8528000239,648723.1408000239
61,fixed_manifest,90,1,host_fpga_pcie,FPGA_to_HOST,302592,649055.8883200239,649180.176320024
61,fixed_manifest,90,2,gpu_host,HOST_to_GPU,302592,649180.176320024,649214.653120024
62,fixed_manifest,69,1,gpu_host,GPU_to_HOST,302592,649991.3094400242,650025.7862400241
62,fixed_manifest,69,2,host_fpga_pcie,HOST_to_FPGA,302592,650025.7862400241,650150.0742400242
62,fixed_manifest,70,1,host_fpga_pcie,FPGA_to_HOST,302592,650482.8217600243,650607.1097600244
62,fixed_manifest,70,2,gpu_host,HOST_to_GPU,302592,650607.1097600244,650641.5865600243
63,fixed_manifest,49,1,gpu_host,GPU_to_HOST,302592,650804.9190400244,650839.3958400243
63,fixed_manifest,49,2,host_fpga_pcie,HOST_to_FPGA,302592,650839.3958400243,650963.6838400244
60,fixed_manifest,119,1,gpu_host,GPU_to_HOST,302592,651296.4313600245,651330.9081600244
63,fixed_manifest,50,1,host_fpga_pcie,FPGA_to_HOST,302592,651296.4313600245,651485.5305600244
60,fixed_manifest,119,2,host_fpga_pcie,HOST_to_FPGA,302592,651330.9081600244,651520.0073600245
63,fixed_manifest,50,2,gpu_host,HOST_to_GPU,302592,651485.5305600244,651520.0073600245
60,fixed_manifest,120,1,host_fpga_pcie,FPGA_to_HOST,302592,651852.7548800245,652041.8540800244
61,fixed_manifest,99,1,gpu_host,GPU_to_HOST,302592,651852.7548800245,651887.2316800245
61,fixed_manifest,99,2,host_fpga_pcie,HOST_to_FPGA,302592,651887.2316800245,652076.3308800245
60,fixed_manifest,120,2,gpu_host,HOST_to_GPU,302592,652041.8540800244,652076.3308800245
61,fixed_manifest,100,1,host_fpga_pcie,FPGA_to_HOST,302592,652409.0784000244,652533.3664000246
61,fixed_manifest,100,2,gpu_host,HOST_to_GPU,302592,652533.3664000246,652567.8432000246
62,fixed_manifest,79,1,gpu_host,GPU_to_HOST,302592,652683.683200025,652718.1600000251
62,fixed_manifest,79,2,host_fpga_pcie,HOST_to_FPGA,302592,652718.1600000251,652842.4480000251
62,fixed_manifest,80,1,host_fpga_pcie,FPGA_to_HOST,302592,653175.1955200251,653299.4835200252
62,fixed_manifest,80,2,gpu_host,HOST_to_GPU,302592,653299.4835200252,653333.9603200252
63,fixed_manifest,59,1,gpu_host,GPU_to_HOST,302592,653396.7414400254,653431.2182400253
63,fixed_manifest,59,2,host_fpga_pcie,HOST_to_FPGA,302592,653431.2182400253,653555.5062400254
63,fixed_manifest,60,1,host_fpga_pcie,FPGA_to_HOST,302592,653888.2537600255,654012.5417600255
63,fixed_manifest,60,2,gpu_host,HOST_to_GPU,302592,654012.5417600255,654047.0185600256
61,fixed_manifest,109,1,gpu_host,GPU_to_HOST,302592,654403.0720000257,654437.5488000257
61,fixed_manifest,109,2,host_fpga_pcie,HOST_to_FPGA,302592,654437.5488000257,654561.8368000258
61,fixed_manifest,110,1,host_fpga_pcie,FPGA_to_HOST,302592,654894.5843200258,655018.8723200259
61,fixed_manifest,110,2,gpu_host,HOST_to_GPU,302592,655018.8723200259,655053.3491200259
62,fixed_manifest,89,1,gpu_host,GPU_to_HOST,302592,655216.6816000259,655251.1584000259
62,fixed_manifest,89,2,host_fpga_pcie,HOST_to_FPGA,302592,655251.1584000259,655375.446400026
62,fixed_manifest,90,1,host_fpga_pcie,FPGA_to_HOST,302592,655708.193920026,655832.4819200261
62,fixed_manifest,90,2,gpu_host,HOST_to_GPU,302592,655832.4819200261,655866.9587200261
63,fixed_manifest,69,1,gpu_host,GPU_to_HOST,302592,655892.6118400261,655927.0886400262
63,fixed_manifest,69,2,host_fpga_pcie,HOST_to_FPGA,302592,655927.0886400262,656051.3766400262
63,fixed_manifest,70,1,host_fpga_pcie,FPGA_to_HOST,302592,656384.1241600262,656508.4121600263
63,fixed_manifest,70,2,gpu_host,HOST_to_GPU,302592,656508.4121600263,656542.8889600263
61,fixed_manifest,119,1,gpu_host,GPU_to_HOST,302592,656898.9424000265,656933.4192000264
61,fixed_manifest,119,2,host_fpga_pcie,HOST_to_FPGA,302592,656933.4192000264,657057.7072000265
61,fixed_manifest,120,1,host_fpga_pcie,FPGA_to_HOST,302592,657390.4547200266,657514.7427200266
61,fixed_manifest,120,2,gpu_host,HOST_to_GPU,302592,657514.7427200266,657549.2195200267
62,fixed_manifest,99,1,gpu_host,GPU_to_HOST,302592,657712.5520000267,657747.0288000266
62,fixed_manifest,99,2,host_fpga_pcie,HOST_to_FPGA,302592,657747.0288000266,657871.3168000268
62,fixed_manifest,100,1,host_fpga_pcie,FPGA_to_HOST,302592,658204.0643200268,658393.1635200267
63,fixed_manifest,79,1,gpu_host,GPU_to_HOST,302592,658204.0643200268,658238.5411200267
63,fixed_manifest,79,2,host_fpga_pcie,HOST_to_FPGA,302592,658238.5411200267,658427.6403200268
62,fixed_manifest,100,2,gpu_host,HOST_to_GPU,302592,658393.1635200267,658427.6403200268
63,fixed_manifest,80,1,host_fpga_pcie,FPGA_to_HOST,302592,658760.3878400268,658884.6758400268
63,fixed_manifest,80,2,gpu_host,HOST_to_GPU,302592,658884.6758400268,658919.1526400269
62,fixed_manifest,109,1,gpu_host,GPU_to_HOST,302592,659742.8064000271,659777.2832000272
62,fixed_manifest,109,2,host_fpga_pcie,HOST_to_FPGA,302592,659777.2832000272,659901.5712000272
62,fixed_manifest,110,1,host_fpga_pcie,FPGA_to_HOST,302592,660234.3187200272,660423.4179200273
63,fixed_manifest,89,1,gpu_host,GPU_to_HOST,302592,660234.3187200272,660268.7955200273
63,fixed_manifest,89,2,host_fpga_pcie,HOST_to_FPGA,302592,660268.7955200273,660457.8947200272
62,fixed_manifest,110,2,gpu_host,HOST_to_GPU,302592,660423.4179200273,660457.8947200272
63,fixed_manifest,90,1,host_fpga_pcie,FPGA_to_HOST,302592,660790.6422400273,660914.9302400274
63,fixed_manifest,90,2,gpu_host,HOST_to_GPU,302592,660914.9302400274,660949.4070400273
62,fixed_manifest,119,1,gpu_host,GPU_to_HOST,302592,661773.0608000276,661807.5376000276
62,fixed_manifest,119,2,host_fpga_pcie,HOST_to_FPGA,302592,661807.5376000276,661931.8256000277
62,fixed_manifest,120,1,host_fpga_pcie,FPGA_to_HOST,302592,662264.5731200278,662453.6723200277
63,fixed_manifest,99,1,gpu_host,GPU_to_HOST,302592,662264.5731200278,662299.0499200277
63,fixed_manifest,99,2,host_fpga_pcie,HOST_to_FPGA,302592,662299.0499200277,662488.1491200278
62,fixed_manifest,120,2,gpu_host,HOST_to_GPU,302592,662453.6723200277,662488.1491200278
63,fixed_manifest,100,1,host_fpga_pcie,FPGA_to_HOST,302592,662820.8966400278,662945.1846400278
63,fixed_manifest,100,2,gpu_host,HOST_to_GPU,302592,662945.1846400278,662979.6614400279
63,fixed_manifest,109,1,gpu_host,GPU_to_HOST,302592,663811.6182400282,663846.0950400281
63,fixed_manifest,109,2,host_fpga_pcie,HOST_to_FPGA,302592,663846.0950400281,663970.3830400282
63,fixed_manifest,110,1,host_fpga_pcie,FPGA_to_HOST,302592,664303.1305600283,664427.4185600283
63,fixed_manifest,110,2,gpu_host,HOST_to_GPU,302592,664427.4185600283,664461.8953600283
63,fixed_manifest,119,1,gpu_host,GPU_to_HOST,302592,665293.8521600285,665328.3289600286
63,fixed_manifest,119,2,host_fpga_pcie,HOST_to_FPGA,302592,665328.3289600286,665452.6169600287
63,fixed_manifest,120,1,host_fpga_pcie,FPGA_to_HOST,302592,665785.3644800286,665909.6524800288
63,fixed_manifest,120,2,gpu_host,HOST_to_GPU,302592,665909.6524800288,665944.1292800287
